"msa","day","rep","lag","eta","total_flow","rho","error"
"New York",2020-02-10,1,52,0.05,2392566,0.408497901185413,74.7066847709022
"New York",2020-02-10,2,52,0.05,2392566,0.408152657207195,74.8711880101429
"New York",2020-02-10,3,52,0.05,2392566,0.408429347070207,74.7420939545226
"New York",2020-02-10,4,52,0.05,2392566,0.408371718395235,74.8048706527289
"New York",2020-02-10,5,52,0.05,2392566,0.408472788342208,74.7147039974254
"New York",2020-02-10,6,52,0.05,2392566,0.408473945356112,74.7153622528628
"New York",2020-02-10,7,52,0.05,2392566,0.408353616799642,74.7801401314314
"New York",2020-02-10,8,52,0.05,2392566,0.408530881720024,74.667139778651
"New York",2020-02-10,9,52,0.05,2392566,0.408215135921297,74.8275667976051
"New York",2020-02-10,10,52,0.05,2392566,0.408408597627997,74.7312028772903
"New York",2020-02-10,11,52,0.05,2392566,0.408436266352406,74.7978787563555
"New York",2020-02-10,12,52,0.05,2392566,0.408205784496456,74.8945237689854
"New York",2020-02-10,13,52,0.05,2392566,0.408586140355685,74.6005690217523
"New York",2020-02-10,14,52,0.05,2392566,0.408207854318205,74.8854554362961
"New York",2020-02-10,15,52,0.05,2392566,0.408442921732519,74.725260071312
"New York",2020-02-10,16,52,0.05,2392566,0.408600010124942,74.5915981278747
"New York",2020-02-10,17,52,0.05,2392566,0.408207215262218,74.9023353281136
"New York",2020-02-10,18,52,0.05,2392566,0.408304347209018,74.8027202318494
"New York",2020-02-10,19,52,0.05,2392566,0.408447672528652,74.7693333332071
"New York",2020-02-10,20,52,0.05,2392566,0.408194283757147,74.9077679497976
"New York",2020-02-10,21,52,0.05,2392566,0.408556097893066,74.6549793510295
"New York",2020-02-10,22,52,0.05,2392566,0.408340985088979,74.816857904122
"New York",2020-02-10,23,52,0.05,2392566,0.408158321542124,74.9039431799937
"New York",2020-02-10,24,52,0.05,2392566,0.408488564527905,74.70710443895
"New York",2020-02-10,25,52,0.05,2392566,0.408489399714548,74.7022761643838
"New York",2020-02-10,26,52,0.05,2392566,0.408328688126086,74.7990719891363
"New York",2020-02-10,27,52,0.05,2392566,0.408537497319179,74.6498485058845
"New York",2020-02-10,28,52,0.05,2392566,0.408478026927652,74.6754735233388
"New York",2020-02-10,29,52,0.05,2392566,0.408556927478789,74.6622049668742
"New York",2020-02-10,30,52,0.05,2392566,0.408179780519972,74.877865872504
"New York",2020-02-10,31,52,0.05,2392566,0.408702456333694,74.5715145559972
"New York",2020-02-10,32,52,0.05,2392566,0.408199830322974,74.8379789850695
"New York",2020-02-10,33,52,0.05,2392566,0.408199131117563,74.8426167768762
"New York",2020-02-10,34,52,0.05,2392566,0.408103586157417,74.9664960793254
"New York",2020-02-10,35,52,0.05,2392566,0.408289102598985,74.8484597689118
"New York",2020-02-10,36,52,0.05,2392566,0.408214708093187,74.8513192882676
"New York",2020-02-10,37,52,0.05,2392566,0.4084967908357,74.7087940821544
"New York",2020-02-10,38,52,0.05,2392566,0.408366985214349,74.7869247971911
"New York",2020-02-10,39,52,0.05,2392566,0.408284865668169,74.8667606302459
"New York",2020-02-10,40,52,0.05,2392566,0.408348656553925,74.7871481401476
"New York",2020-02-10,41,52,0.05,2392566,0.408641799684984,74.6281413764207
"New York",2020-02-10,42,52,0.05,2392566,0.408105816581711,74.9818263721667
"New York",2020-02-10,43,52,0.05,2392566,0.408311654345825,74.8375597958803
"New York",2020-02-10,44,52,0.05,2392566,0.40835036429841,74.7939509949262
"New York",2020-02-10,45,52,0.05,2392566,0.408622990597361,74.6463803027999
"New York",2020-02-10,46,52,0.05,2392566,0.40822205234863,74.869604364641
"New York",2020-02-10,47,52,0.05,2392566,0.408483236073832,74.7032740870166
"New York",2020-02-10,48,52,0.05,2392566,0.408732539358143,74.5167103977742
"New York",2020-02-10,49,52,0.05,2392566,0.408404183492882,74.7350217630348
"New York",2020-02-10,50,52,0.05,2392566,0.408567712251175,74.56012858196
"New York",2020-02-10,51,52,0.05,2392566,0.408544918594082,74.6619977208282
"New York",2020-02-10,52,52,0.05,2392566,0.408342207343277,74.7734301440308
"New York",2020-02-10,53,52,0.05,2392566,0.408390618493475,74.7506631252794
"New York",2020-02-10,54,52,0.05,2392566,0.408471212428108,74.6940702580834
"New York",2020-02-10,55,52,0.05,2392566,0.408582398756845,74.6324171545067
"New York",2020-02-10,56,52,0.05,2392566,0.408557694879997,74.6709173108562
"New York",2020-02-10,57,52,0.05,2392566,0.40831669225947,74.7651138815241
"New York",2020-02-10,58,52,0.05,2392566,0.408426846127928,74.758273113979
"New York",2020-02-10,59,52,0.05,2392566,0.408401250978694,74.6932830306589
"New York",2020-02-10,60,52,0.05,2392566,0.408360443697457,74.7853772732566
"New York",2020-02-10,61,52,0.05,2392566,0.408315725956301,74.8247135093564
"New York",2020-02-10,62,52,0.05,2392566,0.408706647315291,74.6066338925337
"New York",2020-02-10,63,52,0.05,2392566,0.408380719912481,74.7613904823491
"New York",2020-02-10,64,52,0.05,2392566,0.408168393093688,74.8777481022443
"New York",2020-02-10,65,52,0.05,2392566,0.408315606473384,74.7765504721325
"New York",2020-02-10,66,52,0.05,2392566,0.40863204808993,74.5813385608892
"New York",2020-02-10,67,52,0.05,2392566,0.408729059671306,74.5409391686581
"New York",2020-02-10,68,52,0.05,2392566,0.408373521111548,74.7976156178798
"New York",2020-02-10,69,52,0.05,2392566,0.40821093445098,74.879680828747
"New York",2020-02-10,70,52,0.05,2392566,0.408100446409766,74.9329545204804
"New York",2020-02-10,71,52,0.05,2392566,0.408366094544712,74.7805120166786
"New York",2020-02-10,72,52,0.05,2392566,0.408500597962952,74.7141120730046
"New York",2020-02-10,73,52,0.05,2392566,0.408451515143446,74.7605354315272
"New York",2020-02-10,74,52,0.05,2392566,0.408351323269458,74.7435460815499
"New York",2020-02-10,75,52,0.05,2392566,0.408394377593582,74.7704098362521
"New York",2020-02-10,76,52,0.05,2392566,0.408261842520542,74.8455721727886
"New York",2020-02-10,77,52,0.05,2392566,0.408488089978302,74.7182989257076
"New York",2020-02-10,78,52,0.05,2392566,0.408483692490412,74.7065264867443
"New York",2020-02-10,79,52,0.05,2392566,0.40842784535076,74.7513931583918
"New York",2020-02-10,80,52,0.05,2392566,0.408204298288763,74.8475077436163
"New York",2020-02-10,81,52,0.05,2392566,0.40857526861921,74.5818155575926
"New York",2020-02-10,82,52,0.05,2392566,0.408479487968303,74.7012992455995
"New York",2020-02-10,83,52,0.05,2392566,0.408298364166727,74.8130392069452
"New York",2020-02-10,84,52,0.05,2392566,0.408545704007957,74.6704239153591
"New York",2020-02-10,85,52,0.05,2392566,0.408454143063187,74.7213484306199
"New York",2020-02-10,86,52,0.05,2392566,0.408145671144646,74.9570966794004
"New York",2020-02-10,87,52,0.05,2392566,0.408727953558829,74.5280475277361
"New York",2020-02-10,88,52,0.05,2392566,0.408814036831262,74.4770555171454
"New York",2020-02-10,89,52,0.05,2392566,0.408664299799543,74.6034441502726
"New York",2020-02-10,90,52,0.05,2392566,0.408735498882851,74.514646116746
"New York",2020-02-10,91,52,0.05,2392566,0.408422794930943,74.711217636899
"New York",2020-02-10,92,52,0.05,2392566,0.408309550054434,74.8256907106887
"New York",2020-02-10,93,52,0.05,2392566,0.408601854359683,74.663384754396
"New York",2020-02-10,94,52,0.05,2392566,0.408380181244595,74.8056321129125
"New York",2020-02-10,95,52,0.05,2392566,0.408685250366518,74.5808327324531
"New York",2020-02-10,96,52,0.05,2392566,0.408578515052942,74.6633454114978
"New York",2020-02-10,97,52,0.05,2392566,0.408390494755555,74.7309562458726
"New York",2020-02-10,98,52,0.05,2392566,0.408679568648268,74.5978958479675
"New York",2020-02-10,99,52,0.05,2392566,0.408646207958739,74.5740336328556
"New York",2020-02-10,100,52,0.05,2392566,0.408592644395121,74.611814465878
"New York",2020-02-11,1,52,0.05,2349620,0.408030133332955,74.2360815946448
"New York",2020-02-11,2,52,0.05,2349620,0.408123018841567,74.1305381912322
"New York",2020-02-11,3,52,0.05,2349620,0.408241787113075,74.003307936778
"New York",2020-02-11,4,52,0.05,2349620,0.408048184117565,74.1754075447141
"New York",2020-02-11,5,52,0.05,2349620,0.407984607988394,74.1900102689858
"New York",2020-02-11,6,52,0.05,2349620,0.408283647377422,73.9760060432488
"New York",2020-02-11,7,52,0.05,2349620,0.408258498515207,74.0746024267872
"New York",2020-02-11,8,52,0.05,2349620,0.408084420817998,74.1301358908741
"New York",2020-02-11,9,52,0.05,2349620,0.408036047243872,74.1925325168311
"New York",2020-02-11,10,52,0.05,2349620,0.408039148810589,74.1771663513202
"New York",2020-02-11,11,52,0.05,2349620,0.408213508614565,74.0606803775195
"New York",2020-02-11,12,52,0.05,2349620,0.40804506156793,74.1993680626095
"New York",2020-02-11,13,52,0.05,2349620,0.408138595325769,74.097113138959
"New York",2020-02-11,14,52,0.05,2349620,0.408128560628108,74.1176726381856
"New York",2020-02-11,15,52,0.05,2349620,0.407945662243455,74.2218512740958
"New York",2020-02-11,16,52,0.05,2349620,0.408168259530329,74.0911630937961
"New York",2020-02-11,17,52,0.05,2349620,0.408220936451717,74.0505970342601
"New York",2020-02-11,18,52,0.05,2349620,0.408038279282314,74.1283963580515
"New York",2020-02-11,19,52,0.05,2349620,0.408256024612959,74.0383346333544
"New York",2020-02-11,20,52,0.05,2349620,0.408251730639822,74.0397508994528
"New York",2020-02-11,21,52,0.05,2349620,0.408127281352963,74.1115585547435
"New York",2020-02-11,22,52,0.05,2349620,0.408305119755161,73.9590730219433
"New York",2020-02-11,23,52,0.05,2349620,0.408147271237527,74.07007775773
"New York",2020-02-11,24,52,0.05,2349620,0.408129508014443,74.1538891699837
"New York",2020-02-11,25,52,0.05,2349620,0.408083141278067,74.1576571761793
"New York",2020-02-11,26,52,0.05,2349620,0.408162142821536,74.0575278027923
"New York",2020-02-11,27,52,0.05,2349620,0.408140998293782,74.1095194532176
"New York",2020-02-11,28,52,0.05,2349620,0.408250025680212,74.0545403276661
"New York",2020-02-11,29,52,0.05,2349620,0.408180192186653,74.1286911772498
"New York",2020-02-11,30,52,0.05,2349620,0.408122316066656,74.1281125279675
"New York",2020-02-11,31,52,0.05,2349620,0.408207670536774,74.0884588987175
"New York",2020-02-11,32,52,0.05,2349620,0.408164983595595,74.150228923648
"New York",2020-02-11,33,52,0.05,2349620,0.408096202936052,74.1618078856821
"New York",2020-02-11,34,52,0.05,2349620,0.408158156905562,74.0966641595867
"New York",2020-02-11,35,52,0.05,2349620,0.408243457386135,74.0734420036643
"New York",2020-02-11,36,52,0.05,2349620,0.407993238484611,74.1917208703076
"New York",2020-02-11,37,52,0.05,2349620,0.408009852928315,74.1885609069112
"New York",2020-02-11,38,52,0.05,2349620,0.408239289619487,74.0036882455223
"New York",2020-02-11,39,52,0.05,2349620,0.408100368378567,74.1084703742092
"New York",2020-02-11,40,52,0.05,2349620,0.408321601864488,73.8900701428209
"New York",2020-02-11,41,52,0.05,2349620,0.408280960890902,74.0053098223883
"New York",2020-02-11,42,52,0.05,2349620,0.408289335973867,73.9945643432685
"New York",2020-02-11,43,52,0.05,2349620,0.408187720721982,74.0705865441731
"New York",2020-02-11,44,52,0.05,2349620,0.408158952780836,74.0831877639835
"New York",2020-02-11,45,52,0.05,2349620,0.408289269534712,74.0081941651937
"New York",2020-02-11,46,52,0.05,2349620,0.408161626887759,74.1155499045131
"New York",2020-02-11,47,52,0.05,2349620,0.40830035301037,73.9710012066876
"New York",2020-02-11,48,52,0.05,2349620,0.408148559058815,74.1067252770584
"New York",2020-02-11,49,52,0.05,2349620,0.408115497427039,74.0664863342362
"New York",2020-02-11,50,52,0.05,2349620,0.408218851553957,74.0887108900579
"New York",2020-02-11,51,52,0.05,2349620,0.40829743092248,74.0348108965744
"New York",2020-02-11,52,52,0.05,2349620,0.408425922743716,73.9735510709401
"New York",2020-02-11,53,52,0.05,2349620,0.408234248038607,74.0277134561057
"New York",2020-02-11,54,52,0.05,2349620,0.408234513696175,74.0465843293506
"New York",2020-02-11,55,52,0.05,2349620,0.408061135291955,74.1103868849196
"New York",2020-02-11,56,52,0.05,2349620,0.408063783312538,74.1153033331839
"New York",2020-02-11,57,52,0.05,2349620,0.408198376018483,74.0508826687691
"New York",2020-02-11,58,52,0.05,2349620,0.408112508414071,74.1545940132187
"New York",2020-02-11,59,52,0.05,2349620,0.408155781815428,74.1080960831589
"New York",2020-02-11,60,52,0.05,2349620,0.408075861351295,74.1532545349359
"New York",2020-02-11,61,52,0.05,2349620,0.408153099180062,74.0979987573526
"New York",2020-02-11,62,52,0.05,2349620,0.408253479556754,74.0578730993504
"New York",2020-02-11,63,52,0.05,2349620,0.408164272338016,74.1369007115195
"New York",2020-02-11,64,52,0.05,2349620,0.408154994544412,74.0767792245862
"New York",2020-02-11,65,52,0.05,2349620,0.408201931538716,74.0777926570662
"New York",2020-02-11,66,52,0.05,2349620,0.408174146563688,74.1061445741866
"New York",2020-02-11,67,52,0.05,2349620,0.408144806460934,74.1133011961927
"New York",2020-02-11,68,52,0.05,2349620,0.408104538921002,74.1378270127826
"New York",2020-02-11,69,52,0.05,2349620,0.408254183303809,74.0500867366078
"New York",2020-02-11,70,52,0.05,2349620,0.408096280148398,74.1038652681643
"New York",2020-02-11,71,52,0.05,2349620,0.408405504236972,73.895728954639
"New York",2020-02-11,72,52,0.05,2349620,0.408229042887099,74.0447363796005
"New York",2020-02-11,73,52,0.05,2349620,0.407920991694398,74.2151235783983
"New York",2020-02-11,74,52,0.05,2349620,0.408127495924644,74.119626371381
"New York",2020-02-11,75,52,0.05,2349620,0.408232109733338,74.0593755982358
"New York",2020-02-11,76,52,0.05,2349620,0.408210408337737,74.1211521087088
"New York",2020-02-11,77,52,0.05,2349620,0.408277822075191,73.9805168219651
"New York",2020-02-11,78,52,0.05,2349620,0.408360415165021,73.9548515533702
"New York",2020-02-11,79,52,0.05,2349620,0.408437456020311,73.9411820060116
"New York",2020-02-11,80,52,0.05,2349620,0.408408019020955,73.9096521305872
"New York",2020-02-11,81,52,0.05,2349620,0.408255199616135,74.0040830162575
"New York",2020-02-11,82,52,0.05,2349620,0.408148205634232,74.1274871047537
"New York",2020-02-11,83,52,0.05,2349620,0.408006040980065,74.2016535815317
"New York",2020-02-11,84,52,0.05,2349620,0.407896503395206,74.2895613126073
"New York",2020-02-11,85,52,0.05,2349620,0.408247637123285,74.0443704945207
"New York",2020-02-11,86,52,0.05,2349620,0.408254355484225,74.0540967653968
"New York",2020-02-11,87,52,0.05,2349620,0.408219757849875,74.0275065513853
"New York",2020-02-11,88,52,0.05,2349620,0.40822586994134,74.0615068204254
"New York",2020-02-11,89,52,0.05,2349620,0.408334837472575,73.9591965630979
"New York",2020-02-11,90,52,0.05,2349620,0.40824845516986,74.0279925745234
"New York",2020-02-11,91,52,0.05,2349620,0.408243250131153,74.0050380305693
"New York",2020-02-11,92,52,0.05,2349620,0.408328858718946,73.9925819793274
"New York",2020-02-11,93,52,0.05,2349620,0.408139923968693,74.1200669270179
"New York",2020-02-11,94,52,0.05,2349620,0.40823441900461,74.0556217179439
"New York",2020-02-11,95,52,0.05,2349620,0.408244621932078,74.0618984801283
"New York",2020-02-11,96,52,0.05,2349620,0.408330649616971,73.9992442259425
"New York",2020-02-11,97,52,0.05,2349620,0.408291495550882,74.0037668440549
"New York",2020-02-11,98,52,0.05,2349620,0.408324998897261,73.9976639572133
"New York",2020-02-11,99,52,0.05,2349620,0.408167849463853,74.0705532322378
"New York",2020-02-11,100,52,0.05,2349620,0.408284836331295,74.0180345192244
"New York",2020-02-12,1,52,0.05,2412814,0.409489395181682,75.4481436062928
"New York",2020-02-12,2,52,0.05,2412814,0.409307660447978,75.597226639653
"New York",2020-02-12,3,52,0.05,2412814,0.409334565922316,75.5479827622513
"New York",2020-02-12,4,52,0.05,2412814,0.409397078068752,75.5118038030874
"New York",2020-02-12,5,52,0.05,2412814,0.409367719957206,75.5311487155151
"New York",2020-02-12,6,52,0.05,2412814,0.409360460320142,75.5286005622907
"New York",2020-02-12,7,52,0.05,2412814,0.409471134032682,75.4411888149216
"New York",2020-02-12,8,52,0.05,2412814,0.409422855219001,75.463825265809
"New York",2020-02-12,9,52,0.05,2412814,0.40945840421806,75.480952314768
"New York",2020-02-12,10,52,0.05,2412814,0.409393433873554,75.4901661930362
"New York",2020-02-12,11,52,0.05,2412814,0.409511555295025,75.441143284961
"New York",2020-02-12,12,52,0.05,2412814,0.409407463721832,75.4648739719056
"New York",2020-02-12,13,52,0.05,2412814,0.409380670960052,75.4927866628716
"New York",2020-02-12,14,52,0.05,2412814,0.409331771189358,75.5811393012145
"New York",2020-02-12,15,52,0.05,2412814,0.409290824305522,75.6000238667034
"New York",2020-02-12,16,52,0.05,2412814,0.409398905809052,75.4869268031418
"New York",2020-02-12,17,52,0.05,2412814,0.409423360113664,75.5069325728834
"New York",2020-02-12,18,52,0.05,2412814,0.40944632540198,75.4858784846159
"New York",2020-02-12,19,52,0.05,2412814,0.409355766436951,75.5835708007629
"New York",2020-02-12,20,52,0.05,2412814,0.409341878427872,75.542148175604
"New York",2020-02-12,21,52,0.05,2412814,0.409534425895424,75.4489127910875
"New York",2020-02-12,22,52,0.05,2412814,0.409364836643394,75.5922869758761
"New York",2020-02-12,23,52,0.05,2412814,0.409330907564275,75.5801509270788
"New York",2020-02-12,24,52,0.05,2412814,0.409364632000178,75.538794162527
"New York",2020-02-12,25,52,0.05,2412814,0.409461406969477,75.4934287894806
"New York",2020-02-12,26,52,0.05,2412814,0.409324387094237,75.5626189207544
"New York",2020-02-12,27,52,0.05,2412814,0.409413640098585,75.5019098360259
"New York",2020-02-12,28,52,0.05,2412814,0.409525040056295,75.3950387575166
"New York",2020-02-12,29,52,0.05,2412814,0.409390710499881,75.5010828461125
"New York",2020-02-12,30,52,0.05,2412814,0.409571681762283,75.305783029741
"New York",2020-02-12,31,52,0.05,2412814,0.409505991368657,75.4454768341122
"New York",2020-02-12,32,52,0.05,2412814,0.40940642511277,75.4918079339036
"New York",2020-02-12,33,52,0.05,2412814,0.409389787910475,75.4971928868792
"New York",2020-02-12,34,52,0.05,2412814,0.409426467705253,75.4879078928069
"New York",2020-02-12,35,52,0.05,2412814,0.409519785530356,75.4155876124842
"New York",2020-02-12,36,52,0.05,2412814,0.409460779133443,75.4828776359678
"New York",2020-02-12,37,52,0.05,2412814,0.409436083947109,75.4434078631703
"New York",2020-02-12,38,52,0.05,2412814,0.409465024413983,75.4903526559396
"New York",2020-02-12,39,52,0.05,2412814,0.409429872343054,75.4313072188551
"New York",2020-02-12,40,52,0.05,2412814,0.409519955996898,75.4386194002583
"New York",2020-02-12,41,52,0.05,2412814,0.409378349943699,75.5361298024032
"New York",2020-02-12,42,52,0.05,2412814,0.409610466862511,75.406767555274
"New York",2020-02-12,43,52,0.05,2412814,0.409500998240298,75.4419541462705
"New York",2020-02-12,44,52,0.05,2412814,0.409370701536041,75.5126147085019
"New York",2020-02-12,45,52,0.05,2412814,0.409353093565636,75.5089022790124
"New York",2020-02-12,46,52,0.05,2412814,0.409435367339482,75.452534547728
"New York",2020-02-12,47,52,0.05,2412814,0.409539491853137,75.4025658284568
"New York",2020-02-12,48,52,0.05,2412814,0.409369494202339,75.5670566894832
"New York",2020-02-12,49,52,0.05,2412814,0.409347870531283,75.5604392087284
"New York",2020-02-12,50,52,0.05,2412814,0.40931901609414,75.5640035674875
"New York",2020-02-12,51,52,0.05,2412814,0.409427158156366,75.4908851091238
"New York",2020-02-12,52,52,0.05,2412814,0.409478947448998,75.4749933415318
"New York",2020-02-12,53,52,0.05,2412814,0.40939806645238,75.5522087507574
"New York",2020-02-12,54,52,0.05,2412814,0.409423809626185,75.4452186173059
"New York",2020-02-12,55,52,0.05,2412814,0.409367514688334,75.5325957867555
"New York",2020-02-12,56,52,0.05,2412814,0.409399045911038,75.5138208083907
"New York",2020-02-12,57,52,0.05,2412814,0.409415332252999,75.518591043658
"New York",2020-02-12,58,52,0.05,2412814,0.409388043406875,75.5103643087523
"New York",2020-02-12,59,52,0.05,2412814,0.409435355955683,75.4996628953734
"New York",2020-02-12,60,52,0.05,2412814,0.409290827164082,75.5533911813153
"New York",2020-02-12,61,52,0.05,2412814,0.4095917597686,75.3251879247152
"New York",2020-02-12,62,52,0.05,2412814,0.409461057886506,75.4657550988956
"New York",2020-02-12,63,52,0.05,2412814,0.409247380702226,75.596022001155
"New York",2020-02-12,64,52,0.05,2412814,0.409403828177343,75.5077812731231
"New York",2020-02-12,65,52,0.05,2412814,0.409475305700622,75.4547910510061
"New York",2020-02-12,66,52,0.05,2412814,0.409337251879616,75.6077984624866
"New York",2020-02-12,67,52,0.05,2412814,0.409571828705173,75.3821919246975
"New York",2020-02-12,68,52,0.05,2412814,0.409683578761536,75.2969723018952
"New York",2020-02-12,69,52,0.05,2412814,0.40963497158127,75.3660985444286
"New York",2020-02-12,70,52,0.05,2412814,0.409609273667138,75.3368989750434
"New York",2020-02-12,71,52,0.05,2412814,0.409430826977808,75.4557712466415
"New York",2020-02-12,72,52,0.05,2412814,0.409361312667899,75.5510991254738
"New York",2020-02-12,73,52,0.05,2412814,0.40938952139865,75.5503250448427
"New York",2020-02-12,74,52,0.05,2412814,0.409269130154346,75.6318141273287
"New York",2020-02-12,75,52,0.05,2412814,0.409554646959447,75.4200981805634
"New York",2020-02-12,76,52,0.05,2412814,0.40950940526752,75.4659771163688
"New York",2020-02-12,77,52,0.05,2412814,0.409447761641978,75.4582321792939
"New York",2020-02-12,78,52,0.05,2412814,0.409532146874111,75.4429451332194
"New York",2020-02-12,79,52,0.05,2412814,0.409584218071494,75.3554366273466
"New York",2020-02-12,80,52,0.05,2412814,0.409563478591834,75.3772090061562
"New York",2020-02-12,81,52,0.05,2412814,0.409476140477731,75.4100258044421
"New York",2020-02-12,82,52,0.05,2412814,0.409374241231377,75.5173983597794
"New York",2020-02-12,83,52,0.05,2412814,0.409316168731797,75.5770820930213
"New York",2020-02-12,84,52,0.05,2412814,0.409462315873745,75.4611594425355
"New York",2020-02-12,85,52,0.05,2412814,0.409506112829887,75.45498978077
"New York",2020-02-12,86,52,0.05,2412814,0.40957431645695,75.3959339139593
"New York",2020-02-12,87,52,0.05,2412814,0.409590196392942,75.3738611467443
"New York",2020-02-12,88,52,0.05,2412814,0.409463740205457,75.462360919201
"New York",2020-02-12,89,52,0.05,2412814,0.409423096897551,75.4821957939475
"New York",2020-02-12,90,52,0.05,2412814,0.409573542453365,75.3944144190002
"New York",2020-02-12,91,52,0.05,2412814,0.409318323739619,75.4957139438087
"New York",2020-02-12,92,52,0.05,2412814,0.409291350347683,75.6068924898323
"New York",2020-02-12,93,52,0.05,2412814,0.409553528894024,75.4067221027824
"New York",2020-02-12,94,52,0.05,2412814,0.409423380769931,75.5008949386586
"New York",2020-02-12,95,52,0.05,2412814,0.40930644029775,75.5351207860115
"New York",2020-02-12,96,52,0.05,2412814,0.409412478875159,75.4866405715649
"New York",2020-02-12,97,52,0.05,2412814,0.409473574088296,75.4449381685831
"New York",2020-02-12,98,52,0.05,2412814,0.409328913579597,75.5831083564728
"New York",2020-02-12,99,52,0.05,2412814,0.409389777561906,75.5053707449306
"New York",2020-02-12,100,52,0.05,2412814,0.409355353948451,75.5457212765989
"New York",2020-02-13,1,52,0.05,2366589,0.409863483166343,74.0553071095157
"New York",2020-02-13,2,52,0.05,2366589,0.409833049065944,74.0318650010908
"New York",2020-02-13,3,52,0.05,2366589,0.409755312094073,74.0862230847022
"New York",2020-02-13,4,52,0.05,2366589,0.409689142853559,74.1952883846656
"New York",2020-02-13,5,52,0.05,2366589,0.40971201232527,74.1694133431069
"New York",2020-02-13,6,52,0.05,2366589,0.409746780720397,74.1048366108386
"New York",2020-02-13,7,52,0.05,2366589,0.409792352482916,74.1109261969957
"New York",2020-02-13,8,52,0.05,2366589,0.40983575530771,74.0916209470419
"New York",2020-02-13,9,52,0.05,2366589,0.409752733584768,74.1723289454567
"New York",2020-02-13,10,52,0.05,2366589,0.409773503662271,74.1148013749383
"New York",2020-02-13,11,52,0.05,2366589,0.409927776447381,74.047921618616
"New York",2020-02-13,12,52,0.05,2366589,0.409731858264637,74.2086279530144
"New York",2020-02-13,13,52,0.05,2366589,0.409705009436046,74.1736452188642
"New York",2020-02-13,14,52,0.05,2366589,0.409810830632238,74.1069571995335
"New York",2020-02-13,15,52,0.05,2366589,0.409937899109713,74.0370161430545
"New York",2020-02-13,16,52,0.05,2366589,0.409675113100455,74.1846176609377
"New York",2020-02-13,17,52,0.05,2366589,0.409758617339533,74.1208452368876
"New York",2020-02-13,18,52,0.05,2366589,0.409904023334667,73.9824298650349
"New York",2020-02-13,19,52,0.05,2366589,0.409763584479731,74.1043807887272
"New York",2020-02-13,20,52,0.05,2366589,0.4100133196338,73.8721445288623
"New York",2020-02-13,21,52,0.05,2366589,0.409951337957285,74.0082540479485
"New York",2020-02-13,22,52,0.05,2366589,0.409826674477573,74.0630137138301
"New York",2020-02-13,23,52,0.05,2366589,0.409766421859582,74.0985178468918
"New York",2020-02-13,24,52,0.05,2366589,0.409853492317891,74.0563939442897
"New York",2020-02-13,25,52,0.05,2366589,0.40992268872775,73.9982191086508
"New York",2020-02-13,26,52,0.05,2366589,0.409852204381399,74.0871886800514
"New York",2020-02-13,27,52,0.05,2366589,0.409845444156863,74.0240099345909
"New York",2020-02-13,28,52,0.05,2366589,0.40982512782329,74.1005975242819
"New York",2020-02-13,29,52,0.05,2366589,0.409813845800823,74.021089745781
"New York",2020-02-13,30,52,0.05,2366589,0.409871021734266,74.0609765281517
"New York",2020-02-13,31,52,0.05,2366589,0.409815706349492,74.0902005070797
"New York",2020-02-13,32,52,0.05,2366589,0.410018882044535,73.9878654219023
"New York",2020-02-13,33,52,0.05,2366589,0.409856887836951,74.0563852787479
"New York",2020-02-13,34,52,0.05,2366589,0.409709461406662,74.1348725944556
"New York",2020-02-13,35,52,0.05,2366589,0.409714914802411,74.1200137051084
"New York",2020-02-13,36,52,0.05,2366589,0.409829235281041,74.0426590367811
"New York",2020-02-13,37,52,0.05,2366589,0.40989805377553,74.0086506055486
"New York",2020-02-13,38,52,0.05,2366589,0.409761622561137,74.1599464216318
"New York",2020-02-13,39,52,0.05,2366589,0.409739161788026,74.1450358499045
"New York",2020-02-13,40,52,0.05,2366589,0.40965999068154,74.1758932152296
"New York",2020-02-13,41,52,0.05,2366589,0.409768064506514,74.1179301239935
"New York",2020-02-13,42,52,0.05,2366589,0.409870629374771,74.077127676492
"New York",2020-02-13,43,52,0.05,2366589,0.409782176915312,74.1437915082376
"New York",2020-02-13,44,52,0.05,2366589,0.409800540146292,74.0520872314529
"New York",2020-02-13,45,52,0.05,2366589,0.409772694474063,74.1049393959648
"New York",2020-02-13,46,52,0.05,2366589,0.4097726416383,74.1208324612353
"New York",2020-02-13,47,52,0.05,2366589,0.409860469578873,74.0856916360556
"New York",2020-02-13,48,52,0.05,2366589,0.409800321438802,74.0980190724108
"New York",2020-02-13,49,52,0.05,2366589,0.409867467049075,74.0675339743031
"New York",2020-02-13,50,52,0.05,2366589,0.409703401674145,74.1297062969572
"New York",2020-02-13,51,52,0.05,2366589,0.410017486610237,73.9011499532424
"New York",2020-02-13,52,52,0.05,2366589,0.409852969799973,74.0582385489295
"New York",2020-02-13,53,52,0.05,2366589,0.409669667506899,74.1639677274333
"New York",2020-02-13,54,52,0.05,2366589,0.409819314420361,74.0849049758999
"New York",2020-02-13,55,52,0.05,2366589,0.409859349042465,74.0530070915492
"New York",2020-02-13,56,52,0.05,2366589,0.409720748939538,74.1956953493372
"New York",2020-02-13,57,52,0.05,2366589,0.409983907516185,73.957497458118
"New York",2020-02-13,58,52,0.05,2366589,0.410058125405251,73.9107702066001
"New York",2020-02-13,59,52,0.05,2366589,0.41001333280266,73.9663755653682
"New York",2020-02-13,60,52,0.05,2366589,0.410030691968279,73.9171302666227
"New York",2020-02-13,61,52,0.05,2366589,0.409866164367772,74.0117715134714
"New York",2020-02-13,62,52,0.05,2366589,0.409728514799545,74.1613431780663
"New York",2020-02-13,63,52,0.05,2366589,0.409782397179234,74.1357641724195
"New York",2020-02-13,64,52,0.05,2366589,0.409672675397192,74.2100625885849
"New York",2020-02-13,65,52,0.05,2366589,0.4099699712285,74.0003044217903
"New York",2020-02-13,66,52,0.05,2366589,0.409911064126628,74.057972772521
"New York",2020-02-13,67,52,0.05,2366589,0.409844283244032,74.0461404434685
"New York",2020-02-13,68,52,0.05,2366589,0.409888819762434,74.0491660282041
"New York",2020-02-13,69,52,0.05,2366589,0.409988802488393,73.9520822659021
"New York",2020-02-13,70,52,0.05,2366589,0.409966561413709,73.9671935745611
"New York",2020-02-13,71,52,0.05,2366589,0.409900401213806,73.9800557771542
"New York",2020-02-13,72,52,0.05,2366589,0.409779634877478,74.094911847106
"New York",2020-02-13,73,52,0.05,2366589,0.409703936997924,74.1802725539003
"New York",2020-02-13,74,52,0.05,2366589,0.409810913282721,74.0831241941824
"New York",2020-02-13,75,52,0.05,2366589,0.409932182725376,74.0274446865576
"New York",2020-02-13,76,52,0.05,2366589,0.409980330938517,73.9820018388092
"New York",2020-02-13,77,52,0.05,2366589,0.409976596455481,73.9810966245851
"New York",2020-02-13,78,52,0.05,2366589,0.409825224966619,74.0646776698709
"New York",2020-02-13,79,52,0.05,2366589,0.409826228667275,74.0723447444366
"New York",2020-02-13,80,52,0.05,2366589,0.409968665751021,73.9929917293885
"New York",2020-02-13,81,52,0.05,2366589,0.40973737692691,74.0776093116625
"New York",2020-02-13,82,52,0.05,2366589,0.409646799074345,74.216655486905
"New York",2020-02-13,83,52,0.05,2366589,0.40991437099711,74.0244669386286
"New York",2020-02-13,84,52,0.05,2366589,0.409813319860017,74.0949094067169
"New York",2020-02-13,85,52,0.05,2366589,0.409709803481775,74.1196834463742
"New York",2020-02-13,86,52,0.05,2366589,0.40982999481092,74.0673704456494
"New York",2020-02-13,87,52,0.05,2366589,0.409843901528478,74.0415579123767
"New York",2020-02-13,88,52,0.05,2366589,0.409662384048751,74.205991560581
"New York",2020-02-13,89,52,0.05,2366589,0.409825857196939,74.0697209509821
"New York",2020-02-13,90,52,0.05,2366589,0.409698377817726,74.1675092015433
"New York",2020-02-13,91,52,0.05,2366589,0.409852722332996,74.0966165899791
"New York",2020-02-13,92,52,0.05,2366589,0.409676209246257,74.1925440635594
"New York",2020-02-13,93,52,0.05,2366589,0.409772734615489,74.0766820917272
"New York",2020-02-13,94,52,0.05,2366589,0.409849736302513,74.0993416441794
"New York",2020-02-13,95,52,0.05,2366589,0.410015279461562,73.9082132226551
"New York",2020-02-13,96,52,0.05,2366589,0.409915871201571,74.0025950429641
"New York",2020-02-13,97,52,0.05,2366589,0.409770845268949,74.1268433709081
"New York",2020-02-13,98,52,0.05,2366589,0.409893121838818,74.0503436426698
"New York",2020-02-13,99,52,0.05,2366589,0.409902640505496,74.0309253411214
"New York",2020-02-13,100,52,0.05,2366589,0.409756932758505,74.1145882726564
"New York",2020-02-14,1,52,0.05,2459119,0.410801102757053,77.2227260087962
"New York",2020-02-14,2,52,0.05,2459119,0.410696712882855,77.3363169845745
"New York",2020-02-14,3,52,0.05,2459119,0.410670281054921,77.3010173614313
"New York",2020-02-14,4,52,0.05,2459119,0.410740346576863,77.2396948263631
"New York",2020-02-14,5,52,0.05,2459119,0.410783275148533,77.2334841162832
"New York",2020-02-14,6,52,0.05,2459119,0.410688113497088,77.2763621291025
"New York",2020-02-14,7,52,0.05,2459119,0.410705862827031,77.2480577179411
"New York",2020-02-14,8,52,0.05,2459119,0.41082511749415,77.1147402911822
"New York",2020-02-14,9,52,0.05,2459119,0.410687630938117,77.2555665499511
"New York",2020-02-14,10,52,0.05,2459119,0.410904647313221,77.0167474754841
"New York",2020-02-14,11,52,0.05,2459119,0.41080677683992,77.1950805317911
"New York",2020-02-14,12,52,0.05,2459119,0.41080529757864,77.1682655705647
"New York",2020-02-14,13,52,0.05,2459119,0.410773693718358,77.1947050121236
"New York",2020-02-14,14,52,0.05,2459119,0.410786480056568,77.1928465890454
"New York",2020-02-14,15,52,0.05,2459119,0.410795679832334,77.1682922042939
"New York",2020-02-14,16,52,0.05,2459119,0.410728937936774,77.2578847341687
"New York",2020-02-14,17,52,0.05,2459119,0.410885325873889,77.0979678921184
"New York",2020-02-14,18,52,0.05,2459119,0.410760973883619,77.2407102342357
"New York",2020-02-14,19,52,0.05,2459119,0.410790222099311,77.1259128764713
"New York",2020-02-14,20,52,0.05,2459119,0.410908794936635,77.1340842229712
"New York",2020-02-14,21,52,0.05,2459119,0.410745310596168,77.2403704903666
"New York",2020-02-14,22,52,0.05,2459119,0.410872677001419,77.1795135925215
"New York",2020-02-14,23,52,0.05,2459119,0.410796191753302,77.1855046670277
"New York",2020-02-14,24,52,0.05,2459119,0.410764870500604,77.1940859784609
"New York",2020-02-14,25,52,0.05,2459119,0.410753098279624,77.2028530501875
"New York",2020-02-14,26,52,0.05,2459119,0.410715497841999,77.2076335259488
"New York",2020-02-14,27,52,0.05,2459119,0.410788510033361,77.1685869152163
"New York",2020-02-14,28,52,0.05,2459119,0.410734982965463,77.2775692770495
"New York",2020-02-14,29,52,0.05,2459119,0.410741794442258,77.2525301019426
"New York",2020-02-14,30,52,0.05,2459119,0.41070385278294,77.2566293991682
"New York",2020-02-14,31,52,0.05,2459119,0.410742698192546,77.2375268223015
"New York",2020-02-14,32,52,0.05,2459119,0.410800288106725,77.2243715815057
"New York",2020-02-14,33,52,0.05,2459119,0.410670886842115,77.3119679852561
"New York",2020-02-14,34,52,0.05,2459119,0.41078016225503,77.1581986290769
"New York",2020-02-14,35,52,0.05,2459119,0.410682064071373,77.2741918758227
"New York",2020-02-14,36,52,0.05,2459119,0.41075319361415,77.2292276197505
"New York",2020-02-14,37,52,0.05,2459119,0.410733135804845,77.2589114630323
"New York",2020-02-14,38,52,0.05,2459119,0.410742185817026,77.2245963847746
"New York",2020-02-14,39,52,0.05,2459119,0.410758547830609,77.2378873930158
"New York",2020-02-14,40,52,0.05,2459119,0.410663632787876,77.2511487584601
"New York",2020-02-14,41,52,0.05,2459119,0.410996136788866,76.9930072758241
"New York",2020-02-14,42,52,0.05,2459119,0.410702766050254,77.2489260525005
"New York",2020-02-14,43,52,0.05,2459119,0.410607913593905,77.3046453100637
"New York",2020-02-14,44,52,0.05,2459119,0.410720291158945,77.2389519921658
"New York",2020-02-14,45,52,0.05,2459119,0.410763774224041,77.2149315290329
"New York",2020-02-14,46,52,0.05,2459119,0.410667348766083,77.335552979512
"New York",2020-02-14,47,52,0.05,2459119,0.410839459988095,77.1468115202354
"New York",2020-02-14,48,52,0.05,2459119,0.410978719818558,77.0383467398587
"New York",2020-02-14,49,52,0.05,2459119,0.410890845126843,77.1387841120713
"New York",2020-02-14,50,52,0.05,2459119,0.410833105100558,77.1317784908914
"New York",2020-02-14,51,52,0.05,2459119,0.410758594522522,77.1825488106876
"New York",2020-02-14,52,52,0.05,2459119,0.410719343216369,77.268284094274
"New York",2020-02-14,53,52,0.05,2459119,0.410716570204719,77.2805144615281
"New York",2020-02-14,54,52,0.05,2459119,0.410569423467099,77.3873516041001
"New York",2020-02-14,55,52,0.05,2459119,0.410865589522327,77.1530722670122
"New York",2020-02-14,56,52,0.05,2459119,0.410752630701936,77.2449311329452
"New York",2020-02-14,57,52,0.05,2459119,0.410812735479009,77.1638132224057
"New York",2020-02-14,58,52,0.05,2459119,0.410807681587897,77.1938630784317
"New York",2020-02-14,59,52,0.05,2459119,0.410864462946337,77.109986222675
"New York",2020-02-14,60,52,0.05,2459119,0.41091320387922,77.0863507392234
"New York",2020-02-14,61,52,0.05,2459119,0.410791162903496,77.1359902771519
"New York",2020-02-14,62,52,0.05,2459119,0.410806828936531,77.186002194104
"New York",2020-02-14,63,52,0.05,2459119,0.410685767128166,77.289148741035
"New York",2020-02-14,64,52,0.05,2459119,0.410829561675722,77.1626101061642
"New York",2020-02-14,65,52,0.05,2459119,0.410819074397834,77.1941736128859
"New York",2020-02-14,66,52,0.05,2459119,0.410883693398901,77.1332218249007
"New York",2020-02-14,67,52,0.05,2459119,0.410860781194922,77.1483064435096
"New York",2020-02-14,68,52,0.05,2459119,0.410848449335624,77.1568458135222
"New York",2020-02-14,69,52,0.05,2459119,0.410836438313458,77.1609095170898
"New York",2020-02-14,70,52,0.05,2459119,0.410915168418312,77.1171936994666
"New York",2020-02-14,71,52,0.05,2459119,0.410712854450893,77.1928224272655
"New York",2020-02-14,72,52,0.05,2459119,0.410653017141879,77.3199210533808
"New York",2020-02-14,73,52,0.05,2459119,0.410816749306155,77.1751416022298
"New York",2020-02-14,74,52,0.05,2459119,0.410737366116313,77.2477196582548
"New York",2020-02-14,75,52,0.05,2459119,0.410747766891351,77.2013939476629
"New York",2020-02-14,76,52,0.05,2459119,0.410782131339918,77.1880378459447
"New York",2020-02-14,77,52,0.05,2459119,0.410766019107876,77.1862342662095
"New York",2020-02-14,78,52,0.05,2459119,0.410636061878115,77.3249831139363
"New York",2020-02-14,79,52,0.05,2459119,0.410787111911941,77.1969979718105
"New York",2020-02-14,80,52,0.05,2459119,0.410604890901167,77.3292570855439
"New York",2020-02-14,81,52,0.05,2459119,0.410698352237671,77.2886968605732
"New York",2020-02-14,82,52,0.05,2459119,0.410742168374245,77.255429421725
"New York",2020-02-14,83,52,0.05,2459119,0.410820945846127,77.1402742029989
"New York",2020-02-14,84,52,0.05,2459119,0.410754272549202,77.2592931800574
"New York",2020-02-14,85,52,0.05,2459119,0.41094018221822,77.0295023636842
"New York",2020-02-14,86,52,0.05,2459119,0.410950298009722,77.0745664044502
"New York",2020-02-14,87,52,0.05,2459119,0.410658012266271,77.2877562830148
"New York",2020-02-14,88,52,0.05,2459119,0.410796620355573,77.2036936927377
"New York",2020-02-14,89,52,0.05,2459119,0.410834918260073,77.1569325425429
"New York",2020-02-14,90,52,0.05,2459119,0.410676168390319,77.261042975842
"New York",2020-02-14,91,52,0.05,2459119,0.410673271516503,77.2777885893559
"New York",2020-02-14,92,52,0.05,2459119,0.4107041161219,77.2877282801257
"New York",2020-02-14,93,52,0.05,2459119,0.410682808351,77.3234505257359
"New York",2020-02-14,94,52,0.05,2459119,0.410703568860557,77.2833584367201
"New York",2020-02-14,95,52,0.05,2459119,0.410979644183967,77.0822137811877
"New York",2020-02-14,96,52,0.05,2459119,0.410798015042932,77.1963561247125
"New York",2020-02-14,97,52,0.05,2459119,0.410922609942311,77.1083259298472
"New York",2020-02-14,98,52,0.05,2459119,0.410740141725189,77.2125571080672
"New York",2020-02-14,99,52,0.05,2459119,0.410686795309732,77.2666564948376
"New York",2020-02-14,100,52,0.05,2459119,0.410595578159308,77.3915592013489
"New York",2020-02-15,1,52,0.05,2084767,0.409621143145152,66.6799852727059
"New York",2020-02-15,2,52,0.05,2084767,0.409512208041828,66.707685137128
"New York",2020-02-15,3,52,0.05,2084767,0.409472195610903,66.7275012580178
"New York",2020-02-15,4,52,0.05,2084767,0.409548539990551,66.7089294079139
"New York",2020-02-15,5,52,0.05,2084767,0.409656229455465,66.6342166633226
"New York",2020-02-15,6,52,0.05,2084767,0.409595370208488,66.6986177882841
"New York",2020-02-15,7,52,0.05,2084767,0.409528689065289,66.6806504786123
"New York",2020-02-15,8,52,0.05,2084767,0.409518608822301,66.7484844914512
"New York",2020-02-15,9,52,0.05,2084767,0.409544964621347,66.6522131804238
"New York",2020-02-15,10,52,0.05,2084767,0.409572026810913,66.7040853576944
"New York",2020-02-15,11,52,0.05,2084767,0.409442446796385,66.7819731934401
"New York",2020-02-15,12,52,0.05,2084767,0.40968554720075,66.6591068314052
"New York",2020-02-15,13,52,0.05,2084767,0.409533310264195,66.7124594122186
"New York",2020-02-15,14,52,0.05,2084767,0.409359744295275,66.7924548351635
"New York",2020-02-15,15,52,0.05,2084767,0.409418548947827,66.757346468092
"New York",2020-02-15,16,52,0.05,2084767,0.409588822195941,66.656201880955
"New York",2020-02-15,17,52,0.05,2084767,0.409687005665761,66.6095368777296
"New York",2020-02-15,18,52,0.05,2084767,0.409482538851353,66.7860956596516
"New York",2020-02-15,19,52,0.05,2084767,0.409451805666161,66.7880207863794
"New York",2020-02-15,20,52,0.05,2084767,0.409321800962257,66.8379690876576
"New York",2020-02-15,21,52,0.05,2084767,0.409481898760772,66.7553276848068
"New York",2020-02-15,22,52,0.05,2084767,0.409598751682953,66.7091054920473
"New York",2020-02-15,23,52,0.05,2084767,0.409523578073238,66.7506857844678
"New York",2020-02-15,24,52,0.05,2084767,0.409513957837409,66.6869062704254
"New York",2020-02-15,25,52,0.05,2084767,0.409484099212521,66.747708995793
"New York",2020-02-15,26,52,0.05,2084767,0.409417606082019,66.7907004193769
"New York",2020-02-15,27,52,0.05,2084767,0.409544954616529,66.7323418591457
"New York",2020-02-15,28,52,0.05,2084767,0.409536112608858,66.7088380834974
"New York",2020-02-15,29,52,0.05,2084767,0.409559016625696,66.7142012805131
"New York",2020-02-15,30,52,0.05,2084767,0.409391274555516,66.7778742259555
"New York",2020-02-15,31,52,0.05,2084767,0.409693924379462,66.5613944216376
"New York",2020-02-15,32,52,0.05,2084767,0.409546679746988,66.7109518463094
"New York",2020-02-15,33,52,0.05,2084767,0.409393546164089,66.7849319240319
"New York",2020-02-15,34,52,0.05,2084767,0.409609720700677,66.678066445139
"New York",2020-02-15,35,52,0.05,2084767,0.409608020532191,66.6683884231035
"New York",2020-02-15,36,52,0.05,2084767,0.409324712019385,66.889488706489
"New York",2020-02-15,37,52,0.05,2084767,0.409713180262573,66.6059582850246
"New York",2020-02-15,38,52,0.05,2084767,0.409820810349067,66.5333054434938
"New York",2020-02-15,39,52,0.05,2084767,0.409716987535457,66.6203697701859
"New York",2020-02-15,40,52,0.05,2084767,0.409699404542326,66.5933128773057
"New York",2020-02-15,41,52,0.05,2084767,0.409534010474302,66.6874536479307
"New York",2020-02-15,42,52,0.05,2084767,0.409427807132267,66.7960830246054
"New York",2020-02-15,43,52,0.05,2084767,0.40956000888326,66.7366214988907
"New York",2020-02-15,44,52,0.05,2084767,0.40943702343701,66.8124322550237
"New York",2020-02-15,45,52,0.05,2084767,0.409700277495649,66.6335358119237
"New York",2020-02-15,46,52,0.05,2084767,0.40964777636869,66.677265720669
"New York",2020-02-15,47,52,0.05,2084767,0.40954381377972,66.6928968980636
"New York",2020-02-15,48,52,0.05,2084767,0.409682435104354,66.6413797682432
"New York",2020-02-15,49,52,0.05,2084767,0.409728495232589,66.5861743876034
"New York",2020-02-15,50,52,0.05,2084767,0.409662752227718,66.6183298162501
"New York",2020-02-15,51,52,0.05,2084767,0.409633625534648,66.61613990997
"New York",2020-02-15,52,52,0.05,2084767,0.409395406050653,66.7915530025162
"New York",2020-02-15,53,52,0.05,2084767,0.409371079895675,66.8245917028831
"New York",2020-02-15,54,52,0.05,2084767,0.409485886785992,66.7291628963649
"New York",2020-02-15,55,52,0.05,2084767,0.40966725500462,66.6518288896697
"New York",2020-02-15,56,52,0.05,2084767,0.409722373843919,66.6141225538842
"New York",2020-02-15,57,52,0.05,2084767,0.409748008269659,66.5909136387164
"New York",2020-02-15,58,52,0.05,2084767,0.409443509760816,66.7649686029494
"New York",2020-02-15,59,52,0.05,2084767,0.409511130819678,66.7193728648767
"New York",2020-02-15,60,52,0.05,2084767,0.409661150463475,66.6588321940374
"New York",2020-02-15,61,52,0.05,2084767,0.409422888560887,66.7240648139542
"New York",2020-02-15,62,52,0.05,2084767,0.409319773832323,66.8671668800732
"New York",2020-02-15,63,52,0.05,2084767,0.409713335154123,66.6159482977821
"New York",2020-02-15,64,52,0.05,2084767,0.409529554899398,66.7291698262402
"New York",2020-02-15,65,52,0.05,2084767,0.409413079751006,66.7482679591113
"New York",2020-02-15,66,52,0.05,2084767,0.409544519921515,66.7021611317884
"New York",2020-02-15,67,52,0.05,2084767,0.409634810903668,66.6435228251606
"New York",2020-02-15,68,52,0.05,2084767,0.409452633786837,66.7910845589991
"New York",2020-02-15,69,52,0.05,2084767,0.409521896940822,66.7144445213178
"New York",2020-02-15,70,52,0.05,2084767,0.409501168223151,66.7510323004759
"New York",2020-02-15,71,52,0.05,2084767,0.409547125332389,66.7447425023006
"New York",2020-02-15,72,52,0.05,2084767,0.409367046632331,66.8246154376764
"New York",2020-02-15,73,52,0.05,2084767,0.409457581946549,66.7206231538089
"New York",2020-02-15,74,52,0.05,2084767,0.409584887471824,66.7264108266266
"New York",2020-02-15,75,52,0.05,2084767,0.409760062104902,66.5338838131163
"New York",2020-02-15,76,52,0.05,2084767,0.409643846281052,66.6385368934365
"New York",2020-02-15,77,52,0.05,2084767,0.409500422495608,66.7355533203391
"New York",2020-02-15,78,52,0.05,2084767,0.409575864767939,66.7059272566244
"New York",2020-02-15,79,52,0.05,2084767,0.409661087547197,66.6450086206386
"New York",2020-02-15,80,52,0.05,2084767,0.409467778673649,66.7420410996812
"New York",2020-02-15,81,52,0.05,2084767,0.409314758302761,66.8446777044163
"New York",2020-02-15,82,52,0.05,2084767,0.409459166614903,66.7772288072172
"New York",2020-02-15,83,52,0.05,2084767,0.409546690442208,66.7683778570928
"New York",2020-02-15,84,52,0.05,2084767,0.409375645862211,66.8343135496436
"New York",2020-02-15,85,52,0.05,2084767,0.409727458759935,66.6112829833587
"New York",2020-02-15,86,52,0.05,2084767,0.40957939507537,66.6920345159881
"New York",2020-02-15,87,52,0.05,2084767,0.409544599360233,66.7038334506776
"New York",2020-02-15,88,52,0.05,2084767,0.409586591531186,66.6756255273613
"New York",2020-02-15,89,52,0.05,2084767,0.409353718522518,66.8205632915973
"New York",2020-02-15,90,52,0.05,2084767,0.409325293489729,66.8826755474276
"New York",2020-02-15,91,52,0.05,2084767,0.409605286016528,66.6699340706792
"New York",2020-02-15,92,52,0.05,2084767,0.409549683750626,66.6837619932339
"New York",2020-02-15,93,52,0.05,2084767,0.409627137219743,66.6439877780982
"New York",2020-02-15,94,52,0.05,2084767,0.409563884341617,66.7162652488815
"New York",2020-02-15,95,52,0.05,2084767,0.409677797474103,66.6655728728323
"New York",2020-02-15,96,52,0.05,2084767,0.409598083039368,66.7574132046643
"New York",2020-02-15,97,52,0.05,2084767,0.409422568549853,66.8271818346088
"New York",2020-02-15,98,52,0.05,2084767,0.409477842295861,66.7248650558119
"New York",2020-02-15,99,52,0.05,2084767,0.409581624133158,66.7173362365184
"New York",2020-02-15,100,52,0.05,2084767,0.409661176346944,66.6606370649057
"New York",2020-02-16,1,52,0.05,1908100,0.405310515885207,62.9313637828199
"New York",2020-02-16,2,52,0.05,1908100,0.405688521396219,62.7735715742045
"New York",2020-02-16,3,52,0.05,1908100,0.405266831732544,62.9055639039933
"New York",2020-02-16,4,52,0.05,1908100,0.405235567927643,62.9316792937713
"New York",2020-02-16,5,52,0.05,1908100,0.405220837099012,62.9269542281239
"New York",2020-02-16,6,52,0.05,1908100,0.4054212751471,62.8272827681486
"New York",2020-02-16,7,52,0.05,1908100,0.405567855419312,62.7685293204748
"New York",2020-02-16,8,52,0.05,1908100,0.405273844997431,62.9661516740528
"New York",2020-02-16,9,52,0.05,1908100,0.405068738664257,63.015959166056
"New York",2020-02-16,10,52,0.05,1908100,0.405093212228336,63.0202903102002
"New York",2020-02-16,11,52,0.05,1908100,0.405250504517938,62.9423782591126
"New York",2020-02-16,12,52,0.05,1908100,0.405477145320383,62.8480048883337
"New York",2020-02-16,13,52,0.05,1908100,0.405404463449397,62.9017061337843
"New York",2020-02-16,14,52,0.05,1908100,0.405350194216285,62.8610377033956
"New York",2020-02-16,15,52,0.05,1908100,0.405312393131335,62.9195649318547
"New York",2020-02-16,16,52,0.05,1908100,0.405272201073297,62.942474149186
"New York",2020-02-16,17,52,0.05,1908100,0.40544156070204,62.8728050597049
"New York",2020-02-16,18,52,0.05,1908100,0.405458806157196,62.8361240156872
"New York",2020-02-16,19,52,0.05,1908100,0.40543044880811,62.868104225294
"New York",2020-02-16,20,52,0.05,1908100,0.405114808417022,62.9608665606448
"New York",2020-02-16,21,52,0.05,1908100,0.405621012235735,62.7337575753523
"New York",2020-02-16,22,52,0.05,1908100,0.405421022235535,62.8546107829555
"New York",2020-02-16,23,52,0.05,1908100,0.405001352197792,63.0295395739096
"New York",2020-02-16,24,52,0.05,1908100,0.405360260645587,62.8869538384806
"New York",2020-02-16,25,52,0.05,1908100,0.405406792737,62.8491721153551
"New York",2020-02-16,26,52,0.05,1908100,0.405182280339465,63.0204094506366
"New York",2020-02-16,27,52,0.05,1908100,0.405503513697611,62.7919367960683
"New York",2020-02-16,28,52,0.05,1908100,0.405741295079976,62.6929679750067
"New York",2020-02-16,29,52,0.05,1908100,0.405589615892916,62.7980517298553
"New York",2020-02-16,30,52,0.05,1908100,0.405685970085145,62.7118364953723
"New York",2020-02-16,31,52,0.05,1908100,0.405319563287302,62.8708495446703
"New York",2020-02-16,32,52,0.05,1908100,0.405286499916257,62.9462165757188
"New York",2020-02-16,33,52,0.05,1908100,0.405290151629694,62.9363517467966
"New York",2020-02-16,34,52,0.05,1908100,0.405107632949996,63.0248323419623
"New York",2020-02-16,35,52,0.05,1908100,0.405597885919055,62.7903597312952
"New York",2020-02-16,36,52,0.05,1908100,0.405565804092718,62.8163899818662
"New York",2020-02-16,37,52,0.05,1908100,0.405212852713686,62.93561399026
"New York",2020-02-16,38,52,0.05,1908100,0.405441741707704,62.8451947557529
"New York",2020-02-16,39,52,0.05,1908100,0.405657161652134,62.731154555794
"New York",2020-02-16,40,52,0.05,1908100,0.405618145969271,62.7520547776026
"New York",2020-02-16,41,52,0.05,1908100,0.405495099953603,62.785927912277
"New York",2020-02-16,42,52,0.05,1908100,0.40518008283414,62.9657969856218
"New York",2020-02-16,43,52,0.05,1908100,0.40512071793793,62.9990792589212
"New York",2020-02-16,44,52,0.05,1908100,0.405305418792753,62.9047389685474
"New York",2020-02-16,45,52,0.05,1908100,0.405607153266941,62.7918380136332
"New York",2020-02-16,46,52,0.05,1908100,0.405651457312624,62.7587001825455
"New York",2020-02-16,47,52,0.05,1908100,0.405688670195042,62.7234567864535
"New York",2020-02-16,48,52,0.05,1908100,0.405211391519303,62.9529528095799
"New York",2020-02-16,49,52,0.05,1908100,0.405210575241328,62.9341152684643
"New York",2020-02-16,50,52,0.05,1908100,0.405518716086297,62.8347363718253
"New York",2020-02-16,51,52,0.05,1908100,0.405149266066697,62.9328428128528
"New York",2020-02-16,52,52,0.05,1908100,0.404953627312055,63.0769111007839
"New York",2020-02-16,53,52,0.05,1908100,0.405662440212622,62.7571115319902
"New York",2020-02-16,54,52,0.05,1908100,0.405442068856835,62.8726089003858
"New York",2020-02-16,55,52,0.05,1908100,0.405143550460174,62.9413815306718
"New York",2020-02-16,56,52,0.05,1908100,0.405399826097789,62.8639892688132
"New York",2020-02-16,57,52,0.05,1908100,0.405340649227832,62.8629667727827
"New York",2020-02-16,58,52,0.05,1908100,0.40510616408446,63.00906141273
"New York",2020-02-16,59,52,0.05,1908100,0.405421822186101,62.8685330280492
"New York",2020-02-16,60,52,0.05,1908100,0.405221562292901,62.9503704015889
"New York",2020-02-16,61,52,0.05,1908100,0.405272399226888,62.9496283109949
"New York",2020-02-16,62,52,0.05,1908100,0.405165224516512,62.9898093435789
"New York",2020-02-16,63,52,0.05,1908100,0.405309431199944,62.8789698983358
"New York",2020-02-16,64,52,0.05,1908100,0.405285995057332,62.9269046995722
"New York",2020-02-16,65,52,0.05,1908100,0.405675531410479,62.6913281087665
"New York",2020-02-16,66,52,0.05,1908100,0.405528442682749,62.8039466817244
"New York",2020-02-16,67,52,0.05,1908100,0.405371553454653,62.8796784386766
"New York",2020-02-16,68,52,0.05,1908100,0.405493394574644,62.8428825199632
"New York",2020-02-16,69,52,0.05,1908100,0.405507626468904,62.7977479390165
"New York",2020-02-16,70,52,0.05,1908100,0.40515907478159,62.9536540151323
"New York",2020-02-16,71,52,0.05,1908100,0.405042647660737,63.0407259879499
"New York",2020-02-16,72,52,0.05,1908100,0.405309609712028,62.924432695761
"New York",2020-02-16,73,52,0.05,1908100,0.405263981309934,62.968196087207
"New York",2020-02-16,74,52,0.05,1908100,0.405255114308682,62.964417428216
"New York",2020-02-16,75,52,0.05,1908100,0.405678821742263,62.7506021542738
"New York",2020-02-16,76,52,0.05,1908100,0.405480404066115,62.8414565531013
"New York",2020-02-16,77,52,0.05,1908100,0.405389702141172,62.8738612519671
"New York",2020-02-16,78,52,0.05,1908100,0.405429864488273,62.8355143265241
"New York",2020-02-16,79,52,0.05,1908100,0.405056586569997,63.0198473457286
"New York",2020-02-16,80,52,0.05,1908100,0.405017064193714,63.0645321776563
"New York",2020-02-16,81,52,0.05,1908100,0.405516971381526,62.8109567239423
"New York",2020-02-16,82,52,0.05,1908100,0.405243166473248,62.8918076580538
"New York",2020-02-16,83,52,0.05,1908100,0.405281929149638,62.8821798320349
"New York",2020-02-16,84,52,0.05,1908100,0.40523224801449,62.9405186374484
"New York",2020-02-16,85,52,0.05,1908100,0.405591092012532,62.8256471846612
"New York",2020-02-16,86,52,0.05,1908100,0.405491296079022,62.8965867016362
"New York",2020-02-16,87,52,0.05,1908100,0.405092297047173,63.0440102646422
"New York",2020-02-16,88,52,0.05,1908100,0.40522315486538,62.9265669574952
"New York",2020-02-16,89,52,0.05,1908100,0.405403031751965,62.8940473447163
"New York",2020-02-16,90,52,0.05,1908100,0.40554164894025,62.8087962565219
"New York",2020-02-16,91,52,0.05,1908100,0.405363081280644,62.8675214500902
"New York",2020-02-16,92,52,0.05,1908100,0.405610810825455,62.7217824324196
"New York",2020-02-16,93,52,0.05,1908100,0.405423610857116,62.8433690482838
"New York",2020-02-16,94,52,0.05,1908100,0.405238737130449,62.9632445130967
"New York",2020-02-16,95,52,0.05,1908100,0.405055722522357,63.0629209757445
"New York",2020-02-16,96,52,0.05,1908100,0.405405611569748,62.8671841961446
"New York",2020-02-16,97,52,0.05,1908100,0.405296903271999,62.9408536580613
"New York",2020-02-16,98,52,0.05,1908100,0.405522999992452,62.7993136187841
"New York",2020-02-16,99,52,0.05,1908100,0.405320167738959,62.8985852902452
"New York",2020-02-16,100,52,0.05,1908100,0.405479659031253,62.8081135654453
"New York",2020-03-30,1,52,0.05,1237104,0.401131556403319,42.4957631579054
"New York",2020-03-30,2,52,0.05,1237104,0.401420950084349,42.384441434069
"New York",2020-03-30,3,52,0.05,1237104,0.401111687422303,42.5327940676328
"New York",2020-03-30,4,52,0.05,1237104,0.401455729591179,42.3433479565317
"New York",2020-03-30,5,52,0.05,1237104,0.401152329658747,42.4681636558682
"New York",2020-03-30,6,52,0.05,1237104,0.401212268259392,42.4513767532132
"New York",2020-03-30,7,52,0.05,1237104,0.401258484020178,42.4494992900638
"New York",2020-03-30,8,52,0.05,1237104,0.401173128652175,42.4546138276854
"New York",2020-03-30,9,52,0.05,1237104,0.401230501494787,42.4720821040036
"New York",2020-03-30,10,52,0.05,1237104,0.401114708962285,42.4616455988376
"New York",2020-03-30,11,52,0.05,1237104,0.401558436155604,42.3268001236985
"New York",2020-03-30,12,52,0.05,1237104,0.401219187979327,42.470845729611
"New York",2020-03-30,13,52,0.05,1237104,0.401020936526296,42.4857983594279
"New York",2020-03-30,14,52,0.05,1237104,0.401161146552545,42.4759178412016
"New York",2020-03-30,15,52,0.05,1237104,0.401169859023214,42.4728712893472
"New York",2020-03-30,16,52,0.05,1237104,0.401037255034948,42.5603721203977
"New York",2020-03-30,17,52,0.05,1237104,0.401396848814094,42.351674843673
"New York",2020-03-30,18,52,0.05,1237104,0.40154687215349,42.3156629200244
"New York",2020-03-30,19,52,0.05,1237104,0.401271018689378,42.4535782969327
"New York",2020-03-30,20,52,0.05,1237104,0.401462517127816,42.3711583316634
"New York",2020-03-30,21,52,0.05,1237104,0.401318602979562,42.4132291221822
"New York",2020-03-30,22,52,0.05,1237104,0.40116105408967,42.5061451199872
"New York",2020-03-30,23,52,0.05,1237104,0.401196856108964,42.4390897338167
"New York",2020-03-30,24,52,0.05,1237104,0.40084208472363,42.5726723336452
"New York",2020-03-30,25,52,0.05,1237104,0.401300243197603,42.4414840434016
"New York",2020-03-30,26,52,0.05,1237104,0.401426047160186,42.395165191261
"New York",2020-03-30,27,52,0.05,1237104,0.401106643613755,42.5156915231146
"New York",2020-03-30,28,52,0.05,1237104,0.401299889753106,42.3996895616397
"New York",2020-03-30,29,52,0.05,1237104,0.401481756055423,42.3447268820578
"New York",2020-03-30,30,52,0.05,1237104,0.401356686096266,42.4091011843013
"New York",2020-03-30,31,52,0.05,1237104,0.401313537482086,42.3835907675913
"New York",2020-03-30,32,52,0.05,1237104,0.401287130146289,42.4410625866556
"New York",2020-03-30,33,52,0.05,1237104,0.401041113081666,42.5373486878235
"New York",2020-03-30,34,52,0.05,1237104,0.401377378840749,42.3964301444672
"New York",2020-03-30,35,52,0.05,1237104,0.401224494272826,42.4858902640172
"New York",2020-03-30,36,52,0.05,1237104,0.401260351625116,42.4940783079993
"New York",2020-03-30,37,52,0.05,1237104,0.401410082792821,42.3804046435452
"New York",2020-03-30,38,52,0.05,1237104,0.401219962201768,42.4930388503181
"New York",2020-03-30,39,52,0.05,1237104,0.401182834713819,42.4886072220275
"New York",2020-03-30,40,52,0.05,1237104,0.401323888228809,42.4247267450598
"New York",2020-03-30,41,52,0.05,1237104,0.40113462835686,42.4493377945581
"New York",2020-03-30,42,52,0.05,1237104,0.401126595579059,42.4836164186154
"New York",2020-03-30,43,52,0.05,1237104,0.401287606385946,42.449654546261
"New York",2020-03-30,44,52,0.05,1237104,0.401120817029525,42.5115628398398
"New York",2020-03-30,45,52,0.05,1237104,0.401251271483689,42.4081753344607
"New York",2020-03-30,46,52,0.05,1237104,0.401366427680643,42.3987975873249
"New York",2020-03-30,47,52,0.05,1237104,0.40106726526178,42.4895360046622
"New York",2020-03-30,48,52,0.05,1237104,0.400999609920049,42.5187829548672
"New York",2020-03-30,49,52,0.05,1237104,0.401374562621386,42.4222233076438
"New York",2020-03-30,50,52,0.05,1237104,0.401104935417029,42.4715847220144
"New York",2020-03-30,51,52,0.05,1237104,0.401054365745959,42.533935324634
"New York",2020-03-30,52,52,0.05,1237104,0.401134422518359,42.5036237775281
"New York",2020-03-30,53,52,0.05,1237104,0.401229405259869,42.4332629629081
"New York",2020-03-30,54,52,0.05,1237104,0.401108153531584,42.4949489389337
"New York",2020-03-30,55,52,0.05,1237104,0.401736897828221,42.2425681053706
"New York",2020-03-30,56,52,0.05,1237104,0.40142541216838,42.4037826462059
"New York",2020-03-30,57,52,0.05,1237104,0.401223200714727,42.4476816079195
"New York",2020-03-30,58,52,0.05,1237104,0.401146344825563,42.5035843008449
"New York",2020-03-30,59,52,0.05,1237104,0.401533579194967,42.3420919740905
"New York",2020-03-30,60,52,0.05,1237104,0.401055081669585,42.5064148568325
"New York",2020-03-30,61,52,0.05,1237104,0.401276633714669,42.4266531929505
"New York",2020-03-30,62,52,0.05,1237104,0.40117402818663,42.5039520443933
"New York",2020-03-30,63,52,0.05,1237104,0.401079182722175,42.5175390596073
"New York",2020-03-30,64,52,0.05,1237104,0.401115314710357,42.5182300772809
"New York",2020-03-30,65,52,0.05,1237104,0.4015609407686,42.3719652735305
"New York",2020-03-30,66,52,0.05,1237104,0.401229375552514,42.4658813499545
"New York",2020-03-30,67,52,0.05,1237104,0.401312567586039,42.4376629365955
"New York",2020-03-30,68,52,0.05,1237104,0.401099924189499,42.4985137290565
"New York",2020-03-30,69,52,0.05,1237104,0.401179885181651,42.4399977305071
"New York",2020-03-30,70,52,0.05,1237104,0.401097446351945,42.4990982716819
"New York",2020-03-30,71,52,0.05,1237104,0.401435329559555,42.3865633757946
"New York",2020-03-30,72,52,0.05,1237104,0.401101117948399,42.4603056355837
"New York",2020-03-30,73,52,0.05,1237104,0.40119530614543,42.4200232807895
"New York",2020-03-30,74,52,0.05,1237104,0.4012133058246,42.4158307212772
"New York",2020-03-30,75,52,0.05,1237104,0.401478875860287,42.365356657478
"New York",2020-03-30,76,52,0.05,1237104,0.401272030718702,42.4818575041724
"New York",2020-03-30,77,52,0.05,1237104,0.400942836492976,42.5697842038624
"New York",2020-03-30,78,52,0.05,1237104,0.401183925358461,42.440763728184
"New York",2020-03-30,79,52,0.05,1237104,0.401152439007531,42.500985380003
"New York",2020-03-30,80,52,0.05,1237104,0.401210035894123,42.4802723361255
"New York",2020-03-30,81,52,0.05,1237104,0.401021422448237,42.5240458893029
"New York",2020-03-30,82,52,0.05,1237104,0.401418474706235,42.3278325653533
"New York",2020-03-30,83,52,0.05,1237104,0.401411740426753,42.3537637912344
"New York",2020-03-30,84,52,0.05,1237104,0.401173979900972,42.4786421288989
"New York",2020-03-30,85,52,0.05,1237104,0.400909396249042,42.5748673728986
"New York",2020-03-30,86,52,0.05,1237104,0.401148189332376,42.4781752322023
"New York",2020-03-30,87,52,0.05,1237104,0.401201348193814,42.483136126197
"New York",2020-03-30,88,52,0.05,1237104,0.401341810498388,42.3950822856429
"New York",2020-03-30,89,52,0.05,1237104,0.40129851809813,42.4376233755334
"New York",2020-03-30,90,52,0.05,1237104,0.40118874689316,42.4784442286369
"New York",2020-03-30,91,52,0.05,1237104,0.401698716247885,42.2968238288405
"New York",2020-03-30,92,52,0.05,1237104,0.4014450459087,42.3859646270216
"New York",2020-03-30,93,52,0.05,1237104,0.400984492288198,42.5341768877856
"New York",2020-03-30,94,52,0.05,1237104,0.401276528671469,42.440483765373
"New York",2020-03-30,95,52,0.05,1237104,0.401246750780882,42.4636046329611
"New York",2020-03-30,96,52,0.05,1237104,0.400916764900032,42.5379460191774
"New York",2020-03-30,97,52,0.05,1237104,0.401284373866658,42.3622263497633
"New York",2020-03-30,98,52,0.05,1237104,0.40146837100894,42.3824384055749
"New York",2020-03-30,99,52,0.05,1237104,0.401122622053804,42.5013553830259
"New York",2020-03-30,100,52,0.05,1237104,0.401322034402805,42.4081876530824
"New York",2020-03-31,1,52,0.05,1211315,0.402760155843066,41.3833281964722
"New York",2020-03-31,2,52,0.05,1211315,0.402462841384042,41.527869387966
"New York",2020-03-31,3,52,0.05,1211315,0.402557015587038,41.4789159637111
"New York",2020-03-31,4,52,0.05,1211315,0.402531503090977,41.5030514372324
"New York",2020-03-31,5,52,0.05,1211315,0.402480771099888,41.5174620076716
"New York",2020-03-31,6,52,0.05,1211315,0.402265478210118,41.6183787100755
"New York",2020-03-31,7,52,0.05,1211315,0.402802654679814,41.3702888216051
"New York",2020-03-31,8,52,0.05,1211315,0.402860818094001,41.3471592441923
"New York",2020-03-31,9,52,0.05,1211315,0.402496561535209,41.5160074871581
"New York",2020-03-31,10,52,0.05,1211315,0.402704059460086,41.4224771196981
"New York",2020-03-31,11,52,0.05,1211315,0.402621600233829,41.450243019124
"New York",2020-03-31,12,52,0.05,1211315,0.402428900853487,41.5547718004672
"New York",2020-03-31,13,52,0.05,1211315,0.402747572553933,41.4205709100929
"New York",2020-03-31,14,52,0.05,1211315,0.402301205023043,41.5858427709871
"New York",2020-03-31,15,52,0.05,1211315,0.402644837626595,41.4714425624636
"New York",2020-03-31,16,52,0.05,1211315,0.402615134806596,41.4639493282159
"New York",2020-03-31,17,52,0.05,1211315,0.402506724455316,41.5313900402595
"New York",2020-03-31,18,52,0.05,1211315,0.402752595507467,41.4079361639536
"New York",2020-03-31,19,52,0.05,1211315,0.4027583869031,41.3871854045267
"New York",2020-03-31,20,52,0.05,1211315,0.402615146325918,41.4582447233955
"New York",2020-03-31,21,52,0.05,1211315,0.402629691349397,41.4185633936566
"New York",2020-03-31,22,52,0.05,1211315,0.40252747580326,41.4952155315864
"New York",2020-03-31,23,52,0.05,1211315,0.402383401884825,41.5818572689526
"New York",2020-03-31,24,52,0.05,1211315,0.4027093192299,41.4265246313665
"New York",2020-03-31,25,52,0.05,1211315,0.40251493968324,41.5248346594026
"New York",2020-03-31,26,52,0.05,1211315,0.402385711176104,41.5769168105661
"New York",2020-03-31,27,52,0.05,1211315,0.402692418678935,41.4269656759373
"New York",2020-03-31,28,52,0.05,1211315,0.402548889200626,41.5346759147121
"New York",2020-03-31,29,52,0.05,1211315,0.402564871421789,41.5194329119215
"New York",2020-03-31,30,52,0.05,1211315,0.402632673406332,41.4642523765944
"New York",2020-03-31,31,52,0.05,1211315,0.402536506433055,41.4703120340273
"New York",2020-03-31,32,52,0.05,1211315,0.402623349675814,41.4913555262209
"New York",2020-03-31,33,52,0.05,1211315,0.402518971604773,41.5084698678796
"New York",2020-03-31,34,52,0.05,1211315,0.402357987766152,41.5647704704213
"New York",2020-03-31,35,52,0.05,1211315,0.402654550054695,41.428832416172
"New York",2020-03-31,36,52,0.05,1211315,0.40262242203395,41.4528583128866
"New York",2020-03-31,37,52,0.05,1211315,0.402528184348948,41.4953421862614
"New York",2020-03-31,38,52,0.05,1211315,0.402565380500809,41.5062555311029
"New York",2020-03-31,39,52,0.05,1211315,0.402637422116422,41.470555792497
"New York",2020-03-31,40,52,0.05,1211315,0.402488211064634,41.502616453529
"New York",2020-03-31,41,52,0.05,1211315,0.402384436847495,41.5772370235137
"New York",2020-03-31,42,52,0.05,1211315,0.402446483007396,41.5454741712994
"New York",2020-03-31,43,52,0.05,1211315,0.402498714251605,41.4803875320514
"New York",2020-03-31,44,52,0.05,1211315,0.402538991253487,41.519666969183
"New York",2020-03-31,45,52,0.05,1211315,0.402922762263951,41.3113231487078
"New York",2020-03-31,46,52,0.05,1211315,0.402675316837197,41.4488469867619
"New York",2020-03-31,47,52,0.05,1211315,0.402511626291634,41.5007457611947
"New York",2020-03-31,48,52,0.05,1211315,0.402386866683316,41.565347140542
"New York",2020-03-31,49,52,0.05,1211315,0.402757551834349,41.4004665573577
"New York",2020-03-31,50,52,0.05,1211315,0.402426388793172,41.5392507147815
"New York",2020-03-31,51,52,0.05,1211315,0.402591521120384,41.4614256948582
"New York",2020-03-31,52,52,0.05,1211315,0.402521408511843,41.5346442676933
"New York",2020-03-31,53,52,0.05,1211315,0.402495418732285,41.5430093518863
"New York",2020-03-31,54,52,0.05,1211315,0.402470799201332,41.542952688054
"New York",2020-03-31,55,52,0.05,1211315,0.402775741824388,41.433412031545
"New York",2020-03-31,56,52,0.05,1211315,0.402560978396654,41.4923111249208
"New York",2020-03-31,57,52,0.05,1211315,0.402603751951163,41.4816663891298
"New York",2020-03-31,58,52,0.05,1211315,0.402450983829476,41.5330295250236
"New York",2020-03-31,59,52,0.05,1211315,0.402619104184745,41.4490613185991
"New York",2020-03-31,60,52,0.05,1211315,0.402437632630236,41.5375879359835
"New York",2020-03-31,61,52,0.05,1211315,0.402698409693442,41.4406318091615
"New York",2020-03-31,62,52,0.05,1211315,0.402526434671016,41.4823702871648
"New York",2020-03-31,63,52,0.05,1211315,0.402729980253792,41.4142690453012
"New York",2020-03-31,64,52,0.05,1211315,0.402728168720398,41.4163155033516
"New York",2020-03-31,65,52,0.05,1211315,0.402817386412255,41.3936106227362
"New York",2020-03-31,66,52,0.05,1211315,0.402508905085088,41.5438297241906
"New York",2020-03-31,67,52,0.05,1211315,0.402362624149152,41.5982062675698
"New York",2020-03-31,68,52,0.05,1211315,0.402543076752325,41.4666926266777
"New York",2020-03-31,69,52,0.05,1211315,0.402466865547628,41.5511043217903
"New York",2020-03-31,70,52,0.05,1211315,0.402535098390234,41.5224784652395
"New York",2020-03-31,71,52,0.05,1211315,0.402484657672237,41.5323751683602
"New York",2020-03-31,72,52,0.05,1211315,0.402689017633338,41.3738883463472
"New York",2020-03-31,73,52,0.05,1211315,0.402788364140703,41.3750403810214
"New York",2020-03-31,74,52,0.05,1211315,0.402532919136088,41.5100795227407
"New York",2020-03-31,75,52,0.05,1211315,0.402243957401968,41.6114222638963
"New York",2020-03-31,76,52,0.05,1211315,0.402444084210122,41.5180939098449
"New York",2020-03-31,77,52,0.05,1211315,0.402424369175022,41.5490802051961
"New York",2020-03-31,78,52,0.05,1211315,0.402610795088608,41.4493925679884
"New York",2020-03-31,79,52,0.05,1211315,0.402505596082526,41.5013910856891
"New York",2020-03-31,80,52,0.05,1211315,0.402450900304452,41.5334525065932
"New York",2020-03-31,81,52,0.05,1211315,0.402859906913746,41.3608649611598
"New York",2020-03-31,82,52,0.05,1211315,0.402735501106265,41.4223800693134
"New York",2020-03-31,83,52,0.05,1211315,0.402343807669889,41.5658169881746
"New York",2020-03-31,84,52,0.05,1211315,0.402580923909542,41.4779151804114
"New York",2020-03-31,85,52,0.05,1211315,0.402493197501129,41.5065693802302
"New York",2020-03-31,86,52,0.05,1211315,0.402395543031064,41.5496913884929
"New York",2020-03-31,87,52,0.05,1211315,0.402722917731933,41.3757772417962
"New York",2020-03-31,88,52,0.05,1211315,0.402595454719508,41.4619886516463
"New York",2020-03-31,89,52,0.05,1211315,0.402439673963143,41.5415549828536
"New York",2020-03-31,90,52,0.05,1211315,0.402666001411233,41.4465489619038
"New York",2020-03-31,91,52,0.05,1211315,0.402678159396649,41.4341861499295
"New York",2020-03-31,92,52,0.05,1211315,0.40273416098713,41.436758900431
"New York",2020-03-31,93,52,0.05,1211315,0.402591816205809,41.4602540733716
"New York",2020-03-31,94,52,0.05,1211315,0.402437303012927,41.4982115480066
"New York",2020-03-31,95,52,0.05,1211315,0.402403849033524,41.5903992831441
"New York",2020-03-31,96,52,0.05,1211315,0.402452657536722,41.5361752598371
"New York",2020-03-31,97,52,0.05,1211315,0.402688957156109,41.4150185193376
"New York",2020-03-31,98,52,0.05,1211315,0.402617707695966,41.4746627442051
"New York",2020-03-31,99,52,0.05,1211315,0.402448703520948,41.5227500995192
"New York",2020-03-31,100,52,0.05,1211315,0.402640444966897,41.4212457368771
"New York",2020-04-01,1,52,0.05,1417921,0.398412721273234,50.5409303969578
"New York",2020-04-01,2,52,0.05,1417921,0.398501388653629,50.5103559203778
"New York",2020-04-01,3,52,0.05,1417921,0.398416946542467,50.4874692687944
"New York",2020-04-01,4,52,0.05,1417921,0.398550809811779,50.4147614318681
"New York",2020-04-01,5,52,0.05,1417921,0.398626698184082,50.4924240833733
"New York",2020-04-01,6,52,0.05,1417921,0.398892652339654,50.2891691876226
"New York",2020-04-01,7,52,0.05,1417921,0.398548280104322,50.4566532479364
"New York",2020-04-01,8,52,0.05,1417921,0.399019504521009,50.1969382372099
"New York",2020-04-01,9,52,0.05,1417921,0.398870273413924,50.2864147817414
"New York",2020-04-01,10,52,0.05,1417921,0.39912305630561,50.1605179180236
"New York",2020-04-01,11,52,0.05,1417921,0.398782347669392,50.2884670509158
"New York",2020-04-01,12,52,0.05,1417921,0.398340799159542,50.5457828728499
"New York",2020-04-01,13,52,0.05,1417921,0.398787403377491,50.2668749394148
"New York",2020-04-01,14,52,0.05,1417921,0.398706025114552,50.3838707203535
"New York",2020-04-01,15,52,0.05,1417921,0.398706591215392,50.4295017049386
"New York",2020-04-01,16,52,0.05,1417921,0.399073195898673,50.2006006905724
"New York",2020-04-01,17,52,0.05,1417921,0.399201154761693,50.1308863446541
"New York",2020-04-01,18,52,0.05,1417921,0.398545421857251,50.4763899425228
"New York",2020-04-01,19,52,0.05,1417921,0.398840786178911,50.3094805485723
"New York",2020-04-01,20,52,0.05,1417921,0.398746214737376,50.3932408794923
"New York",2020-04-01,21,52,0.05,1417921,0.398906203854544,50.1802319241662
"New York",2020-04-01,22,52,0.05,1417921,0.398674362210417,50.30531321799
"New York",2020-04-01,23,52,0.05,1417921,0.398957834419578,50.2519887517157
"New York",2020-04-01,24,52,0.05,1417921,0.3984503500332,50.5212925069249
"New York",2020-04-01,25,52,0.05,1417921,0.398676731422296,50.3386055807875
"New York",2020-04-01,26,52,0.05,1417921,0.399102352576299,50.1444657699459
"New York",2020-04-01,27,52,0.05,1417921,0.398712436564125,50.3264179323123
"New York",2020-04-01,28,52,0.05,1417921,0.398586416473481,50.4013501447254
"New York",2020-04-01,29,52,0.05,1417921,0.398848270200345,50.2751100626619
"New York",2020-04-01,30,52,0.05,1417921,0.398839093624521,50.2293703344874
"New York",2020-04-01,31,52,0.05,1417921,0.398813646724829,50.3282207450057
"New York",2020-04-01,32,52,0.05,1417921,0.398652733686786,50.3766190101351
"New York",2020-04-01,33,52,0.05,1417921,0.399159616106166,50.0841859706159
"New York",2020-04-01,34,52,0.05,1417921,0.398727055069895,50.3366637327037
"New York",2020-04-01,35,52,0.05,1417921,0.399217521874425,50.1192871461655
"New York",2020-04-01,36,52,0.05,1417921,0.398724888452922,50.3939407673836
"New York",2020-04-01,37,52,0.05,1417921,0.399092699852108,50.1370839499525
"New York",2020-04-01,38,52,0.05,1417921,0.399230411836434,50.0910825609702
"New York",2020-04-01,39,52,0.05,1417921,0.398786302203327,50.3404188025879
"New York",2020-04-01,40,52,0.05,1417921,0.398666330470153,50.3475514479904
"New York",2020-04-01,41,52,0.05,1417921,0.398623142173791,50.385851298505
"New York",2020-04-01,42,52,0.05,1417921,0.398531036245063,50.5184169390548
"New York",2020-04-01,43,52,0.05,1417921,0.398687434222459,50.4175069392734
"New York",2020-04-01,44,52,0.05,1417921,0.398290779576705,50.6194616092594
"New York",2020-04-01,45,52,0.05,1417921,0.399464314605271,50.0239886757837
"New York",2020-04-01,46,52,0.05,1417921,0.398691093488989,50.3919472512311
"New York",2020-04-01,47,52,0.05,1417921,0.398650606565249,50.4487642769658
"New York",2020-04-01,48,52,0.05,1417921,0.398484312504685,50.4885430420681
"New York",2020-04-01,49,52,0.05,1417921,0.398545084597467,50.405983314786
"New York",2020-04-01,50,52,0.05,1417921,0.398784434332505,50.3051923542473
"New York",2020-04-01,51,52,0.05,1417921,0.399027305144608,50.2130285565398
"New York",2020-04-01,52,52,0.05,1417921,0.398951888545821,50.1276126630171
"New York",2020-04-01,53,52,0.05,1417921,0.398734909702846,50.2867552940192
"New York",2020-04-01,54,52,0.05,1417921,0.399004575030069,50.1511659556811
"New York",2020-04-01,55,52,0.05,1417921,0.399328658904845,50.0564122655297
"New York",2020-04-01,56,52,0.05,1417921,0.39876907952467,50.398491114976
"New York",2020-04-01,57,52,0.05,1417921,0.398834789986162,50.2775827316234
"New York",2020-04-01,58,52,0.05,1417921,0.398418451696988,50.5570070209461
"New York",2020-04-01,59,52,0.05,1417921,0.399085332288989,50.1896555488873
"New York",2020-04-01,60,52,0.05,1417921,0.398536368897655,50.4918968696574
"New York",2020-04-01,61,52,0.05,1417921,0.398322248305141,50.5752537615513
"New York",2020-04-01,62,52,0.05,1417921,0.398915136223782,50.1850654755243
"New York",2020-04-01,63,52,0.05,1417921,0.398563994782842,50.4227181786038
"New York",2020-04-01,64,52,0.05,1417921,0.39883210282747,50.3037175897036
"New York",2020-04-01,65,52,0.05,1417921,0.398077051456739,50.6702744638808
"New York",2020-04-01,66,52,0.05,1417921,0.398273837903081,50.594204955633
"New York",2020-04-01,67,52,0.05,1417921,0.39850139408361,50.4845012103789
"New York",2020-04-01,68,52,0.05,1417921,0.399243767520967,50.0744735290295
"New York",2020-04-01,69,52,0.05,1417921,0.398920952432277,50.2310813917405
"New York",2020-04-01,70,52,0.05,1417921,0.398640813376349,50.4304787355169
"New York",2020-04-01,71,52,0.05,1417921,0.399373920301646,50.0712675264522
"New York",2020-04-01,72,52,0.05,1417921,0.398675975386611,50.3903869620111
"New York",2020-04-01,73,52,0.05,1417921,0.39847346531069,50.4528987021046
"New York",2020-04-01,74,52,0.05,1417921,0.398685004186528,50.3787776962913
"New York",2020-04-01,75,52,0.05,1417921,0.398513341494012,50.4784509123809
"New York",2020-04-01,76,52,0.05,1417921,0.398772205681459,50.235714498461
"New York",2020-04-01,77,52,0.05,1417921,0.398884344113175,50.1857025454705
"New York",2020-04-01,78,52,0.05,1417921,0.399289164341615,50.0703364667663
"New York",2020-04-01,79,52,0.05,1417921,0.398642329072962,50.422864147845
"New York",2020-04-01,80,52,0.05,1417921,0.398630701050321,50.4004123773555
"New York",2020-04-01,81,52,0.05,1417921,0.398952255410776,50.2400104165434
"New York",2020-04-01,82,52,0.05,1417921,0.398684367064951,50.442495059992
"New York",2020-04-01,83,52,0.05,1417921,0.398744482190675,50.2686523215727
"New York",2020-04-01,84,52,0.05,1417921,0.398726008106978,50.3419902725889
"New York",2020-04-01,85,52,0.05,1417921,0.398485045096018,50.477890374751
"New York",2020-04-01,86,52,0.05,1417921,0.398446466461082,50.5258067933393
"New York",2020-04-01,87,52,0.05,1417921,0.398961612181885,50.1741211212983
"New York",2020-04-01,88,52,0.05,1417921,0.398688596506388,50.3962560276236
"New York",2020-04-01,89,52,0.05,1417921,0.398131820188916,50.6341385838217
"New York",2020-04-01,90,52,0.05,1417921,0.399129096643681,50.1518112947218
"New York",2020-04-01,91,52,0.05,1417921,0.398703152169217,50.2992286966747
"New York",2020-04-01,92,52,0.05,1417921,0.398497777642423,50.4342286549812
"New York",2020-04-01,93,52,0.05,1417921,0.398707583448689,50.348063174486
"New York",2020-04-01,94,52,0.05,1417921,0.398826860511477,50.3228586768862
"New York",2020-04-01,95,52,0.05,1417921,0.398663499120162,50.304821960915
"New York",2020-04-01,96,52,0.05,1417921,0.398392516401825,50.4984658877137
"New York",2020-04-01,97,52,0.05,1417921,0.39894725663442,50.2341167050648
"New York",2020-04-01,98,52,0.05,1417921,0.398882251166627,50.2329957285869
"New York",2020-04-01,99,52,0.05,1417921,0.398953812833821,50.2147759971241
"New York",2020-04-01,100,52,0.05,1417921,0.398225664218179,50.5800209183897
"New York",2020-04-02,1,52,0.05,1398489,0.396104228110508,51.1807579332032
"New York",2020-04-02,2,52,0.05,1398489,0.395531513102122,51.5106631549456
"New York",2020-04-02,3,52,0.05,1398489,0.396134278795848,51.1418519225811
"New York",2020-04-02,4,52,0.05,1398489,0.396005364524528,51.3038115253337
"New York",2020-04-02,5,52,0.05,1398489,0.396010709186401,51.3542699089687
"New York",2020-04-02,6,52,0.05,1398489,0.396387307199076,51.0842706049917
"New York",2020-04-02,7,52,0.05,1398489,0.396581677964466,50.9797292285343
"New York",2020-04-02,8,52,0.05,1398489,0.395746542393361,51.4313294781411
"New York",2020-04-02,9,52,0.05,1398489,0.396132287303168,51.2202095532134
"New York",2020-04-02,10,52,0.05,1398489,0.396057767415101,51.303553642602
"New York",2020-04-02,11,52,0.05,1398489,0.396211620818511,51.0541351401702
"New York",2020-04-02,12,52,0.05,1398489,0.395986260410662,51.1961800767187
"New York",2020-04-02,13,52,0.05,1398489,0.396311856578713,51.1264685001059
"New York",2020-04-02,14,52,0.05,1398489,0.395706379065818,51.4589731340264
"New York",2020-04-02,15,52,0.05,1398489,0.396069693763654,51.2093973184477
"New York",2020-04-02,16,52,0.05,1398489,0.396490725362846,50.980829640637
"New York",2020-04-02,17,52,0.05,1398489,0.396092793563333,51.2033332195573
"New York",2020-04-02,18,52,0.05,1398489,0.395931118684166,51.2890433787959
"New York",2020-04-02,19,52,0.05,1398489,0.396132929465985,51.1780412815295
"New York",2020-04-02,20,52,0.05,1398489,0.396185161119926,51.0897983929896
"New York",2020-04-02,21,52,0.05,1398489,0.396181237678871,51.2162465663897
"New York",2020-04-02,22,52,0.05,1398489,0.395934782064585,51.2852868727889
"New York",2020-04-02,23,52,0.05,1398489,0.396482857334821,50.9481477629251
"New York",2020-04-02,24,52,0.05,1398489,0.396079765369213,51.2256056221159
"New York",2020-04-02,25,52,0.05,1398489,0.396556361541241,50.997204609135
"New York",2020-04-02,26,52,0.05,1398489,0.395956494616884,51.3336735454505
"New York",2020-04-02,27,52,0.05,1398489,0.396541256808492,50.9593143977947
"New York",2020-04-02,28,52,0.05,1398489,0.396605256989789,50.9383251802217
"New York",2020-04-02,29,52,0.05,1398489,0.396063926704796,51.2577219969971
"New York",2020-04-02,30,52,0.05,1398489,0.395984469838252,51.2426005077265
"New York",2020-04-02,31,52,0.05,1398489,0.395881599508658,51.3000912842821
"New York",2020-04-02,32,52,0.05,1398489,0.395809440310035,51.4552533158827
"New York",2020-04-02,33,52,0.05,1398489,0.396050941347995,51.3145743512699
"New York",2020-04-02,34,52,0.05,1398489,0.395471036274853,51.5887899789672
"New York",2020-04-02,35,52,0.05,1398489,0.396865910731096,50.8696277912339
"New York",2020-04-02,36,52,0.05,1398489,0.395949718149968,51.3130542521638
"New York",2020-04-02,37,52,0.05,1398489,0.39584199962987,51.4138705262177
"New York",2020-04-02,38,52,0.05,1398489,0.395738283074515,51.4293293335278
"New York",2020-04-02,39,52,0.05,1398489,0.39585042249947,51.3055706212838
"New York",2020-04-02,40,52,0.05,1398489,0.396211077368452,51.1565936147411
"New York",2020-04-02,41,52,0.05,1398489,0.396360635710279,51.0923258141458
"New York",2020-04-02,42,52,0.05,1398489,0.396391608014485,50.9470190691995
"New York",2020-04-02,43,52,0.05,1398489,0.396126594781227,51.1622252068821
"New York",2020-04-02,44,52,0.05,1398489,0.396469542745186,50.9627238805251
"New York",2020-04-02,45,52,0.05,1398489,0.396772718436659,50.8789220020995
"New York",2020-04-02,46,52,0.05,1398489,0.39609183711478,51.305232879424
"New York",2020-04-02,47,52,0.05,1398489,0.396177702365293,51.147956023589
"New York",2020-04-02,48,52,0.05,1398489,0.395621317055607,51.5224122488043
"New York",2020-04-02,49,52,0.05,1398489,0.396441070898489,51.0545532471334
"New York",2020-04-02,50,52,0.05,1398489,0.395817382439615,51.4236972883817
"New York",2020-04-02,51,52,0.05,1398489,0.395554192775828,51.5262030434272
"New York",2020-04-02,52,52,0.05,1398489,0.396270370684802,51.0403964428709
"New York",2020-04-02,53,52,0.05,1398489,0.395816424397392,51.3432713830699
"New York",2020-04-02,54,52,0.05,1398489,0.396238968652377,51.1723462590503
"New York",2020-04-02,55,52,0.05,1398489,0.395249026359389,51.6371274053666
"New York",2020-04-02,56,52,0.05,1398489,0.395474206948765,51.5466655561596
"New York",2020-04-02,57,52,0.05,1398489,0.395770727313619,51.4026436101391
"New York",2020-04-02,58,52,0.05,1398489,0.396632141812185,50.923279221691
"New York",2020-04-02,59,52,0.05,1398489,0.396166370478721,51.1232871170318
"New York",2020-04-02,60,52,0.05,1398489,0.395931864935032,51.3576266325004
"New York",2020-04-02,61,52,0.05,1398489,0.396762884614933,50.9207876552066
"New York",2020-04-02,62,52,0.05,1398489,0.39595171912877,51.2991753653317
"New York",2020-04-02,63,52,0.05,1398489,0.395749629780575,51.3636665253132
"New York",2020-04-02,64,52,0.05,1398489,0.395942994142742,51.296251834522
"New York",2020-04-02,65,52,0.05,1398489,0.395693233119578,51.4316608556608
"New York",2020-04-02,66,52,0.05,1398489,0.396064695978829,51.1075993834501
"New York",2020-04-02,67,52,0.05,1398489,0.396156924858221,51.0677924740583
"New York",2020-04-02,68,52,0.05,1398489,0.39665299407835,50.9163453339674
"New York",2020-04-02,69,52,0.05,1398489,0.395910662434976,51.34421337324
"New York",2020-04-02,70,52,0.05,1398489,0.395891636372267,51.3250410052599
"New York",2020-04-02,71,52,0.05,1398489,0.396302343513437,51.1085236222702
"New York",2020-04-02,72,52,0.05,1398489,0.395935580513534,51.3847213178334
"New York",2020-04-02,73,52,0.05,1398489,0.396097502242539,51.1422402869414
"New York",2020-04-02,74,52,0.05,1398489,0.396017965024469,51.2489089797552
"New York",2020-04-02,75,52,0.05,1398489,0.395745597588725,51.4051355475265
"New York",2020-04-02,76,52,0.05,1398489,0.395662952679715,51.4891462859677
"New York",2020-04-02,77,52,0.05,1398489,0.396304890630928,51.033563964651
"New York",2020-04-02,78,52,0.05,1398489,0.396051697572096,51.2871807619645
"New York",2020-04-02,79,52,0.05,1398489,0.395357731416698,51.5838272447726
"New York",2020-04-02,80,52,0.05,1398489,0.396497991424405,51.0057632146615
"New York",2020-04-02,81,52,0.05,1398489,0.396044110634322,51.1670841268295
"New York",2020-04-02,82,52,0.05,1398489,0.395721834339411,51.3587434167461
"New York",2020-04-02,83,52,0.05,1398489,0.396045879671384,51.2280281577848
"New York",2020-04-02,84,52,0.05,1398489,0.3960701298444,51.2521268833596
"New York",2020-04-02,85,52,0.05,1398489,0.395927436249668,51.2075823206051
"New York",2020-04-02,86,52,0.05,1398489,0.395687228198059,51.41392045095
"New York",2020-04-02,87,52,0.05,1398489,0.396340353833849,51.0826445331804
"New York",2020-04-02,88,52,0.05,1398489,0.396249521062386,51.0899055548506
"New York",2020-04-02,89,52,0.05,1398489,0.396325977854668,51.0922217921688
"New York",2020-04-02,90,52,0.05,1398489,0.395411852578379,51.5337788245632
"New York",2020-04-02,91,52,0.05,1398489,0.395678774824211,51.478924297693
"New York",2020-04-02,92,52,0.05,1398489,0.39585989575209,51.386030214401
"New York",2020-04-02,93,52,0.05,1398489,0.395759942887168,51.4234483664666
"New York",2020-04-02,94,52,0.05,1398489,0.395841239250316,51.3291118496317
"New York",2020-04-02,95,52,0.05,1398489,0.396239371184148,51.1121638669417
"New York",2020-04-02,96,52,0.05,1398489,0.395777553624462,51.3791896246709
"New York",2020-04-02,97,52,0.05,1398489,0.395539916788706,51.5131182694292
"New York",2020-04-02,98,52,0.05,1398489,0.396126595935756,51.2454678680594
"New York",2020-04-02,99,52,0.05,1398489,0.396363220266837,51.0727600948035
"New York",2020-04-02,100,52,0.05,1398489,0.395860175111392,51.3470538898934
"New York",2020-04-03,1,52,0.05,1375166,0.398807422975128,49.2070519344328
"New York",2020-04-03,2,52,0.05,1375166,0.398594227514738,49.3243263147839
"New York",2020-04-03,3,52,0.05,1375166,0.399031699732879,49.2284514870532
"New York",2020-04-03,4,52,0.05,1375166,0.398486166027013,49.5059553769116
"New York",2020-04-03,5,52,0.05,1375166,0.398623606934622,49.343834852094
"New York",2020-04-03,6,52,0.05,1375166,0.399113792016693,49.1397479199432
"New York",2020-04-03,7,52,0.05,1375166,0.398821347275007,49.2924187036009
"New York",2020-04-03,8,52,0.05,1375166,0.398685076096277,49.3708717910346
"New York",2020-04-03,9,52,0.05,1375166,0.398707349261137,49.3152054975567
"New York",2020-04-03,10,52,0.05,1375166,0.398902050988888,49.2150588150999
"New York",2020-04-03,11,52,0.05,1375166,0.398768976351759,49.3365185983616
"New York",2020-04-03,12,52,0.05,1375166,0.39863136365764,49.380117271876
"New York",2020-04-03,13,52,0.05,1375166,0.399105662944924,49.1050820359752
"New York",2020-04-03,14,52,0.05,1375166,0.398670105554763,49.3594010678578
"New York",2020-04-03,15,52,0.05,1375166,0.399190862350158,49.1290869892489
"New York",2020-04-03,16,52,0.05,1375166,0.398709135005792,49.387220386312
"New York",2020-04-03,17,52,0.05,1375166,0.399097969861169,49.1363194157658
"New York",2020-04-03,18,52,0.05,1375166,0.399116020662141,49.123508649446
"New York",2020-04-03,19,52,0.05,1375166,0.398708860507056,49.3651125918439
"New York",2020-04-03,20,52,0.05,1375166,0.398601146925446,49.3571059462649
"New York",2020-04-03,21,52,0.05,1375166,0.398454859212386,49.4274452238072
"New York",2020-04-03,22,52,0.05,1375166,0.39846951876816,49.529249313577
"New York",2020-04-03,23,52,0.05,1375166,0.398659306214551,49.4181543277495
"New York",2020-04-03,24,52,0.05,1375166,0.398257659317094,49.6134970120973
"New York",2020-04-03,25,52,0.05,1375166,0.399374249702558,49.0462574141237
"New York",2020-04-03,26,52,0.05,1375166,0.398640490524144,49.3980322995932
"New York",2020-04-03,27,52,0.05,1375166,0.398508037880006,49.4762710900914
"New York",2020-04-03,28,52,0.05,1375166,0.398396733214095,49.5074250824669
"New York",2020-04-03,29,52,0.05,1375166,0.398544918772035,49.4102523180723
"New York",2020-04-03,30,52,0.05,1375166,0.398735992836108,49.3110072699168
"New York",2020-04-03,31,52,0.05,1375166,0.398939171745746,49.2408298712951
"New York",2020-04-03,32,52,0.05,1375166,0.398992810995455,49.1177472960479
"New York",2020-04-03,33,52,0.05,1375166,0.398830089643208,49.2665093332675
"New York",2020-04-03,34,52,0.05,1375166,0.399132797596465,49.1064301556237
"New York",2020-04-03,35,52,0.05,1375166,0.399327180689495,49.058652536973
"New York",2020-04-03,36,52,0.05,1375166,0.398742392798791,49.4023023260646
"New York",2020-04-03,37,52,0.05,1375166,0.398779031257687,49.2895026042607
"New York",2020-04-03,38,52,0.05,1375166,0.398310682235234,49.5805363883995
"New York",2020-04-03,39,52,0.05,1375166,0.399089750774803,49.1747924989028
"New York",2020-04-03,40,52,0.05,1375166,0.398517934378379,49.4870011695801
"New York",2020-04-03,41,52,0.05,1375166,0.398301481601328,49.5693276086207
"New York",2020-04-03,42,52,0.05,1375166,0.398965964672697,49.166295250207
"New York",2020-04-03,43,52,0.05,1375166,0.398522652574501,49.4324026448817
"New York",2020-04-03,44,52,0.05,1375166,0.398793119157825,49.3167929156811
"New York",2020-04-03,45,52,0.05,1375166,0.398043359838372,49.6690249749405
"New York",2020-04-03,46,52,0.05,1375166,0.398336957108254,49.5638488623291
"New York",2020-04-03,47,52,0.05,1375166,0.398389411244014,49.5042761935836
"New York",2020-04-03,48,52,0.05,1375166,0.399215834460073,49.0803131644021
"New York",2020-04-03,49,52,0.05,1375166,0.398701270459297,49.2853099757275
"New York",2020-04-03,50,52,0.05,1375166,0.398625156570478,49.4305837465274
"New York",2020-04-03,51,52,0.05,1375166,0.399402234169599,49.0659220420908
"New York",2020-04-03,52,52,0.05,1375166,0.398646919464659,49.3921197093228
"New York",2020-04-03,53,52,0.05,1375166,0.398388832802819,49.4637207625429
"New York",2020-04-03,54,52,0.05,1375166,0.398563699524882,49.4035569780227
"New York",2020-04-03,55,52,0.05,1375166,0.398412395801581,49.4924707967636
"New York",2020-04-03,56,52,0.05,1375166,0.398686910854848,49.2533532821351
"New York",2020-04-03,57,52,0.05,1375166,0.39881027491581,49.2034448309865
"New York",2020-04-03,58,52,0.05,1375166,0.399170178631359,49.1035874631804
"New York",2020-04-03,59,52,0.05,1375166,0.398605214430021,49.4236099127022
"New York",2020-04-03,60,52,0.05,1375166,0.398447583784554,49.4441650113133
"New York",2020-04-03,61,52,0.05,1375166,0.398860460120653,49.2557952111972
"New York",2020-04-03,62,52,0.05,1375166,0.398564795940504,49.466135633238
"New York",2020-04-03,63,52,0.05,1375166,0.398676620720731,49.2809648718577
"New York",2020-04-03,64,52,0.05,1375166,0.398626432237726,49.365339563005
"New York",2020-04-03,65,52,0.05,1375166,0.398350855171923,49.5143980145653
"New York",2020-04-03,66,52,0.05,1375166,0.398384806741082,49.5355241679418
"New York",2020-04-03,67,52,0.05,1375166,0.398854413313098,49.1944925632659
"New York",2020-04-03,68,52,0.05,1375166,0.398782013731811,49.3584000394956
"New York",2020-04-03,69,52,0.05,1375166,0.398207375748055,49.6045685973414
"New York",2020-04-03,70,52,0.05,1375166,0.399038823323281,49.1746054255324
"New York",2020-04-03,71,52,0.05,1375166,0.398688480949759,49.2997748028385
"New York",2020-04-03,72,52,0.05,1375166,0.398438982774069,49.4356383244828
"New York",2020-04-03,73,52,0.05,1375166,0.398822998156846,49.3107346568126
"New York",2020-04-03,74,52,0.05,1375166,0.398743674720774,49.3402246126808
"New York",2020-04-03,75,52,0.05,1375166,0.398548931287026,49.327719688082
"New York",2020-04-03,76,52,0.05,1375166,0.398524925699632,49.4564822115239
"New York",2020-04-03,77,52,0.05,1375166,0.399014172360876,49.2189710019278
"New York",2020-04-03,78,52,0.05,1375166,0.398867034480237,49.2351839031297
"New York",2020-04-03,79,52,0.05,1375166,0.398909573902428,49.2310704221313
"New York",2020-04-03,80,52,0.05,1375166,0.398232969962788,49.5703589067236
"New York",2020-04-03,81,52,0.05,1375166,0.398403596947907,49.5324137497426
"New York",2020-04-03,82,52,0.05,1375166,0.398613551791811,49.4405639206131
"New York",2020-04-03,83,52,0.05,1375166,0.398554466841418,49.4641114323609
"New York",2020-04-03,84,52,0.05,1375166,0.398454469305224,49.4436923579494
"New York",2020-04-03,85,52,0.05,1375166,0.398759667746049,49.2855049443057
"New York",2020-04-03,86,52,0.05,1375166,0.398497040080943,49.4474918206039
"New York",2020-04-03,87,52,0.05,1375166,0.398289380861785,49.5753567403801
"New York",2020-04-03,88,52,0.05,1375166,0.398709193140272,49.3730668714518
"New York",2020-04-03,89,52,0.05,1375166,0.398999415453184,49.2072604095717
"New York",2020-04-03,90,52,0.05,1375166,0.398561689052197,49.426030118678
"New York",2020-04-03,91,52,0.05,1375166,0.398518878916001,49.4915474597188
"New York",2020-04-03,92,52,0.05,1375166,0.398635674629524,49.4103128784077
"New York",2020-04-03,93,52,0.05,1375166,0.398656250872354,49.3272843934579
"New York",2020-04-03,94,52,0.05,1375166,0.398835389066574,49.3637603883125
"New York",2020-04-03,95,52,0.05,1375166,0.398507289563987,49.391111795908
"New York",2020-04-03,96,52,0.05,1375166,0.398295220375719,49.5497472552304
"New York",2020-04-03,97,52,0.05,1375166,0.398562696459883,49.3231100637117
"New York",2020-04-03,98,52,0.05,1375166,0.398630458691645,49.4111292365747
"New York",2020-04-03,99,52,0.05,1375166,0.398519813835867,49.4180426294378
"New York",2020-04-03,100,52,0.05,1375166,0.39835140534655,49.5295828530251
"New York",2020-04-04,1,52,0.05,1348754,0.398100072421093,48.6986853372919
"New York",2020-04-04,2,52,0.05,1348754,0.398080681955272,48.7044743686995
"New York",2020-04-04,3,52,0.05,1348754,0.398490143764316,48.4611167640747
"New York",2020-04-04,4,52,0.05,1348754,0.398092179795921,48.6898621379055
"New York",2020-04-04,5,52,0.05,1348754,0.398577802126461,48.4778294855272
"New York",2020-04-04,6,52,0.05,1348754,0.398104311023853,48.726033431171
"New York",2020-04-04,7,52,0.05,1348754,0.398405664503103,48.5120448341737
"New York",2020-04-04,8,52,0.05,1348754,0.398529675049444,48.4679212130155
"New York",2020-04-04,9,52,0.05,1348754,0.398114713686246,48.7044233718489
"New York",2020-04-04,10,52,0.05,1348754,0.398027445894831,48.690211286649
"New York",2020-04-04,11,52,0.05,1348754,0.397895188326794,48.7520192908888
"New York",2020-04-04,12,52,0.05,1348754,0.397895476716861,48.8432673038744
"New York",2020-04-04,13,52,0.05,1348754,0.398038267779846,48.7631281835509
"New York",2020-04-04,14,52,0.05,1348754,0.397688611867151,48.9269760504435
"New York",2020-04-04,15,52,0.05,1348754,0.398818542698808,48.3934890914036
"New York",2020-04-04,16,52,0.05,1348754,0.398019814592648,48.7371155596498
"New York",2020-04-04,17,52,0.05,1348754,0.398006432574481,48.7769963999008
"New York",2020-04-04,18,52,0.05,1348754,0.397836078990919,48.8268553922028
"New York",2020-04-04,19,52,0.05,1348754,0.397971558079215,48.7374100705427
"New York",2020-04-04,20,52,0.05,1348754,0.398062766526324,48.6773449436415
"New York",2020-04-04,21,52,0.05,1348754,0.398308201724066,48.6011151677981
"New York",2020-04-04,22,52,0.05,1348754,0.39836182241895,48.4827389066831
"New York",2020-04-04,23,52,0.05,1348754,0.398195473818076,48.6183347066799
"New York",2020-04-04,24,52,0.05,1348754,0.398511106314883,48.4664998551109
"New York",2020-04-04,25,52,0.05,1348754,0.398660222149589,48.4359331754514
"New York",2020-04-04,26,52,0.05,1348754,0.398158560126984,48.7341046147811
"New York",2020-04-04,27,52,0.05,1348754,0.398124524241558,48.6465848669802
"New York",2020-04-04,28,52,0.05,1348754,0.397754349519495,48.8881390855677
"New York",2020-04-04,29,52,0.05,1348754,0.398448531078417,48.538352697466
"New York",2020-04-04,30,52,0.05,1348754,0.397959245062783,48.8022165141411
"New York",2020-04-04,31,52,0.05,1348754,0.397763404293017,48.8762249561724
"New York",2020-04-04,32,52,0.05,1348754,0.398336544211328,48.5232518418306
"New York",2020-04-04,33,52,0.05,1348754,0.397946774051403,48.7671380267255
"New York",2020-04-04,34,52,0.05,1348754,0.398207754457164,48.6605211675718
"New York",2020-04-04,35,52,0.05,1348754,0.397551156004772,48.9651810749381
"New York",2020-04-04,36,52,0.05,1348754,0.397759707702149,48.8767393512691
"New York",2020-04-04,37,52,0.05,1348754,0.39780361707193,48.8399154287713
"New York",2020-04-04,38,52,0.05,1348754,0.398622912870741,48.4383623630153
"New York",2020-04-04,39,52,0.05,1348754,0.398164726785393,48.6104770609268
"New York",2020-04-04,40,52,0.05,1348754,0.398041037356359,48.7547063563272
"New York",2020-04-04,41,52,0.05,1348754,0.398783401736936,48.4234220140843
"New York",2020-04-04,42,52,0.05,1348754,0.398120174137501,48.7040625895547
"New York",2020-04-04,43,52,0.05,1348754,0.397811929841015,48.7848277102595
"New York",2020-04-04,44,52,0.05,1348754,0.398001091151155,48.7296868802707
"New York",2020-04-04,45,52,0.05,1348754,0.397897996508088,48.7945404769435
"New York",2020-04-04,46,52,0.05,1348754,0.398056734995735,48.6091412668267
"New York",2020-04-04,47,52,0.05,1348754,0.398198890335058,48.551515738346
"New York",2020-04-04,48,52,0.05,1348754,0.398544168404614,48.4658721484855
"New York",2020-04-04,49,52,0.05,1348754,0.398061396854118,48.7393801703008
"New York",2020-04-04,50,52,0.05,1348754,0.397916124266797,48.7614340359831
"New York",2020-04-04,51,52,0.05,1348754,0.398244802638271,48.6122573145662
"New York",2020-04-04,52,52,0.05,1348754,0.398022744619581,48.7788995805868
"New York",2020-04-04,53,52,0.05,1348754,0.39808851758116,48.6177933187031
"New York",2020-04-04,54,52,0.05,1348754,0.39802601652933,48.7045648486117
"New York",2020-04-04,55,52,0.05,1348754,0.397846653729821,48.8183518143739
"New York",2020-04-04,56,52,0.05,1348754,0.397824014387634,48.8506809685667
"New York",2020-04-04,57,52,0.05,1348754,0.398298047061415,48.5313706981013
"New York",2020-04-04,58,52,0.05,1348754,0.398194234577884,48.6965875075067
"New York",2020-04-04,59,52,0.05,1348754,0.397632622880047,48.9244622892931
"New York",2020-04-04,60,52,0.05,1348754,0.398382368190196,48.5427483732248
"New York",2020-04-04,61,52,0.05,1348754,0.398059382305424,48.6614729498108
"New York",2020-04-04,62,52,0.05,1348754,0.397841542725938,48.7744462736178
"New York",2020-04-04,63,52,0.05,1348754,0.398252955309793,48.6460583195073
"New York",2020-04-04,64,52,0.05,1348754,0.398152664988698,48.6750169924832
"New York",2020-04-04,65,52,0.05,1348754,0.397973978626398,48.6643524418709
"New York",2020-04-04,66,52,0.05,1348754,0.397957018483778,48.7740251879965
"New York",2020-04-04,67,52,0.05,1348754,0.398360892281425,48.5843505264928
"New York",2020-04-04,68,52,0.05,1348754,0.398237743837053,48.5907810299174
"New York",2020-04-04,69,52,0.05,1348754,0.398286164578702,48.5838470173822
"New York",2020-04-04,70,52,0.05,1348754,0.39763880727275,48.8952382913481
"New York",2020-04-04,71,52,0.05,1348754,0.397874853393018,48.8390920951212
"New York",2020-04-04,72,52,0.05,1348754,0.398047144629109,48.7677042029093
"New York",2020-04-04,73,52,0.05,1348754,0.39794705388442,48.7979239183782
"New York",2020-04-04,74,52,0.05,1348754,0.397921303930781,48.7676588452376
"New York",2020-04-04,75,52,0.05,1348754,0.398118248982579,48.6398585684339
"New York",2020-04-04,76,52,0.05,1348754,0.397932691855922,48.7719130470405
"New York",2020-04-04,77,52,0.05,1348754,0.397712741725495,48.9041238053537
"New York",2020-04-04,78,52,0.05,1348754,0.398092702858044,48.7194787339495
"New York",2020-04-04,79,52,0.05,1348754,0.39838824947825,48.5601524472966
"New York",2020-04-04,80,52,0.05,1348754,0.398017199484109,48.7353476751659
"New York",2020-04-04,81,52,0.05,1348754,0.397902801407653,48.8271163406988
"New York",2020-04-04,82,52,0.05,1348754,0.398043610469116,48.7391510152713
"New York",2020-04-04,83,52,0.05,1348754,0.398094947132649,48.6587996850546
"New York",2020-04-04,84,52,0.05,1348754,0.398251042136843,48.6957668410412
"New York",2020-04-04,85,52,0.05,1348754,0.397964970686156,48.7116236840337
"New York",2020-04-04,86,52,0.05,1348754,0.397700140385733,48.8783030303174
"New York",2020-04-04,87,52,0.05,1348754,0.397936300767352,48.6758640803565
"New York",2020-04-04,88,52,0.05,1348754,0.398005338377163,48.7514526720718
"New York",2020-04-04,89,52,0.05,1348754,0.39794976983869,48.7441813112666
"New York",2020-04-04,90,52,0.05,1348754,0.397783290440904,48.8560320750182
"New York",2020-04-04,91,52,0.05,1348754,0.398223855792869,48.5411593840357
"New York",2020-04-04,92,52,0.05,1348754,0.397897281457475,48.7509514878675
"New York",2020-04-04,93,52,0.05,1348754,0.398525447088932,48.5534307422521
"New York",2020-04-04,94,52,0.05,1348754,0.397997481484826,48.7662076942257
"New York",2020-04-04,95,52,0.05,1348754,0.398263570003317,48.6306593292314
"New York",2020-04-04,96,52,0.05,1348754,0.398297593129117,48.6260247629294
"New York",2020-04-04,97,52,0.05,1348754,0.397929738344159,48.8070746984647
"New York",2020-04-04,98,52,0.05,1348754,0.398109119494075,48.7045063334543
"New York",2020-04-04,99,52,0.05,1348754,0.398357241942518,48.5688337736628
"New York",2020-04-04,100,52,0.05,1348754,0.397776752357024,48.893589048262
"New York",2020-04-05,1,52,0.05,1243746,0.395167073037577,46.0579889457885
"New York",2020-04-05,2,52,0.05,1243746,0.395141983292174,46.1576772782262
"New York",2020-04-05,3,52,0.05,1243746,0.395344325891124,46.0562731443452
"New York",2020-04-05,4,52,0.05,1243746,0.394976536041955,46.2405430072291
"New York",2020-04-05,5,52,0.05,1243746,0.396124879641171,45.6916954299813
"New York",2020-04-05,6,52,0.05,1243746,0.395351102937147,46.035582105004
"New York",2020-04-05,7,52,0.05,1243746,0.395259058351622,46.0981981220438
"New York",2020-04-05,8,52,0.05,1243746,0.395059051847233,46.1475604337483
"New York",2020-04-05,9,52,0.05,1243746,0.395237076008861,46.050973777912
"New York",2020-04-05,10,52,0.05,1243746,0.395327258989372,45.9845829686339
"New York",2020-04-05,11,52,0.05,1243746,0.395663268992173,45.891272614756
"New York",2020-04-05,12,52,0.05,1243746,0.395632565177387,45.7816029152147
"New York",2020-04-05,13,52,0.05,1243746,0.395427234280983,45.9440901867886
"New York",2020-04-05,14,52,0.05,1243746,0.395705597465356,45.7918713457595
"New York",2020-04-05,15,52,0.05,1243746,0.396005688591371,45.7262107682881
"New York",2020-04-05,16,52,0.05,1243746,0.395388047228567,46.0498631692567
"New York",2020-04-05,17,52,0.05,1243746,0.395484350204876,45.934085604455
"New York",2020-04-05,18,52,0.05,1243746,0.394972363145712,46.2131711667931
"New York",2020-04-05,19,52,0.05,1243746,0.395764924041662,45.8471852630537
"New York",2020-04-05,20,52,0.05,1243746,0.395180232760422,46.1359530967444
"New York",2020-04-05,21,52,0.05,1243746,0.394991646372409,46.1969131668682
"New York",2020-04-05,22,52,0.05,1243746,0.395561351373018,45.8379196648471
"New York",2020-04-05,23,52,0.05,1243746,0.395192830583526,46.0814479465102
"New York",2020-04-05,24,52,0.05,1243746,0.395405479011711,45.9789789922176
"New York",2020-04-05,25,52,0.05,1243746,0.394735091922398,46.2929803521684
"New York",2020-04-05,26,52,0.05,1243746,0.394974129375378,46.1988460797669
"New York",2020-04-05,27,52,0.05,1243746,0.395031362329997,46.1402838187607
"New York",2020-04-05,28,52,0.05,1243746,0.395873853529836,45.7595839934565
"New York",2020-04-05,29,52,0.05,1243746,0.395456550016764,45.9186271964938
"New York",2020-04-05,30,52,0.05,1243746,0.395253375572878,46.0826850086646
"New York",2020-04-05,31,52,0.05,1243746,0.396007466395935,45.7477398489515
"New York",2020-04-05,32,52,0.05,1243746,0.395342726934621,46.0332718042343
"New York",2020-04-05,33,52,0.05,1243746,0.395069891278688,46.1038821416327
"New York",2020-04-05,34,52,0.05,1243746,0.395201689050697,46.0522740877978
"New York",2020-04-05,35,52,0.05,1243746,0.395198305367705,46.0999584585379
"New York",2020-04-05,36,52,0.05,1243746,0.395306699434126,45.9250738577055
"New York",2020-04-05,37,52,0.05,1243746,0.395387877680557,45.8803678272139
"New York",2020-04-05,38,52,0.05,1243746,0.395865841022994,45.7584906014913
"New York",2020-04-05,39,52,0.05,1243746,0.39521164021358,46.077531943502
"New York",2020-04-05,40,52,0.05,1243746,0.394997990057236,46.1219022986907
"New York",2020-04-05,41,52,0.05,1243746,0.395608359897876,45.8901292088462
"New York",2020-04-05,42,52,0.05,1243746,0.395256872704018,46.101585027548
"New York",2020-04-05,43,52,0.05,1243746,0.395282976406179,45.9410965594971
"New York",2020-04-05,44,52,0.05,1243746,0.395299040368666,46.0173594965434
"New York",2020-04-05,45,52,0.05,1243746,0.394991920997668,46.1568158227851
"New York",2020-04-05,46,52,0.05,1243746,0.394969350643505,46.1964832438126
"New York",2020-04-05,47,52,0.05,1243746,0.395635719407064,45.8293203538462
"New York",2020-04-05,48,52,0.05,1243746,0.395447706807335,46.0032631278268
"New York",2020-04-05,49,52,0.05,1243746,0.394802646904744,46.2360437607264
"New York",2020-04-05,50,52,0.05,1243746,0.395700103070388,45.8427429368323
"New York",2020-04-05,51,52,0.05,1243746,0.395330367033806,45.9633175767907
"New York",2020-04-05,52,52,0.05,1243746,0.395161613821372,46.0626077425578
"New York",2020-04-05,53,52,0.05,1243746,0.395447876000027,45.9694280596313
"New York",2020-04-05,54,52,0.05,1243746,0.395496682652274,45.9773943920559
"New York",2020-04-05,55,52,0.05,1243746,0.395244478039685,45.9759902012648
"New York",2020-04-05,56,52,0.05,1243746,0.395258900377238,46.0779304875113
"New York",2020-04-05,57,52,0.05,1243746,0.395622654688516,45.9027044619823
"New York",2020-04-05,58,52,0.05,1243746,0.39547974744597,45.9024686584035
"New York",2020-04-05,59,52,0.05,1243746,0.395540782618031,45.8878857292028
"New York",2020-04-05,60,52,0.05,1243746,0.394757413662707,46.2365756387637
"New York",2020-04-05,61,52,0.05,1243746,0.395095246378946,46.1653012120098
"New York",2020-04-05,62,52,0.05,1243746,0.39528906858673,46.0865017158294
"New York",2020-04-05,63,52,0.05,1243746,0.395203052626185,46.1145883781341
"New York",2020-04-05,64,52,0.05,1243746,0.39518218077571,46.0688487819805
"New York",2020-04-05,65,52,0.05,1243746,0.395402862976836,45.942771919781
"New York",2020-04-05,66,52,0.05,1243746,0.395114388808865,46.1022949627608
"New York",2020-04-05,67,52,0.05,1243746,0.394933732341749,46.2081265113584
"New York",2020-04-05,68,52,0.05,1243746,0.395397682949171,46.022748000133
"New York",2020-04-05,69,52,0.05,1243746,0.395668626856609,45.8694890019628
"New York",2020-04-05,70,52,0.05,1243746,0.395261562448501,46.0523780227793
"New York",2020-04-05,71,52,0.05,1243746,0.395116775223145,46.1558081593729
"New York",2020-04-05,72,52,0.05,1243746,0.395332253139193,46.0590338530976
"New York",2020-04-05,73,52,0.05,1243746,0.3952692401641,45.9833015007627
"New York",2020-04-05,74,52,0.05,1243746,0.395499195484733,46.0246005324282
"New York",2020-04-05,75,52,0.05,1243746,0.395190162285519,46.0331962152319
"New York",2020-04-05,76,52,0.05,1243746,0.39501380767354,46.1771571901817
"New York",2020-04-05,77,52,0.05,1243746,0.395133191277773,46.0007856220089
"New York",2020-04-05,78,52,0.05,1243746,0.395293257106574,46.0581436375094
"New York",2020-04-05,79,52,0.05,1243746,0.395097254121914,46.0850040665432
"New York",2020-04-05,80,52,0.05,1243746,0.394945084012435,46.1807551445384
"New York",2020-04-05,81,52,0.05,1243746,0.395457906407976,45.8555114940046
"New York",2020-04-05,82,52,0.05,1243746,0.395139394487236,46.0583636692307
"New York",2020-04-05,83,52,0.05,1243746,0.395764055134994,45.8760688430074
"New York",2020-04-05,84,52,0.05,1243746,0.395362297921705,46.0651454875308
"New York",2020-04-05,85,52,0.05,1243746,0.395497504097454,45.9502576268586
"New York",2020-04-05,86,52,0.05,1243746,0.395665640162735,45.9186896184101
"New York",2020-04-05,87,52,0.05,1243746,0.395129462633649,46.1293479045144
"New York",2020-04-05,88,52,0.05,1243746,0.395443797289364,46.004269741545
"New York",2020-04-05,89,52,0.05,1243746,0.395755013928749,45.8561258332151
"New York",2020-04-05,90,52,0.05,1243746,0.395014116586646,46.21470190041
"New York",2020-04-05,91,52,0.05,1243746,0.395501769200364,45.9418007556613
"New York",2020-04-05,92,52,0.05,1243746,0.395203340979196,46.1106771866949
"New York",2020-04-05,93,52,0.05,1243746,0.395776562870467,45.8589687188288
"New York",2020-04-05,94,52,0.05,1243746,0.395279897796716,46.0280121173916
"New York",2020-04-05,95,52,0.05,1243746,0.395510410549392,45.9392932901849
"New York",2020-04-05,96,52,0.05,1243746,0.394903222600535,46.1821578529159
"New York",2020-04-05,97,52,0.05,1243746,0.395395982375263,46.0778610377403
"New York",2020-04-05,98,52,0.05,1243746,0.395160583849845,46.1332080645793
"New York",2020-04-05,99,52,0.05,1243746,0.395333848216838,46.0098372730542
"New York",2020-04-05,100,52,0.05,1243746,0.395410751821606,46.0070739426065
