"day","empirical","exp"
2020-02-10,965,1229.04530476529
2020-02-10,401,1124.55089702374
2020-02-10,534,1181.41826333772
2020-02-10,634,1988.8067498661
2020-02-10,806,756.111684579102
2020-02-10,627,1260.31273797323
2020-02-10,581,484.927548374443
2020-02-10,446,959.14449457913
2020-02-10,913,830.008562528271
2020-02-10,656,678.984790774582
2020-02-10,534,724.441322512163
2020-02-10,1609,590.987022202171
2020-02-10,1189,826.394229844028
2020-02-10,1363,616.630829613642
2020-02-10,1177,209.211134642756
2020-02-10,1558,1520.76272841902
2020-02-10,1105,971.825638788433
2020-02-10,1375,882.587563602637
2020-02-10,305,1081.0321587579
2020-02-10,2467,1907.8328182348
2020-02-10,2068,757.766926455042
2020-02-10,1578,1796.19173721609
2020-02-10,1819,1082.44458377559
2020-02-10,2172,1120.06760677157
2020-02-10,1729,1270.39989602542
2020-02-10,2182,1183.50534319046
2020-02-10,1288,2841.56738563195
2020-02-10,739,1709.78454641283
2020-02-10,552,909.644902046766
2020-02-10,1133,2156.49661323097
2020-02-10,875,1885.01613800205
2020-02-10,1660,1231.06397918385
2020-02-10,2125,1011.40131135467
2020-02-10,2049,1653.70605194871
2020-02-10,1619,671.232913565061
2020-02-10,1404,2368.04450590778
2020-02-10,1352,1103.16548192449
2020-02-10,1410,2062.22071436629
2020-02-10,1968,1828.59703595269
2020-02-10,2987,1966.7399708443
2020-02-10,1556,1277.26766562275
2020-02-10,804,1128.71712814787
2020-02-10,1889,976.711483142896
2020-02-10,648,717.301382208948
2020-02-10,1124,1826.53747538093
2020-02-10,1734,1239.14618110097
2020-02-10,2004,1242.11226893629
2020-02-10,1571,979.647081490982
2020-02-10,910,1873.10568557196
2020-02-10,982,1289.56553453853
2020-02-10,1327,849.462416827049
2020-02-10,1450,1357.29278986275
2020-02-10,1261,869.374014085231
2020-02-10,2759,1780.87453227277
2020-02-10,1817,2203.36501804968
2020-02-10,3712,2782.98047825334
2020-02-10,2119,2017.41195374176
2020-02-10,1724,2062.56619569834
2020-02-10,3392,2011.30602087236
2020-02-10,1066,2616.72490821938
2020-02-10,2059,2039.45172086061
2020-02-10,5505,2528.30995894398
2020-02-10,1893,1779.34269626193
2020-02-10,1632,2747.93665784999
2020-02-10,3735,1473.01531650684
2020-02-10,2562,2522.42274021873
2020-02-10,2103,1847.22970981244
2020-02-10,3148,1801.77136110386
2020-02-10,2380,2145.90119112659
2020-02-10,740,1567.10312352317
2020-02-10,962,2574.33221396016
2020-02-10,1468,1550.07250688846
2020-02-10,1598,1238.24081524207
2020-02-10,1150,1276.03442180514
2020-02-10,1590,1481.16017944034
2020-02-10,2438,1523.82905534553
2020-02-10,1412,2282.19688850649
2020-02-10,1927,1589.70843281413
2020-02-10,2671,1769.43287303694
2020-02-10,372,681.279161453886
2020-02-10,520,558.02514596658
2020-02-10,699,447.031271520554
2020-02-10,573,326.396787847915
2020-02-10,894,670.047606277637
2020-02-10,403,467.780929471806
2020-02-10,594,515.653956503648
2020-02-10,704,617.380786566754
2020-02-10,627,720.408567454713
2020-02-10,1133,533.700356406444
2020-02-10,752,936.943886826012
2020-02-10,966,998.74671441493
2020-02-10,2033,807.783799597572
2020-02-10,992,988.574787289663
2020-02-10,996,918.254607550905
2020-02-10,283,471.437417773453
2020-02-10,879,715.122259222281
2020-02-10,410,544.531984761079
2020-02-10,767,663.853576072288
2020-02-10,657,704.388995803346
2020-02-10,479,589.660528773668
2020-02-10,710,517.080082309036
2020-02-10,761,962.227896647368
2020-02-10,947,789.529723489031
2020-02-10,982,865.401515393617
2020-02-10,990,757.517643965128
2020-02-10,688,537.928703426556
2020-02-10,589,270.380393428898
2020-02-10,493,417.054038283567
2020-02-10,365,615.578126500197
2020-02-10,801,624.096649602963
2020-02-10,349,934.368117836732
2020-02-10,1180,771.557899964228
2020-02-10,375,647.891904476427
2020-02-10,810,985.976545971418
2020-02-10,691,2045.49718574214
2020-02-10,2000,1533.77993053216
2020-02-10,967,936.142833389759
2020-02-10,774,977.123830334218
2020-02-10,863,1038.13671520816
2020-02-10,1228,1021.54004424945
2020-02-10,688,679.733936687236
2020-02-10,243,709.875727676151
2020-02-10,1017,845.288608835259
2020-02-10,201,945.101388213572
2020-02-10,354,750.9666270605
2020-02-10,696,1607.42961897449
2020-02-10,1378,796.63748811015
2020-02-10,1118,570.818138714404
2020-02-10,0,746.043146108323
2020-02-10,1852,1994.85634779344
2020-02-10,2013,1350.71572974071
2020-02-10,658,1542.90634741425
2020-02-10,1257,955.796536986026
2020-02-10,980,1696.80928377492
2020-02-10,1236,1347.66259837526
2020-02-10,1671,1532.15263315894
2020-02-10,1670,1369.14109203767
2020-02-10,1493,1686.83834925693
2020-02-10,2732,1862.91382038074
2020-02-10,276,1180.85126904761
2020-02-10,1271,1082.47482739146
2020-02-10,1216,1524.35553223628
2020-02-10,1110,1314.44175044828
2020-02-10,2158,1690.09881591076
2020-02-10,1664,1224.818645379
2020-02-10,2413,1433.67469634361
2020-02-10,1621,1375.60189326413
2020-02-10,2159,1525.91850739833
2020-02-10,1754,1418.9187455902
2020-02-10,1017,876.065253035359
2020-02-10,885,808.067320499513
2020-02-10,1322,1377.44921908806
2020-02-10,1179,1423.7610804953
2020-02-10,1225,1743.92658950453
2020-02-10,1579,1934.35868793988
2020-02-10,1938,1750.34771852953
2020-02-10,1736,1535.5089587886
2020-02-10,1201,1006.83808629176
2020-02-10,1245,1256.12972154076
2020-02-10,1419,1277.54752684813
2020-02-10,1678,1185.51006254156
2020-02-10,1194,903.085845454533
2020-02-10,691,1017.51705724159
2020-02-10,905,779.179754075074
2020-02-10,762,842.183035197657
2020-02-10,811,1185.80534088097
2020-02-10,936,1378.19645349553
2020-02-10,996,1297.36834458663
2020-02-10,1435,1090.78647058859
2020-02-10,696,1180.41462123931
2020-02-10,1348,1273.7497602805
2020-02-10,1483,994.836052269364
2020-02-10,568,895.878097464564
2020-02-10,1326,766.485520820863
2020-02-10,606,829.357676072924
2020-02-10,1044,827.419012854486
2020-02-10,1505,810.577923672883
2020-02-10,669,604.25587801585
2020-02-10,528,881.927224622725
2020-02-10,714,852.572228305166
2020-02-10,943,1352.62313550851
2020-02-10,973,1201.26526141772
2020-02-10,1014,697.231108838538
2020-02-10,601,634.477439603284
2020-02-10,734,626.459125236018
2020-02-10,747,661.718421006241
2020-02-10,740,735.081528302386
2020-02-10,560,714.80035246993
2020-02-10,609,631.185323327709
2020-02-10,707,791.271558225989
2020-02-10,312,694.120156590895
2020-02-10,659,401.095979017751
2020-02-10,840,556.3470615928
2020-02-10,458,620.934241969035
2020-02-10,973,1016.87266786749
2020-02-10,988,803.599032576094
2020-02-10,848,620.999737082573
2020-02-10,634,1232.36837672486
2020-02-10,768,791.196572277578
2020-02-10,1545,1371.21111297734
2020-02-10,1081,1627.79082855214
2020-02-10,561,910.025355721164
2020-02-10,763,803.929340147497
2020-02-10,999,885.020904903344
2020-02-10,527,920.96868513985
2020-02-10,812,526.473372253283
2020-02-10,851,923.360490326167
2020-02-10,698,883.226511615582
2020-02-10,896,693.177192160709
2020-02-10,909,729.822707406394
2020-02-10,712,714.888317221738
2020-02-10,629,527.560252904611
2020-02-10,1048,956.760473618821
2020-02-10,575,481.90671209468
2020-02-10,278,575.666897225951
2020-02-10,493,528.710484255717
2020-02-10,662,571.79240971804
2020-02-10,164,603.285604586746
2020-02-10,796,472.981512241192
2020-02-10,451,614.432809974286
2020-02-10,495,469.69957571488
2020-02-10,643,514.357333301816
2020-02-10,709,637.133113537738
2020-02-10,637,919.196194711882
2020-02-10,1237,770.012887216178
2020-02-10,574,501.060551649477
2020-02-10,589,685.078953821522
2020-02-10,529,612.974553462221
2020-02-10,470,598.226807446521
2020-02-10,384,569.973426511854
2020-02-10,516,901.842372183158
2020-02-10,849,1161.61952771763
2020-02-10,823,689.302759285521
2020-02-10,988,1073.54120125965
2020-02-10,780,962.786396777382
2020-02-10,1119,674.555702538481
2020-02-10,1057,859.57114676077
2020-02-10,1442,828.773528896626
2020-02-10,969,977.344598191169
2020-02-10,1029,879.268970296558
2020-02-10,952,612.912622394809
2020-02-10,1014,1344.33263326785
2020-02-10,833,937.525593699902
2020-02-10,1389,773.957584676472
2020-02-10,983,887.371713192277
2020-02-10,832,1345.6303598477
2020-02-10,398,652.444952673061
2020-02-10,1183,1346.62393584776
2020-02-10,1774,999.576082030236
2020-02-10,2055,1892.32620209192
2020-02-10,1732,1188.55838674676
2020-02-10,1438,1315.98217862776
2020-02-10,1397,1244.80314823552
2020-02-10,2036,1608.08830365939
2020-02-10,1779,1200.56883579764
2020-02-10,1955,1829.84390163967
2020-02-10,1303,1836.6200906417
2020-02-10,1408,1128.66970300271
2020-02-10,1671,1599.68137886019
2020-02-10,935,1266.87006528532
2020-02-10,1995,1966.02157793104
2020-02-10,1945,1034.51133685369
2020-02-10,1962,1614.72443484933
2020-02-10,1191,1237.26993940754
2020-02-10,2069,1159.92847185422
2020-02-10,1606,1416.91773011781
2020-02-10,1518,1258.89985059302
2020-02-10,1471,1504.2975608169
2020-02-10,1430,1260.38215494263
2020-02-10,2034,659.073673870246
2020-02-10,1419,865.574587886719
2020-02-10,1842,1779.94047607599
2020-02-10,173,316.857056754386
2020-02-10,190,397.18396573489
2020-02-10,426,251.999744743785
2020-02-10,174,322.29250350045
2020-02-10,289,283.79596841296
2020-02-10,222,177.996736262346
2020-02-10,198,325.946239868589
2020-02-10,184,476.881150257977
2020-02-10,431,528.112989252534
2020-02-10,429,419.026943029558
2020-02-10,647,645.068767896089
2020-02-10,972,581.35420467374
2020-02-10,1031,1005.13481604367
2020-02-10,408,414.226237854584
2020-02-10,537,489.825562073936
2020-02-10,712,588.706542173863
2020-02-10,1081,722.878521776195
2020-02-10,742,854.482761276402
2020-02-10,680,655.486569670665
2020-02-10,1132,850.641073561988
2020-02-10,598,989.517774957438
2020-02-10,1016,507.349680806808
2020-02-10,386,761.807681654693
2020-02-10,651,630.136866128847
2020-02-10,414,658.65122642788
2020-02-10,788,638.196917549975
2020-02-10,635,414.663787168217
2020-02-10,769,653.653280258698
2020-02-10,337,530.377465686407
2020-02-10,390,580.131993249927
2020-02-10,400,539.58007009463
2020-02-10,397,341.175105103289
2020-02-10,416,537.80857370402
2020-02-10,250,392.104897474235
2020-02-10,392,585.008548862792
2020-02-10,493,353.868848274957
2020-02-10,404,458.242138933967
2020-02-10,330,457.926411397235
2020-02-10,161,317.74534467608
2020-02-10,424,364.692370735274
2020-02-10,444,620.82061570692
2020-02-10,456,273.430953320499
2020-02-10,460,584.262971449483
2020-02-10,382,431.64364333272
2020-02-10,541,629.915734460747
2020-02-10,337,478.908824398143
2020-02-10,648,566.539670583211
2020-02-10,771,462.447649416337
2020-02-10,837,667.504472809375
2020-02-10,659,626.035348651835
2020-02-10,625,723.803559918609
2020-02-10,746,757.74872926858
2020-02-10,772,881.329889973337
2020-02-10,583,428.682415517629
2020-02-10,1071,914.424061789647
2020-02-10,600,669.774194060558
2020-02-10,318,613.878387622114
2020-02-10,314,561.597028512214
2020-02-10,764,422.546564708819
2020-02-10,781,682.907624023467
2020-02-10,1206,1039.88247765548
2020-02-10,573,941.629748209199
2020-02-10,854,615.473466491945
2020-02-10,549,611.038758600913
2020-02-10,280,447.1046742071
2020-02-10,396,966.00242398903
2020-02-10,584,583.752907819111
2020-02-10,475,739.511139768303
2020-02-10,580,641.656365390376
2020-02-10,730,644.113091235106
2020-02-10,425,411.582112432549
2020-02-10,902,455.137705210945
2020-02-10,665,564.774156093
2020-02-10,216,367.118310540374
2020-02-10,475,639.360117522711
2020-02-10,282,541.205315934596
2020-02-10,972,482.741078754122
2020-02-10,367,665.812178896672
2020-02-10,512,598.880878201738
2020-02-10,378,387.443384225424
2020-02-10,657,364.79729442054
2020-02-10,410,491.907286016225
2020-02-10,723,421.236469723722
2020-02-10,880,432.746640940289
2020-02-10,505,443.336316833507
2020-02-10,592,411.774664704812
2020-02-10,461,621.202116480481
2020-02-10,294,348.903933645059
2020-02-10,1196,407.379684548593
2020-02-10,414,342.911996659674
2020-02-10,503,575.082324718555
2020-02-10,475,508.581315591474
2020-02-10,189,493.706400775817
2020-02-10,521,375.584488199595
2020-02-10,326,432.130092674701
2020-02-10,383,524.108819915437
2020-02-10,0,251.674648000636
2020-02-10,1019,785.265468389172
2020-02-10,902,742.859677238003
2020-02-10,875,823.561457850197
2020-02-10,753,964.034590393706
2020-02-10,983,791.95717940952
2020-02-10,445,597.379504746051
2020-02-10,516,823.26187743692
2020-02-10,626,693.187043514042
2020-02-10,879,952.489416280886
2020-02-10,1054,1290.34399985645
2020-02-10,1118,878.759051414389
2020-02-10,1263,770.805435907205
2020-02-10,1226,1163.27841053856
2020-02-10,560,768.084801416293
2020-02-10,1105,651.614779597355
2020-02-10,733,649.859765095097
2020-02-10,793,776.76681570475
2020-02-10,868,1020.75974091208
2020-02-10,1039,917.78682760128
2020-02-10,532,732.117025468397
2020-02-10,459,518.994015114509
2020-02-10,698,775.071974740025
2020-02-10,598,579.150085998891
2020-02-10,698,820.475167488493
2020-02-10,870,1127.45581211303
2020-02-10,2565,1435.26503977659
2020-02-10,1283,1104.44256309371
2020-02-10,1160,893.371065499607
2020-02-10,706,899.460428107142
2020-02-10,1021,977.913344705936
2020-02-10,678,464.594040089747
2020-02-10,673,666.083203324184
2020-02-10,610,899.44267418927
2020-02-10,408,700.943109057193
2020-02-10,1350,833.313347536788
2020-02-10,359,504.234450593976
2020-02-10,467,439.317466831113
2020-02-10,269,354.757734532548
2020-02-10,687,576.553440496374
2020-02-10,470,654.22499933271
2020-02-10,205,472.118800332858
2020-02-10,298,516.079830396242
2020-02-10,356,386.505928632125
2020-02-10,528,449.489026006857
2020-02-10,478,270.038795401574
2020-02-10,336,498.971414579299
2020-02-10,521,546.257315883746
2020-02-10,0,144.918580439676
2020-02-10,1276,981.196031310894
2020-02-10,991,1004.20275340305
2020-02-10,898,1482.62452802314
2020-02-10,1530,1110.59405486632
2020-02-10,1982,1303.86949402004
2020-02-10,760,999.902485718996
2020-02-10,789,1379.8443566752
2020-02-10,2693,1560.00071473093
2020-02-10,1069,1858.28400055591
2020-02-10,1940,2344.260178155
2020-02-10,880,711.206627558542
2020-02-10,1209,1373.32751398374
2020-02-10,712,1379.39412651048
2020-02-10,869,1023.85133438767
2020-02-10,1468,766.690169211957
2020-02-10,1374,1235.33418940312
2020-02-10,1801,1411.49217145222
2020-02-10,841,1216.17136830096
2020-02-10,1171,1358.20007719578
2020-02-10,1484,1632.40200499759
2020-02-10,1240,1186.90757459999
2020-02-10,866,852.201698254647
2020-02-10,1028,1611.9657815813
2020-02-10,850,1487.67871947514
2020-02-10,981,1269.27913711864
2020-02-10,1083,795.532357591577
2020-02-10,1840,1246.68408033884
2020-02-10,1124,1736.68002708347
2020-02-10,1391,1025.80026267748
2020-02-10,1083,1269.56721956877
2020-02-10,1520,907.117121725513
2020-02-10,1252,1365.06509244614
2020-02-10,891,604.625584997927
2020-02-10,956,920.762286600719
2020-02-10,891,1074.09722246047
2020-02-10,607,1153.40691977835
2020-02-10,1561,925.053345010257
2020-02-10,675,910.528726103167
2020-02-10,1856,1420.6676210311
2020-02-10,948,1212.13772554828
2020-02-10,1175,923.068615172679
2020-02-10,786,596.493501787747
2020-02-10,922,611.847769596793
2020-02-10,1105,325.240778662982
2020-02-10,625,781.059756805609
2020-02-10,1477,1565.01448949638
2020-02-10,1652,973.421099607377
2020-02-10,1452,1515.00733542617
2020-02-10,1697,1234.23006754922
2020-02-10,1253,1184.12910023915
2020-02-10,1680,1556.87288307658
2020-02-10,2375,1764.90814338322
2020-02-10,838,1683.16573965647
2020-02-10,1337,1264.82886128398
2020-02-10,1830,1649.65906757857
2020-02-10,1138,1353.00563787092
2020-02-10,1486,1770.61201267473
2020-02-10,2353,1534.55638075352
2020-02-10,1073,1063.15223323202
2020-02-10,1513,1074.6126875977
2020-02-10,1252,1396.65419718796
2020-02-10,743,949.754925887542
2020-02-10,533,918.178424855673
2020-02-10,930,1079.07684197861
2020-02-10,610,442.683120757251
2020-02-10,771,535.910979180741
2020-02-10,681,468.898492540237
2020-02-10,870,1087.30185610316
2020-02-10,468,764.615517102441
2020-02-10,1704,1237.9292402132
2020-02-10,810,1290.5884106806
2020-02-10,2052,2338.73981197973
2020-02-10,857,2362.47683129588
2020-02-10,907,1156.89480967968
2020-02-10,1514,1167.42750188674
2020-02-10,1262,1379.45058089104
2020-02-10,943,1038.01621737899
2020-02-10,1115,1441.23540852461
2020-02-10,1818,995.231315969727
2020-02-10,1209,1162.99168170469
2020-02-10,1590,1251.32009581797
2020-02-10,1303,1977.57635589817
2020-02-10,1190,1254.54658700301
2020-02-10,1612,1643.85002881252
2020-02-10,1029,1544.03328637076
2020-02-10,599,432.73152361926
2020-02-10,605,483.026641516414
2020-02-10,220,470.512634853511
2020-02-10,837,688.913587709054
2020-02-10,823,545.406844182089
2020-02-10,93,672.679528956757
2020-02-10,695,580.856367144559
2020-02-10,1000,430.850658166323
2020-02-10,409,368.868558933639
2020-02-10,285,366.054333831775
2020-02-10,408,305.855361297145
2020-02-10,386,360.224592949648
2020-02-10,199,293.686677080656
2020-02-10,341,313.542539875551
2020-02-10,197,323.743094337644
2020-02-10,400,339.433735247212
2020-02-10,451,371.58596274144
2020-02-10,621,580.639688050492
2020-02-10,279,396.672469452308
2020-02-10,144,261.342367653324
2020-02-10,317,198.563234171588
2020-02-10,222,215.065060026608
2020-02-10,112,201.551424383189
2020-02-10,841,307.590649999693
2020-02-10,118,364.743872257175
2020-02-10,271,322.462129044317
2020-02-10,151,303.210608854519
2020-02-10,186,319.313884170382
2020-02-10,172,431.251922694021
2020-02-10,74,150.74087920248
2020-02-10,11,90.3604823032712
2020-02-10,293,164.053309127943
2020-02-10,132,252.182230670968
2020-02-10,236,303.217312735977
2020-02-10,244,178.929082589391
2020-02-10,222,165.784878544872
2020-02-10,241,227.078816001066
2020-02-10,300,191.351031904255
2020-02-10,131,152.34432456793
2020-02-10,291,253.382789701766
2020-02-10,233,201.121726726788
2020-02-10,322,304.685380081765
2020-02-10,309,274.986008235404
2020-02-10,271,225.0627629579
2020-02-10,267,244.748311491378
2020-02-10,132,163.757322101412
2020-02-10,157,287.157116213157
2020-02-10,259,340.203405218276
2020-02-10,302,195.129965639325
2020-02-10,218,242.977182341122
2020-02-10,192,284.052611500854
2020-02-10,76,311.237956247034
2020-02-10,352,270.931358004268
2020-02-10,241,322.641025324184
2020-02-10,126,279.889606683738
2020-02-10,467,245.134963028445
2020-02-10,25,231.912493069307
2020-02-10,112,193.414738789205
2020-02-10,409,347.647123600902
2020-02-10,312,356.779080248967
2020-02-10,345,361.393385072961
2020-02-10,208,457.596923425886
2020-02-10,300,822.9817277178
2020-02-10,702,345.367421437001
2020-02-10,403,360.842711348549
2020-02-10,368,306.529416041694
2020-02-10,240,300.026791587657
2020-02-10,434,362.069523594903
2020-02-10,277,342.969100224303
2020-02-10,380,601.449248235694
2020-02-10,633,594.876604033373
2020-02-10,406,539.711421109957
2020-02-10,1037,1086.79316591015
2020-02-10,985,721.980349442574
2020-02-10,483,966.907188659007
2020-02-10,537,464.290332051304
2020-02-10,223,386.17377018073
2020-02-10,302,366.258540928604
2020-02-10,488,585.714508324434
2020-02-10,578,474.721861799695
2020-02-10,51,244.725199592794
2020-02-10,734,422.059821339161
2020-02-10,514,397.190142557695
2020-02-10,227,760.112639985269
2020-02-10,278,341.015811560518
2020-02-10,149,231.991695603713
2020-02-10,266,221.496600187126
2020-02-10,217,364.061702502198
2020-02-10,485,330.025924759796
2020-02-10,185,653.62014871487
2020-02-10,847,574.070709404106
2020-02-10,599,631.071604388501
2020-02-10,801,621.450148030621
2020-02-10,259,429.913797763687
2020-02-10,553,556.400732395025
2020-02-10,625,507.430092990091
2020-02-10,378,530.282025558883
2020-02-10,319,510.271195303844
2020-02-10,702,564.955981196155
2020-02-10,324,606.591907653839
2020-02-10,508,540.125858321101
2020-02-10,400,312.300663200969
2020-02-10,431,482.784251788465
2020-02-10,464,605.032722298985
2020-02-10,459,335.075962365111
2020-02-10,214,473.568642336888
2020-02-10,544,788.697999965916
2020-02-10,703,435.966245059493
2020-02-10,500,661.976016438508
2020-02-10,682,541.242026262105
2020-02-10,729,630.387941090413
2020-02-10,784,642.12743831148
2020-02-10,602,760.382098186251
2020-02-10,1255,508.395570077406
2020-02-10,807,855.880066448261
2020-02-10,304,744.548341214641
2020-02-10,707,875.854242731096
2020-02-10,900,890.650802229252
2020-02-10,610,582.741041555699
2020-02-10,821,562.438685988938
2020-02-10,452,931.801292737424
2020-02-10,390,502.996562069234
2020-02-10,696,541.062900271024
2020-02-10,575,359.513756994035
2020-02-10,213,705.010366670663
2020-02-10,248,496.071478383124
2020-02-10,663,867.967442640541
2020-02-10,515,491.891692305031
2020-02-10,777,904.680092032369
2020-02-10,943,763.425656272993
2020-02-10,771,651.323259051778
2020-02-10,455,721.939736810453
2020-02-10,606,508.857793789927
2020-02-10,828,618.387843455566
2020-02-10,498,642.514993115398
2020-02-10,645,656.53389567633
2020-02-10,2502,1751.04556197199
2020-02-10,1278,1659.88207213004
2020-02-10,2193,1506.99096459371
2020-02-10,1285,3117.4297166895
2020-02-10,1058,973.000448684434
2020-02-10,453,916.318410270601
2020-02-10,2420,2098.57063213219
2020-02-10,1135,1373.18665097205
2020-02-10,880,863.669365130602
2020-02-10,2039,1271.57927397371
2020-02-10,2517,1608.54742599435
2020-02-10,896,893.67938966674
2020-02-10,1080,859.147802628134
2020-02-10,317,332.233550654
2020-02-10,496,445.904560153987
2020-02-10,356,487.340406432905
2020-02-10,803,372.732056315842
2020-02-10,278,264.49176560223
2020-02-10,218,347.944059106882
2020-02-10,468,364.203998472374
2020-02-10,449,413.321228018643
2020-02-10,502,493.842374295809
2020-02-10,820,659.491857187743
2020-02-10,722,673.600396121246
2020-02-10,443,1043.05384532136
2020-02-10,821,1448.0984784434
2020-02-10,975,1089.98845835702
2020-02-10,979,879.241004992976
2020-02-10,1335,1290.42358567738
2020-02-10,1006,667.405571997413
2020-02-10,900,1122.9786611685
2020-02-10,736,931.872454112719
2020-02-10,1456,1277.66562761256
2020-02-10,1023,886.179511602733
2020-02-10,856,843.604731036049
2020-02-10,667,898.418768099746
2020-02-10,516,915.549033553685
2020-02-10,933,955.283186310575
2020-02-10,961,712.940132214546
2020-02-10,1545,1277.01884945089
2020-02-10,431,832.414349039036
2020-02-10,1249,1159.07514270663
2020-02-10,2296,2571.6808882713
2020-02-10,3593,2120.50701281665
2020-02-10,865,945.756647953476
2020-02-10,1502,1686.34800112711
2020-02-10,1047,1236.46651385165
2020-02-10,1246,1662.29912084275
2020-02-10,611,1346.79911881615
2020-02-10,1131,1320.15057390941
2020-02-10,1732,1036.23830588293
2020-02-10,1951,1761.74158187224
2020-02-10,990,1492.62827150375
2020-02-10,1197,1708.23457371219
2020-02-10,904,597.235792760008
2020-02-10,1014,994.683948637887
2020-02-10,1776,1563.83601550523
2020-02-10,1192,1301.81608448908
2020-02-10,2018,1765.83756338037
2020-02-10,1681,1629.88369948443
2020-02-10,820,838.941420003654
2020-02-10,1266,612.735705284524
2020-02-10,1270,1254.89143159768
2020-02-10,328,443.240046077683
2020-02-10,562,378.011142897327
2020-02-10,382,255.157382992519
2020-02-10,357,414.424882054535
2020-02-10,69,229.60159374537
2020-02-10,2215,1477.00762186329
2020-02-10,985,1567.63906274901
2020-02-10,2379,2386.21046616741
2020-02-10,1756,1403.59492210634
2020-02-10,2988,2124.2113423981
2020-02-10,1836,2073.27516875253
2020-02-10,818,1148.52778023027
2020-02-10,1448,2135.73957366814
2020-02-10,1111,1072.01957047497
2020-02-10,1651,1718.02334173769
2020-02-10,833,711.139139526315
2020-02-10,3415,2033.02449920129
2020-02-10,3085,1704.64569495233
2020-02-10,1375,1956.04302455342
2020-02-10,482,1051.27659658653
2020-02-10,1574,1164.86650731148
2020-02-10,1649,1175.62363880668
2020-02-10,635,804.264562497161
2020-02-10,493,1002.92398702672
2020-02-10,905,961.744299339976
2020-02-10,625,708.376151187641
2020-02-10,531,769.29811345441
2020-02-10,788,917.036578486511
2020-02-10,1212,1101.30584967573
2020-02-10,860,846.049109934948
2020-02-10,545,824.128163820751
2020-02-10,1136,964.827473469553
2020-02-10,1097,1023.69783583632
2020-02-10,759,596.045435129207
2020-02-10,466,587.055556343879
2020-02-10,335,343.069401188435
2020-02-10,730,640.482020816033
2020-02-10,539,544.154854154031
2020-02-10,796,865.531131250673
2020-02-10,759,512.714327010683
2020-02-10,817,1042.72078958107
2020-02-10,485,1417.15644553427
2020-02-10,559,939.902844394513
2020-02-10,613,677.873734747819
2020-02-10,698,414.122332115814
2020-02-10,826,580.43799340153
2020-02-10,1047,956.218679166588
2020-02-10,842,746.112163094871
2020-02-10,926,1138.56230233873
2020-02-10,900,1175.95093893917
2020-02-10,1109,905.949330983184
2020-02-10,1073,944.997575463381
2020-02-10,822,1126.55079255297
2020-02-10,1150,834.673972571149
2020-02-10,1107,1360.76085605219
2020-02-10,968,697.696598556898
2020-02-10,1043,1042.80736177243
2020-02-10,822,634.620170421372
2020-02-10,218,663.477857588741
2020-02-10,735,768.758736324118
2020-02-10,470,999.611819251272
2020-02-10,1102,1052.60591248138
2020-02-10,1805,1491.79592874051
2020-02-10,643,1514.95067311147
2020-02-10,935,1509.05003574684
2020-02-10,578,1440.28031124906
2020-02-10,1117,1667.86642658489
2020-02-10,819,558.049732811768
2020-02-10,1378,1060.30828832473
2020-02-10,536,730.954927521149
2020-02-10,1230,758.51059068125
2020-02-10,908,1358.11067689814
2020-02-10,617,1812.70194576401
2020-02-10,976,759.050887119003
2020-02-10,1162,913.567776505284
2020-02-10,1384,1400.97216898192
2020-02-10,1195,1107.88097238805
2020-02-10,1232,784.575473608202
2020-02-10,967,1284.5872046302
2020-02-10,943,1291.187694683
2020-02-10,732,1007.10686437042
2020-02-10,1210,685.053270428602
2020-02-10,634,671.889607117258
2020-02-10,1014,956.279453158946
2020-02-10,610,473.894273811194
2020-02-10,676,897.427765149185
2020-02-10,1322,1802.37210241875
2020-02-10,2093,1907.11611719071
2020-02-10,2001,1839.19642025659
2020-02-10,3191,1814.20187470424
2020-02-10,1302,1605.04188203437
2020-02-10,1879,2419.15919606804
2020-02-10,781,1006.17422572696
2020-02-10,3158,3021.20500612095
2020-02-10,4901,1357.31111651793
2020-02-10,3708,2116.07376249633
2020-02-10,4521,2751.10202973818
2020-02-10,2632,1749.34908210737
2020-02-10,4343,1624.5649453248
2020-02-10,2144,1364.88100863211
2020-02-10,1534,1479.66753167142
2020-02-10,1574,1156.22275125512
2020-02-10,1044,1144.23245006052
2020-02-10,1008,1158.94060466009
2020-02-10,1766,1428.97093079262
2020-02-10,874,1544.40081013613
2020-02-10,1357,1693.93760346525
2020-02-10,1569,1670.48175385116
2020-02-10,535,1120.72580443055
2020-02-10,1158,1220.25570431437
2020-02-10,4115,1874.96372754702
2020-02-10,726,823.412337869407
2020-02-10,2784,2542.94816959079
2020-02-10,2016,1695.86952090032
2020-02-10,2563,1549.80719501606
2020-02-10,506,632.282840077821
2020-02-10,1191,1424.64844430183
2020-02-10,1723,1745.87590504624
2020-02-10,628,1249.03665343113
2020-02-10,1178,695.054621298892
2020-02-10,823,1685.48763054101
2020-02-10,1951,690.15263094397
2020-02-10,2018,1280.23125824775
2020-02-10,810,941.867836282394
2020-02-10,760,880.434767778403
2020-02-10,424,287.853148310852
2020-02-10,1909,1343.35720259069
2020-02-10,1245,1125.17145827962
2020-02-10,1035,1019.62841926216
2020-02-10,818,1113.57753720829
2020-02-10,538,784.063588509784
2020-02-10,1271,1048.71362917344
2020-02-10,1058,766.298969926693
2020-02-10,633,947.424985854471
2020-02-10,697,1261.68387943633
2020-02-10,2960,1967.80360038311
2020-02-10,5224,1917.00911252102
2020-02-10,1027,1504.8486759517
2020-02-10,1924,1324.21930360688
2020-02-10,1596,2688.99420955945
2020-02-10,1885,1808.78742558258
2020-02-10,2233,1580.74433959843
2020-02-10,876,1828.87186732555
2020-02-10,1109,1190.23351154366
2020-02-10,1346,1462.30665518431
2020-02-10,1951,1165.68698660526
2020-02-10,3894,2507.72136574613
2020-02-10,3160,1426.1157569228
2020-02-10,2093,1864.91146180477
2020-02-10,1572,1159.50596383587
2020-02-10,3116,1693.39204715026
2020-02-10,583,1044.95418561703
2020-02-10,724,993.044395356839
2020-02-10,1852,938.523577792815
2020-02-10,1642,1351.50559143905
2020-02-10,1054,405.416579260003
2020-02-10,700,753.349853391481
2020-02-10,689,164.773695972615
2020-02-10,404,197.068851597435
2020-02-10,1209,1605.49321251699
2020-02-10,595,578.958394846548
2020-02-10,531,588.477163098282
2020-02-10,934,1085.029667986
2020-02-10,1439,364.803955617255
2020-02-10,579,246.442844950724
2020-02-10,362,549.141617176105
2020-02-10,2355,1955.22986566996
2020-02-10,1766,1108.14391664618
2020-02-10,1310,1606.18371136293
2020-02-10,1984,1443.41514455718
2020-02-10,476,1216.92076272766
2020-02-10,2414,1375.18347270715
2020-02-10,1741,1538.64558249983
2020-02-10,1149,1315.9927209882
2020-02-10,1074,962.687729560548
2020-02-10,2392,2290.12403717192
2020-02-10,2455,2657.63666672023
2020-02-10,1127,1233.54070435956
2020-02-10,1158,2545.83592867507
2020-02-10,4654,2622.46977178055
2020-02-10,3531,1687.41312792963
2020-02-10,3874,1865.70059641965
2020-02-10,864,2873.00929220129
2020-02-10,1578,1893.03651132958
2020-02-10,1250,1967.0670380723
2020-02-10,1578,1552.76671829226
2020-02-10,1424,1589.18277817554
2020-02-10,2908,2289.39375625077
2020-02-10,486,1616.94962718386
2020-02-10,4647,2414.50597115496
2020-02-10,1515,1472.81627263122
2020-02-10,2186,1381.51686888758
2020-02-10,1336,1435.17528888855
2020-02-10,911,1114.07154975719
2020-02-10,2555,968.586555437705
2020-02-10,1108,1473.05075077826
2020-02-10,1386,1439.0105108967
2020-02-10,1524,1755.6201962646
2020-02-10,749,1069.56036315504
2020-02-10,1413,674.556083463356
2020-02-10,1116,647.133420729714
2020-02-10,885,787.697301501575
2020-02-10,1180,1374.45549407256
2020-02-10,1554,1352.52477471039
2020-02-10,1913,1117.56156804869
2020-02-10,1301,1212.848209029
2020-02-10,1087,900.095768482582
2020-02-10,826,557.434231514942
2020-02-10,657,1092.34627518613
2020-02-10,858,2053.0622069591
2020-02-10,483,1135.05003776268
2020-02-10,1346,909.154355013388
2020-02-10,877,1014.67971401552
2020-02-10,746,867.703038613685
2020-02-10,838,1528.77434076191
2020-02-10,1495,1277.98305525014
2020-02-10,824,649.706100187507
2020-02-10,942,741.959108587134
2020-02-10,609,1403.17528163392
2020-02-10,1176,995.93759572467
2020-02-10,1140,1494.09660505967
2020-02-10,992,946.838582038598
2020-02-10,608,685.276078376072
2020-02-10,1451,1895.49103871496
2020-02-10,1371,1695.72602800374
2020-02-10,396,874.206883178933
2020-02-10,785,345.445940382788
2020-02-10,979,873.677901863778
2020-02-10,947,1660.95365560416
2020-02-10,1131,895.368887127676
2020-02-10,478,1063.08320226298
2020-02-10,481,950.655363137389
2020-02-10,1371,1021.68864302831
2020-02-10,945,992.289874950653
2020-02-10,1948,1097.57133571959
2020-02-10,2146,2457.61691180151
2020-02-10,1306,1289.42835660273
2020-02-10,1381,1038.11269378927
2020-02-10,1286,1234.19675896839
2020-02-10,975,1592.1915146117
2020-02-10,1117,2046.6317858181
2020-02-10,1412,1812.39096681473
2020-02-10,1447,1347.04482112086
2020-02-10,2195,1309.36209038352
2020-02-10,1291,1176.64855560102
2020-02-10,1630,1494.8427476499
2020-02-10,1996,1464.26815283744
2020-02-10,1419,1721.38250904406
2020-02-10,1593,1409.17060350232
2020-02-10,1721,1092.94397038765
2020-02-11,944,1212.18654472666
2020-02-11,378,1095.7020062265
2020-02-11,493,1159.54035556467
2020-02-11,623,1946.08701247804
2020-02-11,751,727.803958143246
2020-02-11,621,1208.26011888875
2020-02-11,581,469.218144077331
2020-02-11,415,908.652408962823
2020-02-11,843,790.687610280531
2020-02-11,642,651.304450774496
2020-02-11,542,688.394723297861
2020-02-11,1572,569.581850227738
2020-02-11,1147,794.441544274081
2020-02-11,1279,582.768276676298
2020-02-11,1040,197.599441317966
2020-02-11,1418,1473.85029973167
2020-02-11,1006,935.118212817534
2020-02-11,1296,839.105200667474
2020-02-11,264,1019.77550543049
2020-02-11,2262,1842.85338728708
2020-02-11,1906,716.512427133094
2020-02-11,1565,1670.06848242542
2020-02-11,1577,1019.39407262973
2020-02-11,2010,1044.06730990125
2020-02-11,1558,1222.01981348924
2020-02-11,2280,1110.07335056471
2020-02-11,1155,2731.90863404212
2020-02-11,647,1663.18987738214
2020-02-11,474,875.644257975431
2020-02-11,1027,2099.74238036475
2020-02-11,780,1854.44576796848
2020-02-11,1637,1182.55952750637
2020-02-11,2002,980.224050373019
2020-02-11,2002,1555.12075824757
2020-02-11,1549,636.611008579267
2020-02-11,1280,2245.5140101554
2020-02-11,1366,1087.69711798572
2020-02-11,1369,2027.40134466656
2020-02-11,1957,1790.58483348269
2020-02-11,2910,1921.67884437354
2020-02-11,1568,1238.87788413201
2020-02-11,752,1112.01842975426
2020-02-11,1872,958.875089041322
2020-02-11,629,705.908518918778
2020-02-11,1083,1786.71710911966
2020-02-11,1676,1194.54579278977
2020-02-11,1915,1213.41016453947
2020-02-11,1471,950.751189813587
2020-02-11,852,1823.05770563115
2020-02-11,931,1238.89847915657
2020-02-11,1254,823.698496657838
2020-02-11,1466,1312.63062902319
2020-02-11,1267,834.488826053839
2020-02-11,2683,1719.92432764728
2020-02-11,1774,2119.61851131063
2020-02-11,3837,2684.37284761715
2020-02-11,2072,1994.52631584252
2020-02-11,1715,2048.42599599409
2020-02-11,3411,2039.92702633932
2020-02-11,959,2605.2657717298
2020-02-11,2097,2029.04989434412
2020-02-11,5535,2498.02733838876
2020-02-11,1738,1765.24751530996
2020-02-11,1709,2762.20752006436
2020-02-11,3724,1453.29816520296
2020-02-11,2520,2506.01360776164
2020-02-11,2046,1851.33944547189
2020-02-11,3132,1782.93478734737
2020-02-11,2322,2130.59042469229
2020-02-11,693,1543.65754325954
2020-02-11,991,2550.88630361117
2020-02-11,1418,1528.53828076653
2020-02-11,1546,1244.14744696591
2020-02-11,1149,1274.85335561989
2020-02-11,1584,1484.62266644119
2020-02-11,2555,1516.72179669113
2020-02-11,1342,2281.20628026938
2020-02-11,1936,1559.95260588549
2020-02-11,2625,1731.15471711337
2020-02-11,379,628.676423574602
2020-02-11,560,519.899109560744
2020-02-11,618,439.984224844735
2020-02-11,575,296.313518967379
2020-02-11,799,634.348286971814
2020-02-11,332,435.965714075288
2020-02-11,573,483.667352017865
2020-02-11,609,580.353673935422
2020-02-11,586,679.656849536706
2020-02-11,1176,502.435851802414
2020-02-11,673,904.678246650015
2020-02-11,914,937.552929228581
2020-02-11,1879,770.267268162272
2020-02-11,990,942.154664890585
2020-02-11,1011,867.870748552895
2020-02-11,261,436.195014132507
2020-02-11,797,666.160073882712
2020-02-11,369,530.432245150887
2020-02-11,719,623.519752930945
2020-02-11,645,675.034118496826
2020-02-11,492,558.411112843421
2020-02-11,638,495.113481804357
2020-02-11,709,912.952510965446
2020-02-11,871,747.358424609112
2020-02-11,914,810.243273444553
2020-02-11,889,709.092198477328
2020-02-11,642,502.545123826842
2020-02-11,575,261.455843331972
2020-02-11,491,397.167839555632
2020-02-11,383,568.775512106982
2020-02-11,749,595.681299707014
2020-02-11,334,874.467346201238
2020-02-11,1123,715.853555545204
2020-02-11,331,613.744398777949
2020-02-11,794,926.365040463808
2020-02-11,624,1938.46303027751
2020-02-11,1829,1454.36766906136
2020-02-11,964,882.205300527561
2020-02-11,640,933.849235457757
2020-02-11,839,973.259345131449
2020-02-11,1159,972.689844130983
2020-02-11,628,653.224495393563
2020-02-11,241,678.908978670587
2020-02-11,963,822.689112365195
2020-02-11,191,913.530621123225
2020-02-11,346,705.91617022946
2020-02-11,661,1519.5917093616
2020-02-11,1296,749.304001386063
2020-02-11,1089,536.564942747103
2020-02-11,0,692.624265271405
2020-02-11,1809,1974.52191661204
2020-02-11,2078,1324.17311673135
2020-02-11,620,1511.23644264268
2020-02-11,1205,952.721927854381
2020-02-11,991,1666.13773415654
2020-02-11,1257,1335.24348844509
2020-02-11,1639,1539.16461384456
2020-02-11,1645,1355.37847497276
2020-02-11,1545,1675.65557466508
2020-02-11,2821,1849.42557018467
2020-02-11,270,1166.18804349133
2020-02-11,1191,1065.12746737565
2020-02-11,1203,1504.82366030593
2020-02-11,1092,1307.81743416271
2020-02-11,2150,1674.39712296999
2020-02-11,1628,1210.95968157918
2020-02-11,2411,1411.03296423742
2020-02-11,1575,1365.3856093381
2020-02-11,2146,1507.99288397763
2020-02-11,1682,1416.81324333438
2020-02-11,1055,854.484539480551
2020-02-11,941,793.680223508752
2020-02-11,1337,1349.04679147654
2020-02-11,1093,1426.93959624028
2020-02-11,1235,1743.08962822948
2020-02-11,1638,1899.28559185242
2020-02-11,1914,1755.75417552565
2020-02-11,1689,1504.64407210088
2020-02-11,1173,979.666465284438
2020-02-11,1206,1235.0420911362
2020-02-11,1478,1248.92013612469
2020-02-11,1660,1164.87842020161
2020-02-11,1175,888.188360458139
2020-02-11,702,983.545961471181
2020-02-11,905,775.130841333434
2020-02-11,754,834.239115919876
2020-02-11,734,1165.68332527194
2020-02-11,929,1375.31704357633
2020-02-11,963,1289.52612650073
2020-02-11,1478,1076.82100178915
2020-02-11,695,1148.84761080486
2020-02-11,1317,1250.85025827096
2020-02-11,1481,973.228756744521
2020-02-11,574,871.279872300822
2020-02-11,1282,746.235125671682
2020-02-11,580,810.354686944943
2020-02-11,974,816.62498251779
2020-02-11,1417,799.142628684017
2020-02-11,678,586.01986341027
2020-02-11,519,874.448144733977
2020-02-11,740,839.282305183969
2020-02-11,917,1331.80654056035
2020-02-11,946,1206.84913368294
2020-02-11,1034,698.048526905715
2020-02-11,641,617.306996729174
2020-02-11,711,612.312817357054
2020-02-11,755,642.641824260777
2020-02-11,692,721.697078790587
2020-02-11,537,710.397872872632
2020-02-11,570,616.19011591986
2020-02-11,723,766.882671422766
2020-02-11,267,678.600206876506
2020-02-11,645,380.893555335931
2020-02-11,856,548.027837732731
2020-02-11,446,607.670996403331
2020-02-11,918,989.55957913556
2020-02-11,958,782.24596471974
2020-02-11,813,602.902056355983
2020-02-11,576,1220.53265747044
2020-02-11,727,776.597626141488
2020-02-11,1537,1357.81510041743
2020-02-11,1078,1592.96419669271
2020-02-11,533,878.607848604148
2020-02-11,722,775.595366820919
2020-02-11,1027,863.77881567931
2020-02-11,505,893.342786644683
2020-02-11,736,510.600319730122
2020-02-11,757,901.346642635082
2020-02-11,662,834.731573878403
2020-02-11,887,649.700089512929
2020-02-11,803,694.834003944777
2020-02-11,721,662.440492996736
2020-02-11,578,487.158105403162
2020-02-11,934,914.567264903069
2020-02-11,518,451.745247081773
2020-02-11,265,541.612627640286
2020-02-11,433,497.252151943758
2020-02-11,616,545.387552597656
2020-02-11,145,581.283135672813
2020-02-11,749,452.877904173768
2020-02-11,459,574.489221439138
2020-02-11,456,441.152282356578
2020-02-11,625,494.523181188366
2020-02-11,713,612.455768644036
2020-02-11,587,902.49452120228
2020-02-11,1183,746.225872913989
2020-02-11,543,486.775105326225
2020-02-11,566,651.964422892052
2020-02-11,486,585.685977168307
2020-02-11,459,573.114224202713
2020-02-11,394,556.99281951253
2020-02-11,526,865.742465537405
2020-02-11,839,1117.68413131319
2020-02-11,792,682.679382450373
2020-02-11,993,1028.08420449287
2020-02-11,731,925.153790571253
2020-02-11,1143,646.339907992718
2020-02-11,1052,835.655188630093
2020-02-11,1448,798.211585533263
2020-02-11,864,944.442417417742
2020-02-11,935,842.947214571454
2020-02-11,962,568.595912601991
2020-02-11,920,1302.28775450481
2020-02-11,813,889.0164446661
2020-02-11,1327,749.875951501932
2020-02-11,960,859.809353287358
2020-02-11,755,1318.30242432836
2020-02-11,399,618.666153887799
2020-02-11,1232,1296.83909646752
2020-02-11,1733,976.198725829657
2020-02-11,1998,1807.06436915189
2020-02-11,1609,1153.21724336894
2020-02-11,1483,1278.27123974417
2020-02-11,1375,1209.66312060256
2020-02-11,1924,1557.16800049136
2020-02-11,1777,1154.00431927445
2020-02-11,1891,1755.82668454083
2020-02-11,1357,1776.64682527103
2020-02-11,1285,1096.02097587803
2020-02-11,1602,1523.2346994624
2020-02-11,859,1212.39827729923
2020-02-11,1808,1887.72794980796
2020-02-11,1711,991.809213099803
2020-02-11,2033,1506.79750856645
2020-02-11,1182,1176.43572797629
2020-02-11,1991,1120.44449282472
2020-02-11,1546,1348.17868036559
2020-02-11,1436,1201.7947997713
2020-02-11,1364,1439.07232587779
2020-02-11,1398,1169.0854258635
2020-02-11,1907,626.05941525439
2020-02-11,1423,862.51673730346
2020-02-11,1822,1727.41147289314
2020-02-11,188,305.143187291704
2020-02-11,184,381.084350942446
2020-02-11,415,237.033962674407
2020-02-11,155,301.569417959613
2020-02-11,245,257.81875921867
2020-02-11,209,163.680666492006
2020-02-11,174,306.927487987041
2020-02-11,177,462.637905928586
2020-02-11,427,512.161804348737
2020-02-11,378,389.059305954923
2020-02-11,619,619.40825647424
2020-02-11,936,559.389988293058
2020-02-11,973,970.368174590932
2020-02-11,351,394.787039371889
2020-02-11,515,459.513907644871
2020-02-11,660,558.859879965307
2020-02-11,1138,723.851696207008
2020-02-11,759,845.39599552602
2020-02-11,690,663.662155213775
2020-02-11,1178,854.518198193676
2020-02-11,604,983.829625617348
2020-02-11,983,508.615902564261
2020-02-11,360,746.438884725567
2020-02-11,687,620.202785465484
2020-02-11,388,617.419848283575
2020-02-11,732,588.812979335888
2020-02-11,607,393.38486444953
2020-02-11,682,617.387669504658
2020-02-11,329,491.720637480222
2020-02-11,368,550.539038056376
2020-02-11,403,518.092722863304
2020-02-11,353,330.688304656199
2020-02-11,406,510.045288459753
2020-02-11,197,375.433614059504
2020-02-11,368,551.086161263869
2020-02-11,479,338.120416034791
2020-02-11,372,443.081332067999
2020-02-11,325,444.205149952966
2020-02-11,158,305.791443599673
2020-02-11,394,354.419853141974
2020-02-11,419,603.270836936079
2020-02-11,424,266.209403130704
2020-02-11,430,577.346522623583
2020-02-11,399,416.994849762941
2020-02-11,553,606.751236920168
2020-02-11,343,465.967519824254
2020-02-11,626,549.678460357336
2020-02-11,767,442.23111009498
2020-02-11,778,640.356765304756
2020-02-11,628,597.25878584144
2020-02-11,623,693.564125748552
2020-02-11,653,726.156349328431
2020-02-11,705,851.427814394897
2020-02-11,593,408.324465686291
2020-02-11,1056,859.722183894862
2020-02-11,540,640.853407467956
2020-02-11,254,584.110702355819
2020-02-11,294,520.84297540296
2020-02-11,690,400.815333723362
2020-02-11,774,668.054776935136
2020-02-11,1201,1010.73028388143
2020-02-11,527,920.786584734017
2020-02-11,877,591.326923418578
2020-02-11,529,585.112444071313
2020-02-11,261,424.440845953963
2020-02-11,418,936.5116005894
2020-02-11,547,564.500193318579
2020-02-11,447,706.422712295754
2020-02-11,615,627.67299893899
2020-02-11,677,638.951023265418
2020-02-11,410,406.520415331243
2020-02-11,920,447.64462713097
2020-02-11,676,547.460925422997
2020-02-11,212,369.094608755104
2020-02-11,475,618.733320390673
2020-02-11,269,533.768608511613
2020-02-11,930,467.984460473538
2020-02-11,380,652.337563173819
2020-02-11,501,581.420640150258
2020-02-11,365,377.662460865614
2020-02-11,662,353.080574829128
2020-02-11,375,485.725777254137
2020-02-11,736,415.598306301531
2020-02-11,902,426.895497057325
2020-02-11,481,440.603184434075
2020-02-11,600,407.895722256525
2020-02-11,445,606.698849923211
2020-02-11,296,338.456028848085
2020-02-11,1144,393.301957022145
2020-02-11,397,326.023420249171
2020-02-11,455,552.598283890948
2020-02-11,463,488.193414901218
2020-02-11,202,469.566508714733
2020-02-11,465,362.335846025483
2020-02-11,313,414.586870081393
2020-02-11,375,505.037215272857
2020-02-11,0,241.190611075363
2020-02-11,964,760.01631169985
2020-02-11,850,722.198747613243
2020-02-11,826,795.291980732543
2020-02-11,677,953.873465083832
2020-02-11,971,754.313245370777
2020-02-11,426,580.398476182934
2020-02-11,450,818.576720432933
2020-02-11,646,667.592955120575
2020-02-11,867,940.883614315104
2020-02-11,1037,1267.78264314692
2020-02-11,1078,856.074044699848
2020-02-11,1261,758.592597119991
2020-02-11,1286,1141.36165395259
2020-02-11,495,756.937412012503
2020-02-11,1193,625.158731289876
2020-02-11,711,638.741619435263
2020-02-11,787,748.826185108938
2020-02-11,818,976.382541441108
2020-02-11,1002,874.480012455393
2020-02-11,512,706.830341023568
2020-02-11,443,490.751752915111
2020-02-11,692,749.248661475385
2020-02-11,629,558.712344052693
2020-02-11,637,812.801010148489
2020-02-11,821,1121.39161940047
2020-02-11,2555,1386.96672760825
2020-02-11,1172,1069.79526945119
2020-02-11,1095,872.840610546437
2020-02-11,685,859.75724528484
2020-02-11,1002,925.424657360619
2020-02-11,715,445.521076774112
2020-02-11,685,637.750630155513
2020-02-11,607,869.370527201738
2020-02-11,387,692.939909459217
2020-02-11,1390,822.196505820462
2020-02-11,314,483.252072808385
2020-02-11,451,416.422920779606
2020-02-11,252,344.97290059101
2020-02-11,709,549.849920662315
2020-02-11,457,637.034855625538
2020-02-11,199,450.644943897596
2020-02-11,267,485.882480983625
2020-02-11,324,371.976617197193
2020-02-11,529,417.818818797885
2020-02-11,430,248.372463477929
2020-02-11,301,473.325096847157
2020-02-11,434,516.693547254712
2020-02-11,0,140.88123283199
2020-02-11,1206,941.121041910918
2020-02-11,990,956.237590959708
2020-02-11,863,1438.13204124232
2020-02-11,1440,1065.56898193865
2020-02-11,1925,1282.861810681
2020-02-11,693,968.205395053191
2020-02-11,764,1344.73870904075
2020-02-11,2758,1514.73562559039
2020-02-11,1087,1824.44455489941
2020-02-11,1924,2304.80870194931
2020-02-11,831,691.65839297186
2020-02-11,1130,1356.04505079374
2020-02-11,740,1350.69881594671
2020-02-11,813,997.685893404123
2020-02-11,1492,731.200345054933
2020-02-11,1335,1196.25474359274
2020-02-11,1749,1371.90349745149
2020-02-11,832,1162.80708760547
2020-02-11,1160,1301.706499267
2020-02-11,1339,1592.14108435516
2020-02-11,1133,1139.84782479479
2020-02-11,841,803.970615613314
2020-02-11,951,1560.03088706939
2020-02-11,789,1435.34430905932
2020-02-11,968,1209.57157816586
2020-02-11,1054,760.254783274645
2020-02-11,1776,1187.5371795012
2020-02-11,1078,1668.00013081314
2020-02-11,1279,982.760303216427
2020-02-11,1050,1214.66590000524
2020-02-11,1432,872.557275904821
2020-02-11,1151,1319.15962556148
2020-02-11,858,583.254471494363
2020-02-11,997,874.409906628607
2020-02-11,817,1040.52984065766
2020-02-11,569,1103.79691153589
2020-02-11,1500,879.106117584905
2020-02-11,668,861.617663996386
2020-02-11,1817,1345.41115742227
2020-02-11,958,1165.91674612417
2020-02-11,1212,916.299318030561
2020-02-11,799,591.065561184323
2020-02-11,903,616.076497125579
2020-02-11,1101,326.047939529569
2020-02-11,547,779.03724361334
2020-02-11,1431,1544.71914746609
2020-02-11,1701,973.60475675797
2020-02-11,1480,1504.13165591988
2020-02-11,1734,1235.47968025569
2020-02-11,1249,1178.4633126124
2020-02-11,1653,1555.03932203446
2020-02-11,2425,1776.43738575747
2020-02-11,816,1676.7675999351
2020-02-11,1320,1276.92330751528
2020-02-11,1870,1646.17952164432
2020-02-11,1101,1336.71494111902
2020-02-11,1446,1771.17459875971
2020-02-11,2321,1532.31296165493
2020-02-11,1034,1053.61384751367
2020-02-11,1591,1056.42086621472
2020-02-11,1189,1375.14198918592
2020-02-11,731,946.28368352986
2020-02-11,511,899.977588370363
2020-02-11,938,1056.59165572904
2020-02-11,633,430.223521373815
2020-02-11,755,517.228896032999
2020-02-11,646,455.040146683617
2020-02-11,828,1060.06299463515
2020-02-11,458,763.128356168682
2020-02-11,1757,1224.66207279544
2020-02-11,738,1279.12271250655
2020-02-11,2075,2320.64152979592
2020-02-11,816,2358.66687371051
2020-02-11,883,1150.36889007968
2020-02-11,1459,1156.62780302798
2020-02-11,1262,1372.82143233553
2020-02-11,924,1033.57154212984
2020-02-11,1136,1450.50058767609
2020-02-11,1806,998.236010331589
2020-02-11,1257,1164.66836216893
2020-02-11,1625,1254.02595799932
2020-02-11,1286,1985.95888783825
2020-02-11,1235,1248.55393183481
2020-02-11,1618,1637.16088597568
2020-02-11,982,1529.15459802634
2020-02-11,590,416.413719736913
2020-02-11,551,451.567166086057
2020-02-11,175,430.005510157324
2020-02-11,764,648.706669190631
2020-02-11,764,518.425393645827
2020-02-11,84,647.818712863466
2020-02-11,660,543.974936374279
2020-02-11,985,403.732478408382
2020-02-11,365,341.991178760739
2020-02-11,259,333.132474603641
2020-02-11,394,285.371593859734
2020-02-11,297,332.228650198175
2020-02-11,194,268.125333813192
2020-02-11,344,295.508130628362
2020-02-11,189,295.497202980402
2020-02-11,359,315.020726566152
2020-02-11,420,345.115533250508
2020-02-11,597,548.518601830822
2020-02-11,244,375.173680998471
2020-02-11,150,252.229534939274
2020-02-11,313,195.994287299554
2020-02-11,219,210.734366579176
2020-02-11,103,192.03445872545
2020-02-11,844,282.694542259682
2020-02-11,107,339.532394875525
2020-02-11,238,292.878247047591
2020-02-11,139,276.05911689021
2020-02-11,178,295.881472193874
2020-02-11,156,408.417779835189
2020-02-11,65,148.759481057555
2020-02-11,15,92.7992531122279
2020-02-11,289,165.848251522707
2020-02-11,152,248.883918591214
2020-02-11,219,291.934991681309
2020-02-11,219,176.539956926138
2020-02-11,237,163.399891122954
2020-02-11,278,217.306484643606
2020-02-11,263,185.790317877174
2020-02-11,135,146.128913318823
2020-02-11,301,237.178404967547
2020-02-11,229,186.046176326918
2020-02-11,290,281.886065857558
2020-02-11,254,266.448636054165
2020-02-11,255,213.025324683856
2020-02-11,246,228.627389471701
2020-02-11,129,152.96578413359
2020-02-11,134,279.403780544366
2020-02-11,246,326.416070035511
2020-02-11,318,185.711232622275
2020-02-11,211,230.3142739826
2020-02-11,184,269.305852201056
2020-02-11,81,294.766560460491
2020-02-11,356,250.494090145575
2020-02-11,197,312.331355709446
2020-02-11,104,272.488558290064
2020-02-11,432,236.555812529314
2020-02-11,32,224.140572712801
2020-02-11,107,191.744847318115
2020-02-11,428,320.219407798543
2020-02-11,294,338.024519804564
2020-02-11,336,346.229526125571
2020-02-11,224,438.114098366791
2020-02-11,276,773.951088951067
2020-02-11,690,317.385751693717
2020-02-11,355,336.188717688146
2020-02-11,334,289.719735035671
2020-02-11,269,291.80499395237
2020-02-11,444,353.977281496915
2020-02-11,275,341.345412430088
2020-02-11,390,579.879661711472
2020-02-11,594,585.643081799075
2020-02-11,392,525.481139637643
2020-02-11,1029,1041.08105395328
2020-02-11,983,682.72345244181
2020-02-11,408,933.105182717601
2020-02-11,511,441.673285715289
2020-02-11,199,362.274094041256
2020-02-11,284,344.341518067631
2020-02-11,442,565.720310073382
2020-02-11,561,458.654947569814
2020-02-11,47,233.775105914486
2020-02-11,694,396.573523943547
2020-02-11,486,378.232363413045
2020-02-11,202,739.321261502897
2020-02-11,227,331.804828540527
2020-02-11,131,217.94076969013
2020-02-11,263,209.685579710781
2020-02-11,215,354.108757362925
2020-02-11,524,312.705936568406
2020-02-11,168,643.3308538253
2020-02-11,822,562.514289114961
2020-02-11,580,613.034788381062
2020-02-11,757,602.482748585178
2020-02-11,263,414.536645549976
2020-02-11,560,549.432522259819
2020-02-11,663,500.7461429605
2020-02-11,362,514.468481085257
2020-02-11,304,491.024818852683
2020-02-11,693,534.841230701434
2020-02-11,322,588.651072379392
2020-02-11,482,523.762414571506
2020-02-11,360,305.783110809759
2020-02-11,419,467.137531242288
2020-02-11,463,602.633901784384
2020-02-11,446,333.345376540348
2020-02-11,215,467.964394714236
2020-02-11,552,763.97556383987
2020-02-11,678,430.740654683996
2020-02-11,502,660.588515449321
2020-02-11,711,544.568650155731
2020-02-11,726,634.567031333117
2020-02-11,804,632.355301243061
2020-02-11,590,745.085798842944
2020-02-11,1229,494.730047207752
2020-02-11,786,843.619341611019
2020-02-11,333,740.401038635908
2020-02-11,702,873.063943312267
2020-02-11,883,874.639753042606
2020-02-11,601,565.470164710586
2020-02-11,749,555.156641410049
2020-02-11,441,904.442859066666
2020-02-11,356,488.745436055614
2020-02-11,693,516.923539889351
2020-02-11,536,345.801023980081
2020-02-11,200,676.477808204852
2020-02-11,237,490.446267091219
2020-02-11,676,856.551952181624
2020-02-11,490,481.080825741922
2020-02-11,804,891.261063433581
2020-02-11,945,747.296296386744
2020-02-11,787,645.221676664711
2020-02-11,384,701.847514522412
2020-02-11,564,488.005139771698
2020-02-11,771,607.638505145361
2020-02-11,498,631.532034994489
2020-02-11,610,645.312265186012
2020-02-11,2534,1683.31300809195
2020-02-11,1149,1604.20735965995
2020-02-11,2107,1468.58042986067
2020-02-11,1238,3063.00589143544
2020-02-11,951,947.331851697064
2020-02-11,430,888.21838268598
2020-02-11,2350,2022.43573914288
2020-02-11,1085,1325.9085484426
2020-02-11,866,834.200674453366
2020-02-11,1972,1235.3956623246
2020-02-11,2494,1567.80537927895
2020-02-11,888,855.841924738688
2020-02-11,1074,828.575267191747
2020-02-11,298,313.438518680882
2020-02-11,462,422.189047478982
2020-02-11,322,466.742056371962
2020-02-11,708,347.376684670416
2020-02-11,258,240.746303468209
2020-02-11,207,327.778388065987
2020-02-11,468,352.204712785508
2020-02-11,439,396.570740574428
2020-02-11,525,476.493103236201
2020-02-11,758,645.263982659228
2020-02-11,724,636.339557453412
2020-02-11,446,1001.39166905933
2020-02-11,775,1407.45953961538
2020-02-11,987,1096.68314831085
2020-02-11,922,859.975554419408
2020-02-11,1283,1267.55878317293
2020-02-11,1008,666.133517067292
2020-02-11,896,1122.9281269012
2020-02-11,767,909.918841560523
2020-02-11,1512,1263.68253248035
2020-02-11,997,876.986586843735
2020-02-11,779,806.090886862662
2020-02-11,580,872.675527697328
2020-02-11,531,875.286480803043
2020-02-11,894,950.454370635378
2020-02-11,1018,728.727876011823
2020-02-11,1699,1296.75567616551
2020-02-11,471,856.119112267645
2020-02-11,1227,1176.64514952987
2020-02-11,2387,2581.49844340065
2020-02-11,3731,2138.31175008636
2020-02-11,860,958.787677694536
2020-02-11,1506,1694.20142745179
2020-02-11,1130,1236.61182063507
2020-02-11,1133,1666.85917188207
2020-02-11,659,1366.82589659352
2020-02-11,1134,1364.69423730393
2020-02-11,1727,1033.12587862135
2020-02-11,1981,1787.2832394566
2020-02-11,995,1504.66294041454
2020-02-11,1262,1718.27514118303
2020-02-11,926,609.841010580802
2020-02-11,1042,1006.51473403554
2020-02-11,1789,1579.99221715091
2020-02-11,1181,1298.47880926672
2020-02-11,2057,1767.10816530669
2020-02-11,1744,1629.97772083473
2020-02-11,822,842.316435839526
2020-02-11,1297,628.00166920449
2020-02-11,1253,1275.57096331812
2020-02-11,303,422.523450983392
2020-02-11,488,358.933494102037
2020-02-11,367,241.832037112986
2020-02-11,329,384.123886120396
2020-02-11,38,210.153949124342
2020-02-11,2209,1467.68764809781
2020-02-11,961,1567.83514141315
2020-02-11,2346,2365.42838894777
2020-02-11,1807,1397.26555468412
2020-02-11,2902,2139.81034616175
2020-02-11,1858,2047.57692483757
2020-02-11,745,1160.31281714614
2020-02-11,1399,2118.62771155241
2020-02-11,1087,1060.47847766136
2020-02-11,1695,1701.12410953047
2020-02-11,792,685.290142171425
2020-02-11,3413,2023.06206379283
2020-02-11,2993,1705.11308802683
2020-02-11,1362,1962.96262757702
2020-02-11,473,1034.43195409166
2020-02-11,1557,1178.77299966746
2020-02-11,1728,1161.26248552729
2020-02-11,575,808.445089044267
2020-02-11,496,986.334768520827
2020-02-11,835,970.156264658016
2020-02-11,557,672.63724132721
2020-02-11,467,725.62538767175
2020-02-11,812,936.561658173131
2020-02-11,1271,1075.30111553541
2020-02-11,824,836.900010962602
2020-02-11,522,792.940897171906
2020-02-11,1046,939.127194525049
2020-02-11,1079,987.836138724885
2020-02-11,719,580.996473781726
2020-02-11,451,554.35206293417
2020-02-11,325,330.900503030368
2020-02-11,720,604.485368245323
2020-02-11,480,519.039276892859
2020-02-11,740,886.169776553134
2020-02-11,784,528.751551723385
2020-02-11,772,1008.36699230099
2020-02-11,521,1349.88291877839
2020-02-11,519,901.633126101431
2020-02-11,597,644.326722712117
2020-02-11,665,394.467047591704
2020-02-11,847,557.71404436173
2020-02-11,980,919.971845702236
2020-02-11,849,714.480776351844
2020-02-11,852,1092.93317637564
2020-02-11,864,1123.52095154561
2020-02-11,1062,871.135364528313
2020-02-11,1084,903.282605889582
2020-02-11,791,1086.20467986714
2020-02-11,1097,794.218675087154
2020-02-11,1032,1319.7188334193
2020-02-11,918,681.636949415028
2020-02-11,1010,1008.13886183388
2020-02-11,759,622.601027251792
2020-02-11,216,637.369123161095
2020-02-11,729,739.264587673766
2020-02-11,456,954.653789535451
2020-02-11,1008,1021.62203464374
2020-02-11,1804,1499.61006786393
2020-02-11,578,1500.09860475842
2020-02-11,866,1475.80563629482
2020-02-11,558,1408.67158749715
2020-02-11,1143,1648.00806082966
2020-02-11,784,532.999416474242
2020-02-11,1385,1052.01571600609
2020-02-11,529,695.854681376843
2020-02-11,1205,755.622569087325
2020-02-11,879,1340.72024876763
2020-02-11,656,1801.76711087142
2020-02-11,1009,765.028567345625
2020-02-11,1175,892.884484095534
2020-02-11,1392,1388.28916034314
2020-02-11,1203,1070.2914491086
2020-02-11,1195,768.551458938891
2020-02-11,970,1273.92811584703
2020-02-11,982,1284.19362869021
2020-02-11,656,980.896981369547
2020-02-11,1245,688.62560209961
2020-02-11,594,642.741280125626
2020-02-11,1019,963.886468862697
2020-02-11,520,448.527038498408
2020-02-11,624,854.930024986904
2020-02-11,1338,1744.84380217218
2020-02-11,2104,1877.58926151307
2020-02-11,1953,1793.00675287963
2020-02-11,3075,1764.87052236738
2020-02-11,1299,1581.31720839797
2020-02-11,1852,2374.69591772436
2020-02-11,775,1018.20883304666
2020-02-11,3090,2995.44061238676
2020-02-11,4951,1337.01874762184
2020-02-11,3641,2082.26530259134
2020-02-11,4432,2670.92967912883
2020-02-11,2615,1738.88752910806
2020-02-11,4334,1593.97054217163
2020-02-11,1960,1316.67230898706
2020-02-11,1525,1451.29372241808
2020-02-11,1564,1143.40369497721
2020-02-11,978,1105.45948679721
2020-02-11,986,1132.11829442671
2020-02-11,1720,1422.17251503859
2020-02-11,910,1498.58953981762
2020-02-11,1347,1657.79001414644
2020-02-11,1596,1616.26726303559
2020-02-11,456,1076.71962563378
2020-02-11,1091,1159.98037137631
2020-02-11,3847,1834.47125156526
2020-02-11,700,786.042809538882
2020-02-11,2704,2461.22437735331
2020-02-11,1973,1635.21132055297
2020-02-11,2496,1488.71812597317
2020-02-11,433,605.802875920994
2020-02-11,1165,1366.18446754596
2020-02-11,1586,1686.95603501384
2020-02-11,664,1217.27999309597
2020-02-11,1118,683.167395216229
2020-02-11,809,1646.50704165051
2020-02-11,1941,671.194760405606
2020-02-11,1924,1253.74303333953
2020-02-11,749,887.343858521298
2020-02-11,623,848.41493251221
2020-02-11,377,261.544628054513
2020-02-11,1834,1277.58889172895
2020-02-11,1184,1079.40470110089
2020-02-11,929,981.955899167041
2020-02-11,770,1046.01978237459
2020-02-11,508,740.151590879777
2020-02-11,1220,986.538202067042
2020-02-11,1068,738.834245214332
2020-02-11,648,908.334102666014
2020-02-11,704,1208.21739723817
2020-02-11,2822,1856.86132311657
2020-02-11,4864,1811.80919420209
2020-02-11,939,1437.39133055602
2020-02-11,1832,1264.73551507509
2020-02-11,1454,2553.86561099683
2020-02-11,1749,1729.44651989628
2020-02-11,2163,1502.94937529308
2020-02-11,878,1718.78531499093
2020-02-11,1044,1132.11349161926
2020-02-11,1255,1380.32467953341
2020-02-11,1825,1098.99398001003
2020-02-11,3610,2370.57692499235
2020-02-11,3072,1339.3191882702
2020-02-11,2068,1770.60826418428
2020-02-11,1418,1101.6474354395
2020-02-11,3054,1597.72082089891
2020-02-11,549,1010.62041579853
2020-02-11,689,949.900305670675
2020-02-11,1782,894.919054044092
2020-02-11,1502,1266.31688558982
2020-02-11,944,372.877539448224
2020-02-11,621,703.924221143087
2020-02-11,661,146.735102824299
2020-02-11,342,182.880051222471
2020-02-11,1104,1523.67845803157
2020-02-11,529,537.668815491723
2020-02-11,483,558.63459337672
2020-02-11,875,1043.76637504532
2020-02-11,1329,340.405877221013
2020-02-11,530,227.099853517991
2020-02-11,321,516.398573002222
2020-02-11,2274,1890.21585272981
2020-02-11,1735,1066.41387445729
2020-02-11,1334,1557.53416087521
2020-02-11,1937,1385.9038866528
2020-02-11,392,1163.64048239737
2020-02-11,2296,1312.64740463635
2020-02-11,1677,1450.17591620943
2020-02-11,1005,1245.63400547072
2020-02-11,1029,904.585511434667
2020-02-11,2257,2177.08603756504
2020-02-11,2327,2498.25567148288
2020-02-11,1060,1172.61146606065
2020-02-11,1119,2402.33518576434
2020-02-11,4624,2604.49783993308
2020-02-11,3549,1657.80391806405
2020-02-11,3949,1832.15582471093
2020-02-11,860,2804.286604139
2020-02-11,1474,1859.88607800359
2020-02-11,1217,1940.81590538159
2020-02-11,1454,1514.73346225057
2020-02-11,1318,1570.06914744507
2020-02-11,2817,2232.15597274563
2020-02-11,466,1562.32993477146
2020-02-11,4526,2351.7779944195
2020-02-11,1496,1417.81289817442
2020-02-11,1994,1355.81339762114
2020-02-11,1373,1389.02068363105
2020-02-11,965,1081.10657102731
2020-02-11,2557,956.001940897504
2020-02-11,1034,1455.80518367816
2020-02-11,1360,1423.86055261599
2020-02-11,1475,1716.39476041561
2020-02-11,673,1005.44091214468
2020-02-11,1257,619.836135537408
2020-02-11,1027,593.189263364285
2020-02-11,832,740.138081792095
2020-02-11,1047,1302.03433286801
2020-02-11,1411,1282.3908837778
2020-02-11,1841,1045.60181206285
2020-02-11,1249,1150.36553287445
2020-02-11,996,849.066370262594
2020-02-11,785,520.697992533755
2020-02-11,656,1046.06739781222
2020-02-11,857,1970.21085150759
2020-02-11,455,1104.40166762013
2020-02-11,1273,884.349218249518
2020-02-11,822,975.149869999384
2020-02-11,657,833.050121975519
2020-02-11,747,1464.53572810067
2020-02-11,1445,1211.77970425756
2020-02-11,819,620.973392828662
2020-02-11,923,719.498858415022
2020-02-11,585,1343.27252739095
2020-02-11,1163,947.459908735184
2020-02-11,1054,1428.35130010023
2020-02-11,961,903.594682212987
2020-02-11,579,650.693928539132
2020-02-11,1366,1801.1308021372
2020-02-11,1250,1614.79487269745
2020-02-11,342,830.281998173545
2020-02-11,752,329.472462053443
2020-02-11,958,831.555076343815
2020-02-11,895,1605.88868128805
2020-02-11,1101,859.438093324173
2020-02-11,475,1008.0235787647
2020-02-11,443,897.008936489539
2020-02-11,1267,949.843187487175
2020-02-11,880,933.432086873553
2020-02-11,1873,1038.16213153302
2020-02-11,2097,2377.02395684746
2020-02-11,1253,1249.54522043687
2020-02-11,1367,1004.34719699346
2020-02-11,1229,1217.113559687
2020-02-11,1016,1557.36151216547
2020-02-11,1080,1986.32640578118
2020-02-11,1396,1771.00468434669
2020-02-11,1388,1308.70705346372
2020-02-11,2179,1275.95467772667
2020-02-11,1311,1163.10592597658
2020-02-11,1647,1475.59456687521
2020-02-11,1980,1437.44356011625
2020-02-11,1409,1690.0484285481
2020-02-11,1539,1389.91321290937
2020-02-11,1688,1066.71745232395
2020-02-12,896,1254.9222819275
2020-02-12,379,1134.75117610666
2020-02-12,506,1193.47736736116
2020-02-12,638,2014.24858398333
2020-02-12,780,746.824149367127
2020-02-12,640,1251.54377979641
2020-02-12,534,489.19171272122
2020-02-12,420,944.216933746071
2020-02-12,848,823.015851791992
2020-02-12,691,662.152281886038
2020-02-12,565,717.726929843104
2020-02-12,1618,593.879135317665
2020-02-12,1175,813.773839556555
2020-02-12,1416,604.269560884747
2020-02-12,1060,215.503525666629
2020-02-12,1499,1534.3443000672
2020-02-12,1060,991.920436673248
2020-02-12,1359,886.296124983314
2020-02-12,294,1077.99231482571
2020-02-12,2391,1926.3048048516
2020-02-12,2082,756.988859898198
2020-02-12,1623,1811.56866910882
2020-02-12,1769,1086.26319468189
2020-02-12,2195,1108.16907529709
2020-02-12,1726,1298.92711124642
2020-02-12,2375,1186.71754979731
2020-02-12,1201,2865.98916887338
2020-02-12,677,1719.93050400059
2020-02-12,525,914.340623801037
2020-02-12,1071,2186.10045835468
2020-02-12,885,1932.94771693634
2020-02-12,1786,1264.5385171693
2020-02-12,2176,1041.92287815284
2020-02-12,1976,1623.48569065334
2020-02-12,1595,651.965520899829
2020-02-12,1327,2345.86207770435
2020-02-12,1372,1120.50034174325
2020-02-12,1403,2083.35723953455
2020-02-12,2027,1823.19527099706
2020-02-12,2870,1999.17052995354
2020-02-12,1652,1280.1190745965
2020-02-12,787,1167.84564029546
2020-02-12,1910,1011.84918411382
2020-02-12,709,738.150098464453
2020-02-12,1150,1847.55952090718
2020-02-12,1749,1248.65246056788
2020-02-12,1997,1252.03910982107
2020-02-12,1500,989.786890341984
2020-02-12,883,1902.18676253703
2020-02-12,1045,1297.17296747761
2020-02-12,1313,872.519378054823
2020-02-12,1580,1376.968608312
2020-02-12,1278,885.756750304318
2020-02-12,2882,1794.45309454192
2020-02-12,1792,2216.15933152302
2020-02-12,3846,2773.6406464937
2020-02-12,2071,2066.72863887775
2020-02-12,1824,2107.32096405662
2020-02-12,3552,2106.17799325036
2020-02-12,1070,2645.28129014603
2020-02-12,2099,2088.29744283841
2020-02-12,5619,2564.57009537433
2020-02-12,1856,1797.05886945088
2020-02-12,1774,2814.21860978128
2020-02-12,3689,1503.77129869848
2020-02-12,2569,2561.46953833871
2020-02-12,2111,1889.02352138162
2020-02-12,3220,1819.07875839344
2020-02-12,2387,2175.66680949405
2020-02-12,691,1583.41200782646
2020-02-12,994,2614.55720919618
2020-02-12,1451,1580.73014941733
2020-02-12,1634,1276.67656318614
2020-02-12,1208,1306.81211864121
2020-02-12,1611,1518.2204664809
2020-02-12,2613,1555.90036089595
2020-02-12,1344,2334.18634583435
2020-02-12,1983,1609.15737695368
2020-02-12,2716,1779.08293964298
2020-02-12,382,643.420208298731
2020-02-12,473,536.703042258431
2020-02-12,663,434.473779345419
2020-02-12,573,310.635235000959
2020-02-12,883,647.128509681633
2020-02-12,337,446.408185580938
2020-02-12,571,486.726792577212
2020-02-12,593,595.689361627029
2020-02-12,552,699.16017482322
2020-02-12,1175,512.007373482316
2020-02-12,734,916.826294749396
2020-02-12,907,985.805766485035
2020-02-12,1960,799.188958542968
2020-02-12,997,972.84246009887
2020-02-12,997,906.476234575956
2020-02-12,291,447.319146806056
2020-02-12,822,705.26978860754
2020-02-12,371,541.971964909339
2020-02-12,756,644.575804057422
2020-02-12,667,689.455685958764
2020-02-12,458,577.040168225887
2020-02-12,676,513.164567659936
2020-02-12,787,951.822035750271
2020-02-12,939,779.493320316808
2020-02-12,950,855.87506084194
2020-02-12,941,750.582183934163
2020-02-12,661,535.289258530979
2020-02-12,559,266.176148124407
2020-02-12,485,404.880014453438
2020-02-12,396,601.279720755587
2020-02-12,807,604.37154446757
2020-02-12,316,929.196838520261
2020-02-12,1202,756.908601336392
2020-02-12,378,634.033539925019
2020-02-12,795,971.039766609322
2020-02-12,655,2027.63062398675
2020-02-12,1983,1517.11156047279
2020-02-12,929,932.753697261548
2020-02-12,727,972.292059634793
2020-02-12,941,1013.18846753152
2020-02-12,1208,1008.73365103951
2020-02-12,659,669.813328288229
2020-02-12,260,696.77012410631
2020-02-12,1013,838.080384646559
2020-02-12,212,940.743540624148
2020-02-12,344,743.513202215173
2020-02-12,658,1606.025876224
2020-02-12,1376,791.164439412649
2020-02-12,1173,560.755498957363
2020-02-12,0,703.048732291125
2020-02-12,1914,2032.42218638383
2020-02-12,2137,1370.16486296796
2020-02-12,664,1567.4530169724
2020-02-12,1248,980.34882521239
2020-02-12,1014,1715.84810858236
2020-02-12,1308,1387.53452885023
2020-02-12,1703,1591.21248890516
2020-02-12,1687,1402.67901854202
2020-02-12,1617,1728.30048755719
2020-02-12,2890,1905.88732667201
2020-02-12,273,1210.57091094339
2020-02-12,1299,1098.08355292776
2020-02-12,1228,1554.4148572609
2020-02-12,1116,1344.4418501763
2020-02-12,2159,1737.29821606895
2020-02-12,1667,1246.82627704425
2020-02-12,2516,1459.77279924528
2020-02-12,1710,1399.46891551303
2020-02-12,2162,1572.19866785207
2020-02-12,1795,1459.28943957139
2020-02-12,1086,898.19409492057
2020-02-12,967,821.669080119553
2020-02-12,1331,1409.20679620962
2020-02-12,1181,1476.39805659859
2020-02-12,1280,1782.09584875128
2020-02-12,1709,1946.69127448316
2020-02-12,1960,1824.082862572
2020-02-12,1726,1560.2201211581
2020-02-12,1212,1018.66785987267
2020-02-12,1299,1287.42604972392
2020-02-12,1513,1292.57969161042
2020-02-12,1738,1217.56851428218
2020-02-12,1237,920.056767112687
2020-02-12,731,1036.75012631259
2020-02-12,909,785.895112450404
2020-02-12,800,863.674184403584
2020-02-12,776,1193.4059330292
2020-02-12,946,1413.39215630031
2020-02-12,1022,1345.52965964293
2020-02-12,1510,1128.0609703003
2020-02-12,734,1212.09176159955
2020-02-12,1420,1300.40209159166
2020-02-12,1546,1032.47210012193
2020-02-12,551,928.769566978566
2020-02-12,1378,778.179020423134
2020-02-12,591,857.971514632508
2020-02-12,1097,856.143743519482
2020-02-12,1572,835.324646832449
2020-02-12,711,622.020245153422
2020-02-12,522,886.719365233161
2020-02-12,744,871.477567907836
2020-02-12,908,1373.17761051958
2020-02-12,958,1251.11501747263
2020-02-12,1068,719.157262294527
2020-02-12,623,618.233769601178
2020-02-12,725,613.1425020733
2020-02-12,731,649.32701803559
2020-02-12,738,739.507568867659
2020-02-12,517,720.811424609524
2020-02-12,584,648.054436379141
2020-02-12,714,790.47010392529
2020-02-12,307,675.551110316952
2020-02-12,626,394.063761117945
2020-02-12,837,549.381316749299
2020-02-12,444,607.400269760838
2020-02-12,1039,1020.32075424301
2020-02-12,976,815.362542867973
2020-02-12,787,614.581923098142
2020-02-12,553,1272.8119961593
2020-02-12,747,815.592749218378
2020-02-12,1578,1405.02089302069
2020-02-12,1107,1651.64478229838
2020-02-12,513,916.187424658976
2020-02-12,761,791.00542175572
2020-02-12,1042,896.589674011198
2020-02-12,547,905.704437648921
2020-02-12,751,519.802602019722
2020-02-12,803,915.93402026146
2020-02-12,686,850.771728286045
2020-02-12,811,680.042165293887
2020-02-12,916,700.224610421382
2020-02-12,708,690.750096761626
2020-02-12,558,520.132751874298
2020-02-12,1006,940.888575401536
2020-02-12,521,465.202995257519
2020-02-12,303,559.388079455795
2020-02-12,489,504.556894917245
2020-02-12,645,559.385453977653
2020-02-12,125,589.167256095334
2020-02-12,764,455.416318033614
2020-02-12,425,614.796536755626
2020-02-12,497,458.107122133269
2020-02-12,641,510.04083519922
2020-02-12,766,622.801100340027
2020-02-12,633,908.385695163079
2020-02-12,1178,760.505929424848
2020-02-12,559,490.363459725693
2020-02-12,537,669.691669659266
2020-02-12,478,596.351842814631
2020-02-12,462,581.495489279087
2020-02-12,416,566.90209881746
2020-02-12,525,901.039905690339
2020-02-12,834,1150.78859977198
2020-02-12,861,700.488710183252
2020-02-12,1045,1059.82288324754
2020-02-12,729,951.801640118182
2020-02-12,1192,671.825534873302
2020-02-12,1070,858.112501008549
2020-02-12,1400,823.232305669948
2020-02-12,901,975.813402538625
2020-02-12,987,870.244978132231
2020-02-12,971,594.205441218193
2020-02-12,994,1343.35071838361
2020-02-12,811,937.111122111308
2020-02-12,1360,789.370327638794
2020-02-12,1013,893.644504321754
2020-02-12,858,1365.93786255882
2020-02-12,436,647.05777468493
2020-02-12,1257,1350.73623760606
2020-02-12,1756,1014.78700427299
2020-02-12,2074,1896.65900727216
2020-02-12,1671,1199.02303572781
2020-02-12,1554,1323.45691637758
2020-02-12,1432,1249.48120736392
2020-02-12,1963,1615.61439983177
2020-02-12,1863,1190.28035584256
2020-02-12,1869,1820.73240894759
2020-02-12,1346,1839.33874605666
2020-02-12,1342,1131.52054986923
2020-02-12,1663,1582.03818770512
2020-02-12,904,1250.24308619282
2020-02-12,1924,1963.38612350458
2020-02-12,1940,1038.41765914786
2020-02-12,2076,1600.76996408893
2020-02-12,1224,1222.26059438886
2020-02-12,2076,1160.51951506
2020-02-12,1589,1414.28232672418
2020-02-12,1496,1249.51076618332
2020-02-12,1435,1506.76052081362
2020-02-12,1490,1240.3402576746
2020-02-12,1999,677.222678595733
2020-02-12,1453,899.519874608631
2020-02-12,1917,1809.21342639659
2020-02-12,178,318.588755196416
2020-02-12,174,396.458178434993
2020-02-12,395,244.914754122883
2020-02-12,162,307.006522943608
2020-02-12,271,268.190984799322
2020-02-12,214,169.982961927791
2020-02-12,204,310.101436925709
2020-02-12,165,469.558281324693
2020-02-12,433,510.687976444088
2020-02-12,393,398.057240740463
2020-02-12,645,636.609363527159
2020-02-12,939,578.165627673226
2020-02-12,1001,997.204777205089
2020-02-12,357,398.643428865374
2020-02-12,516,475.806716459294
2020-02-12,701,570.445650614806
2020-02-12,1114,739.602043230414
2020-02-12,806,856.433746574718
2020-02-12,708,674.966602913342
2020-02-12,1187,875.856466766749
2020-02-12,611,1004.56522884231
2020-02-12,994,515.232073761949
2020-02-12,356,766.055396175408
2020-02-12,692,631.523372650047
2020-02-12,420,624.623784863555
2020-02-12,710,608.728090536042
2020-02-12,624,410.385029064014
2020-02-12,719,631.176824657117
2020-02-12,305,504.313508136055
2020-02-12,358,564.207284042214
2020-02-12,392,532.200246441028
2020-02-12,363,337.583513184954
2020-02-12,390,523.391219309841
2020-02-12,187,384.416863524248
2020-02-12,386,558.610160174794
2020-02-12,482,343.482711745468
2020-02-12,395,451.441137821945
2020-02-12,330,454.879551288476
2020-02-12,168,309.981426520983
2020-02-12,390,364.590884802603
2020-02-12,439,615.589817057936
2020-02-12,477,271.245847882967
2020-02-12,431,591.584082233637
2020-02-12,396,422.469315504813
2020-02-12,559,623.062048087466
2020-02-12,347,474.728425818229
2020-02-12,657,559.494436044181
2020-02-12,773,457.99552995453
2020-02-12,786,652.498088786178
2020-02-12,659,606.162088535465
2020-02-12,651,715.610914515452
2020-02-12,664,756.101914831017
2020-02-12,754,881.848666622368
2020-02-12,608,422.841035024298
2020-02-12,1086,895.103195814562
2020-02-12,587,658.288813507213
2020-02-12,261,597.912796490387
2020-02-12,299,529.164569301258
2020-02-12,701,412.6662333064
2020-02-12,766,681.179420527389
2020-02-12,1193,1048.55644886192
2020-02-12,592,947.431917039499
2020-02-12,918,610.441189946595
2020-02-12,567,614.179536316302
2020-02-12,286,449.019067584039
2020-02-12,384,964.877590073783
2020-02-12,573,583.283727668919
2020-02-12,477,718.748943244354
2020-02-12,667,644.420051988492
2020-02-12,665,662.351862658605
2020-02-12,399,413.279374000786
2020-02-12,887,459.467923544269
2020-02-12,693,561.494229837721
2020-02-12,210,375.267026778122
2020-02-12,499,618.644154485151
2020-02-12,233,535.38932645024
2020-02-12,912,474.753284695362
2020-02-12,402,647.914887835322
2020-02-12,496,589.334531903146
2020-02-12,390,386.940614252377
2020-02-12,665,362.305504502615
2020-02-12,402,488.153479186357
2020-02-12,732,418.559426330698
2020-02-12,870,425.990881905548
2020-02-12,485,441.001526465565
2020-02-12,613,403.475408218353
2020-02-12,420,610.892499089388
2020-02-12,318,338.136390463099
2020-02-12,1159,392.997051702331
2020-02-12,400,338.801477726465
2020-02-12,485,559.898311515666
2020-02-12,453,507.638243319435
2020-02-12,217,491.78265407125
2020-02-12,531,371.693273832465
2020-02-12,327,429.108642318197
2020-02-12,380,530.063504954428
2020-02-12,0,255.663711315419
2020-02-12,1037,776.326136346757
2020-02-12,889,733.543490615951
2020-02-12,775,824.883094218938
2020-02-12,680,971.690714625456
2020-02-12,958,782.64967053022
2020-02-12,430,600.188182153601
2020-02-12,536,831.271523626136
2020-02-12,668,689.552214771377
2020-02-12,866,977.537013375848
2020-02-12,1053,1309.87546706999
2020-02-12,1155,885.532503477906
2020-02-12,1268,784.694659437925
2020-02-12,1288,1181.46142139759
2020-02-12,559,788.152651425682
2020-02-12,1224,644.187122746568
2020-02-12,722,662.216785572799
2020-02-12,839,772.545952645747
2020-02-12,835,1035.09424767243
2020-02-12,1106,905.893830421372
2020-02-12,562,724.931510672235
2020-02-12,461,510.316073968866
2020-02-12,667,772.319676180623
2020-02-12,631,572.559815952002
2020-02-12,673,830.2641274699
2020-02-12,894,1154.39683153528
2020-02-12,2586,1449.78032582918
2020-02-12,1245,1103.51994629033
2020-02-12,1109,905.004380495173
2020-02-12,709,897.018266223035
2020-02-12,1078,960.532347447545
2020-02-12,746,463.665284864742
2020-02-12,674,662.185576044441
2020-02-12,635,899.671872619453
2020-02-12,446,716.96771812132
2020-02-12,1444,848.175704775015
2020-02-12,313,490.669789306354
2020-02-12,463,423.034039816492
2020-02-12,264,346.719429199848
2020-02-12,714,556.089407624537
2020-02-12,454,650.723531815158
2020-02-12,170,457.346202502757
2020-02-12,268,496.361588702591
2020-02-12,340,381.030120738772
2020-02-12,533,423.771845354249
2020-02-12,437,251.2468055822
2020-02-12,314,488.82955889386
2020-02-12,424,536.901686998231
2020-02-12,0,138.848901593206
2020-02-12,1219,964.861160420529
2020-02-12,955,986.477989769431
2020-02-12,883,1481.2585862433
2020-02-12,1439,1095.77314394873
2020-02-12,2070,1314.99645614683
2020-02-12,693,1000.30622695956
2020-02-12,767,1392.26654236478
2020-02-12,2818,1575.40925882691
2020-02-12,1142,1882.13644735353
2020-02-12,1943,2377.54140715126
2020-02-12,888,713.349596715359
2020-02-12,1174,1410.99258413843
2020-02-12,794,1401.81614302125
2020-02-12,818,1034.73768886714
2020-02-12,1551,756.252836207252
2020-02-12,1387,1245.91252278671
2020-02-12,1855,1419.34305231678
2020-02-12,908,1186.64904921399
2020-02-12,1188,1337.90240145285
2020-02-12,1411,1640.85233224928
2020-02-12,1210,1185.63343119529
2020-02-12,867,843.429750235118
2020-02-12,990,1602.15759216367
2020-02-12,859,1483.39873338893
2020-02-12,1007,1258.17989175709
2020-02-12,1098,789.588001435794
2020-02-12,1769,1231.83132171565
2020-02-12,1116,1729.80802117514
2020-02-12,1393,1027.50968833228
2020-02-12,1063,1281.06527549693
2020-02-12,1510,918.464936200558
2020-02-12,1262,1376.44197703676
2020-02-12,890,608.084531027115
2020-02-12,1023,914.555575227144
2020-02-12,874,1085.666801057
2020-02-12,577,1153.63899427938
2020-02-12,1569,923.496596521108
2020-02-12,694,908.241488753957
2020-02-12,1866,1414.27200685042
2020-02-12,970,1218.08309879536
2020-02-12,1279,950.927305809897
2020-02-12,862,607.663349034621
2020-02-12,920,639.60549064945
2020-02-12,1102,339.982627895492
2020-02-12,553,814.476260262982
2020-02-12,1410,1611.33574536499
2020-02-12,1730,1008.32322247935
2020-02-12,1448,1558.60303688051
2020-02-12,1781,1280.60267024663
2020-02-12,1340,1220.29377287125
2020-02-12,1702,1586.93718044642
2020-02-12,2544,1837.7912591951
2020-02-12,844,1730.97838318689
2020-02-12,1379,1329.3868801476
2020-02-12,1899,1713.58827090619
2020-02-12,1151,1400.7220453799
2020-02-12,1493,1833.11237519122
2020-02-12,2469,1558.53879762938
2020-02-12,1114,1075.31028834402
2020-02-12,1531,1099.69370649512
2020-02-12,1272,1432.80965514551
2020-02-12,717,973.00450817495
2020-02-12,525,925.683448796955
2020-02-12,915,1100.68219855609
2020-02-12,656,441.858111719977
2020-02-12,724,532.796426898385
2020-02-12,651,463.482210245765
2020-02-12,845,1097.90120131856
2020-02-12,474,777.096930848937
2020-02-12,1830,1259.32602461624
2020-02-12,760,1320.69693363849
2020-02-12,2190,2384.80373136687
2020-02-12,870,2455.58409207652
2020-02-12,907,1194.60842242924
2020-02-12,1516,1210.15511034488
2020-02-12,1319,1424.13965258892
2020-02-12,933,1078.56072152923
2020-02-12,1168,1485.93043856927
2020-02-12,1818,1033.38908471513
2020-02-12,1201,1210.37227767274
2020-02-12,1614,1308.55502231581
2020-02-12,1390,2026.81034597074
2020-02-12,1291,1289.43196886511
2020-02-12,1723,1680.94265787967
2020-02-12,1065,1597.19338629491
2020-02-12,644,423.951975631436
2020-02-12,580,467.897584028962
2020-02-12,181,451.8492172249
2020-02-12,776,664.073248658112
2020-02-12,753,535.635731961269
2020-02-12,82,667.373713070837
2020-02-12,709,548.208229065797
2020-02-12,985,415.080241989015
2020-02-12,379,352.887015532531
2020-02-12,284,343.046703393413
2020-02-12,381,297.290018644192
2020-02-12,341,346.760632451221
2020-02-12,205,283.480989318971
2020-02-12,362,308.332968181506
2020-02-12,187,311.482590156588
2020-02-12,390,325.715497547817
2020-02-12,429,361.234290586127
2020-02-12,600,561.251367794059
2020-02-12,261,379.112191307054
2020-02-12,161,261.447524991791
2020-02-12,329,207.407225044361
2020-02-12,222,219.070986868863
2020-02-12,97,195.509672725192
2020-02-12,845,292.355578041212
2020-02-12,128,345.969878556191
2020-02-12,231,304.174474047511
2020-02-12,137,286.047877914025
2020-02-12,172,298.936474187683
2020-02-12,150,415.248383750414
2020-02-12,63,148.856959832976
2020-02-12,15,93.5980005264114
2020-02-12,295,170.39311669799
2020-02-12,174,254.788868952032
2020-02-12,238,306.318092460486
2020-02-12,227,181.565288529888
2020-02-12,228,166.630764480667
2020-02-12,271,223.403015656219
2020-02-12,293,187.363768157961
2020-02-12,155,143.967715006922
2020-02-12,274,244.134855481001
2020-02-12,236,190.26877302768
2020-02-12,322,288.11013056456
2020-02-12,286,266.197771619339
2020-02-12,259,213.267560501459
2020-02-12,255,231.072551625083
2020-02-12,149,155.691278800234
2020-02-12,136,280.591279963758
2020-02-12,248,335.101895428468
2020-02-12,305,186.957236891577
2020-02-12,206,232.422785627653
2020-02-12,179,269.464969418727
2020-02-12,67,298.331561632278
2020-02-12,311,258.648911433905
2020-02-12,214,312.777415161164
2020-02-12,96,273.502386694006
2020-02-12,430,234.50977852806
2020-02-12,33,221.584994174994
2020-02-12,107,193.254385688987
2020-02-12,401,333.633624738687
2020-02-12,308,339.761663359218
2020-02-12,336,354.831553436222
2020-02-12,233,454.449802497186
2020-02-12,314,798.525575653864
2020-02-12,690,330.436159137032
2020-02-12,366,342.094736458526
2020-02-12,371,291.539734753289
2020-02-12,269,296.334600077413
2020-02-12,436,355.801729867822
2020-02-12,263,347.259300042376
2020-02-12,421,593.542901346979
2020-02-12,638,589.821361761624
2020-02-12,405,540.071261834998
2020-02-12,981,1089.77469184276
2020-02-12,991,704.544483797301
2020-02-12,442,958.847716069426
2020-02-12,529,459.162957498869
2020-02-12,211,377.954766886167
2020-02-12,281,362.507081618152
2020-02-12,480,582.371592054198
2020-02-12,561,471.846183856851
2020-02-12,60,239.270701525976
2020-02-12,719,415.837743922627
2020-02-12,527,388.407070960292
2020-02-12,218,758.115246030557
2020-02-12,255,342.855239027403
2020-02-12,140,231.321424637742
2020-02-12,291,220.535480993204
2020-02-12,209,365.357404340633
2020-02-12,499,326.285306281881
2020-02-12,172,652.009274506156
2020-02-12,847,569.363826533388
2020-02-12,636,624.753883263035
2020-02-12,818,608.133548786486
2020-02-12,269,431.009947184892
2020-02-12,536,563.739914475682
2020-02-12,654,509.491456561386
2020-02-12,356,528.650455783891
2020-02-12,292,498.614535950923
2020-02-12,659,554.895919219835
2020-02-12,347,590.44881483871
2020-02-12,485,535.200030914708
2020-02-12,355,317.979399431726
2020-02-12,463,472.022209931293
2020-02-12,484,608.929654759078
2020-02-12,430,342.109543364765
2020-02-12,208,479.39992133187
2020-02-12,577,777.23975641386
2020-02-12,655,441.641799284759
2020-02-12,493,670.270567104809
2020-02-12,716,553.470615588511
2020-02-12,728,652.256047985173
2020-02-12,868,647.447348421586
2020-02-12,608,770.5799565739
2020-02-12,1260,508.388013187329
2020-02-12,837,869.498168150928
2020-02-12,327,758.194960940025
2020-02-12,685,897.064057846751
2020-02-12,908,895.523688580149
2020-02-12,586,582.437374810508
2020-02-12,812,571.78926779389
2020-02-12,451,930.566675419978
2020-02-12,374,507.50595992618
2020-02-12,702,548.438061106265
2020-02-12,556,366.683118674562
2020-02-12,223,707.899338546108
2020-02-12,266,503.291999412681
2020-02-12,720,883.368604687422
2020-02-12,513,495.066053416121
2020-02-12,832,912.138808906572
2020-02-12,929,768.118344999258
2020-02-12,800,658.422385937087
2020-02-12,449,733.206022351009
2020-02-12,603,510.601782451147
2020-02-12,779,628.975409172033
2020-02-12,529,653.793864670436
2020-02-12,624,661.919740236525
2020-02-12,2532,1756.90997101869
2020-02-12,1187,1650.07835623119
2020-02-12,2231,1504.02438739597
2020-02-12,1309,3148.39743539071
2020-02-12,973,964.529584464722
2020-02-12,431,901.4785467824
2020-02-12,2370,2105.27507056234
2020-02-12,1158,1372.67912916338
2020-02-12,904,865.927878491008
2020-02-12,2076,1276.41354319025
2020-02-12,2530,1620.3972013222
2020-02-12,916,890.570976439829
2020-02-12,1109,855.798599762407
2020-02-12,318,322.434637232947
2020-02-12,461,441.068268290033
2020-02-12,324,468.93769156585
2020-02-12,740,354.40381872882
2020-02-12,222,248.49205632218
2020-02-12,203,331.393658668322
2020-02-12,495,350.234815747626
2020-02-12,406,411.670082219753
2020-02-12,491,493.320740651049
2020-02-12,851,646.026824417692
2020-02-12,750,662.290665101157
2020-02-12,454,1039.42664527772
2020-02-12,822,1471.76881210617
2020-02-12,1037,1128.45941379179
2020-02-12,914,901.96640853385
2020-02-12,1372,1309.84073640267
2020-02-12,1078,690.410302802179
2020-02-12,912,1147.22461442634
2020-02-12,760,954.717112864714
2020-02-12,1549,1309.06374897012
2020-02-12,1049,912.2652620456
2020-02-12,806,841.40861437731
2020-02-12,666,899.382294133747
2020-02-12,526,939.753938078214
2020-02-12,926,993.513101393155
2020-02-12,1014,756.248680723643
2020-02-12,1744,1327.37612879366
2020-02-12,483,876.882950866495
2020-02-12,1266,1215.11552827673
2020-02-12,2334,2659.17323498025
2020-02-12,3849,2204.60800276821
2020-02-12,918,972.481801576114
2020-02-12,1569,1731.54570612569
2020-02-12,1124,1257.9338765374
2020-02-12,1153,1713.37126252725
2020-02-12,658,1398.8751228677
2020-02-12,1127,1392.32051309924
2020-02-12,1829,1065.70583594184
2020-02-12,2010,1837.64467444678
2020-02-12,1024,1547.62088729058
2020-02-12,1301,1765.29817777389
2020-02-12,948,628.179618218886
2020-02-12,1072,1034.27273166428
2020-02-12,1818,1621.86494291311
2020-02-12,1219,1344.49617651953
2020-02-12,2083,1816.66165426472
2020-02-12,1745,1675.48905419456
2020-02-12,832,867.798488114222
2020-02-12,1298,635.209795626586
2020-02-12,1299,1291.68631770434
2020-02-12,318,427.657305655946
2020-02-12,491,364.774119027166
2020-02-12,366,247.398654683754
2020-02-12,340,385.869199752355
2020-02-12,49,215.319937922296
2020-02-12,2247,1515.21884412641
2020-02-12,1040,1609.02079958061
2020-02-12,2395,2447.2967413194
2020-02-12,1808,1443.02865940478
2020-02-12,2957,2215.36216388675
2020-02-12,1974,2107.60424881758
2020-02-12,814,1185.93853328169
2020-02-12,1463,2176.32644564759
2020-02-12,1075,1082.73240874504
2020-02-12,1763,1744.63751218954
2020-02-12,789,702.563642465196
2020-02-12,3454,2103.94338195673
2020-02-12,3143,1749.49946161995
2020-02-12,1451,1999.51798587028
2020-02-12,496,1041.78975756124
2020-02-12,1540,1196.24827936776
2020-02-12,1733,1176.7581718929
2020-02-12,629,821.077930638068
2020-02-12,476,1020.76352483054
2020-02-12,897,983.146236169568
2020-02-12,621,680.590953909142
2020-02-12,443,747.464977315129
2020-02-12,841,953.377858961082
2020-02-12,1284,1095.73782700836
2020-02-12,819,854.854313601297
2020-02-12,547,804.049480424377
2020-02-12,1055,961.759869997956
2020-02-12,1092,1003.79932202275
2020-02-12,716,595.374110621836
2020-02-12,432,568.705158112443
2020-02-12,348,331.324073897378
2020-02-12,760,616.161745662463
2020-02-12,514,533.044544851455
2020-02-12,792,902.943228127988
2020-02-12,774,546.227751542081
2020-02-12,798,1042.54189303453
2020-02-12,514,1398.58682480203
2020-02-12,504,941.920645257391
2020-02-12,626,655.681596724972
2020-02-12,699,399.676616740682
2020-02-12,848,574.190692639968
2020-02-12,1010,936.883638570987
2020-02-12,903,725.595238509452
2020-02-12,912,1108.90271180084
2020-02-12,835,1161.2232481067
2020-02-12,1120,901.173106991285
2020-02-12,1115,933.206297259708
2020-02-12,845,1124.57335042334
2020-02-12,1152,825.389384248909
2020-02-12,1074,1366.92237094803
2020-02-12,896,702.653446749994
2020-02-12,1086,1033.57636437134
2020-02-12,782,642.698209850093
2020-02-12,208,658.20920773139
2020-02-12,709,765.382843555828
2020-02-12,436,994.180364134023
2020-02-12,1062,1047.36844041175
2020-02-12,1761,1511.26747214204
2020-02-12,653,1527.82419884386
2020-02-12,881,1518.90904302164
2020-02-12,559,1448.78813929795
2020-02-12,1172,1680.9549521601
2020-02-12,793,546.745390075472
2020-02-12,1435,1078.09401802214
2020-02-12,530,719.609203202019
2020-02-12,1278,770.75975729303
2020-02-12,923,1380.60025975133
2020-02-12,610,1845.64801925621
2020-02-12,1035,758.823262413719
2020-02-12,1197,924.062686088851
2020-02-12,1428,1422.57536026253
2020-02-12,1211,1102.66377072041
2020-02-12,1219,786.9170053801
2020-02-12,988,1289.99921198823
2020-02-12,944,1310.71521964407
2020-02-12,684,995.663178285785
2020-02-12,1219,690.674272288823
2020-02-12,617,656.16103538722
2020-02-12,1035,961.679447828194
2020-02-12,535,461.525618068425
2020-02-12,659,874.229886815557
2020-02-12,1357,1791.74123196088
2020-02-12,2167,1918.74545865652
2020-02-12,1954,1857.1969039601
2020-02-12,3183,1819.59727657719
2020-02-12,1261,1637.67891756623
2020-02-12,1908,2442.06920906058
2020-02-12,768,1031.80549655023
2020-02-12,3185,3079.87275038437
2020-02-12,5027,1382.58457197923
2020-02-12,3739,2155.81696085215
2020-02-12,4580,2773.11322300887
2020-02-12,2694,1782.70265791068
2020-02-12,4521,1632.46618934952
2020-02-12,2108,1362.59962201768
2020-02-12,1586,1500.6815352943
2020-02-12,1593,1178.96617277285
2020-02-12,1024,1152.90012442464
2020-02-12,1057,1159.38346006059
2020-02-12,1744,1446.597515269
2020-02-12,852,1536.92350770977
2020-02-12,1366,1691.13042292036
2020-02-12,1575,1650.66318095306
2020-02-12,456,1111.51496717822
2020-02-12,1135,1197.1182825574
2020-02-12,4002,1881.91264207999
2020-02-12,727,810.69647352732
2020-02-12,2846,2555.40938684432
2020-02-12,2017,1694.57458313748
2020-02-12,2550,1532.61609454397
2020-02-12,482,632.543636066695
2020-02-12,1146,1409.62113737668
2020-02-12,1687,1735.02098134577
2020-02-12,666,1255.54436847641
2020-02-12,1167,716.835476094758
2020-02-12,815,1695.42492128569
2020-02-12,2033,700.566752026401
2020-02-12,2087,1288.12452590398
2020-02-12,795,937.499573243817
2020-02-12,676,889.088111388388
2020-02-12,385,278.204941354528
2020-02-12,1868,1331.77077460938
2020-02-12,1246,1112.56790589721
2020-02-12,976,1024.5792338383
2020-02-12,841,1088.04822726751
2020-02-12,520,778.31216374556
2020-02-12,1285,1033.60078481632
2020-02-12,1096,762.418277954046
2020-02-12,620,943.110476698244
2020-02-12,741,1240.95786298082
2020-02-12,3040,1949.23418901648
2020-02-12,5144,1920.07705152008
2020-02-12,959,1508.10741297959
2020-02-12,1879,1328.24561524744
2020-02-12,1526,2688.48722620055
2020-02-12,1786,1807.08789591248
2020-02-12,2260,1561.79009657931
2020-02-12,900,1817.79921678313
2020-02-12,1073,1177.04294813918
2020-02-12,1363,1438.07551728567
2020-02-12,1959,1150.63566815309
2020-02-12,3872,2480.21684447313
2020-02-12,3189,1406.28249937003
2020-02-12,2096,1848.64961493162
2020-02-12,1548,1146.99307876832
2020-02-12,3126,1667.65141250794
2020-02-12,563,1037.92597744095
2020-02-12,703,978.108942322159
2020-02-12,1741,923.252817155564
2020-02-12,1607,1325.34426711148
2020-02-12,984,393.559322394379
2020-02-12,639,736.856920276007
2020-02-12,653,153.803993959792
2020-02-12,370,185.901932548794
2020-02-12,1163,1613.00102373816
2020-02-12,535,567.082703424908
2020-02-12,508,587.376193539123
2020-02-12,940,1086.02872562958
2020-02-12,1404,359.388259620387
2020-02-12,559,239.545340319051
2020-02-12,338,541.576607350996
2020-02-12,2351,1962.26676495518
2020-02-12,1785,1104.90072019484
2020-02-12,1378,1615.13665588829
2020-02-12,1955,1444.45055281562
2020-02-12,439,1203.60031395144
2020-02-12,2392,1366.14409380756
2020-02-12,1718,1527.75009464836
2020-02-12,1072,1309.62372982608
2020-02-12,1061,944.329146911612
2020-02-12,2377,2258.91290818092
2020-02-12,2508,2633.85633550827
2020-02-12,1098,1232.05417386531
2020-02-12,1155,2534.68227389233
2020-02-12,4634,2710.52457173245
2020-02-12,3683,1707.47515521718
2020-02-12,4066,1887.65372534271
2020-02-12,919,2895.61892176702
2020-02-12,1540,1914.60961543153
2020-02-12,1198,2007.09121381449
2020-02-12,1568,1562.04938316982
2020-02-12,1432,1621.81076048324
2020-02-12,2845,2320.62629998657
2020-02-12,458,1606.36603324117
2020-02-12,4637,2406.38590335119
2020-02-12,1567,1454.30318538864
2020-02-12,2065,1389.18894153256
2020-02-12,1375,1435.51459093455
2020-02-12,996,1121.54883081672
2020-02-12,2616,978.590524129829
2020-02-12,1074,1500.80162854127
2020-02-12,1410,1467.89154548064
2020-02-12,1515,1757.08210670007
2020-02-12,779,1074.98782728101
2020-02-12,1343,683.778267858687
2020-02-12,1127,646.045756355878
2020-02-12,906,785.159298294851
2020-02-12,1162,1387.72550032107
2020-02-12,1585,1368.35581086293
2020-02-12,1879,1107.91865602472
2020-02-12,1307,1215.76447895479
2020-02-12,1083,886.043433083388
2020-02-12,822,544.590202744163
2020-02-12,705,1089.2536512068
2020-02-12,923,2034.70511754864
2020-02-12,496,1135.48893081431
2020-02-12,1287,917.748217663443
2020-02-12,878,1000.37027566591
2020-02-12,706,865.965465915785
2020-02-12,801,1529.19306802869
2020-02-12,1496,1265.519968353
2020-02-12,785,648.765450502985
2020-02-12,912,750.391983010542
2020-02-12,630,1388.34168822864
2020-02-12,1189,985.038673394818
2020-02-12,1112,1495.57622546563
2020-02-12,967,942.907213778846
2020-02-12,602,678.731588303338
2020-02-12,1384,1891.81810318137
2020-02-12,1335,1683.23336635765
2020-02-12,399,871.534814298856
2020-02-12,806,351.922595917605
2020-02-12,976,885.66284808688
2020-02-12,938,1674.94465982664
2020-02-12,1224,903.032990058559
2020-02-12,534,1070.78743422025
2020-02-12,469,952.461900295945
2020-02-12,1352,1001.42931953196
2020-02-12,944,982.782438568149
2020-02-12,1969,1103.02225250452
2020-02-12,2278,2467.06820897462
2020-02-12,1295,1314.04501079001
2020-02-12,1450,1046.70916856972
2020-02-12,1232,1266.3102273159
2020-02-12,989,1615.85501653286
2020-02-12,1093,2060.78152633208
2020-02-12,1456,1840.92941760167
2020-02-12,1442,1352.13466177941
2020-02-12,2260,1313.4054173509
2020-02-12,1346,1189.38468157871
2020-02-12,1687,1513.48428687855
2020-02-12,2089,1477.40817606721
2020-02-12,1391,1756.58025821395
2020-02-12,1566,1436.79218217036
2020-02-12,1754,1109.63246694523
2020-02-13,957,1275.66316350655
2020-02-13,412,1146.19860726717
2020-02-13,538,1200.71218008683
2020-02-13,592,2045.7914412705
2020-02-13,773,754.473159110989
2020-02-13,654,1268.9283133599
2020-02-13,596,482.889937288855
2020-02-13,447,951.275558125377
2020-02-13,845,829.517155693103
2020-02-13,679,668.029957069297
2020-02-13,545,722.688156614005
2020-02-13,1561,597.083956369168
2020-02-13,1181,818.730299974455
2020-02-13,1384,602.317613001275
2020-02-13,1067,211.716565574866
2020-02-13,1493,1556.06146198715
2020-02-13,1094,993.024724783577
2020-02-13,1349,897.661357874101
2020-02-13,341,1094.2281984647
2020-02-13,2497,1965.66253838534
2020-02-13,2093,780.326272280809
2020-02-13,1645,1831.65910319899
2020-02-13,1693,1108.66944054501
2020-02-13,2211,1122.69450435855
2020-02-13,1812,1300.24803283452
2020-02-13,2385,1203.62941718835
2020-02-13,1223,2914.24408188581
2020-02-13,683,1748.33467858294
2020-02-13,539,920.800968778155
2020-02-13,1043,2235.74590696559
2020-02-13,891,1966.54630950214
2020-02-13,1763,1285.02034230031
2020-02-13,2178,1053.13132688159
2020-02-13,1958,1657.50550539461
2020-02-13,1661,653.750731727603
2020-02-13,1309,2377.04630888578
2020-02-13,1384,1113.67592629639
2020-02-13,1419,2069.03303518858
2020-02-13,2024,1819.70213483611
2020-02-13,2795,2001.00032610609
2020-02-13,1617,1277.71462664611
2020-02-13,774,1160.6105010375
2020-02-13,2057,985.631060532383
2020-02-13,668,742.304608297711
2020-02-13,1129,1834.10657855847
2020-02-13,1692,1234.90841851357
2020-02-13,2006,1238.41762347523
2020-02-13,1491,982.903608805664
2020-02-13,841,1895.80670337285
2020-02-13,1027,1292.92110153515
2020-02-13,1322,852.768804329839
2020-02-13,1508,1373.18161759093
2020-02-13,1237,893.122845027064
2020-02-13,2828,1825.19759459591
2020-02-13,1827,2253.68135484178
2020-02-13,3991,2834.81429677242
2020-02-13,2091,2096.44389523745
2020-02-13,1823,2152.85106041584
2020-02-13,3625,2151.86857649911
2020-02-13,1100,2712.70758485318
2020-02-13,2058,2149.97054029813
2020-02-13,5761,2622.7933348961
2020-02-13,1901,1842.97240674921
2020-02-13,1874,2883.84837249559
2020-02-13,3882,1527.62800513781
2020-02-13,2525,2653.41048224805
2020-02-13,2184,1951.71977580512
2020-02-13,3344,1890.16430353351
2020-02-13,2488,2234.25799466263
2020-02-13,734,1623.12500145318
2020-02-13,1043,2655.43549406128
2020-02-13,1467,1596.41136990908
2020-02-13,1657,1297.58324621107
2020-02-13,1279,1323.74519152834
2020-02-13,1617,1557.14641613966
2020-02-13,2610,1596.0015238036
2020-02-13,1413,2386.16340779175
2020-02-13,1972,1644.98008377124
2020-02-13,2746,1813.56566864011
2020-02-13,358,651.167739883657
2020-02-13,461,534.966059904567
2020-02-13,655,430.7992069062
2020-02-13,573,304.468435275654
2020-02-13,815,646.179563859393
2020-02-13,335,447.395678993438
2020-02-13,549,488.389809995292
2020-02-13,633,583.484814803149
2020-02-13,588,686.990083418799
2020-02-13,1157,509.21184643104
2020-02-13,703,910.389715767823
2020-02-13,916,970.435862568222
2020-02-13,1937,792.586917230645
2020-02-13,1011,950.064222905807
2020-02-13,936,900.118878798603
2020-02-13,260,445.580837736008
2020-02-13,896,676.1961302668
2020-02-13,372,529.377003808454
2020-02-13,698,646.122366977269
2020-02-13,658,686.866130295302
2020-02-13,481,569.689505745403
2020-02-13,661,510.102489531405
2020-02-13,794,921.542395759524
2020-02-13,881,773.572870583328
2020-02-13,907,846.825345210104
2020-02-13,930,735.732696668134
2020-02-13,700,526.363496617666
2020-02-13,567,265.69312160211
2020-02-13,471,403.936788590285
2020-02-13,370,593.164801489486
2020-02-13,797,603.011372579882
2020-02-13,305,903.447905245949
2020-02-13,1128,745.958660685163
2020-02-13,379,639.206651029518
2020-02-13,831,961.808650059404
2020-02-13,655,2039.77008520873
2020-02-13,1956,1524.18196691209
2020-02-13,949,911.553962003524
2020-02-13,700,957.9323679257
2020-02-13,892,1009.54743372616
2020-02-13,1198,1003.41935910095
2020-02-13,656,663.501247359886
2020-02-13,228,692.52997938027
2020-02-13,999,824.821647416988
2020-02-13,190,926.895341812435
2020-02-13,379,742.978945625033
2020-02-13,662,1603.2826455303
2020-02-13,1313,793.837204618079
2020-02-13,1188,556.735696718322
2020-02-13,0,700.199676082991
2020-02-13,1943,2073.53208301806
2020-02-13,2069,1388.15680471753
2020-02-13,630,1579.35430153402
2020-02-13,1206,981.33032335874
2020-02-13,1042,1726.40223246816
2020-02-13,1308,1420.81416453394
2020-02-13,1745,1614.9273221001
2020-02-13,1756,1420.38008931312
2020-02-13,1562,1777.22273226395
2020-02-13,3011,1954.25963217667
2020-02-13,292,1212.69652265206
2020-02-13,1310,1104.90009508177
2020-02-13,1249,1571.85269324595
2020-02-13,1167,1360.52346561067
2020-02-13,2192,1748.64253267031
2020-02-13,1698,1265.62238471093
2020-02-13,2529,1477.92933179437
2020-02-13,1730,1411.4128561286
2020-02-13,2134,1598.45667460013
2020-02-13,1863,1477.56511334881
2020-02-13,1067,906.141363814443
2020-02-13,1020,814.896675277539
2020-02-13,1391,1428.66851532947
2020-02-13,1233,1491.54098024842
2020-02-13,1305,1844.03072791853
2020-02-13,1689,2015.57778572413
2020-02-13,2050,1860.24913084722
2020-02-13,1674,1581.48555600642
2020-02-13,1223,1020.94616084637
2020-02-13,1251,1286.69978284293
2020-02-13,1488,1303.28536606941
2020-02-13,1765,1219.95820999222
2020-02-13,1257,926.821478584207
2020-02-13,745,1038.24684240725
2020-02-13,913,788.7468367623
2020-02-13,844,886.843314199072
2020-02-13,803,1218.43876577528
2020-02-13,1014,1458.37799349753
2020-02-13,1039,1344.00339643568
2020-02-13,1446,1136.01211640649
2020-02-13,750,1196.9251493202
2020-02-13,1323,1305.79225735751
2020-02-13,1501,1016.59669684665
2020-02-13,575,904.383077992294
2020-02-13,1324,778.397318471641
2020-02-13,613,855.109964890251
2020-02-13,1100,838.951707975346
2020-02-13,1511,839.336691386965
2020-02-13,743,621.550774533322
2020-02-13,497,907.723180961972
2020-02-13,775,893.414266591559
2020-02-13,923,1417.53814920345
2020-02-13,1009,1271.1763083898
2020-02-13,1065,723.058411966128
2020-02-13,594,624.056071553808
2020-02-13,712,617.923476756499
2020-02-13,760,655.480758185887
2020-02-13,717,754.006313712278
2020-02-13,579,720.582210661589
2020-02-13,619,635.749630754478
2020-02-13,753,784.270960115069
2020-02-13,303,682.783417656054
2020-02-13,667,386.335162152598
2020-02-13,817,555.605684756901
2020-02-13,428,604.760475875642
2020-02-13,961,1028.39046920799
2020-02-13,945,806.380211919908
2020-02-13,813,618.346619070408
2020-02-13,605,1275.34230893265
2020-02-13,793,807.014854979551
2020-02-13,1602,1414.25152254311
2020-02-13,1128,1662.21340956433
2020-02-13,507,912.817917504253
2020-02-13,773,795.03299808737
2020-02-13,1044,905.973274549084
2020-02-13,558,900.335537738416
2020-02-13,754,514.718234567886
2020-02-13,787,908.858206842236
2020-02-13,634,840.359134271195
2020-02-13,779,661.613125421312
2020-02-13,821,681.024683278759
2020-02-13,688,669.342014272166
2020-02-13,519,501.826499948693
2020-02-13,959,937.036603644716
2020-02-13,539,453.158668329802
2020-02-13,281,560.260335441379
2020-02-13,472,510.209187757265
2020-02-13,707,572.364344345186
2020-02-13,137,580.231753151312
2020-02-13,776,455.312755759167
2020-02-13,433,596.652705781186
2020-02-13,493,436.484489815309
2020-02-13,672,509.501819548572
2020-02-13,730,648.71157277469
2020-02-13,584,940.841537811561
2020-02-13,1269,779.986544945688
2020-02-13,575,500.247199185538
2020-02-13,554,684.260049603645
2020-02-13,547,614.23113060133
2020-02-13,470,600.999104567819
2020-02-13,417,576.037886618866
2020-02-13,543,896.986841335444
2020-02-13,900,1158.52318652065
2020-02-13,849,691.459521990857
2020-02-13,985,1055.17408562343
2020-02-13,728,948.420979747168
2020-02-13,1093,661.647356652296
2020-02-13,1045,860.856439146721
2020-02-13,1446,831.82347622876
2020-02-13,925,965.496628079445
2020-02-13,985,846.78698673768
2020-02-13,947,588.559208151035
2020-02-13,961,1336.68644441162
2020-02-13,809,922.013001528195
2020-02-13,1312,784.262137623857
2020-02-13,966,887.892492942954
2020-02-13,854,1355.17531426465
2020-02-13,383,640.883172978342
2020-02-13,1219,1368.97053054342
2020-02-13,1765,1011.3797786752
2020-02-13,2117,1899.69688489919
2020-02-13,1641,1220.00875577128
2020-02-13,1524,1342.29032954881
2020-02-13,1525,1269.15090700224
2020-02-13,2024,1660.16579049903
2020-02-13,1895,1240.76405044904
2020-02-13,1997,1864.74451601869
2020-02-13,1424,1878.02564246786
2020-02-13,1383,1168.57189280217
2020-02-13,1739,1642.34747222031
2020-02-13,935,1299.73157023006
2020-02-13,1971,2017.45712059761
2020-02-13,1931,1056.86653534997
2020-02-13,2131,1620.85467771355
2020-02-13,1229,1261.99357089354
2020-02-13,2230,1192.20286669731
2020-02-13,1637,1458.23323745401
2020-02-13,1469,1270.72522698806
2020-02-13,1492,1522.02448721894
2020-02-13,1469,1267.11950044079
2020-02-13,1916,674.69445519135
2020-02-13,1390,907.81896266875
2020-02-13,1860,1830.41724693324
2020-02-13,187,317.112015204301
2020-02-13,181,402.401866681456
2020-02-13,437,249.983182443531
2020-02-13,163,311.755496408836
2020-02-13,233,269.409693857231
2020-02-13,189,172.242452245698
2020-02-13,203,314.949307648204
2020-02-13,186,492.995816700133
2020-02-13,480,534.401939606041
2020-02-13,365,408.263290735894
2020-02-13,701,654.26252769645
2020-02-13,996,591.461505391038
2020-02-13,1035,1025.34022022367
2020-02-13,329,411.627554841854
2020-02-13,570,488.655290271379
2020-02-13,748,598.789704136192
2020-02-13,1168,764.701832809729
2020-02-13,841,876.631987797673
2020-02-13,731,689.063878765668
2020-02-13,1226,898.82185343188
2020-02-13,600,1034.53643810706
2020-02-13,1062,528.132872166743
2020-02-13,415,777.029989300489
2020-02-13,690,662.786937556292
2020-02-13,428,636.562808253819
2020-02-13,706,603.212423464689
2020-02-13,588,414.396743202377
2020-02-13,685,636.13136329559
2020-02-13,300,504.058692323715
2020-02-13,377,570.506030943944
2020-02-13,393,538.589971706988
2020-02-13,395,339.944446289508
2020-02-13,377,528.813732579135
2020-02-13,200,401.151390217257
2020-02-13,417,566.870065599851
2020-02-13,428,347.045517885607
2020-02-13,402,449.78600614443
2020-02-13,332,450.129360897605
2020-02-13,161,304.88536092018
2020-02-13,375,358.783521526199
2020-02-13,424,615.718596796589
2020-02-13,462,273.418852916585
2020-02-13,451,598.487279473687
2020-02-13,416,437.539368353507
2020-02-13,559,629.43425578609
2020-02-13,380,489.606962655438
2020-02-13,668,573.311525464831
2020-02-13,816,470.320913686006
2020-02-13,841,661.331684420106
2020-02-13,673,608.951225926053
2020-02-13,642,733.836826078992
2020-02-13,655,744.323993414807
2020-02-13,678,872.223551694414
2020-02-13,621,425.204509797277
2020-02-13,1115,879.393818077489
2020-02-13,594,668.452579807688
2020-02-13,252,602.19243200254
2020-02-13,306,514.209986859508
2020-02-13,713,402.735292349043
2020-02-13,752,670.674116936357
2020-02-13,1175,1021.88899835688
2020-02-13,537,917.831024281263
2020-02-13,878,585.805399035777
2020-02-13,548,582.157102410261
2020-02-13,278,424.973235507639
2020-02-13,404,944.980557914093
2020-02-13,538,564.110297737909
2020-02-13,472,710.941250145651
2020-02-13,628,609.796358645482
2020-02-13,665,621.948522749971
2020-02-13,391,390.905977380407
2020-02-13,822,436.415715563618
2020-02-13,616,542.000254179549
2020-02-13,193,351.879016261003
2020-02-13,471,598.512347989077
2020-02-13,238,533.669227659062
2020-02-13,890,479.03864669725
2020-02-13,382,669.016938194736
2020-02-13,518,601.125087779231
2020-02-13,378,399.369802641405
2020-02-13,715,368.696714382225
2020-02-13,426,505.285845760463
2020-02-13,757,438.46943724824
2020-02-13,911,440.108936890415
2020-02-13,497,469.319722470111
2020-02-13,684,420.387871327807
2020-02-13,436,626.769162411734
2020-02-13,288,332.851736788774
2020-02-13,1205,393.809160845228
2020-02-13,393,322.881870478421
2020-02-13,465,548.077005990471
2020-02-13,411,485.951043419478
2020-02-13,205,460.10518439698
2020-02-13,447,353.539072091216
2020-02-13,298,405.030692056469
2020-02-13,349,497.550144777341
2020-02-13,0,234.544422264958
2020-02-13,943,758.923279399254
2020-02-13,879,716.736009605203
2020-02-13,821,799.411329551597
2020-02-13,714,948.139949750236
2020-02-13,961,762.911922079656
2020-02-13,448,591.901771365632
2020-02-13,517,811.022965397037
2020-02-13,656,679.752299349154
2020-02-13,882,945.005599419166
2020-02-13,1011,1281.5813221168
2020-02-13,1124,855.962582907245
2020-02-13,1253,756.210457983251
2020-02-13,1227,1149.87078347409
2020-02-13,523,759.977674437806
2020-02-13,1176,633.3468893216
2020-02-13,704,638.192823765762
2020-02-13,737,763.825352446702
2020-02-13,815,1003.98171878186
2020-02-13,996,897.347119052905
2020-02-13,529,717.734944512375
2020-02-13,479,502.349929423964
2020-02-13,751,747.081181569547
2020-02-13,640,569.207601637808
2020-02-13,645,827.82098346593
2020-02-13,872,1116.2438239458
2020-02-13,2547,1404.449981114
2020-02-13,1213,1092.77073136239
2020-02-13,1089,896.904827635364
2020-02-13,726,881.617958067729
2020-02-13,1016,952.378446368953
2020-02-13,718,456.578728647685
2020-02-13,673,650.585181469883
2020-02-13,615,882.994549935158
2020-02-13,382,693.685293822615
2020-02-13,1318,827.1928222174
2020-02-13,324,480.228711734079
2020-02-13,429,423.461587538647
2020-02-13,253,345.849704406569
2020-02-13,661,559.883797271531
2020-02-13,440,640.658518669764
2020-02-13,172,467.990799152351
2020-02-13,240,498.029336120332
2020-02-13,319,380.703796788917
2020-02-13,574,431.708759821694
2020-02-13,443,257.323830166755
2020-02-13,322,489.498291495031
2020-02-13,449,531.304001221908
2020-02-13,0,146.630526964748
2020-02-13,1265,966.910405969768
2020-02-13,966,981.800734432418
2020-02-13,876,1477.3403558086
2020-02-13,1450,1107.48550057041
2020-02-13,1967,1324.11758436199
2020-02-13,720,995.470209320686
2020-02-13,831,1374.42467153614
2020-02-13,2797,1567.00359285313
2020-02-13,1131,1871.63642568826
2020-02-13,1873,2392.5823678636
2020-02-13,842,723.565041364814
2020-02-13,1214,1396.7668867569
2020-02-13,758,1398.06759263758
2020-02-13,839,1029.5278005708
2020-02-13,1478,762.672812182223
2020-02-13,1374,1244.76842240994
2020-02-13,1847,1415.48434942384
2020-02-13,906,1199.97033008805
2020-02-13,1178,1346.23107100041
2020-02-13,1457,1635.49866608139
2020-02-13,1177,1172.57676628604
2020-02-13,872,841.440693536105
2020-02-13,1057,1615.97140455667
2020-02-13,847,1488.10857662921
2020-02-13,1015,1274.84640126502
2020-02-13,1097,804.444851407914
2020-02-13,1856,1264.89460865422
2020-02-13,1135,1766.64028622969
2020-02-13,1367,1038.46987745559
2020-02-13,1047,1287.71176446647
2020-02-13,1489,934.609057959814
2020-02-13,1314,1380.50475288849
2020-02-13,912,610.619100576156
2020-02-13,1026,916.62934035086
2020-02-13,863,1090.18850970498
2020-02-13,605,1156.89795240998
2020-02-13,1564,922.320440570102
2020-02-13,666,907.112838351386
2020-02-13,1876,1421.69690382118
2020-02-13,991,1239.38751662037
2020-02-13,1291,962.365789980193
2020-02-13,862,616.156343815718
2020-02-13,956,637.153938493649
2020-02-13,1124,338.793752487613
2020-02-13,596,826.526565718043
2020-02-13,1549,1638.27023359893
2020-02-13,1815,1039.49831908474
2020-02-13,1595,1598.92833180905
2020-02-13,1816,1300.3828321394
2020-02-13,1345,1256.24259158854
2020-02-13,1783,1668.19770910736
2020-02-13,2539,1902.60012601851
2020-02-13,893,1789.0951046623
2020-02-13,1482,1361.1270264113
2020-02-13,1987,1754.80992121915
2020-02-13,1228,1440.51957639368
2020-02-13,1541,1904.85692513178
2020-02-13,2494,1636.32020772415
2020-02-13,1151,1126.97173338393
2020-02-13,1701,1135.36450857877
2020-02-13,1281,1485.97092654932
2020-02-13,748,1012.59798002346
2020-02-13,512,962.59113488573
2020-02-13,953,1136.16157726122
2020-02-13,599,458.848662126519
2020-02-13,783,563.949272919034
2020-02-13,711,477.327449078366
2020-02-13,886,1138.14830425752
2020-02-13,525,820.051141359857
2020-02-13,1903,1309.71297531002
2020-02-13,828,1367.17116920297
2020-02-13,2222,2481.78730908443
2020-02-13,897,2525.35869872768
2020-02-13,902,1234.14930145013
2020-02-13,1502,1248.48374905768
2020-02-13,1394,1467.57427461075
2020-02-13,1011,1107.02070173416
2020-02-13,1208,1556.79859794465
2020-02-13,1909,1071.09961118905
2020-02-13,1305,1252.65905394299
2020-02-13,1726,1341.33061043285
2020-02-13,1395,2094.45946323682
2020-02-13,1317,1328.63354935925
2020-02-13,1733,1748.80493357306
2020-02-13,1070,1643.51275597104
2020-02-13,620,430.467685441113
2020-02-13,616,475.243896075985
2020-02-13,197,470.184152158949
2020-02-13,835,678.027000989386
2020-02-13,792,566.146949845515
2020-02-13,102,690.57145201205
2020-02-13,729,592.39621281847
2020-02-13,1202,427.968434315448
2020-02-13,378,368.958155458413
2020-02-13,288,357.384847440232
2020-02-13,382,310.332026676286
2020-02-13,354,353.6146954951
2020-02-13,190,288.879801465777
2020-02-13,355,311.867600560978
2020-02-13,193,318.376910858739
2020-02-13,360,345.049547525209
2020-02-13,438,379.773060006389
2020-02-13,639,602.002720518344
2020-02-13,256,410.343678542861
2020-02-13,156,261.200397996983
2020-02-13,324,203.314563991073
2020-02-13,210,220.629421949805
2020-02-13,99,197.854242603125
2020-02-13,915,303.638607821565
2020-02-13,153,360.402175301573
2020-02-13,277,305.365209638229
2020-02-13,136,285.816574106893
2020-02-13,177,310.219367503949
2020-02-13,128,429.975943684748
2020-02-13,76,150.72481700298
2020-02-13,18,96.1166321932856
2020-02-13,310,170.358034512024
2020-02-13,167,251.795577562233
2020-02-13,233,296.716940943519
2020-02-13,217,176.208106671271
2020-02-13,211,166.49749060833
2020-02-13,283,221.78944003927
2020-02-13,272,189.270799673478
2020-02-13,157,149.782410195854
2020-02-13,322,249.513004021911
2020-02-13,232,197.045233410067
2020-02-13,310,290.459002459737
2020-02-13,291,280.05147532331
2020-02-13,290,221.480110306836
2020-02-13,257,237.187720663185
2020-02-13,131,156.715152280894
2020-02-13,147,277.146048518454
2020-02-13,235,326.089612115344
2020-02-13,283,184.986051729966
2020-02-13,204,226.661378352413
2020-02-13,173,276.07063604004
2020-02-13,71,310.191308372943
2020-02-13,330,254.595565853578
2020-02-13,219,311.336937364164
2020-02-13,100,269.834079377123
2020-02-13,428,236.37017299079
2020-02-13,34,229.880064778263
2020-02-13,113,200.473101480128
2020-02-13,455,334.459695985876
2020-02-13,284,342.292313574177
2020-02-13,346,352.578062384697
2020-02-13,243,452.765292288813
2020-02-13,289,792.656608572581
2020-02-13,697,326.00117776923
2020-02-13,375,339.315032584373
2020-02-13,345,292.813902978657
2020-02-13,250,293.050800587597
2020-02-13,432,351.919162233852
2020-02-13,261,339.654421870254
2020-02-13,359,589.064473750645
2020-02-13,617,579.615500082047
2020-02-13,410,525.858276112037
2020-02-13,1041,1076.97248722095
2020-02-13,1007,699.049448329357
2020-02-13,456,946.437754188355
2020-02-13,498,445.524321099579
2020-02-13,210,364.814959805428
2020-02-13,263,343.933432135948
2020-02-13,420,567.923013069837
2020-02-13,572,452.122920253694
2020-02-13,55,233.667626902932
2020-02-13,690,401.918382298559
2020-02-13,483,385.482215326227
2020-02-13,186,750.267573430653
2020-02-13,262,337.746591562848
2020-02-13,157,224.130225760533
2020-02-13,267,221.630159811543
2020-02-13,212,372.498703880054
2020-02-13,538,324.96421249529
2020-02-13,195,651.723542838294
2020-02-13,853,581.848212268274
2020-02-13,617,630.555599843136
2020-02-13,767,630.719911100497
2020-02-13,271,425.970686609432
2020-02-13,551,568.515005076293
2020-02-13,673,518.515326587437
2020-02-13,371,536.949532321262
2020-02-13,293,510.281834267966
2020-02-13,673,561.115318749833
2020-02-13,338,604.027229859196
2020-02-13,469,538.298127981442
2020-02-13,369,316.260171710784
2020-02-13,449,481.37917575326
2020-02-13,487,636.530595383257
2020-02-13,457,362.59595570825
2020-02-13,223,502.600931589227
2020-02-13,575,794.857174157901
2020-02-13,710,451.645685171017
2020-02-13,531,678.239477257409
2020-02-13,737,578.119664552546
2020-02-13,764,677.566246387576
2020-02-13,950,672.941108270588
2020-02-13,625,799.284665656262
2020-02-13,1253,526.727534866049
2020-02-13,832,877.472757139049
2020-02-13,336,776.593622906601
2020-02-13,743,912.534114927455
2020-02-13,888,906.993343504776
2020-02-13,603,586.69375297673
2020-02-13,854,590.25894864299
2020-02-13,442,953.209865090529
2020-02-13,370,510.123568811256
2020-02-13,714,546.99474800174
2020-02-13,520,364.723319035147
2020-02-13,198,705.30762999615
2020-02-13,232,503.286736887857
2020-02-13,754,881.773998286716
2020-02-13,463,499.477905585321
2020-02-13,831,921.881930398377
2020-02-13,939,765.895536260144
2020-02-13,844,665.934451955481
2020-02-13,431,731.530738511573
2020-02-13,613,512.338426776816
2020-02-13,792,627.509656348357
2020-02-13,570,678.598329512397
2020-02-13,599,680.037775072991
2020-02-13,2487,1772.01059343828
2020-02-13,1243,1660.03192030321
2020-02-13,2244,1504.19965947051
2020-02-13,1242,3174.85822934464
2020-02-13,939,955.624689321534
2020-02-13,486,884.735687716049
2020-02-13,2330,2092.36688692012
2020-02-13,1145,1351.96448070349
2020-02-13,919,849.412148511225
2020-02-13,1984,1281.22763207141
2020-02-13,2597,1598.76949091477
2020-02-13,856,878.097281473194
2020-02-13,1067,848.652994502612
2020-02-13,320,311.172920730308
2020-02-13,490,425.214630120325
2020-02-13,318,461.222119830946
2020-02-13,732,355.001320005055
2020-02-13,251,247.112111238964
2020-02-13,203,327.504421120143
2020-02-13,498,341.099645593215
2020-02-13,367,401.348701790879
2020-02-13,484,475.540233488789
2020-02-13,762,645.208708932903
2020-02-13,711,647.587674730457
2020-02-13,438,1027.60172810937
2020-02-13,814,1475.99921119948
2020-02-13,1067,1149.47308534103
2020-02-13,937,899.96654222223
2020-02-13,1372,1332.69440223908
2020-02-13,1102,702.127704027929
2020-02-13,966,1173.88034947797
2020-02-13,778,976.778725386234
2020-02-13,1557,1333.74578619213
2020-02-13,1110,924.608582991024
2020-02-13,732,851.305308144257
2020-02-13,646,914.059980401825
2020-02-13,523,931.512407663507
2020-02-13,934,988.890835181726
2020-02-13,1009,776.646141688359
2020-02-13,1780,1356.59530436765
2020-02-13,485,903.030599875586
2020-02-13,1316,1237.25887220017
2020-02-13,2473,2740.4975109658
2020-02-13,3918,2282.78452596514
2020-02-13,914,1013.32248349555
2020-02-13,1626,1794.67587048439
2020-02-13,1104,1311.50016119604
2020-02-13,1175,1754.52626743447
2020-02-13,656,1427.81186452743
2020-02-13,1154,1439.25180172673
2020-02-13,1866,1106.96956681785
2020-02-13,2126,1886.23395465606
2020-02-13,1066,1594.00031827174
2020-02-13,1351,1812.69638902828
2020-02-13,979,647.826963975844
2020-02-13,1089,1074.68802117749
2020-02-13,1884,1694.79496028366
2020-02-13,1294,1379.82714898247
2020-02-13,2179,1877.54710649275
2020-02-13,1838,1731.09611239935
2020-02-13,899,909.406275744636
2020-02-13,1366,654.985120838478
2020-02-13,1413,1352.24789583192
2020-02-13,302,456.853360906786
2020-02-13,512,386.287028774904
2020-02-13,381,250.922166738234
2020-02-13,335,386.090563181286
2020-02-13,55,213.808062791689
2020-02-13,2335,1539.39870047847
2020-02-13,975,1625.75388410715
2020-02-13,2455,2465.81176493361
2020-02-13,1933,1489.24341500637
2020-02-13,3035,2268.38356922897
2020-02-13,1922,2149.23373647346
2020-02-13,817,1221.93289812577
2020-02-13,1439,2206.69181144577
2020-02-13,1097,1076.20040295771
2020-02-13,1719,1777.56747346036
2020-02-13,780,688.93958186688
2020-02-13,3506,2140.35501311796
2020-02-13,3214,1760.93772484101
2020-02-13,1488,2039.20155369801
2020-02-13,469,1044.55147584768
2020-02-13,1578,1212.02714005234
2020-02-13,1790,1184.78652834633
2020-02-13,578,839.669490069836
2020-02-13,493,1032.22241738651
2020-02-13,898,1001.4712455394
2020-02-13,561,687.388183029435
2020-02-13,469,718.962942810661
2020-02-13,821,962.412570810863
2020-02-13,1262,1089.18870358742
2020-02-13,769,862.426012063479
2020-02-13,525,794.566258669554
2020-02-13,1071,930.478868010382
2020-02-13,1059,986.374712886286
2020-02-13,761,595.200048496913
2020-02-13,454,557.65083571154
2020-02-13,325,333.720599114569
2020-02-13,747,592.723878522915
2020-02-13,468,514.251917039613
2020-02-13,798,919.751379343634
2020-02-13,827,551.917783717369
2020-02-13,765,1023.31488788243
2020-02-13,531,1393.15128103048
2020-02-13,534,927.878995464189
2020-02-13,563,625.534400086226
2020-02-13,633,385.839967200662
2020-02-13,769,550.714854909789
2020-02-13,955,899.343019254536
2020-02-13,853,701.003541432675
2020-02-13,883,1079.45997219212
2020-02-13,775,1130.81042796895
2020-02-13,1112,892.808524833882
2020-02-13,1111,919.827261452452
2020-02-13,876,1115.8500170167
2020-02-13,1136,820.796126792169
2020-02-13,1097,1373.86645212029
2020-02-13,907,705.005544885004
2020-02-13,1043,1016.05158896901
2020-02-13,796,612.525885107883
2020-02-13,179,644.080871059757
2020-02-13,679,727.015414668268
2020-02-13,460,966.541764358668
2020-02-13,1008,1023.54833606869
2020-02-13,1769,1520.91223716049
2020-02-13,640,1519.11572092735
2020-02-13,871,1517.23533670041
2020-02-13,579,1448.70067117052
2020-02-13,1177,1680.86029290275
2020-02-13,771,531.267216802908
2020-02-13,1370,1081.64548631942
2020-02-13,470,699.707457352097
2020-02-13,1276,771.445680342701
2020-02-13,883,1397.10604672994
2020-02-13,654,1847.96975127223
2020-02-13,1017,768.938646617884
2020-02-13,1133,914.506870696908
2020-02-13,1377,1412.64062887102
2020-02-13,1202,1065.5785324809
2020-02-13,1173,775.143267005879
2020-02-13,975,1272.22817378024
2020-02-13,904,1310.70512341412
2020-02-13,676,982.293609238048
2020-02-13,1247,694.042096239239
2020-02-13,616,643.586748891826
2020-02-13,1068,963.38245757026
2020-02-13,539,451.007568956496
2020-02-13,619,852.861029090993
2020-02-13,1330,1811.85746904858
2020-02-13,2107,1932.35494481142
2020-02-13,1939,1871.76744192264
2020-02-13,3210,1842.43787603294
2020-02-13,1348,1644.63753293203
2020-02-13,1874,2483.65635540592
2020-02-13,771,1036.4449676531
2020-02-13,3288,3108.28387251107
2020-02-13,4997,1413.78880467757
2020-02-13,3797,2177.39013423631
2020-02-13,4695,2785.38116188016
2020-02-13,2831,1799.47665346883
2020-02-13,4515,1675.3032940268
2020-02-13,2071,1353.24908078835
2020-02-13,1591,1504.4998969726
2020-02-13,1677,1181.88924792922
2020-02-13,1048,1165.70134036182
2020-02-13,1095,1183.81279725195
2020-02-13,1831,1465.26605320816
2020-02-13,884,1564.70448381199
2020-02-13,1406,1708.05442584923
2020-02-13,1618,1677.88271328218
2020-02-13,459,1115.48348751176
2020-02-13,1169,1206.16624546735
2020-02-13,4044,1904.97223077097
2020-02-13,707,829.739003958018
2020-02-13,2902,2579.97876595537
2020-02-13,2038,1712.14962400692
2020-02-13,2556,1532.98674965949
2020-02-13,480,644.777206527277
2020-02-13,1163,1423.48535228628
2020-02-13,1686,1749.86496295368
2020-02-13,680,1280.24461830295
2020-02-13,1241,715.682459079346
2020-02-13,850,1695.14721747776
2020-02-13,2076,706.433528595797
2020-02-13,2015,1293.94210924407
2020-02-13,812,954.097295668244
2020-02-13,706,894.757465697668
2020-02-13,421,284.487985512656
2020-02-13,1846,1323.04028828672
2020-02-13,1268,1103.85371219512
2020-02-13,988,1010.77770841747
2020-02-13,839,1085.21912396979
2020-02-13,535,776.794560507556
2020-02-13,1283,1041.91328367658
2020-02-13,1033,761.817796124421
2020-02-13,645,947.496640751941
2020-02-13,722,1250.28886867475
2020-02-13,3143,1973.70597611617
2020-02-13,5233,1939.69677521204
2020-02-13,996,1528.38078881501
2020-02-13,1920,1353.30037937596
2020-02-13,1568,2693.78662685826
2020-02-13,1866,1801.39076125215
2020-02-13,2152,1588.558982454
2020-02-13,956,1850.21702476007
2020-02-13,1071,1188.72247709288
2020-02-13,1366,1463.52104919524
2020-02-13,1935,1156.58026068158
2020-02-13,3863,2496.9780474074
2020-02-13,3160,1415.57975009833
2020-02-13,2103,1856.67901544528
2020-02-13,1583,1160.33154795118
2020-02-13,3224,1676.9188142383
2020-02-13,570,1070.72924418509
2020-02-13,741,1004.87505152996
2020-02-13,1920,931.822800445037
2020-02-13,1718,1355.59958945767
2020-02-13,1035,412.585985509577
2020-02-13,662,778.909649957084
2020-02-13,704,159.351032301041
2020-02-13,375,196.695338686206
2020-02-13,1153,1648.94509022008
2020-02-13,566,585.344049640837
2020-02-13,534,587.226311425641
2020-02-13,933,1100.98216617389
2020-02-13,1345,367.897651701458
2020-02-13,581,235.612527329983
2020-02-13,353,542.609327133637
2020-02-13,2407,1965.22270134431
2020-02-13,1797,1118.41726356073
2020-02-13,1412,1624.79391930323
2020-02-13,1930,1457.83649328925
2020-02-13,442,1190.5748582093
2020-02-13,2470,1368.07756014012
2020-02-13,1701,1530.18727705406
2020-02-13,983,1311.12093973946
2020-02-13,999,941.609140777572
2020-02-13,2423,2265.48908159991
2020-02-13,2484,2650.69086120821
2020-02-13,1060,1239.97144722329
2020-02-13,1147,2565.17564565823
2020-02-13,4864,2760.65124621347
2020-02-13,3741,1758.08039891867
2020-02-13,4194,1922.39281283253
2020-02-13,932,2949.28512827215
2020-02-13,1575,1940.85522891958
2020-02-13,1254,2057.36384850716
2020-02-13,1618,1581.27382976263
2020-02-13,1376,1655.98391802032
2020-02-13,2848,2355.69577881379
2020-02-13,474,1628.28006981328
2020-02-13,4695,2419.93239131559
2020-02-13,1562,1484.8271234601
2020-02-13,2167,1404.13601517002
2020-02-13,1405,1458.22957655677
2020-02-13,1045,1114.43212036824
2020-02-13,2677,978.26108361451
2020-02-13,1099,1513.22078187955
2020-02-13,1405,1471.94379906267
2020-02-13,1526,1779.66285538043
2020-02-13,742,1068.64627294819
2020-02-13,1399,678.380784718746
2020-02-13,1086,644.646503123083
2020-02-13,866,795.565479691011
2020-02-13,1165,1393.18499284459
2020-02-13,1620,1354.40408385286
2020-02-13,1967,1154.37595043118
2020-02-13,1372,1233.04230246955
2020-02-13,1150,920.568977639415
2020-02-13,913,569.212017912065
2020-02-13,705,1071.04800282025
2020-02-13,862,2041.9437897908
2020-02-13,491,1118.34671787052
2020-02-13,1268,900.312201790697
2020-02-13,855,998.175506136399
2020-02-13,714,858.44302164121
2020-02-13,764,1544.93538123773
2020-02-13,1539,1266.73668513598
2020-02-13,777,643.064968361553
2020-02-13,933,738.51016199258
2020-02-13,616,1381.33301884648
2020-02-13,1133,990.531354671686
2020-02-13,1123,1508.12371194223
2020-02-13,994,944.326646401209
2020-02-13,597,685.264348540662
2020-02-13,1434,1903.33437174213
2020-02-13,1347,1706.07894709535
2020-02-13,371,870.753228606383
2020-02-13,760,344.367608622288
2020-02-13,933,878.615504439936
2020-02-13,942,1689.31893383364
2020-02-13,1143,913.827330393898
2020-02-13,524,1062.79572437233
2020-02-13,494,966.537049400113
2020-02-13,1402,1023.36983930727
2020-02-13,957,1020.18271502456
2020-02-13,1992,1130.54299201013
2020-02-13,2295,2490.47107640727
2020-02-13,1334,1325.88700187354
2020-02-13,1372,1068.32638984806
2020-02-13,1248,1280.29581251407
2020-02-13,1045,1627.09496099409
2020-02-13,1103,2083.82254655459
2020-02-13,1392,1875.05529778509
2020-02-13,1399,1364.08367403681
2020-02-13,2328,1319.26552535194
2020-02-13,1331,1214.55080753393
2020-02-13,1687,1541.54329905094
2020-02-13,2053,1509.09540488168
2020-02-13,1457,1757.46301431345
2020-02-13,1649,1443.5258529482
2020-02-13,1781,1125.48236755093
2020-02-14,1010,1324.66914760267
2020-02-14,417,1196.98179297067
2020-02-14,556,1244.74659658479
2020-02-14,621,2134.11218005591
2020-02-14,792,790.15093601716
2020-02-14,644,1339.0717433319
2020-02-14,575,492.441914938023
2020-02-14,439,985.006479407363
2020-02-14,942,857.930781727174
2020-02-14,669,692.920418668931
2020-02-14,562,732.126077380566
2020-02-14,1602,606.964909552008
2020-02-14,1252,850.015716019109
2020-02-14,1374,622.029794252805
2020-02-14,1135,211.999481006187
2020-02-14,1617,1605.8407300693
2020-02-14,1126,1002.95383215778
2020-02-14,1351,921.381379708002
2020-02-14,358,1230.3573521167
2020-02-14,2888,2137.35659378956
2020-02-14,2342,867.166711200716
2020-02-14,1787,2019.1767969754
2020-02-14,1922,1204.2193259154
2020-02-14,2387,1254.85496366828
2020-02-14,1901,1424.74543230718
2020-02-14,2451,1320.88037451053
2020-02-14,1385,3177.60049933091
2020-02-14,795,1895.66410613535
2020-02-14,564,1011.03594952051
2020-02-14,1186,2399.66685672056
2020-02-14,963,2101.07989852927
2020-02-14,1994,1369.17564735976
2020-02-14,2321,1149.68782418031
2020-02-14,2050,1740.13373677333
2020-02-14,1782,689.649281621866
2020-02-14,1409,2511.86502331612
2020-02-14,1468,1194.40384136544
2020-02-14,1506,2222.6390779979
2020-02-14,2210,1954.00412930209
2020-02-14,3146,2131.00091278144
2020-02-14,1712,1396.08522012711
2020-02-14,912,1254.58144093304
2020-02-14,2260,1052.39930562965
2020-02-14,625,792.15816226877
2020-02-14,1140,1981.70863470251
2020-02-14,1901,1324.97464379501
2020-02-14,2218,1329.87681754774
2020-02-14,1614,1061.3433583104
2020-02-14,972,2021.44172238685
2020-02-14,1068,1380.77394569387
2020-02-14,1392,921.522187495731
2020-02-14,1562,1485.51816150481
2020-02-14,1422,961.036345455368
2020-02-14,3106,1926.83096270202
2020-02-14,2068,2453.44251774308
2020-02-14,4167,3118.61599760894
2020-02-14,2239,2250.97630343201
2020-02-14,1904,2244.39447254031
2020-02-14,3774,2214.88402461064
2020-02-14,1141,2922.34640995933
2020-02-14,2268,2260.0021597068
2020-02-14,6286,2833.1092411998
2020-02-14,2087,1994.89845699844
2020-02-14,1930,3057.48499284096
2020-02-14,4112,1648.86647264974
2020-02-14,2854,2847.13380529747
2020-02-14,2317,2089.70395269429
2020-02-14,3554,2023.18285893179
2020-02-14,2733,2416.7091881308
2020-02-14,803,1777.20039445537
2020-02-14,1095,2903.0711805502
2020-02-14,1548,1727.11899870686
2020-02-14,1799,1384.80637057249
2020-02-14,1301,1425.20345143266
2020-02-14,1734,1681.43061877217
2020-02-14,2812,1720.28456750209
2020-02-14,1534,2569.47287285327
2020-02-14,2094,1770.11319084224
2020-02-14,3053,1952.2204891199
2020-02-14,361,677.986624220324
2020-02-14,535,557.660613600279
2020-02-14,657,454.746920762454
2020-02-14,581,330.265435093862
2020-02-14,893,677.800231899595
2020-02-14,383,467.101491828224
2020-02-14,593,520.365820241101
2020-02-14,690,621.867923177454
2020-02-14,633,732.716534768142
2020-02-14,1237,540.407150190241
2020-02-14,747,971.691084655659
2020-02-14,956,1023.90954236476
2020-02-14,2152,838.02450755702
2020-02-14,1036,1015.88185009878
2020-02-14,974,970.109337946399
2020-02-14,242,472.771195886868
2020-02-14,901,721.364960297026
2020-02-14,393,556.980513714034
2020-02-14,741,683.220769796954
2020-02-14,670,728.515807835998
2020-02-14,488,591.252617651871
2020-02-14,754,526.45034958467
2020-02-14,809,984.383969537701
2020-02-14,924,817.816979092153
2020-02-14,960,896.513163216653
2020-02-14,1032,781.166915311537
2020-02-14,672,554.356144738257
2020-02-14,574,271.781853499202
2020-02-14,515,408.939909368158
2020-02-14,420,629.187563646757
2020-02-14,764,640.817073810443
2020-02-14,349,964.734625817445
2020-02-14,1279,790.101354841551
2020-02-14,350,678.728684442164
2020-02-14,879,1020.10793805217
2020-02-14,693,2184.09479303999
2020-02-14,2130,1619.23187133657
2020-02-14,1071,963.322656665299
2020-02-14,770,1022.19080210052
2020-02-14,866,1102.24051925082
2020-02-14,1325,1082.99356651318
2020-02-14,719,731.009914548776
2020-02-14,256,750.926607226939
2020-02-14,1001,894.461111979545
2020-02-14,206,1005.22337545429
2020-02-14,425,778.380313583814
2020-02-14,745,1702.09562780168
2020-02-14,1432,846.227908058033
2020-02-14,1201,600.8444644095
2020-02-14,0,735.84103329449
2020-02-14,2156,2218.44501484385
2020-02-14,2269,1521.54881328324
2020-02-14,679,1731.72083483526
2020-02-14,1396,1068.18393229904
2020-02-14,1072,1884.16300958415
2020-02-14,1426,1513.45349438431
2020-02-14,1885,1740.82909755013
2020-02-14,1872,1529.56548227048
2020-02-14,1660,1894.77311015859
2020-02-14,3206,2079.03540741537
2020-02-14,305,1320.74990034784
2020-02-14,1380,1205.16638883654
2020-02-14,1314,1692.10808831362
2020-02-14,1246,1484.47267261469
2020-02-14,2422,1923.92163001726
2020-02-14,1883,1390.41731032524
2020-02-14,2733,1618.86957656105
2020-02-14,2110,1525.30902160096
2020-02-14,2260,1743.2049694538
2020-02-14,1984,1576.9887162229
2020-02-14,1129,988.118592614936
2020-02-14,1076,885.75858320215
2020-02-14,1425,1545.12466458623
2020-02-14,1349,1597.31576472629
2020-02-14,1411,1956.4571528643
2020-02-14,1801,2146.98778062452
2020-02-14,2128,1989.4455498228
2020-02-14,1966,1696.63879777927
2020-02-14,1276,1132.94216989984
2020-02-14,1342,1395.91171091196
2020-02-14,1597,1417.45909069115
2020-02-14,1921,1319.25346157609
2020-02-14,1331,988.163159332013
2020-02-14,792,1101.87398059376
2020-02-14,1001,841.573151439987
2020-02-14,849,957.772790654248
2020-02-14,925,1326.74915721213
2020-02-14,1070,1539.17953593856
2020-02-14,1195,1436.8117703149
2020-02-14,1575,1217.21249615178
2020-02-14,802,1296.23403036791
2020-02-14,1427,1413.76105327104
2020-02-14,1595,1107.35406498002
2020-02-14,606,976.278640403575
2020-02-14,1428,837.568966422215
2020-02-14,646,915.003796701805
2020-02-14,1186,907.582264838571
2020-02-14,1676,890.875320343961
2020-02-14,752,667.852564863468
2020-02-14,553,944.775457147258
2020-02-14,828,969.602919637793
2020-02-14,1074,1521.26885677001
2020-02-14,1063,1346.94357802512
2020-02-14,1184,764.171858318395
2020-02-14,661,663.61826146553
2020-02-14,757,659.51371518634
2020-02-14,845,696.383495309501
2020-02-14,768,807.524386937258
2020-02-14,583,778.121612047035
2020-02-14,707,680.011065644989
2020-02-14,766,853.933551164846
2020-02-14,338,738.377295820791
2020-02-14,676,425.476362306107
2020-02-14,869,601.34256996669
2020-02-14,456,653.862916315844
2020-02-14,1029,1108.33799272307
2020-02-14,1033,865.334543593586
2020-02-14,870,673.884415240827
2020-02-14,681,1366.90419505396
2020-02-14,801,873.145729687227
2020-02-14,1684,1551.44105654922
2020-02-14,1207,1786.07952295532
2020-02-14,564,983.218788495513
2020-02-14,886,849.709265507441
2020-02-14,1103,966.706228526906
2020-02-14,558,972.76264525257
2020-02-14,766,552.15806282499
2020-02-14,860,980.123326631122
2020-02-14,701,906.029118044416
2020-02-14,856,701.97538348375
2020-02-14,854,742.066621153372
2020-02-14,718,725.813145395346
2020-02-14,608,538.252972685388
2020-02-14,1067,999.431995801316
2020-02-14,577,491.075042895325
2020-02-14,311,597.744230475327
2020-02-14,490,547.151842724233
2020-02-14,718,604.486824101751
2020-02-14,148,624.570129680855
2020-02-14,817,488.199453500419
2020-02-14,440,641.414354176739
2020-02-14,549,470.817113310618
2020-02-14,694,542.926807678303
2020-02-14,777,680.698349331567
2020-02-14,593,986.187170474122
2020-02-14,1345,822.67379827065
2020-02-14,569,525.005379958736
2020-02-14,601,714.300674344948
2020-02-14,529,642.938453488021
2020-02-14,513,619.43327387179
2020-02-14,400,593.730871195765
2020-02-14,584,974.923260455044
2020-02-14,914,1256.58715738563
2020-02-14,904,744.563289944873
2020-02-14,1093,1145.88726743508
2020-02-14,767,1028.12285098614
2020-02-14,1159,719.820376719266
2020-02-14,1147,928.086857129482
2020-02-14,1622,876.892583013074
2020-02-14,1040,1048.2422223703
2020-02-14,1065,928.81250341565
2020-02-14,1010,649.778987088244
2020-02-14,1051,1477.37434444331
2020-02-14,916,1012.17832707067
2020-02-14,1515,840.97810501971
2020-02-14,1158,981.535327408377
2020-02-14,900,1494.3872939937
2020-02-14,403,707.668113139902
2020-02-14,1409,1490.84571394025
2020-02-14,1978,1104.03824509971
2020-02-14,2169,2049.74597942076
2020-02-14,1819,1298.49324461392
2020-02-14,1680,1436.28262957595
2020-02-14,1593,1369.14048297107
2020-02-14,2185,1797.65042356447
2020-02-14,2129,1352.95243885504
2020-02-14,2270,2021.42575123292
2020-02-14,1541,2051.77899555127
2020-02-14,1527,1285.1253804828
2020-02-14,1967,1803.1698636685
2020-02-14,1029,1434.30233723563
2020-02-14,2164,2198.67021544577
2020-02-14,2120,1147.58093093684
2020-02-14,2212,1747.22436554721
2020-02-14,1303,1361.59688128842
2020-02-14,2382,1308.26810577103
2020-02-14,1780,1589.29756368842
2020-02-14,1544,1366.53227984849
2020-02-14,1634,1630.44586947978
2020-02-14,1612,1387.42353125355
2020-02-14,2007,707.504859511092
2020-02-14,1475,886.276636199307
2020-02-14,1880,1885.73707211892
2020-02-14,192,322.081216094338
2020-02-14,210,413.959944590026
2020-02-14,457,260.611775270211
2020-02-14,174,323.726861701822
2020-02-14,223,281.706930992402
2020-02-14,200,175.949169433268
2020-02-14,196,322.332544174233
2020-02-14,187,504.748069704489
2020-02-14,469,550.287697255732
2020-02-14,398,409.148334282635
2020-02-14,752,664.712599649218
2020-02-14,1051,600.999807657815
2020-02-14,1002,1048.89141294581
2020-02-14,341,416.098613382737
2020-02-14,565,486.971226557027
2020-02-14,716,611.647969852948
2020-02-14,1186,761.726523785488
2020-02-14,801,889.089796695525
2020-02-14,747,696.913227511052
2020-02-14,1159,904.807993496744
2020-02-14,601,1047.46287040569
2020-02-14,1076,531.344611925013
2020-02-14,402,781.045465209635
2020-02-14,723,660.125017610203
2020-02-14,414,640.486016058552
2020-02-14,725,616.481093547402
2020-02-14,644,412.454682480026
2020-02-14,664,650.257046494003
2020-02-14,324,507.216070783736
2020-02-14,390,575.095805957825
2020-02-14,400,549.681386853521
2020-02-14,364,344.394052735819
2020-02-14,394,525.486267506151
2020-02-14,206,407.349566328994
2020-02-14,429,564.907322102866
2020-02-14,399,347.397714182122
2020-02-14,380,448.791828292256
2020-02-14,369,460.307513286997
2020-02-14,152,304.927919620301
2020-02-14,359,360.675435903025
2020-02-14,446,625.506147943804
2020-02-14,435,277.500281964524
2020-02-14,431,619.040294300552
2020-02-14,434,429.003679168851
2020-02-14,562,632.482761591003
2020-02-14,367,484.923991406086
2020-02-14,680,567.134864852559
2020-02-14,793,469.237359646251
2020-02-14,782,668.191928971281
2020-02-14,672,620.808876239085
2020-02-14,636,737.372696386784
2020-02-14,647,745.435823072194
2020-02-14,731,872.692323922835
2020-02-14,605,432.08322883325
2020-02-14,1130,889.017205174034
2020-02-14,646,661.482853836711
2020-02-14,295,603.762956619482
2020-02-14,298,530.14235935828
2020-02-14,692,414.170264204851
2020-02-14,745,677.334191797064
2020-02-14,1209,1043.48615181355
2020-02-14,552,923.246571515099
2020-02-14,895,592.270061442213
2020-02-14,487,588.327858053482
2020-02-14,260,430.842760621926
2020-02-14,433,958.505547746459
2020-02-14,569,578.508593710177
2020-02-14,486,712.672073898799
2020-02-14,639,610.548240321272
2020-02-14,672,639.541806591161
2020-02-14,377,398.296929384162
2020-02-14,829,442.975370303257
2020-02-14,594,540.648367405404
2020-02-14,213,350.591233385616
2020-02-14,512,610.053500557361
2020-02-14,257,557.66434186104
2020-02-14,899,485.378823478192
2020-02-14,400,698.282228087243
2020-02-14,502,618.305555240614
2020-02-14,356,425.290296265525
2020-02-14,868,368.818123075515
2020-02-14,440,536.097810554193
2020-02-14,767,461.009187666905
2020-02-14,976,461.679089391749
2020-02-14,541,485.477826570968
2020-02-14,716,439.024603855234
2020-02-14,478,644.529452767468
2020-02-14,297,353.369127596555
2020-02-14,1198,400.28890074591
2020-02-14,432,330.277563480554
2020-02-14,455,559.266429866831
2020-02-14,441,483.042318920303
2020-02-14,231,467.343723303801
2020-02-14,420,368.431138632649
2020-02-14,323,415.808478377078
2020-02-14,351,510.087378387278
2020-02-14,0,240.077248484139
2020-02-14,990,764.764995346325
2020-02-14,885,723.020844051307
2020-02-14,785,808.885234878119
2020-02-14,700,967.49265986933
2020-02-14,956,776.403241259902
2020-02-14,461,587.274301322775
2020-02-14,486,824.299937692558
2020-02-14,651,679.396009989486
2020-02-14,852,948.69016502945
2020-02-14,994,1301.42587464572
2020-02-14,1139,874.925456676283
2020-02-14,1241,763.474623499198
2020-02-14,1245,1149.73372545589
2020-02-14,547,783.708018254536
2020-02-14,1201,642.363054744515
2020-02-14,685,652.272478017909
2020-02-14,855,758.431646773579
2020-02-14,840,1023.53284038992
2020-02-14,1087,907.936113443466
2020-02-14,509,731.205706703676
2020-02-14,498,514.566697604412
2020-02-14,742,752.873864159238
2020-02-14,648,573.43843853833
2020-02-14,689,826.7428887874
2020-02-14,835,1135.22175076606
2020-02-14,2583,1451.84226951989
2020-02-14,1138,1125.75604358093
2020-02-14,1058,907.930008389829
2020-02-14,761,887.803623431724
2020-02-14,1017,985.894354000902
2020-02-14,770,459.988614286812
2020-02-14,709,651.686196251934
2020-02-14,654,889.345553926898
2020-02-14,387,700.985065654245
2020-02-14,1331,832.218293394975
2020-02-14,339,489.5407431288
2020-02-14,421,440.05570065048
2020-02-14,300,344.248229736065
2020-02-14,634,567.571097461798
2020-02-14,416,646.753073442511
2020-02-14,186,474.081859482774
2020-02-14,300,504.071974282959
2020-02-14,356,386.565018484658
2020-02-14,552,448.877762190621
2020-02-14,443,260.789993427107
2020-02-14,309,501.070924361123
2020-02-14,461,544.688811751411
2020-02-14,0,149.479659337925
2020-02-14,1344,1057.45159298257
2020-02-14,1095,1067.10104247501
2020-02-14,917,1616.1467076359
2020-02-14,1626,1209.82602060467
2020-02-14,2128,1403.32427441052
2020-02-14,784,1075.1994066836
2020-02-14,810,1478.42832530509
2020-02-14,2868,1694.97420188468
2020-02-14,1195,1983.54647585099
2020-02-14,1989,2574.60895005808
2020-02-14,913,758.131205439423
2020-02-14,1271,1490.36627141457
2020-02-14,830,1493.27623466805
2020-02-14,865,1102.41336262307
2020-02-14,1591,830.024225538924
2020-02-14,1484,1349.04261458516
2020-02-14,2030,1531.23851730124
2020-02-14,999,1302.47402440279
2020-02-14,1320,1449.42328979307
2020-02-14,1630,1776.72607193649
2020-02-14,1231,1240.85602189659
2020-02-14,917,896.86089357241
2020-02-14,1110,1741.77622968333
2020-02-14,920,1582.25023539002
2020-02-14,1073,1371.64094200103
2020-02-14,1194,859.848532586184
2020-02-14,1983,1377.39332918582
2020-02-14,1229,1899.65307298523
2020-02-14,1446,1106.35787256306
2020-02-14,1191,1357.36495402139
2020-02-14,1520,989.211185209746
2020-02-14,1335,1461.83270161832
2020-02-14,989,652.035274773465
2020-02-14,1087,991.387439389682
2020-02-14,956,1155.83012978816
2020-02-14,650,1239.75519441642
2020-02-14,1661,998.442781182964
2020-02-14,750,965.68067185553
2020-02-14,1910,1527.01222149193
2020-02-14,1040,1300.06981330676
2020-02-14,1175,955.178197988158
2020-02-14,817,612.943407135678
2020-02-14,931,631.128121017243
2020-02-14,1138,338.500956848906
2020-02-14,635,807.558928837415
2020-02-14,1494,1681.66509789249
2020-02-14,1744,1012.77726276365
2020-02-14,1518,1575.06391309736
2020-02-14,1687,1291.69126104517
2020-02-14,1366,1215.12359668117
2020-02-14,1783,1642.01111156007
2020-02-14,2512,1926.3208193463
2020-02-14,840,1816.06927524827
2020-02-14,1420,1382.45220894995
2020-02-14,1950,1781.54379973544
2020-02-14,1150,1445.13489824918
2020-02-14,1543,1876.51183239025
2020-02-14,2446,1607.91316501392
2020-02-14,1104,1118.18226078156
2020-02-14,1701,1115.29456266879
2020-02-14,1355,1472.54833971983
2020-02-14,691,1000.14301547963
2020-02-14,523,940.733365340493
2020-02-14,952,1127.43612587032
2020-02-14,670,453.08368547876
2020-02-14,800,546.407757984635
2020-02-14,670,483.958384961321
2020-02-14,847,1129.61522435486
2020-02-14,473,808.131370082353
2020-02-14,1828,1317.09866889427
2020-02-14,806,1356.38161407497
2020-02-14,2208,2485.07254950985
2020-02-14,969,2550.01852368632
2020-02-14,943,1247.44675956212
2020-02-14,1462,1232.03877851474
2020-02-14,1300,1438.85459456326
2020-02-14,986,1088.3056107703
2020-02-14,1115,1555.96452940108
2020-02-14,1876,1050.05932964533
2020-02-14,1369,1246.75093208578
2020-02-14,1676,1324.42398325719
2020-02-14,1417,2108.82355238237
2020-02-14,1282,1347.77030239641
2020-02-14,1631,1723.99805184213
2020-02-14,1052,1630.45359713957
2020-02-14,652,435.822735568848
2020-02-14,605,496.839884567524
2020-02-14,214,498.235187470597
2020-02-14,910,722.253952634655
2020-02-14,888,617.466754372881
2020-02-14,106,749.228370518459
2020-02-14,754,654.497332683204
2020-02-14,1357,461.610509324576
2020-02-14,395,401.106190174489
2020-02-14,317,389.703660350849
2020-02-14,451,333.199706914732
2020-02-14,385,370.764983529056
2020-02-14,183,299.349945559617
2020-02-14,349,323.409923234787
2020-02-14,209,330.81944491141
2020-02-14,389,356.918927380397
2020-02-14,472,402.55944874941
2020-02-14,713,647.636112816265
2020-02-14,256,449.942159024561
2020-02-14,150,280.26304435988
2020-02-14,317,220.546545501999
2020-02-14,250,237.007995650359
2020-02-14,110,218.888406356368
2020-02-14,923,327.298907878179
2020-02-14,140,378.824370989762
2020-02-14,284,318.940208916771
2020-02-14,153,292.261748365403
2020-02-14,175,319.373594639859
2020-02-14,128,449.997033950342
2020-02-14,98,165.199014244707
2020-02-14,15,109.068700907218
2020-02-14,360,186.351357712808
2020-02-14,181,272.497396721132
2020-02-14,244,308.457740779031
2020-02-14,213,182.498850588286
2020-02-14,234,173.107768269338
2020-02-14,333,236.436595492041
2020-02-14,289,195.617102524993
2020-02-14,137,148.505827001005
2020-02-14,301,247.081356154903
2020-02-14,212,202.299511922692
2020-02-14,331,293.285018565665
2020-02-14,313,276.93703234572
2020-02-14,273,222.211484559757
2020-02-14,282,235.7256871989
2020-02-14,140,155.196142400477
2020-02-14,136,291.031632526495
2020-02-14,228,337.884699225641
2020-02-14,335,182.69240836645
2020-02-14,187,237.608530554221
2020-02-14,161,277.760018604212
2020-02-14,79,311.221815487345
2020-02-14,339,261.06584987355
2020-02-14,236,315.839270274264
2020-02-14,103,279.184237835986
2020-02-14,427,245.258038732715
2020-02-14,25,229.555045202058
2020-02-14,104,199.747048396369
2020-02-14,430,341.83869483933
2020-02-14,333,344.794147847133
2020-02-14,346,367.281707416503
2020-02-14,245,460.576201809623
2020-02-14,349,817.102803346721
2020-02-14,703,342.526148459461
2020-02-14,364,353.788592106632
2020-02-14,345,301.241135737823
2020-02-14,251,294.138971209452
2020-02-14,461,360.987986219455
2020-02-14,275,344.24664696896
2020-02-14,391,611.1570291172
2020-02-14,561,604.6236980643
2020-02-14,435,536.250467419542
2020-02-14,1060,1128.82554147119
2020-02-14,1073,742.390649826737
2020-02-14,505,1016.59525525535
2020-02-14,559,474.798838310634
2020-02-14,207,401.727447025766
2020-02-14,300,367.932849136454
2020-02-14,430,595.600711218198
2020-02-14,557,467.635900560341
2020-02-14,50,240.27043777046
2020-02-14,745,420.702504007789
2020-02-14,544,409.657565421127
2020-02-14,208,817.048418360385
2020-02-14,294,354.173136932576
2020-02-14,159,237.888688899033
2020-02-14,274,231.576586782255
2020-02-14,238,377.756360714299
2020-02-14,514,341.88913974074
2020-02-14,230,690.950751489987
2020-02-14,776,631.259251410287
2020-02-14,725,668.096735853636
2020-02-14,873,682.170733892381
2020-02-14,290,462.626612462336
2020-02-14,592,594.917306508838
2020-02-14,684,547.363446419805
2020-02-14,412,570.296856818385
2020-02-14,333,534.047254724865
2020-02-14,647,593.417090854486
2020-02-14,351,630.390786995988
2020-02-14,524,555.69448712334
2020-02-14,406,327.384768752944
2020-02-14,460,503.394180231833
2020-02-14,478,659.466275823205
2020-02-14,450,370.20939907416
2020-02-14,257,503.334415965995
2020-02-14,560,827.532604388842
2020-02-14,769,454.584597270947
2020-02-14,502,705.13032912346
2020-02-14,780,581.426674707674
2020-02-14,760,688.843414890141
2020-02-14,914,680.671254619038
2020-02-14,592,818.029962862615
2020-02-14,1283,542.87702280916
2020-02-14,837,883.967020341436
2020-02-14,318,783.682914794352
2020-02-14,765,906.994382647567
2020-02-14,997,921.467176981342
2020-02-14,636,610.770298848955
2020-02-14,860,596.353425517593
2020-02-14,493,973.503348114832
2020-02-14,381,521.031304533284
2020-02-14,678,557.757738797939
2020-02-14,545,366.280770721945
2020-02-14,218,729.200733727367
2020-02-14,264,523.881658073075
2020-02-14,738,901.132384733586
2020-02-14,525,510.386190628303
2020-02-14,921,971.888033741429
2020-02-14,940,816.756845851302
2020-02-14,881,689.837460608393
2020-02-14,430,755.071031190456
2020-02-14,631,525.991821553321
2020-02-14,819,663.125846256303
2020-02-14,553,683.81476681876
2020-02-14,612,702.964289889558
2020-02-14,2688,1910.46758095364
2020-02-14,1310,1791.90264176454
2020-02-14,2477,1575.85384206783
2020-02-14,1360,3398.87603206062
2020-02-14,1012,1003.21281579706
2020-02-14,507,937.216124287797
2020-02-14,2437,2210.80015272175
2020-02-14,1252,1413.08489012803
2020-02-14,861,895.6605389587
2020-02-14,2047,1348.03874465042
2020-02-14,2663,1711.69283813961
2020-02-14,941,922.889774769169
2020-02-14,1148,891.460056278935
2020-02-14,306,321.16305802049
2020-02-14,492,434.086479461472
2020-02-14,321,487.024199426472
2020-02-14,751,373.667778537659
2020-02-14,288,252.514262844658
2020-02-14,195,341.975855650824
2020-02-14,490,360.571556133152
2020-02-14,431,405.692416178453
2020-02-14,534,482.324032222272
2020-02-14,734,669.044452664394
2020-02-14,728,671.134576219768
2020-02-14,399,1087.3139170627
2020-02-14,784,1540.11325422689
2020-02-14,1050,1169.13410099455
2020-02-14,1033,908.998784065778
2020-02-14,1411,1370.43493142858
2020-02-14,1161,713.48853781062
2020-02-14,940,1229.83629247083
2020-02-14,834,999.740899338724
2020-02-14,1571,1406.16262433097
2020-02-14,1145,952.143846983719
2020-02-14,754,883.829577175428
2020-02-14,679,938.665909695119
2020-02-14,568,987.9022109978
2020-02-14,1023,1044.13690249247
2020-02-14,1011,785.871463778668
2020-02-14,1715,1387.97027983918
2020-02-14,487,915.131572103675
2020-02-14,1369,1257.54360496336
2020-02-14,2573,2855.63084551212
2020-02-14,4074,2338.77608051275
2020-02-14,952,1046.07251182861
2020-02-14,1646,1884.57157592215
2020-02-14,1188,1351.48789599045
2020-02-14,1235,1812.74082536225
2020-02-14,689,1482.7178897814
2020-02-14,1196,1469.78147634063
2020-02-14,1988,1123.84917717426
2020-02-14,2135,1967.8998781044
2020-02-14,1138,1622.20362014786
2020-02-14,1355,1846.49044079391
2020-02-14,945,664.174550274657
2020-02-14,1112,1077.89583052214
2020-02-14,1909,1687.29444750639
2020-02-14,1215,1399.27078934146
2020-02-14,2266,1906.83475186569
2020-02-14,1879,1805.74647996088
2020-02-14,877,894.044340823003
2020-02-14,1536,674.166154192316
2020-02-14,1423,1368.59889266902
2020-02-14,334,498.110638943451
2020-02-14,554,401.293731819288
2020-02-14,363,251.793977273406
2020-02-14,358,402.183685391999
2020-02-14,61,223.035296398929
2020-02-14,2450,1574.18735307987
2020-02-14,1042,1671.43373809586
2020-02-14,2467,2531.53136527259
2020-02-14,1872,1510.64940695877
2020-02-14,3225,2270.97095618786
2020-02-14,2001,2185.32281181431
2020-02-14,908,1273.04585959691
2020-02-14,1600,2238.17972152371
2020-02-14,1087,1122.85086176269
2020-02-14,1763,1820.85602225122
2020-02-14,797,725.410041515454
2020-02-14,3468,2195.24900192287
2020-02-14,3126,1804.9922286675
2020-02-14,1579,2105.35518961428
2020-02-14,499,1093.2967867306
2020-02-14,1725,1250.45130810728
2020-02-14,1802,1249.11477715333
2020-02-14,617,867.333826313642
2020-02-14,549,1075.92371062958
2020-02-14,982,1038.10433792323
2020-02-14,604,698.420999064476
2020-02-14,496,742.54316088834
2020-02-14,844,979.642745117425
2020-02-14,1294,1128.49127369011
2020-02-14,807,875.437684711677
2020-02-14,533,819.092822984075
2020-02-14,1117,967.710288372691
2020-02-14,1073,1037.15660017101
2020-02-14,766,604.947339244717
2020-02-14,485,571.413361824248
2020-02-14,299,344.117473133372
2020-02-14,709,622.86288929463
2020-02-14,486,526.36688144688
2020-02-14,792,929.255393486527
2020-02-14,866,550.570890357924
2020-02-14,750,1044.95550662579
2020-02-14,504,1427.04172630118
2020-02-14,520,947.812401555196
2020-02-14,560,649.259885522797
2020-02-14,684,379.089063581346
2020-02-14,847,556.60222388619
2020-02-14,1019,923.647571563836
2020-02-14,859,728.480992333282
2020-02-14,972,1129.90506413096
2020-02-14,862,1161.30022725536
2020-02-14,1122,908.157389407732
2020-02-14,1113,939.713452563543
2020-02-14,919,1159.16849850853
2020-02-14,1173,842.784772783583
2020-02-14,1162,1398.36274895038
2020-02-14,912,719.475113610343
2020-02-14,1041,1026.90160779503
2020-02-14,810,618.89411905335
2020-02-14,168,647.21309328719
2020-02-14,626,752.392704918305
2020-02-14,434,1009.8680718202
2020-02-14,1059,1081.63872526903
2020-02-14,1872,1589.04456538021
2020-02-14,631,1609.7849843525
2020-02-14,918,1592.41221264961
2020-02-14,606,1527.12585064079
2020-02-14,1246,1775.16492634162
2020-02-14,822,562.612214939808
2020-02-14,1454,1137.00374783524
2020-02-14,519,744.7027582578
2020-02-14,1347,807.427958291695
2020-02-14,921,1447.58444902972
2020-02-14,626,1924.54694973485
2020-02-14,1073,802.51020431216
2020-02-14,1274,948.703845032467
2020-02-14,1434,1474.53507325299
2020-02-14,1222,1137.73186515174
2020-02-14,1254,810.797426533835
2020-02-14,982,1344.51997516398
2020-02-14,1009,1360.54660244067
2020-02-14,751,1034.44861429912
2020-02-14,1311,728.599338602824
2020-02-14,655,677.984985418663
2020-02-14,1074,1023.54570799113
2020-02-14,530,488.433842442348
2020-02-14,723,896.587196103481
2020-02-14,1363,1907.25923937309
2020-02-14,2178,2015.04665684233
2020-02-14,2044,1980.07934720377
2020-02-14,3455,1936.44536949647
2020-02-14,1383,1720.96017117963
2020-02-14,2081,2579.77842663071
2020-02-14,834,1079.13048515603
2020-02-14,3254,3247.15137075321
2020-02-14,5144,1450.35069422291
2020-02-14,4028,2260.13574275979
2020-02-14,4925,2930.78877973456
2020-02-14,2984,1844.52473977895
2020-02-14,4629,1740.92072343477
2020-02-14,2058,1405.18945116225
2020-02-14,1637,1564.14836339358
2020-02-14,1722,1220.83104591343
2020-02-14,1044,1196.67612636402
2020-02-14,1105,1215.16049941477
2020-02-14,1881,1512.21267787529
2020-02-14,896,1621.15205508395
2020-02-14,1513,1774.03793689568
2020-02-14,1626,1753.33151108062
2020-02-14,497,1144.9963353586
2020-02-14,1186,1227.66512580789
2020-02-14,4311,1985.4549784245
2020-02-14,737,845.637151963937
2020-02-14,3016,2723.01057929334
2020-02-14,2179,1803.92117467172
2020-02-14,2691,1577.34779681659
2020-02-14,478,655.815668836059
2020-02-14,1132,1488.40435657522
2020-02-14,1726,1838.08673368558
2020-02-14,734,1354.31813356073
2020-02-14,1241,770.439907394688
2020-02-14,905,1826.86820594064
2020-02-14,2206,751.960559105531
2020-02-14,2185,1398.01413807523
2020-02-14,821,1010.14302519558
2020-02-14,761,946.409932173003
2020-02-14,396,300.413714176781
2020-02-14,2064,1418.2583756309
2020-02-14,1438,1198.2390540766
2020-02-14,1108,1039.57101149509
2020-02-14,791,1156.83493920664
2020-02-14,589,840.457287799472
2020-02-14,1408,1130.95367535409
2020-02-14,1121,835.487394943432
2020-02-14,674,1039.01230134345
2020-02-14,771,1355.64084788825
2020-02-14,3258,2115.16203131558
2020-02-14,5630,2028.15583245787
2020-02-14,1120,1648.93569879191
2020-02-14,2117,1437.65511008339
2020-02-14,1563,2856.55460494176
2020-02-14,1972,1927.45992125434
2020-02-14,2294,1670.67566463138
2020-02-14,979,1960.67827762831
2020-02-14,1189,1279.27477259031
2020-02-14,1432,1555.336548411
2020-02-14,2070,1216.92821445059
2020-02-14,4107,2620.53422315372
2020-02-14,3319,1489.53482965237
2020-02-14,2209,1948.52915566449
2020-02-14,1660,1233.21485044462
2020-02-14,3391,1767.73712197561
2020-02-14,616,1098.72519289739
2020-02-14,767,1039.05505538156
2020-02-14,1982,966.448178149919
2020-02-14,1837,1451.22528113343
2020-02-14,1185,444.287903154523
2020-02-14,751,832.193234052354
2020-02-14,778,180.284892673143
2020-02-14,440,218.661785914108
2020-02-14,1335,1763.48510945549
2020-02-14,646,640.131177392896
2020-02-14,548,606.965042420299
2020-02-14,940,1136.97614737832
2020-02-14,1476,376.63377535804
2020-02-14,582,256.233558632374
2020-02-14,392,567.258762104633
2020-02-14,2425,2031.84820726335
2020-02-14,1875,1138.88234206725
2020-02-14,1375,1669.99894099527
2020-02-14,1924,1485.23692156684
2020-02-14,464,1209.09083062491
2020-02-14,2495,1423.39561275142
2020-02-14,1771,1577.17676822989
2020-02-14,1005,1353.53823729314
2020-02-14,958,962.166196903072
2020-02-14,2463,2352.13235918121
2020-02-14,2612,2781.2087559485
2020-02-14,1092,1290.04967397228
2020-02-14,1197,2708.55094047335
2020-02-14,5044,2970.70276298839
2020-02-14,3982,1862.79430456709
2020-02-14,4353,2038.17332534846
2020-02-14,1048,3124.17595611363
2020-02-14,1746,2082.31118001765
2020-02-14,1419,2192.87635781323
2020-02-14,1759,1694.51513833213
2020-02-14,1471,1749.74975420554
2020-02-14,2967,2523.99752563218
2020-02-14,545,1722.77961441021
2020-02-14,4964,2610.2245233183
2020-02-14,1687,1584.81775115987
2020-02-14,2236,1517.00213689516
2020-02-14,1514,1578.72639841882
2020-02-14,1039,1212.08824747604
2020-02-14,2981,1056.44292300191
2020-02-14,1160,1649.3888506186
2020-02-14,1532,1582.54548256762
2020-02-14,1716,1903.18682297215
2020-02-14,790,1126.52107883253
2020-02-14,1464,738.523515839143
2020-02-14,1205,695.245583095333
2020-02-14,997,874.525086356448
2020-02-14,1255,1525.5201213139
2020-02-14,1790,1430.79819689677
2020-02-14,2079,1218.77481614669
2020-02-14,1412,1317.24269524155
2020-02-14,1195,987.682993124883
2020-02-14,930,608.425508849196
2020-02-14,700,1106.41411389156
2020-02-14,953,2120.27451847737
2020-02-14,507,1162.89112475318
2020-02-14,1437,941.403339680652
2020-02-14,902,1062.24871536872
2020-02-14,785,901.587498790606
2020-02-14,843,1603.65350175238
2020-02-14,1590,1334.50254824022
2020-02-14,769,688.498503183703
2020-02-14,1022,767.578072422211
2020-02-14,690,1484.6221671727
2020-02-14,1226,1063.80346921859
2020-02-14,1254,1610.71101375778
2020-02-14,1043,1010.36786273646
2020-02-14,675,730.039579842478
2020-02-14,1506,2005.55383370964
2020-02-14,1373,1795.7036830212
2020-02-14,387,899.643112242791
2020-02-14,770,352.036901085804
2020-02-14,961,918.739558493986
2020-02-14,1034,1780.83451108347
2020-02-14,1200,952.941628041302
2020-02-14,483,1106.87999406979
2020-02-14,505,1009.20687593994
2020-02-14,1525,1078.47173445923
2020-02-14,1002,1081.71204587746
2020-02-14,2090,1184.12321241972
2020-02-14,2253,2600.59648279993
2020-02-14,1348,1342.58445212772
2020-02-14,1372,1082.94533388826
2020-02-14,1322,1303.27702037518
2020-02-14,1092,1692.44755441731
2020-02-14,1241,2182.75569330426
2020-02-14,1512,1954.38600115941
2020-02-14,1496,1425.33916184106
2020-02-14,2364,1397.60219164312
2020-02-14,1424,1275.81507930378
2020-02-14,1779,1595.20805372913
2020-02-14,2136,1543.84725034366
2020-02-14,1567,1827.52337838718
2020-02-14,1596,1495.12304409979
2020-02-14,1847,1137.65269190445
2020-02-15,971,1173.06411670566
2020-02-15,376,1081.888546642
2020-02-15,495,1116.49425697636
2020-02-15,580,1908.44711954563
2020-02-15,742,717.049084586667
2020-02-15,635,1209.59178885127
2020-02-15,547,428.359982519637
2020-02-15,375,879.981204101781
2020-02-15,868,771.152077885312
2020-02-15,521,623.441990621667
2020-02-15,503,646.699835124975
2020-02-15,1425,533.868570145896
2020-02-15,1113,763.871564634061
2020-02-15,1196,553.19139773987
2020-02-15,1052,184.817009009118
2020-02-15,1516,1416.47950909841
2020-02-15,991,863.341825357994
2020-02-15,1194,800.927522031015
2020-02-15,289,1025.33845763418
2020-02-15,2329,1799.22275143003
2020-02-15,1969,707.303539325365
2020-02-15,1416,1688.91175718893
2020-02-15,1689,1004.54240580218
2020-02-15,1983,1043.1644078764
2020-02-15,1646,1205.05600533168
2020-02-15,2222,1112.84132598624
2020-02-15,1152,2707.20606436803
2020-02-15,616,1636.28744130925
2020-02-15,565,861.862027919326
2020-02-15,954,2081.58787982107
2020-02-15,873,1797.91700471803
2020-02-15,1608,1170.83314886604
2020-02-15,1934,949.923330363711
2020-02-15,1826,1519.78986885921
2020-02-15,1513,607.645945850259
2020-02-15,1230,2207.91316666951
2020-02-15,1289,1018.47817685488
2020-02-15,1220,1904.97394698331
2020-02-15,1927,1673.06048508232
2020-02-15,2721,1836.52217519831
2020-02-15,1549,1216.01950944782
2020-02-15,760,1084.91589338971
2020-02-15,2014,909.487760634126
2020-02-15,547,696.774160650432
2020-02-15,1081,1703.20063245041
2020-02-15,1533,1136.78726420175
2020-02-15,1790,1110.08038061637
2020-02-15,1462,889.249623245509
2020-02-15,771,1689.32394287274
2020-02-15,858,1149.13993893424
2020-02-15,1224,762.687269009334
2020-02-15,1344,1264.56926791622
2020-02-15,1136,815.887602279817
2020-02-15,2660,1678.53444153156
2020-02-15,1757,2093.21724113152
2020-02-15,3553,2688.48929470577
2020-02-15,2054,1927.8377591926
2020-02-15,1646,1949.12269209133
2020-02-15,3258,1943.618796951
2020-02-15,974,2553.05239653096
2020-02-15,1936,1989.29013840627
2020-02-15,5521,2468.12620162354
2020-02-15,1776,1756.92699814086
2020-02-15,1698,2702.1117013537
2020-02-15,3720,1430.45055895214
2020-02-15,2496,2513.67644833812
2020-02-15,2040,1849.09431956753
2020-02-15,3120,1778.40588414655
2020-02-15,2447,2122.48907613949
2020-02-15,698,1553.51100752227
2020-02-15,1019,2552.54146747229
2020-02-15,1393,1526.46263781898
2020-02-15,1628,1221.28347018177
2020-02-15,1173,1243.34546061661
2020-02-15,1445,1484.22181085821
2020-02-15,2514,1511.06663404555
2020-02-15,1383,2219.33729061056
2020-02-15,1734,1572.05052828049
2020-02-15,2657,1671.61432067738
2020-02-15,317,607.830209286249
2020-02-15,467,486.193364802624
2020-02-15,525,404.281585549299
2020-02-15,577,296.009637201473
2020-02-15,868,620.079215442324
2020-02-15,360,419.906259923137
2020-02-15,532,476.112988218413
2020-02-15,606,566.094403364212
2020-02-15,563,678.095447705303
2020-02-15,1138,493.990551130551
2020-02-15,682,887.443576798372
2020-02-15,929,939.793771678437
2020-02-15,1881,761.72489538922
2020-02-15,954,930.467477713859
2020-02-15,937,867.782011061328
2020-02-15,227,429.292653080454
2020-02-15,827,644.292925962197
2020-02-15,385,505.895247753143
2020-02-15,646,621.713367068976
2020-02-15,584,631.764327707666
2020-02-15,461,520.795639087341
2020-02-15,598,474.525334187731
2020-02-15,750,862.222452720087
2020-02-15,838,724.231303552226
2020-02-15,936,782.109745972065
2020-02-15,878,699.968664333661
2020-02-15,597,495.465464550986
2020-02-15,580,247.437155502898
2020-02-15,466,369.94269782182
2020-02-15,368,563.520429255425
2020-02-15,715,572.624558141099
2020-02-15,294,858.677239077954
2020-02-15,1115,709.858551549084
2020-02-15,289,604.817486088326
2020-02-15,728,907.340884646393
2020-02-15,650,1936.29765790623
2020-02-15,1947,1431.78874510329
2020-02-15,953,874.579714454748
2020-02-15,684,912.63267572518
2020-02-15,793,978.792027043818
2020-02-15,1238,961.741921554117
2020-02-15,584,658.846616330757
2020-02-15,231,675.030048839437
2020-02-15,992,808.680956283512
2020-02-15,200,898.113476963434
2020-02-15,362,682.628127075096
2020-02-15,666,1514.72182438139
2020-02-15,1273,762.815488616918
2020-02-15,1112,534.977340438195
2020-02-15,0,640.235155880036
2020-02-15,1857,1929.78698200282
2020-02-15,1986,1315.50086606517
2020-02-15,647,1498.34826000796
2020-02-15,1220,925.907044000802
2020-02-15,900,1650.57773378801
2020-02-15,1186,1286.5563265677
2020-02-15,1618,1488.58647341354
2020-02-15,1601,1314.40519746835
2020-02-15,1434,1617.28593596444
2020-02-15,2647,1802.66836751795
2020-02-15,267,1162.71948028337
2020-02-15,1308,1057.4313686291
2020-02-15,1292,1464.65624643378
2020-02-15,1065,1274.09977349939
2020-02-15,2054,1681.36763708528
2020-02-15,1591,1200.58816398587
2020-02-15,2332,1428.52332433075
2020-02-15,1908,1301.57791141506
2020-02-15,1935,1499.47049812884
2020-02-15,1770,1336.21113253909
2020-02-15,930,850.258540535395
2020-02-15,930,756.073092882595
2020-02-15,1298,1332.81057721234
2020-02-15,1146,1380.77637941248
2020-02-15,1161,1703.98294846563
2020-02-15,1624,1868.1025534341
2020-02-15,1780,1710.89305726258
2020-02-15,1666,1487.30952873511
2020-02-15,1051,973.358573472505
2020-02-15,1161,1198.38468002463
2020-02-15,1369,1222.22823402658
2020-02-15,1701,1123.03544872424
2020-02-15,1174,861.537813515502
2020-02-15,653,964.676132217799
2020-02-15,914,759.722592415005
2020-02-15,745,822.646337857507
2020-02-15,767,1144.70102779647
2020-02-15,866,1342.18251385782
2020-02-15,1031,1242.76427768096
2020-02-15,1410,1044.14200189861
2020-02-15,703,1110.06306010339
2020-02-15,1173,1219.34660314069
2020-02-15,1404,934.012169415058
2020-02-15,484,821.988955626326
2020-02-15,1242,710.183097216297
2020-02-15,538,768.28394402707
2020-02-15,1042,777.440406806718
2020-02-15,1303,767.313311044597
2020-02-15,613,561.157821408029
2020-02-15,531,866.95333927462
2020-02-15,720,831.941127763411
2020-02-15,888,1312.7228937129
2020-02-15,900,1168.04013347865
2020-02-15,963,663.816113237664
2020-02-15,614,588.351058590053
2020-02-15,661,597.543287189675
2020-02-15,737,615.715215042416
2020-02-15,684,698.349541241429
2020-02-15,478,696.864637009104
2020-02-15,574,586.719862627683
2020-02-15,689,732.587840954558
2020-02-15,297,658.772659471877
2020-02-15,579,370.948117279337
2020-02-15,815,530.759967712202
2020-02-15,381,575.514081063436
2020-02-15,844,954.282268781054
2020-02-15,863,747.771753759883
2020-02-15,800,590.983336362414
2020-02-15,608,1165.43288304578
2020-02-15,721,748.007900810719
2020-02-15,1424,1338.30439703338
2020-02-15,977,1537.34801000659
2020-02-15,515,844.077784444018
2020-02-15,837,727.09404596273
2020-02-15,908,824.859785849041
2020-02-15,466,835.983084483645
2020-02-15,681,473.869638292894
2020-02-15,775,846.942538838756
2020-02-15,566,787.326658638737
2020-02-15,748,608.035804219001
2020-02-15,759,637.379912536598
2020-02-15,628,633.645870651961
2020-02-15,503,466.424691194552
2020-02-15,929,871.001594622052
2020-02-15,475,427.174931245612
2020-02-15,290,515.348108268265
2020-02-15,446,473.357679337826
2020-02-15,603,535.308542784094
2020-02-15,129,543.618220393368
2020-02-15,737,428.635231160015
2020-02-15,369,563.263302298221
2020-02-15,476,403.946933823285
2020-02-15,594,474.329229009285
2020-02-15,711,588.978993960476
2020-02-15,547,885.869646673377
2020-02-15,1171,729.448028513026
2020-02-15,530,470.417496003876
2020-02-15,515,639.364140039258
2020-02-15,464,568.046468349424
2020-02-15,448,553.686157930719
2020-02-15,376,550.238321815757
2020-02-15,506,851.48048591272
2020-02-15,785,1106.27250546885
2020-02-15,830,656.128952330861
2020-02-15,1018,1000.64490076895
2020-02-15,714,907.262380760016
2020-02-15,1081,637.294987568483
2020-02-15,954,824.126782889612
2020-02-15,1476,762.158376505406
2020-02-15,930,914.557351078315
2020-02-15,917,816.066948514868
2020-02-15,886,567.673737813217
2020-02-15,879,1271.87168297472
2020-02-15,807,873.141486469641
2020-02-15,1349,726.460498707901
2020-02-15,950,843.109220141126
2020-02-15,777,1295.19126585168
2020-02-15,376,616.898847429236
2020-02-15,1267,1274.99704097
2020-02-15,1623,957.458076243193
2020-02-15,1777,1732.36245877195
2020-02-15,1605,1094.62824553175
2020-02-15,1376,1212.74654020358
2020-02-15,1329,1141.88681086758
2020-02-15,1877,1511.28959109562
2020-02-15,1808,1120.93210009247
2020-02-15,1833,1708.06161777197
2020-02-15,1200,1735.07084071142
2020-02-15,1276,1076.80172513182
2020-02-15,1620,1506.7362388739
2020-02-15,904,1178.92627029796
2020-02-15,1780,1854.91171015447
2020-02-15,1798,959.447659443791
2020-02-15,1882,1485.44791061379
2020-02-15,1078,1154.24218523974
2020-02-15,1943,1103.76842784296
2020-02-15,1539,1316.89510250511
2020-02-15,1415,1148.12265465626
2020-02-15,1354,1374.60954007277
2020-02-15,1358,1160.92336829154
2020-02-15,1733,616.732116002471
2020-02-15,1245,783.712687274983
2020-02-15,1742,1617.58968382915
2020-02-15,188,289.919792675115
2020-02-15,196,360.983352379854
2020-02-15,405,226.6868258546
2020-02-15,136,283.404519594368
2020-02-15,196,242.198001988138
2020-02-15,173,151.377397172213
2020-02-15,155,289.699099130865
2020-02-15,171,443.33248170084
2020-02-15,364,495.056644408915
2020-02-15,368,364.845310868511
2020-02-15,616,595.696014019657
2020-02-15,1006,517.425482860691
2020-02-15,926,949.84870116473
2020-02-15,382,388.594412300411
2020-02-15,569,451.314919299398
2020-02-15,663,552.883384932149
2020-02-15,987,698.703055269858
2020-02-15,771,788.499022902288
2020-02-15,674,610.495722372058
2020-02-15,1041,806.300295555832
2020-02-15,587,924.381088001923
2020-02-15,986,477.67098816546
2020-02-15,373,709.834557863486
2020-02-15,660,595.495771649934
2020-02-15,413,600.821238791063
2020-02-15,661,577.885800914657
2020-02-15,578,378.397481617837
2020-02-15,621,596.297007116475
2020-02-15,315,480.039217535953
2020-02-15,343,542.230891066882
2020-02-15,338,499.362755371324
2020-02-15,318,324.148528906902
2020-02-15,379,500.050998309127
2020-02-15,169,367.971809223555
2020-02-15,337,535.50066011861
2020-02-15,416,315.144009931242
2020-02-15,367,424.889008814405
2020-02-15,323,435.791966194203
2020-02-15,128,284.767184798823
2020-02-15,341,349.430204100641
2020-02-15,468,572.006117220202
2020-02-15,395,266.25991869004
2020-02-15,375,564.018774186006
2020-02-15,355,394.519463212565
2020-02-15,607,579.676414856456
2020-02-15,321,445.42638098548
2020-02-15,646,528.956166412542
2020-02-15,694,432.01636847412
2020-02-15,674,614.283919486081
2020-02-15,650,578.589122318246
2020-02-15,610,682.501855808643
2020-02-15,635,700.452392461425
2020-02-15,685,812.035633786011
2020-02-15,550,409.782563702876
2020-02-15,1079,835.342031813341
2020-02-15,597,615.944524270175
2020-02-15,276,565.824245665228
2020-02-15,303,496.545401882764
2020-02-15,621,397.125764481633
2020-02-15,708,626.493891450327
2020-02-15,1090,963.688017080326
2020-02-15,486,857.781685377983
2020-02-15,791,556.7603515261
2020-02-15,502,557.05881326286
2020-02-15,242,399.070394519817
2020-02-15,367,879.804614925952
2020-02-15,492,528.424265144928
2020-02-15,484,659.190882862393
2020-02-15,659,575.058120585829
2020-02-15,657,601.427220067992
2020-02-15,353,379.115528363103
2020-02-15,832,420.699724960348
2020-02-15,587,524.145469983537
2020-02-15,166,344.475124577946
2020-02-15,459,575.086182479612
2020-02-15,228,495.543461944149
2020-02-15,839,437.92545288434
2020-02-15,349,616.603047068329
2020-02-15,456,549.898461107527
2020-02-15,304,372.42250572844
2020-02-15,715,328.393554981404
2020-02-15,392,469.380258943227
2020-02-15,682,403.299433502972
2020-02-15,827,407.855585383244
2020-02-15,494,418.655229205053
2020-02-15,618,380.55357813388
2020-02-15,415,567.56979184842
2020-02-15,258,317.709645994074
2020-02-15,1113,349.130279276958
2020-02-15,384,297.442078883809
2020-02-15,417,505.400587214218
2020-02-15,412,449.920013797508
2020-02-15,227,435.120967559253
2020-02-15,391,340.954374274561
2020-02-15,298,385.810514422158
2020-02-15,340,472.846312782206
2020-02-15,0,224.772025812415
2020-02-15,908,711.975145504245
2020-02-15,841,672.85430154488
2020-02-15,710,750.534496992508
2020-02-15,661,896.454950094918
2020-02-15,907,718.278392924471
2020-02-15,430,544.055056484515
2020-02-15,456,764.81105143687
2020-02-15,578,630.954031713385
2020-02-15,765,882.677712787272
2020-02-15,950,1198.23717377627
2020-02-15,1046,816.334846268478
2020-02-15,1239,701.027468733494
2020-02-15,1119,1069.53594747642
2020-02-15,496,727.475595704597
2020-02-15,1170,590.932479157528
2020-02-15,652,611.338499336973
2020-02-15,765,716.723387905184
2020-02-15,770,944.098582727556
2020-02-15,1033,827.48410643121
2020-02-15,501,677.116158739753
2020-02-15,477,468.547783114443
2020-02-15,709,695.973985263824
2020-02-15,583,532.546245959759
2020-02-15,595,761.989476118039
2020-02-15,793,1028.40346276081
2020-02-15,2320,1331.2292513011
2020-02-15,1148,1026.61800335936
2020-02-15,1017,849.632860494066
2020-02-15,704,842.467101429824
2020-02-15,955,919.985539765974
2020-02-15,711,432.462695464172
2020-02-15,632,605.480726461941
2020-02-15,562,818.3151339544
2020-02-15,371,642.963632698609
2020-02-15,1267,757.156128323051
2020-02-15,305,444.593553650384
2020-02-15,425,398.603771325659
2020-02-15,282,317.855777790276
2020-02-15,542,530.935242963249
2020-02-15,441,589.893255834228
2020-02-15,156,427.508986397138
2020-02-15,237,464.656465239825
2020-02-15,276,363.879783968746
2020-02-15,517,395.180931350479
2020-02-15,402,241.116208615321
2020-02-15,303,456.00902202727
2020-02-15,419,501.50130582319
2020-02-15,0,126.803813292617
2020-02-15,1140,935.667178691897
2020-02-15,889,937.602722693463
2020-02-15,795,1390.86754914991
2020-02-15,1456,1036.20928696259
2020-02-15,1910,1198.08028002194
2020-02-15,658,940.202365409105
2020-02-15,716,1276.52738730966
2020-02-15,2347,1429.76795755978
2020-02-15,979,1701.68794045244
2020-02-15,1756,2204.3201345985
2020-02-15,769,654.48268585572
2020-02-15,1116,1272.41677000103
2020-02-15,694,1283.59483850813
2020-02-15,773,957.85365782187
2020-02-15,1427,722.701090436084
2020-02-15,1286,1180.51969182047
2020-02-15,1829,1336.62859367694
2020-02-15,836,1156.36566643187
2020-02-15,1135,1267.30001872333
2020-02-15,1412,1576.30759717618
2020-02-15,1064,1115.79169716206
2020-02-15,798,786.914151519485
2020-02-15,959,1510.40583760909
2020-02-15,830,1387.88047701769
2020-02-15,959,1173.49582869432
2020-02-15,984,741.11172783695
2020-02-15,1639,1165.60650978711
2020-02-15,1108,1599.45988143011
2020-02-15,1274,946.261416648411
2020-02-15,957,1186.579315325
2020-02-15,1322,850.969861523435
2020-02-15,1144,1258.73983587455
2020-02-15,875,568.864235393732
2020-02-15,919,859.314658269289
2020-02-15,821,994.826996223575
2020-02-15,554,1090.43588929721
2020-02-15,1448,876.957142366995
2020-02-15,638,853.18316274887
2020-02-15,1696,1326.81225215392
2020-02-15,904,1126.93453761775
2020-02-15,1004,837.998680366477
2020-02-15,750,538.315595759051
2020-02-15,844,553.839317646461
2020-02-15,1048,297.744550611723
2020-02-15,569,701.541140786928
2020-02-15,1299,1464.77693940221
2020-02-15,1483,888.499612968707
2020-02-15,1288,1386.71471106802
2020-02-15,1478,1120.30673774422
2020-02-15,1183,1065.14083121386
2020-02-15,1561,1435.04908712477
2020-02-15,2251,1694.1887848019
2020-02-15,743,1578.87875337681
2020-02-15,1257,1238.49978212784
2020-02-15,1651,1561.23174497496
2020-02-15,1060,1284.04797062236
2020-02-15,1372,1658.15555272055
2020-02-15,2216,1401.33618953859
2020-02-15,983,1003.81948709051
2020-02-15,1484,990.530670659045
2020-02-15,1167,1337.69252979248
2020-02-15,621,899.671232079393
2020-02-15,458,845.108357383348
2020-02-15,967,998.030912304416
2020-02-15,546,406.42814959139
2020-02-15,670,476.593812332783
2020-02-15,583,418.201961308776
2020-02-15,746,990.825002492809
2020-02-15,382,733.778509347504
2020-02-15,1708,1178.02801326242
2020-02-15,669,1219.06350224293
2020-02-15,1966,2275.95466295745
2020-02-15,874,2305.49801596404
2020-02-15,889,1140.46019428397
2020-02-15,1432,1132.47082791913
2020-02-15,1210,1348.93288907603
2020-02-15,923,1005.2956881406
2020-02-15,1086,1440.24449545956
2020-02-15,1859,950.433587756232
2020-02-15,1208,1150.1581791707
2020-02-15,1512,1214.00183055002
2020-02-15,1248,1933.0252707752
2020-02-15,1154,1203.31977629841
2020-02-15,1470,1606.9206791176
2020-02-15,1002,1485.60089955891
2020-02-15,561,387.518176166888
2020-02-15,491,435.47898454851
2020-02-15,171,430.394412362646
2020-02-15,852,626.670238498418
2020-02-15,762,559.818194738825
2020-02-15,96,669.269666936548
2020-02-15,667,579.028910989809
2020-02-15,1245,405.170486595474
2020-02-15,334,355.073600973932
2020-02-15,249,332.93045744853
2020-02-15,422,284.43490536732
2020-02-15,298,321.349882173377
2020-02-15,194,254.997506993037
2020-02-15,289,284.94721448717
2020-02-15,212,285.396726690744
2020-02-15,343,317.291719200232
2020-02-15,400,347.259649721266
2020-02-15,582,583.436840145346
2020-02-15,229,405.932455030846
2020-02-15,158,252.671548303158
2020-02-15,297,203.30868122679
2020-02-15,210,224.205899390023
2020-02-15,123,201.793476663209
2020-02-15,865,285.07344282727
2020-02-15,117,342.764956061429
2020-02-15,248,280.352211185576
2020-02-15,112,254.815088960342
2020-02-15,138,281.512150556519
2020-02-15,112,416.161369392569
2020-02-15,83,156.617937543455
2020-02-15,21,103.389737574545
2020-02-15,356,170.433119669804
2020-02-15,142,253.183360328211
2020-02-15,227,282.103359528552
2020-02-15,203,167.457444123589
2020-02-15,206,158.422070529115
2020-02-15,315,214.820822345415
2020-02-15,279,182.778833589023
2020-02-15,129,136.511784092236
2020-02-15,247,223.546451875984
2020-02-15,191,169.864886075956
2020-02-15,273,260.300920746005
2020-02-15,259,249.520937831614
2020-02-15,242,201.621552880367
2020-02-15,282,210.997279055686
2020-02-15,140,144.604875202239
2020-02-15,105,269.687987095459
2020-02-15,218,314.562860618486
2020-02-15,320,173.622734424449
2020-02-15,191,219.284969843378
2020-02-15,142,254.646974521885
2020-02-15,67,280.684095920496
2020-02-15,300,232.575511952597
2020-02-15,210,289.445709068803
2020-02-15,116,257.484808275507
2020-02-15,367,221.547718546474
2020-02-15,29,205.167129166634
2020-02-15,89,183.969571623586
2020-02-15,418,306.674588370051
2020-02-15,298,304.14509746239
2020-02-15,302,323.193551687409
2020-02-15,237,418.43424931792
2020-02-15,242,754.387902260843
2020-02-15,628,297.228423915119
2020-02-15,307,313.735061804552
2020-02-15,321,267.304980413143
2020-02-15,248,268.597496951322
2020-02-15,405,335.569279828642
2020-02-15,240,318.693858334501
2020-02-15,342,549.534418958566
2020-02-15,535,548.285459530402
2020-02-15,373,486.759334558563
2020-02-15,941,1008.00482870679
2020-02-15,924,666.970030399356
2020-02-15,426,907.726202588304
2020-02-15,513,424.478972987692
2020-02-15,207,360.601246733789
2020-02-15,276,340.991589662533
2020-02-15,420,537.752431255274
2020-02-15,517,436.060701226036
2020-02-15,50,221.811493194133
2020-02-15,676,388.721432285056
2020-02-15,522,363.490650266842
2020-02-15,176,728.31250338627
2020-02-15,252,320.034404294677
2020-02-15,137,216.47447777355
2020-02-15,259,208.99537500551
2020-02-15,187,343.299265190336
2020-02-15,449,304.493960455313
2020-02-15,168,616.264893662536
2020-02-15,727,554.254483423265
2020-02-15,593,604.593282798047
2020-02-15,773,608.982548826813
2020-02-15,269,412.477407424976
2020-02-15,568,534.687095046532
2020-02-15,604,493.00702178478
2020-02-15,375,509.247249394767
2020-02-15,293,481.219021641906
2020-02-15,547,540.634273276887
2020-02-15,335,562.424654571393
2020-02-15,515,500.913655186973
2020-02-15,370,298.043923354944
2020-02-15,410,459.569963263481
2020-02-15,395,594.69120907331
2020-02-15,410,332.622283819691
2020-02-15,237,451.371718139113
2020-02-15,492,740.685412525518
2020-02-15,710,402.326708866862
2020-02-15,493,645.544215290907
2020-02-15,668,535.217336986205
2020-02-15,748,628.587324575654
2020-02-15,830,613.507298411136
2020-02-15,505,727.901936716825
2020-02-15,1032,484.524897172666
2020-02-15,751,786.160772832832
2020-02-15,287,696.084259749351
2020-02-15,638,825.341320643356
2020-02-15,795,842.037402270018
2020-02-15,592,549.466850002789
2020-02-15,805,536.630240371741
2020-02-15,443,855.841411126914
2020-02-15,389,470.275797949135
2020-02-15,610,499.170070147059
2020-02-15,448,331.057867596678
2020-02-15,206,648.500002720045
2020-02-15,196,468.10709315063
2020-02-15,644,805.209646303004
2020-02-15,477,469.424286724104
2020-02-15,879,879.34346009708
2020-02-15,913,736.489979184498
2020-02-15,806,643.757203791062
2020-02-15,407,667.791620980937
2020-02-15,563,475.602367042964
2020-02-15,788,602.516540711214
2020-02-15,498,625.723926494489
2020-02-15,569,637.072632938778
2020-02-15,2466,1674.86847813922
2020-02-15,1209,1574.14399257006
2020-02-15,2148,1423.27019530588
2020-02-15,1199,2912.11702349349
2020-02-15,865,910.274497568498
2020-02-15,471,830.572421473004
2020-02-15,2323,1938.4719844633
2020-02-15,1071,1280.16105553025
2020-02-15,787,813.760158653486
2020-02-15,1900,1207.25012794386
2020-02-15,2395,1530.32075786294
2020-02-15,869,822.736841513467
2020-02-15,918,814.527548007771
2020-02-15,268,284.69352862642
2020-02-15,406,391.25311699987
2020-02-15,291,428.831153367906
2020-02-15,667,325.659363083883
2020-02-15,250,220.608857549555
2020-02-15,161,304.582688705353
2020-02-15,458,322.771103240957
2020-02-15,373,367.713955685192
2020-02-15,502,435.855446148512
2020-02-15,679,598.055606155026
2020-02-15,684,593.937374999025
2020-02-15,395,961.680429199921
2020-02-15,746,1367.00918696581
2020-02-15,955,1046.85767811635
2020-02-15,898,833.276018861071
2020-02-15,1410,1227.07988035518
2020-02-15,1015,647.406442940586
2020-02-15,886,1101.75940683259
2020-02-15,681,903.65041068045
2020-02-15,1342,1227.6414391084
2020-02-15,969,845.724191644503
2020-02-15,680,806.208054466107
2020-02-15,623,835.096850646003
2020-02-15,521,853.587380455129
2020-02-15,886,913.814444383742
2020-02-15,836,703.28404886325
2020-02-15,1553,1237.48017862819
2020-02-15,461,828.112368193639
2020-02-15,1213,1140.04800487597
2020-02-15,2350,2547.94582909595
2020-02-15,3636,2082.37770137798
2020-02-15,871,938.07163246413
2020-02-15,1516,1643.00830399831
2020-02-15,1089,1222.70201161444
2020-02-15,1083,1653.59692061088
2020-02-15,570,1343.34257767888
2020-02-15,1088,1344.32352481538
2020-02-15,1729,1028.02373413492
2020-02-15,1969,1766.45469041096
2020-02-15,1006,1481.25012292514
2020-02-15,1248,1696.58156736778
2020-02-15,901,607.782749257799
2020-02-15,1055,998.186344289026
2020-02-15,1800,1577.86937813739
2020-02-15,1139,1293.1269472613
2020-02-15,2082,1782.99978549061
2020-02-15,1817,1650.21836328449
2020-02-15,853,839.022304422643
2020-02-15,1310,620.441997962405
2020-02-15,1333,1278.41185602045
2020-02-15,331,448.710104855623
2020-02-15,525,353.173844367838
2020-02-15,371,229.978259153502
2020-02-15,320,351.369991670314
2020-02-15,68,195.9212778476
2020-02-15,2122,1437.13372490855
2020-02-15,987,1513.02309754107
2020-02-15,2280,2306.18139478711
2020-02-15,1812,1343.86921378469
2020-02-15,2793,2091.13136254905
2020-02-15,1809,2006.42485540711
2020-02-15,805,1178.43164213222
2020-02-15,1398,2076.55137535461
2020-02-15,1040,1028.99874031822
2020-02-15,1638,1694.58629586031
2020-02-15,712,669.880261967497
2020-02-15,3428,1994.71930822336
2020-02-15,2901,1675.17888063158
2020-02-15,1500,1957.95097634987
2020-02-15,479,997.457589480129
2020-02-15,1534,1164.83167098516
2020-02-15,1675,1154.00920282835
2020-02-15,536,811.963324703365
2020-02-15,514,995.851080367832
2020-02-15,910,954.239384048232
2020-02-15,526,641.262766367667
2020-02-15,434,695.698660620615
2020-02-15,712,881.008126006701
2020-02-15,1161,1031.84919841715
2020-02-15,751,785.025586350516
2020-02-15,476,759.66607960842
2020-02-15,1066,900.431773933735
2020-02-15,1009,949.406267424065
2020-02-15,703,549.066998539206
2020-02-15,438,523.389470982891
2020-02-15,312,313.185581060258
2020-02-15,722,582.158764714438
2020-02-15,455,500.715775957094
2020-02-15,710,830.283340353998
2020-02-15,775,489.618519461652
2020-02-15,718,964.429247009019
2020-02-15,467,1295.74811076292
2020-02-15,471,867.316067743421
2020-02-15,579,615.523083912847
2020-02-15,663,365.070578714396
2020-02-15,805,530.90105121657
2020-02-15,987,868.904525910727
2020-02-15,738,692.805219886274
2020-02-15,904,1043.75872332437
2020-02-15,792,1087.76657326951
2020-02-15,966,837.89454865663
2020-02-15,981,858.88532692027
2020-02-15,848,1048.01111566161
2020-02-15,1122,765.632746094392
2020-02-15,1021,1264.68650720688
2020-02-15,844,639.683695954295
2020-02-15,1005,950.73031519204
2020-02-15,793,580.056766498001
2020-02-15,170,613.011751266021
2020-02-15,610,723.159638476411
2020-02-15,440,928.087142718923
2020-02-15,952,1002.554601319
2020-02-15,1740,1449.00449377555
2020-02-15,579,1455.11524595555
2020-02-15,888,1445.99034132084
2020-02-15,541,1374.57752849503
2020-02-15,1128,1634.47332876131
2020-02-15,731,518.833635584892
2020-02-15,1394,1034.81949604225
2020-02-15,506,676.283871106615
2020-02-15,1225,746.079405120404
2020-02-15,796,1337.87511757809
2020-02-15,596,1775.50552911456
2020-02-15,995,744.361106474059
2020-02-15,1113,856.619456964625
2020-02-15,1236,1321.43172973118
2020-02-15,1162,1027.96651641147
2020-02-15,1177,733.599119401942
2020-02-15,944,1200.61254146694
2020-02-15,894,1231.86885760216
2020-02-15,640,955.403702439295
2020-02-15,1189,674.657338120626
2020-02-15,608,622.841846601031
2020-02-15,960,938.866177878407
2020-02-15,520,434.947681391313
2020-02-15,600,827.301950904324
2020-02-15,1268,1696.43821627612
2020-02-15,1877,1802.85923221237
2020-02-15,1917,1796.78932417956
2020-02-15,3223,1744.77460021357
2020-02-15,1334,1560.49123057946
2020-02-15,1858,2355.74876890314
2020-02-15,822,991.697341336162
2020-02-15,3080,2922.11287001749
2020-02-15,4683,1329.64760150956
2020-02-15,3658,2033.54335237943
2020-02-15,4397,2644.12077991767
2020-02-15,2654,1675.57520937033
2020-02-15,4039,1591.99772953104
2020-02-15,1896,1270.74096296492
2020-02-15,1468,1376.89354905707
2020-02-15,1456,1073.01030242331
2020-02-15,943,1080.55749575669
2020-02-15,959,1085.89702580878
2020-02-15,1611,1348.91209303509
2020-02-15,843,1451.78562077076
2020-02-15,1329,1598.09960225093
2020-02-15,1521,1580.07865529649
2020-02-15,424,1046.25117199918
2020-02-15,1064,1119.68857150039
2020-02-15,3946,1789.94652883422
2020-02-15,703,762.636895426586
2020-02-15,2784,2413.67411570888
2020-02-15,1852,1649.59501416875
2020-02-15,2456,1429.46996121525
2020-02-15,484,588.32627880506
2020-02-15,1066,1358.82927753765
2020-02-15,1621,1647.2020431591
2020-02-15,585,1156.20107094124
2020-02-15,1008,664.368874104385
2020-02-15,769,1568.05262577925
2020-02-15,1946,635.318236446153
2020-02-15,1901,1204.53554170113
2020-02-15,675,838.158141292945
2020-02-15,592,786.00066731128
2020-02-15,373,243.403582156233
2020-02-15,1858,1257.69909921011
2020-02-15,1187,1056.05713847287
2020-02-15,977,958.449367922526
2020-02-15,792,1049.98114702285
2020-02-15,472,748.819274036936
2020-02-15,1287,985.249880371634
2020-02-15,963,732.562747003417
2020-02-15,603,882.758208075564
2020-02-15,667,1176.94613843083
2020-02-15,2841,1799.69994278499
2020-02-15,4633,1779.42960843216
2020-02-15,906,1433.18483340573
2020-02-15,1794,1240.36562791264
2020-02-15,1424,2472.40996700251
2020-02-15,1654,1684.29733169049
2020-02-15,1916,1464.42242668459
2020-02-15,853,1671.96979367947
2020-02-15,1066,1102.34356166481
2020-02-15,1191,1355.94202287298
2020-02-15,1857,1043.31560447191
2020-02-15,3620,2282.0242942047
2020-02-15,3022,1311.89971209221
2020-02-15,2002,1698.62775364684
2020-02-15,1512,1091.39831785286
2020-02-15,2912,1553.04045650218
2020-02-15,580,928.556448838715
2020-02-15,630,909.995827214049
2020-02-15,1725,849.769878494652
2020-02-15,1538,1274.1300640718
2020-02-15,986,382.900110535532
2020-02-15,675,702.267027069115
2020-02-15,663,153.468283726106
2020-02-15,398,183.516996453808
2020-02-15,1092,1485.09826307642
2020-02-15,540,535.747091922062
2020-02-15,432,517.225248332745
2020-02-15,769,966.772780345498
2020-02-15,1304,308.178370086016
2020-02-15,480,220.108553633154
2020-02-15,308,487.999897374453
2020-02-15,2110,1769.06267340586
2020-02-15,1599,996.547205579273
2020-02-15,1130,1435.80297565273
2020-02-15,1766,1289.77452756076
2020-02-15,411,1075.61943048826
2020-02-15,2215,1245.58291382586
2020-02-15,1590,1383.1719422433
2020-02-15,927,1191.86589000098
2020-02-15,876,857.519203974528
2020-02-15,2185,2067.25790354835
2020-02-15,2287,2412.43713071603
2020-02-15,968,1130.52544635842
2020-02-15,1032,2337.6320098963
2020-02-15,4574,2524.49314862865
2020-02-15,3404,1633.94139417513
2020-02-15,3697,1768.98872876457
2020-02-15,756,2694.46195115123
2020-02-15,1466,1832.04935606877
2020-02-15,1303,1904.48935574038
2020-02-15,1511,1472.81401671381
2020-02-15,1324,1502.23727473351
2020-02-15,2601,2155.4653052948
2020-02-15,491,1488.99080948217
2020-02-15,4225,2238.72617889308
2020-02-15,1492,1373.36084283971
2020-02-15,1978,1295.32250679977
2020-02-15,1291,1360.7238217719
2020-02-15,924,1038.45242797894
2020-02-15,2600,897.742096578159
2020-02-15,1034,1413.2194834514
2020-02-15,1247,1382.51612184943
2020-02-15,1409,1643.52600284416
2020-02-15,678,986.442472048392
2020-02-15,1319,635.035635073024
2020-02-15,1070,601.651605961044
2020-02-15,811,751.590196168175
2020-02-15,1108,1305.58952064717
2020-02-15,1482,1253.4719295201
2020-02-15,1760,1046.25456800394
2020-02-15,1143,1131.57710177835
2020-02-15,975,827.052521947745
2020-02-15,776,515.72434667652
2020-02-15,637,1000.9652917131
2020-02-15,817,1885.93640442708
2020-02-15,487,1041.47191981839
2020-02-15,1205,846.871135327438
2020-02-15,811,936.638305281872
2020-02-15,651,804.314348946427
2020-02-15,747,1398.3357273054
2020-02-15,1429,1163.91157814801
2020-02-15,745,600.096942419911
2020-02-15,881,692.148080251169
2020-02-15,635,1300.83228744813
2020-02-15,1068,933.859506906579
2020-02-15,1086,1398.01820428023
2020-02-15,914,874.22471016
2020-02-15,541,632.352666644322
2020-02-15,1362,1758.14562991972
2020-02-15,1167,1585.85168751029
2020-02-15,326,805.012319588513
2020-02-15,723,316.176137579205
2020-02-15,891,815.074063261037
2020-02-15,878,1542.06406853395
2020-02-15,1094,830.158944607308
2020-02-15,458,979.7508571159
2020-02-15,425,898.428359066738
2020-02-15,1391,935.44966429587
2020-02-15,928,937.742485325044
2020-02-15,1874,1020.28944306934
2020-02-15,1807,2306.78111026519
2020-02-15,1132,1146.2000898061
2020-02-15,1261,922.078608289378
2020-02-15,1142,1114.05731269071
2020-02-15,883,1457.155125653
2020-02-15,1085,1950.48297012731
2020-02-15,1274,1719.71762228012
2020-02-15,1302,1270.69548570018
2020-02-15,2060,1230.61391049668
2020-02-15,1285,1097.26419244294
2020-02-15,1476,1369.77620999017
2020-02-15,1712,1326.67861146004
2020-02-15,1366,1574.37205771032
2020-02-15,1421,1260.90059720916
2020-02-15,1560,956.173927752704
2020-02-16,806,1051.26826389965
2020-02-16,329,968.450294501136
2020-02-16,488,982.203443412278
2020-02-16,503,1723.13732883977
2020-02-16,661,628.028524044687
2020-02-16,553,1078.62059264385
2020-02-16,466,390.43961257076
2020-02-16,347,774.080022789314
2020-02-16,737,678.096989267659
2020-02-16,499,542.696126201843
2020-02-16,467,579.310462021283
2020-02-16,1300,473.034050638268
2020-02-16,898,683.631770949339
2020-02-16,1107,498.41762305876
2020-02-16,972,169.518522600659
2020-02-16,1334,1254.69888136367
2020-02-16,868,766.639065319333
2020-02-16,1013,706.484713384796
2020-02-16,245,900.292388471004
2020-02-16,2044,1575.32469469696
2020-02-16,1728,623.354249602762
2020-02-16,1263,1507.79169342737
2020-02-16,1605,897.51775779707
2020-02-16,1836,930.110247976952
2020-02-16,1487,1070.31977272241
2020-02-16,1951,978.04836688793
2020-02-16,1010,2391.01638409821
2020-02-16,567,1412.98894688996
2020-02-16,453,751.401605704667
2020-02-16,878,1802.96111799632
2020-02-16,732,1565.89978201141
2020-02-16,1388,1033.17540829079
2020-02-16,1708,834.485139565487
2020-02-16,1476,1307.75054613601
2020-02-16,1325,511.401961853063
2020-02-16,1069,1870.15241735333
2020-02-16,1113,897.459978843789
2020-02-16,1170,1664.31026966046
2020-02-16,1664,1461.24810048632
2020-02-16,2381,1614.42007525909
2020-02-16,1371,1080.55618636193
2020-02-16,629,976.65720346057
2020-02-16,1873,806.86128658788
2020-02-16,535,628.050800277975
2020-02-16,945,1529.53628820241
2020-02-16,1397,1005.36541976049
2020-02-16,1578,991.159900357345
2020-02-16,1254,800.041299031656
2020-02-16,708,1489.02846439
2020-02-16,832,1019.35794182779
2020-02-16,1092,691.003997115302
2020-02-16,1205,1141.63100755045
2020-02-16,995,739.188698594633
2020-02-16,2280,1493.38984201051
2020-02-16,1534,1820.51225253836
2020-02-16,3010,2323.66884441029
2020-02-16,1800,1670.10130737032
2020-02-16,1400,1731.1492944045
2020-02-16,2901,1716.44872469458
2020-02-16,885,2192.43338740898
2020-02-16,1692,1738.49214941775
2020-02-16,4642,2123.20966620345
2020-02-16,1577,1505.45493096773
2020-02-16,1506,2364.06392756987
2020-02-16,3176,1255.54212662804
2020-02-16,2176,2169.03531963155
2020-02-16,1812,1611.39708499623
2020-02-16,2702,1559.94353886452
2020-02-16,2096,1831.69328443584
2020-02-16,612,1352.06830308557
2020-02-16,904,2183.14632640042
2020-02-16,1175,1314.21322232061
2020-02-16,1339,1047.39540915305
2020-02-16,1062,1042.67202314261
2020-02-16,1282,1250.71679361842
2020-02-16,2102,1294.68753101915
2020-02-16,1064,1907.98102636287
2020-02-16,1468,1343.35492712146
2020-02-16,2337,1429.96092790416
2020-02-16,281,529.31768012704
2020-02-16,438,425.541661199384
2020-02-16,481,355.575578353931
2020-02-16,504,265.054921763971
2020-02-16,751,537.372884990691
2020-02-16,270,369.086421702957
2020-02-16,469,414.970368107162
2020-02-16,569,493.67501268157
2020-02-16,498,587.334653313562
2020-02-16,1000,427.125533453114
2020-02-16,599,758.251968178932
2020-02-16,746,802.902808002223
2020-02-16,1605,654.80202958622
2020-02-16,827,779.545035253858
2020-02-16,804,739.602438491907
2020-02-16,198,361.530942316158
2020-02-16,702,546.02674303497
2020-02-16,338,433.252029148301
2020-02-16,515,527.861553396255
2020-02-16,482,564.851733296414
2020-02-16,398,459.016211780879
2020-02-16,565,413.05916208056
2020-02-16,704,738.096036007743
2020-02-16,649,625.815502552053
2020-02-16,753,691.149387064218
2020-02-16,754,607.116419943211
2020-02-16,576,426.183081111337
2020-02-16,515,213.806606484355
2020-02-16,411,324.410448107631
2020-02-16,267,487.484685522943
2020-02-16,610,496.384435035081
2020-02-16,262,737.612591607023
2020-02-16,1010,599.366844959739
2020-02-16,312,515.174690174567
2020-02-16,630,766.906705004342
2020-02-16,531,1632.12732062528
2020-02-16,1599,1214.39891494044
2020-02-16,783,728.003870746756
2020-02-16,575,776.171621898944
2020-02-16,708,831.667231238634
2020-02-16,1002,809.276935200485
2020-02-16,518,540.552705056413
2020-02-16,180,552.994577200336
2020-02-16,736,680.320461341564
2020-02-16,185,752.466425837006
2020-02-16,291,597.812267410069
2020-02-16,554,1284.77394044108
2020-02-16,1086,636.438978974352
2020-02-16,919,451.612612044469
2020-02-16,0,579.380532057139
2020-02-16,1590,1685.72195644378
2020-02-16,1731,1158.8222597657
2020-02-16,520,1299.18577982847
2020-02-16,1004,815.765135594778
2020-02-16,817,1421.39791042809
2020-02-16,1037,1132.65175719479
2020-02-16,1531,1320.33606923165
2020-02-16,1487,1176.84015280449
2020-02-16,1333,1438.85289990338
2020-02-16,2352,1583.38150832334
2020-02-16,244,1025.10140441051
2020-02-16,1091,933.156712892181
2020-02-16,1072,1285.56494884975
2020-02-16,947,1147.02634031001
2020-02-16,1850,1491.35873658043
2020-02-16,1414,1091.90137920795
2020-02-16,2143,1258.17166159951
2020-02-16,1808,1163.16355218377
2020-02-16,1762,1338.1246272213
2020-02-16,1475,1195.0592367218
2020-02-16,861,745.204607683893
2020-02-16,850,673.194035499855
2020-02-16,1054,1156.9867607732
2020-02-16,1012,1196.71972935816
2020-02-16,1078,1467.14288227445
2020-02-16,1383,1607.54176482778
2020-02-16,1549,1497.36129496948
2020-02-16,1497,1308.1767716623
2020-02-16,1036,858.644113710445
2020-02-16,1084,1066.40547662045
2020-02-16,1221,1085.46890400455
2020-02-16,1482,996.412081834869
2020-02-16,951,749.595989999399
2020-02-16,545,853.20316920341
2020-02-16,752,652.327087016182
2020-02-16,629,715.155708362199
2020-02-16,652,1016.33171899638
2020-02-16,722,1187.5081576222
2020-02-16,888,1080.60708082346
2020-02-16,1126,924.143105269011
2020-02-16,636,976.693439436278
2020-02-16,1052,1058.58533347199
2020-02-16,1249,813.479075858599
2020-02-16,427,724.597993531752
2020-02-16,1050,614.788988668389
2020-02-16,484,665.251128086924
2020-02-16,929,675.225889777793
2020-02-16,1191,675.480304848868
2020-02-16,552,486.89413168779
2020-02-16,432,750.172450785048
2020-02-16,572,723.609939707768
2020-02-16,783,1148.74947806031
2020-02-16,836,1014.30234088732
2020-02-16,770,584.513018738565
2020-02-16,499,511.200259061728
2020-02-16,562,512.403105386063
2020-02-16,647,527.173891614572
2020-02-16,582,593.845952952147
2020-02-16,445,587.302361079027
2020-02-16,492,503.776924128148
2020-02-16,551,636.933827847333
2020-02-16,249,575.728624504582
2020-02-16,519,328.057729771517
2020-02-16,706,456.173045269827
2020-02-16,344,499.663210276814
2020-02-16,781,835.610300686261
2020-02-16,758,653.657654289984
2020-02-16,661,514.504813500722
2020-02-16,513,1028.84869241898
2020-02-16,575,672.252147674007
2020-02-16,1223,1204.82281645054
2020-02-16,810,1363.38042320715
2020-02-16,455,737.524345546728
2020-02-16,755,631.302536523455
2020-02-16,863,727.398740839548
2020-02-16,413,739.30845641869
2020-02-16,596,427.205364982577
2020-02-16,727,744.644914492954
2020-02-16,502,708.759248995205
2020-02-16,640,546.737798789132
2020-02-16,719,565.146672664054
2020-02-16,546,565.209779288756
2020-02-16,466,420.783213901682
2020-02-16,829,762.299268855616
2020-02-16,469,376.254649295049
2020-02-16,227,461.697678774516
2020-02-16,400,422.965172488139
2020-02-16,559,447.017392673952
2020-02-16,111,478.363388876197
2020-02-16,649,376.902933502429
2020-02-16,348,487.726645575633
2020-02-16,427,363.492076958035
2020-02-16,482,416.487396241535
2020-02-16,567,503.744795306104
2020-02-16,493,756.128951799496
2020-02-16,864,638.941365909638
2020-02-16,474,406.070157073076
2020-02-16,459,561.789508807182
2020-02-16,438,485.900656409759
2020-02-16,404,469.831389701014
2020-02-16,298,479.124220198505
2020-02-16,431,746.572727220822
2020-02-16,734,937.439587524438
2020-02-16,769,570.176444993636
2020-02-16,801,894.211750557773
2020-02-16,604,788.907854364492
2020-02-16,991,549.344099930061
2020-02-16,833,723.001333495244
2020-02-16,1207,668.48168031765
2020-02-16,818,792.30067441524
2020-02-16,791,706.829103983737
2020-02-16,736,496.134789236485
2020-02-16,808,1106.13582971152
2020-02-16,693,760.130884821531
2020-02-16,1135,645.939795715141
2020-02-16,838,730.817193772933
2020-02-16,714,1117.2916807066
2020-02-16,273,536.205917163587
2020-02-16,1077,1098.96908314082
2020-02-16,1359,839.072755002699
2020-02-16,1528,1529.88589490989
2020-02-16,1340,972.66916527504
2020-02-16,1181,1051.63208678461
2020-02-16,1174,999.146452913422
2020-02-16,1706,1319.42644324105
2020-02-16,1490,989.885353005588
2020-02-16,1591,1469.41244501605
2020-02-16,1099,1497.63027621808
2020-02-16,1116,933.27479132526
2020-02-16,1381,1296.2417987813
2020-02-16,744,1025.01959828923
2020-02-16,1546,1575.85124595145
2020-02-16,1498,813.678851511791
2020-02-16,1575,1253.21207845143
2020-02-16,911,1025.71086528295
2020-02-16,1729,950.684664745616
2020-02-16,1317,1139.38996425002
2020-02-16,1342,996.994345629562
2020-02-16,1189,1194.6649381233
2020-02-16,1155,992.797348528568
2020-02-16,1643,559.960449411868
2020-02-16,1230,734.672431435801
2020-02-16,1613,1481.97145402101
2020-02-16,143,265.350481738343
2020-02-16,185,316.908283270863
2020-02-16,311,205.506460022448
2020-02-16,111,257.71169105997
2020-02-16,179,222.672423541507
2020-02-16,181,129.307468899717
2020-02-16,142,251.513727749959
2020-02-16,166,370.752091846756
2020-02-16,380,429.821014260416
2020-02-16,330,319.482502774941
2020-02-16,570,549.231116874133
2020-02-16,957,489.081639635049
2020-02-16,773,864.063578000349
2020-02-16,327,342.674729258479
2020-02-16,492,403.806301002694
2020-02-16,657,500.242838479906
2020-02-16,976,618.615976220951
2020-02-16,642,719.578821356031
2020-02-16,608,572.598052896565
2020-02-16,983,739.883762012316
2020-02-16,481,853.152338274881
2020-02-16,869,427.540776700603
2020-02-16,322,636.076801279064
2020-02-16,572,531.644637690743
2020-02-16,354,532.948109123673
2020-02-16,594,512.617488179067
2020-02-16,508,337.091171644767
2020-02-16,598,523.832827091213
2020-02-16,286,425.735017122286
2020-02-16,297,480.570528590599
2020-02-16,330,461.320760903826
2020-02-16,282,286.615161006706
2020-02-16,322,442.929838513945
2020-02-16,182,346.52146144424
2020-02-16,306,484.615792910041
2020-02-16,364,286.358653537503
2020-02-16,320,379.696188804827
2020-02-16,284,394.374765955026
2020-02-16,134,256.63921881582
2020-02-16,304,312.791291964543
2020-02-16,432,514.531091878192
2020-02-16,388,239.523120979168
2020-02-16,347,513.283006045591
2020-02-16,318,356.379022184668
2020-02-16,529,520.550135039505
2020-02-16,264,404.150134370922
2020-02-16,575,468.125817801703
2020-02-16,634,391.619842084643
2020-02-16,654,548.477167603842
2020-02-16,554,519.271897352348
2020-02-16,545,613.475734946689
2020-02-16,515,632.234769442785
2020-02-16,627,714.825211153068
2020-02-16,545,359.498564374633
2020-02-16,952,741.52839452536
2020-02-16,563,548.506252206102
2020-02-16,234,503.737284646853
2020-02-16,267,434.15216711769
2020-02-16,535,347.978668408787
2020-02-16,614,531.356587903343
2020-02-16,914,823.951451958587
2020-02-16,436,754.259239612621
2020-02-16,726,494.030823228995
2020-02-16,431,495.616064829519
2020-02-16,229,352.041380451412
2020-02-16,342,770.25338840284
2020-02-16,416,465.615501585823
2020-02-16,424,592.708938676468
2020-02-16,601,512.58726094379
2020-02-16,567,538.455014431199
2020-02-16,312,337.615045500112
2020-02-16,747,373.478377852989
2020-02-16,522,465.298209601873
2020-02-16,178,307.382779629634
2020-02-16,376,513.139022340042
2020-02-16,183,438.676867275524
2020-02-16,794,389.31040271105
2020-02-16,334,535.65017409711
2020-02-16,405,505.843326015202
2020-02-16,308,331.531308620315
2020-02-16,674,297.262697155232
2020-02-16,340,405.300161174431
2020-02-16,472,347.951233734934
2020-02-16,693,337.333211431102
2020-02-16,395,354.773041228944
2020-02-16,504,317.303844996688
2020-02-16,343,505.178291162999
2020-02-16,246,270.261978476368
2020-02-16,1072,313.248181194256
2020-02-16,318,261.288059721194
2020-02-16,372,452.240927013945
2020-02-16,351,390.959267175937
2020-02-16,165,386.567588243071
2020-02-16,353,293.085565571277
2020-02-16,247,337.671661902544
2020-02-16,302,419.616896478566
2020-02-16,0,193.850321636321
2020-02-16,858,617.464710785904
2020-02-16,724,579.950237573073
2020-02-16,604,656.8968024274
2020-02-16,525,759.284433141989
2020-02-16,794,613.344734955889
2020-02-16,342,468.296471203774
2020-02-16,387,650.616564065494
2020-02-16,508,541.749889042528
2020-02-16,648,755.813614580989
2020-02-16,756,1015.49799506908
2020-02-16,848,684.354771154671
2020-02-16,1064,588.055213921848
2020-02-16,957,906.168615403066
2020-02-16,437,606.180444365885
2020-02-16,986,495.495113684527
2020-02-16,548,508.945398099396
2020-02-16,636,604.18671309229
2020-02-16,672,785.470143301028
2020-02-16,813,710.639120060714
2020-02-16,420,574.939242099777
2020-02-16,372,401.206853922023
2020-02-16,581,603.437181838872
2020-02-16,517,455.455840022356
2020-02-16,555,648.10145452798
2020-02-16,706,874.995181034759
2020-02-16,1991,1125.34757594188
2020-02-16,915,873.983144763399
2020-02-16,875,709.514190137717
2020-02-16,563,704.146011987072
2020-02-16,807,775.344913682604
2020-02-16,585,363.432346738065
2020-02-16,538,515.551959115151
2020-02-16,468,699.313273412929
2020-02-16,281,549.117831757697
2020-02-16,1046,646.003023962557
2020-02-16,274,397.813347324572
2020-02-16,343,343.508727391786
2020-02-16,219,276.699570673085
2020-02-16,518,463.193850218855
2020-02-16,345,517.438680541638
2020-02-16,138,384.906840208312
2020-02-16,209,396.31959166263
2020-02-16,267,302.56464346659
2020-02-16,427,347.577813774846
2020-02-16,367,207.150818421749
2020-02-16,262,393.385289585378
2020-02-16,350,428.805515438846
2020-02-16,0,117.371703306257
2020-02-16,1043,800.398878884816
2020-02-16,812,819.630160045007
2020-02-16,749,1212.03773839775
2020-02-16,1260,905.748320755404
2020-02-16,1684,1061.38174400773
2020-02-16,613,826.799810907349
2020-02-16,675,1112.69155841779
2020-02-16,2053,1269.98262604203
2020-02-16,856,1505.0188902572
2020-02-16,1503,1931.28012537642
2020-02-16,659,585.087614189738
2020-02-16,1027,1106.23563445328
2020-02-16,644,1111.69061294721
2020-02-16,690,837.863105731173
2020-02-16,1252,614.354895754612
2020-02-16,1092,1022.45997874668
2020-02-16,1552,1145.86409725198
2020-02-16,725,985.712516330628
2020-02-16,943,1109.516820854
2020-02-16,1150,1347.19416851881
2020-02-16,978,933.169927085783
2020-02-16,634,671.331475492305
2020-02-16,841,1282.8539072161
2020-02-16,700,1177.36555825304
2020-02-16,748,1007.27285136986
2020-02-16,890,627.361013282779
2020-02-16,1448,993.133559475211
2020-02-16,889,1371.2673065169
2020-02-16,1125,791.801019346545
2020-02-16,771,1014.74839843214
2020-02-16,1099,720.271844229521
2020-02-16,976,1064.5509496964
2020-02-16,766,481.395015676842
2020-02-16,838,728.401336260528
2020-02-16,700,849.817040246736
2020-02-16,463,925.825305214969
2020-02-16,1255,740.619300422402
2020-02-16,525,723.981605592456
2020-02-16,1467,1117.49023318771
2020-02-16,749,961.507153391899
2020-02-16,1001,769.366198114438
2020-02-16,660,488.29049047211
2020-02-16,782,517.183668385664
2020-02-16,911,270.097790590647
2020-02-16,439,643.502775810313
2020-02-16,1230,1310.24551551502
2020-02-16,1437,830.694509579323
2020-02-16,1150,1308.70094286946
2020-02-16,1432,1043.9587287798
2020-02-16,1018,1011.15293790544
2020-02-16,1426,1330.2719298436
2020-02-16,2003,1511.47171336987
2020-02-16,696,1419.22619674032
2020-02-16,1150,1088.37054651551
2020-02-16,1507,1395.04217317278
2020-02-16,921,1154.1772621756
2020-02-16,1244,1523.64742799446
2020-02-16,2177,1290.66809296435
2020-02-16,939,905.600988350039
2020-02-16,1381,929.966312404218
2020-02-16,1019,1198.50067395229
2020-02-16,630,838.059049786062
2020-02-16,442,788.226795560712
2020-02-16,800,918.313386075386
2020-02-16,486,354.12440414418
2020-02-16,613,438.791615593921
2020-02-16,524,374.326115939733
2020-02-16,685,911.545435805683
2020-02-16,387,651.870306064475
2020-02-16,1436,1073.01067038857
2020-02-16,645,1086.51908632335
2020-02-16,1778,2016.1467548115
2020-02-16,729,2052.34360142771
2020-02-16,763,1015.47442754713
2020-02-16,1227,1002.50475074796
2020-02-16,1062,1192.73731966686
2020-02-16,847,893.062136087446
2020-02-16,920,1266.95037682706
2020-02-16,1607,847.407699578618
2020-02-16,1055,1006.35028738016
2020-02-16,1336,1068.645826446
2020-02-16,1102,1716.85026992907
2020-02-16,975,1082.27895492676
2020-02-16,1300,1414.44848301478
2020-02-16,933,1311.29073959227
2020-02-16,477,363.470695665311
2020-02-16,501,396.801914509805
2020-02-16,164,402.647571021873
2020-02-16,778,576.103817449956
2020-02-16,684,512.638745431129
2020-02-16,83,612.441909315615
2020-02-16,593,544.966955747731
2020-02-16,1231,366.562953968047
2020-02-16,315,328.716652873312
2020-02-16,248,315.8276296865
2020-02-16,393,266.311874822132
2020-02-16,282,303.311341216523
2020-02-16,155,241.303816782795
2020-02-16,275,256.608586843263
2020-02-16,172,264.163863670452
2020-02-16,329,294.595917641701
2020-02-16,394,329.422878094272
2020-02-16,557,552.099469623526
2020-02-16,205,384.428850650088
2020-02-16,125,223.70169700462
2020-02-16,276,173.255559193408
2020-02-16,178,194.76015578364
2020-02-16,95,177.270063400259
2020-02-16,807,272.295084498139
2020-02-16,112,321.60259919787
2020-02-16,235,259.805297699717
2020-02-16,119,230.844646976317
2020-02-16,133,261.964755679511
2020-02-16,120,366.323117217082
2020-02-16,61,137.733710919483
2020-02-16,15,89.3013950995631
2020-02-16,301,147.102387491649
2020-02-16,121,222.098117633241
2020-02-16,199,248.491955428155
2020-02-16,196,145.838545500617
2020-02-16,168,141.107140622751
2020-02-16,279,183.837721176196
2020-02-16,217,159.808516291788
2020-02-16,121,120.01154565192
2020-02-16,224,198.274616323342
2020-02-16,175,154.648855538598
2020-02-16,253,232.211608650672
2020-02-16,218,220.209797495487
2020-02-16,217,173.765703120957
2020-02-16,238,185.639222433483
2020-02-16,119,121.938563934791
2020-02-16,91,233.008799118241
2020-02-16,198,276.270402349636
2020-02-16,282,150.184870593019
2020-02-16,174,190.775952873277
2020-02-16,133,222.751620014133
2020-02-16,57,246.953441870888
2020-02-16,263,209.683106272577
2020-02-16,179,254.302024161527
2020-02-16,84,224.761891137664
2020-02-16,353,192.779192019779
2020-02-16,33,181.113530053133
2020-02-16,77,157.769409655607
2020-02-16,348,270.096255409293
2020-02-16,248,274.592984112717
2020-02-16,261,289.137661754245
2020-02-16,187,362.64431898751
2020-02-16,248,661.824488591736
2020-02-16,562,267.964894232654
2020-02-16,255,288.190762197514
2020-02-16,322,231.061540675527
2020-02-16,201,235.695490735994
2020-02-16,357,283.721965711715
2020-02-16,225,270.809665501037
2020-02-16,288,468.909660656746
2020-02-16,480,465.414132278727
2020-02-16,341,417.609882064475
2020-02-16,796,867.062714135604
2020-02-16,801,563.600808128851
2020-02-16,373,778.779439923377
2020-02-16,400,359.253247539957
2020-02-16,161,301.38194002167
2020-02-16,203,285.030658093676
2020-02-16,347,456.907445563079
2020-02-16,445,376.179221898128
2020-02-16,47,192.959124080686
2020-02-16,594,328.623026484772
2020-02-16,427,312.582733918687
2020-02-16,166,624.644939770934
2020-02-16,216,276.436507922523
2020-02-16,116,187.457433354014
2020-02-16,219,183.33999011151
2020-02-16,169,305.908301409646
2020-02-16,393,270.234399266817
2020-02-16,156,534.030881635276
2020-02-16,702,481.977329087907
2020-02-16,554,527.456942870912
2020-02-16,668,544.670608736604
2020-02-16,226,363.43736757576
2020-02-16,486,466.864878782853
2020-02-16,518,436.973041186197
2020-02-16,338,458.601046686268
2020-02-16,279,439.893074118902
2020-02-16,525,493.782951651838
2020-02-16,299,517.022962407818
2020-02-16,453,458.013784312885
2020-02-16,301,271.957030934948
2020-02-16,355,423.230503420205
2020-02-16,384,532.614973988801
2020-02-16,360,299.298900382751
2020-02-16,189,415.861606678113
2020-02-16,469,685.761229565494
2020-02-16,657,373.342857210126
2020-02-16,407,561.144246980737
2020-02-16,616,468.92460014852
2020-02-16,668,545.473300481076
2020-02-16,714,560.482452105477
2020-02-16,525,661.138926183021
2020-02-16,1001,452.672247194671
2020-02-16,735,716.74239483056
2020-02-16,278,638.678892271117
2020-02-16,601,752.534533919077
2020-02-16,806,754.032592362446
2020-02-16,515,503.700836488273
2020-02-16,709,487.702823711719
2020-02-16,380,785.979143354435
2020-02-16,323,434.067708591678
2020-02-16,599,456.004041081067
2020-02-16,419,306.195214959036
2020-02-16,176,582.493623359135
2020-02-16,203,435.442110712914
2020-02-16,610,745.476360107216
2020-02-16,424,429.04291738571
2020-02-16,804,754.514869546294
2020-02-16,839,664.511265000081
2020-02-16,671,577.530361449772
2020-02-16,345,595.569099424168
2020-02-16,511,423.061198441364
2020-02-16,713,535.641167688267
2020-02-16,479,559.525248947188
2020-02-16,513,578.118400000576
2020-02-16,2059,1423.82503583577
2020-02-16,1018,1337.12924163739
2020-02-16,1746,1228.77786423227
2020-02-16,1013,2516.99317889551
2020-02-16,780,780.802694687077
2020-02-16,386,715.679556380018
2020-02-16,1885,1683.42171676905
2020-02-16,978,1082.36660374755
2020-02-16,661,695.20124199906
2020-02-16,1649,1021.77263246779
2020-02-16,2089,1288.39761302882
2020-02-16,694,713.308805073743
2020-02-16,835,686.246883617317
2020-02-16,244,253.437328301414
2020-02-16,349,344.852497288247
2020-02-16,258,375.834828497839
2020-02-16,642,289.774577782577
2020-02-16,215,201.009203081152
2020-02-16,160,269.008418950514
2020-02-16,379,286.909274660857
2020-02-16,340,321.68197912059
2020-02-16,392,388.310964338541
2020-02-16,628,515.728404521304
2020-02-16,554,529.836243215241
2020-02-16,383,824.239153470218
2020-02-16,616,1227.72709187045
2020-02-16,838,962.60638695203
2020-02-16,791,742.686959840069
2020-02-16,1173,1095.37843034786
2020-02-16,902,573.606085236919
2020-02-16,818,979.891025154688
2020-02-16,657,806.377446697282
2020-02-16,1288,1062.45626956198
2020-02-16,908,762.319901571051
2020-02-16,602,710.726876450967
2020-02-16,545,758.754747276297
2020-02-16,471,745.565578935037
2020-02-16,745,795.137837518493
2020-02-16,818,634.360084688989
2020-02-16,1476,1134.04111553235
2020-02-16,415,754.181699428915
2020-02-16,1041,1035.60289797156
2020-02-16,2058,2263.21099174846
2020-02-16,3169,1852.69253981246
2020-02-16,751,843.812030103097
2020-02-16,1390,1459.57986750369
2020-02-16,928,1100.15524402728
2020-02-16,1036,1453.82327304658
2020-02-16,540,1216.11305120162
2020-02-16,1041,1198.62907280838
2020-02-16,1556,914.878094225425
2020-02-16,1833,1548.36663440335
2020-02-16,882,1335.22799152463
2020-02-16,1126,1519.41702363856
2020-02-16,808,543.083687014278
2020-02-16,941,886.621067646654
2020-02-16,1565,1397.31895715046
2020-02-16,1036,1137.09909837387
2020-02-16,1832,1568.89238652366
2020-02-16,1528,1477.5551792515
2020-02-16,789,728.047094179169
2020-02-16,1146,555.98398646229
2020-02-16,1124,1119.30231289705
2020-02-16,278,412.723277003032
2020-02-16,500,330.742895863083
2020-02-16,296,203.788228641275
2020-02-16,278,319.568690602307
2020-02-16,68,179.510640900567
2020-02-16,1908,1303.7443437025
2020-02-16,933,1367.11752169534
2020-02-16,2053,2101.30898646466
2020-02-16,1602,1209.58166428308
2020-02-16,2595,1850.60278215669
2020-02-16,1626,1820.65826450544
2020-02-16,732,1049.68389421859
2020-02-16,1329,1877.60134752746
2020-02-16,947,935.590926249423
2020-02-16,1461,1539.89891063484
2020-02-16,716,596.556757419789
2020-02-16,3032,1801.73160775893
2020-02-16,2694,1508.06365752052
2020-02-16,1362,1746.01340021388
2020-02-16,380,905.850527029396
2020-02-16,1418,1045.19925192204
2020-02-16,1517,1037.73569631705
2020-02-16,511,731.757449849357
2020-02-16,455,905.513341386078
2020-02-16,849,852.555271181357
2020-02-16,465,569.742518955758
2020-02-16,394,614.799687167331
2020-02-16,664,815.902922649875
2020-02-16,1064,934.812884456949
2020-02-16,670,723.261472514521
2020-02-16,432,683.391364989365
2020-02-16,928,798.144876714794
2020-02-16,903,857.77548163185
2020-02-16,608,490.649941842573
2020-02-16,382,466.87645060697
2020-02-16,272,278.74368739255
2020-02-16,624,514.167434612649
2020-02-16,458,435.965711738415
2020-02-16,751,756.54686937323
2020-02-16,685,465.874980850574
2020-02-16,631,857.019563943752
2020-02-16,397,1126.36113134516
2020-02-16,412,734.341720717914
2020-02-16,497,535.202779410429
2020-02-16,560,321.386335312326
2020-02-16,622,464.98475174746
2020-02-16,824,764.697443895812
2020-02-16,674,595.343735049897
2020-02-16,806,934.299471079249
2020-02-16,681,965.162525886341
2020-02-16,934,742.29194365789
2020-02-16,895,772.873796704462
2020-02-16,677,939.565149354103
2020-02-16,953,687.209034125434
2020-02-16,937,1117.5154754359
2020-02-16,768,576.949176033451
2020-02-16,864,854.235256127045
2020-02-16,679,504.978537262469
2020-02-16,154,537.176834042056
2020-02-16,565,616.273939133115
2020-02-16,410,813.531650947979
2020-02-16,879,875.935018384633
2020-02-16,1543,1303.54877856302
2020-02-16,519,1282.38100046063
2020-02-16,753,1273.62503885656
2020-02-16,479,1221.98616908302
2020-02-16,986,1452.0642083581
2020-02-16,651,455.334449400149
2020-02-16,1278,936.759425728402
2020-02-16,405,606.438107838715
2020-02-16,1179,666.051597174037
2020-02-16,703,1223.16630605297
2020-02-16,536,1611.77174387604
2020-02-16,891,666.408855607032
2020-02-16,1005,763.274197738161
2020-02-16,1180,1177.69895856367
2020-02-16,1037,914.635699101332
2020-02-16,995,660.075640173767
2020-02-16,841,1078.72126281028
2020-02-16,798,1099.55508450449
2020-02-16,580,839.700776599333
2020-02-16,1095,596.437053433432
2020-02-16,508,549.744300284546
2020-02-16,840,835.408175647755
2020-02-16,455,385.718634165516
2020-02-16,547,736.493795943363
2020-02-16,1154,1505.92204971932
2020-02-16,1713,1617.76332728176
2020-02-16,1590,1595.41977012942
2020-02-16,2787,1548.21071536362
2020-02-16,1193,1410.82295042252
2020-02-16,1622,2110.344800595
2020-02-16,699,891.25446129711
2020-02-16,2776,2640.90868637046
2020-02-16,4251,1205.25393588547
2020-02-16,3341,1823.19357972262
2020-02-16,4024,2319.63080970865
2020-02-16,2413,1503.77095802104
2020-02-16,3626,1435.57930208345
2020-02-16,1615,1086.79398532829
2020-02-16,1280,1245.2750573589
2020-02-16,1328,969.164965816943
2020-02-16,875,940.145189441042
2020-02-16,890,956.792223317398
2020-02-16,1461,1202.39860555116
2020-02-16,707,1279.41784223805
2020-02-16,1253,1398.63555343985
2020-02-16,1242,1384.61239414955
2020-02-16,413,898.492251676479
2020-02-16,917,974.872110582344
2020-02-16,3381,1579.1600523054
2020-02-16,593,671.470466269866
2020-02-16,2457,2129.58546245551
2020-02-16,1690,1441.38728965162
2020-02-16,2131,1217.56944540946
2020-02-16,362,522.732084764084
2020-02-16,912,1165.04450934325
2020-02-16,1364,1429.75695891275
2020-02-16,533,1007.6409730663
2020-02-16,933,591.058476294764
2020-02-16,661,1373.21963228139
2020-02-16,1727,567.48353063033
2020-02-16,1717,1060.74122275946
2020-02-16,628,739.835344708725
2020-02-16,528,700.08573470215
2020-02-16,329,219.0030030226
2020-02-16,1504,1059.76974766362
2020-02-16,1099,892.154093742626
2020-02-16,860,808.85635557166
2020-02-16,678,876.476969784411
2020-02-16,406,640.352081162264
2020-02-16,1039,848.534016615081
2020-02-16,811,624.477234921649
2020-02-16,521,756.476674181637
2020-02-16,564,998.207801514599
2020-02-16,2433,1518.26187817203
2020-02-16,4081,1497.46016301725
2020-02-16,763,1222.90063484823
2020-02-16,1501,1063.43271246563
2020-02-16,1254,2132.63423369806
2020-02-16,1487,1444.94477260133
2020-02-16,1759,1265.05539512486
2020-02-16,710,1450.88937646332
2020-02-16,885,945.70270370567
2020-02-16,1108,1161.15325929479
2020-02-16,1579,925.135356787727
2020-02-16,3042,1949.09648731557
2020-02-16,2500,1125.76684587581
2020-02-16,1726,1471.13038628771
2020-02-16,1236,926.234949340425
2020-02-16,2504,1346.51411697711
2020-02-16,460,823.142158486757
2020-02-16,582,787.907149902311
2020-02-16,1475,726.900198982104
2020-02-16,1312,1075.36431416065
2020-02-16,834,322.76157738226
2020-02-16,551,603.63179083259
2020-02-16,579,133.924057086707
2020-02-16,339,161.133759260743
2020-02-16,889,1270.64569102751
2020-02-16,493,453.338614349538
2020-02-16,394,448.589218458398
2020-02-16,655,850.437148583725
2020-02-16,1106,270.691093036111
2020-02-16,418,188.967978528033
2020-02-16,277,416.946653390693
2020-02-16,1945,1511.56216029137
2020-02-16,1431,874.441473503102
2020-02-16,1077,1257.33014149543
2020-02-16,1522,1144.65356600659
2020-02-16,354,926.218068937745
2020-02-16,1809,1055.19266159467
2020-02-16,1242,1179.17120877739
2020-02-16,778,1005.32457800169
2020-02-16,773,740.850056852931
2020-02-16,1937,1756.02956524958
2020-02-16,1843,2059.16972652601
2020-02-16,841,928.044975634669
2020-02-16,839,1978.38487456818
2020-02-16,3867,2199.98713796859
2020-02-16,2823,1411.95262517224
2020-02-16,3300,1513.08471623881
2020-02-16,707,2336.66133753502
2020-02-16,1262,1569.83059466039
2020-02-16,1082,1632.82651106107
2020-02-16,1324,1253.73275362172
2020-02-16,1126,1299.1793149201
2020-02-16,2268,1869.84444655355
2020-02-16,405,1286.88128297413
2020-02-16,3595,1960.2085882001
2020-02-16,1280,1195.94066154535
2020-02-16,1720,1126.49164098535
2020-02-16,1197,1189.00629444677
2020-02-16,790,909.894309694281
2020-02-16,2301,793.416700942049
2020-02-16,880,1228.13092284251
2020-02-16,1119,1211.234868894
2020-02-16,1259,1432.30898512834
2020-02-16,636,893.327780517294
2020-02-16,1166,561.776999980797
2020-02-16,926,537.117059178371
2020-02-16,732,654.135018459931
2020-02-16,965,1142.96919950263
2020-02-16,1298,1127.04537386569
2020-02-16,1576,876.474851095315
2020-02-16,981,966.641955559099
2020-02-16,823,711.155815603329
2020-02-16,652,443.070551492071
2020-02-16,521,847.008649245007
2020-02-16,669,1628.30788939281
2020-02-16,414,882.199814254959
2020-02-16,1052,727.119079355643
2020-02-16,714,789.643671051476
2020-02-16,545,679.135438636978
2020-02-16,619,1184.60124153482
2020-02-16,1138,983.5665272882
2020-02-16,665,509.64865581259
2020-02-16,735,591.540302931599
2020-02-16,593,1098.63826732786
2020-02-16,910,792.4507310868
2020-02-16,854,1193.53776534363
2020-02-16,816,726.220350551117
2020-02-16,488,528.86094545311
2020-02-16,1173,1500.78302101758
2020-02-16,1066,1352.36276542063
2020-02-16,288,697.267244251763
2020-02-16,613,275.070465018456
2020-02-16,774,702.846148877412
2020-02-16,761,1313.94054964598
2020-02-16,970,707.82125547683
2020-02-16,411,841.466788899093
2020-02-16,335,760.947812092112
2020-02-16,1128,798.421004956284
2020-02-16,743,793.838667296013
2020-02-16,1547,876.653711249766
2020-02-16,1562,2048.83281182406
2020-02-16,1002,1004.04895749447
2020-02-16,1146,804.271721954953
2020-02-16,987,979.916698395951
2020-02-16,832,1263.70048559973
2020-02-16,986,1697.85592209815
2020-02-16,1105,1534.56270521403
2020-02-16,1089,1100.52532940111
2020-02-16,1820,1062.70011159098
2020-02-16,1072,970.630158928537
2020-02-16,1255,1204.63798492052
2020-02-16,1529,1171.39152352026
2020-02-16,1231,1366.74313484894
2020-02-16,1216,1114.60759011024
2020-02-16,1355,847.246375023276
2020-03-30,662,794.518223965461
2020-03-30,304,756.893850768282
2020-03-30,363,774.203708020921
2020-03-30,461,1298.19164022635
2020-03-30,590,524.906446854333
2020-03-30,422,860.116167908654
2020-03-30,417,333.575879773718
2020-03-30,309,668.371760738651
2020-03-30,658,584.157259440549
2020-03-30,501,470.892462597647
2020-03-30,365,497.349147270701
2020-03-30,1046,420.33053372117
2020-03-30,861,569.37437821329
2020-03-30,944,418.242568980074
2020-03-30,795,144.3814358361
2020-03-30,1074,1039.80962081711
2020-03-30,761,675.015810177879
2020-03-30,920,617.114730144081
2020-03-30,234,770.416088302148
2020-03-30,1826,1295.47455701811
2020-03-30,1572,536.986125070412
2020-03-30,1073,1298.03057510013
2020-03-30,1226,753.126606572583
2020-03-30,1605,770.235895683913
2020-03-30,1255,876.74480319672
2020-03-30,1507,819.670754364266
2020-03-30,802,1925.21550243241
2020-03-30,476,1110.25762713441
2020-03-30,355,601.252011230096
2020-03-30,738,1444.99890293744
2020-03-30,610,1287.92662578021
2020-03-30,1290,856.586473992111
2020-03-30,1468,711.641510972444
2020-03-30,1456,1150.37116979153
2020-03-30,1136,473.948794437603
2020-03-30,997,1641.04779742168
2020-03-30,932,746.507337121187
2020-03-30,988,1382.06859944607
2020-03-30,1402,1235.89726660439
2020-03-30,2066,1335.00516615591
2020-03-30,1081,846.836903170367
2020-03-30,530,759.64636538398
2020-03-30,1143,660.827166719429
2020-03-30,387,472.067298185471
2020-03-30,707,1224.55063599727
2020-03-30,1103,815.847584437649
2020-03-30,1263,824.684782055884
2020-03-30,1047,641.741009375425
2020-03-30,564,1228.94063969207
2020-03-30,691,856.566647032546
2020-03-30,860,565.406121240095
2020-03-30,1044,882.783771758973
2020-03-30,878,575.385183651747
2020-03-30,1905,1209.52197874988
2020-03-30,1157,1513.03398928322
2020-03-30,2321,1858.9420037249
2020-03-30,1569,1331.73808272622
2020-03-30,1115,1358.00065068554
2020-03-30,2200,1246.42665142127
2020-03-30,774,1697.49273929638
2020-03-30,1401,1328.43685255594
2020-03-30,3463,1637.90443649024
2020-03-30,1293,1127.68442732432
2020-03-30,1099,1694.90028204126
2020-03-30,2243,972.101008896933
2020-03-30,1607,1604.39634713047
2020-03-30,1305,1145.78531156449
2020-03-30,1982,1064.59286563388
2020-03-30,1454,1356.10361350614
2020-03-30,408,975.219664071891
2020-03-30,722,1631.84000808023
2020-03-30,1032,1002.89314284994
2020-03-30,1079,824.182812416387
2020-03-30,817,827.359336306721
2020-03-30,956,957.989206101232
2020-03-30,1536,992.595683466436
2020-03-30,949,1467.76422432085
2020-03-30,1286,1044.97967287002
2020-03-30,1693,1157.49475720718
2020-03-30,242,429.689789441418
2020-03-30,356,371.995564151389
2020-03-30,425,277.804369105753
2020-03-30,434,213.861590346269
2020-03-30,582,452.187952880704
2020-03-30,224,307.544687286791
2020-03-30,410,339.589171858745
2020-03-30,486,404.728815909951
2020-03-30,403,483.434818935908
2020-03-30,803,345.573355662333
2020-03-30,465,613.060463219846
2020-03-30,663,648.708731856068
2020-03-30,1254,537.488776216701
2020-03-30,649,642.506526665945
2020-03-30,616,603.968761993122
2020-03-30,175,298.471057289456
2020-03-30,549,464.05085260689
2020-03-30,258,357.844602137718
2020-03-30,446,433.290858467156
2020-03-30,365,436.25339008825
2020-03-30,290,363.626818111686
2020-03-30,420,317.610273646949
2020-03-30,460,577.692460428815
2020-03-30,564,485.161410588981
2020-03-30,557,560.4451358803
2020-03-30,671,496.0760205452
2020-03-30,469,351.72767805073
2020-03-30,391,166.719139205323
2020-03-30,268,266.625860647117
2020-03-30,239,401.439507285641
2020-03-30,535,385.162780613892
2020-03-30,191,594.568352110938
2020-03-30,835,493.968106390029
2020-03-30,259,418.196664056334
2020-03-30,510,624.814212352
2020-03-30,471,1336.4726612313
2020-03-30,1264,1009.9344319165
2020-03-30,643,609.834470436416
2020-03-30,518,643.39749108604
2020-03-30,593,700.310382969036
2020-03-30,856,664.099240496624
2020-03-30,398,442.38869840048
2020-03-30,149,449.907678975604
2020-03-30,652,543.043891402916
2020-03-30,147,624.123722911577
2020-03-30,249,499.876819661382
2020-03-30,491,1047.06803785571
2020-03-30,826,526.619445197372
2020-03-30,749,371.470925806032
2020-03-30,0,485.02964124498
2020-03-30,1261,1301.48448945479
2020-03-30,1362,851.282102579602
2020-03-30,432,1008.84868745942
2020-03-30,804,604.192411633437
2020-03-30,649,1083.40992304509
2020-03-30,787,851.787297649812
2020-03-30,1113,968.306457056656
2020-03-30,1063,837.789029847458
2020-03-30,847,1053.3430356408
2020-03-30,1681,1196.25807956561
2020-03-30,172,726.691451375708
2020-03-30,773,677.75327145309
2020-03-30,768,954.968796194061
2020-03-30,656,822.353792001146
2020-03-30,1207,1055.79178954858
2020-03-30,992,737.454727493883
2020-03-30,1395,879.099477588488
2020-03-30,973,817.705825589791
2020-03-30,1289,926.131746796984
2020-03-30,1095,864.073823864572
2020-03-30,626,578.567435185531
2020-03-30,663,522.348759528729
2020-03-30,859,893.79656326482
2020-03-30,746,918.866119130967
2020-03-30,733,1123.21258061965
2020-03-30,1026,1250.5203041242
2020-03-30,1146,1100.70266749135
2020-03-30,1062,982.911860559503
2020-03-30,729,615.125002812417
2020-03-30,887,760.667404178898
2020-03-30,911,787.713590970742
2020-03-30,969,717.334218796012
2020-03-30,638,523.098151812929
2020-03-30,350,560.00930066009
2020-03-30,527,462.083572622007
2020-03-30,439,494.20863956104
2020-03-30,441,724.887285375271
2020-03-30,520,811.769356610646
2020-03-30,614,745.644771611955
2020-03-30,850,615.01049034227
2020-03-30,409,709.405835998608
2020-03-30,765,730.890283686331
2020-03-30,789,558.922039910217
2020-03-30,310,490.426869824105
2020-03-30,713,437.589885632015
2020-03-30,367,443.191609189801
2020-03-30,568,461.495362025018
2020-03-30,736,452.118748686704
2020-03-30,369,324.266485147795
2020-03-30,279,493.825729743203
2020-03-30,437,497.079117305948
2020-03-30,533,809.119378528469
2020-03-30,552,690.269989427852
2020-03-30,567,399.439850029959
2020-03-30,392,389.17726247985
2020-03-30,436,370.115100593796
2020-03-30,506,411.781439697225
2020-03-30,453,438.244226234222
2020-03-30,439,429.044891634227
2020-03-30,339,367.099888825035
2020-03-30,451,466.002494844932
2020-03-30,189,433.786065851048
2020-03-30,413,255.017403262468
2020-03-30,538,351.902118226232
2020-03-30,263,399.302282934339
2020-03-30,574,625.524402479838
2020-03-30,552,477.941635330135
2020-03-30,487,386.013463424916
2020-03-30,409,743.320220734497
2020-03-30,457,498.128648329601
2020-03-30,934,830.923064053856
2020-03-30,616,1017.98381250675
2020-03-30,344,551.082491779436
2020-03-30,500,496.232280171973
2020-03-30,694,567.594154568044
2020-03-30,348,582.786823516022
2020-03-30,481,350.912072532966
2020-03-30,589,614.303421601526
2020-03-30,478,556.665939792552
2020-03-30,574,454.427787910106
2020-03-30,567,467.275435263465
2020-03-30,524,458.392766692326
2020-03-30,420,336.954132041199
2020-03-30,583,622.584416417312
2020-03-30,349,307.546695447921
2020-03-30,165,364.87194417989
2020-03-30,367,320.220319394443
2020-03-30,421,349.889264376236
2020-03-30,99,372.165639300294
2020-03-30,436,296.418706664639
2020-03-30,275,372.41170983079
2020-03-30,293,300.714485076296
2020-03-30,353,320.113133302782
2020-03-30,441,392.726859528931
2020-03-30,330,517.617520755665
2020-03-30,752,457.385864311996
2020-03-30,383,285.031575863019
2020-03-30,334,412.449050778354
2020-03-30,310,364.876851474396
2020-03-30,277,348.618551834129
2020-03-30,189,317.046628402463
2020-03-30,344,591.490932005918
2020-03-30,569,714.614585417734
2020-03-30,613,450.221371443512
2020-03-30,670,686.118743823208
2020-03-30,451,608.420377441892
2020-03-30,719,445.066915720638
2020-03-30,721,544.421154827986
2020-03-30,768,507.186145337223
2020-03-30,567,638.947756536268
2020-03-30,699,580.133126827367
2020-03-30,690,389.649834724423
2020-03-30,639,890.199696230723
2020-03-30,579,626.153820762021
2020-03-30,863,526.240248556496
2020-03-30,693,588.996590736812
2020-03-30,608,879.400442603698
2020-03-30,261,436.975662313714
2020-03-30,807,889.610465341211
2020-03-30,1115,672.132345869962
2020-03-30,1347,1241.73931139763
2020-03-30,1079,768.274921202899
2020-03-30,957,853.522133746462
2020-03-30,880,808.046450016053
2020-03-30,1294,1036.70554491661
2020-03-30,1200,770.245414771953
2020-03-30,1284,1179.18050265875
2020-03-30,853,1189.53152701292
2020-03-30,845,741.714154652805
2020-03-30,1130,1043.32048925169
2020-03-30,596,820.816421969044
2020-03-30,1258,1299.38173428144
2020-03-30,1317,684.348693165846
2020-03-30,1324,1059.11129882536
2020-03-30,854,813.997137416345
2020-03-30,1280,784.001715147134
2020-03-30,1173,933.070131154185
2020-03-30,939,833.439961109369
2020-03-30,1037,1010.91932921082
2020-03-30,918,856.197193973705
2020-03-30,1459,464.829721156294
2020-03-30,1057,586.066939453027
2020-03-30,1289,1224.81704318206
2020-03-30,92,172.022442799347
2020-03-30,151,205.228935733159
2020-03-30,219,144.056357534878
2020-03-30,103,179.980377928515
2020-03-30,140,161.117594485976
2020-03-30,155,93.1491585426684
2020-03-30,88,183.774642946694
2020-03-30,119,260.98468624272
2020-03-30,248,360.148081970413
2020-03-30,242,239.730563728903
2020-03-30,327,338.936944123751
2020-03-30,528,303.394332402961
2020-03-30,508,575.612811427524
2020-03-30,289,244.704470066136
2020-03-30,361,274.894874677314
2020-03-30,357,321.550916321545
2020-03-30,638,401.425002522055
2020-03-30,422,491.472559890209
2020-03-30,365,365.667142174182
2020-03-30,558,486.590434348784
2020-03-30,289,549.351071765826
2020-03-30,586,281.060820151125
2020-03-30,217,437.558095148124
2020-03-30,412,352.828427735127
2020-03-30,286,381.230343692057
2020-03-30,467,382.171133338657
2020-03-30,358,239.72835091151
2020-03-30,436,376.19833924323
2020-03-30,191,319.515621125582
2020-03-30,217,337.936336658703
2020-03-30,204,299.557407616224
2020-03-30,248,192.09839028317
2020-03-30,229,322.197237916942
2020-03-30,117,210.431766279935
2020-03-30,214,333.110391042656
2020-03-30,257,201.487035444862
2020-03-30,247,266.70080508683
2020-03-30,209,261.781442843539
2020-03-30,95,180.66077715413
2020-03-30,247,216.697788082403
2020-03-30,262,371.363494755123
2020-03-30,427,160.051685029289
2020-03-30,258,342.293316340023
2020-03-30,193,256.529544048124
2020-03-30,359,376.717261430443
2020-03-30,168,280.262585161907
2020-03-30,391,320.4298587964
2020-03-30,370,270.332131125036
2020-03-30,518,390.576980952615
2020-03-30,393,363.20525607017
2020-03-30,305,427.940831835868
2020-03-30,432,476.271844218138
2020-03-30,485,542.468304982222
2020-03-30,311,251.867849062084
2020-03-30,701,536.344360776039
2020-03-30,372,396.098721906747
2020-03-30,162,367.398240251576
2020-03-30,179,339.460840942281
2020-03-30,440,257.28828205536
2020-03-30,532,433.440011423935
2020-03-30,716,652.864661370418
2020-03-30,314,610.064463465264
2020-03-30,601,390.949309744475
2020-03-30,391,376.364906060459
2020-03-30,180,277.577335887138
2020-03-30,219,594.042590600167
2020-03-30,332,356.433948829054
2020-03-30,336,446.249132962372
2020-03-30,399,409.530758884793
2020-03-30,474,416.656839488686
2020-03-30,301,253.245858477348
2020-03-30,585,285.505840410025
2020-03-30,383,368.297667085146
2020-03-30,126,237.195016255424
2020-03-30,245,407.415329732872
2020-03-30,159,324.026497968784
2020-03-30,626,286.946726796829
2020-03-30,218,377.4659883101
2020-03-30,292,350.385400665195
2020-03-30,174,204.645498690674
2020-03-30,268,204.721224759648
2020-03-30,199,264.769456927833
2020-03-30,387,251.463383544579
2020-03-30,534,257.57974066262
2020-03-30,254,268.552397571188
2020-03-30,451,235.981465922588
2020-03-30,244,423.701863276699
2020-03-30,144,208.509834966288
2020-03-30,1124,240.409810711382
2020-03-30,233,204.442987002985
2020-03-30,319,385.629251359729
2020-03-30,315,323.297620924242
2020-03-30,110,320.220267243841
2020-03-30,276,238.660708019138
2020-03-30,204,256.167446811833
2020-03-30,232,337.909248190417
2020-03-30,0,152.425153008867
2020-03-30,686,508.050173615054
2020-03-30,633,488.226822147615
2020-03-30,538,546.9346838269
2020-03-30,490,629.925844293685
2020-03-30,650,528.569428396049
2020-03-30,341,388.524815473857
2020-03-30,326,530.874834671197
2020-03-30,416,451.654112914522
2020-03-30,521,611.689657884881
2020-03-30,676,817.275694666593
2020-03-30,719,563.967037311865
2020-03-30,769,487.586618756254
2020-03-30,737,738.109275789968
2020-03-30,298,486.29230892251
2020-03-30,780,407.367513006946
2020-03-30,410,421.142046639735
2020-03-30,579,490.197847543429
2020-03-30,535,647.771199982204
2020-03-30,612,574.212873571445
2020-03-30,359,464.155511619308
2020-03-30,310,321.3384654015
2020-03-30,488,487.562080011973
2020-03-30,372,369.981253787527
2020-03-30,459,522.41217612068
2020-03-30,543,717.026433862842
2020-03-30,1630,916.601089779788
2020-03-30,725,704.223422860666
2020-03-30,692,573.87439422529
2020-03-30,478,573.052317862362
2020-03-30,723,621.609599235108
2020-03-30,425,302.176649175979
2020-03-30,411,413.102554486868
2020-03-30,401,563.062285371412
2020-03-30,238,448.7585146426
2020-03-30,884,520.011409301006
2020-03-30,210,348.125562900016
2020-03-30,287,280.637917761779
2020-03-30,175,225.546748455674
2020-03-30,386,411.102810815683
2020-03-30,302,431.486527793736
2020-03-30,136,320.957939740871
2020-03-30,136,320.382049706059
2020-03-30,204,247.41942537284
2020-03-30,278,268.838904623114
2020-03-30,307,156.736255080007
2020-03-30,186,319.175212745423
2020-03-30,296,337.690723012318
2020-03-30,0,91.8111285696434
2020-03-30,752,632.663706412772
2020-03-30,654,652.998148892034
2020-03-30,591,985.614578152097
2020-03-30,1091,707.368500211469
2020-03-30,1406,850.564850879932
2020-03-30,443,673.798089314597
2020-03-30,474,921.069180550801
2020-03-30,1776,1034.33392440127
2020-03-30,698,1250.53209484119
2020-03-30,1237,1599.54043039435
2020-03-30,606,469.007200716198
2020-03-30,827,909.842514812299
2020-03-30,505,909.996842331189
2020-03-30,576,670.076660478602
2020-03-30,905,497.258560383832
2020-03-30,879,810.921220615638
2020-03-30,1202,910.834361546039
2020-03-30,546,761.024694376838
2020-03-30,788,876.433295476857
2020-03-30,931,1043.4053907625
2020-03-30,724,744.886394630794
2020-03-30,565,533.339207193965
2020-03-30,641,1026.6540855933
2020-03-30,530,939.014226539474
2020-03-30,594,797.993477095915
2020-03-30,665,502.168791428583
2020-03-30,1100,797.036282472347
2020-03-30,723,1112.11062455382
2020-03-30,928,638.497709365787
2020-03-30,631,818.437205208137
2020-03-30,926,594.079025735163
2020-03-30,786,879.573303189932
2020-03-30,609,390.089477012317
2020-03-30,673,577.56062820328
2020-03-30,521,694.574899778727
2020-03-30,383,753.463897465761
2020-03-30,980,602.070402744477
2020-03-30,437,583.254068888805
2020-03-30,1234,922.187425297557
2020-03-30,611,813.253611220186
2020-03-30,809,621.360175788681
2020-03-30,500,398.876164549928
2020-03-30,600,424.74714693771
2020-03-30,762,211.520308643173
2020-03-30,401,514.343147896316
2020-03-30,921,1036.72784234787
2020-03-30,1035,619.011224656588
2020-03-30,997,953.779883224728
2020-03-30,1106,844.630693175069
2020-03-30,885,742.206413914489
2020-03-30,997,963.039461185994
2020-03-30,1414,1058.07099936403
2020-03-30,516,1053.82718370415
2020-03-30,753,745.360641290939
2020-03-30,1085,1028.65638997764
2020-03-30,637,811.440815315594
2020-03-30,878,1059.58840839701
2020-03-30,1269,980.81017535334
2020-03-30,626,647.830379356533
2020-03-30,1013,629.295197743243
2020-03-30,788,846.464765014141
2020-03-30,422,576.731038141081
2020-03-30,358,555.591129700869
2020-03-30,574,661.054952165659
2020-03-30,385,289.365765261397
2020-03-30,492,343.924654521031
2020-03-30,414,301.071295613287
2020-03-30,564,680.520226975995
2020-03-30,326,472.628340724954
2020-03-30,1003,751.162622022136
2020-03-30,563,796.370408043931
2020-03-30,1236,1406.09594850146
2020-03-30,519,1415.49581026439
2020-03-30,567,690.444548034611
2020-03-30,924,678.312484135422
2020-03-30,673,793.038667712717
2020-03-30,534,628.319889493328
2020-03-30,597,809.533627893274
2020-03-30,1177,581.195033111097
2020-03-30,647,666.215164108189
2020-03-30,910,745.695945301642
2020-03-30,794,1130.70138589149
2020-03-30,648,740.849195407808
2020-03-30,913,963.145573267363
2020-03-30,653,909.707578744953
2020-03-30,285,246.765786129647
2020-03-30,355,257.935542302502
2020-03-30,91,244.377272774259
2020-03-30,481,347.708602787033
2020-03-30,327,276.017456314177
2020-03-30,65,345.791187598479
2020-03-30,270,283.344059042081
2020-03-30,415,204.536036757327
2020-03-30,210,186.558998849164
2020-03-30,146,188.154323785744
2020-03-30,244,142.556464954994
2020-03-30,220,190.502030800293
2020-03-30,100,162.776397937117
2020-03-30,180,174.54764257659
2020-03-30,107,180.086177456642
2020-03-30,201,194.734292048267
2020-03-30,234,201.980209554068
2020-03-30,268,302.839520060738
2020-03-30,152,194.790266126975
2020-03-30,87,154.270469479853
2020-03-30,212,115.452169080417
2020-03-30,136,118.250636900389
2020-03-30,50,102.97454962344
2020-03-30,563,156.359721189357
2020-03-30,65,208.468668777858
2020-03-30,140,178.895172660087
2020-03-30,81,170.481019321886
2020-03-30,123,179.443573350014
2020-03-30,93,239.696351418514
2020-03-30,35,75.3087965530442
2020-03-30,16,42.5976271915837
2020-03-30,100,100.269786615939
2020-03-30,124,142.074957299663
2020-03-30,135,193.61991700637
2020-03-30,156,112.728249839369
2020-03-30,134,101.943326874488
2020-03-30,117,128.053434887957
2020-03-30,162,106.826314743405
2020-03-30,91,86.4707880741775
2020-03-30,181,143.193683912903
2020-03-30,125,116.959467262925
2020-03-30,188,171.558257694435
2020-03-30,164,161.48918953094
2020-03-30,144,130.04558352001
2020-03-30,150,139.877573533755
2020-03-30,81,90.6528420011975
2020-03-30,93,160.498031949664
2020-03-30,158,214.09905708263
2020-03-30,214,117.594333452225
2020-03-30,141,146.514171946051
2020-03-30,88,163.707269158699
2020-03-30,64,188.009087864594
2020-03-30,188,164.462271255189
2020-03-30,114,198.423700024149
2020-03-30,61,173.688225423502
2020-03-30,272,155.892031655567
2020-03-30,29,143.719451928517
2020-03-30,43,127.885002342156
2020-03-30,239,208.006136771007
2020-03-30,235,219.589282581383
2020-03-30,268,227.990737348284
2020-03-30,139,295.567435839947
2020-03-30,176,546.192109044792
2020-03-30,427,224.495730636235
2020-03-30,222,230.727298571356
2020-03-30,247,187.543040249432
2020-03-30,144,184.161405335908
2020-03-30,279,224.870304031052
2020-03-30,175,217.235454524872
2020-03-30,259,371.499434206899
2020-03-30,366,374.274661632177
2020-03-30,266,340.472786174944
2020-03-30,612,676.561346377426
2020-03-30,651,442.351144443512
2020-03-30,319,606.769947971822
2020-03-30,336,292.315535450364
2020-03-30,117,243.355221717712
2020-03-30,180,223.689885899339
2020-03-30,282,366.67477234191
2020-03-30,348,293.665472864184
2020-03-30,48,150.134205996128
2020-03-30,453,260.722154123298
2020-03-30,312,250.489000422903
2020-03-30,166,468.118916064333
2020-03-30,183,214.444104420574
2020-03-30,94,144.388122776825
2020-03-30,164,139.022532172341
2020-03-30,154,215.089786945903
2020-03-30,326,200.068605946716
2020-03-30,124,398.565331413542
2020-03-30,476,327.630068351131
2020-03-30,316,352.697775193619
2020-03-30,450,325.732333846297
2020-03-30,170,231.499299736243
2020-03-30,286,299.089659662206
2020-03-30,314,271.144004584149
2020-03-30,215,285.829144208514
2020-03-30,142,284.550212739187
2020-03-30,405,311.461135295412
2020-03-30,190,336.008464694413
2020-03-30,288,303.00254270456
2020-03-30,199,175.183196576291
2020-03-30,213,268.825387263766
2020-03-30,244,334.815791384989
2020-03-30,310,184.598650123604
2020-03-30,117,270.020310905069
2020-03-30,334,422.516952991364
2020-03-30,407,246.84589974003
2020-03-30,235,354.800124106443
2020-03-30,361,286.257726205366
2020-03-30,394,334.456720659068
2020-03-30,429,353.62654686271
2020-03-30,319,415.465279545104
2020-03-30,621,277.259521716904
2020-03-30,555,495.979837866166
2020-03-30,180,430.22507647015
2020-03-30,344,503.075821064519
2020-03-30,565,481.681872253107
2020-03-30,368,324.159735444958
2020-03-30,460,307.853113425519
2020-03-30,240,505.080538978683
2020-03-30,232,286.481245098179
2020-03-30,437,317.472933226752
2020-03-30,346,215.001833596013
2020-03-30,100,426.821743534082
2020-03-30,129,282.969966784323
2020-03-30,366,497.961026710828
2020-03-30,301,271.84729738886
2020-03-30,422,494.990767278115
2020-03-30,513,424.958378688163
2020-03-30,384,355.677972754714
2020-03-30,230,423.363224336809
2020-03-30,347,284.750131955062
2020-03-30,444,343.276564242027
2020-03-30,269,346.866924009797
2020-03-30,341,367.410063632616
2020-03-30,1495,1106.88011540578
2020-03-30,735,1028.02879787542
2020-03-30,1320,920.097110332891
2020-03-30,886,1999.18967959505
2020-03-30,897,618.924992201125
2020-03-30,287,593.086696550778
2020-03-30,1491,1342.31965768046
2020-03-30,749,877.209068072103
2020-03-30,613,534.622736003625
2020-03-30,1175,796.1145654006
2020-03-30,1520,999.646484555182
2020-03-30,568,548.669561809633
2020-03-30,640,532.514552761707
2020-03-30,224,216.02558872818
2020-03-30,330,292.434632724111
2020-03-30,236,341.581188557852
2020-03-30,501,231.200522880556
2020-03-30,146,166.379547258587
2020-03-30,159,217.3113374468
2020-03-30,285,239.213067360428
2020-03-30,316,270.083637351278
2020-03-30,372,312.610376386585
2020-03-30,519,432.423762840137
2020-03-30,476,458.67167724137
2020-03-30,284,678.153553157722
2020-03-30,533,854.335033001867
2020-03-30,581,638.623851166815
2020-03-30,599,526.534381696884
2020-03-30,808,765.541037938744
2020-03-30,625,389.164773691234
2020-03-30,534,660.923752463136
2020-03-30,481,551.540468991806
2020-03-30,775,753.14745878929
2020-03-30,673,516.566903815877
2020-03-30,467,505.768617936291
2020-03-30,371,542.904877669224
2020-03-30,326,507.353050358848
2020-03-30,550,550.836470132847
2020-03-30,536,425.115025598314
2020-03-30,955,741.284607977057
2020-03-30,264,489.524889489243
2020-03-30,699,693.719589267671
2020-03-30,1321,1548.45458722064
2020-03-30,2030,1304.01749557011
2020-03-30,475,558.917711011059
2020-03-30,833,1004.04125064653
2020-03-30,599,736.418586384239
2020-03-30,727,977.575153894399
2020-03-30,387,791.789008886259
2020-03-30,631,774.861404707695
2020-03-30,1083,614.536561810888
2020-03-30,1200,1045.33905426693
2020-03-30,598,878.573923518961
2020-03-30,737,995.818870355274
2020-03-30,504,354.47842346296
2020-03-30,572,575.420592290379
2020-03-30,1012,881.486504414914
2020-03-30,629,767.423221866644
2020-03-30,1135,1021.44680828158
2020-03-30,947,952.816512902248
2020-03-30,413,469.61391921274
2020-03-30,711,356.502078483043
2020-03-30,707,702.323665566515
2020-03-30,171,217.215585873058
2020-03-30,327,208.784729054948
2020-03-30,217,143.809562894139
2020-03-30,220,271.242401829786
2020-03-30,50,145.685899320496
2020-03-30,1422,890.237210952726
2020-03-30,577,980.892695999246
2020-03-30,1556,1451.76100984953
2020-03-30,1063,849.725125341043
2020-03-30,1703,1269.93132897545
2020-03-30,1087,1234.51097993473
2020-03-30,501,682.801962921358
2020-03-30,928,1314.16029085782
2020-03-30,704,656.859510627462
2020-03-30,1075,1017.80690330741
2020-03-30,491,439.905253872337
2020-03-30,1954,1199.40826592197
2020-03-30,1692,1049.19874901492
2020-03-30,870,1160.90197586671
2020-03-30,282,644.352081001691
2020-03-30,918,718.408565669648
2020-03-30,998,720.939127464208
2020-03-30,415,496.184280101661
2020-03-30,335,616.764583767987
2020-03-30,548,580.626706753132
2020-03-30,379,422.801558269109
2020-03-30,359,459.66274753386
2020-03-30,454,541.274316408225
2020-03-30,738,658.959110087421
2020-03-30,475,490.919496579624
2020-03-30,312,498.302853061861
2020-03-30,641,591.059615445474
2020-03-30,695,620.813279498563
2020-03-30,523,332.594150825112
2020-03-30,273,350.45215657382
2020-03-30,148,206.60726728882
2020-03-30,487,381.388943144989
2020-03-30,344,334.516982230302
2020-03-30,415,502.920930042575
2020-03-30,443,299.068922703671
2020-03-30,510,642.606356141603
2020-03-30,368,857.232691030953
2020-03-30,322,586.755245102549
2020-03-30,378,422.065798040593
2020-03-30,429,251.002665858345
2020-03-30,566,362.120287184435
2020-03-30,599,604.185040367739
2020-03-30,581,462.743645702635
2020-03-30,559,701.165494007022
2020-03-30,539,729.250153811348
2020-03-30,686,546.028948416757
2020-03-30,649,576.0146509603
2020-03-30,546,684.184611897049
2020-03-30,650,520.556162035536
2020-03-30,668,828.241656528281
2020-03-30,552,431.98370873176
2020-03-30,638,645.354774094982
2020-03-30,520,404.71223454004
2020-03-30,129,408.059668898934
2020-03-30,459,476.371256789977
2020-03-30,293,620.196074091864
2020-03-30,686,650.816670874114
2020-03-30,1084,913.015997413051
2020-03-30,378,950.56066376027
2020-03-30,628,930.350769914662
2020-03-30,389,893.677392350381
2020-03-30,727,1061.74077530553
2020-03-30,469,345.376657975934
2020-03-30,893,673.459837696571
2020-03-30,327,451.954320656315
2020-03-30,851,479.526268736013
2020-03-30,526,859.76609744683
2020-03-30,388,1105.77562298134
2020-03-30,601,464.367363852865
2020-03-30,727,579.584600878145
2020-03-30,939,854.079155848345
2020-03-30,780,687.542875537582
2020-03-30,761,499.490264221064
2020-03-30,613,794.245737595804
2020-03-30,586,796.693688289417
2020-03-30,463,613.888925980656
2020-03-30,696,426.8553470566
2020-03-30,397,411.508168272203
2020-03-30,644,592.406826921712
2020-03-30,320,291.648467914994
2020-03-30,426,540.837131136935
2020-03-30,737,1124.19432054183
2020-03-30,1228,1189.31724346406
2020-03-30,1234,1190.56509641238
2020-03-30,2010,1184.75301254025
2020-03-30,840,1009.02778542597
2020-03-30,1174,1552.06192276924
2020-03-30,519,627.436527719164
2020-03-30,1882,1919.70765335477
2020-03-30,3075,855.389816900803
2020-03-30,2432,1344.30035112815
2020-03-30,3014,1815.44689790883
2020-03-30,1771,1086.05299881461
2020-03-30,2605,1059.45972902601
2020-03-30,1392,856.76193200836
2020-03-30,944,901.897210693443
2020-03-30,865,717.68806072781
2020-03-30,596,710.928507227588
2020-03-30,596,703.708023470335
2020-03-30,1111,855.653322821099
2020-03-30,522,955.317245283399
2020-03-30,918,1021.6161703797
2020-03-30,925,1031.6466412779
2020-03-30,312,700.937757998224
2020-03-30,665,761.133067326303
2020-03-30,2446,1196.8159595939
2020-03-30,500,490.395856109429
2020-03-30,1853,1657.34264737175
2020-03-30,1270,1063.00165927085
2020-03-30,1580,975.754540406186
2020-03-30,296,383.132189105571
2020-03-30,693,875.382222221565
2020-03-30,1074,1104.36484413105
2020-03-30,512,862.76134264509
2020-03-30,819,492.738630746853
2020-03-30,589,1163.59557261812
2020-03-30,1448,480.609766518522
2020-03-30,1335,895.373448442881
2020-03-30,548,636.372004316765
2020-03-30,485,593.474208455939
2020-03-30,304,191.921198550335
2020-03-30,1162,882.785787098534
2020-03-30,911,754.435740946513
2020-03-30,633,672.891242868019
2020-03-30,521,725.683004041946
2020-03-30,348,532.310638698499
2020-03-30,992,690.99964290758
2020-03-30,769,506.845634858274
2020-03-30,455,638.07487707976
2020-03-30,430,827.65361329346
2020-03-30,1915,1287.48989327002
2020-03-30,3442,1249.1111147229
2020-03-30,661,1020.16976298097
2020-03-30,1280,864.936161502728
2020-03-30,977,1798.68371915794
2020-03-30,1229,1173.56603366507
2020-03-30,1383,1050.76729697131
2020-03-30,581,1197.33145505182
2020-03-30,668,772.326899283762
2020-03-30,893,955.560689232188
2020-03-30,1319,752.278134780216
2020-03-30,2565,1707.40734028794
2020-03-30,2238,956.492136003709
2020-03-30,1447,1248.76011799779
2020-03-30,1043,771.073273695372
2020-03-30,2077,1127.41442385271
2020-03-30,433,728.73096012462
2020-03-30,547,699.925067461924
2020-03-30,1341,670.906014776266
2020-03-30,1194,951.428546439663
2020-03-30,815,285.924874800268
2020-03-30,458,553.421971307853
2020-03-30,573,125.583553965093
2020-03-30,327,153.50628025384
2020-03-30,843,1097.86546247946
2020-03-30,466,415.550940482716
2020-03-30,361,412.449521560742
2020-03-30,600,772.528690906356
2020-03-30,1012,250.819493983251
2020-03-30,405,174.009521878706
2020-03-30,262,383.543235010454
2020-03-30,1567,1302.20296563184
2020-03-30,1164,780.832615910737
2020-03-30,921,1094.02185916316
2020-03-30,1318,976.322710659771
2020-03-30,303,786.920167273757
2020-03-30,1572,879.88448875121
2020-03-30,1078,1003.44288724381
2020-03-30,744,868.231594841098
2020-03-30,583,662.380305053195
2020-03-30,1789,1528.97367594495
2020-03-30,1578,1756.47489063157
2020-03-30,670,797.476045245016
2020-03-30,738,1637.83165053081
2020-03-30,3094,1720.66498615549
2020-03-30,2364,1117.63083185796
2020-03-30,2521,1241.24925581316
2020-03-30,601,1912.89769428033
2020-03-30,1044,1249.23007105562
2020-03-30,825,1295.43498148447
2020-03-30,1047,1028.89525809818
2020-03-30,983,1045.61759171219
2020-03-30,1840,1544.82372228372
2020-03-30,416,1076.15076368755
2020-03-30,3104,1653.53047441374
2020-03-30,1020,989.144882028979
2020-03-30,1464,948.261489492018
2020-03-30,928,975.371230573945
2020-03-30,629,741.457452232601
2020-03-30,1823,647.612290238155
2020-03-30,749,981.150907898097
2020-03-30,875,986.343373222203
2020-03-30,1064,1190.17838733532
2020-03-30,546,763.469474938242
2020-03-30,1034,479.188136064405
2020-03-30,824,461.851019829959
2020-03-30,658,542.684796433042
2020-03-30,804,958.987632297581
2020-03-30,1114,949.740151531396
2020-03-30,1436,766.369543959892
2020-03-30,892,848.991229649254
2020-03-30,733,644.605269882384
2020-03-30,597,395.059206655151
2020-03-30,465,708.194250135755
2020-03-30,592,1339.81184805141
2020-03-30,344,730.840084547159
2020-03-30,872,598.507530201919
2020-03-30,534,665.672737341592
2020-03-30,504,553.959416910398
2020-03-30,471,1004.2647447885
2020-03-30,961,821.509762443653
2020-03-30,508,426.903745816547
2020-03-30,617,486.868098185346
2020-03-30,475,920.322757373054
2020-03-30,803,643.100279648893
2020-03-30,703,991.675366403538
2020-03-30,607,610.525644106699
2020-03-30,347,438.818814434703
2020-03-30,1031,1254.11836618545
2020-03-30,904,1163.67511579325
2020-03-30,257,585.212412949492
2020-03-30,503,227.081353655169
2020-03-30,641,594.958517738847
2020-03-30,669,1125.64562199917
2020-03-30,821,603.710450345039
2020-03-30,277,723.5209461251
2020-03-30,350,641.770674692081
2020-03-30,1022,703.561212392115
2020-03-30,568,712.713355749241
2020-03-30,1305,769.878201944491
2020-03-30,1558,1669.78767191258
2020-03-30,950,905.334065269963
2020-03-30,1010,728.131351800132
2020-03-30,897,869.034914851682
2020-03-30,697,1099.27361182173
2020-03-30,810,1321.50267653893
2020-03-30,909,1232.20304712761
2020-03-30,944,881.002006558771
2020-03-30,1435,888.546151484984
2020-03-30,886,812.496476755134
2020-03-30,1142,1032.57255783066
2020-03-30,1356,1020.42889392784
2020-03-30,1068,1155.24098760286
2020-03-30,1094,995.825922608941
2020-03-30,1263,756.114007501825
2020-03-31,645,754.685550329499
2020-03-31,267,716.670162180985
2020-03-31,346,733.272827514554
2020-03-31,389,1232.15480747785
2020-03-31,578,492.205722896313
2020-03-31,398,816.533557574938
2020-03-31,382,316.784475968744
2020-03-31,309,630.397583541303
2020-03-31,619,556.316006502509
2020-03-31,451,448.573275766018
2020-03-31,366,470.599243068065
2020-03-31,982,400.782837790504
2020-03-31,842,539.011928572448
2020-03-31,905,395.16411272836
2020-03-31,740,138.037320478456
2020-03-31,1016,982.769934683779
2020-03-31,718,638.6098301692
2020-03-31,871,580.465746826293
2020-03-31,223,719.789219414868
2020-03-31,1704,1220.79035157665
2020-03-31,1456,505.12485161182
2020-03-31,1027,1202.93726031601
2020-03-31,1132,709.01057343809
2020-03-31,1445,727.346981154135
2020-03-31,1194,825.237351360284
2020-03-31,1461,776.228911498034
2020-03-31,789,1816.72308969968
2020-03-31,441,1065.89999556768
2020-03-31,362,583.411596561245
2020-03-31,745,1382.3169948519
2020-03-31,582,1222.28390260057
2020-03-31,1143,815.538714176893
2020-03-31,1381,668.610342943477
2020-03-31,1331,1096.63167833649
2020-03-31,1059,443.569752562721
2020-03-31,938,1554.40936072697
2020-03-31,922,702.730250903245
2020-03-31,913,1318.01943927484
2020-03-31,1320,1175.57191672508
2020-03-31,1938,1272.75283134588
2020-03-31,1011,806.864315562225
2020-03-31,509,718.996080349994
2020-03-31,1092,623.045522190877
2020-03-31,374,444.602868172216
2020-03-31,680,1149.71178979309
2020-03-31,1021,779.580488729279
2020-03-31,1232,779.545562665482
2020-03-31,973,609.007145574242
2020-03-31,552,1178.80825222685
2020-03-31,632,832.408026561217
2020-03-31,862,530.106194841966
2020-03-31,950,842.133468088815
2020-03-31,828,546.598185774999
2020-03-31,1697,1148.78702637634
2020-03-31,1104,1420.15858853659
2020-03-31,2231,1746.31045134289
2020-03-31,1445,1259.08502372472
2020-03-31,1109,1275.52856889625
2020-03-31,2055,1190.36871340346
2020-03-31,722,1607.33321982022
2020-03-31,1340,1255.13651056385
2020-03-31,3266,1555.94022947252
2020-03-31,1237,1066.22458305501
2020-03-31,1035,1611.20058156816
2020-03-31,2129,923.240490404075
2020-03-31,1526,1526.02556704092
2020-03-31,1242,1095.43471246717
2020-03-31,1885,1031.24585625654
2020-03-31,1430,1286.33605469708
2020-03-31,388,943.231393214019
2020-03-31,686,1547.61706670765
2020-03-31,971,963.786104143343
2020-03-31,952,783.193049765843
2020-03-31,763,774.202942415011
2020-03-31,907,899.504019508637
2020-03-31,1450,931.247760872272
2020-03-31,856,1391.33763714764
2020-03-31,1244,981.024465617346
2020-03-31,1573,1106.58478878652
2020-03-31,200,410.267406863458
2020-03-31,321,347.571120761213
2020-03-31,394,265.624377922141
2020-03-31,434,198.278806182248
2020-03-31,526,429.68869877415
2020-03-31,234,291.170377222807
2020-03-31,400,320.772132596422
2020-03-31,424,385.338825339053
2020-03-31,372,456.379606923795
2020-03-31,739,335.593171233244
2020-03-31,465,582.167859034751
2020-03-31,656,610.429531477003
2020-03-31,1192,512.854318218193
2020-03-31,635,612.180132291998
2020-03-31,583,580.217642130219
2020-03-31,164,293.955298282543
2020-03-31,578,429.326155513532
2020-03-31,272,340.664759272306
2020-03-31,424,415.862299764861
2020-03-31,371,409.145848254276
2020-03-31,301,340.229432380971
2020-03-31,387,301.721074615306
2020-03-31,438,544.669476600242
2020-03-31,550,457.45882652663
2020-03-31,545,520.99766523265
2020-03-31,616,469.184609847954
2020-03-31,423,334.200199970272
2020-03-31,385,158.011071393606
2020-03-31,276,247.598133535388
2020-03-31,244,376.926634702254
2020-03-31,453,376.912668709792
2020-03-31,194,555.114780866251
2020-03-31,748,478.714472364957
2020-03-31,225,396.306533276267
2020-03-31,464,595.477833231361
2020-03-31,418,1294.2416198049
2020-03-31,1234,980.197236556985
2020-03-31,556,596.998796731062
2020-03-31,480,612.321302909787
2020-03-31,591,654.506834160667
2020-03-31,832,634.527905433008
2020-03-31,426,420.021699562945
2020-03-31,149,434.447158236808
2020-03-31,666,513.778708444056
2020-03-31,123,601.20417326704
2020-03-31,243,469.124482591839
2020-03-31,474,1002.14886004803
2020-03-31,833,499.304834259114
2020-03-31,660,358.835767658601
2020-03-31,0,450.264541544435
2020-03-31,1225,1259.62985907773
2020-03-31,1310,825.126658989861
2020-03-31,443,962.994812934006
2020-03-31,734,587.412138799163
2020-03-31,643,1034.31342470337
2020-03-31,792,827.510722832674
2020-03-31,1096,947.877315751813
2020-03-31,1040,826.596814587865
2020-03-31,878,1028.59130613156
2020-03-31,1649,1157.90679994583
2020-03-31,173,715.21787609945
2020-03-31,797,657.48263855914
2020-03-31,754,929.144257074204
2020-03-31,645,804.341647293865
2020-03-31,1161,1027.21636778811
2020-03-31,1010,712.123279488754
2020-03-31,1386,858.081033966763
2020-03-31,920,802.933851851123
2020-03-31,1226,914.14371041852
2020-03-31,1074,850.278981021373
2020-03-31,616,561.382224874367
2020-03-31,633,501.538177308962
2020-03-31,839,880.502042249099
2020-03-31,726,901.754052222159
2020-03-31,681,1088.24754589101
2020-03-31,1004,1213.3034321244
2020-03-31,1145,1078.59406507252
2020-03-31,1031,951.360172898586
2020-03-31,672,605.095416878842
2020-03-31,846,742.191310196623
2020-03-31,898,768.61036525093
2020-03-31,994,683.378741479755
2020-03-31,621,516.709936788098
2020-03-31,335,546.786013540348
2020-03-31,485,455.236403537935
2020-03-31,408,481.503656045834
2020-03-31,468,694.214442970202
2020-03-31,525,775.976918242004
2020-03-31,615,710.426150660342
2020-03-31,771,590.462392218602
2020-03-31,396,688.101425717259
2020-03-31,711,719.217638292759
2020-03-31,761,529.987203501183
2020-03-31,292,474.820064494991
2020-03-31,739,421.546629093303
2020-03-31,333,435.221070734707
2020-03-31,514,437.275091348848
2020-03-31,717,429.819063823918
2020-03-31,364,312.952859787338
2020-03-31,267,481.043908681313
2020-03-31,391,489.189346756819
2020-03-31,521,783.215376794862
2020-03-31,511,666.037392740132
2020-03-31,550,377.684162603238
2020-03-31,369,374.916209210238
2020-03-31,441,346.897385538992
2020-03-31,474,408.195744596393
2020-03-31,462,436.48105411501
2020-03-31,474,412.461448182077
2020-03-31,333,363.858520208017
2020-03-31,467,446.397265305223
2020-03-31,196,415.101519543378
2020-03-31,387,241.144306044844
2020-03-31,517,341.554523941837
2020-03-31,258,374.900047664831
2020-03-31,560,602.579687520763
2020-03-31,511,462.926500037775
2020-03-31,453,374.803071841915
2020-03-31,380,730.441531158372
2020-03-31,449,482.09682626878
2020-03-31,935,806.06433770857
2020-03-31,600,986.975041268822
2020-03-31,337,530.062586919143
2020-03-31,488,471.457027606823
2020-03-31,637,542.758369062195
2020-03-31,337,548.293572411658
2020-03-31,434,327.478608172275
2020-03-31,521,580.184169537409
2020-03-31,406,527.121959263408
2020-03-31,541,419.639768686458
2020-03-31,529,443.596677970076
2020-03-31,492,434.907714967892
2020-03-31,363,318.84932917935
2020-03-31,624,591.915383134807
2020-03-31,337,281.434076253969
2020-03-31,170,346.200684600731
2020-03-31,363,296.186944986999
2020-03-31,382,336.657864070127
2020-03-31,84,349.512157255534
2020-03-31,380,284.830430066539
2020-03-31,272,365.305362901222
2020-03-31,287,279.030736687388
2020-03-31,351,313.748791933561
2020-03-31,433,376.204776596863
2020-03-31,334,506.492144188909
2020-03-31,717,441.207565180816
2020-03-31,373,275.262920963538
2020-03-31,312,393.485975883346
2020-03-31,285,351.34350460887
2020-03-31,277,335.766647773387
2020-03-31,186,311.76317872502
2020-03-31,359,559.998540542451
2020-03-31,535,691.518513476045
2020-03-31,542,427.892767082554
2020-03-31,655,669.035806350222
2020-03-31,462,591.879682847852
2020-03-31,655,415.823601305269
2020-03-31,641,511.323703881345
2020-03-31,753,483.729274573381
2020-03-31,579,618.211147272411
2020-03-31,644,555.629166147194
2020-03-31,641,380.395649672057
2020-03-31,600,863.647662085043
2020-03-31,546,596.166819620079
2020-03-31,850,496.925071401987
2020-03-31,646,569.834616173429
2020-03-31,567,853.984501081084
2020-03-31,248,417.047994902212
2020-03-31,822,864.753333909526
2020-03-31,1074,652.852684615094
2020-03-31,1364,1219.05080870749
2020-03-31,1159,772.864614533306
2020-03-31,948,851.253259531312
2020-03-31,898,821.510985627229
2020-03-31,1297,1069.4439466988
2020-03-31,1259,808.281025628174
2020-03-31,1227,1198.41840961207
2020-03-31,897,1187.81653267382
2020-03-31,889,783.264404757559
2020-03-31,1301,1090.66649982671
2020-03-31,669,861.127863179374
2020-03-31,1397,1343.34232809076
2020-03-31,1386,706.511469407091
2020-03-31,1422,1065.43316241597
2020-03-31,803,841.87518448842
2020-03-31,1335,822.807858666725
2020-03-31,1292,972.712922418116
2020-03-31,967,837.947613238792
2020-03-31,1027,1016.97922210224
2020-03-31,955,883.489100647641
2020-03-31,1369,430.347625316768
2020-03-31,994,548.995770987372
2020-03-31,1177,1147.31648090018
2020-03-31,87,165.402613310067
2020-03-31,137,196.248607947614
2020-03-31,223,131.917601475922
2020-03-31,96,168.725234462238
2020-03-31,133,154.39340415006
2020-03-31,121,91.375731079518
2020-03-31,96,174.534301954447
2020-03-31,99,254.043502032195
2020-03-31,234,348.20353915977
2020-03-31,240,231.18002668158
2020-03-31,335,338.789635512755
2020-03-31,559,301.383936887743
2020-03-31,469,571.958838729337
2020-03-31,270,240.023258159696
2020-03-31,361,265.412993722917
2020-03-31,359,319.510419936223
2020-03-31,576,395.997804632691
2020-03-31,384,479.491540263328
2020-03-31,346,358.221920529392
2020-03-31,577,470.151975235441
2020-03-31,319,532.139644393788
2020-03-31,580,271.937747681835
2020-03-31,200,422.537942182052
2020-03-31,412,333.947103145913
2020-03-31,270,371.605583401774
2020-03-31,449,371.216278701707
2020-03-31,367,232.771663140138
2020-03-31,460,363.98686102311
2020-03-31,201,310.799490530467
2020-03-31,202,329.896915901891
2020-03-31,191,297.89130013618
2020-03-31,199,190.447230888763
2020-03-31,235,305.427614540638
2020-03-31,118,210.604765806137
2020-03-31,208,325.880538529522
2020-03-31,269,193.709170104131
2020-03-31,226,259.717965442436
2020-03-31,201,248.297396925041
2020-03-31,86,175.199222823477
2020-03-31,238,207.287319108973
2020-03-31,246,355.80625656786
2020-03-31,397,151.726914719493
2020-03-31,244,324.017837432928
2020-03-31,188,243.481766914214
2020-03-31,336,359.838708394509
2020-03-31,154,270.12723318019
2020-03-31,378,308.509604881236
2020-03-31,382,258.993025437553
2020-03-31,493,369.721699877928
2020-03-31,387,356.452898380939
2020-03-31,330,409.05401941049
2020-03-31,413,444.156138497468
2020-03-31,451,509.764457555035
2020-03-31,336,244.842427177809
2020-03-31,656,518.158250182432
2020-03-31,331,383.198753728267
2020-03-31,161,355.753439061947
2020-03-31,154,325.623931713769
2020-03-31,437,244.933695365005
2020-03-31,479,409.494410064448
2020-03-31,699,603.587746748454
2020-03-31,299,578.19462680165
2020-03-31,564,375.661305756914
2020-03-31,343,355.587509356003
2020-03-31,166,258.275738213255
2020-03-31,210,558.306508739071
2020-03-31,304,337.903141431551
2020-03-31,320,418.153403695476
2020-03-31,399,381.982648577311
2020-03-31,430,404.707342514585
2020-03-31,265,242.305136605203
2020-03-31,571,269.167726076494
2020-03-31,343,347.919016083374
2020-03-31,119,224.206129013911
2020-03-31,259,382.265648651048
2020-03-31,172,306.340084294379
2020-03-31,563,277.769496982323
2020-03-31,198,356.23262978587
2020-03-31,289,327.460341511712
2020-03-31,174,192.748110213219
2020-03-31,243,194.228809723972
2020-03-31,176,252.683554095488
2020-03-31,380,234.198412594702
2020-03-31,495,248.988692678737
2020-03-31,259,251.256682421566
2020-03-31,413,227.751773927486
2020-03-31,245,403.81385137537
2020-03-31,139,202.154343623068
2020-03-31,1106,226.705158529322
2020-03-31,215,193.968444130264
2020-03-31,290,369.837203776172
2020-03-31,302,300.0222052744
2020-03-31,94,307.015080584782
2020-03-31,267,223.009597305301
2020-03-31,183,244.397380110125
2020-03-31,220,321.776246436864
2020-03-31,0,143.045797057068
2020-03-31,704,472.071575447704
2020-03-31,584,457.479307000294
2020-03-31,510,515.047958301732
2020-03-31,469,588.545847372898
2020-03-31,592,497.752420221171
2020-03-31,284,362.393408029896
2020-03-31,278,504.007018384315
2020-03-31,388,427.015924514144
2020-03-31,506,580.572575336054
2020-03-31,632,787.986981985407
2020-03-31,668,531.446468664063
2020-03-31,761,463.449793015812
2020-03-31,710,707.81206074748
2020-03-31,262,455.543873045342
2020-03-31,714,381.255501339775
2020-03-31,411,400.511487289071
2020-03-31,551,462.96328313171
2020-03-31,500,611.180212068123
2020-03-31,560,539.523338445243
2020-03-31,350,424.052252429694
2020-03-31,269,305.471818177371
2020-03-31,377,461.716576204569
2020-03-31,361,345.458924530078
2020-03-31,455,491.343023286222
2020-03-31,539,685.876593978807
2020-03-31,1608,856.096463381226
2020-03-31,638,672.131052290709
2020-03-31,635,536.781088758265
2020-03-31,451,538.972866395951
2020-03-31,670,592.633433922793
2020-03-31,431,281.312821458806
2020-03-31,425,386.294193748438
2020-03-31,378,541.66116798702
2020-03-31,209,433.927583877349
2020-03-31,839,501.364938115251
2020-03-31,202,333.797988605866
2020-03-31,261,260.138551133934
2020-03-31,188,202.611520992183
2020-03-31,357,384.803577945544
2020-03-31,274,399.33453916286
2020-03-31,131,309.738628811822
2020-03-31,141,301.093062876501
2020-03-31,178,223.580754881758
2020-03-31,278,255.61826536373
2020-03-31,274,153.182316659783
2020-03-31,185,304.519578835471
2020-03-31,287,319.302051521817
2020-03-31,0,87.841732441638
2020-03-31,780,616.084247126798
2020-03-31,678,630.705058388835
2020-03-31,564,944.016766635044
2020-03-31,1002,700.168367773549
2020-03-31,1273,815.776192639675
2020-03-31,424,633.228779570821
2020-03-31,438,864.546022961434
2020-03-31,1698,985.802475155691
2020-03-31,693,1175.26763470862
2020-03-31,1128,1525.98511226458
2020-03-31,532,448.467127235162
2020-03-31,797,873.878337485124
2020-03-31,506,870.763458928344
2020-03-31,536,640.385053644958
2020-03-31,896,484.167971880509
2020-03-31,858,792.336795258388
2020-03-31,1191,874.001561936814
2020-03-31,536,739.311922190802
2020-03-31,758,844.62505869612
2020-03-31,962,1005.79483434361
2020-03-31,648,709.701679088987
2020-03-31,545,513.413830246871
2020-03-31,611,986.05276922604
2020-03-31,550,894.392858881398
2020-03-31,607,765.186344479688
2020-03-31,593,488.810390421723
2020-03-31,1047,795.268800230446
2020-03-31,691,1113.42159761619
2020-03-31,866,626.666402521511
2020-03-31,594,808.81481418435
2020-03-31,914,596.721060182301
2020-03-31,818,874.421961691866
2020-03-31,609,378.04434633063
2020-03-31,619,567.495143780343
2020-03-31,534,683.958828908414
2020-03-31,386,723.603086459683
2020-03-31,941,587.716735712243
2020-03-31,447,574.348885866486
2020-03-31,1251,901.429124164495
2020-03-31,570,817.888616929463
2020-03-31,767,586.094156531316
2020-03-31,475,372.950727333992
2020-03-31,571,397.728584040912
2020-03-31,696,198.542030175928
2020-03-31,383,480.981692139692
2020-03-31,905,970.895828374244
2020-03-31,974,588.571928108406
2020-03-31,957,899.904043691577
2020-03-31,1052,791.436353601806
2020-03-31,823,702.654676318857
2020-03-31,913,926.526789712878
2020-03-31,1309,1010.3444446433
2020-03-31,509,1003.6452212975
2020-03-31,721,708.082988803527
2020-03-31,1045,974.467394731225
2020-03-31,620,773.085542172308
2020-03-31,848,1011.08561665831
2020-03-31,1225,926.295004879311
2020-03-31,612,624.823520715551
2020-03-31,983,599.346384838174
2020-03-31,762,815.227385477814
2020-03-31,396,556.599815660929
2020-03-31,335,534.147791596623
2020-03-31,567,638.712420782666
2020-03-31,346,271.49293747089
2020-03-31,489,327.650511475237
2020-03-31,392,283.056268345391
2020-03-31,505,654.039394924144
2020-03-31,303,453.054999404226
2020-03-31,945,715.026872083457
2020-03-31,581,760.174446658355
2020-03-31,1195,1346.78924853089
2020-03-31,481,1357.11002169545
2020-03-31,546,659.947430297287
2020-03-31,857,642.823608655678
2020-03-31,667,746.964736224401
2020-03-31,544,596.391912162055
2020-03-31,584,774.493389225165
2020-03-31,1150,556.185821108522
2020-03-31,629,632.765981527158
2020-03-31,886,707.01371194469
2020-03-31,705,1075.65510930829
2020-03-31,633,700.395493237486
2020-03-31,823,922.884024019442
2020-03-31,602,868.816888859563
2020-03-31,284,237.421139166009
2020-03-31,348,255.784312937877
2020-03-31,101,241.393163944945
2020-03-31,503,345.008081173082
2020-03-31,314,277.735462553122
2020-03-31,66,342.490827028913
2020-03-31,265,284.532391813081
2020-03-31,431,196.62313060598
2020-03-31,212,186.121158863038
2020-03-31,124,187.401852606355
2020-03-31,238,138.480454438404
2020-03-31,212,183.951127503203
2020-03-31,96,154.329705309159
2020-03-31,164,167.994722603291
2020-03-31,96,170.580236866912
2020-03-31,173,190.621814868444
2020-03-31,246,192.186719029024
2020-03-31,263,292.479149755726
2020-03-31,131,187.810220330365
2020-03-31,82,147.361016298169
2020-03-31,208,110.405896365444
2020-03-31,142,113.351799551733
2020-03-31,72,97.6288249346135
2020-03-31,541,149.449565104281
2020-03-31,72,197.186597750691
2020-03-31,143,167.642255955773
2020-03-31,71,168.562767633861
2020-03-31,134,171.831400794838
2020-03-31,89,229.284870286474
2020-03-31,27,74.7162333736863
2020-03-31,14,41.0827566498592
2020-03-31,93,98.5744729900811
2020-03-31,109,137.132712619142
2020-03-31,144,177.446618121487
2020-03-31,126,107.797383085998
2020-03-31,134,94.8610248194392
2020-03-31,115,120.567901069348
2020-03-31,147,104.017404207297
2020-03-31,99,82.9361341118381
2020-03-31,171,144.640881719588
2020-03-31,132,115.62150300739
2020-03-31,190,169.638947127638
2020-03-31,172,157.086945187044
2020-03-31,151,124.446593387862
2020-03-31,134,133.996045941214
2020-03-31,87,86.2872201002403
2020-03-31,91,154.60046725547
2020-03-31,137,198.507760404847
2020-03-31,183,109.962360427672
2020-03-31,141,133.812821807619
2020-03-31,85,156.145187423273
2020-03-31,54,178.031682163123
2020-03-31,185,152.075544042708
2020-03-31,111,187.527175293703
2020-03-31,56,160.551934540072
2020-03-31,237,145.013603266312
2020-03-31,21,136.57927805438
2020-03-31,71,120.841618884775
2020-03-31,234,204.161268712401
2020-03-31,215,202.099303010089
2020-03-31,241,216.224469101999
2020-03-31,142,284.141802733172
2020-03-31,188,512.446259263285
2020-03-31,385,215.181480933744
2020-03-31,205,215.963289462112
2020-03-31,224,178.557689601356
2020-03-31,142,170.476940967869
2020-03-31,246,212.89216535013
2020-03-31,154,205.747584275211
2020-03-31,239,343.333969364325
2020-03-31,350,349.154139179996
2020-03-31,234,320.670288808253
2020-03-31,588,638.190957467987
2020-03-31,571,419.767551142474
2020-03-31,276,570.209299489567
2020-03-31,306,266.053855181852
2020-03-31,114,220.796251826278
2020-03-31,161,205.311470576444
2020-03-31,259,336.455710295216
2020-03-31,328,269.64140822919
2020-03-31,52,137.428907433361
2020-03-31,411,240.892716624208
2020-03-31,292,221.095723406468
2020-03-31,134,435.615950681877
2020-03-31,144,194.373533321798
2020-03-31,100,131.258020051941
2020-03-31,152,130.392248918312
2020-03-31,137,201.057396033618
2020-03-31,253,188.963099045405
2020-03-31,111,370.732788182121
2020-03-31,494,311.233194646486
2020-03-31,323,349.850424283467
2020-03-31,457,327.823535937513
2020-03-31,170,232.602340344998
2020-03-31,289,299.236754650792
2020-03-31,329,269.253795375096
2020-03-31,208,291.657043940762
2020-03-31,151,282.634164607218
2020-03-31,398,309.137756823384
2020-03-31,206,333.296054214194
2020-03-31,264,299.378146217864
2020-03-31,207,171.24232788641
2020-03-31,195,266.979808309214
2020-03-31,232,339.544610151548
2020-03-31,322,182.329145455298
2020-03-31,104,269.906037334011
2020-03-31,327,423.713778453342
2020-03-31,425,245.514912151232
2020-03-31,229,352.29560634398
2020-03-31,358,284.407634825792
2020-03-31,392,327.40988282912
2020-03-31,412,353.866827711052
2020-03-31,311,416.947207124948
2020-03-31,639,278.269285246632
2020-03-31,522,487.456694286348
2020-03-31,179,418.293936494128
2020-03-31,341,491.474072098594
2020-03-31,521,477.168536897432
2020-03-31,350,323.061502004974
2020-03-31,500,299.782162401934
2020-03-31,236,502.590882975707
2020-03-31,225,284.386474875577
2020-03-31,438,311.225772053645
2020-03-31,344,210.000054982948
2020-03-31,111,408.498965371862
2020-03-31,130,275.939519908661
2020-03-31,381,484.637270187169
2020-03-31,264,274.470742546504
2020-03-31,417,484.81636355467
2020-03-31,529,412.058402130736
2020-03-31,381,350.339325207921
2020-03-31,222,412.922151576293
2020-03-31,348,280.472238458015
2020-03-31,458,334.829616016805
2020-03-31,258,345.92316373035
2020-03-31,332,363.715103208618
2020-03-31,1402,1066.92596087598
2020-03-31,742,986.15006936774
2020-03-31,1232,881.854440445373
2020-03-31,754,1949.72459970022
2020-03-31,817,580.992876987535
2020-03-31,273,555.888822025591
2020-03-31,1401,1265.69173331717
2020-03-31,701,827.949342609055
2020-03-31,576,506.506022507411
2020-03-31,1141,749.954307994442
2020-03-31,1447,943.212316052176
2020-03-31,520,513.306201238237
2020-03-31,590,504.340256966726
2020-03-31,183,198.596230799347
2020-03-31,293,269.667847932826
2020-03-31,197,315.513163314564
2020-03-31,508,215.035093795209
2020-03-31,125,160.30417982579
2020-03-31,148,201.064089231439
2020-03-31,294,216.613297085842
2020-03-31,262,254.26152525045
2020-03-31,348,288.266689197837
2020-03-31,486,399.408001437958
2020-03-31,452,424.680173475005
2020-03-31,287,634.370128131232
2020-03-31,502,825.078221618077
2020-03-31,566,621.391077125794
2020-03-31,558,511.784002795659
2020-03-31,825,727.54865298862
2020-03-31,602,381.228692011745
2020-03-31,490,631.817089898962
2020-03-31,447,531.397434181023
2020-03-31,775,718.343231022728
2020-03-31,667,496.040566701994
2020-03-31,434,483.543504671998
2020-03-31,358,512.539761289628
2020-03-31,310,484.404223646923
2020-03-31,507,524.068082280733
2020-03-31,515,411.927432317682
2020-03-31,926,713.176207027795
2020-03-31,258,473.691590111782
2020-03-31,686,666.272149107927
2020-03-31,1265,1477.20761041351
2020-03-31,1950,1232.88864578375
2020-03-31,481,531.564996924789
2020-03-31,802,967.845849195409
2020-03-31,590,694.429675298246
2020-03-31,655,938.620241663825
2020-03-31,369,766.755282563003
2020-03-31,628,742.481019557657
2020-03-31,1085,581.858069667626
2020-03-31,1142,1001.53760048854
2020-03-31,543,839.193541829505
2020-03-31,705,949.550917977978
2020-03-31,449,336.588747606853
2020-03-31,544,541.055154047806
2020-03-31,921,858.119291846593
2020-03-31,605,730.322099765488
2020-03-31,1096,979.79685390714
2020-03-31,926,917.199628157455
2020-03-31,406,452.453484474113
2020-03-31,696,346.138053536209
2020-03-31,719,673.191558815145
2020-03-31,149,216.130192329488
2020-03-31,287,203.900131794115
2020-03-31,209,139.273635377728
2020-03-31,218,247.430930857904
2020-03-31,45,140.088133768936
2020-03-31,1327,837.117851026406
2020-03-31,563,924.906045713197
2020-03-31,1434,1374.21567794489
2020-03-31,990,802.991276014592
2020-03-31,1585,1202.22210101486
2020-03-31,1044,1163.21928658931
2020-03-31,498,653.219000641311
2020-03-31,867,1227.29066933361
2020-03-31,603,627.557512199796
2020-03-31,992,962.850341637955
2020-03-31,480,407.264289468655
2020-03-31,1861,1131.30509612374
2020-03-31,1611,987.412070519768
2020-03-31,830,1104.18846199576
2020-03-31,268,603.13122051668
2020-03-31,845,678.133645050477
2020-03-31,950,672.978233863641
2020-03-31,414,462.81522453412
2020-03-31,302,584.858731069451
2020-03-31,532,550.266675260076
2020-03-31,376,405.496478450506
2020-03-31,320,433.39567371178
2020-03-31,427,520.675599447953
2020-03-31,706,622.745645375089
2020-03-31,480,472.369486981055
2020-03-31,308,470.472892487385
2020-03-31,593,561.160567514473
2020-03-31,653,583.150999558002
2020-03-31,496,323.684288805239
2020-03-31,242,340.297619745153
2020-03-31,167,197.822335141208
2020-03-31,479,358.320115082902
2020-03-31,304,315.837962089561
2020-03-31,414,484.948189043064
2020-03-31,392,289.680283527962
2020-03-31,441,614.167961532062
2020-03-31,316,817.112126854293
2020-03-31,294,552.933753585341
2020-03-31,359,382.750632092298
2020-03-31,427,233.257906904827
2020-03-31,467,333.678793044888
2020-03-31,554,556.039693693852
2020-03-31,522,427.533365117711
2020-03-31,518,663.865694510842
2020-03-31,541,679.078553683383
2020-03-31,687,513.539856794862
2020-03-31,627,541.776731777867
2020-03-31,519,651.672143283707
2020-03-31,636,492.081309800719
2020-03-31,623,791.375702440318
2020-03-31,524,409.85501156391
2020-03-31,595,606.9128070401
2020-03-31,494,363.296412071829
2020-03-31,128,384.588866302966
2020-03-31,396,443.662134942352
2020-03-31,278,584.445666020536
2020-03-31,660,616.607664960304
2020-03-31,1005,862.613588122899
2020-03-31,368,894.760830944345
2020-03-31,596,879.392460479041
2020-03-31,345,851.216514715196
2020-03-31,696,991.463940203756
2020-03-31,443,323.971749934815
2020-03-31,814,630.943800289007
2020-03-31,310,425.088040519427
2020-03-31,800,442.852600847552
2020-03-31,465,802.724426114358
2020-03-31,389,1030.38013997152
2020-03-31,554,436.172479104198
2020-03-31,676,545.478511107112
2020-03-31,884,811.026309013397
2020-03-31,717,649.615444897892
2020-03-31,732,470.329321535629
2020-03-31,590,749.265190615423
2020-03-31,554,751.645615040749
2020-03-31,448,578.825924811272
2020-03-31,653,397.445097061706
2020-03-31,360,390.774544897837
2020-03-31,606,555.318578179092
2020-03-31,319,274.053570775608
2020-03-31,396,514.030433458219
2020-03-31,732,1078.99737056717
2020-03-31,1139,1140.13546521085
2020-03-31,1136,1130.22472141076
2020-03-31,1895,1125.19056865485
2020-03-31,760,948.417590250953
2020-03-31,1113,1464.03827881401
2020-03-31,475,588.80482802813
2020-03-31,1770,1805.96915743004
2020-03-31,2927,806.181121322142
2020-03-31,2308,1267.38813760526
2020-03-31,2885,1708.44997665167
2020-03-31,1687,1027.95900701263
2020-03-31,2456,999.705853237793
2020-03-31,1336,798.731620778593
2020-03-31,862,865.752429504814
2020-03-31,897,678.917241527901
2020-03-31,623,665.532448327131
2020-03-31,570,681.378847023607
2020-03-31,1092,826.029168314433
2020-03-31,507,903.395194047328
2020-03-31,865,990.676033970019
2020-03-31,908,989.667107760221
2020-03-31,284,657.674862827738
2020-03-31,627,722.774513702272
2020-03-31,2427,1147.26629391409
2020-03-31,445,473.386016098457
2020-03-31,1786,1584.15861393918
2020-03-31,1217,1023.40154858899
2020-03-31,1427,934.71690713294
2020-03-31,293,367.311728635073
2020-03-31,662,839.587266945948
2020-03-31,1019,1055.45010693004
2020-03-31,463,824.220289950596
2020-03-31,776,468.398901525161
2020-03-31,541,1110.2011795225
2020-03-31,1367,455.754366369622
2020-03-31,1302,843.128443194334
2020-03-31,511,627.397353275009
2020-03-31,496,573.273482675274
2020-03-31,287,187.33662817214
2020-03-31,1121,851.628824166866
2020-03-31,854,716.611491425274
2020-03-31,583,640.760036364064
2020-03-31,483,685.780474497123
2020-03-31,337,503.113931188155
2020-03-31,944,652.728163323218
2020-03-31,748,481.40620879634
2020-03-31,435,600.459372213103
2020-03-31,409,788.524950137281
2020-03-31,1831,1224.70716534951
2020-03-31,3296,1204.90289611859
2020-03-31,607,968.032771621656
2020-03-31,1166,826.325014694292
2020-03-31,998,1718.69213283063
2020-03-31,1178,1129.86276820571
2020-03-31,1383,1012.84937159863
2020-03-31,569,1146.47944950943
2020-03-31,633,736.773152629909
2020-03-31,865,908.557632827187
2020-03-31,1191,734.87228222028
2020-03-31,2503,1620.84366744291
2020-03-31,2073,924.733201353016
2020-03-31,1381,1206.14954836984
2020-03-31,1004,745.004102265969
2020-03-31,2071,1078.84942323197
2020-03-31,388,703.971037042135
2020-03-31,515,664.529804217834
2020-03-31,1267,630.107392417751
2020-03-31,1086,914.562828225005
2020-03-31,762,273.337043626065
2020-03-31,490,525.87137962749
2020-03-31,529,113.083414195824
2020-03-31,276,141.799262502561
2020-03-31,755,1112.44585846848
2020-03-31,418,393.686163834631
2020-03-31,357,401.753844395884
2020-03-31,595,750.886017802648
2020-03-31,1027,248.736313821375
2020-03-31,426,173.645377014276
2020-03-31,254,377.893242680406
2020-03-31,1526,1236.9971415572
2020-03-31,1121,745.682727329377
2020-03-31,930,1050.41408164589
2020-03-31,1249,940.033273687364
2020-03-31,268,757.69054226972
2020-03-31,1452,846.092166773052
2020-03-31,1049,952.065440838145
2020-03-31,711,828.724315991013
2020-03-31,580,628.266331228801
2020-03-31,1694,1459.29498093355
2020-03-31,1504,1681.74830173531
2020-03-31,625,758.953598885422
2020-03-31,706,1562.74722553492
2020-03-31,2913,1651.82787087602
2020-03-31,2227,1057.55024341957
2020-03-31,2329,1183.45226770512
2020-03-31,586,1824.04936032146
2020-03-31,1079,1215.64663264703
2020-03-31,820,1241.11041710374
2020-03-31,991,994.099209764296
2020-03-31,920,990.734895098087
2020-03-31,1786,1483.82352044693
2020-03-31,392,1041.5707495355
2020-03-31,3019,1562.3576972615
2020-03-31,1022,961.354310604026
2020-03-31,1409,914.293016852541
2020-03-31,903,938.01800491658
2020-03-31,640,707.335394587623
2020-03-31,1726,615.231235224268
2020-03-31,720,967.287486540351
2020-03-31,866,936.241375041016
2020-03-31,981,1137.99888971489
2020-03-31,482,713.791696034537
2020-03-31,974,449.494388232239
2020-03-31,769,431.917755664418
2020-03-31,603,514.594003865067
2020-03-31,791,892.23924962316
2020-03-31,1053,880.032130468576
2020-03-31,1387,743.213921912966
2020-03-31,927,818.550028432769
2020-03-31,706,625.642806269142
2020-03-31,594,385.388582762094
2020-03-31,462,671.288359589489
2020-03-31,560,1275.00273615511
2020-03-31,339,690.269343454653
2020-03-31,732,583.96056718766
2020-03-31,498,633.479660422524
2020-03-31,509,527.54886739515
2020-03-31,483,956.673487884677
2020-03-31,897,790.258819549369
2020-03-31,498,406.296752003154
2020-03-31,580,466.338631570051
2020-03-31,468,872.601970998044
2020-03-31,824,600.994620287572
2020-03-31,675,951.560756653346
2020-03-31,575,588.375890153391
2020-03-31,350,419.051935109097
2020-03-31,951,1225.38096263641
2020-03-31,863,1119.35997363897
2020-03-31,235,558.359205402574
2020-03-31,450,219.741337665111
2020-03-31,604,573.482692375319
2020-03-31,670,1107.99207865035
2020-03-31,785,594.69327386972
2020-03-31,305,686.025416230232
2020-03-31,315,619.225102852616
2020-03-31,989,661.719729833682
2020-03-31,532,678.444766198686
2020-03-31,1254,741.317434721229
2020-03-31,1429,1581.56204761044
2020-03-31,892,864.170526448558
2020-03-31,957,681.197853770796
2020-03-31,809,812.469441488654
2020-03-31,606,1040.01774117245
2020-03-31,786,1265.3877920707
2020-03-31,886,1164.46246374398
2020-03-31,911,823.835452554672
2020-03-31,1356,841.001208419631
2020-03-31,862,758.89640967495
2020-03-31,1068,966.511330998111
2020-03-31,1294,974.854285012052
2020-03-31,950,1103.4842600181
2020-03-31,1042,937.932898130847
2020-03-31,1242,725.747881124119
2020-04-01,752,867.59004627602
2020-04-01,314,823.254928416252
2020-04-01,396,845.553097211967
2020-04-01,462,1424.58205898526
2020-04-01,657,569.075490811752
2020-04-01,478,944.216637129672
2020-04-01,434,378.438676945574
2020-04-01,344,738.703506146061
2020-04-01,731,640.162872738323
2020-04-01,490,529.449456747815
2020-04-01,417,562.804189044743
2020-04-01,1289,454.030488125864
2020-04-01,913,638.047145064991
2020-04-01,1070,477.956452606022
2020-04-01,900,163.862255273039
2020-04-01,1244,1129.86828684722
2020-04-01,842,742.257592777855
2020-04-01,1051,674.672841673176
2020-04-01,264,849.536016020311
2020-04-01,2044,1446.40324218454
2020-04-01,1788,603.517108189309
2020-04-01,1244,1456.2721392832
2020-04-01,1438,856.072556763025
2020-04-01,1799,885.792880030479
2020-04-01,1371,1024.51943570863
2020-04-01,1925,924.060743668982
2020-04-01,987,2184.99344198617
2020-04-01,535,1270.94705160845
2020-04-01,444,681.648199526841
2020-04-01,885,1651.67416965649
2020-04-01,678,1469.45485543731
2020-04-01,1398,989.732924692309
2020-04-01,1665,798.360810122462
2020-04-01,1652,1299.85541496747
2020-04-01,1256,532.037101426731
2020-04-01,1109,1827.69297293315
2020-04-01,1116,848.8111553487
2020-04-01,1118,1574.14843508404
2020-04-01,1633,1396.82964362915
2020-04-01,2319,1520.42491601607
2020-04-01,1236,944.732477384008
2020-04-01,606,827.741323795866
2020-04-01,1081,757.283963093888
2020-04-01,640,501.896152341562
2020-04-01,837,1366.73301909807
2020-04-01,1140,918.356671884794
2020-04-01,1408,917.987563858946
2020-04-01,1249,713.770461726268
2020-04-01,654,1349.10280563498
2020-04-01,706,948.924256659531
2020-04-01,958,609.137825242073
2020-04-01,1105,971.087125814477
2020-04-01,914,614.238836156224
2020-04-01,2046,1335.1095916511
2020-04-01,1197,1687.21016904212
2020-04-01,2500,2078.3008850873
2020-04-01,1770,1446.10339937547
2020-04-01,1200,1505.47569221707
2020-04-01,2483,1362.3267374828
2020-04-01,820,1860.75701888675
2020-04-01,1585,1450.90163393753
2020-04-01,3745,1800.62644258342
2020-04-01,1409,1223.31967718305
2020-04-01,1134,1870.80029642208
2020-04-01,2442,1057.87286144328
2020-04-01,1747,1755.57528929933
2020-04-01,1440,1274.39155844804
2020-04-01,2193,1208.95877329829
2020-04-01,1759,1479.17552792488
2020-04-01,486,1104.09613661042
2020-04-01,730,1811.56239341956
2020-04-01,1131,1120.37956554391
2020-04-01,1195,904.265527227227
2020-04-01,883,915.324802251758
2020-04-01,1074,1041.6458964368
2020-04-01,1648,1080.5208299835
2020-04-01,1042,1634.13468361439
2020-04-01,1481,1171.23747634225
2020-04-01,2085,1290.97040914131
2020-04-01,308,522.100106026489
2020-04-01,364,460.600190338418
2020-04-01,564,330.792315164548
2020-04-01,500,260.046130595242
2020-04-01,684,536.154566916155
2020-04-01,281,372.783006443375
2020-04-01,464,402.123528588031
2020-04-01,629,474.98459859701
2020-04-01,427,571.687610950031
2020-04-01,884,402.980954833866
2020-04-01,550,721.061091173052
2020-04-01,830,751.714062084576
2020-04-01,1554,635.182297874712
2020-04-01,717,766.765879165842
2020-04-01,746,723.331862502883
2020-04-01,205,362.847033561783
2020-04-01,684,550.354051300744
2020-04-01,354,411.858890868421
2020-04-01,561,511.379704580482
2020-04-01,436,530.986882948747
2020-04-01,340,442.779792150183
2020-04-01,514,375.638996653137
2020-04-01,595,684.151148497865
2020-04-01,638,573.589312007054
2020-04-01,681,655.793519842046
2020-04-01,795,587.50947729336
2020-04-01,534,417.797508435335
2020-04-01,487,195.223017838614
2020-04-01,343,321.521342103367
2020-04-01,279,471.724367694965
2020-04-01,580,469.383944434113
2020-04-01,218,701.879446332113
2020-04-01,969,598.770565089934
2020-04-01,264,485.4945436829
2020-04-01,615,716.853034357537
2020-04-01,552,1517.99082655883
2020-04-01,1471,1158.59411896083
2020-04-01,726,727.022232861824
2020-04-01,616,766.739978219618
2020-04-01,815,801.163703650137
2020-04-01,951,768.830566554863
2020-04-01,470,491.447670128654
2020-04-01,153,517.32326154799
2020-04-01,850,613.012642026802
2020-04-01,171,728.433296715688
2020-04-01,237,592.032943717817
2020-04-01,580,1204.70723841467
2020-04-01,915,603.432548891204
2020-04-01,815,425.573219818022
2020-04-01,0,585.62103143114
2020-04-01,1412,1445.87899384073
2020-04-01,1342,940.065506113012
2020-04-01,500,1127.00608528903
2020-04-01,874,645.320073582373
2020-04-01,713,1217.02342515926
2020-04-01,883,980.060711811087
2020-04-01,1242,1076.60144970669
2020-04-01,1267,928.134932292531
2020-04-01,1078,1171.33185025598
2020-04-01,1844,1350.15024121306
2020-04-01,183,799.957840655281
2020-04-01,889,743.567057619538
2020-04-01,853,1043.14733645538
2020-04-01,710,890.415895567252
2020-04-01,1282,1116.27338959829
2020-04-01,1071,794.5716861229
2020-04-01,1449,940.401702172274
2020-04-01,918,881.731703622306
2020-04-01,1397,1027.7419377705
2020-04-01,1185,987.310608451475
2020-04-01,747,676.288143052632
2020-04-01,735,596.624651753311
2020-04-01,960,1020.92762318246
2020-04-01,1062,1022.16583294596
2020-04-01,799,1253.28746247081
2020-04-01,1138,1425.97308147667
2020-04-01,1315,1256.77020294636
2020-04-01,1259,1090.51764205591
2020-04-01,1034,680.010941924502
2020-04-01,805,870.468851010145
2020-04-01,977,842.723420186063
2020-04-01,1095,794.455132283489
2020-04-01,721,571.987739490983
2020-04-01,402,627.710096459287
2020-04-01,621,513.628820017827
2020-04-01,485,546.674886162909
2020-04-01,542,842.301719193432
2020-04-01,584,917.497760855359
2020-04-01,689,826.098564508627
2020-04-01,877,714.872251383079
2020-04-01,474,762.052554587684
2020-04-01,742,844.138997719178
2020-04-01,1053,602.384623188543
2020-04-01,337,551.148595986364
2020-04-01,806,471.290189645028
2020-04-01,360,498.258758500423
2020-04-01,604,524.983670508075
2020-04-01,844,510.362229363502
2020-04-01,403,361.954775488113
2020-04-01,329,591.043929219258
2020-04-01,453,562.166200722518
2020-04-01,631,930.198761913946
2020-04-01,571,778.983879064672
2020-04-01,636,452.696100553681
2020-04-01,408,455.155041515169
2020-04-01,499,455.918324423846
2020-04-01,599,458.037998275521
2020-04-01,474,489.419485003575
2020-04-01,428,482.735658791007
2020-04-01,397,396.402930167825
2020-04-01,503,520.502194001638
2020-04-01,223,497.455475320521
2020-04-01,497,284.442592564722
2020-04-01,598,397.562162545555
2020-04-01,333,451.039377453537
2020-04-01,613,680.219168473725
2020-04-01,666,525.000925929523
2020-04-01,580,438.014955747864
2020-04-01,410,804.014358008514
2020-04-01,480,524.951401312048
2020-04-01,1047,881.904866367614
2020-04-01,707,1121.90674505245
2020-04-01,406,622.864986958888
2020-04-01,521,570.032928302481
2020-04-01,757,647.718809320738
2020-04-01,441,654.197726476182
2020-04-01,588,399.06317819358
2020-04-01,648,704.281655547175
2020-04-01,489,652.690888728909
2020-04-01,669,528.045342774123
2020-04-01,693,547.990709791498
2020-04-01,633,530.080878615954
2020-04-01,474,401.188295088308
2020-04-01,698,743.851364338285
2020-04-01,379,371.980284550313
2020-04-01,226,423.504630876478
2020-04-01,507,375.467965024031
2020-04-01,416,406.773814855714
2020-04-01,124,431.66546356879
2020-04-01,602,345.433838076613
2020-04-01,368,445.010862325848
2020-04-01,362,353.499314493541
2020-04-01,453,368.994385636435
2020-04-01,480,453.464448321911
2020-04-01,386,604.070683895433
2020-04-01,846,506.099952313275
2020-04-01,628,318.311879632587
2020-04-01,409,496.533435034302
2020-04-01,262,437.507168558614
2020-04-01,310,414.327897513244
2020-04-01,200,391.077526173175
2020-04-01,435,681.434343103953
2020-04-01,607,835.440073067809
2020-04-01,586,518.672100978558
2020-04-01,771,827.452950408637
2020-04-01,604,727.426124907621
2020-04-01,839,507.954254980755
2020-04-01,789,618.817205464543
2020-04-01,870,594.047756793599
2020-04-01,867,733.741191797379
2020-04-01,764,675.062472505542
2020-04-01,768,471.646828443921
2020-04-01,728,1049.45159712933
2020-04-01,670,728.791821809316
2020-04-01,1017,597.09266543558
2020-04-01,712,662.470102788094
2020-04-01,684,1012.07427499755
2020-04-01,328,500.484256675048
2020-04-01,772,1028.13818440368
2020-04-01,1283,748.400349268303
2020-04-01,1500,1434.91280056971
2020-04-01,1329,897.610750790215
2020-04-01,1163,968.398452968053
2020-04-01,998,930.75971713952
2020-04-01,1442,1223.56811070082
2020-04-01,1286,894.04333689513
2020-04-01,1359,1333.55897438772
2020-04-01,967,1344.28370269093
2020-04-01,1044,846.508484520107
2020-04-01,1375,1171.92112813109
2020-04-01,712,927.800198494619
2020-04-01,1335,1479.42767266521
2020-04-01,1389,783.859969683217
2020-04-01,1512,1192.23711507826
2020-04-01,1052,954.030669337733
2020-04-01,1458,906.270128872457
2020-04-01,1384,1074.54889608516
2020-04-01,1293,960.570328864442
2020-04-01,1181,1195.04798849716
2020-04-01,1095,968.508805951608
2020-04-01,1633,507.943916858334
2020-04-01,1158,655.377673592472
2020-04-01,1446,1339.03260310463
2020-04-01,115,197.707445720479
2020-04-01,80,242.701886986413
2020-04-01,326,149.983751624091
2020-04-01,110,212.335891119991
2020-04-01,170,193.495546004698
2020-04-01,177,116.899027837602
2020-04-01,118,223.463701471052
2020-04-01,109,307.690766221265
2020-04-01,317,353.616101519663
2020-04-01,267,306.305757246728
2020-04-01,370,394.308051721527
2020-04-01,680,340.396512218536
2020-04-01,572,662.624739174204
2020-04-01,375,280.803331291922
2020-04-01,369,319.669531329773
2020-04-01,399,368.407341649026
2020-04-01,632,451.904221615871
2020-04-01,450,558.83350487734
2020-04-01,378,407.222749742587
2020-04-01,660,527.858919498094
2020-04-01,349,610.687432454882
2020-04-01,651,313.324474699787
2020-04-01,214,502.175893398932
2020-04-01,494,382.580016152797
2020-04-01,341,444.995537621359
2020-04-01,541,455.599709847402
2020-04-01,420,280.405396320126
2020-04-01,610,430.661681049548
2020-04-01,237,384.976772200788
2020-04-01,266,397.70992557741
2020-04-01,251,345.121414747413
2020-04-01,254,232.488659601569
2020-04-01,274,366.781596840132
2020-04-01,122,248.168387923335
2020-04-01,236,381.674555041821
2020-04-01,319,226.322916715015
2020-04-01,240,304.709500544911
2020-04-01,226,300.72006232112
2020-04-01,107,204.415039341468
2020-04-01,270,243.745679976913
2020-04-01,333,432.051572571987
2020-04-01,511,177.193580068616
2020-04-01,262,382.302772833155
2020-04-01,226,274.021384369939
2020-04-01,355,432.325720885036
2020-04-01,187,308.474579123062
2020-04-01,490,355.299806492504
2020-04-01,377,312.012916090619
2020-04-01,542,440.385911271162
2020-04-01,427,433.080104351123
2020-04-01,396,490.536828800769
2020-04-01,517,553.580802978404
2020-04-01,583,632.901861436082
2020-04-01,391,292.850497129072
2020-04-01,821,626.933402515293
2020-04-01,428,451.394734326004
2020-04-01,176,432.212409821736
2020-04-01,225,391.0269824578
2020-04-01,529,295.692596739127
2020-04-01,648,503.429168468821
2020-04-01,883,762.177638648814
2020-04-01,452,740.328578447895
2020-04-01,870,463.202830726929
2020-04-01,482,459.578910174402
2020-04-01,218,340.728823371097
2020-04-01,264,686.567149357323
2020-04-01,390,434.386126217474
2020-04-01,365,513.923709935071
2020-04-01,491,514.580813411511
2020-04-01,528,516.948625952027
2020-04-01,340,302.608906843054
2020-04-01,729,340.806737396713
2020-04-01,481,438.286766779882
2020-04-01,140,290.295616658856
2020-04-01,318,468.408840190297
2020-04-01,187,360.377255349767
2020-04-01,714,321.460251981032
2020-04-01,255,410.163996550838
2020-04-01,315,381.448182705378
2020-04-01,203,213.15936258216
2020-04-01,231,224.745653107502
2020-04-01,202,289.461996063627
2020-04-01,464,272.338457347272
2020-04-01,570,285.557104313723
2020-04-01,267,294.509689672162
2020-04-01,506,261.495842213555
2020-04-01,281,419.282620558793
2020-04-01,156,233.488973529209
2020-04-01,756,287.670226839568
2020-04-01,241,227.900414508823
2020-04-01,349,393.190806700051
2020-04-01,383,376.44109592346
2020-04-01,157,375.749124788961
2020-04-01,332,272.488252749731
2020-04-01,228,298.524464912011
2020-04-01,282,414.026704515467
2020-04-01,0,182.565396767492
2020-04-01,800,624.038908687675
2020-04-01,701,580.979676685421
2020-04-01,583,663.043149166145
2020-04-01,466,734.299769164465
2020-04-01,846,592.320131240105
2020-04-01,348,471.24751111699
2020-04-01,397,631.882189084982
2020-04-01,529,528.098104110217
2020-04-01,644,746.442898443652
2020-04-01,862,940.195637181782
2020-04-01,744,647.839519041934
2020-04-01,911,586.996334943609
2020-04-01,924,891.284253383993
2020-04-01,345,559.735991089109
2020-04-01,896,462.277527383469
2020-04-01,497,485.307325901961
2020-04-01,640,565.062017134366
2020-04-01,600,740.730124313586
2020-04-01,746,656.617339509251
2020-04-01,452,542.028438394938
2020-04-01,324,393.255035271254
2020-04-01,538,581.294129332753
2020-04-01,452,437.300458497003
2020-04-01,542,624.461620710784
2020-04-01,650,869.42990040418
2020-04-01,1861,1098.30389396572
2020-04-01,806,816.654693756963
2020-04-01,827,669.501037105512
2020-04-01,561,662.461972579643
2020-04-01,829,744.419661447576
2020-04-01,512,353.075459137361
2020-04-01,494,483.59801115087
2020-04-01,484,654.669930398061
2020-04-01,280,542.229948916692
2020-04-01,1214,614.714875936544
2020-04-01,245,351.15972464427
2020-04-01,299,331.40802386446
2020-04-01,219,258.553122337434
2020-04-01,527,415.518365000725
2020-04-01,358,506.247909531987
2020-04-01,159,320.539495626264
2020-04-01,192,374.870364685084
2020-04-01,273,285.790972276424
2020-04-01,384,307.977620473361
2020-04-01,439,187.304033428399
2020-04-01,219,392.976018302133
2020-04-01,352,408.184163304705
2020-04-01,0,102.596491444657
2020-04-01,933,752.868131573919
2020-04-01,822,765.753520783766
2020-04-01,678,1156.08891590162
2020-04-01,1216,836.937120351068
2020-04-01,1791,979.726999420435
2020-04-01,580,790.434255269065
2020-04-01,603,1067.4965785523
2020-04-01,1914,1177.10776291101
2020-04-01,822,1439.46451400074
2020-04-01,1352,1843.39884970756
2020-04-01,685,552.652874431944
2020-04-01,987,1029.87142717322
2020-04-01,596,1020.31110125246
2020-04-01,657,802.290547437138
2020-04-01,1301,569.277439548307
2020-04-01,1048,949.079551698485
2020-04-01,1299,1055.26614665564
2020-04-01,640,898.062523413211
2020-04-01,825,1054.44979802723
2020-04-01,1085,1229.44256343291
2020-04-01,819,887.551049953323
2020-04-01,647,623.184118247244
2020-04-01,721,1169.28801133936
2020-04-01,680,1078.7396551336
2020-04-01,674,898.92023540811
2020-04-01,762,554.200058631342
2020-04-01,1242,886.321462526129
2020-04-01,851,1220.51876862263
2020-04-01,915,720.3661458406
2020-04-01,719,923.577959781444
2020-04-01,989,660.701272325599
2020-04-01,892,983.742110600633
2020-04-01,693,454.739646541814
2020-04-01,738,674.809064535481
2020-04-01,613,790.930777011852
2020-04-01,457,869.458668765481
2020-04-01,1152,694.481177418123
2020-04-01,511,673.318924629887
2020-04-01,1403,1058.19470836697
2020-04-01,734,920.255315757306
2020-04-01,931,696.877559020435
2020-04-01,564,453.798665879456
2020-04-01,732,470.774820348958
2020-04-01,816,246.384437767189
2020-04-01,456,580.695382188896
2020-04-01,1028,1131.45372489165
2020-04-01,1116,712.265232522145
2020-04-01,1100,1074.07729109499
2020-04-01,1182,940.313407684597
2020-04-01,1011,845.482689233242
2020-04-01,1072,1089.58579258608
2020-04-01,1562,1188.07679842349
2020-04-01,536,1174.43232490555
2020-04-01,862,822.009871266396
2020-04-01,1251,1135.95918906657
2020-04-01,757,913.56416997389
2020-04-01,1007,1199.61477755048
2020-04-01,1667,1080.30917550147
2020-04-01,751,727.641218113965
2020-04-01,1022,738.808703854503
2020-04-01,877,967.465264552206
2020-04-01,521,667.851088034649
2020-04-01,416,671.100894735256
2020-04-01,644,768.704439794112
2020-04-01,456,320.833674168417
2020-04-01,558,402.851825613818
2020-04-01,457,340.040485859686
2020-04-01,574,816.145458222479
2020-04-01,350,538.422794787811
2020-04-01,1113,824.911656399095
2020-04-01,863,877.550458810137
2020-04-01,1356,1537.83794595841
2020-04-01,550,1576.78565940846
2020-04-01,634,766.925468428371
2020-04-01,1017,744.736771710965
2020-04-01,771,874.874444315935
2020-04-01,623,669.359500686459
2020-04-01,653,902.808056393276
2020-04-01,1078,647.338736967483
2020-04-01,766,725.289061221578
2020-04-01,1015,798.850126017087
2020-04-01,852,1226.79353573239
2020-04-01,750,795.663176466319
2020-04-01,1022,1043.95426753754
2020-04-01,721,1008.89165174788
2020-04-01,341,295.391879601913
2020-04-01,446,312.892315071773
2020-04-01,105,289.161403194475
2020-04-01,571,414.328778367355
2020-04-01,342,308.594454508753
2020-04-01,87,413.812412904787
2020-04-01,271,311.309652925711
2020-04-01,381,227.827347219521
2020-04-01,297,209.607477672855
2020-04-01,181,219.254688943101
2020-04-01,242,160.01188173984
2020-04-01,248,228.043626108023
2020-04-01,108,188.627411808271
2020-04-01,220,195.110495632042
2020-04-01,105,204.214006147832
2020-04-01,219,212.931499070025
2020-04-01,356,201.779374325654
2020-04-01,254,335.120769719411
2020-04-01,210,220.781312670396
2020-04-01,156,189.011557577366
2020-04-01,240,143.318146231555
2020-04-01,167,134.765709761809
2020-04-01,76,122.012680937711
2020-04-01,410,199.83914143897
2020-04-01,94,235.936155776788
2020-04-01,168,270.551364140496
2020-04-01,83,258.205650084633
2020-04-01,659,215.721206095683
2020-04-01,107,350.222185036691
2020-04-01,50,92.5640191710591
2020-04-01,14,46.5808160273107
2020-04-01,87,116.116520080445
2020-04-01,105,163.963216685127
2020-04-01,169,234.510751109319
2020-04-01,147,139.89068389642
2020-04-01,166,118.290133670313
2020-04-01,126,155.698660435949
2020-04-01,227,138.429982973669
2020-04-01,81,112.213552798821
2020-04-01,212,233.642323910317
2020-04-01,153,196.625466674332
2020-04-01,210,266.256359295155
2020-04-01,209,209.861663380919
2020-04-01,207,168.392666303396
2020-04-01,248,165.39848022414
2020-04-01,142,112.378682508643
2020-04-01,105,206.860463758141
2020-04-01,204,258.60258944942
2020-04-01,245,145.836130235072
2020-04-01,226,173.910494700133
2020-04-01,93,208.387104681664
2020-04-01,53,244.459622486293
2020-04-01,228,189.758142721352
2020-04-01,138,256.142448538073
2020-04-01,82,214.920381376436
2020-04-01,271,200.489498417859
2020-04-01,35,178.592140226987
2020-04-01,66,167.378982642959
2020-04-01,306,264.045927046858
2020-04-01,275,268.266186588818
2020-04-01,395,274.305601024779
2020-04-01,197,361.333197852822
2020-04-01,212,662.210491989972
2020-04-01,562,269.800105635039
2020-04-01,261,276.316871317956
2020-04-01,259,236.704984183174
2020-04-01,194,228.838149900878
2020-04-01,389,275.731277625394
2020-04-01,232,276.658698917197
2020-04-01,317,457.657930015044
2020-04-01,473,445.487957662322
2020-04-01,324,407.665630819514
2020-04-01,748,823.469837168607
2020-04-01,874,528.139334508094
2020-04-01,375,726.997209763871
2020-04-01,393,357.602120617108
2020-04-01,157,284.418389021613
2020-04-01,197,272.103351632746
2020-04-01,321,450.647286800038
2020-04-01,368,370.818420062491
2020-04-01,69,181.150292785933
2020-04-01,571,316.170230739645
2020-04-01,375,307.369325071129
2020-04-01,163,544.7375546393
2020-04-01,261,275.18574680731
2020-04-01,132,187.040216539842
2020-04-01,248,180.454354525757
2020-04-01,198,290.375596685524
2020-04-01,435,258.225009294922
2020-04-01,140,475.460332711703
2020-04-01,696,390.236334003609
2020-04-01,423,419.638693846311
2020-04-01,512,386.231681728251
2020-04-01,196,275.507579878395
2020-04-01,354,343.221881309522
2020-04-01,359,313.317972551306
2020-04-01,248,331.554750046047
2020-04-01,168,343.168582160819
2020-04-01,586,368.307711276501
2020-04-01,209,409.622924085806
2020-04-01,350,363.89745983033
2020-04-01,278,199.861930371945
2020-04-01,233,321.725820410108
2020-04-01,279,383.881900400069
2020-04-01,295,215.116150523593
2020-04-01,127,305.969044075578
2020-04-01,347,505.941709991913
2020-04-01,518,275.064475195472
2020-04-01,252,419.32015889706
2020-04-01,420,333.773932270916
2020-04-01,511,378.911677861632
2020-04-01,468,413.083291402958
2020-04-01,377,481.649505679815
2020-04-01,700,324.385205955626
2020-04-01,533,567.42222125186
2020-04-01,180,485.288528649681
2020-04-01,363,627.495480301585
2020-04-01,613,552.241831295361
2020-04-01,378,383.736409421871
2020-04-01,628,343.068082764314
2020-04-01,285,580.869941640634
2020-04-01,263,340.163157113665
2020-04-01,602,348.811250404013
2020-04-01,370,245.925614940878
2020-04-01,133,463.989603140127
2020-04-01,176,323.712970171024
2020-04-01,422,564.821138018121
2020-04-01,338,319.049350888142
2020-04-01,455,574.084781333237
2020-04-01,635,480.13666912121
2020-04-01,452,414.892624244787
2020-04-01,260,483.646427812985
2020-04-01,421,333.627747275763
2020-04-01,517,395.909519689689
2020-04-01,270,413.724272140756
2020-04-01,391,425.716479457216
2020-04-01,1784,1262.91549530516
2020-04-01,904,1231.91378453728
2020-04-01,1545,1072.34552364905
2020-04-01,925,2276.99880575351
2020-04-01,1147,723.251979593186
2020-04-01,351,713.855419507244
2020-04-01,1836,1543.81671014806
2020-04-01,732,1055.76263413732
2020-04-01,733,617.160182062738
2020-04-01,1363,919.479772777629
2020-04-01,1699,1163.65355668465
2020-04-01,679,657.803112687547
2020-04-01,807,639.545516102802
2020-04-01,273,256.209150531668
2020-04-01,425,348.006641080687
2020-04-01,285,412.13648725722
2020-04-01,553,285.859312795157
2020-04-01,202,196.306532450929
2020-04-01,196,266.103000862877
2020-04-01,441,281.642665032291
2020-04-01,330,330.368386441703
2020-04-01,397,390.602865939608
2020-04-01,594,522.412180740269
2020-04-01,569,544.196303966374
2020-04-01,409,793.258399497483
2020-04-01,555,950.615335139022
2020-04-01,673,789.448312013351
2020-04-01,686,591.272392714349
2020-04-01,954,860.482908034411
2020-04-01,743,449.150887600963
2020-04-01,567,731.597749349145
2020-04-01,487,584.55017557987
2020-04-01,1080,796.819318525651
2020-04-01,560,585.272838297625
2020-04-01,535,564.291350076766
2020-04-01,425,570.168198513733
2020-04-01,352,564.284076796289
2020-04-01,600,620.021615699061
2020-04-01,580,497.784030597698
2020-04-01,1137,884.970231655257
2020-04-01,333,560.322084058825
2020-04-01,798,792.428569032076
2020-04-01,1506,1701.97565578281
2020-04-01,2185,1448.19821057344
2020-04-01,528,610.532153811004
2020-04-01,894,1111.17263991413
2020-04-01,710,815.390709528472
2020-04-01,781,1094.22627231114
2020-04-01,441,891.722478550842
2020-04-01,727,883.919626617963
2020-04-01,1253,675.690401323426
2020-04-01,1383,1158.34379110132
2020-04-01,643,975.151803972168
2020-04-01,784,1130.72669797257
2020-04-01,544,388.029036613933
2020-04-01,607,632.44225105666
2020-04-01,1153,978.772037126157
2020-04-01,642,857.204675196976
2020-04-01,1222,1128.12004552984
2020-04-01,1094,1065.3641474397
2020-04-01,487,523.595126321978
2020-04-01,793,405.341189143389
2020-04-01,776,788.122540999665
2020-04-01,171,260.199751337857
2020-04-01,473,271.632552316762
2020-04-01,266,193.04846333152
2020-04-01,277,321.33575268452
2020-04-01,52,171.875831571909
2020-04-01,1371,963.26404715131
2020-04-01,776,1051.93175659773
2020-04-01,1614,1608.16688535026
2020-04-01,1104,898.454847699477
2020-04-01,1746,1364.24084982894
2020-04-01,1199,1313.48483129398
2020-04-01,477,773.163660078627
2020-04-01,1129,1439.33688613445
2020-04-01,817,755.842761503154
2020-04-01,1074,1128.93402290913
2020-04-01,623,500.664086120143
2020-04-01,2100,1290.04073365056
2020-04-01,1792,1138.57365119248
2020-04-01,1047,1269.25464114097
2020-04-01,303,731.466725775491
2020-04-01,1017,790.735377821422
2020-04-01,1064,827.826467423921
2020-04-01,635,553.928146186206
2020-04-01,353,707.749497054558
2020-04-01,668,646.188423279046
2020-04-01,447,495.756610218013
2020-04-01,438,523.205914301812
2020-04-01,428,671.448080782716
2020-04-01,817,743.205265421589
2020-04-01,492,608.66126078111
2020-04-01,290,580.206098047562
2020-04-01,763,671.178107380598
2020-04-01,765,724.060810447093
2020-04-01,611,378.9011018525
2020-04-01,306,406.285594917168
2020-04-01,221,235.558683309938
2020-04-01,608,435.045234672022
2020-04-01,401,382.226815343391
2020-04-01,1046,553.738244221565
2020-04-01,461,398.360491805664
2020-04-01,560,709.849702331625
2020-04-01,361,1001.22953771951
2020-04-01,428,675.560202551318
2020-04-01,434,481.022186124529
2020-04-01,457,289.040979550257
2020-04-01,663,396.075841660857
2020-04-01,677,697.724974240289
2020-04-01,608,518.681256365468
2020-04-01,623,825.609103036384
2020-04-01,676,816.96330745714
2020-04-01,698,612.590967000342
2020-04-01,749,644.714453672566
2020-04-01,599,759.686494767824
2020-04-01,719,564.365616412954
2020-04-01,706,928.646317929257
2020-04-01,643,473.336064675981
2020-04-01,737,722.112620949648
2020-04-01,532,450.791643324832
2020-04-01,156,463.598789773723
2020-04-01,489,537.078612515874
2020-04-01,281,696.029468984491
2020-04-01,753,755.581037624945
2020-04-01,1204,1017.12600536708
2020-04-01,450,1062.54531296013
2020-04-01,799,1044.28386164648
2020-04-01,420,1005.93198930669
2020-04-01,796,1184.44363491972
2020-04-01,507,425.975257955846
2020-04-01,1228,728.784594998486
2020-04-01,382,529.951767247624
2020-04-01,783,549.839145585237
2020-04-01,578,964.353805826103
2020-04-01,438,1224.8104662604
2020-04-01,615,516.166872312333
2020-04-01,831,650.449788342426
2020-04-01,947,975.783315365871
2020-04-01,1083,766.98679144911
2020-04-01,886,577.328096618969
2020-04-01,719,873.423517734953
2020-04-01,645,887.642248707622
2020-04-01,505,707.236598241578
2020-04-01,816,467.404175633007
2020-04-01,496,488.612423480948
2020-04-01,743,653.886444599743
2020-04-01,406,335.952347294727
2020-04-01,511,617.320965816016
2020-04-01,818,1261.24104245344
2020-04-01,1324,1324.00458765419
2020-04-01,1418,1329.0139744837
2020-04-01,2319,1334.96332348871
2020-04-01,858,1112.5450476765
2020-04-01,1302,1716.20650872105
2020-04-01,527,719.973413022782
2020-04-01,2139,2112.80153996169
2020-04-01,3465,946.462012795534
2020-04-01,2730,1473.96035546949
2020-04-01,3223,2040.0680701533
2020-04-01,1920,1212.26315589217
2020-04-01,2860,1170.3833424788
2020-04-01,1516,997.434186121752
2020-04-01,977,1009.69357652921
2020-04-01,973,787.642741755353
2020-04-01,770,794.636100452638
2020-04-01,723,800.339129103938
2020-04-01,1230,970.76188428989
2020-04-01,631,1104.88634698827
2020-04-01,989,1159.42539193213
2020-04-01,1105,1185.05859273073
2020-04-01,351,815.628530658165
2020-04-01,811,869.861037373478
2020-04-01,2802,1361.06289914173
2020-04-01,582,583.052161165099
2020-04-01,2278,1822.65529399886
2020-04-01,1381,1221.09530427187
2020-04-01,1928,1106.80680557351
2020-04-01,365,454.738047306061
2020-04-01,829,1015.08441013927
2020-04-01,1252,1242.10246159299
2020-04-01,537,962.499657857647
2020-04-01,925,553.406911496846
2020-04-01,639,1308.70868431134
2020-04-01,1568,544.747396702267
2020-04-01,1606,995.567030304262
2020-04-01,590,717.207134289951
2020-04-01,569,648.822347684014
2020-04-01,351,213.857130242649
2020-04-01,1220,1026.10648911915
2020-04-01,1139,865.728277930811
2020-04-01,735,754.115671054194
2020-04-01,530,838.875308897002
2020-04-01,437,606.667115071231
2020-04-01,955,804.36695004299
2020-04-01,885,582.208334408398
2020-04-01,519,736.620840660633
2020-04-01,529,926.18147535793
2020-04-01,2214,1428.22183570293
2020-04-01,3816,1408.83605214484
2020-04-01,768,1152.60857423652
2020-04-01,1375,1008.59536497468
2020-04-01,1192,2022.03593254769
2020-04-01,1376,1352.50619790422
2020-04-01,1651,1188.58441932834
2020-04-01,630,1369.62016627232
2020-04-01,787,881.898710745418
2020-04-01,1205,1065.01137659273
2020-04-01,1368,886.38835892764
2020-04-01,2869,1919.28530071415
2020-04-01,2421,1085.39224050378
2020-04-01,1647,1419.97122953066
2020-04-01,1241,883.090754708767
2020-04-01,2416,1287.68690187314
2020-04-01,449,817.171341332537
2020-04-01,631,789.559443569849
2020-04-01,1559,760.914951157555
2020-04-01,1313,1088.31199166934
2020-04-01,877,325.311983733063
2020-04-01,564,626.581181177587
2020-04-01,655,133.371089896877
2020-04-01,307,172.80777310242
2020-04-01,1048,1247.36526963885
2020-04-01,502,476.920206460033
2020-04-01,439,458.38004763601
2020-04-01,650,866.02638694733
2020-04-01,1189,284.758390956159
2020-04-01,504,198.521184782757
2020-04-01,276,434.550645563916
2020-04-01,1827,1459.3666363224
2020-04-01,1240,882.566208190731
2020-04-01,1061,1211.75796787584
2020-04-01,1430,1124.41213569621
2020-04-01,384,903.774286723474
2020-04-01,1698,1002.27531682734
2020-04-01,1300,1124.83626951525
2020-04-01,825,1005.69674408494
2020-04-01,763,752.752075620631
2020-04-01,2104,1717.46546888693
2020-04-01,1734,1985.76565122145
2020-04-01,750,890.546972057142
2020-04-01,790,1834.14067258959
2020-04-01,3457,1904.51765440424
2020-04-01,2568,1235.20756852277
2020-04-01,2692,1413.22858235863
2020-04-01,654,2169.77290574892
2020-04-01,1177,1428.45507788264
2020-04-01,910,1440.58747682596
2020-04-01,1168,1174.25815387081
2020-04-01,1094,1182.02730078151
2020-04-01,2372,1733.54068421023
2020-04-01,622,1249.0164716046
2020-04-01,3452,1905.10064442109
2020-04-01,1236,1157.07193560768
2020-04-01,1689,1079.33487454143
2020-04-01,979,1114.91682957261
2020-04-01,701,870.098992185451
2020-04-01,2011,723.68966920768
2020-04-01,860,1107.01197708256
2020-04-01,1034,1120.2617317966
2020-04-01,1157,1332.43830979346
2020-04-01,567,831.844923678697
2020-04-01,1118,518.83091790654
2020-04-01,816,507.926395321222
2020-04-01,717,587.880812523544
2020-04-01,957,1027.75939152445
2020-04-01,1219,1044.35272369016
2020-04-01,1704,888.235705134591
2020-04-01,1048,997.018562481721
2020-04-01,841,751.791526186624
2020-04-01,683,463.48611646192
2020-04-01,532,801.421467916824
2020-04-01,618,1538.01746989985
2020-04-01,388,845.771079661778
2020-04-01,988,695.099516874657
2020-04-01,648,757.656196044731
2020-04-01,619,630.293661569891
2020-04-01,560,1124.35566000764
2020-04-01,1071,926.995113794537
2020-04-01,618,484.728056579756
2020-04-01,665,558.377916273769
2020-04-01,601,1032.81194050973
2020-04-01,914,732.392499638558
2020-04-01,774,1114.43078244377
2020-04-01,672,684.052695823373
2020-04-01,435,483.620777594014
2020-04-01,1130,1451.40476160918
2020-04-01,997,1332.63036906944
2020-04-01,287,679.029991607214
2020-04-01,522,284.135744176817
2020-04-01,781,695.586071594296
2020-04-01,772,1305.99848877348
2020-04-01,985,722.274606214041
2020-04-01,496,827.896324233367
2020-04-01,393,750.091425350934
2020-04-01,1086,795.220924773683
2020-04-01,711,809.924064950756
2020-04-01,1525,912.996466947106
2020-04-01,1608,1857.37228621091
2020-04-01,1013,1005.03000757739
2020-04-01,1155,791.325080473682
2020-04-01,959,944.543087781087
2020-04-01,678,1197.77371622976
2020-04-01,865,1477.84588106703
2020-04-01,1014,1349.57205440811
2020-04-01,1037,993.833188700869
2020-04-01,1464,988.980559821728
2020-04-01,941,876.320953002513
2020-04-01,1234,1117.56950687345
2020-04-01,1465,1151.30827220409
2020-04-01,1231,1262.34511505552
2020-04-01,1271,1080.39823721729
2020-04-01,1423,836.102419773604
2020-04-02,783,871.632203233298
2020-04-02,342,822.995852783242
2020-04-02,379,852.740207904404
2020-04-02,473,1434.9300124352
2020-04-02,640,577.38566828389
2020-04-02,486,941.623981570173
2020-04-02,458,385.479339189891
2020-04-02,332,745.094906485127
2020-04-02,719,642.117140828102
2020-04-02,498,542.38012575763
2020-04-02,400,577.959834517136
2020-04-02,1362,461.695889398033
2020-04-02,947,646.360582086403
2020-04-02,1082,492.869882187583
2020-04-02,938,166.476351951053
2020-04-02,1214,1135.65530451243
2020-04-02,866,748.24124291822
2020-04-02,1093,674.902067813455
2020-04-02,248,855.013835398575
2020-04-02,1983,1480.56291484299
2020-04-02,1753,604.294843890168
2020-04-02,1269,1468.83177068017
2020-04-02,1430,869.234707262988
2020-04-02,1817,890.807761303999
2020-04-02,1360,1048.55224210774
2020-04-02,1974,941.851405943189
2020-04-02,1015,2225.22142426994
2020-04-02,515,1314.9073907116
2020-04-02,468,688.596205499225
2020-04-02,873,1685.70219464616
2020-04-02,689,1508.5926415752
2020-04-02,1470,1009.85363541334
2020-04-02,1753,816.7045774007
2020-04-02,1670,1313.30376799566
2020-04-02,1234,543.357942074371
2020-04-02,1159,1848.10222529328
2020-04-02,1105,840.599222346499
2020-04-02,1113,1563.99579876051
2020-04-02,1612,1390.75583447613
2020-04-02,2320,1518.61263510366
2020-04-02,1248,939.907220184553
2020-04-02,585,829.705527809755
2020-04-02,1055,752.01497909171
2020-04-02,604,494.130420277439
2020-04-02,821,1354.417803451
2020-04-02,1111,913.957381430499
2020-04-02,1360,918.193235907417
2020-04-02,1245,702.42289186756
2020-04-02,683,1355.96146707975
2020-04-02,714,960.797364219809
2020-04-02,977,606.792685387788
2020-04-02,1073,965.907200410934
2020-04-02,958,604.952300265591
2020-04-02,2015,1368.41344466976
2020-04-02,1251,1714.98741519147
2020-04-02,2643,2133.52489506815
2020-04-02,1788,1492.55390583217
2020-04-02,1223,1554.34825697649
2020-04-02,2542,1412.18280883762
2020-04-02,805,1933.11205096299
2020-04-02,1717,1483.59461817483
2020-04-02,3942,1859.2230046306
2020-04-02,1433,1264.47495666931
2020-04-02,1193,1915.39870851445
2020-04-02,2493,1094.09764290079
2020-04-02,1792,1819.25939356247
2020-04-02,1521,1302.78481776196
2020-04-02,2236,1236.21445883119
2020-04-02,1853,1525.04295424853
2020-04-02,470,1129.28290539372
2020-04-02,710,1877.35226221202
2020-04-02,1189,1141.48817905542
2020-04-02,1227,932.630941156083
2020-04-02,923,946.599435824363
2020-04-02,1066,1094.77735093628
2020-04-02,1737,1114.65155734533
2020-04-02,1125,1697.56052646334
2020-04-02,1487,1226.42535112276
2020-04-02,2204,1327.82802606349
2020-04-02,264,520.649315090853
2020-04-02,403,455.36272559459
2020-04-02,551,331.401552421898
2020-04-02,511,257.617135346325
2020-04-02,644,535.965628163936
2020-04-02,268,369.993614326167
2020-04-02,458,403.537108253922
2020-04-02,624,465.839141246828
2020-04-02,396,570.200219447659
2020-04-02,928,405.772509052081
2020-04-02,581,720.386651592302
2020-04-02,775,762.272861089501
2020-04-02,1550,650.953566747721
2020-04-02,744,778.692827785384
2020-04-02,736,738.278071153705
2020-04-02,211,364.816930098797
2020-04-02,703,544.113902039538
2020-04-02,364,420.959028952893
2020-04-02,568,521.481826013132
2020-04-02,421,538.730311227633
2020-04-02,379,431.540180504169
2020-04-02,515,380.711771811425
2020-04-02,625,686.063668009379
2020-04-02,652,585.262343035005
2020-04-02,693,668.257227038884
2020-04-02,778,596.766856089131
2020-04-02,569,421.919275325658
2020-04-02,488,195.159941383684
2020-04-02,335,316.900805919469
2020-04-02,292,473.489286136636
2020-04-02,549,474.519573933627
2020-04-02,240,703.688090398327
2020-04-02,953,609.008159415238
2020-04-02,291,495.253289196481
2020-04-02,625,729.423625691388
2020-04-02,541,1546.18500479749
2020-04-02,1552,1167.88684699786
2020-04-02,748,732.982018027163
2020-04-02,624,776.078225885973
2020-04-02,832,810.129340621384
2020-04-02,961,780.049697505811
2020-04-02,453,499.669958016712
2020-04-02,147,521.619278149741
2020-04-02,837,622.21643985997
2020-04-02,159,742.757696198597
2020-04-02,217,606.035156560883
2020-04-02,601,1228.1422452894
2020-04-02,943,622.572281796511
2020-04-02,882,431.984607874591
2020-04-02,0,578.060063274538
2020-04-02,1419,1475.6685636747
2020-04-02,1395,951.0746127173
2020-04-02,508,1156.26104726577
2020-04-02,875,657.425378523666
2020-04-02,714,1256.45520310749
2020-04-02,872,985.473827766315
2020-04-02,1274,1090.77495158444
2020-04-02,1269,941.730852349628
2020-04-02,1092,1190.38665741853
2020-04-02,1856,1378.08613568322
2020-04-02,197,808.135288349528
2020-04-02,873,759.721445010191
2020-04-02,956,1051.01179913486
2020-04-02,712,905.016827916972
2020-04-02,1280,1138.83447821832
2020-04-02,1089,806.625034742998
2020-04-02,1396,965.093188706362
2020-04-02,942,886.978423415163
2020-04-02,1455,1033.97582670059
2020-04-02,1157,1005.38393715149
2020-04-02,722,670.60821010909
2020-04-02,744,586.756864380303
2020-04-02,946,1039.69490923394
2020-04-02,1088,1024.01290098715
2020-04-02,810,1280.45448059321
2020-04-02,1170,1458.58091662719
2020-04-02,1373,1265.24299513457
2020-04-02,1262,1096.74721968254
2020-04-02,994,684.317342825292
2020-04-02,760,879.7101611159
2020-04-02,991,845.265320926419
2020-04-02,1097,797.07604470756
2020-04-02,717,576.518194607699
2020-04-02,387,627.965184694015
2020-04-02,608,522.867747798558
2020-04-02,489,556.024152632875
2020-04-02,553,848.298854406899
2020-04-02,620,936.728036252299
2020-04-02,670,849.115972448343
2020-04-02,917,718.36883729622
2020-04-02,497,768.524592468071
2020-04-02,767,860.273885168331
2020-04-02,1108,608.567700371575
2020-04-02,342,564.937615006128
2020-04-02,826,477.583736097786
2020-04-02,344,507.253903150775
2020-04-02,568,533.666136923572
2020-04-02,871,511.920527921433
2020-04-02,444,361.539807958986
2020-04-02,333,588.138218842596
2020-04-02,453,571.034063835513
2020-04-02,661,937.860233540408
2020-04-02,612,789.491979165442
2020-04-02,616,461.874266937658
2020-04-02,433,460.376855348699
2020-04-02,537,456.517746556356
2020-04-02,589,464.576157080735
2020-04-02,499,495.756530922406
2020-04-02,435,490.266569590088
2020-04-02,402,408.682444710886
2020-04-02,536,525.156247900434
2020-04-02,210,497.240585599566
2020-04-02,481,278.759180565227
2020-04-02,638,396.177756929121
2020-04-02,323,451.49838890191
2020-04-02,649,690.11710826132
2020-04-02,673,538.57105076671
2020-04-02,549,443.020981489572
2020-04-02,466,808.144018709531
2020-04-02,497,534.810335676283
2020-04-02,1039,896.273332610118
2020-04-02,718,1132.92350648281
2020-04-02,426,624.313549557926
2020-04-02,512,565.591346570895
2020-04-02,736,646.683400285669
2020-04-02,440,651.541839017287
2020-04-02,564,397.5341254865
2020-04-02,639,694.908414667653
2020-04-02,459,651.918920379833
2020-04-02,693,514.815558083945
2020-04-02,686,537.769526946955
2020-04-02,590,529.806400015876
2020-04-02,477,397.775303882308
2020-04-02,699,729.858533359774
2020-04-02,402,367.726264538781
2020-04-02,227,421.372170553831
2020-04-02,509,376.326533756586
2020-04-02,422,402.829377990793
2020-04-02,120,435.979144541329
2020-04-02,593,353.940668012827
2020-04-02,339,440.641443558774
2020-04-02,354,346.04382117006
2020-04-02,445,364.48298887239
2020-04-02,472,446.134345990285
2020-04-02,382,601.014522292607
2020-04-02,798,509.383999576993
2020-04-02,643,322.764360235548
2020-04-02,394,506.199317400826
2020-04-02,291,433.641500964012
2020-04-02,319,410.090533317948
2020-04-02,183,391.651523070173
2020-04-02,443,680.534250785133
2020-04-02,621,822.174291774245
2020-04-02,541,524.963417976047
2020-04-02,772,829.49778751856
2020-04-02,621,738.689858709516
2020-04-02,868,508.801356289891
2020-04-02,794,621.683312832108
2020-04-02,862,588.901667521222
2020-04-02,842,741.015046171881
2020-04-02,766,667.333991917015
2020-04-02,744,472.386971851625
2020-04-02,769,1049.55381153499
2020-04-02,709,722.509427825101
2020-04-02,996,586.430874548072
2020-04-02,741,667.201306004603
2020-04-02,607,1024.13496267677
2020-04-02,326,494.183613419102
2020-04-02,782,1040.30136953454
2020-04-02,1306,761.227814498047
2020-04-02,1551,1446.23090649109
2020-04-02,1282,922.551554954417
2020-04-02,1124,984.998664564852
2020-04-02,1036,946.641821865028
2020-04-02,1547,1246.24443727961
2020-04-02,1320,921.066026940142
2020-04-02,1515,1348.95863740813
2020-04-02,990,1384.77554791837
2020-04-02,1050,869.958241577607
2020-04-02,1386,1206.65247046024
2020-04-02,710,956.161732305168
2020-04-02,1340,1518.19879965064
2020-04-02,1454,797.922099535618
2020-04-02,1571,1212.10704941003
2020-04-02,1069,980.162286766086
2020-04-02,1523,928.805212315269
2020-04-02,1383,1095.64349514344
2020-04-02,1328,978.531535434131
2020-04-02,1181,1217.14500740479
2020-04-02,1118,982.731137817042
2020-04-02,1727,518.463062163434
2020-04-02,1238,668.226167268664
2020-04-02,1458,1387.64289613445
2020-04-02,109,188.885435021896
2020-04-02,83,236.320696303984
2020-04-02,338,150.303959925275
2020-04-02,100,208.959524884386
2020-04-02,139,193.35439232149
2020-04-02,182,113.92615214505
2020-04-02,123,221.441534394989
2020-04-02,113,313.403290358862
2020-04-02,341,369.85762799484
2020-04-02,262,311.829302144743
2020-04-02,378,383.641278392695
2020-04-02,670,333.17005360595
2020-04-02,552,650.898115802158
2020-04-02,317,280.79944560444
2020-04-02,373,306.423055151727
2020-04-02,371,364.931069913383
2020-04-02,628,441.691916629098
2020-04-02,437,557.978223061526
2020-04-02,372,396.542381509188
2020-04-02,613,537.179540663618
2020-04-02,350,594.839321559568
2020-04-02,617,308.063011284935
2020-04-02,229,491.729813426659
2020-04-02,484,375.522197107383
2020-04-02,335,434.327236969454
2020-04-02,549,442.309681613302
2020-04-02,415,272.936924083892
2020-04-02,587,422.752700235615
2020-04-02,234,376.942720248654
2020-04-02,262,391.687709700621
2020-04-02,252,343.693900434677
2020-04-02,239,232.911148186999
2020-04-02,287,356.913028685964
2020-04-02,126,242.681129818949
2020-04-02,239,371.872289243951
2020-04-02,327,224.32858790853
2020-04-02,218,306.811019149821
2020-04-02,208,301.351103313115
2020-04-02,122,199.43336453057
2020-04-02,258,240.713479793725
2020-04-02,310,432.302884624697
2020-04-02,546,172.450747921073
2020-04-02,241,381.5093946904
2020-04-02,228,272.723550745472
2020-04-02,363,426.056835870369
2020-04-02,185,308.688110293295
2020-04-02,486,352.911622662671
2020-04-02,379,311.084934276089
2020-04-02,544,439.084977155977
2020-04-02,440,440.552455804452
2020-04-02,390,499.467620302473
2020-04-02,488,558.650149708725
2020-04-02,550,639.582709927479
2020-04-02,447,297.052082488942
2020-04-02,884,615.532169849955
2020-04-02,419,454.255591997644
2020-04-02,164,438.973818374963
2020-04-02,210,391.216085284321
2020-04-02,479,304.503299953519
2020-04-02,715,503.311002601199
2020-04-02,847,774.528259265933
2020-04-02,440,745.089005681469
2020-04-02,884,456.988214174215
2020-04-02,506,450.89976760808
2020-04-02,211,340.829516833889
2020-04-02,264,676.496126506993
2020-04-02,406,425.864746110796
2020-04-02,361,513.507388979555
2020-04-02,490,514.597219447092
2020-04-02,494,523.608492457798
2020-04-02,334,304.583903301204
2020-04-02,732,338.735484137693
2020-04-02,478,438.080897682958
2020-04-02,147,289.391827399533
2020-04-02,332,467.182238617147
2020-04-02,191,361.908607343182
2020-04-02,727,322.937975663384
2020-04-02,248,408.272921912482
2020-04-02,326,379.399569246665
2020-04-02,177,210.164554550429
2020-04-02,234,220.335969188625
2020-04-02,203,289.377026451204
2020-04-02,457,270.253995350828
2020-04-02,544,289.100399029232
2020-04-02,288,293.832421461945
2020-04-02,489,266.166303505651
2020-04-02,295,435.3419228
2020-04-02,142,243.005475362102
2020-04-02,906,292.070495735393
2020-04-02,256,233.927821121202
2020-04-02,347,416.619483968988
2020-04-02,365,391.787554177992
2020-04-02,175,378.73826849217
2020-04-02,346,280.338475960093
2020-04-02,251,299.577800430994
2020-04-02,290,417.192367294058
2020-04-02,0,189.937347032877
2020-04-02,792,622.809891246192
2020-04-02,711,595.272403094667
2020-04-02,554,674.523901898569
2020-04-02,492,741.553034683426
2020-04-02,825,604.704641152866
2020-04-02,446,471.052868686153
2020-04-02,392,640.766242669347
2020-04-02,559,542.364596836558
2020-04-02,619,764.39020088257
2020-04-02,855,956.293813570616
2020-04-02,764,660.186239662112
2020-04-02,954,584.777747522867
2020-04-02,899,893.980610082758
2020-04-02,338,567.298553550113
2020-04-02,941,470.225636567214
2020-04-02,513,492.509980868717
2020-04-02,636,575.888853310232
2020-04-02,639,739.342676539617
2020-04-02,735,651.562767652549
2020-04-02,490,556.097966102779
2020-04-02,351,394.697195086286
2020-04-02,583,602.144348937853
2020-04-02,479,458.076714384425
2020-04-02,552,644.55382524658
2020-04-02,624,877.442802790644
2020-04-02,1847,1116.76218287698
2020-04-02,868,839.231917681115
2020-04-02,848,699.040221286684
2020-04-02,567,678.030642473782
2020-04-02,848,753.124898401119
2020-04-02,506,362.127784992953
2020-04-02,545,500.717894792061
2020-04-02,486,668.41378353754
2020-04-02,310,541.073254362265
2020-04-02,1221,612.681728852938
2020-04-02,245,369.402756174919
2020-04-02,337,334.396984770921
2020-04-02,216,272.663518702093
2020-04-02,545,441.766042702397
2020-04-02,395,521.58939415344
2020-04-02,134,340.911828017921
2020-04-02,154,385.513840499714
2020-04-02,241,300.202740684372
2020-04-02,372,312.599373802976
2020-04-02,496,188.067743535265
2020-04-02,219,406.302986944856
2020-04-02,368,414.316678352346
2020-04-02,0,104.755319988349
2020-04-02,929,766.81541969817
2020-04-02,800,783.279802599007
2020-04-02,683,1178.5878681699
2020-04-02,1296,842.685295921303
2020-04-02,1786,981.624613242593
2020-04-02,628,801.334125850265
2020-04-02,572,1076.08798563921
2020-04-02,1922,1173.84179029417
2020-04-02,832,1423.89347143866
2020-04-02,1293,1854.40350338359
2020-04-02,683,547.526633886772
2020-04-02,920,1036.13215152658
2020-04-02,593,1023.15405896211
2020-04-02,680,811.621544875871
2020-04-02,1426,575.966977043389
2020-04-02,1066,960.231569007014
2020-04-02,1285,1059.33503633864
2020-04-02,625,915.76034938514
2020-04-02,853,1082.41028667375
2020-04-02,1064,1263.23951680072
2020-04-02,839,889.568567991955
2020-04-02,657,630.423082276089
2020-04-02,736,1188.25781032264
2020-04-02,631,1098.17824580494
2020-04-02,692,904.149874507266
2020-04-02,688,564.751249503347
2020-04-02,1252,903.267438051945
2020-04-02,834,1258.45374996006
2020-04-02,952,734.006597236097
2020-04-02,791,928.890285937674
2020-04-02,1083,673.549916705201
2020-04-02,892,1014.49098962875
2020-04-02,729,452.805704213207
2020-04-02,723,685.351265472649
2020-04-02,645,795.535939130385
2020-04-02,460,886.224832545609
2020-04-02,1123,709.734390588968
2020-04-02,488,684.721727663798
2020-04-02,1396,1082.61717951465
2020-04-02,709,937.236691469498
2020-04-02,909,721.462764197233
2020-04-02,567,454.055150686609
2020-04-02,731,475.510988312351
2020-04-02,775,249.313825598364
2020-04-02,485,588.041512063849
2020-04-02,1102,1162.52775018439
2020-04-02,1229,738.436327396429
2020-04-02,1128,1130.35032179217
2020-04-02,1264,969.08125904282
2020-04-02,999,887.456910121878
2020-04-02,1150,1136.20435027282
2020-04-02,1625,1226.29116028882
2020-04-02,589,1222.73855137269
2020-04-02,907,841.776499231207
2020-04-02,1293,1184.45992298009
2020-04-02,797,951.276036122013
2020-04-02,1094,1247.52879835568
2020-04-02,1757,1116.44371176997
2020-04-02,766,752.463524949967
2020-04-02,1007,772.347640384299
2020-04-02,925,994.157463094788
2020-04-02,482,687.037731296877
2020-04-02,393,693.7599700666
2020-04-02,682,781.879890123165
2020-04-02,466,321.417501738229
2020-04-02,609,412.531251587219
2020-04-02,459,355.46428687605
2020-04-02,610,840.015912586951
2020-04-02,341,570.110331865455
2020-04-02,1212,856.505780018845
2020-04-02,865,914.410937124435
2020-04-02,1388,1590.78267629501
2020-04-02,576,1601.14108340327
2020-04-02,680,758.969222590426
2020-04-02,1014,763.390901022452
2020-04-02,842,878.630801185596
2020-04-02,598,688.499453796174
2020-04-02,690,924.624751750514
2020-04-02,1113,657.155467255859
2020-04-02,774,751.181953985356
2020-04-02,1000,820.777216231273
2020-04-02,883,1262.61931178393
2020-04-02,743,822.565414534653
2020-04-02,1046,1066.61091673485
2020-04-02,731,1035.21537350004
2020-04-02,327,291.867083007165
2020-04-02,456,313.729756050252
2020-04-02,97,286.539639320396
2020-04-02,610,407.789902099452
2020-04-02,327,314.141054941375
2020-04-02,82,409.075478119471
2020-04-02,270,311.763905924788
2020-04-02,394,224.642693528888
2020-04-02,261,210.472120410253
2020-04-02,149,215.955780513457
2020-04-02,251,153.120631705833
2020-04-02,247,225.107669951613
2020-04-02,110,188.122063652881
2020-04-02,200,194.085094729175
2020-04-02,107,199.580902268359
2020-04-02,226,210.191053101414
2020-04-02,351,197.732230601873
2020-04-02,258,334.038595833899
2020-04-02,197,224.152161469971
2020-04-02,126,182.978472667118
2020-04-02,241,136.251465747153
2020-04-02,173,133.463765250086
2020-04-02,67,124.128509590853
2020-04-02,409,201.550273841021
2020-04-02,83,235.483761951285
2020-04-02,146,286.001230368013
2020-04-02,87,269.372853087224
2020-04-02,830,211.534105845251
2020-04-02,97,369.097531924166
2020-04-02,47,92.076615035508
2020-04-02,17,45.7211628790304
2020-04-02,85,117.246967589037
2020-04-02,134,161.299869006127
2020-04-02,159,230.189190211291
2020-04-02,143,141.726831714133
2020-04-02,169,120.919006292736
2020-04-02,116,161.224286734582
2020-04-02,224,139.006348629472
2020-04-02,90,114.140092560214
2020-04-02,216,250.3904091211
2020-04-02,145,216.061380202291
2020-04-02,206,281.029963598983
2020-04-02,215,206.667818379403
2020-04-02,182,171.09601773684
2020-04-02,230,167.575769542483
2020-04-02,120,114.711316454363
2020-04-02,118,205.204059176621
2020-04-02,203,255.284670949068
2020-04-02,214,145.691166301614
2020-04-02,228,173.774050017472
2020-04-02,87,206.112629294969
2020-04-02,60,242.135566988988
2020-04-02,211,198.932517744092
2020-04-02,173,258.67311624137
2020-04-02,63,214.386739504278
2020-04-02,297,196.456249657581
2020-04-02,43,181.655253429474
2020-04-02,85,167.09040985887
2020-04-02,294,276.487921367485
2020-04-02,272,271.952327416422
2020-04-02,377,283.813417319718
2020-04-02,199,368.002262501302
2020-04-02,248,657.892475386421
2020-04-02,556,272.332526784822
2020-04-02,271,277.460273188761
2020-04-02,281,244.266915848547
2020-04-02,190,230.568851465816
2020-04-02,351,287.357183901182
2020-04-02,239,283.546540788482
2020-04-02,298,464.08608231762
2020-04-02,499,449.80140022827
2020-04-02,316,412.928102988626
2020-04-02,767,827.259584827665
2020-04-02,841,542.341465390531
2020-04-02,414,736.082476902466
2020-04-02,412,363.159148289477
2020-04-02,173,296.697193968085
2020-04-02,208,284.916021743234
2020-04-02,336,454.181398005024
2020-04-02,380,366.141363212742
2020-04-02,56,183.212014698435
2020-04-02,580,318.816965361248
2020-04-02,438,304.09839156291
2020-04-02,138,561.238973554448
2020-04-02,245,270.484974847091
2020-04-02,109,179.983539426052
2020-04-02,198,171.859103903314
2020-04-02,190,277.762678819427
2020-04-02,402,264.079575929363
2020-04-02,147,477.631778520886
2020-04-02,714,381.62568831971
2020-04-02,401,421.126805101287
2020-04-02,515,381.829465333172
2020-04-02,214,271.202523539742
2020-04-02,341,345.330386917365
2020-04-02,351,307.484571111149
2020-04-02,219,331.890005254096
2020-04-02,171,343.222819595625
2020-04-02,613,368.576423923573
2020-04-02,217,398.751976582166
2020-04-02,354,359.666444846147
2020-04-02,245,200.394010705087
2020-04-02,249,313.82631189231
2020-04-02,250,376.347365058897
2020-04-02,298,203.096458653422
2020-04-02,107,296.433111117965
2020-04-02,345,489.991336696288
2020-04-02,494,266.924403228188
2020-04-02,265,412.470420899345
2020-04-02,431,322.867677334506
2020-04-02,486,376.604755062939
2020-04-02,440,404.319153695506
2020-04-02,352,470.577123035811
2020-04-02,647,322.382467295035
2020-04-02,562,576.880771007362
2020-04-02,214,489.727719882148
2020-04-02,417,639.859293944102
2020-04-02,587,545.76708118421
2020-04-02,410,379.073075129112
2020-04-02,640,338.144516214354
2020-04-02,309,569.303141568605
2020-04-02,237,336.245733383118
2020-04-02,625,349.660313481685
2020-04-02,419,252.961137946194
2020-04-02,135,476.991447716746
2020-04-02,163,316.602263730366
2020-04-02,395,558.659875682421
2020-04-02,331,311.785755553394
2020-04-02,426,573.61719531009
2020-04-02,635,472.123422263346
2020-04-02,456,406.082085400965
2020-04-02,277,490.586615490035
2020-04-02,390,336.008042706582
2020-04-02,526,384.020960700628
2020-04-02,274,401.991043059603
2020-04-02,362,426.706354345366
2020-04-02,1791,1290.03204298705
2020-04-02,944,1243.17795854471
2020-04-02,1575,1099.33654548841
2020-04-02,945,2319.01463855642
2020-04-02,1142,724.223233129529
2020-04-02,360,711.792298653186
2020-04-02,1800,1571.43132272363
2020-04-02,780,1055.854722228
2020-04-02,755,622.603126005729
2020-04-02,1382,943.226673406073
2020-04-02,1839,1172.17648117203
2020-04-02,664,660.165432766801
2020-04-02,775,641.633745578885
2020-04-02,261,253.069158510156
2020-04-02,359,345.796779636413
2020-04-02,267,406.735399785783
2020-04-02,542,292.093313947909
2020-04-02,211,196.044203513189
2020-04-02,178,279.79469896458
2020-04-02,501,285.936297174336
2020-04-02,349,336.407622356944
2020-04-02,406,398.154773843761
2020-04-02,601,513.698722997864
2020-04-02,555,537.813079968238
2020-04-02,369,805.11372822805
2020-04-02,612,961.672036962938
2020-04-02,651,815.478478127152
2020-04-02,677,608.713456055381
2020-04-02,938,872.249193490273
2020-04-02,751,450.308699325988
2020-04-02,585,728.61638536321
2020-04-02,498,600.581363581257
2020-04-02,1096,818.406945116954
2020-04-02,606,599.410911703466
2020-04-02,576,571.565450889127
2020-04-02,438,590.15937581612
2020-04-02,320,569.959388836825
2020-04-02,566,626.756527427773
2020-04-02,596,500.108206593926
2020-04-02,1153,894.401215116592
2020-04-02,310,561.014161520026
2020-04-02,796,795.176698624402
2020-04-02,1442,1734.11813378023
2020-04-02,2186,1481.34843066688
2020-04-02,512,613.929101922553
2020-04-02,905,1129.54874925251
2020-04-02,678,814.704251306726
2020-04-02,798,1089.22557360344
2020-04-02,428,896.704233468264
2020-04-02,711,884.689410654296
2020-04-02,1153,681.906413286366
2020-04-02,1398,1149.77373318709
2020-04-02,619,960.180953106203
2020-04-02,776,1124.36994514165
2020-04-02,536,382.219221969884
2020-04-02,603,621.757961304874
2020-04-02,1119,992.422641764521
2020-04-02,605,854.364996878129
2020-04-02,1267,1161.35667334753
2020-04-02,1095,1081.11042830148
2020-04-02,497,538.533017246957
2020-04-02,818,403.979528997237
2020-04-02,826,798.868832954385
2020-04-02,180,255.395964280192
2020-04-02,480,284.436214977488
2020-04-02,280,187.38612718268
2020-04-02,287,314.278724641678
2020-04-02,58,171.041438059621
2020-04-02,1427,1002.47983505729
2020-04-02,873,1066.58979802757
2020-04-02,1581,1642.09111351545
2020-04-02,1189,937.614621139618
2020-04-02,1863,1415.71656660433
2020-04-02,1238,1352.66470573112
2020-04-02,480,786.040336014069
2020-04-02,1200,1453.09515541067
2020-04-02,808,768.499630027021
2020-04-02,1052,1165.60389051461
2020-04-02,603,518.206342714284
2020-04-02,2180,1324.77470907542
2020-04-02,1762,1166.45354947824
2020-04-02,1090,1300.61077158666
2020-04-02,334,745.399830746861
2020-04-02,1092,806.114880339955
2020-04-02,1056,859.031990693567
2020-04-02,682,561.356387795408
2020-04-02,353,720.527372465327
2020-04-02,666,645.864866078162
2020-04-02,405,490.935347390188
2020-04-02,394,526.068163155005
2020-04-02,429,688.42984028203
2020-04-02,791,756.112323956541
2020-04-02,508,629.944497890228
2020-04-02,310,581.489300582041
2020-04-02,777,678.08255982039
2020-04-02,809,729.788438425056
2020-04-02,637,380.898588450732
2020-04-02,305,405.692985271349
2020-04-02,221,241.216640856511
2020-04-02,590,443.713085563648
2020-04-02,442,379.467379760098
2020-04-02,1160,563.405759017812
2020-04-02,486,413.163751386772
2020-04-02,526,718.674637419649
2020-04-02,351,996.236164114918
2020-04-02,420,667.562238073694
2020-04-02,467,486.884890371272
2020-04-02,509,289.980401421636
2020-04-02,664,404.455269260816
2020-04-02,651,708.235453238897
2020-04-02,604,522.628816377433
2020-04-02,651,854.799661780906
2020-04-02,682,829.252429826164
2020-04-02,701,613.543463958811
2020-04-02,770,640.101665755004
2020-04-02,610,782.93575363028
2020-04-02,714,581.177769818591
2020-04-02,776,933.793349379476
2020-04-02,600,482.255505209053
2020-04-02,705,732.347558313926
2020-04-02,550,450.851857448843
2020-04-02,144,473.036578730166
2020-04-02,539,540.747028994277
2020-04-02,326,703.664102808642
2020-04-02,785,779.32464433326
2020-04-02,1256,1043.38160371473
2020-04-02,473,1073.80074039709
2020-04-02,802,1071.08192259756
2020-04-02,460,1033.00093424701
2020-04-02,794,1205.18867917772
2020-04-02,557,440.829812059208
2020-04-02,1268,741.774410125908
2020-04-02,393,557.929938901007
2020-04-02,770,566.406984952716
2020-04-02,588,983.830970466009
2020-04-02,459,1256.09072101884
2020-04-02,664,522.978584124844
2020-04-02,824,676.746945814807
2020-04-02,942,1010.93794862067
2020-04-02,1180,786.086282316799
2020-04-02,906,598.504183666626
2020-04-02,719,899.771508428943
2020-04-02,675,906.995336335341
2020-04-02,549,724.319255603149
2020-04-02,768,483.121579399156
2020-04-02,498,513.078396402942
2020-04-02,747,663.202598709716
2020-04-02,386,352.665337107015
2020-04-02,528,639.939397780461
2020-04-02,920,1277.77667651015
2020-04-02,1347,1366.78958413316
2020-04-02,1385,1342.18821453495
2020-04-02,2370,1342.78159195528
2020-04-02,939,1120.29918132025
2020-04-02,1305,1737.45015422724
2020-04-02,529,731.371117857777
2020-04-02,2112,2148.00197357578
2020-04-02,3486,958.025060305752
2020-04-02,2860,1471.05895750158
2020-04-02,3200,2061.28726639475
2020-04-02,1935,1218.1372407708
2020-04-02,2836,1189.84168922797
2020-04-02,1458,1011.2403079715
2020-04-02,1038,1027.4124898934
2020-04-02,1027,801.172009370353
2020-04-02,766,801.886201346075
2020-04-02,700,804.997443925007
2020-04-02,1258,983.938639298558
2020-04-02,578,1106.06632209462
2020-04-02,992,1172.15863013204
2020-04-02,1092,1184.86052353938
2020-04-02,360,802.187701736005
2020-04-02,833,857.608476715422
2020-04-02,2792,1381.68439310743
2020-04-02,519,578.609720820113
2020-04-02,2280,1836.68958783062
2020-04-02,1417,1243.19205264088
2020-04-02,1943,1097.17056988096
2020-04-02,352,448.982615971276
2020-04-02,816,1017.64715856532
2020-04-02,1261,1244.86782441014
2020-04-02,521,973.270746977474
2020-04-02,958,559.529896716759
2020-04-02,636,1315.93572523195
2020-04-02,1622,548.182543629917
2020-04-02,1621,1003.63552983892
2020-04-02,615,722.557731110595
2020-04-02,548,662.524322557524
2020-04-02,339,215.860367205032
2020-04-02,1266,1014.36854854385
2020-04-02,1220,872.230687163634
2020-04-02,789,768.988923770204
2020-04-02,589,852.507290348509
2020-04-02,445,627.452938384642
2020-04-02,988,825.431176879221
2020-04-02,903,596.007654842271
2020-04-02,540,747.546691957812
2020-04-02,522,924.967294707655
2020-04-02,2159,1445.26238044288
2020-04-02,3830,1408.49782720796
2020-04-02,756,1164.96974570759
2020-04-02,1383,1016.4785344954
2020-04-02,1122,2046.38980832624
2020-04-02,1305,1375.24294026974
2020-04-02,1694,1177.59314539483
2020-04-02,692,1370.56412573408
2020-04-02,720,892.678691318564
2020-04-02,1313,1054.61500922308
2020-04-02,1404,888.48131284554
2020-04-02,2843,1928.86725701306
2020-04-02,2434,1081.37818628123
2020-04-02,1597,1440.15876199978
2020-04-02,1267,898.154677515938
2020-04-02,2428,1299.66900198629
2020-04-02,466,834.403606596483
2020-04-02,652,806.5351135374
2020-04-02,1653,766.952264672072
2020-04-02,1367,1127.27035334484
2020-04-02,935,339.445458251594
2020-04-02,605,641.982166282369
2020-04-02,607,134.608816842509
2020-04-02,331,165.896756588696
2020-04-02,1042,1276.88969406721
2020-04-02,485,477.757103228402
2020-04-02,433,458.138557832143
2020-04-02,656,865.997413195928
2020-04-02,1181,278.769227049791
2020-04-02,458,196.896337255294
2020-04-02,265,433.158915220238
2020-04-02,1861,1501.02397024434
2020-04-02,1290,891.472674329957
2020-04-02,1040,1238.59554453548
2020-04-02,1489,1135.26424114453
2020-04-02,371,929.832784840413
2020-04-02,1826,1038.67881968385
2020-04-02,1383,1150.66984470729
2020-04-02,829,1017.09966537077
2020-04-02,774,760.110669389251
2020-04-02,2085,1744.99341798555
2020-04-02,1717,2005.1338023842
2020-04-02,819,916.922813371398
2020-04-02,814,1865.87089105863
2020-04-02,3522,1950.85174016775
2020-04-02,2691,1253.21844820963
2020-04-02,2806,1437.9034999883
2020-04-02,681,2209.75555342012
2020-04-02,1258,1447.63118460574
2020-04-02,932,1479.97650878234
2020-04-02,1167,1199.72327030836
2020-04-02,1019,1216.45689536709
2020-04-02,2403,1763.42962612985
2020-04-02,663,1259.4329458948
2020-04-02,3443,1919.90184796967
2020-04-02,1270,1186.37673865785
2020-04-02,1695,1102.92872400101
2020-04-02,1044,1135.76615348228
2020-04-02,692,879.857656239578
2020-04-02,2066,732.92229509745
2020-04-02,858,1135.52531445926
2020-04-02,1051,1128.78981506236
2020-04-02,1213,1341.20630849745
2020-04-02,628,852.045785963388
2020-04-02,1148,531.023645063491
2020-04-02,839,527.721762994059
2020-04-02,764,600.105326085922
2020-04-02,975,1045.92232819402
2020-04-02,1196,1072.15916244042
2020-04-02,1678,927.749914920116
2020-04-02,1118,1012.66121388888
2020-04-02,846,760.737544826721
2020-04-02,693,470.26921340585
2020-04-02,560,810.133173466179
2020-04-02,655,1546.19828773803
2020-04-02,394,859.035783194167
2020-04-02,1030,692.053180404179
2020-04-02,649,768.604692671504
2020-04-02,625,643.851707757706
2020-04-02,627,1156.11724642458
2020-04-02,1109,953.53874769062
2020-04-02,569,496.222707934384
2020-04-02,706,562.992838682461
2020-04-02,571,1047.81547170457
2020-04-02,891,744.495544918125
2020-04-02,789,1115.60019603424
2020-04-02,678,693.161574832067
2020-04-02,426,492.298636299365
2020-04-02,1154,1481.61996842481
2020-04-02,1079,1352.59677912935
2020-04-02,273,712.300955626558
2020-04-02,572,297.639259199165
2020-04-02,840,710.904770931505
2020-04-02,775,1331.823213087
2020-04-02,957,761.516395837341
2020-04-02,538,865.318663129919
2020-04-02,408,789.819958297248
2020-04-02,1143,821.936271922193
2020-04-02,715,841.581855670433
2020-04-02,1663,933.469160250825
2020-04-02,1622,1861.1162208423
2020-04-02,1012,1007.64266020372
2020-04-02,1104,805.787272243357
2020-04-02,1014,947.020550395639
2020-04-02,675,1217.28732539935
2020-04-02,901,1484.21117685832
2020-04-02,985,1358.10667219845
2020-04-02,1009,1000.62757883182
2020-04-02,1474,994.846220753407
2020-04-02,985,880.158917146192
2020-04-02,1229,1135.90859662017
2020-04-02,1492,1160.38197670722
2020-04-02,1199,1282.02980651568
2020-04-02,1323,1083.91478354392
2020-04-02,1416,845.722222341255
2020-04-03,753,877.140775096388
2020-04-03,331,836.885996901031
2020-04-03,379,855.614351729521
2020-04-03,445,1449.51544366675
2020-04-03,708,576.161731513353
2020-04-03,504,959.218625734038
2020-04-03,461,386.532755441549
2020-04-03,333,758.684844974859
2020-04-03,740,653.271791467938
2020-04-03,498,542.354865928655
2020-04-03,425,586.611280994961
2020-04-03,1332,469.092461797431
2020-04-03,930,651.565370694946
2020-04-03,1122,498.240430009319
2020-04-03,932,171.720610735363
2020-04-03,1240,1142.67175914132
2020-04-03,929,750.992063400309
2020-04-03,1061,685.105777151394
2020-04-03,276,856.482098571153
2020-04-03,2009,1462.65124807173
2020-04-03,1733,604.354356390046
2020-04-03,1236,1457.20541053224
2020-04-03,1431,860.05656569755
2020-04-03,1767,885.82350948883
2020-04-03,1405,1033.76752308328
2020-04-03,1971,934.537813654455
2020-04-03,999,2208.04087725965
2020-04-03,523,1286.92596330534
2020-04-03,452,677.944147539734
2020-04-03,874,1646.54074385328
2020-04-03,712,1465.76237510272
2020-04-03,1414,1004.9393565881
2020-04-03,1716,798.730341857076
2020-04-03,1601,1305.8541351367
2020-04-03,1234,527.122833129844
2020-04-03,1113,1812.93946411107
2020-04-03,1118,849.292879064055
2020-04-03,1162,1579.58811556744
2020-04-03,1611,1408.09784732836
2020-04-03,2378,1523.71089744773
2020-04-03,1237,961.908507886011
2020-04-03,620,843.32386665953
2020-04-03,1118,768.413950638909
2020-04-03,593,511.586164313685
2020-04-03,864,1381.56533589689
2020-04-03,1182,924.729877114489
2020-04-03,1395,933.707070253288
2020-04-03,1237,726.31303035765
2020-04-03,687,1353.83557605595
2020-04-03,768,952.825877768595
2020-04-03,970,624.00225266154
2020-04-03,1090,998.527299792826
2020-04-03,1003,628.611128160607
2020-04-03,2055,1350.96853030049
2020-04-03,1291,1704.78812626857
2020-04-03,2582,2094.47152065689
2020-04-03,1728,1485.60207009361
2020-04-03,1183,1514.60057938867
2020-04-03,2469,1360.49511428082
2020-04-03,875,1884.19294525921
2020-04-03,1689,1454.87659836981
2020-04-03,3742,1818.2117883395
2020-04-03,1424,1233.34022980036
2020-04-03,1141,1865.40892732517
2020-04-03,2478,1074.96516472663
2020-04-03,1728,1759.90948922537
2020-04-03,1415,1266.83074065903
2020-04-03,2134,1202.05138256547
2020-04-03,1797,1462.64955675639
2020-04-03,459,1088.81755553187
2020-04-03,697,1810.91983352596
2020-04-03,1096,1111.27775940441
2020-04-03,1228,905.224682338161
2020-04-03,899,921.755179003645
2020-04-03,1014,1053.65918755782
2020-04-03,1708,1076.65942934199
2020-04-03,1046,1645.51363756234
2020-04-03,1491,1177.12552279969
2020-04-03,2117,1306.30651195649
2020-04-03,285,524.449768125176
2020-04-03,394,458.113522061415
2020-04-03,527,335.047292168642
2020-04-03,555,259.939958068661
2020-04-03,664,545.276111628889
2020-04-03,308,373.396013287984
2020-04-03,483,410.70522017488
2020-04-03,625,481.032248627004
2020-04-03,382,590.06122566228
2020-04-03,959,409.807391659721
2020-04-03,620,732.066758220097
2020-04-03,819,769.588101709011
2020-04-03,1550,657.85038494894
2020-04-03,714,797.092029521159
2020-04-03,805,736.221603416696
2020-04-03,210,370.338356799755
2020-04-03,679,554.777450024266
2020-04-03,356,427.056854618638
2020-04-03,580,516.659743298219
2020-04-03,448,533.327474843784
2020-04-03,346,439.480650135319
2020-04-03,475,386.170342263433
2020-04-03,631,689.825863426323
2020-04-03,665,580.389407543042
2020-04-03,696,655.096572174743
2020-04-03,748,598.698214673788
2020-04-03,546,422.661582695593
2020-04-03,501,198.480017793824
2020-04-03,350,320.192680925538
2020-04-03,300,473.524468576537
2020-04-03,599,470.345335059918
2020-04-03,240,699.935957070831
2020-04-03,904,609.771402473035
2020-04-03,261,499.301803816254
2020-04-03,604,732.323518400668
2020-04-03,518,1549.63540281174
2020-04-03,1531,1158.19075265746
2020-04-03,712,745.138448790667
2020-04-03,647,765.609220156968
2020-04-03,846,810.477456832539
2020-04-03,1003,773.583009065921
2020-04-03,429,501.28541545475
2020-04-03,170,517.902511829127
2020-04-03,875,624.849472580663
2020-04-03,178,743.159683530888
2020-04-03,264,599.227897952935
2020-04-03,638,1227.91637265416
2020-04-03,983,615.537569718858
2020-04-03,842,438.413656566995
2020-04-03,0,578.632958793923
2020-04-03,1390,1426.63028246164
2020-04-03,1351,931.137196197304
2020-04-03,503,1132.57953088029
2020-04-03,896,646.846834407981
2020-04-03,739,1216.60407554432
2020-04-03,842,958.108969423103
2020-04-03,1199,1052.84903747443
2020-04-03,1207,901.522140425624
2020-04-03,990,1145.38108985862
2020-04-03,1816,1313.42747995202
2020-04-03,197,786.302101262119
2020-04-03,850,728.364313266692
2020-04-03,828,1037.90374264309
2020-04-03,711,872.821985073863
2020-04-03,1274,1111.40643847667
2020-04-03,1039,781.411175807292
2020-04-03,1424,941.0373818595
2020-04-03,904,870.193939254528
2020-04-03,1382,995.410235705673
2020-04-03,1142,957.142029623919
2020-04-03,706,665.605112504263
2020-04-03,723,581.303544648961
2020-04-03,900,1020.68581046479
2020-04-03,1061,1003.40090746728
2020-04-03,760,1233.54759013587
2020-04-03,1161,1398.30587597343
2020-04-03,1305,1221.50722575342
2020-04-03,1196,1070.79266777871
2020-04-03,977,662.952527396666
2020-04-03,778,857.554529285588
2020-04-03,1021,832.085460903471
2020-04-03,1055,784.381526194399
2020-04-03,710,571.027096057328
2020-04-03,394,622.999468796799
2020-04-03,606,507.882384149885
2020-04-03,490,547.163152591997
2020-04-03,513,819.840332918191
2020-04-03,623,914.656924722019
2020-04-03,657,821.716346185097
2020-04-03,894,696.207149890735
2020-04-03,450,753.025854885326
2020-04-03,754,824.824981802834
2020-04-03,997,599.248488689821
2020-04-03,357,544.684928300199
2020-04-03,791,472.567389824839
2020-04-03,368,499.286754536775
2020-04-03,557,511.918648005719
2020-04-03,857,497.927516075592
2020-04-03,431,360.162347686085
2020-04-03,320,574.124629352259
2020-04-03,484,557.453161357719
2020-04-03,643,912.304443537488
2020-04-03,599,777.318217284485
2020-04-03,635,449.432772365787
2020-04-03,411,446.833185756378
2020-04-03,491,447.639653572171
2020-04-03,603,449.816436308328
2020-04-03,476,487.438990879179
2020-04-03,438,478.069744377228
2020-04-03,394,394.666706718426
2020-04-03,509,512.478834031659
2020-04-03,220,481.781375617429
2020-04-03,453,272.455655596595
2020-04-03,585,393.533279300353
2020-04-03,321,437.774606914502
2020-04-03,655,671.137255505841
2020-04-03,640,523.848896655968
2020-04-03,537,431.822108230019
2020-04-03,466,801.173212503829
2020-04-03,477,531.961999680206
2020-04-03,1037,878.185851678195
2020-04-03,680,1106.66112135917
2020-04-03,425,606.508904034754
2020-04-03,481,550.961751768335
2020-04-03,723,633.69749878495
2020-04-03,425,635.929275325727
2020-04-03,581,390.536147777819
2020-04-03,650,686.046541213058
2020-04-03,445,640.210384018298
2020-04-03,664,514.66443080015
2020-04-03,736,528.183885514594
2020-04-03,558,530.645793576737
2020-04-03,462,394.154592745954
2020-04-03,694,735.748479120636
2020-04-03,403,355.829190297314
2020-04-03,180,422.744636139705
2020-04-03,501,369.860981427549
2020-04-03,426,399.542685477045
2020-04-03,111,423.980342916892
2020-04-03,592,343.02411119568
2020-04-03,360,440.117413349792
2020-04-03,354,343.437701017484
2020-04-03,438,364.479958152541
2020-04-03,482,442.305281968607
2020-04-03,363,596.676215329679
2020-04-03,820,505.367668474506
2020-04-03,620,313.135821316297
2020-04-03,402,493.384830107091
2020-04-03,291,429.108388518078
2020-04-03,307,405.891828923093
2020-04-03,170,382.384552124659
2020-04-03,424,689.380555469077
2020-04-03,586,834.538602920314
2020-04-03,564,517.945544500019
2020-04-03,792,827.45446735951
2020-04-03,585,726.761232767344
2020-04-03,823,508.468540428579
2020-04-03,805,613.661180308252
2020-04-03,883,587.509599238598
2020-04-03,912,731.139188805301
2020-04-03,752,661.943986904442
2020-04-03,750,472.537274745736
2020-04-03,763,1059.63960100334
2020-04-03,653,732.872472224164
2020-04-03,1022,583.304506174503
2020-04-03,749,668.843494845258
2020-04-03,649,1010.12133966856
2020-04-03,320,493.218534209014
2020-04-03,801,1025.57887739703
2020-04-03,1335,756.483406292398
2020-04-03,1391,1431.19842253933
2020-04-03,1281,865.402326864633
2020-04-03,1069,945.158046864954
2020-04-03,963,894.715889403682
2020-04-03,1424,1176.8797043596
2020-04-03,1234,864.831388207369
2020-04-03,1383,1294.31528995866
2020-04-03,929,1306.40155218801
2020-04-03,944,820.508701646585
2020-04-03,1338,1132.96134963627
2020-04-03,666,896.257107685385
2020-04-03,1259,1439.10836244019
2020-04-03,1339,754.049804673264
2020-04-03,1510,1142.82062865171
2020-04-03,980,938.054889643827
2020-04-03,1434,877.208145477995
2020-04-03,1348,1041.75467280894
2020-04-03,1274,931.182792607803
2020-04-03,1207,1148.43049955521
2020-04-03,1053,935.877739395586
2020-04-03,1667,511.447705924211
2020-04-03,1149,636.746800672221
2020-04-03,1386,1350.32257943044
2020-04-03,128,189.040594562074
2020-04-03,73,232.885011563422
2020-04-03,336,147.479840799018
2020-04-03,96,207.672111864231
2020-04-03,145,193.475625628221
2020-04-03,185,112.397528347502
2020-04-03,111,220.80394433606
2020-04-03,117,307.669188627012
2020-04-03,374,350.04562234399
2020-04-03,269,310.442393439523
2020-04-03,386,380.391733196937
2020-04-03,674,329.628290527202
2020-04-03,564,652.015495551636
2020-04-03,325,275.296624132337
2020-04-03,373,306.062643758457
2020-04-03,374,365.662121115805
2020-04-03,633,448.980463741044
2020-04-03,437,550.593568764404
2020-04-03,380,412.750344758608
2020-04-03,657,536.197176620183
2020-04-03,382,608.67434523646
2020-04-03,650,312.082645159666
2020-04-03,208,488.688031799772
2020-04-03,466,378.586637041223
2020-04-03,318,433.085076227931
2020-04-03,558,429.661804381933
2020-04-03,409,266.769093517237
2020-04-03,578,416.99987985471
2020-04-03,228,370.643505969421
2020-04-03,264,382.031151244574
2020-04-03,248,339.184291214216
2020-04-03,239,226.984005811594
2020-04-03,283,349.058357837578
2020-04-03,123,241.768914482077
2020-04-03,231,368.209869258796
2020-04-03,318,219.343972300165
2020-04-03,205,298.447944124131
2020-04-03,233,291.643421654349
2020-04-03,105,198.858973063044
2020-04-03,264,233.981720431258
2020-04-03,311,428.717943160421
2020-04-03,545,170.858029311242
2020-04-03,274,374.256167776667
2020-04-03,211,275.201438234042
2020-04-03,323,427.936750071281
2020-04-03,189,303.54750094051
2020-04-03,482,344.146171568368
2020-04-03,392,303.545663532836
2020-04-03,554,430.042807299306
2020-04-03,411,430.306745260603
2020-04-03,365,484.245880811095
2020-04-03,487,534.766505172774
2020-04-03,528,627.892531977507
2020-04-03,423,286.522907474293
2020-04-03,825,602.402060983882
2020-04-03,392,444.681340467462
2020-04-03,193,418.616386923438
2020-04-03,196,377.207193976767
2020-04-03,438,292.319362942123
2020-04-03,683,517.472076644316
2020-04-03,865,780.408419676006
2020-04-03,458,737.936974359091
2020-04-03,841,449.251138978477
2020-04-03,466,441.790017660296
2020-04-03,228,335.799346555843
2020-04-03,251,677.7532980768
2020-04-03,429,426.490142784023
2020-04-03,364,496.13129539348
2020-04-03,481,490.89321857849
2020-04-03,453,505.441319945593
2020-04-03,298,292.419500371417
2020-04-03,686,321.1439422046
2020-04-03,421,421.621435806484
2020-04-03,150,271.225739742823
2020-04-03,337,447.097739062864
2020-04-03,166,354.343046753498
2020-04-03,680,321.452880486075
2020-04-03,243,400.800572420877
2020-04-03,353,371.652363061651
2020-04-03,169,209.906318705671
2020-04-03,212,224.065714956613
2020-04-03,206,280.764352122473
2020-04-03,414,272.233549134167
2020-04-03,561,277.763029028272
2020-04-03,300,291.741639387475
2020-04-03,486,263.587225915565
2020-04-03,269,424.855523766051
2020-04-03,152,237.227319767251
2020-04-03,760,293.482218323049
2020-04-03,258,233.637754744813
2020-04-03,379,392.898362292429
2020-04-03,379,380.519836038628
2020-04-03,143,368.867333614847
2020-04-03,330,275.620929039625
2020-04-03,281,286.01788112023
2020-04-03,240,402.819107526446
2020-04-03,0,181.115446113555
2020-04-03,771,602.758219508982
2020-04-03,720,570.972559579966
2020-04-03,608,659.787273092547
2020-04-03,535,734.715350695405
2020-04-03,750,601.194764824085
2020-04-03,355,463.758464526015
2020-04-03,394,624.623977665669
2020-04-03,533,535.085452752177
2020-04-03,637,755.907080784102
2020-04-03,944,949.463787122326
2020-04-03,741,664.358618947173
2020-04-03,935,591.736147098884
2020-04-03,904,914.179082217242
2020-04-03,325,568.807075188692
2020-04-03,954,469.696503819828
2020-04-03,474,497.68295533588
2020-04-03,635,563.169122823921
2020-04-03,576,753.583812219984
2020-04-03,796,644.085380529388
2020-04-03,482,551.631459297195
2020-04-03,346,396.779854488887
2020-04-03,564,589.589913775007
2020-04-03,427,453.005034541166
2020-04-03,551,634.680924718861
2020-04-03,662,885.580884014341
2020-04-03,1909,1132.04373696941
2020-04-03,839,845.66522893903
2020-04-03,822,697.062134022186
2020-04-03,582,683.206994149174
2020-04-03,850,765.554384365821
2020-04-03,561,360.82690653836
2020-04-03,547,488.12741846008
2020-04-03,468,677.106789641914
2020-04-03,334,555.302012364102
2020-04-03,1243,628.131148612228
2020-04-03,235,360.65159664718
2020-04-03,353,333.750854819422
2020-04-03,225,266.380869656924
2020-04-03,521,424.039215182829
2020-04-03,368,512.374678971499
2020-04-03,144,329.371710496046
2020-04-03,189,381.569385027982
2020-04-03,243,300.695492257721
2020-04-03,346,319.28459752694
2020-04-03,487,192.46086508255
2020-04-03,245,406.305270768921
2020-04-03,373,419.341729234554
2020-04-03,0,107.708419571718
2020-04-03,908,762.241530651523
2020-04-03,824,778.817251611557
2020-04-03,672,1191.63348420822
2020-04-03,1302,850.547963801187
2020-04-03,1834,978.944088877284
2020-04-03,600,812.081904325132
2020-04-03,579,1083.30513996123
2020-04-03,1944,1180.70127229607
2020-04-03,784,1451.16030877069
2020-04-03,1358,1840.15348951621
2020-04-03,694,546.137289909483
2020-04-03,960,1027.18399198688
2020-04-03,601,1016.84922409924
2020-04-03,656,816.324701201698
2020-04-03,1387,581.958224822298
2020-04-03,1037,964.421567608034
2020-04-03,1237,1063.35749168472
2020-04-03,632,912.956579001629
2020-04-03,895,1077.70255517693
2020-04-03,1135,1247.94640214854
2020-04-03,841,889.45989285134
2020-04-03,616,624.542201912189
2020-04-03,714,1151.87471728504
2020-04-03,608,1078.77877990757
2020-04-03,607,868.277163111799
2020-04-03,666,536.20257415471
2020-04-03,1157,856.415134051646
2020-04-03,836,1185.02742652749
2020-04-03,950,686.489318131789
2020-04-03,703,889.610829745407
2020-04-03,1008,644.990334109541
2020-04-03,811,960.711762714599
2020-04-03,717,448.162855068296
2020-04-03,768,667.1098553317
2020-04-03,613,766.767488058129
2020-04-03,454,885.673431427131
2020-04-03,1158,708.089255642838
2020-04-03,495,665.881863392058
2020-04-03,1270,1041.35486644131
2020-04-03,671,890.497173266174
2020-04-03,867,682.782284137044
2020-04-03,536,448.568052719312
2020-04-03,711,462.064297684745
2020-04-03,850,240.128493012417
2020-04-03,469,563.128517222863
2020-04-03,1043,1133.50404123738
2020-04-03,1131,703.461293029446
2020-04-03,1087,1074.67677717904
2020-04-03,1143,923.457483788763
2020-04-03,967,838.671630505188
2020-04-03,1122,1078.76732237378
2020-04-03,1576,1150.5231790772
2020-04-03,560,1168.48316985477
2020-04-03,773,802.510055337063
2020-04-03,1200,1137.99384654609
2020-04-03,679,889.66509768383
2020-04-03,991,1181.08902107211
2020-04-03,1709,1057.76514680935
2020-04-03,685,695.284215604597
2020-04-03,962,729.793031768573
2020-04-03,852,932.5394609418
2020-04-03,455,649.884571348825
2020-04-03,386,657.583308101935
2020-04-03,618,739.707998894728
2020-04-03,459,319.378086745498
2020-04-03,585,393.268340375497
2020-04-03,436,343.259665213252
2020-04-03,577,804.997182804714
2020-04-03,341,543.08555727318
2020-04-03,1103,836.906655304557
2020-04-03,809,866.296311474069
2020-04-03,1354,1517.42937089051
2020-04-03,569,1517.89382386033
2020-04-03,645,739.69254798707
2020-04-03,962,717.749037894909
2020-04-03,739,838.581027291857
2020-04-03,592,648.79277604323
2020-04-03,632,869.808379161529
2020-04-03,1084,618.442922316214
2020-04-03,711,702.785416247751
2020-04-03,940,772.445632523289
2020-04-03,831,1203.12693116417
2020-04-03,673,795.657161424354
2020-04-03,900,1007.97274066163
2020-04-03,687,973.136702014608
2020-04-03,314,287.168917224057
2020-04-03,455,301.526396663016
2020-04-03,116,277.895996755886
2020-04-03,561,403.081252123567
2020-04-03,339,300.37573134303
2020-04-03,73,404.830211990839
2020-04-03,264,304.57817506488
2020-04-03,361,224.14083353076
2020-04-03,270,204.938006225594
2020-04-03,155,214.186362131312
2020-04-03,245,152.36681914391
2020-04-03,226,225.017882283437
2020-04-03,105,183.10336059925
2020-04-03,195,190.24744499333
2020-04-03,115,193.704360976562
2020-04-03,208,209.999094230372
2020-04-03,353,194.330902959613
2020-04-03,255,325.278488945321
2020-04-03,199,214.220092004369
2020-04-03,126,185.042320855052
2020-04-03,229,140.851061015839
2020-04-03,185,133.636030582057
2020-04-03,81,124.619116908861
2020-04-03,414,194.752733537908
2020-04-03,91,230.061346789279
2020-04-03,149,284.340764393409
2020-04-03,79,275.314468722902
2020-04-03,878,201.939654437956
2020-04-03,83,362.743946619205
2020-04-03,54,91.5386339707293
2020-04-03,19,46.178037634434
2020-04-03,92,118.346312759032
2020-04-03,120,163.745134424294
2020-04-03,173,229.688063267818
2020-04-03,149,141.392383285252
2020-04-03,165,121.321044538674
2020-04-03,110,163.567706216274
2020-04-03,231,134.019666449223
2020-04-03,70,104.738982707414
2020-04-03,190,246.076436563932
2020-04-03,135,217.364421652887
2020-04-03,225,283.769364881078
2020-04-03,209,201.509203375497
2020-04-03,193,159.818470212784
2020-04-03,202,160.317854216614
2020-04-03,107,114.302296362972
2020-04-03,156,200.972556074338
2020-04-03,222,258.18097608556
2020-04-03,231,150.540578309771
2020-04-03,200,182.437143123029
2020-04-03,96,200.521450025287
2020-04-03,49,236.457633743763
2020-04-03,233,199.009526157897
2020-04-03,157,261.172507236471
2020-04-03,80,215.170297341208
2020-04-03,273,194.28987836664
2020-04-03,36,178.858378683558
2020-04-03,86,166.902549162506
2020-04-03,296,277.984037616116
2020-04-03,265,274.587779495692
2020-04-03,381,277.609121729059
2020-04-03,199,371.426495470008
2020-04-03,232,668.113274264279
2020-04-03,550,272.232934488428
2020-04-03,293,275.821441889259
2020-04-03,295,242.778689621132
2020-04-03,202,235.696097719258
2020-04-03,348,288.604600738956
2020-04-03,244,281.89006004791
2020-04-03,324,470.164543143919
2020-04-03,507,464.367801521861
2020-04-03,330,423.927402814518
2020-04-03,806,826.838599201309
2020-04-03,861,536.57577698287
2020-04-03,385,721.012130958319
2020-04-03,372,368.729710198458
2020-04-03,170,288.521348204521
2020-04-03,232,276.479531458153
2020-04-03,356,458.542029754964
2020-04-03,408,373.951456505852
2020-04-03,64,186.255617471312
2020-04-03,553,328.409785049763
2020-04-03,401,306.124999132996
2020-04-03,154,551.208288949658
2020-04-03,252,266.270180375858
2020-04-03,106,182.074231966525
2020-04-03,217,173.025549619727
2020-04-03,197,279.33238554705
2020-04-03,392,264.252931722858
2020-04-03,153,478.320771316028
2020-04-03,732,378.31069189923
2020-04-03,390,417.396175535326
2020-04-03,486,370.609106107337
2020-04-03,214,259.941593481515
2020-04-03,306,336.061843913813
2020-04-03,353,294.767625163719
2020-04-03,216,320.772440885759
2020-04-03,173,331.375469648175
2020-04-03,585,358.503802556408
2020-04-03,207,386.980959977438
2020-04-03,345,351.68069220859
2020-04-03,215,195.567097430691
2020-04-03,237,309.847595620049
2020-04-03,253,369.242952328159
2020-04-03,279,203.039223846433
2020-04-03,107,293.606251542893
2020-04-03,337,480.360282747911
2020-04-03,473,262.44595919434
2020-04-03,245,402.373015756893
2020-04-03,417,318.779698121563
2020-04-03,497,365.606389834823
2020-04-03,468,394.964295412232
2020-04-03,365,459.56648828619
2020-04-03,643,319.344173301688
2020-04-03,537,563.822607912177
2020-04-03,186,486.974745529199
2020-04-03,393,642.166804022236
2020-04-03,627,543.742876135198
2020-04-03,367,373.686279767976
2020-04-03,596,332.566443166717
2020-04-03,273,571.226995836514
2020-04-03,272,336.882632990208
2020-04-03,601,350.33076797691
2020-04-03,368,247.233520592182
2020-04-03,136,454.930359467091
2020-04-03,153,321.780908783337
2020-04-03,441,563.891856773727
2020-04-03,307,318.040559448676
2020-04-03,448,562.154136189434
2020-04-03,625,464.89694205826
2020-04-03,415,403.966835959343
2020-04-03,275,473.279666633218
2020-04-03,400,335.070776286492
2020-04-03,521,386.901247995862
2020-04-03,271,395.676218347221
2020-04-03,356,416.125203393576
2020-04-03,1803,1270.69045512853
2020-04-03,870,1246.51965151965
2020-04-03,1542,1097.49069114807
2020-04-03,942,2266.40725099457
2020-04-03,1148,735.446286907829
2020-04-03,342,727.643252572685
2020-04-03,1885,1562.24301445548
2020-04-03,776,1071.90000791516
2020-04-03,764,636.828944440883
2020-04-03,1443,942.584271778918
2020-04-03,1784,1180.2177775873
2020-04-03,663,673.687135642931
2020-04-03,822,650.332361914635
2020-04-03,255,258.987384750108
2020-04-03,372,354.998550184159
2020-04-03,288,413.104399833147
2020-04-03,528,290.749489089867
2020-04-03,202,196.804685156572
2020-04-03,193,277.679136210844
2020-04-03,453,290.094102365961
2020-04-03,361,335.206618312806
2020-04-03,399,403.231121820976
2020-04-03,638,523.195787165214
2020-04-03,593,546.176261074074
2020-04-03,356,815.895590254508
2020-04-03,551,930.163712903963
2020-04-03,680,799.81802885092
2020-04-03,651,588.500728510323
2020-04-03,922,857.684281669875
2020-04-03,725,452.38224705787
2020-04-03,572,718.772943158991
2020-04-03,473,579.364505910162
2020-04-03,1078,792.839086065413
2020-04-03,538,581.281642697313
2020-04-03,513,557.010382695008
2020-04-03,434,562.749986175525
2020-04-03,308,553.70566677459
2020-04-03,547,609.672804982949
2020-04-03,588,501.745179901636
2020-04-03,1138,904.338311382179
2020-04-03,332,561.89218040325
2020-04-03,830,789.793271606807
2020-04-03,1479,1671.34014910757
2020-04-03,2102,1427.84244204498
2020-04-03,527,602.960463280721
2020-04-03,887,1101.60482940337
2020-04-03,642,806.236848303827
2020-04-03,795,1080.28816094993
2020-04-03,395,887.660783159005
2020-04-03,688,874.596508248179
2020-04-03,1184,665.85784762096
2020-04-03,1325,1130.79938106501
2020-04-03,658,947.417314623103
2020-04-03,799,1118.20311087534
2020-04-03,500,388.572833929345
2020-04-03,612,620.975192447442
2020-04-03,1113,963.894992683336
2020-04-03,631,833.795264650745
2020-04-03,1192,1116.36712147442
2020-04-03,1085,1042.42875746598
2020-04-03,482,510.459160660803
2020-04-03,780,394.584101267083
2020-04-03,792,766.700264439804
2020-04-03,188,251.669326648675
2020-04-03,434,288.634834806608
2020-04-03,237,179.433869456895
2020-04-03,274,315.493351493255
2020-04-03,49,168.796086018787
2020-04-03,1423,991.630526394109
2020-04-03,772,1074.12278261582
2020-04-03,1633,1636.79821629067
2020-04-03,1176,912.507010541897
2020-04-03,1867,1368.04927442203
2020-04-03,1236,1339.70959817474
2020-04-03,451,760.963787740719
2020-04-03,1187,1452.74830812257
2020-04-03,838,760.026870016534
2020-04-03,1011,1151.48629346697
2020-04-03,596,504.895431379532
2020-04-03,2135,1295.04924393495
2020-04-03,1792,1158.15239427672
2020-04-03,1054,1265.32312923355
2020-04-03,314,735.545063237746
2020-04-03,1038,794.083839760565
2020-04-03,1057,841.677153291284
2020-04-03,658,557.188185507258
2020-04-03,360,706.346908165352
2020-04-03,634,643.199994747886
2020-04-03,382,486.445267632474
2020-04-03,382,515.837839271608
2020-04-03,456,691.298569347439
2020-04-03,842,745.915683649018
2020-04-03,498,637.254465048344
2020-04-03,311,576.999413590792
2020-04-03,749,670.235680258037
2020-04-03,801,719.085959492453
2020-04-03,603,379.98541325579
2020-04-03,329,397.828350986903
2020-04-03,238,239.199220244283
2020-04-03,582,433.652573538627
2020-04-03,410,372.261048466103
2020-04-03,1176,567.19886337968
2020-04-03,514,416.837112232344
2020-04-03,595,706.665217440394
2020-04-03,347,997.844131351987
2020-04-03,410,676.518721339736
2020-04-03,433,468.800085077401
2020-04-03,459,273.236935050249
2020-04-03,677,388.674641602276
2020-04-03,657,684.311289394623
2020-04-03,584,520.808666180232
2020-04-03,596,826.06960104615
2020-04-03,660,815.65559416891
2020-04-03,678,622.724670770953
2020-04-03,721,644.022057974257
2020-04-03,582,770.167472459553
2020-04-03,765,573.267940802386
2020-04-03,769,923.492101722501
2020-04-03,621,472.702734353982
2020-04-03,744,710.753181063084
2020-04-03,532,451.863343836532
2020-04-03,153,451.232710100151
2020-04-03,477,533.235579097793
2020-04-03,295,697.128912813519
2020-04-03,771,752.904917436825
2020-04-03,1224,1040.27362025484
2020-04-03,459,1075.97197824105
2020-04-03,790,1057.58442670568
2020-04-03,418,1018.40588462201
2020-04-03,798,1209.83212828592
2020-04-03,537,419.575400578606
2020-04-03,1214,743.026766284221
2020-04-03,388,529.946529621413
2020-04-03,773,559.345966583099
2020-04-03,564,981.929367790331
2020-04-03,482,1238.75845094653
2020-04-03,672,526.188582612332
2020-04-03,808,655.948483775574
2020-04-03,941,980.544990901385
2020-04-03,1077,764.023269106201
2020-04-03,879,579.847347173472
2020-04-03,757,877.12688400589
2020-04-03,638,902.314359583941
2020-04-03,523,710.013811345888
2020-04-03,818,481.497463354654
2020-04-03,465,491.982785538043
2020-04-03,767,661.473015418253
2020-04-03,393,337.087500684626
2020-04-03,495,622.456634376833
2020-04-03,858,1263.93480630036
2020-04-03,1317,1335.64046076249
2020-04-03,1449,1346.02448909142
2020-04-03,2335,1352.71464092863
2020-04-03,934,1128.64826256443
2020-04-03,1361,1749.87806722236
2020-04-03,534,736.268035477831
2020-04-03,2144,2161.00834322573
2020-04-03,3508,960.505322501571
2020-04-03,2843,1487.48925611106
2020-04-03,3253,2068.52157939568
2020-04-03,1973,1221.8718467652
2020-04-03,2853,1191.6120000165
2020-04-03,1455,1012.14560249769
2020-04-03,1033,1000.50789573684
2020-04-03,955,789.072790022792
2020-04-03,705,800.68703283574
2020-04-03,708,790.018908012126
2020-04-03,1216,966.395108519061
2020-04-03,613,1100.0641194975
2020-04-03,982,1158.73801168404
2020-04-03,1078,1181.72746111294
2020-04-03,357,807.971958104205
2020-04-03,841,854.512008113875
2020-04-03,2800,1370.21403898354
2020-04-03,558,573.813220546858
2020-04-03,2300,1837.84642463769
2020-04-03,1429,1229.89519734272
2020-04-03,1927,1103.40695250639
2020-04-03,347,446.348488962524
2020-04-03,817,1008.84059780639
2020-04-03,1194,1258.72805922943
2020-04-03,537,963.710542786833
2020-04-03,918,559.157066670839
2020-04-03,627,1319.1399247563
2020-04-03,1610,543.727467311719
2020-04-03,1605,1009.00377231349
2020-04-03,588,713.843356416179
2020-04-03,601,651.657728969597
2020-04-03,343,217.754809906297
2020-04-03,1233,1030.24416274368
2020-04-03,1137,875.621154517111
2020-04-03,793,768.214473130946
2020-04-03,590,850.198990420927
2020-04-03,433,613.675235773843
2020-04-03,923,824.34093865779
2020-04-03,915,584.237701274183
2020-04-03,511,735.898231033975
2020-04-03,536,916.12749107717
2020-04-03,2116,1447.56240942653
2020-04-03,3782,1423.67563974692
2020-04-03,790,1137.82636299102
2020-04-03,1305,1011.60618273962
2020-04-03,1228,2023.0766898865
2020-04-03,1305,1365.60841067085
2020-04-03,1668,1183.82100129977
2020-04-03,663,1358.24770333251
2020-04-03,785,875.63554601286
2020-04-03,1251,1059.26844493018
2020-04-03,1403,888.372834470574
2020-04-03,2859,1925.20792798321
2020-04-03,2382,1085.68198176811
2020-04-03,1597,1427.02147629909
2020-04-03,1316,882.036820343375
2020-04-03,2407,1285.75685775602
2020-04-03,448,829.412097508237
2020-04-03,676,804.556818742848
2020-04-03,1539,770.875670332876
2020-04-03,1318,1078.86930968354
2020-04-03,857,324.908416157554
2020-04-03,565,603.206894621518
2020-04-03,628,133.676979738702
2020-04-03,352,164.969592049202
2020-04-03,955,1219.96640402087
2020-04-03,474,464.138819987776
2020-04-03,437,450.463662063252
2020-04-03,664,860.479645942192
2020-04-03,1121,279.609032606178
2020-04-03,436,192.018519811454
2020-04-03,283,422.200250033945
2020-04-03,1874,1485.32235887529
2020-04-03,1310,901.244828990679
2020-04-03,1052,1234.05726363523
2020-04-03,1478,1153.31134299368
2020-04-03,381,932.066884672386
2020-04-03,1715,1042.99381951011
2020-04-03,1326,1143.79601202966
2020-04-03,863,1026.64499788758
2020-04-03,818,771.998532621218
2020-04-03,2172,1740.84788683824
2020-04-03,1749,2005.18830325044
2020-04-03,763,913.389711372466
2020-04-03,906,1848.32620278698
2020-04-03,3349,1895.57871133859
2020-04-03,2569,1216.89638055487
2020-04-03,2711,1380.3003663202
2020-04-03,641,2153.58761347892
2020-04-03,1225,1398.82583212421
2020-04-03,879,1430.50794847027
2020-04-03,1186,1154.1932755379
2020-04-03,1045,1170.63016096908
2020-04-03,2245,1730.80575269073
2020-04-03,650,1224.07990531489
2020-04-03,3447,1892.57365815566
2020-04-03,1170,1143.20834548536
2020-04-03,1660,1071.26100278204
2020-04-03,968,1101.87754826872
2020-04-03,697,880.01728209401
2020-04-03,2021,720.823044498769
2020-04-03,824,1112.49355735098
2020-04-03,1042,1121.34578370562
2020-04-03,1142,1327.83936342818
2020-04-03,590,838.392610882089
2020-04-03,1110,538.280676942843
2020-04-03,836,521.956394338293
2020-04-03,755,609.326431519472
2020-04-03,1009,1053.06498887347
2020-04-03,1280,1051.44060217935
2020-04-03,1543,891.464063837184
2020-04-03,980,979.512616965181
2020-04-03,846,708.627893530838
2020-04-03,647,445.163772379474
2020-04-03,565,815.728801080386
2020-04-03,669,1560.95167761848
2020-04-03,380,881.923778382112
2020-04-03,1056,706.324812952215
2020-04-03,663,782.816433065582
2020-04-03,610,657.638517232926
2020-04-03,650,1157.38190325887
2020-04-03,1127,958.864194217186
2020-04-03,607,500.534872827427
2020-04-03,709,572.839162110875
2020-04-03,570,1062.65541332624
2020-04-03,940,753.274360671405
2020-04-03,811,1119.92069961092
2020-04-03,677,710.683802806467
2020-04-03,421,503.189253229445
2020-04-03,1107,1444.4997890966
2020-04-03,1041,1329.55113207897
2020-04-03,315,686.015876025785
2020-04-03,544,291.251192633967
2020-04-03,749,703.163502501294
2020-04-03,761,1259.24147032972
2020-04-03,990,726.364991610049
2020-04-03,550,846.839216330304
2020-04-03,397,769.579456038051
2020-04-03,1057,799.863566165769
2020-04-03,711,804.559902910942
2020-04-03,1660,893.016297687789
2020-04-03,1598,1879.76811524397
2020-04-03,994,1011.99393820688
2020-04-03,1152,798.970877118652
2020-04-03,1012,949.11225492876
2020-04-03,689,1210.56868820669
2020-04-03,918,1481.59644778898
2020-04-03,958,1368.59187269054
2020-04-03,1089,997.899711422058
2020-04-03,1509,996.886463247411
2020-04-03,981,886.641402011022
2020-04-03,1223,1131.73740032695
2020-04-03,1425,1163.78805484984
2020-04-03,1204,1288.08177960511
2020-04-03,1294,1084.38887750608
2020-04-03,1445,835.458318931634
2020-04-04,639,792.512024829547
2020-04-04,274,728.691118549168
2020-04-04,345,762.925500171357
2020-04-04,405,1280.75964411088
2020-04-04,599,508.530201240078
2020-04-04,453,824.859158872551
2020-04-04,399,341.232172191497
2020-04-04,303,643.291422548345
2020-04-04,630,567.440639338162
2020-04-04,434,478.243381308867
2020-04-04,369,509.44747793686
2020-04-04,1208,411.967623074704
2020-04-04,841,570.197968346948
2020-04-04,995,433.332123303568
2020-04-04,846,150.730068102775
2020-04-04,1060,973.988302884455
2020-04-04,749,636.708570075825
2020-04-04,889,572.213620758096
2020-04-04,208,716.748471425537
2020-04-04,1621,1264.69384311179
2020-04-04,1478,497.185750825675
2020-04-04,1008,1228.46248938413
2020-04-04,1204,742.29361923891
2020-04-04,1561,743.898394551046
2020-04-04,1226,892.511608911922
2020-04-04,1775,800.359793914604
2020-04-04,903,1906.40662817814
2020-04-04,450,1124.53658365648
2020-04-04,374,576.891867277227
2020-04-04,697,1414.65298242692
2020-04-04,595,1240.96632206142
2020-04-04,1241,847.495878611871
2020-04-04,1343,663.569706495893
2020-04-04,1349,1108.03505287954
2020-04-04,1028,442.871912916634
2020-04-04,932,1528.09455105866
2020-04-04,985,715.709470560423
2020-04-04,946,1356.46266193946
2020-04-04,1374,1170.07344037293
2020-04-04,2048,1260.77332440021
2020-04-04,1054,818.390680127744
2020-04-04,523,719.94658408233
2020-04-04,991,664.400688749739
2020-04-04,568,445.102504170055
2020-04-04,754,1193.114313801
2020-04-04,1051,802.22214909034
2020-04-04,1243,789.268568172938
2020-04-04,1101,626.532159471816
2020-04-04,541,1162.70257777747
2020-04-04,659,809.354223440066
2020-04-04,869,535.799456226797
2020-04-04,959,869.838562696079
2020-04-04,850,539.990082577416
2020-04-04,1719,1144.20218139128
2020-04-04,1061,1470.11104289866
2020-04-04,2361,1818.18504092201
2020-04-04,1590,1272.36248584622
2020-04-04,1015,1301.8225740882
2020-04-04,2101,1194.87963198195
2020-04-04,704,1661.20192025576
2020-04-04,1439,1265.60965477145
2020-04-04,3347,1603.9785537834
2020-04-04,1212,1079.83820729135
2020-04-04,1032,1639.98460087741
2020-04-04,2158,932.714731331238
2020-04-04,1512,1561.89557506116
2020-04-04,1208,1142.92605456785
2020-04-04,1913,1094.92982435167
2020-04-04,1692,1298.42683597255
2020-04-04,423,985.115157620377
2020-04-04,667,1605.88728537015
2020-04-04,969,979.035061228043
2020-04-04,1053,793.896250814465
2020-04-04,803,795.378192497717
2020-04-04,866,931.460300668128
2020-04-04,1480,952.718608683552
2020-04-04,934,1451.20892598566
2020-04-04,1233,1038.87902971061
2020-04-04,1905,1137.70690581178
2020-04-04,225,444.301102564829
2020-04-04,339,397.550189427621
2020-04-04,468,285.650831425098
2020-04-04,469,213.411219394913
2020-04-04,551,459.482952409491
2020-04-04,256,315.720724152766
2020-04-04,431,351.708623135376
2020-04-04,486,407.531922606319
2020-04-04,332,501.239214610958
2020-04-04,867,350.180642016379
2020-04-04,492,639.045115040543
2020-04-04,720,654.628129355275
2020-04-04,1384,563.176911942083
2020-04-04,600,703.376495150545
2020-04-04,684,644.02637639081
2020-04-04,187,322.5549424339
2020-04-04,578,486.995270693592
2020-04-04,317,374.619059466819
2020-04-04,520,452.512537192429
2020-04-04,389,464.214186787398
2020-04-04,291,376.578049433331
2020-04-04,412,333.354274832706
2020-04-04,579,587.369220144873
2020-04-04,554,495.287436886939
2020-04-04,597,586.251882882986
2020-04-04,698,534.580054104281
2020-04-04,514,379.363128123108
2020-04-04,438,168.164128751173
2020-04-04,303,271.994275711428
2020-04-04,246,417.111652031012
2020-04-04,503,400.636148431731
2020-04-04,194,617.620218163558
2020-04-04,873,532.401601612064
2020-04-04,267,430.203743375704
2020-04-04,499,622.236447389731
2020-04-04,455,1310.929504182
2020-04-04,1346,978.56415741708
2020-04-04,669,645.691816503714
2020-04-04,572,683.070334778221
2020-04-04,769,717.169037348845
2020-04-04,801,675.78702632788
2020-04-04,353,433.422576785728
2020-04-04,147,457.311904010323
2020-04-04,804,542.513177082017
2020-04-04,138,650.894930480805
2020-04-04,232,530.447067242141
2020-04-04,534,1052.20743817585
2020-04-04,836,528.56544785389
2020-04-04,724,372.67147947931
2020-04-04,0,494.732001670135
2020-04-04,1182,1242.78951533578
2020-04-04,1180,820.559903169649
2020-04-04,416,984.296887663814
2020-04-04,776,562.875164190797
2020-04-04,609,1069.18341240193
2020-04-04,720,849.986511075714
2020-04-04,1064,950.678921962819
2020-04-04,1124,813.280750856619
2020-04-04,991,1022.17330449348
2020-04-04,1661,1159.88081478793
2020-04-04,171,697.764005564005
2020-04-04,799,643.90318470896
2020-04-04,760,906.540843277687
2020-04-04,681,775.130611774053
2020-04-04,1158,975.98302218686
2020-04-04,883,711.657107385101
2020-04-04,1244,827.805188370685
2020-04-04,823,762.350843730035
2020-04-04,1268,882.438826093365
2020-04-04,1008,859.041169450184
2020-04-04,604,580.736806112023
2020-04-04,665,503.160060009469
2020-04-04,782,885.630597180211
2020-04-04,1040,858.918149240924
2020-04-04,721,1078.34450386635
2020-04-04,1030,1224.83717722101
2020-04-04,1119,1105.64328346584
2020-04-04,1077,956.686811960791
2020-04-04,945,593.883053708633
2020-04-04,642,776.113736550918
2020-04-04,870,721.933242370931
2020-04-04,1027,700.879915163404
2020-04-04,678,534.256544945425
2020-04-04,388,583.478285171362
2020-04-04,548,469.789999902605
2020-04-04,407,502.749921841143
2020-04-04,454,743.262755807143
2020-04-04,559,842.46621010105
2020-04-04,583,755.607327309036
2020-04-04,822,654.927887883305
2020-04-04,401,675.68095556364
2020-04-04,688,759.478952828035
2020-04-04,954,546.420503168164
2020-04-04,322,508.684172460734
2020-04-04,794,431.32606304218
2020-04-04,332,470.68923335528
2020-04-04,511,479.316856375422
2020-04-04,777,467.374471277708
2020-04-04,400,335.982854934694
2020-04-04,301,530.475140720505
2020-04-04,445,506.200405347129
2020-04-04,565,837.641967266586
2020-04-04,533,723.333837009973
2020-04-04,586,426.752265426232
2020-04-04,352,409.770977976332
2020-04-04,410,407.486679546816
2020-04-04,526,404.853289916082
2020-04-04,418,451.887874890821
2020-04-04,424,434.694095669164
2020-04-04,359,362.891360766841
2020-04-04,439,457.137262861037
2020-04-04,168,433.044970910103
2020-04-04,410,240.944285560372
2020-04-04,567,351.347791244801
2020-04-04,305,387.268918936738
2020-04-04,601,579.318786550834
2020-04-04,558,464.42151821668
2020-04-04,456,378.565409011909
2020-04-04,397,690.97497248118
2020-04-04,415,462.454563935901
2020-04-04,834,773.663561306897
2020-04-04,562,973.901402351339
2020-04-04,361,529.865350004873
2020-04-04,459,473.141660389135
2020-04-04,655,551.702730452716
2020-04-04,371,555.471138109738
2020-04-04,484,345.473445921202
2020-04-04,584,603.649544431086
2020-04-04,389,559.430020830786
2020-04-04,593,441.32618674378
2020-04-04,552,461.883914892444
2020-04-04,519,456.459327853245
2020-04-04,416,342.77716467802
2020-04-04,557,646.313477398029
2020-04-04,342,324.522801310446
2020-04-04,168,375.65716527967
2020-04-04,512,329.943688471028
2020-04-04,386,367.46441225377
2020-04-04,107,373.511438676362
2020-04-04,539,309.737216393589
2020-04-04,296,373.750072504482
2020-04-04,306,291.850113882209
2020-04-04,412,315.756935173938
2020-04-04,409,400.169987696278
2020-04-04,352,546.872981392316
2020-04-04,749,463.414739950572
2020-04-04,558,283.750786716486
2020-04-04,369,451.663202296728
2020-04-04,277,391.740566506757
2020-04-04,275,372.332528729171
2020-04-04,148,354.625175607759
2020-04-04,397,594.338734149975
2020-04-04,562,737.833098413575
2020-04-04,503,457.455805372547
2020-04-04,687,706.953201813647
2020-04-04,527,626.577407121078
2020-04-04,722,448.96219231832
2020-04-04,689,557.763414534455
2020-04-04,836,531.303729083298
2020-04-04,806,621.753738915925
2020-04-04,716,563.204432688724
2020-04-04,634,407.519124414491
2020-04-04,574,905.341569541982
2020-04-04,535,624.46636257614
2020-04-04,843,511.10943963861
2020-04-04,629,555.207587529207
2020-04-04,506,865.023740559393
2020-04-04,287,419.040624004636
2020-04-04,674,878.572952424478
2020-04-04,1147,630.32534845304
2020-04-04,1146,1214.38282282209
2020-04-04,1018,749.759435232515
2020-04-04,904,796.581805030553
2020-04-04,795,755.990843275566
2020-04-04,1262,1020.47848892513
2020-04-04,1109,756.092254260288
2020-04-04,1138,1127.00387487239
2020-04-04,810,1121.31506901696
2020-04-04,847,712.898768049166
2020-04-04,1196,969.759405031611
2020-04-04,518,774.351136222906
2020-04-04,1085,1228.62820118259
2020-04-04,1112,638.021271719613
2020-04-04,1264,980.293514587224
2020-04-04,844,812.571727251838
2020-04-04,1244,764.322873260838
2020-04-04,1152,888.885352020493
2020-04-04,1227,776.906242899054
2020-04-04,947,987.362361600952
2020-04-04,887,785.160645108304
2020-04-04,1394,423.396845829676
2020-04-04,931,537.058733822828
2020-04-04,1153,1125.88472114797
2020-04-04,111,178.618382971182
2020-04-04,77,221.33545383027
2020-04-04,291,138.583475476909
2020-04-04,88,194.958877508486
2020-04-04,150,176.823371558827
2020-04-04,165,104.010236699751
2020-04-04,111,198.44488331869
2020-04-04,106,279.614330823706
2020-04-04,338,309.128319216277
2020-04-04,250,278.373453093894
2020-04-04,376,351.52657840502
2020-04-04,603,320.36802984228
2020-04-04,475,595.673931726247
2020-04-04,316,250.836379887942
2020-04-04,329,277.059382416994
2020-04-04,363,331.520274221835
2020-04-04,602,422.874205200527
2020-04-04,432,518.26838420161
2020-04-04,345,384.282372295759
2020-04-04,662,506.219388351244
2020-04-04,344,563.747955574559
2020-04-04,628,280.958567306574
2020-04-04,206,440.215627411822
2020-04-04,407,353.611215626318
2020-04-04,279,383.018718338281
2020-04-04,448,387.555546705839
2020-04-04,356,250.311808588303
2020-04-04,499,372.387491661473
2020-04-04,199,327.850547722374
2020-04-04,238,356.159787256716
2020-04-04,235,316.506250027653
2020-04-04,204,217.285816828518
2020-04-04,299,326.596811576124
2020-04-04,127,223.532611568534
2020-04-04,205,348.490628855856
2020-04-04,285,213.373824204033
2020-04-04,210,286.851796590758
2020-04-04,204,282.037801971169
2020-04-04,105,188.896681452491
2020-04-04,273,221.32934767165
2020-04-04,287,409.435868764482
2020-04-04,498,160.562367674776
2020-04-04,229,354.397297060063
2020-04-04,211,254.634981121314
2020-04-04,323,406.428439052221
2020-04-04,183,288.180958974111
2020-04-04,465,328.203399713587
2020-04-04,376,285.382010322871
2020-04-04,512,397.132660286972
2020-04-04,370,385.11519201789
2020-04-04,357,444.310291968271
2020-04-04,442,482.669226013282
2020-04-04,481,559.718399834215
2020-04-04,372,262.255599014828
2020-04-04,771,545.144787849754
2020-04-04,365,408.562783295293
2020-04-04,156,378.109375206282
2020-04-04,204,328.774028196815
2020-04-04,419,266.639533373839
2020-04-04,617,445.665188380859
2020-04-04,784,682.525533874289
2020-04-04,395,643.114603484552
2020-04-04,757,392.561118489436
2020-04-04,387,390.309559504165
2020-04-04,181,293.090193494176
2020-04-04,198,609.542647826905
2020-04-04,360,374.218452175981
2020-04-04,308,453.628521931927
2020-04-04,390,439.200783367125
2020-04-04,443,438.79216632648
2020-04-04,300,257.633589007738
2020-04-04,614,287.928872883676
2020-04-04,395,372.465508816554
2020-04-04,141,242.598607979982
2020-04-04,261,408.321926581172
2020-04-04,174,319.00487084576
2020-04-04,644,290.722434198997
2020-04-04,251,371.159916718047
2020-04-04,313,345.37742918132
2020-04-04,159,199.281900719307
2020-04-04,212,206.871988487877
2020-04-04,195,264.577386912464
2020-04-04,409,252.121982129309
2020-04-04,496,261.530826719863
2020-04-04,270,269.887966862979
2020-04-04,467,238.711177193201
2020-04-04,238,375.204992963554
2020-04-04,137,206.938426999541
2020-04-04,622,260.957549166856
2020-04-04,240,197.040926380709
2020-04-04,293,345.646881442651
2020-04-04,340,327.218475642447
2020-04-04,118,325.753858906576
2020-04-04,278,236.161577035186
2020-04-04,214,254.339346848866
2020-04-04,220,354.74573659176
2020-04-04,0,154.191091290482
2020-04-04,688,536.180527499183
2020-04-04,642,500.936377396413
2020-04-04,505,582.822778308466
2020-04-04,415,652.397970888733
2020-04-04,713,519.184586634089
2020-04-04,302,413.255003318398
2020-04-04,340,551.78778540944
2020-04-04,467,468.772420286613
2020-04-04,573,663.08339655811
2020-04-04,795,836.872953634457
2020-04-04,658,575.53050445271
2020-04-04,808,514.249327156063
2020-04-04,787,805.373349124645
2020-04-04,272,508.96121359659
2020-04-04,830,409.958668953621
2020-04-04,392,433.162325017666
2020-04-04,567,489.573383544281
2020-04-04,562,663.918247456856
2020-04-04,717,580.229633466018
2020-04-04,405,485.772158842853
2020-04-04,295,337.356646451586
2020-04-04,541,517.221429586675
2020-04-04,413,398.66768351646
2020-04-04,470,565.272956716661
2020-04-04,591,779.251345020172
2020-04-04,1706,981.036221082382
2020-04-04,772,731.347916092361
2020-04-04,747,606.52891127685
2020-04-04,495,590.423096099208
2020-04-04,709,654.02579387143
2020-04-04,445,312.081384612189
2020-04-04,472,435.082715082119
2020-04-04,414,597.512665963698
2020-04-04,267,494.075621096538
2020-04-04,1135,550.419665959172
2020-04-04,232,306.489594213048
2020-04-04,304,296.717836734066
2020-04-04,200,240.960331617599
2020-04-04,470,368.936490908507
2020-04-04,303,455.360227216088
2020-04-04,141,284.175083506835
2020-04-04,144,333.48646791639
2020-04-04,217,262.341256485864
2020-04-04,296,281.837834229747
2020-04-04,452,168.030510605446
2020-04-04,207,349.071105235087
2020-04-04,313,361.904210994182
2020-04-04,0,97.0967864033375
2020-04-04,752,663.251056545571
2020-04-04,677,662.093470861364
2020-04-04,591,1012.47319759123
2020-04-04,1132,718.950750091599
2020-04-04,1636,823.503080010738
2020-04-04,482,709.725514429798
2020-04-04,523,930.241308814471
2020-04-04,1603,1008.71114831117
2020-04-04,678,1232.95466494744
2020-04-04,1157,1542.17687759468
2020-04-04,592,470.426855418178
2020-04-04,785,885.662807292331
2020-04-04,533,869.712110262044
2020-04-04,592,707.579065759774
2020-04-04,1251,496.911787387671
2020-04-04,894,835.159965692278
2020-04-04,1132,898.551448218452
2020-04-04,573,774.405513666614
2020-04-04,809,923.782790967664
2020-04-04,880,1095.89054025954
2020-04-04,683,757.956595004088
2020-04-04,535,521.504554662786
2020-04-04,640,989.6415284878
2020-04-04,533,916.870593336108
2020-04-04,561,768.964103892648
2020-04-04,656,475.383124777953
2020-04-04,1047,748.454545783851
2020-04-04,756,1029.51187032228
2020-04-04,827,615.675465499102
2020-04-04,619,773.565953337499
2020-04-04,888,560.52497567084
2020-04-04,744,832.810859242276
2020-04-04,592,374.649877125249
2020-04-04,601,568.617315820071
2020-04-04,535,658.06295513666
2020-04-04,353,748.781130086183
2020-04-04,991,595.403670457138
2020-04-04,393,578.127364869892
2020-04-04,1146,886.609554502743
2020-04-04,597,756.401428235697
2020-04-04,774,575.295816641212
2020-04-04,492,372.330079075461
2020-04-04,590,386.925450087369
2020-04-04,657,205.907020199328
2020-04-04,371,489.351980366997
2020-04-04,847,960.806790564175
2020-04-04,985,609.232868502287
2020-04-04,917,921.024698064434
2020-04-04,967,783.055277407794
2020-04-04,843,726.040060578823
2020-04-04,977,937.258995797391
2020-04-04,1339,1031.9739384199
2020-04-04,474,1007.50658065854
2020-04-04,762,720.053135112922
2020-04-04,1073,980.955914629903
2020-04-04,651,794.183499310014
2020-04-04,875,1046.19446355731
2020-04-04,1554,916.932722930137
2020-04-04,638,625.706308083697
2020-04-04,860,649.910673616515
2020-04-04,738,853.862542782242
2020-04-04,427,582.386909346628
2020-04-04,314,591.373444475387
2020-04-04,575,666.13467413749
2020-04-04,392,266.535150052643
2020-04-04,481,348.168992765614
2020-04-04,387,287.456165478372
2020-04-04,475,706.84098452761
2020-04-04,290,482.186861513805
2020-04-04,958,752.679257719258
2020-04-04,775,757.770848540816
2020-04-04,1226,1369.57350921037
2020-04-04,503,1398.36528166118
2020-04-04,577,693.964423151085
2020-04-04,849,665.365481528482
2020-04-04,696,778.740735957302
2020-04-04,517,591.080992637984
2020-04-04,582,803.29833456011
2020-04-04,972,563.391954642738
2020-04-04,638,639.514427880444
2020-04-04,869,703.530557719111
2020-04-04,732,1098.05279320372
2020-04-04,648,715.051103206109
2020-04-04,862,910.782933053375
2020-04-04,632,882.393604320075
2020-04-04,329,274.773297311892
2020-04-04,436,291.075248510923
2020-04-04,101,260.903746714388
2020-04-04,516,383.827965579649
2020-04-04,306,285.221520157078
2020-04-04,84,374.510159584534
2020-04-04,241,287.979574972942
2020-04-04,369,207.524419059883
2020-04-04,256,190.408443229573
2020-04-04,140,202.143384843348
2020-04-04,237,142.636614414219
2020-04-04,213,212.490125156451
2020-04-04,107,175.593571098744
2020-04-04,201,184.040609940109
2020-04-04,104,185.49910056968
2020-04-04,204,197.059658482372
2020-04-04,329,184.268899662075
2020-04-04,250,305.738340483197
2020-04-04,181,204.787940691358
2020-04-04,126,170.332162406484
2020-04-04,231,128.696807168516
2020-04-04,138,126.030986055755
2020-04-04,58,113.304645666146
2020-04-04,391,183.889493954197
2020-04-04,86,215.375625676122
2020-04-04,135,266.140119749116
2020-04-04,80,253.127649387177
2020-04-04,803,191.460108573475
2020-04-04,102,330.932072228722
2020-04-04,43,85.6803501070737
2020-04-04,18,42.8270408796001
2020-04-04,85,107.247171518446
2020-04-04,127,147.980857203503
2020-04-04,163,209.440291066041
2020-04-04,129,133.404050232349
2020-04-04,144,112.123765913358
2020-04-04,112,146.14055447896
2020-04-04,189,121.409781768691
2020-04-04,74,100.44041256623
2020-04-04,208,225.270993638766
2020-04-04,128,202.07209274477
2020-04-04,194,262.114415390333
2020-04-04,193,183.919459351566
2020-04-04,157,148.45728538849
2020-04-04,181,140.864682976477
2020-04-04,100,97.6087086552663
2020-04-04,104,183.736243205337
2020-04-04,214,224.956786326685
2020-04-04,209,133.601977022707
2020-04-04,217,156.735606615383
2020-04-04,98,172.330084787055
2020-04-04,47,207.893150906288
2020-04-04,216,168.038609895287
2020-04-04,127,232.040322918961
2020-04-04,64,191.028405790972
2020-04-04,224,172.396826029255
2020-04-04,36,156.600745702559
2020-04-04,74,146.92909232348
2020-04-04,270,248.031821245497
2020-04-04,226,231.767651398517
2020-04-04,339,234.758576845494
2020-04-04,171,317.353747443558
2020-04-04,185,566.000350331946
2020-04-04,467,230.475022649388
2020-04-04,203,241.139358020858
2020-04-04,256,205.746655210955
2020-04-04,197,200.879497526697
2020-04-04,334,246.471668855025
2020-04-04,186,251.469112162328
2020-04-04,264,415.650345706935
2020-04-04,439,400.942593865033
2020-04-04,270,369.867161859883
2020-04-04,698,726.122032834937
2020-04-04,786,472.34466275093
2020-04-04,350,640.428844794129
2020-04-04,343,326.119210617746
2020-04-04,151,262.701998984607
2020-04-04,184,250.617517460127
2020-04-04,340,395.823760890744
2020-04-04,320,333.420291088282
2020-04-04,37,160.31707073733
2020-04-04,464,292.902893931152
2020-04-04,393,274.907816640712
2020-04-04,160,495.743181786019
2020-04-04,212,247.509288751566
2020-04-04,98,161.052357613056
2020-04-04,206,159.286430314968
2020-04-04,172,260.654876046571
2020-04-04,422,235.247033499004
2020-04-04,129,440.716715195191
2020-04-04,633,358.345777693795
2020-04-04,356,387.104230266227
2020-04-04,476,349.669830265953
2020-04-04,174,248.614024022439
2020-04-04,325,313.565315073115
2020-04-04,354,281.727806220142
2020-04-04,211,307.899807694618
2020-04-04,159,318.989730090307
2020-04-04,580,342.927139389558
2020-04-04,214,377.720449627525
2020-04-04,331,339.339430239694
2020-04-04,234,189.079454481811
2020-04-04,234,292.727883915814
2020-04-04,243,359.179822485395
2020-04-04,300,196.312927753867
2020-04-04,103,287.625289845046
2020-04-04,318,468.969729051456
2020-04-04,484,257.577806537017
2020-04-04,226,380.525888740104
2020-04-04,370,308.426590111296
2020-04-04,478,343.69528585601
2020-04-04,437,379.986896113685
2020-04-04,369,440.86395484995
2020-04-04,654,299.78894562568
2020-04-04,519,536.515585462883
2020-04-04,186,459.591015884505
2020-04-04,400,600.079206812709
2020-04-04,534,502.651073537139
2020-04-04,352,345.276178974705
2020-04-04,559,315.293875173157
2020-04-04,249,531.858610363703
2020-04-04,275,314.173940019656
2020-04-04,540,334.735233597819
2020-04-04,364,235.653998420859
2020-04-04,154,433.04564007259
2020-04-04,145,298.83625720918
2020-04-04,406,528.527536546488
2020-04-04,306,301.702528928792
2020-04-04,422,532.386040903827
2020-04-04,609,434.792393538259
2020-04-04,428,380.944204187038
2020-04-04,268,449.563864011809
2020-04-04,375,317.079188774495
2020-04-04,488,369.909284218489
2020-04-04,264,378.633549320532
2020-04-04,327,391.552693700765
2020-04-04,1510,1107.98063878247
2020-04-04,791,1073.51823410008
2020-04-04,1373,948.603557508424
2020-04-04,847,1926.44601475856
2020-04-04,1012,629.312247948651
2020-04-04,306,622.827472980204
2020-04-04,1560,1349.17562586644
2020-04-04,690,917.828323090686
2020-04-04,632,540.903176922125
2020-04-04,1215,812.460967148792
2020-04-04,1578,1005.86953169857
2020-04-04,564,573.039964023354
2020-04-04,722,556.523146031129
2020-04-04,205,232.365998035673
2020-04-04,319,308.59313924935
2020-04-04,234,357.022210547952
2020-04-04,486,245.865223917198
2020-04-04,181,170.855936334181
2020-04-04,166,242.200795781439
2020-04-04,394,254.618297023627
2020-04-04,338,294.987498319553
2020-04-04,360,352.622618872454
2020-04-04,570,455.161751894994
2020-04-04,511,476.32125977382
2020-04-04,322,713.245848126808
2020-04-04,518,884.885760140646
2020-04-04,584,752.643445346708
2020-04-04,615,546.574211302598
2020-04-04,816,788.432010617357
2020-04-04,648,406.370126698742
2020-04-04,510,664.688907884423
2020-04-04,477,538.445428259632
2020-04-04,1108,737.283085208347
2020-04-04,542,553.684126920248
2020-04-04,476,512.248525751023
2020-04-04,370,530.961894593158
2020-04-04,305,521.634462505768
2020-04-04,525,577.910212862192
2020-04-04,548,458.656756863159
2020-04-04,1119,828.086115991955
2020-04-04,288,520.176014825632
2020-04-04,725,729.955054530327
2020-04-04,1359,1529.46116368208
2020-04-04,1934,1283.60175560958
2020-04-04,473,561.120245823
2020-04-04,859,1021.60351581407
2020-04-04,630,752.142845903895
2020-04-04,744,987.906723122937
2020-04-04,384,814.174585404062
2020-04-04,620,822.314814827785
2020-04-04,1108,627.993828370314
2020-04-04,1341,1035.8260589236
2020-04-04,626,894.785837683808
2020-04-04,743,1037.27766966995
2020-04-04,484,359.481959885732
2020-04-04,532,590.46454323084
2020-04-04,1103,883.497462490238
2020-04-04,625,772.506223103756
2020-04-04,1070,1021.87516808709
2020-04-04,993,963.473921619518
2020-04-04,433,476.185402592811
2020-04-04,743,362.806415467348
2020-04-04,710,706.349441912181
2020-04-04,166,235.218932186104
2020-04-04,402,270.543626581308
2020-04-04,205,166.994728037405
2020-04-04,272,275.818360632733
2020-04-04,48,150.879051572159
2020-04-04,1313,888.187516422607
2020-04-04,767,962.032189013948
2020-04-04,1408,1490.88303091681
2020-04-04,1054,816.896917164286
2020-04-04,1661,1237.60265472374
2020-04-04,1094,1211.63222512205
2020-04-04,402,701.532278040474
2020-04-04,1093,1319.74029557798
2020-04-04,751,700.519442423921
2020-04-04,923,1051.74462870461
2020-04-04,536,464.478749086785
2020-04-04,1977,1167.4489967744
2020-04-04,1595,1042.23303139724
2020-04-04,1021,1161.26295730182
2020-04-04,330,665.412405624795
2020-04-04,971,725.048762072754
2020-04-04,964,783.964434023494
2020-04-04,636,515.606196551535
2020-04-04,360,647.301446218937
2020-04-04,539,591.228280408138
2020-04-04,403,427.012473325457
2020-04-04,311,464.825073651216
2020-04-04,410,645.8142417804
2020-04-04,755,678.718786636346
2020-04-04,443,584.955547931231
2020-04-04,265,524.38533595276
2020-04-04,696,616.512377902362
2020-04-04,746,659.016394906669
2020-04-04,553,352.483871761373
2020-04-04,267,359.620749587023
2020-04-04,198,214.450277776607
2020-04-04,565,401.694260571795
2020-04-04,404,331.97529651922
2020-04-04,1137,525.460753896779
2020-04-04,480,394.799526705749
2020-04-04,503,647.886325544357
2020-04-04,331,895.677246801069
2020-04-04,380,608.096626321363
2020-04-04,361,427.442750953469
2020-04-04,430,245.866932299556
2020-04-04,615,346.989737827928
2020-04-04,595,626.39767950685
2020-04-04,525,474.662787157079
2020-04-04,543,760.473245450458
2020-04-04,669,739.205364126498
2020-04-04,637,555.925429003184
2020-04-04,695,573.583814140073
2020-04-04,499,694.2585702424
2020-04-04,649,514.695550834429
2020-04-04,707,831.666617118835
2020-04-04,532,431.842294545567
2020-04-04,672,641.393004499298
2020-04-04,480,403.063442391275
2020-04-04,130,412.731099508407
2020-04-04,421,480.609548447736
2020-04-04,270,625.907664625325
2020-04-04,682,688.070530127272
2020-04-04,1124,934.721271757794
2020-04-04,412,966.606026599641
2020-04-04,731,954.846483822963
2020-04-04,385,911.082543786853
2020-04-04,717,1094.5974123768
2020-04-04,479,386.29045666544
2020-04-04,1227,670.540240652233
2020-04-04,363,480.756167178532
2020-04-04,720,517.824414021274
2020-04-04,523,907.890148000652
2020-04-04,393,1142.00806045412
2020-04-04,630,469.304118194385
2020-04-04,750,589.167644158736
2020-04-04,866,885.856837404513
2020-04-04,1004,693.778378624001
2020-04-04,790,527.184538167818
2020-04-04,655,796.027225052246
2020-04-04,566,810.952519199644
2020-04-04,472,646.085617184012
2020-04-04,691,437.334168839232
2020-04-04,438,446.779142090498
2020-04-04,653,594.399165071585
2020-04-04,359,306.036564021717
2020-04-04,446,571.258439839672
2020-04-04,768,1120.12546523963
2020-04-04,1222,1194.49112804031
2020-04-04,1323,1190.63423163844
2020-04-04,2142,1189.47409763242
2020-04-04,837,1019.7523766763
2020-04-04,1164,1563.87850707912
2020-04-04,497,665.459894305485
2020-04-04,1998,1937.1825302721
2020-04-04,3175,870.213599035634
2020-04-04,2558,1322.40771624146
2020-04-04,2803,1816.8748620328
2020-04-04,1773,1106.9158549003
2020-04-04,2613,1069.85861615012
2020-04-04,1311,902.605108699623
2020-04-04,902,909.068377346984
2020-04-04,866,709.512843393331
2020-04-04,677,714.281763539143
2020-04-04,622,705.787151868852
2020-04-04,1095,863.260993955211
2020-04-04,524,976.335686754338
2020-04-04,877,1027.16266167542
2020-04-04,967,1044.20767520765
2020-04-04,297,717.828411142953
2020-04-04,776,766.060009082013
2020-04-04,2439,1204.24958521331
2020-04-04,484,513.009558640376
2020-04-04,2074,1582.0899137626
2020-04-04,1201,1094.50697779462
2020-04-04,1705,965.227536212706
2020-04-04,309,402.862934174915
2020-04-04,778,881.206567937222
2020-04-04,1024,1096.18493828137
2020-04-04,425,788.060781513317
2020-04-04,759,463.6909712853
2020-04-04,530,1086.69718438365
2020-04-04,1377,446.95737312988
2020-04-04,1321,853.846331810686
2020-04-04,518,592.103202178602
2020-04-04,492,551.668786069652
2020-04-04,289,183.19246753427
2020-04-04,1084,881.707737562478
2020-04-04,1041,751.829055997955
2020-04-04,622,679.291491496598
2020-04-04,490,736.816358978845
2020-04-04,349,540.092710107459
2020-04-04,828,702.955045923253
2020-04-04,780,510.431159073089
2020-04-04,436,639.843005115621
2020-04-04,475,788.44563288054
2020-04-04,1808,1243.58889249203
2020-04-04,3340,1214.02575817898
2020-04-04,659,989.22689722977
2020-04-04,1140,872.110186506563
2020-04-04,1053,1750.73481568323
2020-04-04,1131,1171.21496868299
2020-04-04,1462,1001.54713183626
2020-04-04,565,1181.29555503406
2020-04-04,664,763.350837136944
2020-04-04,1141,907.9844653545
2020-04-04,1197,772.765641216083
2020-04-04,2482,1645.57221235305
2020-04-04,2059,924.68535475689
2020-04-04,1353,1203.95545689961
2020-04-04,1082,744.74690207033
2020-04-04,1975,1087.94237188916
2020-04-04,399,690.993552844252
2020-04-04,563,679.254991536739
2020-04-04,1321,649.538538916638
2020-04-04,1078,898.833890453857
2020-04-04,728,270.285379931879
2020-04-04,496,500.463924417395
2020-04-04,535,113.471472805414
2020-04-04,275,142.879029704235
2020-04-04,809,1010.25276948879
2020-04-04,437,382.847197672726
2020-04-04,362,380.879258776761
2020-04-04,540,723.502316243315
2020-04-04,972,233.517104929461
2020-04-04,382,164.46610788239
2020-04-04,240,358.920616811079
2020-04-04,1631,1253.50344441813
2020-04-04,1079,755.401875811331
2020-04-04,853,1036.33780717069
2020-04-04,1230,973.720793130675
2020-04-04,321,795.517813568869
2020-04-04,1487,886.486989546002
2020-04-04,1128,978.866820797535
2020-04-04,758,872.47689944307
2020-04-04,716,651.56903106975
2020-04-04,1826,1480.78813421805
2020-04-04,1497,1715.69674339161
2020-04-04,624,777.683661660039
2020-04-04,732,1591.99257519041
2020-04-04,2941,1617.43290826027
2020-04-04,2198,1034.66010356583
2020-04-04,2265,1174.7197470612
2020-04-04,449,1795.21939620553
2020-04-04,1050,1183.07215799434
2020-04-04,754,1232.7889985748
2020-04-04,941,984.805685033209
2020-04-04,905,982.709849860629
2020-04-04,1940,1420.80524913448
2020-04-04,552,1011.42569813199
2020-04-04,2704,1593.1816736273
2020-04-04,993,961.358895258003
2020-04-04,1404,876.293310836793
2020-04-04,801,920.417245530994
2020-04-04,569,750.829358102221
2020-04-04,1692,602.321990465673
2020-04-04,670,937.341080925521
2020-04-04,860,945.662334514588
2020-04-04,957,1094.0236488422
2020-04-04,497,697.186795928374
2020-04-04,902,451.716370858105
2020-04-04,739,433.882872971951
2020-04-04,638,513.761127440625
2020-04-04,851,880.596442921324
2020-04-04,1042,877.501292467631
2020-04-04,1281,732.842538137748
2020-04-04,786,805.15610476778
2020-04-04,680,591.045011265634
2020-04-04,551,369.01334044803
2020-04-04,526,712.32636804186
2020-04-04,565,1355.40262022008
2020-04-04,318,765.26056014971
2020-04-04,893,614.52918269593
2020-04-04,548,671.925591380402
2020-04-04,545,562.611813922842
2020-04-04,568,991.85262628735
2020-04-04,977,819.43126760612
2020-04-04,519,429.058656561621
2020-04-04,609,493.224004248761
2020-04-04,525,909.987774393784
2020-04-04,803,645.002045491765
2020-04-04,675,961.275009296564
2020-04-04,590,603.495126353234
2020-04-04,369,425.545551412229
2020-04-04,923,1221.04298127727
2020-04-04,821,1110.21794805452
2020-04-04,254,578.168435013871
2020-04-04,440,252.649619581495
2020-04-04,724,574.627521426112
2020-04-04,589,1068.0995926292
2020-04-04,774,609.357586219313
2020-04-04,478,698.743641094927
2020-04-04,308,633.253783418685
2020-04-04,884,653.884218247306
2020-04-04,551,663.823575772935
2020-04-04,1391,725.887489849675
2020-04-04,1247,1630.18750855915
2020-04-04,857,841.855515597653
2020-04-04,1000,671.425962925675
2020-04-04,899,802.200225842464
2020-04-04,656,1018.19313936771
2020-04-04,765,1293.96928590357
2020-04-04,825,1179.19034204038
2020-04-04,911,860.613077096904
2020-04-04,1312,845.560827983808
2020-04-04,827,760.736046378315
2020-04-04,1034,967.631824071682
2020-04-04,1185,980.397895319995
2020-04-04,1008,1096.73584236756
2020-04-04,1093,925.869678453349
2020-04-04,1191,698.510430210242
2020-04-05,546,729.306939037121
2020-04-05,254,657.386590726282
2020-04-05,310,689.946949683552
2020-04-05,391,1167.27324481118
2020-04-05,486,462.327433349384
2020-04-05,403,743.91804538569
2020-04-05,376,320.020158212698
2020-04-05,310,586.201251961756
2020-04-05,552,514.010551639919
2020-04-05,394,442.005872793061
2020-04-05,334,475.725076827669
2020-04-05,1157,372.819516055025
2020-04-05,754,513.470614346019
2020-04-05,899,400.544900245058
2020-04-05,752,137.282882410926
2020-04-05,985,885.532458821094
2020-04-05,699,581.861452329556
2020-04-05,796,528.967532691647
2020-04-05,197,650.848989728463
2020-04-05,1504,1152.50291021652
2020-04-05,1371,459.153882249946
2020-04-05,955,1120.67576256614
2020-04-05,1100,677.177270867889
2020-04-05,1426,683.565884178921
2020-04-05,1095,824.965706182327
2020-04-05,1762,719.064647742944
2020-04-05,806,1746.41705141948
2020-04-05,406,1024.91313766576
2020-04-05,348,530.149973758592
2020-04-05,636,1317.73688074968
2020-04-05,535,1159.81022440013
2020-04-05,1072,793.820286969008
2020-04-05,1247,613.827013782492
2020-04-05,1255,982.930791366163
2020-04-05,956,403.499168827606
2020-04-05,868,1370.79534022634
2020-04-05,899,639.02783187507
2020-04-05,821,1220.11729168026
2020-04-05,1231,1056.2651830162
2020-04-05,1785,1145.85138941188
2020-04-05,963,738.153157027706
2020-04-05,487,657.665936375807
2020-04-05,926,611.907120093535
2020-04-05,556,407.655860389161
2020-04-05,692,1075.02254469624
2020-04-05,910,726.610937033307
2020-04-05,1086,708.701001093471
2020-04-05,997,555.638318077517
2020-04-05,498,1041.77733178137
2020-04-05,552,743.644474797033
2020-04-05,796,479.777565635332
2020-04-05,889,789.97600868224
2020-04-05,790,492.951345081362
2020-04-05,1543,1043.16665617394
2020-04-05,925,1331.14278696146
2020-04-05,2147,1651.32722176733
2020-04-05,1426,1157.88461235979
2020-04-05,948,1198.01376101128
2020-04-05,1991,1109.49251259788
2020-04-05,646,1524.34933709343
2020-04-05,1323,1170.63192691422
2020-04-05,3102,1468.47284053614
2020-04-05,1093,1000.52285167838
2020-04-05,928,1535.19424701153
2020-04-05,2030,854.546082278243
2020-04-05,1404,1430.2579859402
2020-04-05,1112,1052.03777073059
2020-04-05,1726,1013.14746844457
2020-04-05,1531,1188.01060642891
2020-04-05,395,888.401965971608
2020-04-05,550,1478.26380013267
2020-04-05,861,884.471272351686
2020-04-05,954,733.260475868145
2020-04-05,790,736.954300618617
2020-04-05,859,865.451206367721
2020-04-05,1462,879.297044555884
2020-04-05,790,1338.89598422803
2020-04-05,1118,950.269065580273
2020-04-05,1709,1035.01498852414
2020-04-05,202,398.855113593243
2020-04-05,312,362.395389333976
2020-04-05,414,258.089433383132
2020-04-05,423,186.096628815222
2020-04-05,480,402.654104259928
2020-04-05,250,276.18374490556
2020-04-05,377,312.178893508537
2020-04-05,406,366.608438366112
2020-04-05,312,439.722691567859
2020-04-05,760,316.819837393447
2020-04-05,466,555.655804766373
2020-04-05,622,574.016612461513
2020-04-05,1131,504.449232585385
2020-04-05,593,605.943490049267
2020-04-05,567,566.81905056758
2020-04-05,176,282.697610417903
2020-04-05,495,435.003145804662
2020-04-05,265,335.450873204358
2020-04-05,448,400.593202425515
2020-04-05,333,409.865057795063
2020-04-05,293,332.589627986153
2020-04-05,365,300.468907961926
2020-04-05,512,508.012380607433
2020-04-05,484,446.26611282574
2020-04-05,533,518.385917448397
2020-04-05,613,468.618615937825
2020-04-05,415,334.473515406576
2020-04-05,363,156.389027829935
2020-04-05,274,245.332849895881
2020-04-05,233,369.065352023393
2020-04-05,472,357.662029562002
2020-04-05,189,545.584911257849
2020-04-05,740,473.827626417203
2020-04-05,224,384.39542742835
2020-04-05,527,548.003399459291
2020-04-05,400,1172.6291655571
2020-04-05,1117,882.348151679069
2020-04-05,554,574.251775702084
2020-04-05,509,600.737454964806
2020-04-05,679,623.587551546799
2020-04-05,717,603.546048854525
2020-04-05,342,388.003167008252
2020-04-05,140,403.164393872675
2020-04-05,644,486.552714758869
2020-04-05,126,573.987364636579
2020-04-05,208,469.932873481135
2020-04-05,460,939.724064949297
2020-04-05,713,462.566866314235
2020-04-05,643,328.391386685978
2020-04-05,0,441.171312187538
2020-04-05,1071,1150.47891342512
2020-04-05,1083,739.229951689798
2020-04-05,402,892.525976578345
2020-04-05,661,516.603847287544
2020-04-05,587,966.725710223081
2020-04-05,690,773.212025201526
2020-04-05,956,874.803683713874
2020-04-05,1045,738.505680220336
2020-04-05,932,938.722367884349
2020-04-05,1570,1067.60730046263
2020-04-05,158,631.921566211194
2020-04-05,666,591.168306088148
2020-04-05,749,819.476782225741
2020-04-05,587,706.75217945078
2020-04-05,1029,894.60978020659
2020-04-05,804,644.014999494756
2020-04-05,1184,744.331102952469
2020-04-05,752,696.314707268555
2020-04-05,1140,814.558696982524
2020-04-05,920,794.170604019259
2020-04-05,551,525.911011611065
2020-04-05,592,454.620919423675
2020-04-05,707,799.37439461225
2020-04-05,914,789.201112837074
2020-04-05,658,1000.66330658645
2020-04-05,937,1116.87629775605
2020-04-05,1033,1016.19747759252
2020-04-05,946,857.104401254865
2020-04-05,864,537.591580717141
2020-04-05,578,701.207815421517
2020-04-05,755,661.524982758562
2020-04-05,930,651.067254080038
2020-04-05,612,483.804313736236
2020-04-05,353,536.224584996817
2020-04-05,503,428.930740702817
2020-04-05,392,472.336599431221
2020-04-05,425,672.921650317522
2020-04-05,541,775.291182341644
2020-04-05,575,707.702896051736
2020-04-05,783,612.365542465478
2020-04-05,379,621.106101027049
2020-04-05,628,705.4868152921
2020-04-05,921,517.599525107148
2020-04-05,312,475.33415574139
2020-04-05,702,394.924181689538
2020-04-05,311,435.159560253739
2020-04-05,479,451.712053083638
2020-04-05,768,436.974211866444
2020-04-05,370,312.862322998068
2020-04-05,277,499.784377337793
2020-04-05,426,473.624705154809
2020-04-05,523,770.037029667262
2020-04-05,514,675.263296730634
2020-04-05,541,395.52626547167
2020-04-05,362,362.783300338312
2020-04-05,368,378.887252284363
2020-04-05,443,360.681661555708
2020-04-05,340,405.476847271485
2020-04-05,378,387.649955523179
2020-04-05,348,323.693659264175
2020-04-05,387,413.923431201865
2020-04-05,154,387.980236746591
2020-04-05,383,214.955815782823
2020-04-05,480,318.705627412428
2020-04-05,274,344.445749098722
2020-04-05,509,534.386094032826
2020-04-05,510,422.079205421381
2020-04-05,446,337.155390047759
2020-04-05,340,635.875823830031
2020-04-05,421,412.136309013817
2020-04-05,773,705.871784617421
2020-04-05,549,882.023713537524
2020-04-05,318,485.368348022016
2020-04-05,416,433.391087853656
2020-04-05,588,502.738106526586
2020-04-05,344,500.515715733709
2020-04-05,436,308.03250346626
2020-04-05,504,533.560809578628
2020-04-05,319,509.970239907893
2020-04-05,523,394.373763491962
2020-04-05,520,413.782008271674
2020-04-05,463,402.265205013197
2020-04-05,373,312.050559235008
2020-04-05,502,575.682860982365
2020-04-05,305,287.95525241993
2020-04-05,165,343.336889215258
2020-04-05,458,298.910807910467
2020-04-05,357,332.472027275513
2020-04-05,88,336.062902628256
2020-04-05,463,283.272579521916
2020-04-05,274,343.939519139352
2020-04-05,306,264.007664209164
2020-04-05,370,283.508834864968
2020-04-05,384,360.231703867354
2020-04-05,344,492.425604025495
2020-04-05,667,414.729942713692
2020-04-05,569,258.063103720456
2020-04-05,339,413.304731393653
2020-04-05,234,364.013753784088
2020-04-05,246,345.39241773737
2020-04-05,147,334.5556001647
2020-04-05,322,544.03212322278
2020-04-05,478,665.483018396587
2020-04-05,460,410.470941208749
2020-04-05,605,641.965480366038
2020-04-05,479,564.285765976007
2020-04-05,661,407.325430811855
2020-04-05,676,489.9573783024
2020-04-05,706,483.25429258374
2020-04-05,749,554.003059303479
2020-04-05,583,499.711985758085
2020-04-05,565,361.208229125119
2020-04-05,565,806.859708258235
2020-04-05,474,562.096006284923
2020-04-05,750,450.589926096143
2020-04-05,591,498.915783413649
2020-04-05,474,780.338813506589
2020-04-05,233,370.864490121751
2020-04-05,623,781.24189647942
2020-04-05,975,573.856860169397
2020-04-05,1032,1104.02255694018
2020-04-05,966,681.873485755388
2020-04-05,817,728.916269371461
2020-04-05,749,692.950898536308
2020-04-05,1157,940.072988360431
2020-04-05,995,695.323912205838
2020-04-05,1072,1034.74137978691
2020-04-05,748,1028.12424948404
2020-04-05,774,656.240440014096
2020-04-05,1111,885.948128455805
2020-04-05,507,715.009767400384
2020-04-05,1023,1114.67088138207
2020-04-05,968,578.218852943069
2020-04-05,1193,879.251104099778
2020-04-05,818,731.770339811998
2020-04-05,1146,695.544836380284
2020-04-05,973,817.285472916716
2020-04-05,1098,714.664068647474
2020-04-05,866,884.171238090873
2020-04-05,758,702.413705163497
2020-04-05,1268,396.59252197923
2020-04-05,859,496.232096749183
2020-04-05,1097,1035.55198583068
2020-04-05,113,169.357780672947
2020-04-05,77,207.98481144109
2020-04-05,304,126.896979119717
2020-04-05,78,183.732661434682
2020-04-05,119,162.798509656332
2020-04-05,153,97.4604637252992
2020-04-05,103,183.202954006513
2020-04-05,93,261.497747143457
2020-04-05,257,309.097813565983
2020-04-05,207,255.374689042068
2020-04-05,322,328.033509194814
2020-04-05,557,293.397222293284
2020-04-05,459,548.508193778268
2020-04-05,311,227.252432849169
2020-04-05,292,263.878849426363
2020-04-05,359,304.063112259898
2020-04-05,588,390.470151185691
2020-04-05,381,479.681973797239
2020-04-05,358,357.675824030602
2020-04-05,618,470.210353819491
2020-04-05,323,526.316537489907
2020-04-05,552,267.215548128134
2020-04-05,176,414.705934008887
2020-04-05,387,325.820955952649
2020-04-05,266,358.743178608987
2020-04-05,428,356.638960954672
2020-04-05,330,227.478939792815
2020-04-05,480,344.581660674331
2020-04-05,195,304.665862628645
2020-04-05,190,328.834659615392
2020-04-05,217,292.642395010466
2020-04-05,170,195.38000800505
2020-04-05,241,306.233565677006
2020-04-05,114,209.178985249723
2020-04-05,197,320.163959143937
2020-04-05,270,195.563503900909
2020-04-05,207,266.901067605148
2020-04-05,187,264.631621800067
2020-04-05,103,175.772988572119
2020-04-05,247,212.961345737391
2020-04-05,272,389.847080254997
2020-04-05,504,156.339030182469
2020-04-05,234,341.837530322405
2020-04-05,195,240.657193195661
2020-04-05,344,377.132050376089
2020-04-05,154,265.654566192237
2020-04-05,418,300.330744904423
2020-04-05,331,258.33495520981
2020-04-05,453,360.498189737893
2020-04-05,338,358.138254822889
2020-04-05,353,400.479590359401
2020-04-05,375,439.913267465243
2020-04-05,411,509.45385990322
2020-04-05,337,245.654345421608
2020-04-05,732,496.379141477668
2020-04-05,317,374.426057435589
2020-04-05,153,351.153995789416
2020-04-05,162,313.674804612123
2020-04-05,417,246.664757906625
2020-04-05,573,400.294018617086
2020-04-05,655,618.078876313771
2020-04-05,352,584.350136667565
2020-04-05,714,365.35772005211
2020-04-05,341,354.488812531526
2020-04-05,175,260.150721743683
2020-04-05,204,542.098442036882
2020-04-05,311,334.355108484403
2020-04-05,295,414.418078425298
2020-04-05,386,404.661394369846
2020-04-05,402,414.554944566833
2020-04-05,287,241.750410998491
2020-04-05,596,268.493173177113
2020-04-05,370,345.312918569453
2020-04-05,123,231.111088996166
2020-04-05,246,379.972427484007
2020-04-05,154,298.424363768051
2020-04-05,587,269.375441192969
2020-04-05,228,350.446424476856
2020-04-05,310,320.103159982149
2020-04-05,158,188.638086621796
2020-04-05,198,197.876380158356
2020-04-05,175,252.26522195489
2020-04-05,373,238.205631888883
2020-04-05,488,244.877261871051
2020-04-05,276,247.371434939141
2020-04-05,430,222.346640408017
2020-04-05,220,364.197840763328
2020-04-05,110,194.218435312517
2020-04-05,746,242.021130817768
2020-04-05,208,191.944287367252
2020-04-05,315,337.605013730239
2020-04-05,274,311.31326456709
2020-04-05,109,296.466389740663
2020-04-05,289,224.17672119099
2020-04-05,209,239.853711112928
2020-04-05,243,329.447283153051
2020-04-05,0,150.864440713312
2020-04-05,605,492.243547677039
2020-04-05,548,454.068635735499
2020-04-05,488,528.332359205904
2020-04-05,417,582.493475042138
2020-04-05,632,468.189817336734
2020-04-05,261,369.382578815798
2020-04-05,297,495.950116393873
2020-04-05,440,418.542331042823
2020-04-05,519,595.158555943827
2020-04-05,729,752.8016363934
2020-04-05,604,521.931707225437
2020-04-05,761,463.424400024656
2020-04-05,701,716.679336685702
2020-04-05,266,445.653966356227
2020-04-05,716,373.817420824184
2020-04-05,378,394.014932251578
2020-04-05,497,450.253407270383
2020-04-05,498,593.403736875338
2020-04-05,608,515.52581298357
2020-04-05,387,425.387706154137
2020-04-05,247,301.974436951737
2020-04-05,447,477.385830850445
2020-04-05,381,357.709546224066
2020-04-05,447,503.53184082289
2020-04-05,510,690.678436805379
2020-04-05,1472,877.032961903745
2020-04-05,671,648.358568189499
2020-04-05,663,535.500883383939
2020-04-05,448,516.541345004804
2020-04-05,599,581.600919735959
2020-04-05,380,274.604130985649
2020-04-05,427,387.656560319297
2020-04-05,353,528.038960387158
2020-04-05,217,432.566077416392
2020-04-05,996,483.219543306364
2020-04-05,210,306.741126672738
2020-04-05,278,266.559019682369
2020-04-05,179,220.763471946615
2020-04-05,466,352.659882451359
2020-04-05,289,411.007261155265
2020-04-05,129,275.166103646054
2020-04-05,122,305.85846775732
2020-04-05,189,232.50091844302
2020-04-05,292,247.648743957186
2020-04-05,416,150.903341377816
2020-04-05,198,311.114346875495
2020-04-05,285,320.622303374392
2020-04-05,0,85.6390972077019
2020-04-05,684,588.677061265239
2020-04-05,608,595.508974626481
2020-04-05,535,894.947696454912
2020-04-05,985,640.248519966258
2020-04-05,1423,738.242727770252
2020-04-05,435,623.01190381175
2020-04-05,465,826.905764874653
2020-04-05,1483,899.793233529701
2020-04-05,625,1104.77347413272
2020-04-05,1008,1403.45956899395
2020-04-05,533,426.346751664124
2020-04-05,736,792.521678235157
2020-04-05,437,785.338443337803
2020-04-05,538,636.622236266393
2020-04-05,1183,440.286441148494
2020-04-05,789,749.020516040782
2020-04-05,990,809.989180521923
2020-04-05,492,698.096785857959
2020-04-05,677,832.300236934376
2020-04-05,803,978.771940124038
2020-04-05,574,679.127603637458
2020-04-05,476,474.736621669938
2020-04-05,596,893.531112872754
2020-04-05,458,829.018764426839
2020-04-05,501,695.115703437222
2020-04-05,602,430.268750199426
2020-04-05,959,688.600667922273
2020-04-05,701,942.635570619435
2020-04-05,718,560.803121684287
2020-04-05,546,699.504324183848
2020-04-05,813,511.429273561521
2020-04-05,683,750.02825792301
2020-04-05,569,339.960316050084
2020-04-05,576,516.717588296533
2020-04-05,477,602.240012543239
2020-04-05,346,677.34119721717
2020-04-05,919,528.983780927836
2020-04-05,352,515.869262629695
2020-04-05,1074,777.881392992999
2020-04-05,485,688.717816391793
2020-04-05,683,530.166605726572
2020-04-05,440,347.22667901834
2020-04-05,554,356.89917817312
2020-04-05,649,190.413918715948
2020-04-05,344,446.730886194834
2020-04-05,784,881.797811526412
2020-04-05,933,562.401878783864
2020-04-05,881,848.06752256002
2020-04-05,887,726.68645640441
2020-04-05,770,666.945024621058
2020-04-05,854,875.515459167427
2020-04-05,1233,972.148784420362
2020-04-05,413,937.921778355217
2020-04-05,692,675.808684157839
2020-04-05,1032,904.950018657772
2020-04-05,609,735.978264523994
2020-04-05,823,964.626721007556
2020-04-05,1416,853.187391684556
2020-04-05,558,593.475885398093
2020-04-05,838,592.669472043314
2020-04-05,714,795.720461755675
2020-04-05,399,542.228187140007
2020-04-05,289,549.312740484377
2020-04-05,571,620.063491218781
2020-04-05,375,248.065839964824
2020-04-05,411,322.848863392535
2020-04-05,354,262.864473579439
2020-04-05,437,647.061843799029
2020-04-05,275,446.840763806703
2020-04-05,916,705.282389011493
2020-04-05,712,711.753452739785
2020-04-05,1153,1294.65394352531
2020-04-05,474,1302.5486874866
2020-04-05,500,641.555484095322
2020-04-05,790,617.477996955779
2020-04-05,659,729.515139336879
2020-04-05,516,558.294566504522
2020-04-05,549,761.668429425716
2020-04-05,938,536.260449566436
2020-04-05,612,603.722082213744
2020-04-05,832,665.161784460152
2020-04-05,690,1033.09508794524
2020-04-05,604,675.32992013059
2020-04-05,826,861.862522540743
2020-04-05,576,835.135870920012
2020-04-05,294,257.521075000302
2020-04-05,384,273.34428585142
2020-04-05,81,251.540437753564
2020-04-05,532,360.859077135664
2020-04-05,307,271.67801419753
2020-04-05,76,344.100320164567
2020-04-05,260,277.294908202024
2020-04-05,348,194.830190689566
2020-04-05,252,188.390092157388
2020-04-05,134,190.903515149625
2020-04-05,243,137.838695179403
2020-04-05,190,197.297361532385
2020-04-05,99,160.027528806885
2020-04-05,183,168.672475862381
2020-04-05,100,170.97060375963
2020-04-05,184,185.328129444929
2020-04-05,326,168.770825808359
2020-04-05,218,293.959335110047
2020-04-05,150,188.223831990376
2020-04-05,127,149.929825345647
2020-04-05,200,115.5647136736
2020-04-05,124,112.696394076911
2020-04-05,49,102.092170005082
2020-04-05,372,170.924086546818
2020-04-05,69,204.342458062655
2020-04-05,138,244.300969353334
2020-04-05,74,233.086047545915
2020-04-05,756,175.38101656733
2020-04-05,80,301.542322342378
2020-04-05,45,74.3718585415809
2020-04-05,15,36.9097990063009
2020-04-05,78,93.3813680812825
2020-04-05,106,131.430136959766
2020-04-05,137,186.397784023375
2020-04-05,123,118.253340498971
2020-04-05,136,100.051435351664
2020-04-05,88,129.593239118567
2020-04-05,169,107.058080129506
2020-04-05,69,89.0905148295634
2020-04-05,168,209.369740426499
2020-04-05,130,186.321845609546
2020-04-05,182,240.485977916987
2020-04-05,189,166.1290323022
2020-04-05,130,134.7707268684
2020-04-05,170,129.101882537525
2020-04-05,90,86.4516898400301
2020-04-05,79,167.149068451076
2020-04-05,159,211.18043346938
2020-04-05,191,122.421947416776
2020-04-05,222,138.488672656682
2020-04-05,75,157.017470792004
2020-04-05,39,194.382313813075
2020-04-05,198,148.16105144088
2020-04-05,123,208.877902173045
2020-04-05,59,177.570816881884
2020-04-05,218,158.596466173192
2020-04-05,41,145.631260349991
2020-04-05,66,137.083937603444
2020-04-05,246,227.848950163759
2020-04-05,206,211.37942905381
2020-04-05,332,211.807281951374
2020-04-05,162,284.35089688002
2020-04-05,166,501.841171048218
2020-04-05,405,211.070610327328
2020-04-05,214,206.989928536584
2020-04-05,196,191.66464991074
2020-04-05,161,185.880565769555
2020-04-05,288,229.009735359367
2020-04-05,191,226.080690189172
2020-04-05,236,378.805478628075
2020-04-05,397,366.197661531415
2020-04-05,244,334.750329138956
2020-04-05,674,647.120332268965
2020-04-05,705,429.530172644189
2020-04-05,317,582.495863275395
2020-04-05,331,292.891313186226
2020-04-05,144,236.444754151218
2020-04-05,169,227.743987846503
2020-04-05,280,364.482083671204
2020-04-05,316,295.653706779609
2020-04-05,41,145.851746753465
2020-04-05,441,258.736441070881
2020-04-05,355,243.752561546786
2020-04-05,121,449.006657120015
2020-04-05,190,218.111037585337
2020-04-05,82,145.970578223646
2020-04-05,191,139.244042257314
2020-04-05,132,236.222350520575
2020-04-05,338,213.531932628754
2020-04-05,114,394.237061466933
2020-04-05,606,312.345810478907
2020-04-05,305,353.085534425852
2020-04-05,428,331.2227128747
2020-04-05,169,227.046986154461
2020-04-05,292,294.976443053498
2020-04-05,334,266.993846008164
2020-04-05,206,294.193967462644
2020-04-05,157,304.787493744603
2020-04-05,537,322.475451308322
2020-04-05,191,352.611143954365
2020-04-05,300,315.4919897168
2020-04-05,214,172.941338152713
2020-04-05,202,270.447611695997
2020-04-05,265,325.836674230937
2020-04-05,246,179.523732369185
2020-04-05,103,253.721939229722
2020-04-05,302,425.429972387823
2020-04-05,423,237.822322267908
2020-04-05,217,356.762198194994
2020-04-05,364,285.904365168563
2020-04-05,449,320.52276542475
2020-04-05,358,355.7241573637
2020-04-05,323,401.757205345835
2020-04-05,597,272.261990891434
2020-04-05,493,484.726158021841
2020-04-05,162,425.010792464956
2020-04-05,350,558.372899076632
2020-04-05,488,472.057031758767
2020-04-05,312,321.116865415947
2020-04-05,531,282.236066893234
2020-04-05,229,488.288123714922
2020-04-05,218,284.124998578225
2020-04-05,515,296.788731757403
2020-04-05,301,215.36416563243
2020-04-05,115,392.979190928311
2020-04-05,145,276.192291524244
2020-04-05,372,489.578707322267
2020-04-05,268,275.645449291378
2020-04-05,405,490.612516378141
2020-04-05,584,400.447184554469
2020-04-05,427,354.736818918697
2020-04-05,238,403.686963053162
2020-04-05,315,285.845314887412
2020-04-05,426,336.427079547291
2020-04-05,241,348.340732517509
2020-04-05,296,366.526855986834
2020-04-05,1395,994.104806843211
2020-04-05,704,970.215981452222
2020-04-05,1193,872.421778484321
2020-04-05,748,1751.02883037946
2020-04-05,984,566.746464363869
2020-04-05,259,558.365271150497
2020-04-05,1385,1214.47882018457
2020-04-05,645,827.034536304934
2020-04-05,566,486.925933498762
2020-04-05,1099,733.586169370268
2020-04-05,1488,901.12259882757
2020-04-05,464,502.720138563919
2020-04-05,586,490.362259370094
2020-04-05,197,203.514662253591
2020-04-05,311,274.844854579706
2020-04-05,234,330.758359091131
2020-04-05,427,215.93089702355
2020-04-05,144,150.752202231724
2020-04-05,135,213.563286284055
2020-04-05,386,223.768381149652
2020-04-05,288,262.235227768884
2020-04-05,323,317.111616376857
2020-04-05,483,417.609944130919
2020-04-05,458,440.611960420167
2020-04-05,292,650.277304315379
2020-04-05,467,804.663301555029
2020-04-05,559,697.684567510908
2020-04-05,550,501.804470949711
2020-04-05,751,732.308144926408
2020-04-05,619,380.555788231168
2020-04-05,457,618.97811626961
2020-04-05,440,488.500477587647
2020-04-05,1019,678.783421664995
2020-04-05,479,504.234357853227
2020-04-05,433,463.695630880021
2020-04-05,328,479.715755046298
2020-04-05,285,477.445990291554
2020-04-05,451,536.109977510957
2020-04-05,496,436.227257782811
2020-04-05,1064,778.512963666538
2020-04-05,248,496.767839879577
2020-04-05,715,675.861779272802
2020-04-05,1314,1409.50806779253
2020-04-05,1859,1194.44473831493
2020-04-05,453,519.634006913826
2020-04-05,765,949.316445163161
2020-04-05,615,692.995049054116
2020-04-05,643,923.726219880766
2020-04-05,356,762.431210842281
2020-04-05,612,767.79613254859
2020-04-05,994,576.593205955274
2020-04-05,1250,966.25373187127
2020-04-05,551,832.572686743891
2020-04-05,711,971.450957959217
2020-04-05,466,337.493971816365
2020-04-05,535,548.696953369907
2020-04-05,1048,830.67721796201
2020-04-05,553,715.943216313464
2020-04-05,1017,948.977239467859
2020-04-05,903,903.322291814167
2020-04-05,420,449.465982508838
2020-04-05,696,339.354406271586
2020-04-05,669,664.869190461951
2020-04-05,146,217.176882435216
2020-04-05,380,248.493041811849
2020-04-05,199,145.798879090297
2020-04-05,213,244.501485698738
2020-04-05,37,130.847938199521
2020-04-05,1186,831.343432854847
2020-04-05,705,895.883516806153
2020-04-05,1341,1379.25828371997
2020-04-05,982,765.323937164345
2020-04-05,1580,1150.97864264152
2020-04-05,1005,1130.13190746304
2020-04-05,370,648.095763053587
2020-04-05,987,1226.61583687513
2020-04-05,683,643.203021116864
2020-04-05,864,967.478839548132
2020-04-05,508,416.172832431733
2020-04-05,1818,1092.7760552597
2020-04-05,1513,965.304909883006
2020-04-05,931,1068.958992873
2020-04-05,290,615.335193486884
2020-04-05,852,673.581083480092
2020-04-05,916,710.204637582185
2020-04-05,563,473.603118125191
2020-04-05,310,595.496875538081
2020-04-05,504,543.899703955298
2020-04-05,343,398.211719939294
2020-04-05,284,427.11707530747
2020-04-05,379,603.267477641269
2020-04-05,719,619.736474900814
2020-04-05,392,546.652789575806
2020-04-05,267,479.71485564331
2020-04-05,604,562.543086567145
2020-04-05,675,593.139161547421
2020-04-05,524,317.050941644213
2020-04-05,254,328.823895042185
2020-04-05,169,198.459549810653
2020-04-05,542,358.757991400356
2020-04-05,358,310.583144505202
2020-04-05,1086,486.550202899593
2020-04-05,432,372.923202810411
2020-04-05,457,586.074934300958
2020-04-05,278,808.5938667797
2020-04-05,361,532.084510254886
2020-04-05,363,388.619982894724
2020-04-05,409,228.899452939235
2020-04-05,587,315.144074520969
2020-04-05,534,567.270120222171
2020-04-05,449,430.167505549913
2020-04-05,465,689.945921243464
2020-04-05,568,665.748045348004
2020-04-05,585,513.399612770661
2020-04-05,619,526.275888713692
2020-04-05,472,632.832882353796
2020-04-05,629,471.031693789826
2020-04-05,667,757.745822087498
2020-04-05,516,392.355165630733
2020-04-05,611,585.959353549479
2020-04-05,450,365.74615826269
2020-04-05,119,383.891779262137
2020-04-05,374,446.059832742667
2020-04-05,236,565.316535837315
2020-04-05,621,626.983902539185
2020-04-05,1055,850.136894291936
2020-04-05,350,862.349520712326
2020-04-05,626,850.910303162321
2020-04-05,331,816.469391056009
2020-04-05,641,983.028556120349
2020-04-05,414,350.337157013591
2020-04-05,1130,606.194358487888
2020-04-05,314,437.684933392111
2020-04-05,621,473.041897084056
2020-04-05,478,830.899052583733
2020-04-05,375,1047.78324019116
2020-04-05,554,432.80926915399
2020-04-05,664,539.681951067525
2020-04-05,773,804.311073192262
2020-04-05,993,614.926011587164
2020-04-05,714,482.931939676401
2020-04-05,574,725.309711325686
2020-04-05,507,732.191137508912
2020-04-05,464,579.12591149401
2020-04-05,631,399.220373286673
2020-04-05,371,412.132542135914
2020-04-05,601,539.99146943491
2020-04-05,303,275.102267030099
2020-04-05,389,514.337010608773
2020-04-05,692,1003.83557105866
2020-04-05,1108,1063.0521560343
2020-04-05,1157,1067.94461812384
2020-04-05,1915,1067.90423958997
2020-04-05,784,923.464016087734
2020-04-05,1025,1425.7609997894
2020-04-05,446,605.702177733173
2020-04-05,1835,1791.71429166614
2020-04-05,2987,806.512279830944
2020-04-05,2384,1207.36091642162
2020-04-05,2560,1644.42705891129
2020-04-05,1653,1020.53346436721
2020-04-05,2410,984.656091867758
2020-04-05,1141,809.751165878022
2020-04-05,783,831.156288215056
2020-04-05,799,635.290715547323
2020-04-05,644,644.288281940779
2020-04-05,579,634.780809809482
2020-04-05,960,780.429290033821
2020-04-05,470,881.340515341949
2020-04-05,786,924.849552692127
2020-04-05,868,936.35837782631
2020-04-05,299,641.681378149269
2020-04-05,694,694.7265438102
2020-04-05,2229,1081.09037701304
2020-04-05,443,468.794653066368
2020-04-05,1864,1434.01379497218
2020-04-05,1092,984.092333681012
2020-04-05,1542,860.910577393109
2020-04-05,267,368.797960906929
2020-04-05,659,796.722025829685
2020-04-05,922,988.487826206643
2020-04-05,374,720.883169125161
2020-04-05,696,416.600552837826
2020-04-05,441,985.446861588049
2020-04-05,1238,399.549922034092
2020-04-05,1186,764.529957252949
2020-04-05,491,533.142512236944
2020-04-05,463,499.761609101727
2020-04-05,262,169.945493903404
2020-04-05,1025,776.156564359257
2020-04-05,959,652.999295738554
2020-04-05,579,603.093620912851
2020-04-05,448,646.784727417228
2020-04-05,339,474.129258021916
2020-04-05,734,644.680207679611
2020-04-05,675,459.370039246583
2020-04-05,367,569.967059176289
2020-04-05,413,704.223890927647
2020-04-05,1686,1105.35614071486
2020-04-05,2922,1086.21920946258
2020-04-05,575,898.863264584315
2020-04-05,1011,787.36300887783
2020-04-05,913,1562.81611441885
2020-04-05,990,1063.17014212694
2020-04-05,1348,901.009751144602
2020-04-05,525,1055.45697767904
2020-04-05,593,688.231702388423
2020-04-05,1058,804.805854925286
2020-04-05,1044,693.743597057893
2020-04-05,2191,1454.35181806206
2020-04-05,1778,831.093716252704
2020-04-05,1266,1084.35004065424
2020-04-05,994,662.00031190761
2020-04-05,1845,978.880368044979
2020-04-05,351,612.809734561369
2020-04-05,461,598.051656638443
2020-04-05,1152,573.853859961849
2020-04-05,964,810.786253786306
2020-04-05,653,244.066759376104
2020-04-05,463,445.322742070406
2020-04-05,487,102.194737164289
2020-04-05,266,127.174897302638
2020-04-05,693,911.163973490923
2020-04-05,379,344.23237666026
2020-04-05,314,344.987175919679
2020-04-05,489,645.558747359618
2020-04-05,909,208.261888949015
2020-04-05,345,151.36732103397
2020-04-05,216,324.412080224564
2020-04-05,1430,1129.65267999933
2020-04-05,984,671.109427735708
2020-04-05,760,932.881287537238
2020-04-05,1199,860.183176762171
2020-04-05,286,720.683749173246
2020-04-05,1328,797.943684264247
2020-04-05,1048,867.558501998376
2020-04-05,654,774.08001309522
2020-04-05,654,581.584228965255
2020-04-05,1561,1325.79830343014
2020-04-05,1302,1528.6331368879
2020-04-05,588,693.974991952005
2020-04-05,651,1431.92177594695
2020-04-05,2741,1496.0898054181
2020-04-05,1974,965.343605656696
2020-04-05,2143,1083.26020785887
2020-04-05,480,1663.15202781926
2020-04-05,879,1083.84334631792
2020-04-05,713,1124.12412574602
2020-04-05,901,891.206575373328
2020-04-05,813,908.929595824311
2020-04-05,1787,1308.69595367965
2020-04-05,480,921.964663923154
2020-04-05,2570,1423.99359519452
2020-04-05,879,858.385502675977
2020-04-05,1207,798.418836051286
2020-04-05,721,824.573917068772
2020-04-05,514,660.975906490547
2020-04-05,1602,534.5980916937
2020-04-05,598,829.476787036516
2020-04-05,756,849.450471072463
2020-04-05,848,997.500583594637
2020-04-05,480,643.81332341491
2020-04-05,868,406.78348364731
2020-04-05,641,395.525919126591
2020-04-05,566,455.237250952691
2020-04-05,719,798.746983293547
2020-04-05,974,803.295831404665
2020-04-05,1134,662.753622356555
2020-04-05,731,720.058097750885
2020-04-05,624,524.950286057165
2020-04-05,475,332.707435441835
2020-04-05,475,635.669160127706
2020-04-05,499,1205.83808679233
2020-04-05,311,679.52162894259
2020-04-05,768,554.894894228864
2020-04-05,523,602.235755450433
2020-04-05,490,506.177253635403
2020-04-05,488,887.084387664359
2020-04-05,893,735.694245238144
2020-04-05,474,384.537821752388
2020-04-05,530,447.08057493422
2020-04-05,514,811.279837431579
2020-04-05,716,591.557413461803
2020-04-05,658,872.210005641846
2020-04-05,538,550.165297124126
2020-04-05,360,387.106028632916
2020-04-05,793,1096.60137118514
2020-04-05,750,1007.51137313883
2020-04-05,251,513.57440766522
2020-04-05,412,223.877230441712
2020-04-05,608,518.953530270857
2020-04-05,531,958.252805308124
2020-04-05,718,544.770178276253
2020-04-05,423,631.427350167153
2020-04-05,272,570.729964422508
2020-04-05,781,593.02250870624
2020-04-05,512,592.328994744103
2020-04-05,1247,655.311390042737
2020-04-05,1154,1474.4001739261
2020-04-05,761,753.427213864083
2020-04-05,913,600.754390226381
2020-04-05,794,729.108156559552
2020-04-05,605,917.404569831286
2020-04-05,711,1164.15880370762
2020-04-05,718,1073.5318455448
2020-04-05,827,769.086397472285
2020-04-05,1179,762.679520818018
2020-04-05,730,689.276481481179
2020-04-05,984,859.5684615209
2020-04-05,1075,869.535738619948
2020-04-05,870,986.504600495327
2020-04-05,940,834.577842072334
2020-04-05,1031,624.127599775199
