"day","empirical","exp"
2020-02-10,551,350.895596622923
2020-02-10,335,357.751074500702
2020-02-10,289,401.032858245071
2020-02-10,413,310.084162862559
2020-02-10,450,281.891328795796
2020-02-10,298,272.595257158923
2020-02-10,231,217.739021863761
2020-02-10,194,205.059538647654
2020-02-10,109,113.93794720491
2020-02-10,282,345.742740822466
2020-02-10,186,240.23282652091
2020-02-10,160,227.583345499525
2020-02-10,266,140.455494119961
2020-02-10,247,492.909299129999
2020-02-10,231,229.445522844841
2020-02-10,276,243.763601477676
2020-02-10,326,237.480492006985
2020-02-10,357,380.631436703825
2020-02-10,288,352.380264421219
2020-02-10,371,354.021645100905
2020-02-10,315,387.804043112779
2020-02-10,224,375.622130530246
2020-02-10,378,226.195768878525
2020-02-10,248,271.661918567175
2020-02-10,407,613.416094859008
2020-02-10,382,464.235292462581
2020-02-10,273,250.396852437919
2020-02-10,496,333.45384028403
2020-02-10,550,283.015117207642
2020-02-10,595,471.581670098268
2020-02-10,666,457.789837483145
2020-02-10,515,590.267503894545
2020-02-10,322,243.01484509441
2020-02-10,328,410.91718032938
2020-02-10,229,372.776480023223
2020-02-10,186,357.368177735699
2020-02-10,454,564.524234774216
2020-02-10,518,641.102329556478
2020-02-10,415,476.86109848599
2020-02-10,312,334.362165865062
2020-02-10,584,348.84380454978
2020-02-10,338,317.143044172346
2020-02-10,482,410.415421774088
2020-02-10,385,314.785090905081
2020-02-10,291,344.455432455901
2020-02-10,405,908.091203086439
2020-02-10,428,652.435158198583
2020-02-10,378,565.163150233863
2020-02-10,443,511.958868266747
2020-02-10,268,292.212252184461
2020-02-10,658,255.838454078467
2020-02-10,261,242.500544194166
2020-02-10,528,413.20701470256
2020-02-10,674,331.387287609398
2020-02-10,307,388.62879788215
2020-02-10,502,557.758510706644
2020-02-10,574,528.581853669238
2020-02-10,198,262.708922709962
2020-02-10,316,240.468256270815
2020-02-10,306,307.796705674478
2020-02-10,211,374.435671302815
2020-02-10,350,305.204554777597
2020-02-10,766,612.115618522555
2020-02-10,1089,525.938557956625
2020-02-10,375,534.223954264442
2020-02-10,559,524.567959844649
2020-02-10,501,476.200943497028
2020-02-10,601,460.404882557983
2020-02-10,259,195.003420326926
2020-02-10,787,352.352788092792
2020-02-10,573,431.415250174646
2020-02-10,686,370.988987590135
2020-02-10,870,530.638971822457
2020-02-10,364,401.651094426271
2020-02-10,354,324.363653778321
2020-02-10,352,511.77206033662
2020-02-10,622,645.492273317503
2020-02-10,420,458.903484544823
2020-02-10,644,528.581350668487
2020-02-10,899,740.810430361575
2020-02-10,520,329.189463525857
2020-02-10,634,349.335383841068
2020-02-10,128,441.172543731322
2020-02-10,452,489.861217368719
2020-02-10,296,386.043718181173
2020-02-10,361,195.421096927775
2020-02-10,404,492.007031408986
2020-02-10,286,304.75541808746
2020-02-10,386,387.785195009587
2020-02-10,186,550.71178840624
2020-02-10,521,304.62939551736
2020-02-10,785,455.393209887347
2020-02-10,339,605.168774605472
2020-02-10,406,713.659109215715
2020-02-10,1583,883.740906511373
2020-02-10,1099,855.236690849705
2020-02-10,873,1027.77497110868
2020-02-10,1126,667.334092163378
2020-02-10,949,963.731125458676
2020-02-10,972,704.468294146125
2020-02-10,571,626.283239953877
2020-02-10,545,711.837407982405
2020-02-10,608,484.904288480847
2020-02-10,221,320.310369502036
2020-02-10,737,491.815311596882
2020-02-10,592,896.5784562061
2020-02-10,413,484.010020387155
2020-02-10,638,623.923877176999
2020-02-10,351,247.938407374885
2020-02-10,378,310.144927674704
2020-02-10,312,311.685712629432
2020-02-10,264,326.39982243997
2020-02-10,405,168.150895269643
2020-02-10,254,299.729177374338
2020-02-10,353,353.028869153544
2020-02-10,341,395.713698502008
2020-02-10,963,815.188518787775
2020-02-10,962,769.429589780426
2020-02-10,1070,924.789479196999
2020-02-10,903,1260.63375835999
2020-02-10,545,872.205597339899
2020-02-10,1509,1291.00485794148
2020-02-10,2036,725.695846580424
2020-02-10,1631,816.96909707221
2020-02-10,882,920.268727069995
2020-02-10,1132,691.197478127431
2020-02-10,1275,807.449398980222
2020-02-10,246,348.616527755366
2020-02-10,160,474.980377880217
2020-02-10,0,369.186326692915
2020-02-10,31,1541.4218793748
2020-02-10,606,589.393654006272
2020-02-10,574,853.257013284292
2020-02-10,501,389.977874094336
2020-02-10,586,546.957457619842
2020-02-10,1001,1142.1302692656
2020-02-10,590,742.289055412769
2020-02-10,1008,682.903942832457
2020-02-10,468,565.225845732037
2020-02-10,588,543.191019491782
2020-02-10,588,511.30451614389
2020-02-10,554,457.938099928579
2020-02-10,843,589.239733650896
2020-02-10,352,692.38281076385
2020-02-10,1410,608.038698430329
2020-02-10,731,504.604987104661
2020-02-10,596,337.016245847571
2020-02-10,448,352.124824947088
2020-02-10,918,336.215707690022
2020-02-10,510,266.859628378928
2020-02-10,370,305.472467815146
2020-02-10,351,180.156872727759
2020-02-10,288,337.258238902597
2020-02-10,300,337.986392530919
2020-02-10,571,618.338240705981
2020-02-10,336,348.050367609575
2020-02-10,704,706.103828602093
2020-02-10,365,480.399691789674
2020-02-10,457,459.871945342736
2020-02-10,263,490.724034607211
2020-02-10,497,585.613050274269
2020-02-10,674,481.63548568272
2020-02-10,361,308.214145309189
2020-02-10,655,469.156100074083
2020-02-10,233,512.687404366316
2020-02-10,628,545.334253400995
2020-02-10,324,598.802095458377
2020-02-10,681,345.429495355613
2020-02-10,420,660.628535832634
2020-02-10,823,913.861269232671
2020-02-10,1037,500.455962129949
2020-02-10,815,693.21194124912
2020-02-10,875,550.686731006506
2020-02-10,471,319.53062396664
2020-02-10,543,224.882801346019
2020-02-10,273,340.5795623676
2020-02-10,732,599.846225664627
2020-02-10,287,336.505166448626
2020-02-10,547,335.806266003901
2020-02-10,433,437.720509727215
2020-02-10,829,602.870296134184
2020-02-10,959,672.043187578996
2020-02-10,665,489.398280851255
2020-02-10,746,572.091698062526
2020-02-10,509,516.764216394308
2020-02-10,203,570.791549340424
2020-02-10,230,288.064169229802
2020-02-10,238,334.947175890678
2020-02-10,719,395.322074231731
2020-02-10,349,420.878075902095
2020-02-10,719,484.4778574448
2020-02-10,828,446.683363124763
2020-02-10,199,313.52275766855
2020-02-10,386,253.532168242199
2020-02-10,369,175.486334331503
2020-02-10,310,175.549891496668
2020-02-10,367,388.05732362999
2020-02-10,225,475.404785921667
2020-02-10,259,285.312626822002
2020-02-10,497,356.350995066825
2020-02-10,1082,301.929034236069
2020-02-10,354,218.616071554418
2020-02-10,633,164.349539006674
2020-02-10,132,123.781828517696
2020-02-10,445,936.868129893909
2020-02-10,921,690.277644831642
2020-02-10,707,412.803981160916
2020-02-10,453,171.942573429166
2020-02-10,1197,867.254995177826
2020-02-10,269,386.24999149842
2020-02-10,372,338.239527696285
2020-02-10,345,358.228758116356
2020-02-10,240,292.44803441736
2020-02-10,602,302.256810939534
2020-02-10,370,412.30687620424
2020-02-10,313,350.296218211573
2020-02-10,366,271.999528221047
2020-02-10,229,236.614003396209
2020-02-10,165,759.080397586506
2020-02-10,252,616.361203098062
2020-02-10,682,348.655355255718
2020-02-10,450,845.956357095644
2020-02-10,423,595.937721318632
2020-02-10,531,587.134026718462
2020-02-10,792,590.483165619966
2020-02-10,1035,956.448828204753
2020-02-10,412,484.270429126896
2020-02-10,587,710.238203793158
2020-02-10,568,307.59738902273
2020-02-10,303,307.645871167255
2020-02-10,223,580.68741906516
2020-02-10,964,619.371723503864
2020-02-10,483,852.438421690927
2020-02-10,671,462.2536957055
2020-02-10,915,372.612782811974
2020-02-10,611,636.831699666983
2020-02-10,504,716.165185782955
2020-02-10,300,129.263802385135
2020-02-10,1205,528.479122898276
2020-02-10,1222,606.009395288454
2020-02-10,1219,907.706869068279
2020-02-10,629,845.354607753836
2020-02-10,920,573.945716290331
2020-02-10,1311,1044.79744074129
2020-02-10,830,392.119839386992
2020-02-10,493,757.97851766545
2020-02-10,543,517.849943927409
2020-02-10,229,912.107431451317
2020-02-10,443,397.64148564504
2020-02-10,803,738.443494254421
2020-02-10,741,868.33550833162
2020-02-10,849,914.515546457503
2020-02-10,787,551.836062466532
2020-02-10,960,539.716977840794
2020-02-10,1498,757.534560271194
2020-02-10,1005,340.000922899425
2020-02-10,650,449.013501374439
2020-02-10,679,332.988764068234
2020-02-10,322,711.720650532189
2020-02-10,376,523.123792630514
2020-02-10,304,440.574781564479
2020-02-10,104,319.313931460085
2020-02-10,0,259.509595487852
2020-02-10,177,199.569493358506
2020-02-10,204,424.052978917902
2020-02-10,251,178.722090573803
2020-02-10,148,336.311994609699
2020-02-10,424,393.323335519857
2020-02-10,433,409.39574847626
2020-02-10,593,284.881204126289
2020-02-10,320,326.131780440646
2020-02-10,546,400.189455261099
2020-02-10,536,379.986829128325
2020-02-10,478,393.195997610734
2020-02-10,474,280.754164016675
2020-02-10,609,402.191670569113
2020-02-10,244,218.931525313061
2020-02-10,260,231.317992704802
2020-02-10,201,455.675081993354
2020-02-10,263,220.633579132249
2020-02-10,760,452.634400500314
2020-02-10,271,279.247692389961
2020-02-10,459,326.14262975992
2020-02-10,349,302.29971290983
2020-02-10,671,574.418201916048
2020-02-10,404,369.727243274547
2020-02-10,424,507.247645308915
2020-02-10,554,325.755088789405
2020-02-10,522,411.935868758341
2020-02-10,860,829.278219635603
2020-02-10,848,517.425128162329
2020-02-10,923,673.621743935704
2020-02-10,283,367.313135290897
2020-02-10,913,651.246897659052
2020-02-10,1140,826.234817285987
2020-02-10,894,451.753858713316
2020-02-10,323,491.610158533461
2020-02-10,532,499.914218923853
2020-02-10,875,531.987910091425
2020-02-10,1011,640.457495175666
2020-02-10,448,615.078589699971
2020-02-10,406,460.402477974784
2020-02-10,460,493.451148987006
2020-02-10,341,632.246701560884
2020-02-10,697,385.857823520636
2020-02-10,553,465.772930837093
2020-02-10,368,279.53736126096
2020-02-10,260,322.7392130187
2020-02-10,283,522.195059410828
2020-02-10,426,296.02052719646
2020-02-10,598,421.675327674194
2020-02-10,302,368.044223016232
2020-02-10,250,436.421238731864
2020-02-10,466,339.515283538124
2020-02-10,326,428.186347956349
2020-02-10,304,383.11499594575
2020-02-10,388,423.528828479157
2020-02-10,413,357.501625395527
2020-02-10,548,437.12195056988
2020-02-10,388,284.048550176426
2020-02-10,328,409.392249043726
2020-02-10,216,508.541591301219
2020-02-10,299,381.937189713719
2020-02-10,377,527.068465913642
2020-02-10,345,335.877194135526
2020-02-10,556,429.470066900669
2020-02-10,311,426.186928427477
2020-02-10,224,381.737037178957
2020-02-10,845,393.825291669277
2020-02-10,594,587.557264986474
2020-02-10,699,493.240002498304
2020-02-10,708,656.419771709029
2020-02-10,669,619.68300365516
2020-02-10,694,499.906719648478
2020-02-10,434,442.002425944551
2020-02-10,342,688.277263676876
2020-02-10,737,760.240888255883
2020-02-10,935,709.167754546099
2020-02-10,695,548.771546390969
2020-02-10,765,575.704103419026
2020-02-10,340,220.936677899698
2020-02-10,655,343.987950125513
2020-02-10,328,402.183527887979
2020-02-10,669,619.114871295511
2020-02-10,496,567.807421386527
2020-02-10,623,610.389445288066
2020-02-10,369,339.061933591791
2020-02-10,278,377.682386673888
2020-02-10,493,298.865212207198
2020-02-10,731,725.107654938482
2020-02-10,706,362.076334119565
2020-02-10,631,651.304349380467
2020-02-10,393,486.972246479657
2020-02-10,744,813.158918041369
2020-02-10,1078,775.104710450871
2020-02-10,646,703.955055296881
2020-02-10,498,705.104186745102
2020-02-10,902,734.770101034996
2020-02-10,686,688.90567694015
2020-02-10,605,719.547379067774
2020-02-10,1285,851.00314308128
2020-02-10,935,736.70177959056
2020-02-10,543,617.457164575909
2020-02-10,508,610.032664011471
2020-02-10,761,663.245034145751
2020-02-10,1453,654.932146192051
2020-02-10,933,689.175591944869
2020-02-10,858,849.722662978536
2020-02-10,611,395.738694396422
2020-02-10,253,755.753635732833
2020-02-10,172,293.261475145824
2020-02-10,810,844.491551217106
2020-02-10,585,735.323842954891
2020-02-10,691,452.933847233041
2020-02-10,1450,737.887198058173
2020-02-10,463,506.943095313542
2020-02-10,932,630.442906430224
2020-02-10,213,306.914279125038
2020-02-10,401,176.804467571639
2020-02-10,859,586.892740507973
2020-02-10,139,425.516108981039
2020-02-10,430,680.116397612736
2020-02-10,532,295.904190701263
2020-02-10,811,437.290850697411
2020-02-10,598,499.783348857799
2020-02-10,725,494.663142114417
2020-02-10,710,620.910382657653
2020-02-10,657,873.378728602876
2020-02-10,592,360.450344945146
2020-02-10,552,453.617292261311
2020-02-10,479,656.289643739716
2020-02-10,582,519.86040811107
2020-02-10,384,434.240986245428
2020-02-10,862,343.358922616187
2020-02-10,696,927.264599465737
2020-02-10,1047,635.937781670772
2020-02-10,598,635.863057304435
2020-02-10,426,312.643945691612
2020-02-10,715,620.635399228594
2020-02-10,680,1008.33967515418
2020-02-10,2010,1108.66614423193
2020-02-10,1370,683.898180498202
2020-02-10,1067,957.282854295433
2020-02-10,269,1093.76518860037
2020-02-10,459,351.923090273471
2020-02-10,459,509.918819569774
2020-02-10,339,313.489073606767
2020-02-10,358,346.278068755053
2020-02-10,477,587.841690642284
2020-02-10,489,566.095409774685
2020-02-10,861,672.251006845225
2020-02-10,845,696.519470716081
2020-02-10,442,474.626542679176
2020-02-10,618,462.948639271463
2020-02-10,493,777.972169575483
2020-02-10,709,612.244716008177
2020-02-10,1118,647.063892220159
2020-02-10,799,498.333684306002
2020-02-10,553,587.000760489023
2020-02-10,649,793.937582950143
2020-02-10,559,771.166881981359
2020-02-10,608,547.429642441466
2020-02-10,626,868.380680868963
2020-02-10,1341,833.613584003809
2020-02-10,683,439.670362291198
2020-02-10,534,457.044982818552
2020-02-10,718,641.549019954104
2020-02-10,600,636.892508656209
2020-02-10,408,323.026565556533
2020-02-10,524,447.163463344647
2020-02-10,467,637.301334340733
2020-02-10,691,452.870970859945
2020-02-10,345,580.920753668948
2020-02-10,637,462.60617208918
2020-02-10,559,690.521184652681
2020-02-10,1211,533.697903866024
2020-02-10,879,688.645631582738
2020-02-10,1510,499.507668161945
2020-02-10,657,709.237705763956
2020-02-10,1500,797.513493237156
2020-02-10,833,941.425975215681
2020-02-10,1190,925.972660918783
2020-02-10,995,710.049411523797
2020-02-10,409,667.553455021383
2020-02-10,632,517.979563800685
2020-02-10,664,524.143983128142
2020-02-10,202,119.968891566729
2020-02-10,622,665.41348641826
2020-02-10,953,799.668922708782
2020-02-10,1092,523.097278819107
2020-02-10,551,774.006199804483
2020-02-10,2236,822.234634938019
2020-02-10,292,321.814111430618
2020-02-10,954,963.855403193981
2020-02-10,213,719.677248393259
2020-02-10,181,263.310565809185
2020-02-10,314,307.083240368669
2020-02-10,287,354.110100281628
2020-02-10,391,172.108470924853
2020-02-10,449,495.467027812098
2020-02-10,602,675.121612909032
2020-02-10,451,130.671045109912
2020-02-10,411,604.102567879149
2020-02-10,188,184.783899051298
2020-02-10,778,250.480845604268
2020-02-10,503,192.380973717798
2020-02-10,377,278.559422245774
2020-02-10,376,203.382633000262
2020-02-10,167,395.023067367861
2020-02-10,501,289.680231378871
2020-02-10,248,394.957642999512
2020-02-10,885,471.696099703247
2020-02-10,323,269.659988751575
2020-02-10,152,283.232122860469
2020-02-10,143,163.630301029391
2020-02-10,156,192.795651896354
2020-02-10,240,374.073602842239
2020-02-10,123,360.177825889009
2020-02-10,0,195.60884987683
2020-02-10,388,774.188586697109
2020-02-10,234,436.916488528518
2020-02-10,358,472.925067768384
2020-02-10,467,441.342729374517
2020-02-10,786,998.947754685464
2020-02-10,696,543.446000812945
2020-02-10,633,686.686042172072
2020-02-10,944,738.054398243726
2020-02-10,1049,706.727958797816
2020-02-10,1026,754.558767094438
2020-02-10,935,558.111886135848
2020-02-10,544,693.697732796134
2020-02-10,804,700.250588049368
2020-02-10,624,698.189597645425
2020-02-10,319,708.298446381983
2020-02-10,412,430.08995489361
2020-02-10,698,609.43177286774
2020-02-10,850,906.848367535886
2020-02-10,922,645.531755148519
2020-02-10,262,619.321834142248
2020-02-10,963,498.755211261909
2020-02-10,590,558.377232975368
2020-02-10,162,433.707350992389
2020-02-10,906,745.456401566514
2020-02-10,430,392.434562116818
2020-02-10,408,391.258312382256
2020-02-10,478,465.883711240575
2020-02-10,596,686.598586914735
2020-02-10,729,333.290331001753
2020-02-10,1132,714.186176691213
2020-02-10,640,980.825759441456
2020-02-10,555,526.903697582382
2020-02-10,916,553.107372049838
2020-02-10,520,660.011039269871
2020-02-10,1173,762.178430077869
2020-02-10,365,402.729377446258
2020-02-10,729,753.856270626743
2020-02-10,927,604.830500333856
2020-02-10,437,744.24118041161
2020-02-10,1099,435.650277597295
2020-02-10,438,664.673857435555
2020-02-10,291,592.839487826188
2020-02-10,535,571.804518072687
2020-02-10,587,538.487446897805
2020-02-10,536,782.642925433845
2020-02-10,528,479.828469604777
2020-02-10,388,461.150404403038
2020-02-10,646,624.873721884436
2020-02-10,598,689.451845687311
2020-02-10,932,420.714185653898
2020-02-10,1212,655.974246146823
2020-02-10,1397,722.25698171394
2020-02-10,219,581.481649208567
2020-02-10,684,490.609280953443
2020-02-10,309,695.346949080705
2020-02-10,698,304.959575264208
2020-02-10,343,674.272460670731
2020-02-10,586,719.395806852278
2020-02-10,530,631.277264517696
2020-02-10,490,702.815826444758
2020-02-10,920,718.185147625773
2020-02-10,775,862.798736805347
2020-02-10,567,310.117590676348
2020-02-10,685,616.264248737891
2020-02-10,663,420.518661427278
2020-02-10,284,341.241687946086
2020-02-10,690,1144.87991649587
2020-02-10,463,534.092857328587
2020-02-10,233,326.883943587026
2020-02-10,334,374.480805518089
2020-02-10,614,432.801637004728
2020-02-10,308,538.559312290804
2020-02-10,555,397.674663568394
2020-02-10,351,360.777885785154
2020-02-10,53,119.380920616976
2020-02-10,414,281.711686570149
2020-02-10,1209,601.263755096933
2020-02-10,305,262.686318169795
2020-02-10,423,381.40311159103
2020-02-10,621,622.29208165072
2020-02-10,770,495.599362834807
2020-02-10,183,351.388583724599
2020-02-10,542,276.041324052549
2020-02-10,101,370.038878431357
2020-02-10,138,106.7058629211
2020-02-10,1050,784.966511755779
2020-02-10,582,635.281314685982
2020-02-10,795,238.820601266689
2020-02-10,254,556.44166510523
2020-02-10,617,698.876587996357
2020-02-10,606,747.203770280275
2020-02-10,868,550.836669805989
2020-02-10,271,281.481441290213
2020-02-10,226,302.641458268477
2020-02-10,228,357.013636849696
2020-02-10,402,453.141303027515
2020-02-10,1022,589.822490426515
2020-02-10,1202,713.768183966806
2020-02-10,812,651.816505651266
2020-02-10,1036,568.22591557121
2020-02-10,885,792.796207408659
2020-02-10,669,589.683399407863
2020-02-10,475,400.353898255527
2020-02-10,467,494.952551030912
2020-02-10,493,423.748670873194
2020-02-10,454,507.360596285204
2020-02-10,825,476.085209042142
2020-02-10,475,734.159493004536
2020-02-10,598,637.203995876643
2020-02-10,194,533.077097327148
2020-02-10,558,428.574702575678
2020-02-10,756,300.357092264528
2020-02-10,453,351.513870839198
2020-02-10,279,276.200068192621
2020-02-10,907,510.301044943069
2020-02-10,419,242.210282030336
2020-02-10,527,350.66720551096
2020-02-10,1133,400.476361429114
2020-02-10,420,287.165383500055
2020-02-10,465,496.917906791712
2020-02-10,495,447.575482050692
2020-02-10,462,405.779407576058
2020-02-10,171,337.399313366877
2020-02-10,347,386.248048813066
2020-02-10,600,376.880196789221
2020-02-10,929,849.413519067063
2020-02-10,833,617.287336744695
2020-02-10,463,476.88365646545
2020-02-10,527,602.086990289546
2020-02-10,625,525.924496377429
2020-02-10,380,356.282713649018
2020-02-10,1184,577.776716745483
2020-02-10,200,549.049597193227
2020-02-10,318,445.319610146955
2020-02-10,754,711.641449295253
2020-02-10,264,425.719118140672
2020-02-10,968,739.215747302885
2020-02-10,1336,582.451325354242
2020-02-10,1104,634.251078829866
2020-02-10,1095,598.280504452077
2020-02-10,1092,604.821394530451
2020-02-10,139,153.193382202981
2020-02-10,18,504.29446005448
2020-02-10,285,339.233036781193
2020-02-10,217,406.578404571042
2020-02-10,521,353.083319916388
2020-02-10,454,154.241169493509
2020-02-10,482,762.454165136803
2020-02-10,466,598.383245947547
2020-02-10,395,405.11246363508
2020-02-10,519,343.705431301196
2020-02-10,703,504.445975382569
2020-02-10,401,462.241896658276
2020-02-10,409,464.40930913542
2020-02-10,197,322.911910722312
2020-02-10,283,197.484599236671
2020-02-10,616,612.80583650779
2020-02-10,452,588.179916774257
2020-02-10,726,610.348491323723
2020-02-10,424,239.219211683837
2020-02-10,789,372.189465581314
2020-02-10,236,446.999211099343
2020-02-10,775,917.196182579836
2020-02-10,394,400.299602203622
2020-02-10,751,540.812248652014
2020-02-10,325,405.306368292615
2020-02-10,631,308.765297907149
2020-02-10,476,472.682029042216
2020-02-10,327,255.467459645669
2020-02-10,188,452.020812465616
2020-02-10,699,563.129247026171
2020-02-10,537,576.691173646361
2020-02-10,625,752.613806606435
2020-02-10,1175,471.144474193548
2020-02-10,527,623.92632507112
2020-02-10,749,705.077173126197
2020-02-10,595,492.132619441366
2020-02-10,816,532.389314498835
2020-02-10,238,292.294962662256
2020-02-10,256,336.699988015896
2020-02-10,414,398.646592762249
2020-02-10,415,287.304035872762
2020-02-10,438,476.768987780643
2020-02-10,676,395.606318653425
2020-02-10,590,454.525354184097
2020-02-10,483,404.375473838366
2020-02-10,739,388.915224248313
2020-02-10,485,599.238574692361
2020-02-10,94,162.824346741926
2020-02-10,370,386.637030186783
2020-02-10,689,344.922696942651
2020-02-10,537,582.38204812355
2020-02-10,621,447.822435452156
2020-02-10,374,458.206402003194
2020-02-10,619,496.579376611443
2020-02-10,469,731.342351335358
2020-02-10,564,306.335862493454
2020-02-10,303,141.472581513828
2020-02-10,182,154.335821647748
2020-02-10,554,419.317044786467
2020-02-10,307,302.112178900734
2020-02-10,506,402.894295762639
2020-02-10,1051,727.917449726669
2020-02-10,550,496.124102723276
2020-02-10,626,754.706022241326
2020-02-10,449,931.912725934123
2020-02-10,471,295.262929441435
2020-02-10,289,438.07037936406
2020-02-10,1223,548.751352967288
2020-02-10,964,685.939886199835
2020-02-10,392,514.853606166877
2020-02-10,670,417.300128460988
2020-02-10,739,427.911315339215
2020-02-10,342,598.563790136556
2020-02-10,1097,359.71064392672
2020-02-10,292,393.368250721767
2020-02-10,413,461.39124507206
2020-02-10,734,284.571579615415
2020-02-10,208,105.931393795587
2020-02-10,476,487.716848944099
2020-02-10,530,282.062029114349
2020-02-10,856,589.071791067709
2020-02-10,352,242.334474300426
2020-02-10,392,473.315654520165
2020-02-10,558,261.952882691694
2020-02-10,241,290.560812094893
2020-02-10,1131,549.158532558212
2020-02-10,355,209.463988577917
2020-02-10,595,729.623908688403
2020-02-10,310,455.039943405713
2020-02-10,525,411.893428599797
2020-02-10,471,433.691289860535
2020-02-10,606,636.508652533896
2020-02-10,213,514.233814821885
2020-02-10,995,502.094421303708
2020-02-10,665,490.067275352399
2020-02-10,330,433.106460708555
2020-02-10,141,452.591470839101
2020-02-10,477,495.906675318367
2020-02-10,399,163.768026841295
2020-02-10,217,190.676286776954
2020-02-10,212,251.785551633727
2020-02-10,475,474.392519465915
2020-02-10,584,210.000642506421
2020-02-10,574,423.518282120407
2020-02-10,533,366.84537321985
2020-02-10,306,396.160169686135
2020-02-10,75,213.432145155914
2020-02-10,924,704.899590894475
2020-02-10,460,451.082445348968
2020-02-10,246,823.1297977412
2020-02-10,468,535.821579213487
2020-02-10,814,775.984249964355
2020-02-10,350,539.76959635103
2020-02-10,503,455.475975117392
2020-02-10,369,308.490561756604
2020-02-10,196,461.091573245486
2020-02-10,1380,628.093722131764
2020-02-10,398,245.803055226424
2020-02-10,847,505.358361057302
2020-02-10,530,538.960421716527
2020-02-10,755,383.641924132284
2020-02-10,617,314.005070251521
2020-02-10,569,497.182073535595
2020-02-10,532,394.5864256869
2020-02-10,688,453.685796632763
2020-02-10,294,545.928209527822
2020-02-10,350,446.941093826895
2020-02-10,216,267.310386366503
2020-02-10,355,420.988153392203
2020-02-10,418,285.490497654022
2020-02-10,399,293.397058279257
2020-02-10,510,322.90228123433
2020-02-10,302,483.25309558433
2020-02-10,222,486.451667758267
2020-02-10,420,280.785728050179
2020-02-10,292,387.62952905894
2020-02-10,504,274.274405128431
2020-02-10,381,468.286646665274
2020-02-10,466,506.122837946019
2020-02-10,217,295.387813070817
2020-02-10,306,211.072235021994
2020-02-10,464,307.843067556364
2020-02-10,492,325.012973983205
2020-02-10,243,471.323001595919
2020-02-10,544,464.171036398901
2020-02-10,395,300.539849513166
2020-02-10,508,417.113565900214
2020-02-10,488,410.222650990153
2020-02-10,373,372.173247896393
2020-02-10,448,412.584203934849
2020-02-10,289,304.013728059378
2020-02-10,743,353.377301283738
2020-02-10,377,377.482202470677
2020-02-10,318,253.627149945002
2020-02-10,336,350.279079476381
2020-02-10,409,507.168013037409
2020-02-10,395,331.033802397471
2020-02-10,267,269.513722181449
2020-02-10,612,473.923915078328
2020-02-10,884,406.574011512017
2020-02-10,395,468.117033037781
2020-02-10,569,309.219185546627
2020-02-10,626,366.942180502434
2020-02-10,544,510.760156878306
2020-02-10,535,452.284482364753
2020-02-10,266,451.967491384645
2020-02-10,204,675.318849760379
2020-02-10,304,274.058267888104
2020-02-10,902,601.415371239588
2020-02-10,607,365.090548758247
2020-02-10,567,423.501315548544
2020-02-10,234,419.578688523385
2020-02-10,1168,499.817457565376
2020-02-10,1104,368.37612176504
2020-02-10,641,568.655662258173
2020-02-10,519,622.743233759778
2020-02-10,389,441.67243299051
2020-02-10,159,468.934846380946
2020-02-10,363,341.403060362126
2020-02-10,243,186.830040054945
2020-02-10,268,345.040018387571
2020-02-10,267,315.245726676569
2020-02-10,154,211.57272760124
2020-02-10,205,254.31900490737
2020-02-10,270,260.025835582526
2020-02-10,260,222.122544255362
2020-02-10,288,216.485746725231
2020-02-10,242,324.329611076877
2020-02-10,253,199.842674529326
2020-02-10,487,359.098694168721
2020-02-10,661,431.958274914807
2020-02-10,343,328.820609409415
2020-02-10,339,365.446542181061
2020-02-10,162,526.922544264829
2020-02-10,412,475.912474525174
2020-02-10,312,542.817496032655
2020-02-10,447,280.620419807305
2020-02-10,561,668.953751802263
2020-02-10,585,551.488828577034
2020-02-10,1307,494.496830238629
2020-02-10,964,481.611320378809
2020-02-10,763,493.957513788134
2020-02-10,691,664.951780784831
2020-02-10,400,516.037846429357
2020-02-10,369,457.880458212178
2020-02-10,359,350.428210446103
2020-02-10,554,436.380447841233
2020-02-10,300,402.671533113328
2020-02-10,289,486.004744649578
2020-02-10,269,425.374543313354
2020-02-10,207,148.301263614736
2020-02-10,252,186.606739852117
2020-02-10,413,417.083120311846
2020-02-10,385,436.488640435511
2020-02-10,536,476.272604782888
2020-02-10,1182,541.304334954594
2020-02-10,853,526.209556773242
2020-02-10,716,391.040242084203
2020-02-10,150,346.940368221204
2020-02-10,204,385.51427501317
2020-02-10,484,498.520214110999
2020-02-10,334,494.886587058989
2020-02-10,335,310.191625640034
2020-02-10,800,392.279025074253
2020-02-10,404,605.426231792872
2020-02-10,500,597.376503873855
2020-02-10,411,329.345229760293
2020-02-10,598,507.051362117902
2020-02-10,312,397.411480537528
2020-02-10,173,468.371362297899
2020-02-10,456,417.755379287845
2020-02-10,390,353.891728887119
2020-02-10,465,316.025220592979
2020-02-10,448,260.202468838394
2020-02-10,263,526.49709016798
2020-02-10,395,380.418038570766
2020-02-10,513,303.980152014093
2020-02-10,726,306.969027828933
2020-02-10,274,420.207271062097
2020-02-10,278,421.292867661768
2020-02-10,499,409.856612439545
2020-02-10,384,276.456789944191
2020-02-10,562,378.89892197545
2020-02-10,746,651.590577074511
2020-02-10,214,296.667426050304
2020-02-10,509,397.65751862926
2020-02-10,641,524.406938433957
2020-02-10,667,447.672299804424
2020-02-10,344,455.979390331809
2020-02-10,589,551.753368416703
2020-02-10,480,585.682852806262
2020-02-10,976,543.707703033013
2020-02-10,445,723.42858670053
2020-02-10,945,664.927889259047
2020-02-10,1098,485.534737052887
2020-02-10,1479,841.795309376684
2020-02-10,642,394.670868234992
2020-02-10,508,602.832661618259
2020-02-10,562,480.588212241584
2020-02-10,513,576.299712727996
2020-02-10,870,418.832419848774
2020-02-10,70,522.674665678835
2020-02-10,801,413.641898448959
2020-02-10,624,684.645352970892
2020-02-10,437,616.062804938674
2020-02-10,215,367.826164469918
2020-02-10,217,395.743795093466
2020-02-10,672,942.876146661635
2020-02-10,328,367.451201508853
2020-02-10,525,604.970662124038
2020-02-10,321,384.864019935752
2020-02-10,747,640.232742845217
2020-02-10,374,269.184188396371
2020-02-10,425,610.537227126255
2020-02-10,569,342.458876138294
2020-02-10,673,400.422900207904
2020-02-10,624,889.826470341734
2020-02-10,744,345.387596067774
2020-02-10,849,920.485370373866
2020-02-10,531,508.661004325079
2020-02-10,708,544.077684035463
2020-02-10,971,699.563230686631
2020-02-10,395,573.755493582515
2020-02-10,734,638.956493164164
2020-02-10,365,313.89435901051
2020-02-10,775,639.49143824944
2020-02-10,448,563.028327733429
2020-02-10,418,586.962995472839
2020-02-10,477,593.591648007995
2020-02-10,662,524.788866886543
2020-02-10,474,184.206935566347
2020-02-10,436,394.08384985138
2020-02-10,211,207.108735745101
2020-02-10,738,337.893272466317
2020-02-10,223,378.565075140254
2020-02-10,282,281.084158314128
2020-02-10,302,354.962611171379
2020-02-10,630,569.828194470301
2020-02-10,561,387.55557128615
2020-02-10,361,456.532354589983
2020-02-10,200,550.164158038428
2020-02-10,328,165.325880242042
2020-02-10,826,763.498878684452
2020-02-10,653,550.155553425853
2020-02-10,262,410.703355497494
2020-02-10,320,275.832090517617
2020-02-10,306,231.343981330988
2020-02-10,632,453.004809086411
2020-02-10,538,760.895837641111
2020-02-10,328,348.839722300724
2020-02-10,588,583.922183268854
2020-02-10,744,590.056649730286
2020-02-10,352,397.004122052042
2020-02-10,353,334.959891535435
2020-02-10,376,467.741972525556
2020-02-10,168,332.122859016744
2020-02-10,630,382.732067029448
2020-02-10,301,272.830560731648
2020-02-10,328,315.845310775622
2020-02-10,340,337.459110650082
2020-02-10,530,464.463186263557
2020-02-10,600,405.773094571308
2020-02-10,355,487.804192909302
2020-02-10,496,351.673601235256
2020-02-10,571,383.357032756429
2020-02-10,557,353.470619138685
2020-02-10,297,466.919594351778
2020-02-10,622,516.83854128815
2020-02-10,565,485.982986826181
2020-02-10,309,349.789052595743
2020-02-10,338,419.545865794638
2020-02-10,495,502.238638784568
2020-02-10,277,577.844270781593
2020-02-10,599,396.083643818937
2020-02-10,243,349.933727104941
2020-02-10,430,386.214245437913
2020-02-10,450,584.796858175289
2020-02-10,601,542.636530108808
2020-02-10,208,450.077163579261
2020-02-10,243,320.63624313513
2020-02-10,323,318.947426054195
2020-02-10,469,585.887040525037
2020-02-10,449,394.050653799459
2020-02-10,538,236.753936399185
2020-02-10,834,390.824405782579
2020-02-10,291,393.70939323739
2020-02-10,423,499.687093252917
2020-02-10,850,424.491026990746
2020-02-10,328,323.427368986207
2020-02-10,343,532.016472432232
2020-02-10,326,286.72647809223
2020-02-10,563,690.935992069115
2020-02-10,361,587.81407957967
2020-02-10,375,268.484041052275
2020-02-10,582,475.005518285264
2020-02-10,1114,670.158863436446
2020-02-10,340,555.577775840431
2020-02-10,868,388.058042352168
2020-02-10,425,282.92025636937
2020-02-10,450,295.156095448449
2020-02-10,171,411.298333833419
2020-02-10,411,269.729448306469
2020-02-10,530,318.554244634112
2020-02-10,361,268.288465187406
2020-02-10,262,358.862075981549
2020-02-10,359,485.209976690795
2020-02-10,561,504.67985054278
2020-02-10,308,455.40238763206
2020-02-10,343,343.451072427417
2020-02-10,252,416.891114907699
2020-02-10,304,335.528598793961
2020-02-10,441,148.588062276657
2020-02-10,363,264.616199759677
2020-02-10,142,352.794177525815
2020-02-10,218,563.695850613113
2020-02-10,427,334.798440701769
2020-02-10,399,442.210189318555
2020-02-10,625,416.429853884207
2020-02-10,252,385.348234895125
2020-02-10,341,232.097257815321
2020-02-10,577,628.024380121181
2020-02-10,776,490.318785073268
2020-02-10,205,307.674405249915
2020-02-10,153,295.721842164953
2020-02-10,219,307.932996264046
2020-02-10,123,283.793498107655
2020-02-10,705,499.198890072498
2020-02-10,253,230.217627363972
2020-02-10,325,312.236922484012
2020-02-10,399,415.635890492263
2020-02-10,328,244.155491507493
2020-02-10,507,263.648059026521
2020-02-10,595,764.42211935034
2020-02-10,548,255.540064931668
2020-02-10,243,398.884210520226
2020-02-10,187,361.518082015559
2020-02-10,669,436.255046474833
2020-02-10,266,276.243591286614
2020-02-10,229,347.654685856769
2020-02-10,245,454.301588561299
2020-02-10,402,317.516850737668
2020-02-10,255,412.950788063753
2020-02-10,532,380.670795462329
2020-02-10,664,498.733752981938
2020-02-10,336,350.699312805704
2020-02-10,683,768.066834601409
2020-02-10,1065,723.070376191518
2020-02-10,450,569.58511241505
2020-02-10,1139,939.6397529649
2020-02-10,667,547.485123015363
2020-02-10,397,279.392039622826
2020-02-10,333,433.831215569479
2020-02-10,499,548.300676954523
2020-02-10,547,408.929118820618
2020-02-10,638,797.273243267836
2020-02-10,902,839.088885115326
2020-02-10,159,253.518861094507
2020-02-10,0,501.031731369601
2020-02-10,620,489.972421438009
2020-02-10,1408,889.657207420624
2020-02-10,908,715.236292922024
2020-02-10,325,814.28834354236
2020-02-10,442,571.75007783816
2020-02-10,584,563.517934799301
2020-02-10,673,657.147596157521
2020-02-10,316,496.633392334733
2020-02-10,1112,843.039454001125
2020-02-10,398,451.341384326167
2020-02-10,826,350.287644773938
2020-02-10,856,774.825725305457
2020-02-10,668,513.976397318638
2020-02-10,402,589.55138096941
2020-02-10,257,158.87603875677
2020-02-10,559,358.858200456846
2020-02-10,323,468.426370243664
2020-02-10,483,535.738464829038
2020-02-10,363,746.207079201515
2020-02-10,557,600.494765731911
2020-02-10,1230,430.716993049905
2020-02-10,274,226.464138670716
2020-02-10,558,238.835611731073
2020-02-10,448,224.497705180294
2020-02-10,151,481.885329945095
2020-02-10,691,327.212254960983
2020-02-10,488,390.517256466635
2020-02-10,200,531.827832065755
2020-02-10,1554,711.720239956729
2020-02-10,437,803.589004779989
2020-02-10,675,500.866289489568
2020-02-10,1250,1040.91988350788
2020-02-10,1036,692.806299567616
2020-02-10,874,763.047203658687
2020-02-10,874,555.062596952329
2020-02-10,560,709.845614462243
2020-02-10,705,564.53264007815
2020-02-10,150,242.749837736951
2020-02-10,356,284.318614091876
2020-02-10,477,325.296044324392
2020-02-10,396,425.263148347189
2020-02-10,423,269.602648307555
2020-02-10,281,387.434831735723
2020-02-10,515,212.669440039692
2020-02-10,202,261.906181977956
2020-02-10,811,503.422136642533
2020-02-10,209,382.760493676187
2020-02-10,327,84.616938133524
2020-02-10,516,393.117315765829
2020-02-10,299,432.992532323575
2020-02-10,370,569.492211279277
2020-02-10,362,359.906027336301
2020-02-10,383,296.376852746734
2020-02-10,460,334.29410685653
2020-02-10,904,685.424412688355
2020-02-10,290,253.956081158914
2020-02-10,231,241.242162940296
2020-02-10,296,351.160371641459
2020-02-10,195,381.969617251335
2020-02-10,241,209.682073323306
2020-02-10,268,242.124049356948
2020-02-10,193,231.967726860223
2020-02-10,300,333.311023675282
2020-02-10,63,251.839682873935
2020-02-10,140,160.998263993674
2020-02-10,213,175.83905659527
2020-02-10,125,182.723973206156
2020-02-10,114,112.256523183905
2020-02-10,121,214.166638670565
2020-02-10,209,131.534783306399
2020-02-10,177,171.237632219514
2020-02-10,128,99.3830227263422
2020-02-10,234,295.414746226837
2020-02-10,310,183.952635336817
2020-02-10,346,385.330063462972
2020-02-10,214,239.510144370998
2020-02-10,224,202.699798037749
2020-02-10,162,173.339406839016
2020-02-10,177,223.754543253274
2020-02-10,181,239.319545994565
2020-02-10,213,247.134410925002
2020-02-10,278,291.413242002076
2020-02-10,175,314.486345211325
2020-02-10,271,282.079677555381
2020-02-10,218,218.334417892572
2020-02-10,349,362.89028493633
2020-02-10,375,268.419571990463
2020-02-10,359,328.142191313293
2020-02-10,337,273.90492232421
2020-02-10,329,267.919721186491
2020-02-10,380,279.318844235677
2020-02-10,275,381.077457689787
2020-02-10,412,316.920061401392
2020-02-10,247,251.374856087268
2020-02-10,531,317.648603581982
2020-02-10,440,392.986807372665
2020-02-10,638,478.689012949511
2020-02-10,798,446.58006520782
2020-02-10,675,403.031147364285
2020-02-10,419,344.273267364668
2020-02-10,498,513.790225852684
2020-02-10,608,489.294601079567
2020-02-10,636,393.103022912367
2020-02-10,336,410.17942255682
2020-02-10,565,433.774577374503
2020-02-10,477,469.229285193665
2020-02-10,841,377.875429625793
2020-02-10,668,353.496445905016
2020-02-10,494,353.905583967344
2020-02-10,25,571.726351985741
2020-02-10,105,427.634250792387
2020-02-10,652,439.204212900869
2020-02-10,66,346.594676406975
2020-02-10,801,414.687809949116
2020-02-10,473,407.717109517379
2020-02-10,642,395.427316918795
2020-02-10,556,499.901467739778
2020-02-10,604,435.146983359135
2020-02-10,500,626.279818326398
2020-02-10,383,542.294724235751
2020-02-10,1046,440.633255025468
2020-02-10,258,410.718322225602
2020-02-10,410,500.054615055002
2020-02-10,227,397.345875004175
2020-02-10,630,235.644410075588
2020-02-10,516,421.92834616895
2020-02-10,298,374.515334557149
2020-02-10,486,474.298546896051
2020-02-10,222,501.913045214658
2020-02-10,243,286.484633652779
2020-02-10,268,330.383512549233
2020-02-10,306,408.639480349865
2020-02-10,429,315.310780170502
2020-02-10,498,453.175908395116
2020-02-10,847,648.2915390615
2020-02-10,452,504.684145398296
2020-02-10,597,455.373146964316
2020-02-10,574,354.953883431514
2020-02-10,662,410.296758911362
2020-02-10,204,257.296790843249
2020-02-10,283,369.585432814517
2020-02-10,249,270.32728478909
2020-02-10,201,206.373694010649
2020-02-10,123,272.721143101676
2020-02-10,534,317.871609602476
2020-02-10,1235,387.129008700029
2020-02-10,422,477.629780090236
2020-02-10,316,373.25228417065
2020-02-10,504,339.703084181312
2020-02-10,480,343.713766700779
2020-02-10,408,484.053385329933
2020-02-10,519,409.371475735662
2020-02-10,237,203.141523656518
2020-02-10,755,148.074098950975
2020-02-10,540,346.625912899629
2020-02-10,664,390.693923022253
2020-02-10,435,390.801109828322
2020-02-10,384,328.928281560356
2020-02-10,382,291.351245320682
2020-02-10,368,330.052694492721
2020-02-10,192,220.83364772069
2020-02-10,333,303.959409774259
2020-02-10,417,485.408008740642
2020-02-10,316,372.43323345466
2020-02-10,321,354.588133662603
2020-02-10,422,629.227152345043
2020-02-10,563,444.633303833033
2020-02-10,312,401.811814142362
2020-02-10,636,485.566849320844
2020-02-10,515,269.069855423896
2020-02-10,270,385.156722112916
2020-02-10,729,388.700141097836
2020-02-10,571,367.38335905316
2020-02-10,211,346.326626697483
2020-02-10,250,316.752939184638
2020-02-10,170,193.181647051566
2020-02-10,68,253.303006860006
2020-02-10,280,254.517366633931
2020-02-10,426,332.320759017195
2020-02-10,196,198.011594745276
2020-02-10,196,218.503188992906
2020-02-10,284,298.377971771759
2020-02-10,101,290.237879542564
2020-02-10,212,166.171090832738
2020-02-10,310,242.470239429196
2020-02-10,159,240.44927875883
2020-02-10,226,313.683671937234
2020-02-10,466,255.452285685436
2020-02-10,160,196.519106210283
2020-02-10,231,321.660900120566
2020-02-10,502,329.896545290864
2020-02-10,233,388.426691897199
2020-02-10,334,284.687759174119
2020-02-10,81,358.270441958902
2020-02-10,344,243.925346835142
2020-02-10,262,265.939523746288
2020-02-10,643,370.254489962534
2020-02-10,536,438.732959547618
2020-02-10,158,356.491024430138
2020-02-10,411,441.177415862604
2020-02-10,265,313.847210433804
2020-02-10,483,293.407215262977
2020-02-10,639,448.976436501877
2020-02-10,798,459.586671356958
2020-02-10,130,236.423741730759
2020-02-10,214,275.237266998384
2020-02-10,305,335.017445429481
2020-02-10,570,291.538365860724
2020-02-10,459,404.930211780133
2020-02-10,174,321.464785721165
2020-02-10,226,343.658313530178
2020-02-10,401,275.849197091215
2020-02-10,209,325.083965958486
2020-02-10,223,340.476428421394
2020-02-10,337,331.792064627616
2020-02-10,264,348.278632622383
2020-02-10,443,369.80963940274
2020-02-10,370,352.121687682998
2020-02-10,446,380.578296420531
2020-02-10,287,397.923747868569
2020-02-10,365,495.942975982462
2020-02-10,324,337.014130680417
2020-02-10,389,220.135789280331
2020-02-10,312,440.934859773117
2020-02-10,255,375.778034681946
2020-02-10,625,457.462853947366
2020-02-10,384,269.202233135891
2020-02-10,284,258.174705775277
2020-02-10,355,348.961779281703
2020-02-10,383,452.074398198401
2020-02-10,610,448.77282941132
2020-02-10,495,425.184645609155
2020-02-10,218,253.447501893087
2020-02-10,399,315.539311518989
2020-02-10,641,384.434699669111
2020-02-10,250,346.757045181014
2020-02-10,929,410.066603375971
2020-02-10,756,364.142268877603
2020-02-10,770,699.685687166402
2020-02-10,777,567.029661532841
2020-02-10,419,347.851469831655
2020-02-10,423,378.969966034864
2020-02-10,615,293.649058878622
2020-02-10,660,284.327357130726
2020-02-10,389,406.882743421528
2020-02-10,192,359.795962662714
2020-02-10,308,214.217232273103
2020-02-10,355,289.504689377176
2020-02-10,550,330.575959038111
2020-02-10,305,343.013142375205
2020-02-10,326,307.121947064289
2020-02-10,285,542.488771064825
2020-02-10,151,287.992530070207
2020-02-10,407,319.56022108822
2020-02-10,113,192.190411044126
2020-02-10,259,188.008548110871
2020-02-10,406,277.51951767444
2020-02-10,209,189.508075542842
2020-02-10,186,273.923242527491
2020-02-10,282,269.495193982224
2020-02-10,359,274.175934814391
2020-02-10,384,252.700759594528
2020-02-10,189,236.739359872852
2020-02-10,668,228.300727510046
2020-02-10,391,225.064864437352
2020-02-10,129,260.287000317039
2020-02-10,99,420.633064802321
2020-02-10,91,155.206116950397
2020-02-10,40,110.752982156962
2020-02-10,112,170.208050047571
2020-02-10,382,256.458123447945
2020-02-10,278,295.653717798209
2020-02-10,108,201.697190125299
2020-02-10,386,278.966517715872
2020-02-10,235,205.019331153673
2020-02-10,382,290.900257712263
2020-02-10,471,240.002399322046
2020-02-10,426,288.204577611014
2020-02-10,461,371.456659102671
2020-02-10,294,356.506771576506
2020-02-10,452,296.679918726536
2020-02-10,208,312.936643996397
2020-02-10,370,358.384006937146
2020-02-10,752,273.916735501014
2020-02-10,381,280.215365814889
2020-02-10,404,299.069821395437
2020-02-10,195,280.870615531599
2020-02-10,183,229.552252778933
2020-02-10,201,182.844280801429
2020-02-10,142,218.12908938626
2020-02-10,448,246.990088377917
2020-02-10,246,297.754571273784
2020-02-10,352,304.47408353771
2020-02-10,414,372.791965414313
2020-02-10,348,317.674535624786
2020-02-10,616,465.263593187444
2020-02-10,496,329.596750201501
2020-02-10,540,482.423806114236
2020-02-10,735,440.313982803497
2020-02-10,663,304.861340140443
2020-02-10,561,480.83869196908
2020-02-10,212,254.909516813285
2020-02-10,258,316.872194862051
2020-02-10,296,427.198202129786
2020-02-10,389,429.846804730277
2020-02-10,741,408.155052090129
2020-02-10,271,365.466660932231
2020-02-10,699,319.452516613128
2020-02-10,495,393.862425163373
2020-02-10,414,390.166984411477
2020-02-10,433,449.671641776794
2020-02-10,492,418.481358373943
2020-02-10,472,288.110479843418
2020-02-10,324,354.099154109699
2020-02-10,475,365.958810904018
2020-02-10,349,329.385525265158
2020-02-10,609,377.023560528387
2020-02-10,540,310.636147092895
2020-02-10,366,332.476643350302
2020-02-10,205,385.857134479661
2020-02-10,774,487.926551114139
2020-02-10,335,407.473977243645
2020-02-10,369,446.665161278824
2020-02-10,327,338.887601081893
2020-02-10,548,406.891290917547
2020-02-10,767,478.161717443029
2020-02-10,420,650.563485049317
2020-02-10,496,810.069790230044
2020-02-10,437,602.406813688076
2020-02-10,298,387.990309081331
2020-02-10,537,444.269904440746
2020-02-10,473,365.403103776387
2020-02-10,809,602.449649900499
2020-02-10,765,380.269965040086
2020-02-10,848,628.381835122023
2020-02-10,545,388.244266340544
2020-02-10,762,302.300722054404
2020-02-10,709,592.759675683101
2020-02-10,494,433.365446423075
2020-02-10,606,449.932400527617
2020-02-10,487,532.703104609715
2020-02-10,707,582.017292394898
2020-02-10,566,433.099048013391
2020-02-10,544,351.37649381644
2020-02-10,585,526.445943543116
2020-02-10,895,622.337284895168
2020-02-10,599,364.328161589816
2020-02-10,510,548.119956772383
2020-02-10,667,538.091963407726
2020-02-10,452,514.02522020244
2020-02-10,679,671.547307937276
2020-02-10,593,729.417592900291
2020-02-10,414,416.699272729192
2020-02-10,633,672.415434735427
2020-02-10,857,534.538669634452
2020-02-10,392,420.268532981336
2020-02-10,578,407.430757046406
2020-02-10,610,518.953913896979
2020-02-10,781,406.571547499505
2020-02-10,539,536.117546782021
2020-02-10,933,316.714826570189
2020-02-10,472,471.769084175267
2020-02-10,466,313.866891134706
2020-02-10,311,536.322389413578
2020-02-10,348,281.856410756026
2020-02-10,591,557.498215344255
2020-02-10,477,531.545505964604
2020-02-10,833,414.26982440994
2020-02-10,651,401.724690501594
2020-02-10,667,443.28446116927
2020-02-10,821,584.097164476766
2020-02-10,376,499.322546606594
2020-02-10,349,488.492907926732
2020-02-10,685,349.711222096238
2020-02-10,374,366.485598924803
2020-02-10,872,627.451366605192
2020-02-10,480,348.039133020177
2020-02-10,853,658.448259530786
2020-02-10,249,580.369836315228
2020-02-10,741,365.135839050945
2020-02-10,472,416.413091756469
2020-02-10,640,517.289442176724
2020-02-10,816,381.966523828868
2020-02-10,655,550.998628107024
2020-02-10,789,514.132302940378
2020-02-10,321,535.426421222454
2020-02-10,580,637.003061639193
2020-02-10,735,469.311981936934
2020-02-10,552,390.983453323808
2020-02-10,1154,576.668749566391
2020-02-10,887,662.932417687955
2020-02-10,484,490.663885353366
2020-02-10,766,503.026259587671
2020-02-10,868,428.297757818372
2020-02-10,918,563.612660627031
2020-02-10,828,725.584174861541
2020-02-10,407,605.923852358416
2020-02-10,581,385.211290567359
2020-02-10,548,364.87934235197
2020-02-10,688,455.859490144973
2020-02-10,684,416.073083286138
2020-02-10,353,420.566973641994
2020-02-10,469,365.338402166143
2020-02-10,866,345.484425517346
2020-02-10,70,779.862588991841
2020-02-10,853,516.00303844408
2020-02-10,616,574.47972050052
2020-02-10,133,411.394757117935
2020-02-10,260,243.174048894676
2020-02-10,778,818.285057391927
2020-02-10,524,445.481579298451
2020-02-10,774,412.575217620181
2020-02-10,313,530.296639864677
2020-02-10,288,289.404741715458
2020-02-10,556,418.730121655974
2020-02-10,276,604.597962963566
2020-02-10,547,333.923955177284
2020-02-10,254,522.027054384683
2020-02-10,193,908.18410052688
2020-02-10,378,856.987904586534
2020-02-10,444,682.841910116532
2020-02-10,297,214.518224414618
2020-02-10,154,133.072576336117
2020-02-10,105,148.165890205155
2020-02-10,148,282.797572793829
2020-02-10,281,181.700430855447
2020-02-10,427,449.288592641831
2020-02-10,839,691.213885905672
2020-02-10,311,1213.2595978968
2020-02-10,24,575.851679092224
2020-02-10,60,1270.02862731662
2020-02-10,60,815.806638238698
2020-02-10,71,231.158877175274
2020-02-10,119,353.926409791349
2020-02-10,28,240.553692074029
2020-02-10,139,598.914942755397
2020-02-10,86,695.089584864617
2020-02-10,224,1210.59291034742
2020-02-10,33,650.266002848831
2020-02-11,559,319.405225956574
2020-02-11,303,337.473445031688
2020-02-11,282,371.463968667124
2020-02-11,381,285.21636659674
2020-02-11,400,259.291188893141
2020-02-11,271,249.989034232572
2020-02-11,207,195.623813081263
2020-02-11,192,192.826328389936
2020-02-11,111,110.156703346681
2020-02-11,276,327.556609817834
2020-02-11,197,226.461195534788
2020-02-11,144,215.564546122385
2020-02-11,247,128.211481329393
2020-02-11,234,443.875831735893
2020-02-11,230,208.374822737181
2020-02-11,252,231.192063443821
2020-02-11,337,219.486976850681
2020-02-11,322,363.595358508786
2020-02-11,253,332.49898522862
2020-02-11,361,327.65028379805
2020-02-11,276,358.447605836235
2020-02-11,193,345.369828584994
2020-02-11,341,202.518780538021
2020-02-11,224,242.569470484819
2020-02-11,359,575.3490840187
2020-02-11,395,418.214228749417
2020-02-11,257,235.002074901107
2020-02-11,468,312.057390112496
2020-02-11,486,263.308748648248
2020-02-11,542,431.848691975354
2020-02-11,594,424.56726710111
2020-02-11,512,549.779237566207
2020-02-11,332,229.145792240216
2020-02-11,262,390.991143245955
2020-02-11,248,345.566320640563
2020-02-11,169,333.365324443782
2020-02-11,435,528.753213167383
2020-02-11,507,600.718056527018
2020-02-11,405,449.767362637279
2020-02-11,304,317.25603430036
2020-02-11,553,329.533831612336
2020-02-11,340,298.663686926772
2020-02-11,478,388.30980951959
2020-02-11,337,297.925729709824
2020-02-11,307,324.472642804382
2020-02-11,377,845.540579227418
2020-02-11,365,617.757001976554
2020-02-11,395,526.10408654428
2020-02-11,424,474.432801201273
2020-02-11,238,277.556222078259
2020-02-11,624,239.713545310186
2020-02-11,227,225.732429542638
2020-02-11,518,380.32750821028
2020-02-11,658,303.069484519002
2020-02-11,281,355.790057932795
2020-02-11,392,510.201891452492
2020-02-11,528,476.542744647466
2020-02-11,183,234.304329048473
2020-02-11,281,224.750995185535
2020-02-11,285,295.245638343816
2020-02-11,207,357.240022992658
2020-02-11,362,296.742027667771
2020-02-11,786,574.466537019062
2020-02-11,1016,503.038638230615
2020-02-11,332,509.400226081561
2020-02-11,555,484.398826924193
2020-02-11,497,452.27720452035
2020-02-11,600,444.730202165243
2020-02-11,258,182.797802941253
2020-02-11,738,326.826753829911
2020-02-11,542,407.128485199718
2020-02-11,719,351.683986851792
2020-02-11,868,516.712814414418
2020-02-11,339,364.896537129703
2020-02-11,328,302.298554872714
2020-02-11,322,477.513200495844
2020-02-11,576,587.045410609455
2020-02-11,412,425.078526386396
2020-02-11,626,492.115163718588
2020-02-11,833,686.808647992821
2020-02-11,506,302.64527120866
2020-02-11,601,328.071440431035
2020-02-11,100,413.68267185599
2020-02-11,426,448.934140564473
2020-02-11,266,354.769700960923
2020-02-11,345,176.024283046807
2020-02-11,346,454.942081327931
2020-02-11,268,279.635071456673
2020-02-11,370,358.066933911729
2020-02-11,167,513.629765310658
2020-02-11,507,281.271719627655
2020-02-11,742,425.169994709709
2020-02-11,322,561.354616495462
2020-02-11,381,658.493316481736
2020-02-11,1562,829.006245417256
2020-02-11,1070,798.187532583026
2020-02-11,836,958.387360454849
2020-02-11,1023,614.255248021724
2020-02-11,912,906.027061020683
2020-02-11,889,652.781735491574
2020-02-11,535,573.507979762439
2020-02-11,552,649.58743104986
2020-02-11,545,448.263806148381
2020-02-11,211,294.284737519698
2020-02-11,691,449.172532576151
2020-02-11,548,810.609549320148
2020-02-11,389,444.763320322993
2020-02-11,561,564.69469686204
2020-02-11,351,214.749240267868
2020-02-11,320,281.934617442289
2020-02-11,242,283.049341685301
2020-02-11,249,291.25572324613
2020-02-11,356,155.345834400994
2020-02-11,272,266.284433614149
2020-02-11,352,325.550706046017
2020-02-11,327,363.326732348543
2020-02-11,861,752.703753399785
2020-02-11,892,708.893025991286
2020-02-11,981,848.863657378867
2020-02-11,825,1165.74509307319
2020-02-11,528,797.81035890136
2020-02-11,1477,1213.75811526969
2020-02-11,1940,671.753622847895
2020-02-11,1526,766.179722493891
2020-02-11,767,859.222149606744
2020-02-11,1060,649.768144994557
2020-02-11,1244,743.73695202143
2020-02-11,216,325.411409728218
2020-02-11,129,441.774094879958
2020-02-11,0,334.258593672033
2020-02-11,26,1423.50346505367
2020-02-11,587,552.883090748818
2020-02-11,557,804.3389852718
2020-02-11,475,356.728683563576
2020-02-11,577,498.234588984789
2020-02-11,951,1049.75633877215
2020-02-11,533,699.971770634488
2020-02-11,913,644.008504355719
2020-02-11,422,529.251703180371
2020-02-11,545,497.811300528713
2020-02-11,566,470.119443782131
2020-02-11,528,415.504080588532
2020-02-11,784,543.419721656713
2020-02-11,334,626.777904892946
2020-02-11,1246,558.844210612216
2020-02-11,632,451.79535295219
2020-02-11,534,298.605625178566
2020-02-11,388,319.261659666862
2020-02-11,840,302.604413075384
2020-02-11,473,238.105289285824
2020-02-11,326,287.555190156722
2020-02-11,336,162.195996000357
2020-02-11,281,306.030323116208
2020-02-11,274,309.246969452384
2020-02-11,530,587.919167734738
2020-02-11,334,325.234369149908
2020-02-11,669,689.009984719763
2020-02-11,417,464.194815959705
2020-02-11,504,452.587945266322
2020-02-11,269,456.761192250803
2020-02-11,467,559.096553188265
2020-02-11,653,453.618505349117
2020-02-11,329,290.612445480198
2020-02-11,587,441.462744467432
2020-02-11,187,477.703045298354
2020-02-11,575,508.079296145641
2020-02-11,300,576.127346369902
2020-02-11,624,335.973521567714
2020-02-11,420,629.740489734279
2020-02-11,891,879.79506762541
2020-02-11,1044,495.164714336185
2020-02-11,804,676.949340039498
2020-02-11,857,551.139964710445
2020-02-11,429,315.564442595826
2020-02-11,530,217.377923706444
2020-02-11,288,330.394310072259
2020-02-11,755,580.585483794886
2020-02-11,308,322.587364149294
2020-02-11,507,326.082389953014
2020-02-11,409,423.069204564192
2020-02-11,801,589.325023774902
2020-02-11,962,640.832902506626
2020-02-11,659,477.134626507638
2020-02-11,736,556.163724891376
2020-02-11,506,502.582607670626
2020-02-11,190,559.475493045639
2020-02-11,221,283.048290222797
2020-02-11,257,326.731702103428
2020-02-11,701,374.207013359365
2020-02-11,314,406.498979381965
2020-02-11,697,465.363813112381
2020-02-11,798,435.882096396959
2020-02-11,207,299.185508457151
2020-02-11,388,252.059573980165
2020-02-11,358,174.079520785932
2020-02-11,279,161.553960491344
2020-02-11,347,359.384656360683
2020-02-11,214,447.391663904062
2020-02-11,256,261.916309333744
2020-02-11,461,331.565902882014
2020-02-11,1022,283.545174258413
2020-02-11,322,203.270814739242
2020-02-11,611,148.7815851196
2020-02-11,106,115.727476431889
2020-02-11,417,911.83779394806
2020-02-11,915,658.463493750607
2020-02-11,658,404.645104948069
2020-02-11,441,161.408252370217
2020-02-11,1245,827.798645515451
2020-02-11,255,373.940025878561
2020-02-11,319,327.857383762551
2020-02-11,318,349.47144818071
2020-02-11,238,278.580595879429
2020-02-11,596,290.357998352531
2020-02-11,378,393.802473847239
2020-02-11,291,333.668791007361
2020-02-11,352,260.900899415176
2020-02-11,197,224.758204924168
2020-02-11,158,744.988458210844
2020-02-11,260,607.466203143456
2020-02-11,639,329.701994880412
2020-02-11,410,802.533258024758
2020-02-11,416,575.825404928578
2020-02-11,536,569.739432101031
2020-02-11,765,558.629951413249
2020-02-11,984,934.931169827473
2020-02-11,416,464.719678127334
2020-02-11,568,699.288984280133
2020-02-11,574,292.990202538126
2020-02-11,286,296.557187539931
2020-02-11,202,551.127211639533
2020-02-11,933,596.492637843554
2020-02-11,452,808.683684832932
2020-02-11,636,436.712523691553
2020-02-11,864,352.630193827835
2020-02-11,589,606.098861804332
2020-02-11,460,687.430357888704
2020-02-11,324,122.112044239096
2020-02-11,1167,503.781132326329
2020-02-11,1175,577.816450202918
2020-02-11,1235,850.576395408659
2020-02-11,564,819.052798487626
2020-02-11,843,549.544164109634
2020-02-11,1237,998.963290479124
2020-02-11,811,374.895793434122
2020-02-11,467,730.275512940237
2020-02-11,526,497.788560630969
2020-02-11,199,880.727713335447
2020-02-11,456,372.338484404469
2020-02-11,764,714.251845821204
2020-02-11,760,818.741542289508
2020-02-11,842,857.375343871012
2020-02-11,712,528.474415248147
2020-02-11,894,529.765700732656
2020-02-11,1561,718.498591384194
2020-02-11,1018,327.58171489418
2020-02-11,684,430.999850160281
2020-02-11,631,317.096157725874
2020-02-11,307,685.232585215119
2020-02-11,351,496.286479043264
2020-02-11,267,410.089989512768
2020-02-11,91,297.873906316397
2020-02-11,0,259.175085194854
2020-02-11,169,181.687761705419
2020-02-11,186,398.182299692849
2020-02-11,262,165.190013009214
2020-02-11,139,316.687559349344
2020-02-11,414,365.78255271195
2020-02-11,397,392.919332375407
2020-02-11,595,270.92936677504
2020-02-11,337,306.609896382508
2020-02-11,529,381.033014127373
2020-02-11,491,361.132928072966
2020-02-11,453,364.598580761222
2020-02-11,415,265.711197040559
2020-02-11,604,371.692772796646
2020-02-11,216,207.09695567424
2020-02-11,246,217.271203903434
2020-02-11,201,422.25378107558
2020-02-11,219,205.07866915991
2020-02-11,669,430.800450715886
2020-02-11,235,267.623848427856
2020-02-11,469,308.373458965246
2020-02-11,373,280.056964825671
2020-02-11,628,543.633948497578
2020-02-11,421,343.855540611019
2020-02-11,371,483.75423686214
2020-02-11,536,303.049150621875
2020-02-11,493,391.775194709946
2020-02-11,820,796.658591515785
2020-02-11,781,498.839306134288
2020-02-11,919,624.208144075843
2020-02-11,284,345.206404909332
2020-02-11,851,624.972096721364
2020-02-11,1132,801.140131495462
2020-02-11,896,445.983715733576
2020-02-11,326,480.419165321451
2020-02-11,469,489.336237977179
2020-02-11,900,515.109037082661
2020-02-11,1066,621.914207608037
2020-02-11,436,606.785014210815
2020-02-11,393,453.122712849394
2020-02-11,460,473.159589495486
2020-02-11,371,607.893926952741
2020-02-11,683,372.830985073858
2020-02-11,545,454.280565110506
2020-02-11,353,269.328567988981
2020-02-11,269,294.911700412191
2020-02-11,269,494.074229353828
2020-02-11,420,282.580154669839
2020-02-11,565,402.58384186916
2020-02-11,292,355.960006154554
2020-02-11,240,418.157026956529
2020-02-11,427,321.983030569853
2020-02-11,309,414.381497844011
2020-02-11,274,372.771107843679
2020-02-11,376,410.915703916253
2020-02-11,391,353.339097412336
2020-02-11,547,426.321904564428
2020-02-11,397,270.782498464709
2020-02-11,303,402.173040232834
2020-02-11,212,499.504713703557
2020-02-11,303,383.474343318068
2020-02-11,401,519.594946181355
2020-02-11,400,334.328376379931
2020-02-11,578,420.335477507416
2020-02-11,311,406.549799688366
2020-02-11,216,373.704673759165
2020-02-11,877,374.361980143746
2020-02-11,568,580.492376048962
2020-02-11,715,483.728294555827
2020-02-11,745,640.21882921633
2020-02-11,666,603.755189884086
2020-02-11,638,485.121794819453
2020-02-11,408,421.254997822878
2020-02-11,335,647.618552208281
2020-02-11,727,725.28481800671
2020-02-11,876,691.09475244762
2020-02-11,677,517.961396725568
2020-02-11,736,537.94322513444
2020-02-11,317,213.999340711172
2020-02-11,653,325.168160060612
2020-02-11,306,373.058771609694
2020-02-11,570,578.467997843117
2020-02-11,453,528.01726320726
2020-02-11,621,572.372801440241
2020-02-11,369,315.510661689464
2020-02-11,246,356.337260116068
2020-02-11,454,278.572919875984
2020-02-11,725,691.118318090408
2020-02-11,724,343.261430231355
2020-02-11,598,625.852582674472
2020-02-11,417,455.658979345293
2020-02-11,657,783.887326682536
2020-02-11,1003,736.250370601753
2020-02-11,634,681.545879249608
2020-02-11,469,668.637200837302
2020-02-11,860,695.756288567497
2020-02-11,647,644.601828787608
2020-02-11,597,671.56913377764
2020-02-11,1221,807.875569491961
2020-02-11,883,693.167002685258
2020-02-11,512,580.060245785192
2020-02-11,503,567.172036223384
2020-02-11,719,613.330981363063
2020-02-11,1373,601.196200754788
2020-02-11,888,645.062212666946
2020-02-11,822,798.296093704904
2020-02-11,599,372.284257032205
2020-02-11,250,709.066293179601
2020-02-11,172,270.522591917135
2020-02-11,734,788.512644889228
2020-02-11,588,694.966924856262
2020-02-11,641,426.766483563089
2020-02-11,1380,688.02254799274
2020-02-11,437,485.741478348396
2020-02-11,867,592.458866510274
2020-02-11,195,289.395421581644
2020-02-11,374,167.104788270181
2020-02-11,823,556.723663471856
2020-02-11,134,398.673023885515
2020-02-11,417,637.175860145172
2020-02-11,586,283.860521652793
2020-02-11,818,401.900639972182
2020-02-11,604,490.139312028521
2020-02-11,694,473.290549252572
2020-02-11,670,599.958212971058
2020-02-11,586,818.266618714076
2020-02-11,554,334.082870527915
2020-02-11,507,429.694413789373
2020-02-11,478,626.776565640949
2020-02-11,564,501.663893802266
2020-02-11,369,404.063451822622
2020-02-11,806,321.838168518107
2020-02-11,651,883.3963225662
2020-02-11,1000,604.84731826967
2020-02-11,580,586.967880336722
2020-02-11,389,286.628567759845
2020-02-11,666,590.547357710763
2020-02-11,640,970.891674267789
2020-02-11,1982,1060.48767167774
2020-02-11,1298,654.674977405426
2020-02-11,1093,905.428971775937
2020-02-11,260,1045.35947035886
2020-02-11,435,334.914812880858
2020-02-11,413,475.735287712486
2020-02-11,322,290.184149941169
2020-02-11,318,322.874811570641
2020-02-11,465,546.19076938731
2020-02-11,445,538.26844911034
2020-02-11,901,644.313668899605
2020-02-11,798,678.171283534848
2020-02-11,400,454.802564814024
2020-02-11,597,436.977729041761
2020-02-11,474,738.668870769246
2020-02-11,631,581.104254201939
2020-02-11,1205,611.043539916783
2020-02-11,756,492.906369356974
2020-02-11,525,579.135921481898
2020-02-11,641,758.730109690352
2020-02-11,513,741.30976060499
2020-02-11,615,526.991374787115
2020-02-11,626,841.258702275358
2020-02-11,1328,809.39676660507
2020-02-11,690,423.256717786261
2020-02-11,533,447.254396693802
2020-02-11,725,613.407935761423
2020-02-11,555,617.655326535238
2020-02-11,447,300.350857236273
2020-02-11,511,432.179107777527
2020-02-11,443,590.513767960317
2020-02-11,612,428.921699954257
2020-02-11,314,550.971379877776
2020-02-11,619,444.019678583428
2020-02-11,502,665.995397804193
2020-02-11,1111,502.024398622199
2020-02-11,874,669.674036686115
2020-02-11,1475,489.234363089183
2020-02-11,679,677.847095609476
2020-02-11,1517,763.520740786166
2020-02-11,804,906.274809533224
2020-02-11,1156,875.844188089137
2020-02-11,958,671.630457343236
2020-02-11,351,649.164329782824
2020-02-11,638,479.506894208493
2020-02-11,589,495.775993228604
2020-02-11,170,115.654761564714
2020-02-11,596,619.188919254428
2020-02-11,942,778.303078131192
2020-02-11,1067,492.778699926321
2020-02-11,529,755.088940357683
2020-02-11,2269,793.935085028733
2020-02-11,295,318.885068729991
2020-02-11,935,923.214073267618
2020-02-11,226,693.474431328741
2020-02-11,159,244.439116361526
2020-02-11,296,284.745683282252
2020-02-11,258,333.759978186393
2020-02-11,400,158.381933459964
2020-02-11,422,472.967126533068
2020-02-11,615,654.416829124822
2020-02-11,422,128.844455260456
2020-02-11,405,572.282026680276
2020-02-11,170,175.886965749495
2020-02-11,748,237.558523926147
2020-02-11,463,184.493832042893
2020-02-11,352,271.217053156945
2020-02-11,365,191.387119329107
2020-02-11,178,377.467877391079
2020-02-11,496,268.824081480203
2020-02-11,220,366.965321891276
2020-02-11,825,436.304303991322
2020-02-11,294,254.027440481684
2020-02-11,148,270.297646251774
2020-02-11,144,156.254439972937
2020-02-11,192,177.382156193844
2020-02-11,235,339.460671097882
2020-02-11,96,339.730167575365
2020-02-11,0,179.975219493071
2020-02-11,371,748.490761908541
2020-02-11,182,417.097682334375
2020-02-11,335,447.729456907645
2020-02-11,436,418.178395590664
2020-02-11,743,963.96458944411
2020-02-11,669,522.141984813286
2020-02-11,688,653.896710470872
2020-02-11,922,704.244143515269
2020-02-11,1025,681.718816672827
2020-02-11,968,725.74417339814
2020-02-11,889,539.485053532574
2020-02-11,541,660.339713793196
2020-02-11,814,674.105969192724
2020-02-11,592,663.574996371274
2020-02-11,286,670.931574741744
2020-02-11,371,413.185727142947
2020-02-11,691,580.544299575555
2020-02-11,780,864.36320110265
2020-02-11,898,606.944253469933
2020-02-11,216,590.928613153689
2020-02-11,897,470.415473705972
2020-02-11,568,526.383056721875
2020-02-11,162,404.364041195004
2020-02-11,867,706.6982239014
2020-02-11,453,377.550354539035
2020-02-11,409,379.38646137763
2020-02-11,469,450.807599405699
2020-02-11,567,650.16585096026
2020-02-11,690,317.300387127539
2020-02-11,1147,666.044253421915
2020-02-11,635,941.706059366215
2020-02-11,548,506.648470510871
2020-02-11,877,531.464048338979
2020-02-11,466,630.754758493235
2020-02-11,1202,735.118040409659
2020-02-11,363,392.634242346575
2020-02-11,641,723.617006702237
2020-02-11,928,585.88988837473
2020-02-11,413,717.920107076739
2020-02-11,1053,412.066708107096
2020-02-11,422,636.990271848588
2020-02-11,295,566.603977421782
2020-02-11,503,551.996943154714
2020-02-11,604,508.684397677876
2020-02-11,501,750.310074389535
2020-02-11,516,458.270447577185
2020-02-11,339,445.857818867469
2020-02-11,618,592.078383068435
2020-02-11,555,660.440846313996
2020-02-11,906,400.601361430161
2020-02-11,1224,635.671930048772
2020-02-11,1426,701.353852516803
2020-02-11,215,570.473207236595
2020-02-11,700,475.659244008507
2020-02-11,305,673.515249402809
2020-02-11,692,290.279226965007
2020-02-11,333,659.89709566601
2020-02-11,580,702.531805257692
2020-02-11,507,614.36943611381
2020-02-11,482,697.927382100341
2020-02-11,958,692.418286018618
2020-02-11,778,839.895507408041
2020-02-11,548,302.669274455248
2020-02-11,698,598.423584860359
2020-02-11,624,410.144787035884
2020-02-11,254,335.666116464466
2020-02-11,662,1118.03770336776
2020-02-11,422,512.678713092014
2020-02-11,211,317.343460072845
2020-02-11,313,366.942735409908
2020-02-11,641,422.576099798772
2020-02-11,279,532.480515583425
2020-02-11,536,389.203771705935
2020-02-11,353,351.832160885086
2020-02-11,61,115.324971889561
2020-02-11,393,281.738750219807
2020-02-11,1242,587.226405994956
2020-02-11,288,261.218004140175
2020-02-11,427,373.641793521046
2020-02-11,619,615.865785245098
2020-02-11,800,487.674297633447
2020-02-11,163,335.548086610922
2020-02-11,505,260.675154256692
2020-02-11,94,353.683140136944
2020-02-11,125,99.6017465247679
2020-02-11,993,754.899834681496
2020-02-11,576,614.746919478021
2020-02-11,783,233.631735914155
2020-02-11,258,534.111082203936
2020-02-11,600,679.949165024132
2020-02-11,607,728.83387483044
2020-02-11,861,536.297928791558
2020-02-11,257,275.217572007094
2020-02-11,225,296.125448552887
2020-02-11,235,346.090244586778
2020-02-11,346,441.904032001706
2020-02-11,998,562.005163244354
2020-02-11,1134,683.989618868096
2020-02-11,752,633.121672304701
2020-02-11,1071,538.873715730566
2020-02-11,906,767.897200826869
2020-02-11,696,554.535673189202
2020-02-11,432,389.112669798094
2020-02-11,424,473.627223904499
2020-02-11,442,408.308217770937
2020-02-11,460,486.071266474921
2020-02-11,759,462.236199229217
2020-02-11,462,709.959648705785
2020-02-11,591,607.635133659481
2020-02-11,194,512.790928143208
2020-02-11,566,424.130483542622
2020-02-11,795,292.25044361987
2020-02-11,443,350.584164615216
2020-02-11,278,269.685808272542
2020-02-11,914,502.381765524169
2020-02-11,415,229.989876859844
2020-02-11,499,334.095344138601
2020-02-11,1064,384.36837250567
2020-02-11,476,282.686091091001
2020-02-11,470,480.511575245251
2020-02-11,466,428.410327767313
2020-02-11,467,380.055168477464
2020-02-11,150,322.050689545623
2020-02-11,331,365.732160642103
2020-02-11,614,354.571684882855
2020-02-11,884,806.760847836523
2020-02-11,783,574.74775684475
2020-02-11,422,450.564735964051
2020-02-11,484,565.201074065769
2020-02-11,565,488.643312966004
2020-02-11,337,329.426155119036
2020-02-11,1117,538.463894332248
2020-02-11,210,513.23212073144
2020-02-11,313,414.932965177129
2020-02-11,737,680.98109751645
2020-02-11,260,418.856558649469
2020-02-11,940,703.674381435027
2020-02-11,1347,570.227456912819
2020-02-11,1074,622.223590235876
2020-02-11,1110,578.728704794707
2020-02-11,1097,588.215691207763
2020-02-11,127,149.024808748715
2020-02-11,7,481.112798982504
2020-02-11,271,318.968918212821
2020-02-11,194,396.471563370758
2020-02-11,548,339.09312519561
2020-02-11,439,147.821804990438
2020-02-11,492,717.141217927729
2020-02-11,454,575.59728761633
2020-02-11,417,382.357639467528
2020-02-11,482,335.828726808795
2020-02-11,719,484.385533574759
2020-02-11,399,448.373590854022
2020-02-11,404,445.405872451656
2020-02-11,186,304.61452803951
2020-02-11,255,185.989419308985
2020-02-11,617,578.031534229262
2020-02-11,445,562.395460764651
2020-02-11,668,593.864343256395
2020-02-11,405,228.545513223356
2020-02-11,816,349.725264560024
2020-02-11,203,428.310413821719
2020-02-11,741,894.114074745984
2020-02-11,384,377.391141159119
2020-02-11,706,518.133323923571
2020-02-11,303,377.101976144462
2020-02-11,570,289.082132969126
2020-02-11,476,445.020665997823
2020-02-11,301,236.756501348433
2020-02-11,191,434.41435301595
2020-02-11,699,545.738244732625
2020-02-11,562,556.344759278361
2020-02-11,586,726.291585709962
2020-02-11,1098,451.014074868758
2020-02-11,477,598.072668462595
2020-02-11,726,670.94538508676
2020-02-11,588,478.282482195008
2020-02-11,819,508.29809351897
2020-02-11,228,275.582458162975
2020-02-11,243,318.462653690141
2020-02-11,391,381.352088930999
2020-02-11,397,272.548091626655
2020-02-11,406,460.46677587225
2020-02-11,647,380.174547900309
2020-02-11,616,436.814940319518
2020-02-11,467,388.415324961438
2020-02-11,736,369.964582869658
2020-02-11,478,580.852387690929
2020-02-11,96,159.046019076844
2020-02-11,384,372.888358023373
2020-02-11,694,329.071342264879
2020-02-11,495,565.068964775965
2020-02-11,615,424.678407507336
2020-02-11,337,435.205193032909
2020-02-11,585,469.722892224032
2020-02-11,416,685.403235257179
2020-02-11,530,280.048685188717
2020-02-11,290,127.127190904758
2020-02-11,154,141.431176555785
2020-02-11,524,394.263280638741
2020-02-11,292,283.531996817635
2020-02-11,482,387.860566708987
2020-02-11,1043,698.504806964472
2020-02-11,548,474.415815586542
2020-02-11,587,733.261528556847
2020-02-11,461,896.191817890438
2020-02-11,458,287.754032375129
2020-02-11,293,425.928075936214
2020-02-11,1205,525.109341385925
2020-02-11,922,660.444478458671
2020-02-11,393,495.421248472866
2020-02-11,613,407.23867899866
2020-02-11,758,408.078864216242
2020-02-11,328,580.403331746837
2020-02-11,1099,350.800590159944
2020-02-11,271,380.924856438967
2020-02-11,423,436.826123535267
2020-02-11,652,254.125499109631
2020-02-11,187,93.2343796303292
2020-02-11,422,446.894347866713
2020-02-11,468,252.287632069245
2020-02-11,797,550.787230439192
2020-02-11,332,223.799065343752
2020-02-11,357,440.648158545089
2020-02-11,528,241.394902495482
2020-02-11,245,266.265357732262
2020-02-11,1137,512.538668529529
2020-02-11,339,196.635887020974
2020-02-11,542,678.745405850246
2020-02-11,316,425.980015998775
2020-02-11,504,382.554457773922
2020-02-11,412,404.373246870781
2020-02-11,588,588.409294606796
2020-02-11,207,483.736551748249
2020-02-11,958,474.103269454578
2020-02-11,639,464.249165452911
2020-02-11,313,409.705007967154
2020-02-11,127,427.343268648987
2020-02-11,448,458.681116607968
2020-02-11,382,148.150420237669
2020-02-11,203,176.081810405529
2020-02-11,220,235.142725867387
2020-02-11,439,452.804213123959
2020-02-11,575,198.23170210243
2020-02-11,566,400.857469369175
2020-02-11,507,347.225408594272
2020-02-11,288,366.0924791921
2020-02-11,64,204.383674457978
2020-02-11,875,677.567150326527
2020-02-11,435,422.899515015163
2020-02-11,244,787.670011923693
2020-02-11,475,506.580330810111
2020-02-11,745,744.455330867895
2020-02-11,360,497.740754466261
2020-02-11,467,423.198583356967
2020-02-11,316,287.144158150233
2020-02-11,161,436.682415992323
2020-02-11,1311,594.237244518681
2020-02-11,343,225.26726094046
2020-02-11,837,469.922077791047
2020-02-11,490,514.723505380491
2020-02-11,699,355.937599241727
2020-02-11,553,282.768269752618
2020-02-11,506,463.380724614971
2020-02-11,492,374.782109333437
2020-02-11,616,412.083845172772
2020-02-11,254,506.634852328136
2020-02-11,349,408.240896001368
2020-02-11,176,245.024888378425
2020-02-11,296,397.651424358416
2020-02-11,414,262.682168053076
2020-02-11,403,285.87397088976
2020-02-11,528,306.406473619284
2020-02-11,280,468.222620261585
2020-02-11,204,459.371083347945
2020-02-11,413,255.663371894034
2020-02-11,264,360.894477685237
2020-02-11,486,250.939289263062
2020-02-11,362,438.501795405182
2020-02-11,447,473.753815743016
2020-02-11,217,270.697416735563
2020-02-11,298,200.158969025916
2020-02-11,440,284.33936098968
2020-02-11,463,300.851385199824
2020-02-11,226,436.321928964327
2020-02-11,608,428.289338870762
2020-02-11,398,286.2380487463
2020-02-11,431,396.823755697086
2020-02-11,446,385.56689346223
2020-02-11,365,338.559337281011
2020-02-11,401,389.413074337395
2020-02-11,266,288.858028815964
2020-02-11,713,327.527100514745
2020-02-11,343,358.86247398981
2020-02-11,335,243.028763101226
2020-02-11,320,333.111820679004
2020-02-11,397,477.189888547278
2020-02-11,355,307.630854493308
2020-02-11,247,252.596909759503
2020-02-11,550,438.802777739749
2020-02-11,795,377.822249735523
2020-02-11,369,447.83698045
2020-02-11,540,291.181912425384
2020-02-11,633,353.740233843135
2020-02-11,547,493.016620086291
2020-02-11,564,429.56098718022
2020-02-11,267,427.834696177764
2020-02-11,182,627.377984265732
2020-02-11,297,255.457802896354
2020-02-11,817,581.870258830767
2020-02-11,608,348.058188584872
2020-02-11,568,404.439672842703
2020-02-11,238,399.918151743073
2020-02-11,1102,479.651609171379
2020-02-11,1051,352.782011052237
2020-02-11,630,547.42135321925
2020-02-11,527,589.869014615361
2020-02-11,374,419.052517368229
2020-02-11,160,451.670115293643
2020-02-11,372,327.656217723473
2020-02-11,219,183.482587758496
2020-02-11,283,326.806904160126
2020-02-11,236,300.1214605149
2020-02-11,128,199.950162388472
2020-02-11,199,242.633217777632
2020-02-11,289,244.073053841685
2020-02-11,281,207.756969412757
2020-02-11,282,203.510763966061
2020-02-11,245,307.421768113049
2020-02-11,257,190.527410917261
2020-02-11,469,340.983800660863
2020-02-11,604,407.424109833747
2020-02-11,332,312.055864590786
2020-02-11,302,341.711319634276
2020-02-11,125,505.316686728313
2020-02-11,429,447.076690737809
2020-02-11,253,510.600655097583
2020-02-11,392,263.721685291419
2020-02-11,516,631.639589563291
2020-02-11,600,512.340485572716
2020-02-11,1223,462.412356514684
2020-02-11,921,448.740036749398
2020-02-11,790,458.47163001038
2020-02-11,659,629.509904012939
2020-02-11,361,491.500100261502
2020-02-11,327,430.476447541211
2020-02-11,355,332.407279116258
2020-02-11,540,417.715408404086
2020-02-11,305,380.859849110515
2020-02-11,249,470.29376747023
2020-02-11,250,406.561079945934
2020-02-11,176,147.330523077576
2020-02-11,252,177.305409595056
2020-02-11,407,390.764690877428
2020-02-11,364,414.685821210528
2020-02-11,499,454.896544797535
2020-02-11,1151,523.42124437838
2020-02-11,822,500.782760602702
2020-02-11,718,370.01633742205
2020-02-11,145,328.540052363284
2020-02-11,195,365.131271835429
2020-02-11,442,483.422804873886
2020-02-11,353,470.114384571237
2020-02-11,344,293.782931379592
2020-02-11,741,374.218521557434
2020-02-11,414,570.220487169799
2020-02-11,481,572.815427239996
2020-02-11,391,313.517111957997
2020-02-11,576,497.137883886691
2020-02-11,304,385.865475481853
2020-02-11,155,456.351663528935
2020-02-11,480,396.604903475033
2020-02-11,347,345.174259930014
2020-02-11,467,306.02963718886
2020-02-11,470,250.279950937446
2020-02-11,285,500.719875398275
2020-02-11,394,369.83078740437
2020-02-11,515,292.347757629899
2020-02-11,692,300.193524572042
2020-02-11,280,417.8792607866
2020-02-11,270,414.143803756438
2020-02-11,555,394.179145427012
2020-02-11,409,264.911403255199
2020-02-11,540,369.582658421314
2020-02-11,738,628.824841135512
2020-02-11,194,288.558683363611
2020-02-11,516,387.71484978005
2020-02-11,621,510.815356997784
2020-02-11,653,424.273715658638
2020-02-11,327,435.486876830337
2020-02-11,565,537.556389697339
2020-02-11,493,557.027979507883
2020-02-11,945,515.607232313832
2020-02-11,437,672.249840610177
2020-02-11,939,616.334100227619
2020-02-11,984,457.206654388794
2020-02-11,1376,792.793503250298
2020-02-11,634,367.191768185789
2020-02-11,495,569.584039689365
2020-02-11,544,454.447099306298
2020-02-11,468,555.120767495495
2020-02-11,855,397.583136494595
2020-02-11,55,481.326213797054
2020-02-11,817,394.94213279472
2020-02-11,645,647.170612410872
2020-02-11,412,588.974372553422
2020-02-11,187,352.544516082935
2020-02-11,202,381.397539161422
2020-02-11,604,914.12514999839
2020-02-11,333,348.475230476002
2020-02-11,489,576.933594238745
2020-02-11,335,361.521647751331
2020-02-11,725,622.434140052545
2020-02-11,342,258.184661281016
2020-02-11,408,580.548307234379
2020-02-11,528,327.776285349212
2020-02-11,698,375.773655666141
2020-02-11,635,847.235455177789
2020-02-11,717,327.824111528826
2020-02-11,776,911.794004015992
2020-02-11,500,494.222361137186
2020-02-11,663,532.194833755064
2020-02-11,956,675.650339011039
2020-02-11,411,546.830424378217
2020-02-11,721,619.801818071754
2020-02-11,363,305.469053141621
2020-02-11,752,625.784164722816
2020-02-11,395,548.652376161989
2020-02-11,371,565.117107018685
2020-02-11,454,570.851431309818
2020-02-11,636,498.611163429702
2020-02-11,491,174.093379361229
2020-02-11,455,371.029587511013
2020-02-11,184,200.476620259407
2020-02-11,722,326.792986381522
2020-02-11,201,369.942623413236
2020-02-11,311,267.847203225078
2020-02-11,274,343.158402878068
2020-02-11,631,548.521901489537
2020-02-11,535,382.043813167936
2020-02-11,349,444.219278936206
2020-02-11,189,541.444832592891
2020-02-11,311,160.660838595593
2020-02-11,835,741.650095209176
2020-02-11,637,542.128141662241
2020-02-11,237,407.816466360173
2020-02-11,354,271.267909453511
2020-02-11,291,236.527354609
2020-02-11,641,460.446262857056
2020-02-11,558,745.312660739766
2020-02-11,339,336.846599374673
2020-02-11,619,568.232599141856
2020-02-11,805,569.968091156879
2020-02-11,368,401.828419973489
2020-02-11,388,336.500777608787
2020-02-11,397,438.571603088547
2020-02-11,172,317.266924654597
2020-02-11,653,371.413047357103
2020-02-11,273,272.666385465371
2020-02-11,352,309.660455662546
2020-02-11,320,330.422418920594
2020-02-11,510,450.966961369311
2020-02-11,580,387.038845110023
2020-02-11,360,474.203534603866
2020-02-11,441,343.643471643768
2020-02-11,578,368.936735480842
2020-02-11,534,339.828242419554
2020-02-11,303,448.257049785804
2020-02-11,581,502.15309865259
2020-02-11,559,461.113692891827
2020-02-11,296,331.586281846984
2020-02-11,339,406.228945147359
2020-02-11,460,482.268013385658
2020-02-11,278,541.879934482513
2020-02-11,597,379.828879283578
2020-02-11,228,328.121707672361
2020-02-11,393,352.639822523782
2020-02-11,455,540.665074952511
2020-02-11,522,501.897314741878
2020-02-11,219,427.163353497559
2020-02-11,237,299.703742474735
2020-02-11,319,296.29114410624
2020-02-11,461,586.208439163026
2020-02-11,485,383.511580882677
2020-02-11,526,232.997347946169
2020-02-11,823,379.317461242661
2020-02-11,258,385.371780993213
2020-02-11,434,483.885983405293
2020-02-11,904,414.723993385563
2020-02-11,345,317.30849547835
2020-02-11,349,522.409427055017
2020-02-11,312,282.000599989404
2020-02-11,518,648.943330910602
2020-02-11,330,554.746439702483
2020-02-11,340,247.6829915981
2020-02-11,549,442.713241860125
2020-02-11,1014,634.411725916297
2020-02-11,329,525.490283194036
2020-02-11,847,357.417876829791
2020-02-11,392,267.983976807589
2020-02-11,430,273.629879214782
2020-02-11,148,383.919980251949
2020-02-11,407,252.231470225486
2020-02-11,528,299.172912379075
2020-02-11,336,253.182858576091
2020-02-11,255,338.599375772995
2020-02-11,328,461.696610034358
2020-02-11,506,479.634364393595
2020-02-11,339,436.834767144133
2020-02-11,330,328.598552305201
2020-02-11,240,403.440012557539
2020-02-11,302,319.986419096006
2020-02-11,425,142.593714971764
2020-02-11,384,249.526433718947
2020-02-11,133,343.196782282065
2020-02-11,204,529.893836964765
2020-02-11,382,311.99816963996
2020-02-11,379,406.487108066098
2020-02-11,572,385.328798866312
2020-02-11,247,359.747023746322
2020-02-11,321,214.36675534785
2020-02-11,570,593.953329948374
2020-02-11,788,467.830186188511
2020-02-11,184,298.576760923671
2020-02-11,155,282.176974525666
2020-02-11,218,289.006359084126
2020-02-11,122,266.766062911725
2020-02-11,616,470.195950126839
2020-02-11,231,216.056304260311
2020-02-11,308,295.065778802859
2020-02-11,381,390.420935580318
2020-02-11,300,221.424644430296
2020-02-11,505,247.692636874813
2020-02-11,502,740.542272237634
2020-02-11,535,249.478977057276
2020-02-11,235,380.493515717855
2020-02-11,194,346.528560133076
2020-02-11,710,402.167852526079
2020-02-11,238,270.640548117688
2020-02-11,218,331.897589433589
2020-02-11,232,446.223861012058
2020-02-11,419,295.35559363177
2020-02-11,240,395.6598556907
2020-02-11,536,357.049806900051
2020-02-11,630,468.834287766063
2020-02-11,331,325.568304195783
2020-02-11,656,719.859339086819
2020-02-11,1014,697.27836210373
2020-02-11,472,552.60384086645
2020-02-11,1186,917.450455416346
2020-02-11,653,527.294116732286
2020-02-11,372,263.950880181781
2020-02-11,278,413.69830479941
2020-02-11,497,544.218231158524
2020-02-11,549,414.183474393331
2020-02-11,702,793.972560611538
2020-02-11,887,834.363417853977
2020-02-11,175,246.729793664635
2020-02-11,0,501.865737852243
2020-02-11,629,476.848877869985
2020-02-11,1435,865.327715641836
2020-02-11,887,705.44817745431
2020-02-11,313,775.97820507224
2020-02-11,440,546.902406478869
2020-02-11,513,545.77247413813
2020-02-11,685,635.459800320205
2020-02-11,343,474.938061471882
2020-02-11,1056,819.455585793405
2020-02-11,386,430.90777220945
2020-02-11,805,333.187084575688
2020-02-11,825,736.050510193426
2020-02-11,631,497.352535494078
2020-02-11,397,568.722360283885
2020-02-11,240,155.396981544315
2020-02-11,565,350.279745227579
2020-02-11,334,453.600321646721
2020-02-11,475,513.232486756464
2020-02-11,357,716.969520921038
2020-02-11,568,565.476747817853
2020-02-11,1115,416.031837132272
2020-02-11,290,208.547970048971
2020-02-11,539,223.392888770686
2020-02-11,436,206.932908154307
2020-02-11,154,457.920739546192
2020-02-11,649,321.604355797644
2020-02-11,493,375.129632019616
2020-02-11,197,504.435454587977
2020-02-11,1558,689.744314064279
2020-02-11,404,782.370647046557
2020-02-11,660,493.387689703125
2020-02-11,1304,1025.62854873212
2020-02-11,1064,671.026114428716
2020-02-11,833,748.916664769871
2020-02-11,829,534.821972471259
2020-02-11,572,699.512122596722
2020-02-11,689,540.44521726284
2020-02-11,128,225.278168686232
2020-02-11,321,265.669921528701
2020-02-11,425,302.875023073365
2020-02-11,374,396.075171218701
2020-02-11,391,247.845555045508
2020-02-11,252,360.62863196975
2020-02-11,482,193.599849914526
2020-02-11,215,235.875591552209
2020-02-11,766,479.777178947918
2020-02-11,188,353.307722249699
2020-02-11,293,79.4529108486543
2020-02-11,516,381.543006403154
2020-02-11,293,405.286812512846
2020-02-11,358,551.632989590065
2020-02-11,328,338.564363240552
2020-02-11,365,263.291893543418
2020-02-11,413,314.949361551997
2020-02-11,834,668.042701347009
2020-02-11,255,230.817480851792
2020-02-11,222,214.094046535738
2020-02-11,239,321.661966664073
2020-02-11,155,348.070417344069
2020-02-11,219,181.133228973112
2020-02-11,230,214.382233539368
2020-02-11,170,204.675707257863
2020-02-11,254,299.726126330956
2020-02-11,61,231.013689615091
2020-02-11,126,142.363621730349
2020-02-11,171,158.619993759643
2020-02-11,131,160.285962335532
2020-02-11,99,107.454604959241
2020-02-11,118,197.045641490995
2020-02-11,205,121.91223935967
2020-02-11,187,158.289352480439
2020-02-11,135,94.9040985108473
2020-02-11,238,273.921530750843
2020-02-11,262,175.804981823463
2020-02-11,338,369.206688443912
2020-02-11,215,230.149433377881
2020-02-11,222,197.444240246103
2020-02-11,167,167.977891472873
2020-02-11,203,215.143365857725
2020-02-11,185,236.004188532499
2020-02-11,212,241.898335607689
2020-02-11,300,274.605174956198
2020-02-11,191,302.734857567087
2020-02-11,281,272.811915095948
2020-02-11,228,215.596086372046
2020-02-11,330,362.413106545753
2020-02-11,371,261.376690056354
2020-02-11,342,317.586921861865
2020-02-11,341,258.451673781286
2020-02-11,333,259.244540821608
2020-02-11,386,272.577288062973
2020-02-11,300,368.751157066439
2020-02-11,343,307.760391980584
2020-02-11,241,239.658414803469
2020-02-11,463,307.365939880985
2020-02-11,447,369.020488411416
2020-02-11,604,447.769433005893
2020-02-11,741,416.898675008008
2020-02-11,643,380.640864323456
2020-02-11,414,327.750813579039
2020-02-11,458,494.801915475633
2020-02-11,645,471.435057124695
2020-02-11,652,399.744905999456
2020-02-11,307,413.133050912462
2020-02-11,603,437.400979697369
2020-02-11,463,459.276332661922
2020-02-11,840,377.824585243956
2020-02-11,637,340.282380338104
2020-02-11,470,351.253371060296
2020-02-11,10,539.648891549882
2020-02-11,88,398.610086289297
2020-02-11,684,408.720427839701
2020-02-11,66,328.755297537561
2020-02-11,817,392.267973473686
2020-02-11,454,383.386724704618
2020-02-11,650,374.661575550613
2020-02-11,523,479.844705903627
2020-02-11,550,410.540053883697
2020-02-11,498,585.4223306661
2020-02-11,370,511.250627174414
2020-02-11,965,411.277174338747
2020-02-11,238,377.317357189925
2020-02-11,380,466.317415657401
2020-02-11,249,372.326967296878
2020-02-11,587,221.756136364895
2020-02-11,447,400.566654418532
2020-02-11,279,345.932690363697
2020-02-11,476,431.895526094603
2020-02-11,184,463.366816224434
2020-02-11,191,268.311254336047
2020-02-11,248,312.16099500457
2020-02-11,286,392.180948551786
2020-02-11,458,294.851862834597
2020-02-11,520,438.775250313276
2020-02-11,783,629.509071624619
2020-02-11,426,482.801243769215
2020-02-11,590,434.259253094177
2020-02-11,555,346.978389265623
2020-02-11,701,388.047272990031
2020-02-11,199,248.489754169665
2020-02-11,262,352.163116041461
2020-02-11,259,246.100772235293
2020-02-11,200,190.623898884621
2020-02-11,120,254.71351612578
2020-02-11,497,296.424822581162
2020-02-11,1210,361.326666673246
2020-02-11,423,447.2340860223
2020-02-11,303,348.851622570713
2020-02-11,482,324.006894111946
2020-02-11,448,332.45463671633
2020-02-11,387,458.207703727517
2020-02-11,511,391.059558627511
2020-02-11,234,190.583304716739
2020-02-11,719,139.572767652414
2020-02-11,534,324.805119090738
2020-02-11,659,362.248615641167
2020-02-11,426,358.150020472474
2020-02-11,365,300.465404570766
2020-02-11,349,266.525067012379
2020-02-11,316,305.677433466407
2020-02-11,177,202.949641134674
2020-02-11,313,282.022488065775
2020-02-11,391,460.853906582838
2020-02-11,286,354.822423586047
2020-02-11,320,324.527249124319
2020-02-11,373,580.755565867939
2020-02-11,483,415.912604344889
2020-02-11,290,366.413591922433
2020-02-11,589,448.757757482384
2020-02-11,459,253.276879445832
2020-02-11,254,357.738253475053
2020-02-11,657,363.655592641388
2020-02-11,559,341.2018380695
2020-02-11,226,322.394972813131
2020-02-11,257,298.819077085709
2020-02-11,153,180.210103088366
2020-02-11,67,234.937254064369
2020-02-11,255,239.351471837645
2020-02-11,400,309.653965903541
2020-02-11,185,181.19983421918
2020-02-11,182,205.382545670851
2020-02-11,303,276.767291548296
2020-02-11,100,273.39232794993
2020-02-11,199,159.486094650745
2020-02-11,300,236.426376268599
2020-02-11,163,228.660465070105
2020-02-11,236,296.41717427306
2020-02-11,404,245.376404635709
2020-02-11,165,187.296829559993
2020-02-11,245,310.146182932835
2020-02-11,466,324.385141655497
2020-02-11,212,368.318331131431
2020-02-11,323,263.119744277969
2020-02-11,77,336.673763311286
2020-02-11,297,231.616781080182
2020-02-11,257,252.155138950484
2020-02-11,666,354.736182048951
2020-02-11,545,421.372539952463
2020-02-11,140,345.598416123476
2020-02-11,416,406.339579346334
2020-02-11,219,292.693011068148
2020-02-11,444,269.47453751231
2020-02-11,583,428.555892582677
2020-02-11,804,436.319001890422
2020-02-11,119,219.806095165034
2020-02-11,198,255.612992553342
2020-02-11,322,308.777209811686
2020-02-11,563,274.659025927138
2020-02-11,406,383.513165968633
2020-02-11,158,294.929161706816
2020-02-11,211,313.550247603574
2020-02-11,342,252.430494577227
2020-02-11,201,297.026750493526
2020-02-11,236,316.04596146061
2020-02-11,298,310.379529048989
2020-02-11,233,325.490577394866
2020-02-11,424,347.783976381471
2020-02-11,354,329.843502282961
2020-02-11,389,354.060079314803
2020-02-11,245,368.636121039088
2020-02-11,320,458.373139549247
2020-02-11,333,313.252878270693
2020-02-11,412,200.951421626222
2020-02-11,282,400.851206401579
2020-02-11,199,342.358190371418
2020-02-11,571,422.952731744966
2020-02-11,390,245.636938302809
2020-02-11,281,243.272548242733
2020-02-11,360,330.714070471644
2020-02-11,365,426.443614038603
2020-02-11,523,439.826546599181
2020-02-11,507,401.0259053298
2020-02-11,192,243.908677072408
2020-02-11,383,308.569086262142
2020-02-11,550,371.462488405116
2020-02-11,222,316.362777470508
2020-02-11,943,394.549796357831
2020-02-11,773,354.771115123127
2020-02-11,763,677.439516423607
2020-02-11,749,553.501774229385
2020-02-11,424,326.729788249274
2020-02-11,407,355.9148685831
2020-02-11,550,266.00264990007
2020-02-11,596,254.946810096211
2020-02-11,377,362.498490266056
2020-02-11,154,321.749207559989
2020-02-11,283,191.45425976146
2020-02-11,324,255.653423115842
2020-02-11,511,298.058322321759
2020-02-11,249,306.6791971602
2020-02-11,304,267.555651165909
2020-02-11,254,479.649445823676
2020-02-11,166,257.506879373978
2020-02-11,398,296.918253457827
2020-02-11,97,180.884522257636
2020-02-11,248,176.119819016182
2020-02-11,383,258.666323736529
2020-02-11,202,176.644963196743
2020-02-11,171,256.954092797391
2020-02-11,265,253.57069140624
2020-02-11,356,251.64541077695
2020-02-11,334,241.587950802512
2020-02-11,184,220.838719925012
2020-02-11,665,209.011643739671
2020-02-11,347,215.620363938087
2020-02-11,128,246.009235062074
2020-02-11,84,402.129372608614
2020-02-11,91,145.170251759464
2020-02-11,34,105.080911372006
2020-02-11,107,160.267994672619
2020-02-11,331,242.702330880101
2020-02-11,308,266.809672589247
2020-02-11,114,188.739958156181
2020-02-11,349,257.070354645428
2020-02-11,209,189.017469041122
2020-02-11,314,256.527805257521
2020-02-11,418,213.037633368105
2020-02-11,374,247.981856411346
2020-02-11,380,329.798475213557
2020-02-11,278,322.821062254805
2020-02-11,428,269.151488084753
2020-02-11,222,287.071670562633
2020-02-11,362,326.579588578417
2020-02-11,680,258.355084527789
2020-02-11,368,253.873029026107
2020-02-11,351,272.595585731547
2020-02-11,209,250.06026862677
2020-02-11,156,212.089985691454
2020-02-11,188,170.722155937926
2020-02-11,134,193.849881802658
2020-02-11,361,223.661869241714
2020-02-11,244,262.016322163389
2020-02-11,304,274.230855481587
2020-02-11,380,334.654931078321
2020-02-11,334,283.733477760597
2020-02-11,551,418.727288162037
2020-02-11,429,296.696492772153
2020-02-11,489,437.761399096895
2020-02-11,683,403.398088148064
2020-02-11,628,273.915952308806
2020-02-11,512,443.737371535839
2020-02-11,218,232.022976356952
2020-02-11,218,293.255380538287
2020-02-11,251,398.303715604807
2020-02-11,349,395.50715139676
2020-02-11,702,372.500735312893
2020-02-11,264,334.199964293956
2020-02-11,615,296.648646123037
2020-02-11,490,358.726369430305
2020-02-11,379,354.197282135018
2020-02-11,370,413.989279931827
2020-02-11,472,374.331879487989
2020-02-11,434,262.841296335853
2020-02-11,289,317.188174530508
2020-02-11,417,321.036451616784
2020-02-11,319,293.607992256421
2020-02-11,548,343.856079062362
2020-02-11,474,276.252470981469
2020-02-11,328,297.306315054487
2020-02-11,190,358.091272277268
2020-02-11,756,450.001558470765
2020-02-11,315,375.272561499254
2020-02-11,355,415.3917105885
2020-02-11,305,321.522490388145
2020-02-11,526,385.578063097673
2020-02-11,705,450.60573052839
2020-02-11,370,610.026239749601
2020-02-11,491,764.484269216071
2020-02-11,429,574.79528887718
2020-02-11,278,365.406411487365
2020-02-11,530,401.194771486291
2020-02-11,426,332.194429211311
2020-02-11,698,570.49497441026
2020-02-11,714,356.579230610359
2020-02-11,834,583.688153426953
2020-02-11,526,361.868630609545
2020-02-11,751,284.153130206407
2020-02-11,689,562.188542474062
2020-02-11,517,402.991171203795
2020-02-11,566,429.837434128441
2020-02-11,484,497.478229910988
2020-02-11,673,542.658976723161
2020-02-11,541,409.07261675819
2020-02-11,521,327.838598924643
2020-02-11,550,495.082833890662
2020-02-11,857,586.047355901472
2020-02-11,515,346.822155349163
2020-02-11,523,514.276539784505
2020-02-11,681,514.154938684227
2020-02-11,432,496.114402960563
2020-02-11,662,643.818703016629
2020-02-11,579,685.720880091776
2020-02-11,417,390.196733642353
2020-02-11,609,625.653201149399
2020-02-11,824,505.078552555598
2020-02-11,351,387.611661504866
2020-02-11,497,378.655684420068
2020-02-11,598,485.896129384696
2020-02-11,756,388.823026334885
2020-02-11,491,507.065148677845
2020-02-11,939,291.854503350928
2020-02-11,459,456.794404143558
2020-02-11,464,296.586375720127
2020-02-11,314,516.603020506425
2020-02-11,369,266.456372475613
2020-02-11,560,536.572468883055
2020-02-11,449,499.699928538025
2020-02-11,808,393.692467661782
2020-02-11,632,387.329884789059
2020-02-11,676,418.203825103259
2020-02-11,773,554.380125198669
2020-02-11,321,477.452098074126
2020-02-11,324,463.589546364814
2020-02-11,674,329.014101567164
2020-02-11,373,345.967083949306
2020-02-11,819,596.370729393806
2020-02-11,452,322.394021731251
2020-02-11,754,622.320650110767
2020-02-11,220,545.10977517332
2020-02-11,721,337.30004198946
2020-02-11,459,393.17098270623
2020-02-11,622,489.475935242993
2020-02-11,774,359.181830745721
2020-02-11,628,517.924972528034
2020-02-11,752,486.045382230539
2020-02-11,320,514.873801896538
2020-02-11,569,599.04574174703
2020-02-11,682,451.028131336502
2020-02-11,525,366.524416111813
2020-02-11,1132,541.080087468034
2020-02-11,844,629.566991524248
2020-02-11,494,456.215372060939
2020-02-11,714,481.396156484628
2020-02-11,793,413.633157172596
2020-02-11,907,537.241678343501
2020-02-11,829,692.948790756632
2020-02-11,420,573.965653464532
2020-02-11,525,367.663263226884
2020-02-11,535,341.932668903601
2020-02-11,703,425.031780318467
2020-02-11,669,392.863088276431
2020-02-11,354,396.045818317709
2020-02-11,426,347.685866258386
2020-02-11,832,326.858569391706
2020-02-11,57,743.351040496665
2020-02-11,832,495.194683613144
2020-02-11,606,545.33337179854
2020-02-11,119,389.629398594482
2020-02-11,219,224.407592175415
2020-02-11,730,762.128530217933
2020-02-11,627,436.731456610466
2020-02-11,791,394.197201887082
2020-02-11,311,483.334116071429
2020-02-11,267,263.811484286044
2020-02-11,536,405.093400217756
2020-02-11,261,572.193119091862
2020-02-11,531,317.426124555027
2020-02-11,247,486.112619722272
2020-02-11,133,850.30853691704
2020-02-11,445,814.08217335425
2020-02-11,408,637.541926208415
2020-02-11,291,200.765612385829
2020-02-11,170,125.024152440251
2020-02-11,101,140.622919901815
2020-02-11,148,266.678186579903
2020-02-11,259,167.54271433125
2020-02-11,406,408.983800440865
2020-02-11,756,657.935551192545
2020-02-11,322,1119.36751262447
2020-02-11,25,544.295872046323
2020-02-11,60,1207.46937428703
2020-02-11,46,770.78379907464
2020-02-11,41,207.97679525426
2020-02-11,103,312.142274812355
2020-02-11,14,243.574652013255
2020-02-11,110,585.116620617302
2020-02-11,84,657.344063353595
2020-02-11,160,1134.21499433834
2020-02-11,24,609.092081160469
2020-02-12,587,337.774967818199
2020-02-12,334,348.897698291772
2020-02-12,294,384.527161310206
2020-02-12,406,298.413223160067
2020-02-12,445,273.837336548784
2020-02-12,271,262.384388516461
2020-02-12,198,207.482735587398
2020-02-12,212,196.24169481227
2020-02-12,105,113.46667769716
2020-02-12,272,340.704518611826
2020-02-12,193,241.242635639723
2020-02-12,151,227.793650266908
2020-02-12,254,136.305813717896
2020-02-12,229,476.501448861677
2020-02-12,244,219.297307979317
2020-02-12,294,241.426596190127
2020-02-12,361,233.934157000073
2020-02-12,357,381.488157621364
2020-02-12,275,352.915708257891
2020-02-12,365,355.154199439904
2020-02-12,296,381.374976522963
2020-02-12,185,365.330636924156
2020-02-12,398,208.613796426833
2020-02-12,233,260.359542786833
2020-02-12,403,602.937975610702
2020-02-12,397,443.535462827332
2020-02-12,265,248.058875908166
2020-02-12,498,324.450548023661
2020-02-12,493,275.501318776486
2020-02-12,580,449.948154059578
2020-02-12,651,443.590140717798
2020-02-12,511,575.578639395184
2020-02-12,307,239.057040135887
2020-02-12,304,398.394322155585
2020-02-12,220,365.816623129918
2020-02-12,216,343.415523446218
2020-02-12,419,558.294164103991
2020-02-12,504,633.372609276097
2020-02-12,452,463.931669480381
2020-02-12,323,328.353241010389
2020-02-12,575,349.719900872582
2020-02-12,351,314.403752384142
2020-02-12,503,402.10485777189
2020-02-12,372,310.38636895923
2020-02-12,303,332.710162144301
2020-02-12,370,882.008917456529
2020-02-12,388,640.693192820234
2020-02-12,411,548.478353817649
2020-02-12,415,503.048361640611
2020-02-12,256,290.975227817022
2020-02-12,705,250.027897964623
2020-02-12,238,242.16850137476
2020-02-12,515,408.25943186228
2020-02-12,711,319.999104356931
2020-02-12,297,377.742975454333
2020-02-12,457,536.367537312542
2020-02-12,579,508.536980625214
2020-02-12,204,248.764946472634
2020-02-12,306,237.253541634637
2020-02-12,345,298.026406699413
2020-02-12,212,371.424979023625
2020-02-12,335,308.935593796664
2020-02-12,783,595.5509456405
2020-02-12,1029,515.187092948511
2020-02-12,321,519.429654742544
2020-02-12,568,497.324558661363
2020-02-12,496,465.193036950412
2020-02-12,579,453.76546989274
2020-02-12,257,185.986024362911
2020-02-12,748,338.349822301714
2020-02-12,582,410.852421562378
2020-02-12,709,355.185021707839
2020-02-12,905,515.787958949132
2020-02-12,362,380.39003526018
2020-02-12,319,311.192345479307
2020-02-12,348,485.188999577347
2020-02-12,576,615.199380424111
2020-02-12,401,431.859144788395
2020-02-12,667,505.149213157121
2020-02-12,865,708.631859964589
2020-02-12,495,309.72842801516
2020-02-12,611,330.181154294036
2020-02-12,108,420.37699139534
2020-02-12,449,457.042339027336
2020-02-12,276,361.196556639464
2020-02-12,301,184.686778948613
2020-02-12,375,467.7742110282
2020-02-12,254,285.928799545739
2020-02-12,355,367.972377883623
2020-02-12,196,525.692756176852
2020-02-12,550,285.303610201529
2020-02-12,733,437.302500980274
2020-02-12,319,583.387135717552
2020-02-12,399,686.238181828931
2020-02-12,1578,853.137373358558
2020-02-12,1083,829.065530054991
2020-02-12,857,994.637361285293
2020-02-12,1030,648.264767706503
2020-02-12,974,927.205491380615
2020-02-12,946,671.195756736543
2020-02-12,581,603.192870138993
2020-02-12,521,688.567638360037
2020-02-12,609,463.103022440123
2020-02-12,235,310.454962676297
2020-02-12,724,473.504279263066
2020-02-12,587,856.004665249085
2020-02-12,386,465.227612385216
2020-02-12,614,593.930292916177
2020-02-12,377,227.106482567132
2020-02-12,351,291.612520974449
2020-02-12,242,299.261377762478
2020-02-12,249,303.468453219419
2020-02-12,365,159.600856944515
2020-02-12,276,278.094496070543
2020-02-12,371,332.10694157363
2020-02-12,315,375.987470137024
2020-02-12,919,782.443187519762
2020-02-12,932,742.759144786696
2020-02-12,1007,891.451475235183
2020-02-12,901,1208.8991226625
2020-02-12,550,836.865057947466
2020-02-12,1458,1262.45626347796
2020-02-12,2004,703.531749794507
2020-02-12,1622,789.521628475435
2020-02-12,853,895.079941644881
2020-02-12,1089,672.728502040348
2020-02-12,1269,777.504888306177
2020-02-12,261,335.525946635418
2020-02-12,145,458.413388825218
2020-02-12,0,354.056868590904
2020-02-12,21,1482.06407640933
2020-02-12,602,559.340168715289
2020-02-12,581,816.315596834362
2020-02-12,465,372.59886448907
2020-02-12,557,512.46241242359
2020-02-12,1017,1073.10247431081
2020-02-12,539,720.522128765326
2020-02-12,972,658.649712950766
2020-02-12,446,533.06727052296
2020-02-12,569,515.034033172747
2020-02-12,519,481.886758856207
2020-02-12,537,429.795118837797
2020-02-12,745,567.087657603345
2020-02-12,311,649.64591955261
2020-02-12,1326,569.595596706695
2020-02-12,687,471.340315114352
2020-02-12,557,311.570993459242
2020-02-12,417,324.608895059376
2020-02-12,878,313.805068037548
2020-02-12,509,251.2628363657
2020-02-12,366,299.65682285903
2020-02-12,340,171.559876402096
2020-02-12,305,322.946676380719
2020-02-12,302,324.324096552575
2020-02-12,554,611.204028355757
2020-02-12,335,342.233741265889
2020-02-12,727,699.868504482002
2020-02-12,400,479.814258103451
2020-02-12,481,465.474173865432
2020-02-12,252,479.971636092325
2020-02-12,493,584.56844929826
2020-02-12,700,477.388236032615
2020-02-12,378,308.566549768236
2020-02-12,620,464.317342431267
2020-02-12,202,501.378465911463
2020-02-12,596,529.533975930157
2020-02-12,295,597.127386544883
2020-02-12,696,345.089934273977
2020-02-12,459,654.327490282632
2020-02-12,890,915.635066986242
2020-02-12,1059,502.32108013099
2020-02-12,823,694.290000205364
2020-02-12,896,558.629022561294
2020-02-12,484,318.129959317847
2020-02-12,561,223.824484370218
2020-02-12,264,341.274261334815
2020-02-12,737,595.668850478324
2020-02-12,302,326.408051411112
2020-02-12,529,324.712119127449
2020-02-12,403,436.256947274048
2020-02-12,790,595.603290453601
2020-02-12,947,647.032312349032
2020-02-12,715,477.089869434987
2020-02-12,716,568.338094531731
2020-02-12,495,507.719725799268
2020-02-12,204,558.692028153897
2020-02-12,227,286.000929441887
2020-02-12,257,334.59151757734
2020-02-12,695,387.024123296246
2020-02-12,342,415.345392516563
2020-02-12,714,470.611656582528
2020-02-12,835,442.621723155406
2020-02-12,197,305.65626343266
2020-02-12,368,257.94296979983
2020-02-12,372,174.552313699451
2020-02-12,278,168.157915884316
2020-02-12,336,364.996570372086
2020-02-12,206,450.910758797944
2020-02-12,251,265.810673921032
2020-02-12,483,334.041094688936
2020-02-12,1021,288.550910810209
2020-02-12,325,208.407980376948
2020-02-12,636,152.062708399697
2020-02-12,115,114.358367692644
2020-02-12,407,929.378169586787
2020-02-12,918,677.768791509219
2020-02-12,719,413.403661893407
2020-02-12,432,171.246223484871
2020-02-12,1300,846.075447828492
2020-02-12,258,383.289039512562
2020-02-12,328,327.712113361646
2020-02-12,342,358.898153170311
2020-02-12,237,281.6706646229
2020-02-12,586,293.109099173794
2020-02-12,366,401.555565425097
2020-02-12,302,341.526035503686
2020-02-12,367,259.103373611771
2020-02-12,197,228.729038231522
2020-02-12,136,756.740110034233
2020-02-12,270,620.086285666142
2020-02-12,658,338.370622586143
2020-02-12,399,833.57207193887
2020-02-12,420,593.400345180483
2020-02-12,544,592.680222565173
2020-02-12,789,580.105799688416
2020-02-12,1057,967.603020398517
2020-02-12,391,487.900275811624
2020-02-12,596,719.988676909792
2020-02-12,584,309.392551024642
2020-02-12,330,304.058080793343
2020-02-12,232,579.447603762354
2020-02-12,959,617.880216514692
2020-02-12,482,835.271839806477
2020-02-12,642,446.852485805907
2020-02-12,852,365.721115039275
2020-02-12,604,610.305250167142
2020-02-12,475,700.711539656164
2020-02-12,316,124.249303407758
2020-02-12,1172,516.013470574692
2020-02-12,1209,587.30645741839
2020-02-12,1245,885.933966569796
2020-02-12,611,853.222422218455
2020-02-12,918,564.348350859871
2020-02-12,1273,1033.1443736693
2020-02-12,863,383.872031025168
2020-02-12,482,754.676844528036
2020-02-12,529,508.634303162652
2020-02-12,221,909.009756584121
2020-02-12,479,385.087794527745
2020-02-12,763,749.239408100454
2020-02-12,753,857.913023191438
2020-02-12,915,889.337027767946
2020-02-12,777,544.767065784083
2020-02-12,938,544.867963159373
2020-02-12,1624,743.67532422353
2020-02-12,1031,338.069889579936
2020-02-12,697,441.327020756126
2020-02-12,697,316.938786766045
2020-02-12,329,700.881350832841
2020-02-12,365,503.032152811129
2020-02-12,270,418.131308776991
2020-02-12,80,304.222189590572
2020-02-12,0,261.639210637066
2020-02-12,159,188.207602765198
2020-02-12,200,406.045192248391
2020-02-12,285,169.09275336025
2020-02-12,129,316.56087805156
2020-02-12,398,367.338529117251
2020-02-12,380,398.446630330113
2020-02-12,594,275.187914869886
2020-02-12,381,311.875180499641
2020-02-12,548,388.334001342094
2020-02-12,528,375.20013038959
2020-02-12,454,379.422991858983
2020-02-12,430,273.467789332208
2020-02-12,607,392.774788079457
2020-02-12,235,213.238365950358
2020-02-12,260,223.865637097698
2020-02-12,204,437.280543960953
2020-02-12,212,212.911815397949
2020-02-12,690,439.675864304239
2020-02-12,268,271.546524615792
2020-02-12,444,326.13520038885
2020-02-12,356,296.647905761241
2020-02-12,642,568.483669327412
2020-02-12,381,353.309100224808
2020-02-12,404,492.682740721301
2020-02-12,552,312.189002902105
2020-02-12,559,400.326654959472
2020-02-12,856,829.779084352965
2020-02-12,859,518.03046036065
2020-02-12,984,661.597589220736
2020-02-12,264,370.497401220881
2020-02-12,920,646.290890674432
2020-02-12,1155,826.004885122407
2020-02-12,950,457.224075676026
2020-02-12,351,499.09303474263
2020-02-12,503,503.73740535294
2020-02-12,883,534.42672293124
2020-02-12,1119,641.753211997458
2020-02-12,425,626.169993201286
2020-02-12,381,464.528204341664
2020-02-12,479,490.87947923067
2020-02-12,351,632.792043111
2020-02-12,679,381.789304704123
2020-02-12,584,460.793325786242
2020-02-12,375,285.754725633508
2020-02-12,288,302.792587000831
2020-02-12,284,507.841684877262
2020-02-12,368,296.981213250825
2020-02-12,631,412.26419941718
2020-02-12,313,371.522650520123
2020-02-12,246,428.536517752761
2020-02-12,447,325.976974482378
2020-02-12,320,426.753159725228
2020-02-12,319,381.300431367726
2020-02-12,415,420.00475720826
2020-02-12,403,352.698430962434
2020-02-12,576,436.082072998144
2020-02-12,365,272.921343101603
2020-02-12,309,396.64995877873
2020-02-12,202,504.674102955798
2020-02-12,304,394.574474840377
2020-02-12,398,534.854914730995
2020-02-12,410,338.763026901513
2020-02-12,607,426.084464125261
2020-02-12,313,423.753620105046
2020-02-12,216,375.71433878993
2020-02-12,793,383.352768027516
2020-02-12,575,575.835934496129
2020-02-12,734,494.700250982534
2020-02-12,725,652.441799437981
2020-02-12,671,605.531250503659
2020-02-12,694,484.980346422711
2020-02-12,422,429.277332147821
2020-02-12,347,669.577976196229
2020-02-12,745,762.302593652054
2020-02-12,911,722.966643739452
2020-02-12,729,542.907209925624
2020-02-12,779,564.57553697947
2020-02-12,355,221.224157966704
2020-02-12,672,339.873126345364
2020-02-12,331,392.704186795476
2020-02-12,632,602.533620939101
2020-02-12,468,553.557142422189
2020-02-12,667,592.677517786156
2020-02-12,403,328.794128086981
2020-02-12,246,370.490654334826
2020-02-12,461,285.658002896103
2020-02-12,732,710.30123882265
2020-02-12,684,351.708525781661
2020-02-12,626,634.911865879484
2020-02-12,404,468.919757019039
2020-02-12,667,808.297907516394
2020-02-12,1052,760.684323595298
2020-02-12,623,696.290254756026
2020-02-12,494,683.855824794271
2020-02-12,889,712.538205998638
2020-02-12,676,672.192592730503
2020-02-12,577,712.588910357062
2020-02-12,1264,856.259170827332
2020-02-12,917,718.741213363789
2020-02-12,548,607.285838384116
2020-02-12,525,592.769891517932
2020-02-12,740,652.053585513254
2020-02-12,1433,626.482404619647
2020-02-12,903,681.207415592787
2020-02-12,837,821.392624971316
2020-02-12,576,380.517970815495
2020-02-12,228,723.277840114211
2020-02-12,179,272.328371551706
2020-02-12,733,822.323715384354
2020-02-12,635,744.980262605517
2020-02-12,745,448.125422737919
2020-02-12,1513,719.222290210071
2020-02-12,426,513.13525095939
2020-02-12,869,620.032878633542
2020-02-12,209,293.527181946203
2020-02-12,368,171.673989920864
2020-02-12,808,561.99990803867
2020-02-12,148,410.90509340506
2020-02-12,431,659.481821336302
2020-02-12,581,292.031344092613
2020-02-12,818,418.464799419953
2020-02-12,625,495.842376667032
2020-02-12,697,482.536794388823
2020-02-12,700,610.009566591892
2020-02-12,654,853.696047054803
2020-02-12,551,338.179875585831
2020-02-12,530,444.617703488158
2020-02-12,462,641.33436920969
2020-02-12,562,515.984119774637
2020-02-12,372,414.566440618354
2020-02-12,840,327.329168351447
2020-02-12,675,898.275105110626
2020-02-12,1013,617.75907997748
2020-02-12,583,601.28132363589
2020-02-12,389,295.519561454901
2020-02-12,686,599.740996311043
2020-02-12,625,995.123177827366
2020-02-12,2042,1075.86269195883
2020-02-12,1299,669.839259466692
2020-02-12,1050,931.721224524453
2020-02-12,266,1069.65486948651
2020-02-12,441,343.798741771877
2020-02-12,448,492.9668724778
2020-02-12,321,300.270668816715
2020-02-12,342,331.841512239175
2020-02-12,452,563.163905996752
2020-02-12,483,547.203394382811
2020-02-12,894,658.162497410578
2020-02-12,852,687.007264057048
2020-02-12,407,471.221236310406
2020-02-12,601,454.109538701683
2020-02-12,522,754.3304183479
2020-02-12,685,591.59434169921
2020-02-12,1190,640.111968784249
2020-02-12,842,503.981479576873
2020-02-12,596,595.724324053548
2020-02-12,679,786.623327583281
2020-02-12,555,779.204411153108
2020-02-12,618,551.027921352708
2020-02-12,644,865.409777236014
2020-02-12,1329,834.947090843907
2020-02-12,688,438.262552230174
2020-02-12,530,462.001168605112
2020-02-12,731,642.916137971483
2020-02-12,604,629.458991439788
2020-02-12,457,314.842805042537
2020-02-12,485,442.961017574635
2020-02-12,455,630.098940391219
2020-02-12,657,448.7380207491
2020-02-12,343,571.702936220365
2020-02-12,640,461.392565309474
2020-02-12,555,695.331758684414
2020-02-12,1167,540.51232847389
2020-02-12,946,699.849267155612
2020-02-12,1546,513.65645369609
2020-02-12,663,708.651189323968
2020-02-12,1563,814.781881314121
2020-02-12,889,957.089205006515
2020-02-12,1251,928.399179488302
2020-02-12,1047,709.228455860534
2020-02-12,401,675.819697225714
2020-02-12,612,513.543975132148
2020-02-12,674,517.579132383159
2020-02-12,175,116.471988788637
2020-02-12,634,649.748895433414
2020-02-12,953,798.724682749569
2020-02-12,1126,508.649585094731
2020-02-12,513,774.677460865671
2020-02-12,2336,796.269612451306
2020-02-12,283,326.387009161688
2020-02-12,913,953.078835595447
2020-02-12,235,699.936116914499
2020-02-12,176,246.131774434844
2020-02-12,288,288.682998224886
2020-02-12,241,340.170122833642
2020-02-12,386,158.277082004244
2020-02-12,420,477.722472901799
2020-02-12,583,662.224636907403
2020-02-12,415,126.40639978395
2020-02-12,413,587.771247490655
2020-02-12,195,181.317188274199
2020-02-12,779,244.152749316098
2020-02-12,491,188.236224100817
2020-02-12,350,266.404233795006
2020-02-12,329,193.715659626628
2020-02-12,154,380.159587471703
2020-02-12,530,279.738863473268
2020-02-12,256,383.940317937311
2020-02-12,885,455.158864275674
2020-02-12,328,266.433293639026
2020-02-12,158,273.059727796315
2020-02-12,151,153.35752856134
2020-02-12,162,187.817419459436
2020-02-12,232,353.10082324316
2020-02-12,104,345.125665264298
2020-02-12,0,185.081591511147
2020-02-12,375,767.836389774303
2020-02-12,232,432.630108958571
2020-02-12,375,456.587314948597
2020-02-12,445,425.106449981312
2020-02-12,743,990.039837574109
2020-02-12,695,527.410688978035
2020-02-12,701,655.722125911543
2020-02-12,910,710.300213521275
2020-02-12,984,694.28932878735
2020-02-12,964,737.893194611345
2020-02-12,897,551.882488767099
2020-02-12,540,676.796799879351
2020-02-12,836,684.376288641569
2020-02-12,611,670.249748964867
2020-02-12,286,681.87153919765
2020-02-12,376,422.540634412005
2020-02-12,738,581.435333535958
2020-02-12,828,886.766145326015
2020-02-12,888,632.724773913377
2020-02-12,250,600.085242693189
2020-02-12,928,486.39215899825
2020-02-12,599,552.731103858172
2020-02-12,173,422.626623920042
2020-02-12,894,732.284736651849
2020-02-12,421,381.366588562671
2020-02-12,419,382.433742592773
2020-02-12,457,459.887441278341
2020-02-12,588,682.769723327086
2020-02-12,700,334.821287095802
2020-02-12,1204,693.299252655442
2020-02-12,651,973.319000526368
2020-02-12,546,517.142275591284
2020-02-12,918,548.42231677965
2020-02-12,520,654.13896973345
2020-02-12,1221,748.879441137684
2020-02-12,364,404.118229368347
2020-02-12,698,738.017988173874
2020-02-12,953,597.055572536632
2020-02-12,410,750.618403957338
2020-02-12,1122,422.795596233564
2020-02-12,436,659.2417141557
2020-02-12,299,601.953080129086
2020-02-12,529,583.064092227574
2020-02-12,631,548.232373652975
2020-02-12,490,777.391808872605
2020-02-12,562,476.126709270585
2020-02-12,376,471.051760120107
2020-02-12,634,628.592734124793
2020-02-12,597,677.778030797889
2020-02-12,943,402.415191160269
2020-02-12,1160,647.771512761554
2020-02-12,1442,691.908543921907
2020-02-12,230,579.24165696347
2020-02-12,695,486.705213242561
2020-02-12,279,678.89557556172
2020-02-12,714,297.624248874591
2020-02-12,340,675.695537700873
2020-02-12,587,724.198774714478
2020-02-12,525,624.509384360046
2020-02-12,472,713.440172516771
2020-02-12,966,723.823941113707
2020-02-12,802,856.325451240705
2020-02-12,539,310.832401142863
2020-02-12,739,605.959436311921
2020-02-12,621,421.262352689026
2020-02-12,283,345.470759652261
2020-02-12,682,1150.92015474241
2020-02-12,485,514.079204683776
2020-02-12,222,331.269401439287
2020-02-12,381,376.200181960116
2020-02-12,655,434.930930325817
2020-02-12,294,537.650946874155
2020-02-12,544,389.257202263999
2020-02-12,327,356.036846343745
2020-02-12,65,112.969242648256
2020-02-12,387,286.782838115403
2020-02-12,1246,601.996768371766
2020-02-12,299,262.9037069863
2020-02-12,475,383.586842214849
2020-02-12,659,635.403623206641
2020-02-12,812,500.48899682677
2020-02-12,173,352.535421851746
2020-02-12,534,272.42524356308
2020-02-12,107,361.091896394265
2020-02-12,126,104.958390799577
2020-02-12,1028,779.227919820811
2020-02-12,566,638.271110744197
2020-02-12,828,241.590934639362
2020-02-12,281,557.634767125475
2020-02-12,575,695.049612996246
2020-02-12,643,731.917031137978
2020-02-12,903,556.166472221946
2020-02-12,311,279.242201474602
2020-02-12,239,307.341433795987
2020-02-12,203,356.410687045644
2020-02-12,364,456.611438653454
2020-02-12,1045,580.534796064905
2020-02-12,1219,716.758869016034
2020-02-12,794,664.147382235979
2020-02-12,1181,555.038074362981
2020-02-12,881,796.892844902747
2020-02-12,681,597.915541736968
2020-02-12,460,403.878186890303
2020-02-12,430,498.22043053704
2020-02-12,467,411.147815977322
2020-02-12,494,520.85233263821
2020-02-12,852,489.057874526874
2020-02-12,482,735.090988412155
2020-02-12,570,630.888080675421
2020-02-12,205,531.825662377067
2020-02-12,549,431.177866025692
2020-02-12,838,298.912261171295
2020-02-12,477,354.711001942448
2020-02-12,280,273.226230206833
2020-02-12,893,516.60184389809
2020-02-12,454,235.968209127187
2020-02-12,527,349.117705059785
2020-02-12,1102,397.545065140702
2020-02-12,447,288.475027499809
2020-02-12,532,488.714558795615
2020-02-12,495,446.790594888416
2020-02-12,457,397.341036813229
2020-02-12,166,340.216646747867
2020-02-12,372,379.031637451348
2020-02-12,598,373.586154512282
2020-02-12,913,841.968679627976
2020-02-12,846,605.555260581515
2020-02-12,464,475.570505142702
2020-02-12,542,591.937379568601
2020-02-12,598,520.499365791078
2020-02-12,357,348.189889175369
2020-02-12,1164,563.91900093255
2020-02-12,196,538.996128547622
2020-02-12,348,430.537805816
2020-02-12,775,700.391104925038
2020-02-12,258,425.680363121025
2020-02-12,1065,737.217216862495
2020-02-12,1362,584.465824865349
2020-02-12,1123,637.952916802883
2020-02-12,1087,598.57849606532
2020-02-12,1103,607.005989882776
2020-02-12,125,147.625641147038
2020-02-12,10,502.933492379752
2020-02-12,307,337.866375271157
2020-02-12,210,409.09190031015
2020-02-12,553,360.763077849288
2020-02-12,432,161.35707855276
2020-02-12,552,752.536333092174
2020-02-12,494,601.623488870446
2020-02-12,450,394.709381376775
2020-02-12,514,347.280755798475
2020-02-12,743,500.517231139366
2020-02-12,446,457.603177513811
2020-02-12,366,461.585960736661
2020-02-12,178,317.603117802125
2020-02-12,284,185.475125860055
2020-02-12,668,603.124720772678
2020-02-12,468,583.531016521337
2020-02-12,681,600.913126134144
2020-02-12,385,238.309495568477
2020-02-12,869,356.462915225704
2020-02-12,226,438.368707352771
2020-02-12,749,912.989980833043
2020-02-12,395,391.147509171741
2020-02-12,706,524.429924395133
2020-02-12,313,389.243812786419
2020-02-12,588,290.175363957775
2020-02-12,454,451.825026427495
2020-02-12,288,241.876809226739
2020-02-12,194,442.965232590792
2020-02-12,709,553.79141136075
2020-02-12,557,567.875557254696
2020-02-12,610,751.85383682275
2020-02-12,1195,458.608620528013
2020-02-12,494,611.272987273308
2020-02-12,686,698.085009749462
2020-02-12,650,476.764531308131
2020-02-12,793,522.317776798542
2020-02-12,237,288.128786802595
2020-02-12,271,329.924496544073
2020-02-12,398,397.04350197016
2020-02-12,396,283.010656734796
2020-02-12,451,462.998735854118
2020-02-12,681,390.959517839154
2020-02-12,582,451.363000844288
2020-02-12,442,400.285397038469
2020-02-12,728,381.807014491325
2020-02-12,477,585.18915158864
2020-02-12,101,159.6830272147
2020-02-12,376,381.79955940617
2020-02-12,693,336.917169866074
2020-02-12,547,573.253843766841
2020-02-12,613,442.060544758078
2020-02-12,367,446.777632065123
2020-02-12,620,486.174727240058
2020-02-12,451,706.785264370053
2020-02-12,588,291.595335023792
2020-02-12,297,134.704658120866
2020-02-12,172,147.854829721417
2020-02-12,539,411.974565177565
2020-02-12,284,293.250346208334
2020-02-12,487,400.962370941449
2020-02-12,1056,723.696378557684
2020-02-12,604,486.457461864696
2020-02-12,628,755.270428248352
2020-02-12,450,928.478687362538
2020-02-12,468,293.186260172905
2020-02-12,288,435.223296012904
2020-02-12,1240,540.540792748909
2020-02-12,989,672.949575876686
2020-02-12,389,504.441782264211
2020-02-12,676,405.728802789294
2020-02-12,776,421.084857205805
2020-02-12,304,602.53919354324
2020-02-12,1142,354.476829007152
2020-02-12,283,393.716297479489
2020-02-12,436,453.697508294395
2020-02-12,695,265.421952384615
2020-02-12,205,98.7689054501595
2020-02-12,447,463.069027478829
2020-02-12,495,264.774025234951
2020-02-12,811,579.290297910102
2020-02-12,342,235.304951543849
2020-02-12,374,460.584378838468
2020-02-12,585,249.559718549351
2020-02-12,258,281.183682277273
2020-02-12,1206,528.389273252
2020-02-12,328,193.576311829609
2020-02-12,584,687.745390055447
2020-02-12,295,434.593946861962
2020-02-12,540,386.481052249361
2020-02-12,437,415.483604852679
2020-02-12,574,597.398445294976
2020-02-12,194,485.251166612762
2020-02-12,956,473.714769979417
2020-02-12,664,467.489385436128
2020-02-12,354,412.963202069571
2020-02-12,124,449.106692982328
2020-02-12,469,479.353484814028
2020-02-12,409,153.471209193194
2020-02-12,198,183.791259532758
2020-02-12,225,244.072457966696
2020-02-12,454,462.771173826047
2020-02-12,595,202.377504965846
2020-02-12,569,408.060093802793
2020-02-12,528,348.588656281299
2020-02-12,308,374.195695249526
2020-02-12,69,206.185895532504
2020-02-12,890,692.127285635469
2020-02-12,446,440.388578967008
2020-02-12,271,800.728708909226
2020-02-12,480,530.295120333135
2020-02-12,781,771.863754826721
2020-02-12,363,517.418266381576
2020-02-12,456,444.964002592343
2020-02-12,346,293.410006787022
2020-02-12,165,459.289639917793
2020-02-12,1264,610.561048321749
2020-02-12,352,235.118753741972
2020-02-12,845,494.750087722247
2020-02-12,570,538.370839583689
2020-02-12,715,370.205817557547
2020-02-12,584,296.399100432444
2020-02-12,535,474.245357445817
2020-02-12,456,387.872685990567
2020-02-12,640,438.83448982247
2020-02-12,284,528.606593591121
2020-02-12,364,429.792680669342
2020-02-12,223,263.999871382422
2020-02-12,364,422.086051924261
2020-02-12,453,272.605123897798
2020-02-12,412,301.77888041448
2020-02-12,533,321.299855864526
2020-02-12,310,488.307014507144
2020-02-12,210,484.668386949196
2020-02-12,466,276.111178004249
2020-02-12,264,380.35228746768
2020-02-12,471,268.089466732516
2020-02-12,365,448.18602464219
2020-02-12,451,493.3353814755
2020-02-12,247,300.626079223177
2020-02-12,334,211.949742006987
2020-02-12,428,309.738355444006
2020-02-12,496,315.846599863755
2020-02-12,255,472.729826800079
2020-02-12,648,454.007082848375
2020-02-12,420,316.725492207655
2020-02-12,485,404.788436109724
2020-02-12,452,392.956927689498
2020-02-12,338,361.564012631756
2020-02-12,476,417.817258469541
2020-02-12,278,298.675078792707
2020-02-12,715,343.32876992512
2020-02-12,391,367.910426404894
2020-02-12,336,256.004654511473
2020-02-12,333,358.378890410978
2020-02-12,462,507.037288584418
2020-02-12,405,334.443132401662
2020-02-12,247,267.022271213204
2020-02-12,621,478.641434834508
2020-02-12,876,395.793565414852
2020-02-12,366,481.72541381473
2020-02-12,581,307.316779492009
2020-02-12,680,379.851349813479
2020-02-12,603,518.845672823995
2020-02-12,589,456.39618083561
2020-02-12,295,450.477999745045
2020-02-12,197,647.359355483666
2020-02-12,284,266.155232488297
2020-02-12,872,600.601572511669
2020-02-12,617,359.660008870926
2020-02-12,573,419.804404933351
2020-02-12,251,415.476056480053
2020-02-12,1146,503.521892543524
2020-02-12,1059,362.958367694648
2020-02-12,658,558.907497280908
2020-02-12,527,604.635304653219
2020-02-12,381,430.572300073916
2020-02-12,164,463.083883533188
2020-02-12,383,338.437466015538
2020-02-12,264,186.264717068675
2020-02-12,268,344.230992784123
2020-02-12,257,309.833615912285
2020-02-12,141,207.638636718909
2020-02-12,211,248.759573767689
2020-02-12,279,260.400554531296
2020-02-12,308,218.207785399755
2020-02-12,282,220.09581469699
2020-02-12,270,319.603324110386
2020-02-12,259,198.227550132338
2020-02-12,466,353.59121168015
2020-02-12,594,428.698985053577
2020-02-12,337,326.478188296261
2020-02-12,323,357.239089683757
2020-02-12,175,523.510398498032
2020-02-12,416,464.65749488437
2020-02-12,315,522.643951776369
2020-02-12,409,277.144616265691
2020-02-12,497,669.081206934702
2020-02-12,600,535.498664595137
2020-02-12,1291,481.274168702887
2020-02-12,1001,464.20882133752
2020-02-12,810,480.483340559976
2020-02-12,667,659.710648268059
2020-02-12,396,504.166632998773
2020-02-12,371,441.629633484979
2020-02-12,333,345.461757143581
2020-02-12,605,427.961978462221
2020-02-12,282,400.440414909851
2020-02-12,273,483.988174703079
2020-02-12,239,419.893864730815
2020-02-12,192,151.0973930522
2020-02-12,251,185.24992180592
2020-02-12,404,399.54907502262
2020-02-12,372,419.327494493078
2020-02-12,527,461.676142739697
2020-02-12,1205,533.963471301587
2020-02-12,779,514.117537542431
2020-02-12,721,379.041124530537
2020-02-12,136,331.914604374391
2020-02-12,185,368.364894030432
2020-02-12,467,503.416012845275
2020-02-12,369,488.438442026111
2020-02-12,346,306.454563592985
2020-02-12,798,384.515650262653
2020-02-12,421,599.828589116218
2020-02-12,506,590.17002084241
2020-02-12,403,330.893639325349
2020-02-12,636,507.135843845057
2020-02-12,324,385.294142697428
2020-02-12,164,464.422348907048
2020-02-12,473,421.694665804376
2020-02-12,357,356.973532898799
2020-02-12,473,307.445925137469
2020-02-12,429,259.360235050507
2020-02-12,279,506.463988017932
2020-02-12,383,380.951471116303
2020-02-12,515,301.430262577864
2020-02-12,765,305.373061474885
2020-02-12,325,425.141679113453
2020-02-12,271,433.884656206545
2020-02-12,523,417.975589431321
2020-02-12,394,270.118382876386
2020-02-12,543,376.940212357064
2020-02-12,742,643.729958889313
2020-02-12,195,295.630026566174
2020-02-12,530,398.7982702554
2020-02-12,619,531.667049368805
2020-02-12,646,442.322744708477
2020-02-12,328,449.125334659625
2020-02-12,585,549.91189053652
2020-02-12,500,580.05571160642
2020-02-12,941,538.510769728435
2020-02-12,436,689.288271220367
2020-02-12,929,638.78625892547
2020-02-12,996,472.348796104889
2020-02-12,1492,804.755258851422
2020-02-12,650,379.24368701052
2020-02-12,529,587.947215897221
2020-02-12,558,465.513636893478
2020-02-12,507,564.616460262234
2020-02-12,918,402.805818555166
2020-02-12,48,494.63353705958
2020-02-12,868,403.232222634676
2020-02-12,629,662.434991868518
2020-02-12,426,594.892417222448
2020-02-12,177,358.743217222019
2020-02-12,211,390.690125079488
2020-02-12,617,926.633206907861
2020-02-12,328,359.565879704847
2020-02-12,491,597.456133441128
2020-02-12,342,372.744074110526
2020-02-12,776,632.357693166364
2020-02-12,383,264.933821482157
2020-02-12,431,596.740305956408
2020-02-12,539,329.357981441733
2020-02-12,673,385.895569599107
2020-02-12,592,856.921550722181
2020-02-12,724,329.93152197743
2020-02-12,748,912.076161798883
2020-02-12,506,498.638701527101
2020-02-12,696,537.368352709163
2020-02-12,1001,694.737777709964
2020-02-12,416,569.478998388027
2020-02-12,727,622.28568045381
2020-02-12,359,317.060980719351
2020-02-12,800,630.050667281894
2020-02-12,436,567.737672827983
2020-02-12,409,586.199642860783
2020-02-12,487,600.183500197973
2020-02-12,687,524.081859512531
2020-02-12,509,185.690068995286
2020-02-12,448,386.412956400112
2020-02-12,185,203.7215673443
2020-02-12,736,335.114869985194
2020-02-12,218,380.089262109784
2020-02-12,284,276.697226243944
2020-02-12,280,347.911605675256
2020-02-12,652,567.418057250394
2020-02-12,588,386.228036169028
2020-02-12,367,452.934230450841
2020-02-12,212,542.470600100579
2020-02-12,316,166.544314005267
2020-02-12,826,756.772643175827
2020-02-12,678,545.857130402985
2020-02-12,259,412.970013417519
2020-02-12,336,283.101761357148
2020-02-12,316,238.847516091827
2020-02-12,680,468.236513844119
2020-02-12,553,758.751462755583
2020-02-12,327,340.880989246008
2020-02-12,637,585.674942568085
2020-02-12,831,584.135836304183
2020-02-12,391,413.86253553559
2020-02-12,385,343.575786990645
2020-02-12,400,449.862825985696
2020-02-12,174,318.480867492027
2020-02-12,651,380.202308953435
2020-02-12,308,271.677847289364
2020-02-12,326,315.989640486787
2020-02-12,332,330.794595522148
2020-02-12,517,453.510355402759
2020-02-12,560,398.852985041559
2020-02-12,365,475.202186464875
2020-02-12,483,341.489134562397
2020-02-12,577,371.378726426663
2020-02-12,512,345.556167026211
2020-02-12,283,450.860726906724
2020-02-12,612,508.394860352934
2020-02-12,570,471.895305528925
2020-02-12,321,339.527651718197
2020-02-12,336,410.979152608504
2020-02-12,468,494.317155319831
2020-02-12,276,561.959470455983
2020-02-12,604,385.80679366712
2020-02-12,219,337.636987421747
2020-02-12,409,362.353760419035
2020-02-12,478,554.037872594496
2020-02-12,543,518.234961144871
2020-02-12,214,433.278366905658
2020-02-12,237,309.016383507103
2020-02-12,338,302.548542246835
2020-02-12,464,588.877455337524
2020-02-12,471,388.414149124521
2020-02-12,528,235.542417283816
2020-02-12,854,385.117351008401
2020-02-12,289,392.724696152708
2020-02-12,432,489.523392749402
2020-02-12,885,416.117359572093
2020-02-12,328,325.648092823892
2020-02-12,353,530.600278119183
2020-02-12,328,286.076393412141
2020-02-12,520,665.353957642833
2020-02-12,369,574.396190238283
2020-02-12,340,257.501245083937
2020-02-12,564,463.167936211842
2020-02-12,1093,655.496367773792
2020-02-12,346,552.261983104902
2020-02-12,918,377.499133290499
2020-02-12,446,280.594017976482
2020-02-12,449,292.511180009808
2020-02-12,148,397.727111515204
2020-02-12,433,262.356777889503
2020-02-12,541,312.332607870563
2020-02-12,362,263.300556299397
2020-02-12,241,360.675565466196
2020-02-12,345,486.863679796547
2020-02-12,515,506.404374896709
2020-02-12,309,449.397807374584
2020-02-12,331,335.522868928361
2020-02-12,259,411.34093578147
2020-02-12,317,333.400025018613
2020-02-12,449,144.885960530253
2020-02-12,362,262.374639788229
2020-02-12,135,353.993192787755
2020-02-12,221,535.756038956509
2020-02-12,404,319.372672189042
2020-02-12,355,425.488109015847
2020-02-12,605,399.842466181321
2020-02-12,223,378.446015896226
2020-02-12,318,223.246385674427
2020-02-12,612,614.9652549374
2020-02-12,828,479.971699140861
2020-02-12,187,309.818210078033
2020-02-12,155,290.250540008127
2020-02-12,206,306.550680706265
2020-02-12,118,277.293218072724
2020-02-12,710,481.386354804869
2020-02-12,257,225.105781435375
2020-02-12,336,304.373802031438
2020-02-12,383,406.629254030233
2020-02-12,307,233.507577147443
2020-02-12,538,263.583545469135
2020-02-12,542,780.925083415121
2020-02-12,581,264.199649931839
2020-02-12,279,395.200232563944
2020-02-12,196,367.754886390054
2020-02-12,750,425.967395481683
2020-02-12,236,288.069913271746
2020-02-12,192,347.993426008402
2020-02-12,232,456.373766929364
2020-02-12,402,309.777557962491
2020-02-12,252,409.239872934893
2020-02-12,537,367.566539593758
2020-02-12,652,482.309754300164
2020-02-12,334,342.694781119235
2020-02-12,692,749.50304205677
2020-02-12,1021,718.499461750384
2020-02-12,482,557.243009393107
2020-02-12,1154,925.136162737755
2020-02-12,692,539.500508917129
2020-02-12,376,279.719340062313
2020-02-12,330,426.858041903685
2020-02-12,495,547.886266984558
2020-02-12,555,408.078853723865
2020-02-12,653,785.674073197059
2020-02-12,844,830.493714115696
2020-02-12,162,240.354009585448
2020-02-12,0,495.483420602245
2020-02-12,634,478.540606404656
2020-02-12,1465,858.978353101928
2020-02-12,859,710.383592424569
2020-02-12,286,794.519615549395
2020-02-12,429,568.752786808801
2020-02-12,561,556.699436025756
2020-02-12,668,645.106494258835
2020-02-12,345,484.042212711713
2020-02-12,1084,831.151770075167
2020-02-12,394,443.670417171659
2020-02-12,829,341.874329233335
2020-02-12,844,772.688425765821
2020-02-12,655,519.622101918181
2020-02-12,459,591.070533085436
2020-02-12,262,165.672639816422
2020-02-12,580,367.923438832931
2020-02-12,354,468.572432402031
2020-02-12,501,527.193028600882
2020-02-12,379,726.35760059311
2020-02-12,564,584.484974785702
2020-02-12,1098,426.044134690699
2020-02-12,292,206.331980156117
2020-02-12,523,223.73184451456
2020-02-12,443,204.660813501287
2020-02-12,144,468.330007863715
2020-02-12,709,325.363695038324
2020-02-12,490,389.321163964415
2020-02-12,194,518.424491216961
2020-02-12,1599,705.454737654861
2020-02-12,449,780.435647536689
2020-02-12,638,489.275927535049
2020-02-12,1232,1031.56418554161
2020-02-12,1059,676.97684997089
2020-02-12,897,750.345281269173
2020-02-12,924,550.373730102075
2020-02-12,581,708.917878063495
2020-02-12,700,559.539966782953
2020-02-12,160,230.000611963177
2020-02-12,348,271.838770221599
2020-02-12,464,310.323951497328
2020-02-12,404,416.397787649572
2020-02-12,341,267.600080726503
2020-02-12,277,384.892988815303
2020-02-12,521,200.530267978234
2020-02-12,215,243.85982183741
2020-02-12,784,502.803995741182
2020-02-12,198,366.095227077034
2020-02-12,308,81.5559850250894
2020-02-12,502,383.008452046098
2020-02-12,281,413.907191806628
2020-02-12,355,554.858736436798
2020-02-12,340,342.906499926383
2020-02-12,384,279.644170334027
2020-02-12,457,332.812932178672
2020-02-12,878,676.061592354197
2020-02-12,266,231.126218089999
2020-02-12,212,220.167267474187
2020-02-12,257,327.242394366821
2020-02-12,134,362.378141613807
2020-02-12,245,180.750955838982
2020-02-12,238,218.820800901595
2020-02-12,151,213.758924095062
2020-02-12,263,303.927916053696
2020-02-12,50,233.981778937163
2020-02-12,126,142.990755421986
2020-02-12,188,158.84072333035
2020-02-12,129,164.0121298422
2020-02-12,115,105.12227240952
2020-02-12,118,196.288458889699
2020-02-12,202,123.415824547556
2020-02-12,181,162.453398553953
2020-02-12,132,94.719090154144
2020-02-12,213,277.822735960911
2020-02-12,277,174.476634548651
2020-02-12,314,373.799378242133
2020-02-12,230,229.817110745757
2020-02-12,204,201.04662099455
2020-02-12,154,170.442248526415
2020-02-12,212,214.673675362857
2020-02-12,199,238.343547997627
2020-02-12,249,239.848541801108
2020-02-12,274,278.600490090298
2020-02-12,176,307.752766433457
2020-02-12,285,274.346186028623
2020-02-12,213,213.594057905041
2020-02-12,309,371.717821709263
2020-02-12,382,271.618309648273
2020-02-12,363,327.159261406309
2020-02-12,384,267.975296032097
2020-02-12,352,261.377522365839
2020-02-12,373,275.400243528767
2020-02-12,291,369.696721010851
2020-02-12,383,308.408057709858
2020-02-12,243,242.710525912215
2020-02-12,485,313.118287838445
2020-02-12,468,374.939428491147
2020-02-12,616,456.740231256729
2020-02-12,759,433.129663183276
2020-02-12,673,388.135636294521
2020-02-12,418,333.859960342049
2020-02-12,491,501.959613261998
2020-02-12,603,484.408085243221
2020-02-12,641,404.798157967975
2020-02-12,339,409.457954258455
2020-02-12,590,441.78927766713
2020-02-12,467,470.38435597104
2020-02-12,857,387.099204113053
2020-02-12,660,353.833175652262
2020-02-12,487,360.946338466313
2020-02-12,9,554.260187316152
2020-02-12,72,420.427821018732
2020-02-12,696,423.215071733686
2020-02-12,78,342.213627881569
2020-02-12,875,408.81548915502
2020-02-12,472,403.645417352811
2020-02-12,692,387.528332797663
2020-02-12,537,494.206718916865
2020-02-12,528,419.047039601693
2020-02-12,462,599.24794904206
2020-02-12,360,517.604316909267
2020-02-12,1003,424.269484299389
2020-02-12,252,384.009906309347
2020-02-12,371,472.1949344566
2020-02-12,233,372.52084766149
2020-02-12,600,221.973566279146
2020-02-12,463,405.18283140359
2020-02-12,302,351.595424729871
2020-02-12,452,450.5048954622
2020-02-12,228,478.971284677422
2020-02-12,221,276.443955390784
2020-02-12,256,323.6836179801
2020-02-12,298,400.453967578982
2020-02-12,447,304.466205190495
2020-02-12,540,443.945816845661
2020-02-12,803,646.458887397619
2020-02-12,434,495.743204108762
2020-02-12,584,447.425682713489
2020-02-12,578,350.537199452194
2020-02-12,685,396.592235101909
2020-02-12,201,251.464349826558
2020-02-12,263,355.33213819739
2020-02-12,256,261.762312802396
2020-02-12,250,196.71616458612
2020-02-12,111,257.897840099756
2020-02-12,498,308.260350281302
2020-02-12,1251,373.434245900579
2020-02-12,403,461.096949514099
2020-02-12,304,360.456635094112
2020-02-12,455,329.542841955467
2020-02-12,467,332.194635505439
2020-02-12,388,472.607349700855
2020-02-12,536,399.195674192952
2020-02-12,246,195.517130609356
2020-02-12,715,146.177686764091
2020-02-12,532,343.045787449453
2020-02-12,682,376.454104467445
2020-02-12,416,372.022406880045
2020-02-12,389,309.315480842604
2020-02-12,359,276.527379252623
2020-02-12,349,311.834580473865
2020-02-12,185,211.707811198652
2020-02-12,327,289.698005530981
2020-02-12,406,471.802509980157
2020-02-12,329,363.971529288138
2020-02-12,276,343.009313101775
2020-02-12,418,601.965919937513
2020-02-12,526,431.559520683373
2020-02-12,289,390.524267242688
2020-02-12,633,466.187373975105
2020-02-12,499,261.303357640909
2020-02-12,254,369.298087640362
2020-02-12,715,376.285339623212
2020-02-12,584,360.810926046198
2020-02-12,219,336.311836168778
2020-02-12,286,307.823378667338
2020-02-12,154,184.275191680113
2020-02-12,52,242.239472166265
2020-02-12,246,248.75274241605
2020-02-12,391,318.573559198268
2020-02-12,199,179.39025824947
2020-02-12,179,206.138926706267
2020-02-12,305,273.831377789673
2020-02-12,116,277.319415530904
2020-02-12,201,159.167705997168
2020-02-12,280,240.879946995879
2020-02-12,168,233.810088921456
2020-02-12,228,309.345550337355
2020-02-12,464,254.279604356101
2020-02-12,171,198.848031649718
2020-02-12,262,313.405253682396
2020-02-12,463,321.117354917493
2020-02-12,210,367.901808260457
2020-02-12,304,268.21119495275
2020-02-12,79,336.302550742915
2020-02-12,325,228.56349345358
2020-02-12,261,256.132146888328
2020-02-12,623,361.098675160092
2020-02-12,541,430.822415839426
2020-02-12,148,357.016790624667
2020-02-12,444,429.301989784307
2020-02-12,231,306.310728784534
2020-02-12,459,285.332591323708
2020-02-12,633,439.330722647964
2020-02-12,800,451.030420353426
2020-02-12,119,231.12876422003
2020-02-12,180,266.239177743814
2020-02-12,314,313.274630586921
2020-02-12,591,271.698941038671
2020-02-12,406,388.757952941014
2020-02-12,196,309.099496887234
2020-02-12,231,327.444957227347
2020-02-12,394,275.34524291117
2020-02-12,221,322.332161570497
2020-02-12,221,338.041781086521
2020-02-12,310,325.331515320458
2020-02-12,282,340.00242725829
2020-02-12,435,361.701223149233
2020-02-12,368,340.41331529639
2020-02-12,418,363.449434469478
2020-02-12,284,378.750209386147
2020-02-12,352,473.979692962564
2020-02-12,358,321.633060450057
2020-02-12,362,214.020059342913
2020-02-12,291,428.112363740247
2020-02-12,251,370.116597999441
2020-02-12,629,444.857647748268
2020-02-12,404,262.676032225419
2020-02-12,279,251.733867852424
2020-02-12,360,329.829404852726
2020-02-12,379,430.178844009622
2020-02-12,528,435.287497918673
2020-02-12,459,413.275418760838
2020-02-12,216,248.121937536696
2020-02-12,439,302.968212607216
2020-02-12,614,376.51226748228
2020-02-12,259,331.893440550694
2020-02-12,895,402.61792451054
2020-02-12,772,363.965824174099
2020-02-12,811,685.506291299364
2020-02-12,764,555.133451509221
2020-02-12,391,338.808276729685
2020-02-12,409,368.536630750212
2020-02-12,616,279.200530239751
2020-02-12,625,273.759977327792
2020-02-12,422,383.390332187338
2020-02-12,169,346.393992149885
2020-02-12,293,203.011028253386
2020-02-12,347,265.014673826743
2020-02-12,538,314.48145959027
2020-02-12,255,324.598998741316
2020-02-12,297,282.156591494001
2020-02-12,243,502.669948461521
2020-02-12,155,262.811442936424
2020-02-12,390,308.451733531313
2020-02-12,107,179.409516691732
2020-02-12,242,178.892184547185
2020-02-12,372,270.288799134283
2020-02-12,213,178.644932176768
2020-02-12,179,262.5595606506
2020-02-12,284,261.125635153357
2020-02-12,386,258.81096472077
2020-02-12,390,243.595620659376
2020-02-12,182,223.805026260355
2020-02-12,640,218.264922500096
2020-02-12,353,213.621244461596
2020-02-12,128,242.89741524142
2020-02-12,87,408.868234742166
2020-02-12,93,153.097855085492
2020-02-12,51,105.897987154573
2020-02-12,105,164.694884223808
2020-02-12,373,243.206976610128
2020-02-12,263,277.130297740789
2020-02-12,110,188.321930432039
2020-02-12,341,261.260972727956
2020-02-12,230,191.253702155913
2020-02-12,365,266.18234126154
2020-02-12,417,221.076543931609
2020-02-12,410,258.57245789725
2020-02-12,411,343.427990851951
2020-02-12,288,333.369059158817
2020-02-12,415,286.624503320542
2020-02-12,234,293.246797991477
2020-02-12,381,339.489664212554
2020-02-12,704,260.900243654073
2020-02-12,366,260.527098268044
2020-02-12,339,282.991567860882
2020-02-12,217,259.774660126253
2020-02-12,180,221.745488366117
2020-02-12,212,177.561324336012
2020-02-12,137,208.049695327836
2020-02-12,420,232.713226271251
2020-02-12,266,275.982920675928
2020-02-12,312,290.273040155345
2020-02-12,401,344.090946552672
2020-02-12,344,293.58264912551
2020-02-12,550,436.010728183005
2020-02-12,482,298.24950250802
2020-02-12,477,461.805692011676
2020-02-12,704,419.441007722968
2020-02-12,691,287.181773822378
2020-02-12,546,465.416638899327
2020-02-12,186,248.610504502804
2020-02-12,248,308.964411124922
2020-02-12,282,420.301240555439
2020-02-12,345,420.804080638024
2020-02-12,731,396.077160770022
2020-02-12,307,359.0265152025
2020-02-12,705,311.024413641412
2020-02-12,520,380.059430375669
2020-02-12,385,377.199758183269
2020-02-12,433,433.738945119084
2020-02-12,473,399.468261822747
2020-02-12,489,274.597652994265
2020-02-12,309,330.175148228766
2020-02-12,423,337.646267648919
2020-02-12,329,306.840194432783
2020-02-12,567,362.837351938967
2020-02-12,516,288.674282372079
2020-02-12,358,318.334220613705
2020-02-12,205,378.180981741047
2020-02-12,769,485.138946624182
2020-02-12,321,397.375890059539
2020-02-12,379,435.713888658268
2020-02-12,332,335.133694253022
2020-02-12,553,407.143763310619
2020-02-12,765,471.137831921028
2020-02-12,394,638.104638531681
2020-02-12,520,790.60475046239
2020-02-12,410,594.997970779395
2020-02-12,283,383.506464232429
2020-02-12,561,429.053341354459
2020-02-12,488,351.432814939249
2020-02-12,795,592.165608373897
2020-02-12,693,379.753646444247
2020-02-12,910,606.000935219119
2020-02-12,593,373.645407860483
2020-02-12,786,297.793717069271
2020-02-12,696,585.465442174026
2020-02-12,530,413.703858182017
2020-02-12,610,439.679040863075
2020-02-12,492,513.221543180035
2020-02-12,711,563.933671332455
2020-02-12,555,422.225886732402
2020-02-12,510,338.689931852624
2020-02-12,580,508.27958785669
2020-02-12,894,605.773580050152
2020-02-12,571,360.00504890127
2020-02-12,525,531.203677919543
2020-02-12,676,520.074703356039
2020-02-12,460,501.533371962652
2020-02-12,628,662.694185117943
2020-02-12,594,718.993214903453
2020-02-12,423,407.799330501133
2020-02-12,638,654.487892909932
2020-02-12,871,508.958444864765
2020-02-12,382,402.541785306801
2020-02-12,483,392.951921137166
2020-02-12,572,490.271294391213
2020-02-12,743,397.347650029799
2020-02-12,506,522.015946008075
2020-02-12,967,299.922426914901
2020-02-12,498,461.663609551866
2020-02-12,488,304.288607928244
2020-02-12,298,532.855985107204
2020-02-12,378,275.580964565486
2020-02-12,586,549.840406275699
2020-02-12,480,514.453138840117
2020-02-12,810,403.557236440881
2020-02-12,663,392.955127336099
2020-02-12,661,426.738995427901
2020-02-12,768,571.958423569455
2020-02-12,335,487.665419696332
2020-02-12,333,469.527028749737
2020-02-12,685,339.126891918993
2020-02-12,375,356.690518662696
2020-02-12,857,605.639191391882
2020-02-12,456,324.135349193945
2020-02-12,732,637.218178898283
2020-02-12,241,551.038459251238
2020-02-12,694,342.210814602225
2020-02-12,458,405.216449786725
2020-02-12,661,502.476833781513
2020-02-12,816,371.002545868924
2020-02-12,645,535.852047527213
2020-02-12,729,509.456291200213
2020-02-12,369,522.367239659832
2020-02-12,611,619.196679563593
2020-02-12,702,460.398859649286
2020-02-12,536,378.424559388096
2020-02-12,1155,551.077709864732
2020-02-12,871,633.741615944626
2020-02-12,509,458.302608104408
2020-02-12,688,486.816248105833
2020-02-12,751,418.40620890713
2020-02-12,943,531.360251686783
2020-02-12,838,699.867625706577
2020-02-12,409,591.719297082989
2020-02-12,578,367.496865667676
2020-02-12,540,352.279123058004
2020-02-12,685,440.398461758623
2020-02-12,666,413.63911664967
2020-02-12,398,402.823511944416
2020-02-12,415,356.23115124169
2020-02-12,821,334.205449405361
2020-02-12,50,752.548005896772
2020-02-12,807,509.839734972582
2020-02-12,638,551.53347051939
2020-02-12,126,398.40636230651
2020-02-12,229,225.843423039637
2020-02-12,754,773.226657336232
2020-02-12,644,444.322107774033
2020-02-12,818,406.963383301165
2020-02-12,289,512.726718706623
2020-02-12,262,267.82706708564
2020-02-12,580,413.439189398012
2020-02-12,261,583.49271640083
2020-02-12,498,332.047928348001
2020-02-12,259,506.327371730558
2020-02-12,139,881.960420088388
2020-02-12,431,825.08495942621
2020-02-12,404,675.072271273656
2020-02-12,279,202.106862582113
2020-02-12,159,130.311685307059
2020-02-12,114,142.50895439781
2020-02-12,153,272.773268373299
2020-02-12,267,179.529221851488
2020-02-12,391,423.009166976638
2020-02-12,765,688.468102220182
2020-02-12,338,1163.19348265237
2020-02-12,20,548.831806748852
2020-02-12,70,1226.52594527353
2020-02-12,60,786.289932876656
2020-02-12,45,217.101475571907
2020-02-12,129,331.740969677633
2020-02-12,12,252.167836936264
2020-02-12,125,603.77127503544
2020-02-12,107,671.401266034977
2020-02-12,192,1166.95530813819
2020-02-12,27,632.671413130318
2020-02-13,535,322.308454084365
2020-02-13,297,343.701149293972
2020-02-13,287,379.113482611134
2020-02-13,373,280.344960544142
2020-02-13,412,257.349512213515
2020-02-13,241,247.264119695896
2020-02-13,194,192.639716847137
2020-02-13,204,191.01936485645
2020-02-13,104,110.00305868583
2020-02-13,276,342.401162396392
2020-02-13,167,231.674923956872
2020-02-13,156,208.032318045893
2020-02-13,226,127.978556402533
2020-02-13,226,457.705045841029
2020-02-13,233,203.149909283947
2020-02-13,250,224.894455755987
2020-02-13,307,223.208814326377
2020-02-13,370,368.161381620793
2020-02-13,269,332.473325804996
2020-02-13,339,328.513617674183
2020-02-13,268,358.034745036155
2020-02-13,183,342.031505072189
2020-02-13,348,200.877286079204
2020-02-13,229,243.739799476936
2020-02-13,394,588.586172664662
2020-02-13,376,439.185206855835
2020-02-13,257,243.304879638956
2020-02-13,507,314.524424475958
2020-02-13,479,273.21994128646
2020-02-13,578,441.021258694447
2020-02-13,619,432.678871174921
2020-02-13,514,573.854916163679
2020-02-13,345,243.283604394581
2020-02-13,295,400.684378260169
2020-02-13,223,360.147277241439
2020-02-13,194,353.045749813527
2020-02-13,425,559.909616389906
2020-02-13,495,627.924565006106
2020-02-13,409,461.80796915066
2020-02-13,309,323.914599341097
2020-02-13,587,346.111921661112
2020-02-13,332,312.186934682233
2020-02-13,522,407.421147486748
2020-02-13,390,318.572809845102
2020-02-13,338,343.607031338341
2020-02-13,387,900.065188392836
2020-02-13,398,648.842732280335
2020-02-13,435,552.712351922354
2020-02-13,439,498.445353379491
2020-02-13,254,288.864833310021
2020-02-13,662,250.736513359446
2020-02-13,240,234.182970669726
2020-02-13,489,397.372586560286
2020-02-13,661,301.277625356024
2020-02-13,269,367.180944801783
2020-02-13,465,527.872762487525
2020-02-13,527,492.866374944743
2020-02-13,207,247.722163351314
2020-02-13,295,237.858688205527
2020-02-13,319,305.037987432352
2020-02-13,242,368.352897538001
2020-02-13,341,310.766891149922
2020-02-13,792,604.099147084617
2020-02-13,1060,524.510209700813
2020-02-13,374,532.049082927888
2020-02-13,607,515.113743484111
2020-02-13,527,467.091107454757
2020-02-13,587,468.057398033419
2020-02-13,241,190.468854619273
2020-02-13,758,345.809997662519
2020-02-13,599,425.339804799254
2020-02-13,694,366.292507551949
2020-02-13,893,528.827711494946
2020-02-13,326,390.601247772007
2020-02-13,343,308.822647549187
2020-02-13,323,498.527105803792
2020-02-13,584,613.662069216033
2020-02-13,409,434.85188029558
2020-02-13,625,500.777180067673
2020-02-13,866,699.156797107297
2020-02-13,522,308.952448173611
2020-02-13,595,336.486300038049
2020-02-13,116,421.201572992185
2020-02-13,464,465.936576879258
2020-02-13,278,366.855901514019
2020-02-13,347,186.155271710155
2020-02-13,371,462.953533914848
2020-02-13,245,293.124200844476
2020-02-13,375,365.814235334174
2020-02-13,181,529.065169345182
2020-02-13,526,287.693307037745
2020-02-13,748,435.126956684973
2020-02-13,324,576.534047188741
2020-02-13,393,679.053971113053
2020-02-13,1652,849.980116318294
2020-02-13,1088,823.407720507571
2020-02-13,862,997.827418912964
2020-02-13,1076,643.315878470378
2020-02-13,930,942.781438533806
2020-02-13,895,677.069213651767
2020-02-13,567,594.349806095392
2020-02-13,499,684.067428978168
2020-02-13,631,455.318263727141
2020-02-13,219,300.72143362374
2020-02-13,660,462.448243805025
2020-02-13,546,845.384985734683
2020-02-13,365,459.50380892151
2020-02-13,663,573.231462758052
2020-02-13,356,225.208579548732
2020-02-13,304,285.592455834203
2020-02-13,248,292.668347292962
2020-02-13,231,295.521221362516
2020-02-13,374,152.680150078909
2020-02-13,256,277.42945484649
2020-02-13,337,328.564080566477
2020-02-13,345,364.588457787649
2020-02-13,970,775.39559003746
2020-02-13,915,731.290853887537
2020-02-13,976,882.07340536819
2020-02-13,878,1216.91053834941
2020-02-13,540,831.405194569345
2020-02-13,1502,1261.50121958828
2020-02-13,2021,708.075115250297
2020-02-13,1633,793.808061883437
2020-02-13,859,889.181008475104
2020-02-13,1114,672.990945580196
2020-02-13,1205,785.275915933763
2020-02-13,252,332.76147611813
2020-02-13,144,453.114045456736
2020-02-13,0,341.526552631301
2020-02-13,18,1460.08303009916
2020-02-13,607,565.730766555807
2020-02-13,549,822.485800603861
2020-02-13,496,363.104594504309
2020-02-13,558,516.663816311993
2020-02-13,929,1078.42984940865
2020-02-13,523,721.299268817905
2020-02-13,967,660.416056166957
2020-02-13,445,527.587670290936
2020-02-13,523,515.119574821323
2020-02-13,563,492.44084975383
2020-02-13,517,426.938505689805
2020-02-13,767,558.984764094888
2020-02-13,354,650.087328608617
2020-02-13,1355,564.956738149071
2020-02-13,668,485.147328894814
2020-02-13,554,318.139844690212
2020-02-13,443,335.038446583435
2020-02-13,907,320.300674125294
2020-02-13,510,254.110592985055
2020-02-13,369,303.126424118025
2020-02-13,375,171.104287418479
2020-02-13,293,326.908284647346
2020-02-13,303,328.620364049266
2020-02-13,540,629.591648526498
2020-02-13,375,344.756240989747
2020-02-13,743,716.669776506371
2020-02-13,421,488.250935602942
2020-02-13,475,480.909156982301
2020-02-13,247,485.105252273982
2020-02-13,505,594.605092282027
2020-02-13,654,483.179273134898
2020-02-13,351,308.031693915286
2020-02-13,600,468.803282635246
2020-02-13,200,512.571039533585
2020-02-13,630,532.675639740536
2020-02-13,317,602.818625855763
2020-02-13,660,356.842786512703
2020-02-13,456,667.28628734422
2020-02-13,927,925.893299713283
2020-02-13,1047,517.817769602725
2020-02-13,856,697.140487787942
2020-02-13,923,567.010846264082
2020-02-13,480,322.195787892738
2020-02-13,534,228.842303683733
2020-02-13,273,344.020971995154
2020-02-13,755,593.763707696098
2020-02-13,278,327.818582316497
2020-02-13,522,328.877329071096
2020-02-13,409,430.472501896692
2020-02-13,844,602.125107053534
2020-02-13,1017,648.083374828588
2020-02-13,720,478.727556602419
2020-02-13,724,572.035963610915
2020-02-13,522,516.294548277493
2020-02-13,185,568.186358976873
2020-02-13,189,287.962639950766
2020-02-13,264,333.814481137531
2020-02-13,681,389.469601306715
2020-02-13,332,415.24552060322
2020-02-13,694,476.968658233254
2020-02-13,829,442.564218055802
2020-02-13,197,305.652411071759
2020-02-13,371,258.393152956472
2020-02-13,377,177.487829464251
2020-02-13,306,169.294197676846
2020-02-13,363,376.238604777902
2020-02-13,219,463.865824805093
2020-02-13,251,279.002841605454
2020-02-13,483,348.917152347887
2020-02-13,1065,295.376688604021
2020-02-13,358,212.684133454364
2020-02-13,626,160.753306603383
2020-02-13,110,120.40759541749
2020-02-13,419,934.093672646992
2020-02-13,956,682.592347751307
2020-02-13,709,415.630962522825
2020-02-13,420,171.148029264369
2020-02-13,1271,857.760568619911
2020-02-13,236,380.580989558047
2020-02-13,326,323.288617508421
2020-02-13,314,355.907619762374
2020-02-13,237,281.876785287169
2020-02-13,585,292.555276212767
2020-02-13,352,400.720865751506
2020-02-13,292,341.353793075965
2020-02-13,344,262.90239178525
2020-02-13,216,228.446160699437
2020-02-13,162,763.927035035286
2020-02-13,264,626.522540622638
2020-02-13,650,347.97931979619
2020-02-13,422,851.869123633696
2020-02-13,415,602.358053272789
2020-02-13,545,600.629212970954
2020-02-13,810,588.519371222439
2020-02-13,1064,980.984765228002
2020-02-13,409,494.259963558751
2020-02-13,618,727.752532119192
2020-02-13,587,314.75749112962
2020-02-13,327,309.919668132167
2020-02-13,243,583.510209927126
2020-02-13,974,620.802163001137
2020-02-13,452,856.485075954772
2020-02-13,637,454.020904078181
2020-02-13,850,366.975813494278
2020-02-13,596,633.807981863429
2020-02-13,507,717.781639996032
2020-02-13,309,126.230576582425
2020-02-13,1205,535.182777330448
2020-02-13,1222,612.153874002561
2020-02-13,1339,902.614818179502
2020-02-13,611,875.138300112881
2020-02-13,985,584.053474231988
2020-02-13,1304,1067.13304298315
2020-02-13,829,401.272849901359
2020-02-13,512,763.006539920449
2020-02-13,574,523.481830135415
2020-02-13,217,933.310505647006
2020-02-13,452,397.394301004848
2020-02-13,796,756.551795107595
2020-02-13,777,877.814523934486
2020-02-13,917,914.875914292098
2020-02-13,786,559.321051939074
2020-02-13,963,553.102067620101
2020-02-13,1605,761.745632562871
2020-02-13,1057,334.24140547268
2020-02-13,670,440.719320852155
2020-02-13,622,328.391412192256
2020-02-13,330,703.282839966646
2020-02-13,383,515.982073745761
2020-02-13,308,424.543821881262
2020-02-13,70,309.563229886038
2020-02-13,0,261.951527634554
2020-02-13,196,187.494450970475
2020-02-13,171,384.817651783558
2020-02-13,232,161.211672351607
2020-02-13,114,315.301885327709
2020-02-13,376,358.77000541014
2020-02-13,376,390.856065810082
2020-02-13,609,272.261873434968
2020-02-13,370,301.221041217703
2020-02-13,498,390.402916917199
2020-02-13,504,365.815443643444
2020-02-13,414,364.252718616181
2020-02-13,402,261.171922576878
2020-02-13,573,381.545417600281
2020-02-13,243,202.432557823226
2020-02-13,249,215.973804106056
2020-02-13,193,426.006273722358
2020-02-13,200,209.67975058455
2020-02-13,696,442.466567469199
2020-02-13,248,265.680811445943
2020-02-13,470,325.678759164799
2020-02-13,352,297.306606681576
2020-02-13,673,579.596500042282
2020-02-13,401,361.970429257853
2020-02-13,424,499.584859486068
2020-02-13,556,310.649470240201
2020-02-13,555,412.432270046471
2020-02-13,879,843.152808199215
2020-02-13,879,534.42174661848
2020-02-13,1018,667.204382225849
2020-02-13,313,378.17276442603
2020-02-13,926,666.325870206738
2020-02-13,1166,848.317782235408
2020-02-13,925,468.761222707827
2020-02-13,346,499.657906417647
2020-02-13,491,502.935476560756
2020-02-13,930,548.882329494558
2020-02-13,1137,648.27405636883
2020-02-13,467,630.298882489553
2020-02-13,396,473.035924368686
2020-02-13,481,502.543654609806
2020-02-13,370,646.626503545473
2020-02-13,709,384.020133734859
2020-02-13,551,467.165059885176
2020-02-13,362,280.606199248051
2020-02-13,272,297.230320623656
2020-02-13,285,505.697050888812
2020-02-13,388,294.459059539662
2020-02-13,603,408.054278238787
2020-02-13,326,365.139835238511
2020-02-13,260,430.602925997394
2020-02-13,491,328.056540693093
2020-02-13,304,435.594391896821
2020-02-13,302,382.715972219397
2020-02-13,409,429.294388650287
2020-02-13,442,360.121290801615
2020-02-13,558,443.349709201315
2020-02-13,392,284.542758876613
2020-02-13,306,413.258233768104
2020-02-13,226,517.298571987375
2020-02-13,325,394.538447685203
2020-02-13,396,543.657557130785
2020-02-13,408,349.021990166448
2020-02-13,606,437.241602815008
2020-02-13,291,424.813889011123
2020-02-13,254,380.588770724807
2020-02-13,845,394.290925992506
2020-02-13,586,598.398737554597
2020-02-13,756,501.886914575355
2020-02-13,760,661.955894287972
2020-02-13,705,620.078263112604
2020-02-13,666,502.774700000323
2020-02-13,437,438.667934476032
2020-02-13,373,663.060785673259
2020-02-13,706,764.008427441617
2020-02-13,958,725.909238898196
2020-02-13,729,552.141030947832
2020-02-13,749,570.696742019673
2020-02-13,314,214.270488096849
2020-02-13,632,333.536522497616
2020-02-13,354,384.355659052676
2020-02-13,606,608.797876006203
2020-02-13,468,550.955558032369
2020-02-13,577,602.779211507696
2020-02-13,374,322.203978230706
2020-02-13,262,363.315796815586
2020-02-13,467,291.920635410657
2020-02-13,770,715.458705209232
2020-02-13,741,360.951222018368
2020-02-13,626,650.062028535719
2020-02-13,434,480.096323842162
2020-02-13,726,808.817115937084
2020-02-13,1071,770.462157299069
2020-02-13,644,700.282021184008
2020-02-13,470,693.119162728186
2020-02-13,866,728.684994992876
2020-02-13,705,690.107701041297
2020-02-13,647,723.795038007164
2020-02-13,1310,864.20048097674
2020-02-13,940,740.471945482069
2020-02-13,549,606.873501183966
2020-02-13,518,610.52502585417
2020-02-13,728,645.320550001719
2020-02-13,1464,632.512644945349
2020-02-13,934,686.81374575563
2020-02-13,878,841.027327828412
2020-02-13,613,394.306512102381
2020-02-13,248,742.872167393664
2020-02-13,180,278.764372152924
2020-02-13,722,838.920870701058
2020-02-13,626,746.059663586283
2020-02-13,672,452.475242220582
2020-02-13,1511,725.343855518712
2020-02-13,458,509.125685206408
2020-02-13,863,623.11654417956
2020-02-13,206,282.120433604073
2020-02-13,348,159.964634952151
2020-02-13,847,556.977110272545
2020-02-13,137,407.645458030076
2020-02-13,421,671.191575642879
2020-02-13,557,302.817730548799
2020-02-13,791,423.32533150595
2020-02-13,638,512.65098815954
2020-02-13,720,489.707407320726
2020-02-13,678,620.017810777291
2020-02-13,659,866.821407219153
2020-02-13,575,341.601051453817
2020-02-13,521,444.858344100725
2020-02-13,503,653.504508382918
2020-02-13,573,519.219238212871
2020-02-13,393,424.674902746264
2020-02-13,875,334.782292931266
2020-02-13,712,912.402892019869
2020-02-13,1064,626.880292419748
2020-02-13,595,617.030611923767
2020-02-13,425,297.349015571246
2020-02-13,689,609.993966623084
2020-02-13,634,997.351910504655
2020-02-13,2015,1106.91582231111
2020-02-13,1336,678.602340094736
2020-02-13,1066,950.406459037267
2020-02-13,272,1084.82740136587
2020-02-13,413,347.976405056151
2020-02-13,428,499.679215382703
2020-02-13,344,302.759421723591
2020-02-13,312,335.344264492382
2020-02-13,472,576.710153327352
2020-02-13,456,560.385586740713
2020-02-13,919,663.083249696483
2020-02-13,788,704.612957935654
2020-02-13,424,467.284547955337
2020-02-13,606,453.519391105415
2020-02-13,513,758.656247850614
2020-02-13,694,597.84028114657
2020-02-13,1176,644.957743912131
2020-02-13,797,509.128410331271
2020-02-13,560,595.814060796828
2020-02-13,668,798.024114139408
2020-02-13,547,777.355664142409
2020-02-13,635,547.942066063354
2020-02-13,658,864.848990449485
2020-02-13,1407,823.575653893121
2020-02-13,672,434.041883237449
2020-02-13,542,458.34535657017
2020-02-13,715,633.407159486561
2020-02-13,588,626.488363568723
2020-02-13,374,314.197989574839
2020-02-13,532,436.172886217031
2020-02-13,472,625.330851390491
2020-02-13,653,453.263891992153
2020-02-13,328,569.680457924922
2020-02-13,618,455.81643047936
2020-02-13,528,676.826705350015
2020-02-13,1196,538.661965347485
2020-02-13,959,704.087458480046
2020-02-13,1582,513.606080174625
2020-02-13,683,712.491112869727
2020-02-13,1554,811.944410638542
2020-02-13,854,962.002282164412
2020-02-13,1198,922.319354986251
2020-02-13,1047,703.805138817749
2020-02-13,368,673.771626572626
2020-02-13,619,507.051842202229
2020-02-13,666,522.028595261947
2020-02-13,198,116.524929856975
2020-02-13,654,660.119251614636
2020-02-13,1016,813.039372659465
2020-02-13,1124,525.75038381478
2020-02-13,591,786.219168713006
2020-02-13,2381,812.450293581398
2020-02-13,281,333.579790337015
2020-02-13,930,949.471776976305
2020-02-13,233,706.028949457426
2020-02-13,172,242.477308100018
2020-02-13,276,285.933866577987
2020-02-13,256,335.056887514045
2020-02-13,368,158.230032757592
2020-02-13,417,476.529969723883
2020-02-13,568,683.024032471641
2020-02-13,452,126.877819762553
2020-02-13,386,597.953448103273
2020-02-13,189,176.21732195086
2020-02-13,739,243.226755743936
2020-02-13,490,184.860120214703
2020-02-13,375,267.993496499279
2020-02-13,337,197.510461088551
2020-02-13,180,385.324279824966
2020-02-13,530,284.66125735663
2020-02-13,245,385.324553911085
2020-02-13,891,452.789378618093
2020-02-13,353,267.838227688916
2020-02-13,146,280.870748603843
2020-02-13,135,157.206554709756
2020-02-13,185,186.336090700922
2020-02-13,235,352.134634245138
2020-02-13,108,346.26246334534
2020-02-13,0,183.094677925938
2020-02-13,367,757.77346265466
2020-02-13,208,433.171053470474
2020-02-13,344,468.614080539941
2020-02-13,452,426.693985572596
2020-02-13,787,1009.84981233804
2020-02-13,661,543.588907551032
2020-02-13,678,673.255625046599
2020-02-13,987,716.652647465636
2020-02-13,973,698.702034192977
2020-02-13,1001,740.238854593464
2020-02-13,935,571.497200331961
2020-02-13,565,686.464491209283
2020-02-13,818,681.840948410248
2020-02-13,580,685.561441643177
2020-02-13,272,688.150739351296
2020-02-13,412,417.2791724734
2020-02-13,711,586.44903482704
2020-02-13,814,909.416829252446
2020-02-13,937,639.660138493986
2020-02-13,228,611.086897386109
2020-02-13,938,501.276642486662
2020-02-13,618,571.450715737772
2020-02-13,160,438.741955308886
2020-02-13,915,755.509742929149
2020-02-13,433,384.29511641859
2020-02-13,395,381.116334390464
2020-02-13,476,456.373596581123
2020-02-13,592,696.920134374842
2020-02-13,769,339.057952603554
2020-02-13,1254,709.171879084808
2020-02-13,636,994.76867862509
2020-02-13,607,521.44331467979
2020-02-13,909,561.687569028074
2020-02-13,479,675.31952824439
2020-02-13,1296,765.440494593652
2020-02-13,364,419.403236272802
2020-02-13,653,761.603358797597
2020-02-13,971,614.836257204988
2020-02-13,444,755.872730411475
2020-02-13,1126,431.883200515797
2020-02-13,440,668.892967996817
2020-02-13,308,608.644815638541
2020-02-13,592,582.763598644399
2020-02-13,578,558.093358267686
2020-02-13,524,786.912373690311
2020-02-13,546,482.842705257528
2020-02-13,355,472.611016723736
2020-02-13,660,638.003494371692
2020-02-13,599,698.912574617292
2020-02-13,931,422.341764488212
2020-02-13,1211,645.877288916335
2020-02-13,1336,713.31438304801
2020-02-13,205,573.946174110972
2020-02-13,687,484.575779136766
2020-02-13,338,679.674812248456
2020-02-13,759,310.499327855871
2020-02-13,369,691.66049170569
2020-02-13,627,731.219199681774
2020-02-13,526,643.733772458763
2020-02-13,501,717.785847646572
2020-02-13,916,734.447059914803
2020-02-13,778,869.848088140437
2020-02-13,590,305.504694697465
2020-02-13,708,617.139628416708
2020-02-13,603,424.910682339678
2020-02-13,282,344.297868924396
2020-02-13,694,1155.51568654378
2020-02-13,480,525.247192232728
2020-02-13,223,333.249725379196
2020-02-13,338,383.563795184358
2020-02-13,662,440.652256932461
2020-02-13,284,542.081429912497
2020-02-13,545,396.487271158492
2020-02-13,328,361.996727183866
2020-02-13,61,117.068844327637
2020-02-13,423,285.851343898326
2020-02-13,1265,603.686360943799
2020-02-13,299,268.756613783556
2020-02-13,443,389.225198472262
2020-02-13,659,631.718995006082
2020-02-13,803,507.398188042374
2020-02-13,174,345.370755848925
2020-02-13,469,272.865840985892
2020-02-13,97,362.452567422627
2020-02-13,119,98.139151829116
2020-02-13,1034,788.752870813572
2020-02-13,587,636.704202369588
2020-02-13,805,243.17626095036
2020-02-13,276,551.228514243402
2020-02-13,576,693.751631960866
2020-02-13,645,733.648039819354
2020-02-13,872,564.830620012456
2020-02-13,289,283.253304845457
2020-02-13,233,307.497624988392
2020-02-13,243,356.537034515257
2020-02-13,407,463.218111025713
2020-02-13,1052,588.407353717081
2020-02-13,1298,721.83439200769
2020-02-13,809,675.744282929964
2020-02-13,1163,572.966107340017
2020-02-13,850,822.355292399371
2020-02-13,701,607.210773283571
2020-02-13,468,407.143419666631
2020-02-13,446,506.989576409958
2020-02-13,485,423.498130736363
2020-02-13,527,522.92433110479
2020-02-13,846,491.806958323415
2020-02-13,479,754.129033627971
2020-02-13,607,644.32188466933
2020-02-13,196,543.352309903557
2020-02-13,587,442.684295561123
2020-02-13,825,307.148650997356
2020-02-13,479,365.357666229709
2020-02-13,296,282.687693032621
2020-02-13,947,523.718297828162
2020-02-13,480,236.160834343466
2020-02-13,521,351.179865613013
2020-02-13,1107,405.83743063702
2020-02-13,475,294.500478934139
2020-02-13,483,503.614906737207
2020-02-13,510,449.560647190515
2020-02-13,481,403.458892782924
2020-02-13,164,340.623396080644
2020-02-13,349,386.605355693353
2020-02-13,591,379.834910924117
2020-02-13,950,847.058679510331
2020-02-13,862,616.097148679854
2020-02-13,471,486.233908719375
2020-02-13,518,604.699989034077
2020-02-13,616,531.305615342675
2020-02-13,359,360.689511740394
2020-02-13,1235,575.561940862212
2020-02-13,213,551.656126795866
2020-02-13,327,434.710140928304
2020-02-13,832,712.582702316932
2020-02-13,270,432.974150880623
2020-02-13,1039,749.810105276487
2020-02-13,1387,590.968059605555
2020-02-13,1149,641.888607802661
2020-02-13,1125,606.697617846554
2020-02-13,1127,608.902911253126
2020-02-13,127,149.425154358105
2020-02-13,9,503.209852063039
2020-02-13,292,337.228502856385
2020-02-13,228,411.623073942707
2020-02-13,560,361.951612254264
2020-02-13,440,158.337827234556
2020-02-13,527,759.927079691613
2020-02-13,513,594.228022833315
2020-02-13,412,396.494337071431
2020-02-13,501,353.28623521969
2020-02-13,744,509.521560769227
2020-02-13,419,471.829946377104
2020-02-13,402,472.095085897456
2020-02-13,177,326.512695736856
2020-02-13,283,194.611747631093
2020-02-13,636,603.594437052697
2020-02-13,429,585.424287630354
2020-02-13,697,606.697730917441
2020-02-13,381,239.068571757932
2020-02-13,857,355.170114644305
2020-02-13,220,435.435969838896
2020-02-13,745,930.596514905138
2020-02-13,399,399.27913328316
2020-02-13,767,540.722292281606
2020-02-13,318,401.496361367776
2020-02-13,574,300.41907007295
2020-02-13,465,458.295784826642
2020-02-13,297,239.525775970135
2020-02-13,171,436.950995567777
2020-02-13,673,560.431020353264
2020-02-13,585,568.573500097798
2020-02-13,667,745.737811637039
2020-02-13,1158,474.417921827704
2020-02-13,535,619.907561897865
2020-02-13,705,708.740882509335
2020-02-13,641,485.380038447204
2020-02-13,835,530.199319367328
2020-02-13,234,293.037209413128
2020-02-13,280,330.666047752975
2020-02-13,430,397.200958553893
2020-02-13,416,292.036484351237
2020-02-13,454,471.695625179287
2020-02-13,654,396.506223180153
2020-02-13,596,454.419871452747
2020-02-13,419,408.942638272285
2020-02-13,775,379.666600358835
2020-02-13,508,600.899143344825
2020-02-13,97,166.624519406457
2020-02-13,393,391.616695531065
2020-02-13,707,344.864210696166
2020-02-13,568,576.735725832486
2020-02-13,595,442.156679800173
2020-02-13,355,454.931863626074
2020-02-13,607,486.470094047057
2020-02-13,450,720.811832764175
2020-02-13,581,295.071593853066
2020-02-13,314,135.51732807808
2020-02-13,165,151.22724320494
2020-02-13,553,413.781735510814
2020-02-13,293,295.980036377517
2020-02-13,493,406.566759766754
2020-02-13,1133,721.103849501123
2020-02-13,558,491.951374936632
2020-02-13,586,768.589626720281
2020-02-13,477,928.569108649433
2020-02-13,454,292.772912517582
2020-02-13,291,440.510656453484
2020-02-13,1191,554.594043003726
2020-02-13,995,673.553862735046
2020-02-13,381,514.821792214111
2020-02-13,644,413.852749798238
2020-02-13,786,422.96632466773
2020-02-13,314,601.993725304638
2020-02-13,1116,350.622035946862
2020-02-13,285,389.40460533594
2020-02-13,399,449.859079007736
2020-02-13,695,268.47887105657
2020-02-13,186,99.5173395675817
2020-02-13,483,461.718373122777
2020-02-13,526,269.784303371742
2020-02-13,780,576.214806765886
2020-02-13,320,221.969526981706
2020-02-13,363,455.135458889946
2020-02-13,484,246.932984771574
2020-02-13,266,275.491055473133
2020-02-13,1193,539.012118943599
2020-02-13,319,198.880067500707
2020-02-13,598,711.471690019316
2020-02-13,290,442.634302678144
2020-02-13,549,395.005397102435
2020-02-13,470,420.853107001296
2020-02-13,575,606.947358876814
2020-02-13,183,500.31314373002
2020-02-13,985,482.490075501488
2020-02-13,637,480.76389472921
2020-02-13,352,416.362544604169
2020-02-13,125,450.913153827746
2020-02-13,474,482.113612940281
2020-02-13,392,155.841450617959
2020-02-13,214,183.658201037848
2020-02-13,204,247.27975621294
2020-02-13,477,467.357603007287
2020-02-13,588,211.095095673852
2020-02-13,610,411.666244895826
2020-02-13,539,359.187966728986
2020-02-13,301,387.142827415618
2020-02-13,68,216.069505817476
2020-02-13,932,707.2869673571
2020-02-13,430,447.985268664981
2020-02-13,259,817.072558668409
2020-02-13,496,522.991225614566
2020-02-13,813,773.69610569197
2020-02-13,372,520.27679039681
2020-02-13,443,446.666586458561
2020-02-13,341,287.684004951125
2020-02-13,182,449.955279364171
2020-02-13,1305,614.903244241493
2020-02-13,361,239.158371995605
2020-02-13,837,487.945939701426
2020-02-13,529,522.203772107554
2020-02-13,749,370.855875533391
2020-02-13,572,303.276591425607
2020-02-13,564,481.301043743773
2020-02-13,511,385.807347414067
2020-02-13,654,438.714530037511
2020-02-13,276,526.462199938987
2020-02-13,371,429.150120632503
2020-02-13,216,260.356797954482
2020-02-13,332,413.295276387448
2020-02-13,419,272.433676214631
2020-02-13,398,291.010585155317
2020-02-13,491,318.613605292952
2020-02-13,313,484.483886829679
2020-02-13,212,489.339201002489
2020-02-13,436,277.730756739988
2020-02-13,307,380.395670955398
2020-02-13,488,269.086553799709
2020-02-13,370,459.393288751719
2020-02-13,431,499.394914023118
2020-02-13,264,280.990214447907
2020-02-13,321,205.805466258778
2020-02-13,418,298.742463523471
2020-02-13,465,313.689772860827
2020-02-13,225,458.78483579357
2020-02-13,575,447.370461084445
2020-02-13,407,299.566203677622
2020-02-13,486,394.597644281488
2020-02-13,440,386.021392274101
2020-02-13,368,349.247191895858
2020-02-13,443,402.948963944805
2020-02-13,260,289.25860568026
2020-02-13,738,326.271916989381
2020-02-13,343,357.360674219573
2020-02-13,364,254.019720031002
2020-02-13,338,347.861203006895
2020-02-13,402,494.131751583649
2020-02-13,353,321.903658442803
2020-02-13,226,259.525710597057
2020-02-13,577,461.186045236893
2020-02-13,873,389.430364227069
2020-02-13,356,463.639605447951
2020-02-13,546,294.625596134231
2020-02-13,667,369.337161863577
2020-02-13,592,517.65195827272
2020-02-13,639,448.318989376913
2020-02-13,269,445.25863372455
2020-02-13,179,641.729674656242
2020-02-13,295,263.440007532728
2020-02-13,842,607.884281806193
2020-02-13,608,368.140918099657
2020-02-13,623,421.187069585391
2020-02-13,256,415.497625933986
2020-02-13,1145,502.795504198689
2020-02-13,1087,367.194694733788
2020-02-13,700,561.842495707217
2020-02-13,537,610.978508411867
2020-02-13,375,430.841508350429
2020-02-13,155,470.344252004987
2020-02-13,352,341.279066795171
2020-02-13,252,181.71805394001
2020-02-13,262,334.942092579313
2020-02-13,241,307.688811790063
2020-02-13,142,194.168398909665
2020-02-13,156,238.709598130054
2020-02-13,254,241.353873651031
2020-02-13,271,204.380991787639
2020-02-13,256,203.981828055183
2020-02-13,233,303.779814535715
2020-02-13,272,192.013105513811
2020-02-13,473,346.997838264182
2020-02-13,599,432.170529438893
2020-02-13,323,310.592857364659
2020-02-13,285,355.548645618484
2020-02-13,141,509.593797040775
2020-02-13,400,452.152885654118
2020-02-13,317,514.032928162505
2020-02-13,383,270.8014986938
2020-02-13,538,663.04798458418
2020-02-13,575,522.392898798728
2020-02-13,1264,486.604455176714
2020-02-13,1029,461.705207296388
2020-02-13,756,499.902800776469
2020-02-13,728,665.326384639494
2020-02-13,396,514.679436038662
2020-02-13,364,456.439736695693
2020-02-13,365,348.020715384993
2020-02-13,569,439.932490538537
2020-02-13,287,409.043689690771
2020-02-13,279,489.948033140631
2020-02-13,266,420.889006739269
2020-02-13,211,151.948147327131
2020-02-13,247,189.443723828626
2020-02-13,405,403.470580649469
2020-02-13,356,424.962981637775
2020-02-13,520,471.271128814466
2020-02-13,1231,537.594236428615
2020-02-13,824,516.352429234339
2020-02-13,745,387.152335366222
2020-02-13,156,334.908627223366
2020-02-13,164,371.853965569387
2020-02-13,481,511.669095207595
2020-02-13,376,494.925515147177
2020-02-13,341,314.600969595546
2020-02-13,840,390.749549123178
2020-02-13,435,608.684102921866
2020-02-13,480,599.78564560517
2020-02-13,421,332.206056219166
2020-02-13,603,511.671750549462
2020-02-13,317,397.680095748948
2020-02-13,170,470.031622720012
2020-02-13,468,419.814593588688
2020-02-13,362,363.37057098819
2020-02-13,510,309.581134405463
2020-02-13,420,267.593542341839
2020-02-13,277,516.995700510402
2020-02-13,393,382.292200030122
2020-02-13,521,308.661917262213
2020-02-13,778,306.665394420466
2020-02-13,304,420.946791012053
2020-02-13,284,426.096142807763
2020-02-13,498,416.383696332251
2020-02-13,424,272.452269111138
2020-02-13,554,378.769125685449
2020-02-13,740,648.025267428583
2020-02-13,235,287.893694785951
2020-02-13,534,388.487677613597
2020-02-13,628,532.022197966945
2020-02-13,658,452.367644667216
2020-02-13,342,455.368247969375
2020-02-13,602,555.412809818324
2020-02-13,519,586.926836476547
2020-02-13,974,545.903958243645
2020-02-13,469,700.948005704535
2020-02-13,939,664.140667167939
2020-02-13,1049,485.233939724906
2020-02-13,1540,816.820698271862
2020-02-13,653,379.242046592054
2020-02-13,520,596.737642062457
2020-02-13,544,466.812607894323
2020-02-13,465,545.604472641341
2020-02-13,917,409.090504543715
2020-02-13,61,495.189726293662
2020-02-13,883,410.635577147178
2020-02-13,621,664.902326238237
2020-02-13,430,596.281037773895
2020-02-13,188,368.6336138597
2020-02-13,216,394.562727902054
2020-02-13,639,949.584166028808
2020-02-13,339,363.364763721293
2020-02-13,537,603.210264523579
2020-02-13,315,379.954216795907
2020-02-13,739,646.95726127453
2020-02-13,396,270.085500938226
2020-02-13,426,613.04526689586
2020-02-13,544,340.954593873866
2020-02-13,681,394.349645069727
2020-02-13,635,876.716068881669
2020-02-13,751,342.518759938164
2020-02-13,783,927.871675497932
2020-02-13,572,510.616550696024
2020-02-13,728,553.925413841284
2020-02-13,1061,700.112303163303
2020-02-13,424,584.83756184617
2020-02-13,752,637.515485490787
2020-02-13,387,323.349981721317
2020-02-13,771,654.557645874448
2020-02-13,435,578.865181915391
2020-02-13,424,598.358824660409
2020-02-13,494,590.779910927494
2020-02-13,665,523.45583076062
2020-02-13,496,184.134904180902
2020-02-13,468,395.659584217074
2020-02-13,199,208.024134831672
2020-02-13,737,337.487248306452
2020-02-13,195,388.269580139047
2020-02-13,287,281.429990185675
2020-02-13,287,357.363249104159
2020-02-13,632,572.738899647311
2020-02-13,593,385.565181644833
2020-02-13,336,457.706379229079
2020-02-13,192,547.482738412853
2020-02-13,341,163.712249896179
2020-02-13,819,774.095674571701
2020-02-13,674,558.368573114092
2020-02-13,263,421.360994166485
2020-02-13,369,278.872707985416
2020-02-13,292,241.268154859279
2020-02-13,681,475.216303322334
2020-02-13,598,771.217644296574
2020-02-13,347,358.256098156622
2020-02-13,635,596.141634955924
2020-02-13,813,598.661605746307
2020-02-13,365,414.592793949783
2020-02-13,366,350.576155487552
2020-02-13,406,456.082819488814
2020-02-13,169,333.255574171407
2020-02-13,621,385.549540059643
2020-02-13,294,278.420415674988
2020-02-13,360,318.460188074731
2020-02-13,323,337.878756730121
2020-02-13,512,462.83653047353
2020-02-13,631,399.745496261509
2020-02-13,367,497.897924934197
2020-02-13,519,357.73108505635
2020-02-13,591,384.010168745872
2020-02-13,566,352.795031393676
2020-02-13,287,468.931817127864
2020-02-13,642,516.852497304815
2020-02-13,562,485.342244008162
2020-02-13,352,346.236730140624
2020-02-13,329,420.234108624652
2020-02-13,506,492.16550270009
2020-02-13,296,554.561147348164
2020-02-13,614,393.113350649142
2020-02-13,240,342.774249123651
2020-02-13,416,365.838526143234
2020-02-13,485,560.149556415035
2020-02-13,567,519.036068354584
2020-02-13,206,441.659132384664
2020-02-13,227,318.893556405235
2020-02-13,347,315.501341716541
2020-02-13,508,604.740341876326
2020-02-13,479,407.407871042413
2020-02-13,561,247.05309091479
2020-02-13,923,391.109366622428
2020-02-13,283,398.860519106783
2020-02-13,420,507.709456435484
2020-02-13,890,423.584289843749
2020-02-13,339,336.842502978677
2020-02-13,388,542.374359653202
2020-02-13,369,296.252014314218
2020-02-13,576,669.728697495439
2020-02-13,393,579.324196788098
2020-02-13,355,266.31054937632
2020-02-13,544,457.96250713539
2020-02-13,1045,655.551269536342
2020-02-13,327,529.921749071625
2020-02-13,871,374.395494418602
2020-02-13,428,273.677828032736
2020-02-13,431,293.221508731821
2020-02-13,171,395.739365204292
2020-02-13,405,258.532231228033
2020-02-13,530,300.178072819852
2020-02-13,335,256.211910673038
2020-02-13,234,352.048175939976
2020-02-13,344,463.35161667637
2020-02-13,484,501.611152424954
2020-02-13,335,456.737768175025
2020-02-13,329,332.158806709178
2020-02-13,228,426.675872084227
2020-02-13,336,343.338016357638
2020-02-13,438,145.867282701547
2020-02-13,376,254.820447784728
2020-02-13,120,341.659653731487
2020-02-13,227,546.089465507417
2020-02-13,419,327.143365150933
2020-02-13,406,427.361711757188
2020-02-13,620,397.963865457857
2020-02-13,217,379.483421305129
2020-02-13,309,228.238394232016
2020-02-13,567,617.828757661875
2020-02-13,734,483.946170451692
2020-02-13,215,299.572486328857
2020-02-13,164,291.869346749733
2020-02-13,217,300.978926774593
2020-02-13,135,274.07182127416
2020-02-13,654,490.728796215796
2020-02-13,264,222.896470470933
2020-02-13,348,299.072011130804
2020-02-13,365,403.57793345639
2020-02-13,319,235.349432398962
2020-02-13,497,251.979458192276
2020-02-13,535,760.432917720591
2020-02-13,555,245.845687024133
2020-02-13,247,378.216125967991
2020-02-13,173,351.476173672624
2020-02-13,688,412.000448061906
2020-02-13,228,271.272217208969
2020-02-13,189,342.78620131281
2020-02-13,245,440.863431355476
2020-02-13,387,300.179318277494
2020-02-13,242,390.736957352849
2020-02-13,550,378.984291615409
2020-02-13,630,492.948114818911
2020-02-13,336,338.220301920322
2020-02-13,709,745.482646190406
2020-02-13,1004,728.884006403635
2020-02-13,480,571.977020377902
2020-02-13,1205,948.894346968469
2020-02-13,707,553.464875667328
2020-02-13,390,287.678006543768
2020-02-13,318,442.541962947375
2020-02-13,475,565.332807737885
2020-02-13,591,418.841496782818
2020-02-13,690,809.184888876847
2020-02-13,893,851.535612655948
2020-02-13,156,252.513309637181
2020-02-13,0,507.968405643195
2020-02-13,621,490.451100679532
2020-02-13,1461,886.062193930072
2020-02-13,890,718.406297445889
2020-02-13,338,804.752088431369
2020-02-13,459,567.155220535007
2020-02-13,556,559.796346311742
2020-02-13,669,656.222897776224
2020-02-13,333,489.756206855001
2020-02-13,1116,834.536293089952
2020-02-13,374,446.596609695209
2020-02-13,825,342.337267904557
2020-02-13,821,775.977434358757
2020-02-13,689,519.961769427026
2020-02-13,416,590.498242845748
2020-02-13,257,163.539540844136
2020-02-13,601,363.792509052129
2020-02-13,361,471.746877173992
2020-02-13,520,530.220108313609
2020-02-13,382,737.782948932689
2020-02-13,539,597.347441540522
2020-02-13,1158,427.371897320191
2020-02-13,277,213.121306087763
2020-02-13,520,228.717836888534
2020-02-13,437,211.342637139206
2020-02-13,159,478.993784856431
2020-02-13,695,332.108618880125
2020-02-13,475,391.348220045978
2020-02-13,219,528.044509564033
2020-02-13,1623,709.3746341357
2020-02-13,443,803.933063656668
2020-02-13,682,503.98907817156
2020-02-13,1290,1065.16055952322
2020-02-13,1100,706.922975501135
2020-02-13,938,777.38623452669
2020-02-13,859,555.038780601482
2020-02-13,573,726.600951883806
2020-02-13,762,563.600220016816
2020-02-13,149,232.697219366207
2020-02-13,359,278.817945309564
2020-02-13,434,309.181431018052
2020-02-13,367,417.656217711901
2020-02-13,386,258.620574451609
2020-02-13,246,371.16785040808
2020-02-13,500,195.564131538947
2020-02-13,213,245.791481701314
2020-02-13,784,493.26214274267
2020-02-13,196,363.884793401341
2020-02-13,309,81.3918784250572
2020-02-13,516,405.063781747146
2020-02-13,323,430.677469028748
2020-02-13,372,582.771242889761
2020-02-13,345,357.009201467031
2020-02-13,395,277.290227770897
2020-02-13,473,328.123396902066
2020-02-13,933,683.62965257644
2020-02-13,264,235.225781618328
2020-02-13,224,217.116003413302
2020-02-13,239,330.902699421591
2020-02-13,161,363.371240801347
2020-02-13,216,190.85036601017
2020-02-13,265,220.209170622138
2020-02-13,172,216.001468841198
2020-02-13,282,313.857926295962
2020-02-13,68,240.728238231676
2020-02-13,139,150.294398917712
2020-02-13,193,163.556341415384
2020-02-13,117,169.588753674461
2020-02-13,118,104.422221305263
2020-02-13,120,198.900198110016
2020-02-13,196,124.235456072949
2020-02-13,163,159.560545579923
2020-02-13,130,91.5928802933458
2020-02-13,219,285.634603743252
2020-02-13,293,170.092373384258
2020-02-13,352,365.724133305514
2020-02-13,204,229.604783450326
2020-02-13,181,200.479623485525
2020-02-13,161,168.178892322074
2020-02-13,203,212.373016960119
2020-02-13,215,227.367268085667
2020-02-13,211,237.666560227377
2020-02-13,271,272.86961238164
2020-02-13,154,296.783071814612
2020-02-13,253,264.307330070658
2020-02-13,206,203.433490560198
2020-02-13,337,344.419621229343
2020-02-13,357,257.60365144566
2020-02-13,331,307.785843924515
2020-02-13,336,262.662468934852
2020-02-13,279,247.866437308386
2020-02-13,339,258.602907601104
2020-02-13,282,351.5742163118
2020-02-13,345,296.047433199754
2020-02-13,223,230.210243121301
2020-02-13,487,290.164302469871
2020-02-13,427,357.505808976798
2020-02-13,607,447.781387221192
2020-02-13,689,415.672193460399
2020-02-13,616,368.833306367092
2020-02-13,404,315.276748890822
2020-02-13,463,489.635250916746
2020-02-13,590,464.852451910176
2020-02-13,667,389.854855532133
2020-02-13,310,393.98033594047
2020-02-13,577,426.018337423848
2020-02-13,413,452.160845687982
2020-02-13,857,370.422081137876
2020-02-13,654,341.866606884496
2020-02-13,502,348.951578550031
2020-02-13,19,557.067333532517
2020-02-13,65,401.68833126679
2020-02-13,661,403.493323115036
2020-02-13,65,328.813014821369
2020-02-13,830,391.829325385147
2020-02-13,448,389.939018578294
2020-02-13,639,375.225497261481
2020-02-13,532,471.793564067557
2020-02-13,492,412.666958879578
2020-02-13,511,578.065453567067
2020-02-13,325,508.237649167104
2020-02-13,997,407.537757947918
2020-02-13,249,377.313005413684
2020-02-13,357,469.707047540265
2020-02-13,225,370.115544050138
2020-02-13,579,223.634540906594
2020-02-13,466,401.967275692697
2020-02-13,287,351.400460330789
2020-02-13,479,442.527204522511
2020-02-13,201,482.01084308095
2020-02-13,212,275.358128324223
2020-02-13,265,315.566174965133
2020-02-13,302,390.433765740643
2020-02-13,421,300.197811784299
2020-02-13,508,430.085794544772
2020-02-13,807,623.605219319592
2020-02-13,401,485.375831392383
2020-02-13,552,428.316819252011
2020-02-13,543,334.84697651973
2020-02-13,649,391.166699593537
2020-02-13,210,247.203517545778
2020-02-13,263,347.272145343557
2020-02-13,255,257.286465368073
2020-02-13,224,197.980070705177
2020-02-13,118,266.745787495576
2020-02-13,534,308.730753487995
2020-02-13,1230,376.758794638828
2020-02-13,434,462.119353820745
2020-02-13,304,358.087889050706
2020-02-13,473,315.07734113843
2020-02-13,463,319.111728658352
2020-02-13,350,453.102021470051
2020-02-13,502,382.325001624443
2020-02-13,243,191.740713947805
2020-02-13,719,141.553334079448
2020-02-13,543,330.8823530084
2020-02-13,634,367.786876564823
2020-02-13,399,359.847179344629
2020-02-13,337,303.891274043573
2020-02-13,340,267.088036851632
2020-02-13,310,308.785718946523
2020-02-13,183,203.33283405168
2020-02-13,303,288.014446556414
2020-02-13,383,474.13159008444
2020-02-13,316,364.920676694922
2020-02-13,310,333.340478801765
2020-02-13,402,590.149763174511
2020-02-13,517,413.207331520484
2020-02-13,289,383.237094310745
2020-02-13,632,462.08859995045
2020-02-13,486,261.146436848517
2020-02-13,260,377.580206755562
2020-02-13,730,371.100828529162
2020-02-13,545,357.219460831492
2020-02-13,222,336.095280521688
2020-02-13,233,311.060805750343
2020-02-13,162,188.636816896471
2020-02-13,55,248.717037432715
2020-02-13,280,246.970336152318
2020-02-13,379,315.712113396164
2020-02-13,185,181.823225761874
2020-02-13,194,207.289354110618
2020-02-13,280,278.948628952191
2020-02-13,113,275.307003298329
2020-02-13,190,156.558864619479
2020-02-13,285,239.157362546236
2020-02-13,150,235.825867146156
2020-02-13,234,305.985513259837
2020-02-13,435,251.605222678282
2020-02-13,158,193.974354635249
2020-02-13,267,314.314420863446
2020-02-13,486,327.768488603052
2020-02-13,235,367.784181739834
2020-02-13,296,266.30274060917
2020-02-13,72,337.236521436565
2020-02-13,307,232.63292776727
2020-02-13,267,256.115686782812
2020-02-13,649,363.213475373996
2020-02-13,565,431.529992883666
2020-02-13,149,355.925374499335
2020-02-13,407,426.900001428042
2020-02-13,219,302.220176205329
2020-02-13,453,277.678960177729
2020-02-13,641,431.99074906242
2020-02-13,792,446.706859044272
2020-02-13,130,224.156633461542
2020-02-13,178,264.859044355457
2020-02-13,325,309.713955877962
2020-02-13,613,269.210260056314
2020-02-13,392,378.405307278618
2020-02-13,189,292.033149227432
2020-02-13,217,303.364993005481
2020-02-13,330,254.502066746866
2020-02-13,198,301.367930892476
2020-02-13,226,323.732517125519
2020-02-13,292,321.561398673148
2020-02-13,251,329.962610485714
2020-02-13,423,354.777145482279
2020-02-13,355,332.209348669609
2020-02-13,406,355.662486738857
2020-02-13,278,376.813220178675
2020-02-13,305,468.728179634482
2020-02-13,315,313.292395509979
2020-02-13,349,202.419289234741
2020-02-13,311,405.951944918642
2020-02-13,218,347.907863447774
2020-02-13,576,418.967176724049
2020-02-13,351,240.110833338202
2020-02-13,275,232.620495058054
2020-02-13,328,317.278185027304
2020-02-13,318,411.51900135223
2020-02-13,510,421.707642157875
2020-02-13,452,407.772631941786
2020-02-13,215,247.13451060898
2020-02-13,413,304.229834151551
2020-02-13,580,376.20893427756
2020-02-13,244,328.509322782216
2020-02-13,912,389.615703532995
2020-02-13,729,361.625319768736
2020-02-13,808,669.902716281052
2020-02-13,714,542.014827810233
2020-02-13,404,316.261374592385
2020-02-13,386,350.288690205376
2020-02-13,595,263.746717861998
2020-02-13,544,262.807442942218
2020-02-13,373,359.999641534009
2020-02-13,185,327.792625519747
2020-02-13,278,204.124128797889
2020-02-13,366,258.183428012269
2020-02-13,524,307.191617849649
2020-02-13,223,314.607013371424
2020-02-13,292,279.965920052915
2020-02-13,253,494.001347261165
2020-02-13,166,266.782713582058
2020-02-13,401,313.106312614159
2020-02-13,110,184.199317642821
2020-02-13,250,180.345276747241
2020-02-13,363,276.122838195423
2020-02-13,202,181.297114775657
2020-02-13,181,262.522066028696
2020-02-13,287,261.984395901006
2020-02-13,405,257.663746649863
2020-02-13,371,249.437433055502
2020-02-13,200,227.553743267944
2020-02-13,651,224.677488608752
2020-02-13,401,219.616674184302
2020-02-13,122,254.175740184954
2020-02-13,98,420.693042224367
2020-02-13,97,156.685381764499
2020-02-13,52,107.441848752584
2020-02-13,89,174.052800172895
2020-02-13,391,246.054617612493
2020-02-13,307,274.048013385426
2020-02-13,93,193.536856699191
2020-02-13,338,271.454922640935
2020-02-13,226,195.253895140566
2020-02-13,387,265.114347790111
2020-02-13,437,223.520222030706
2020-02-13,395,262.59424297809
2020-02-13,411,338.172906879446
2020-02-13,274,337.483934051047
2020-02-13,407,271.530539777254
2020-02-13,235,289.395412936489
2020-02-13,350,331.551117758205
2020-02-13,694,268.033206825566
2020-02-13,359,266.976338990696
2020-02-13,379,278.657456688272
2020-02-13,205,265.824813879204
2020-02-13,157,225.194644887501
2020-02-13,205,181.067245536922
2020-02-13,147,202.09367271276
2020-02-13,376,236.243532848814
2020-02-13,243,272.715090025979
2020-02-13,312,283.247198197112
2020-02-13,396,342.006376206792
2020-02-13,321,294.396933290378
2020-02-13,551,431.528819747357
2020-02-13,443,304.498410876989
2020-02-13,485,446.866346436118
2020-02-13,683,414.791885438003
2020-02-13,626,282.469745612142
2020-02-13,533,457.135555326035
2020-02-13,210,247.089582605666
2020-02-13,258,300.893044880345
2020-02-13,267,420.773703274828
2020-02-13,346,419.138816973887
2020-02-13,719,383.277490024577
2020-02-13,258,348.487991266604
2020-02-13,711,295.575351956736
2020-02-13,520,359.348978868843
2020-02-13,378,367.84661323005
2020-02-13,416,414.175116672116
2020-02-13,469,379.612323966848
2020-02-13,413,264.28922282283
2020-02-13,275,319.999767559567
2020-02-13,420,331.615393010763
2020-02-13,327,297.371843511096
2020-02-13,530,355.678269120211
2020-02-13,516,282.407130399181
2020-02-13,357,302.91509330383
2020-02-13,179,356.485010990102
2020-02-13,703,462.390339245313
2020-02-13,275,377.560075411631
2020-02-13,330,413.967119674498
2020-02-13,306,325.081482344298
2020-02-13,541,393.815673912283
2020-02-13,728,454.577511054873
2020-02-13,382,630.241312135003
2020-02-13,525,777.660196699338
2020-02-13,407,587.557293664499
2020-02-13,289,372.074429576784
2020-02-13,547,414.160457836005
2020-02-13,457,345.680219013422
2020-02-13,750,580.250997100579
2020-02-13,733,371.883290521525
2020-02-13,900,592.543673600878
2020-02-13,608,360.659155662153
2020-02-13,740,294.460542512782
2020-02-13,648,576.86770812643
2020-02-13,508,409.53753400776
2020-02-13,559,423.196904295592
2020-02-13,466,490.814714384858
2020-02-13,647,542.557469261656
2020-02-13,543,403.783289444613
2020-02-13,485,331.785958775989
2020-02-13,585,490.719117661837
2020-02-13,839,590.638787370141
2020-02-13,528,339.428441917199
2020-02-13,471,527.136268134944
2020-02-13,671,527.4721667648
2020-02-13,463,497.139117580227
2020-02-13,709,634.877568295612
2020-02-13,549,704.951017768295
2020-02-13,425,400.025277536601
2020-02-13,577,648.873511157358
2020-02-13,825,508.000426231682
2020-02-13,366,395.150959720272
2020-02-13,523,380.861215003007
2020-02-13,571,497.31934248684
2020-02-13,749,401.076316646949
2020-02-13,527,536.582758896842
2020-02-13,974,306.369423715628
2020-02-13,514,470.639760542117
2020-02-13,516,311.445327101022
2020-02-13,312,532.867455449088
2020-02-13,344,278.066969476256
2020-02-13,581,540.071609447238
2020-02-13,457,494.76357108842
2020-02-13,775,401.648794706633
2020-02-13,673,388.111148604083
2020-02-13,665,427.29643828297
2020-02-13,775,554.785858567484
2020-02-13,352,493.323257795954
2020-02-13,345,475.00915607035
2020-02-13,685,350.279853110173
2020-02-13,386,366.897590990038
2020-02-13,847,601.14701772926
2020-02-13,433,331.533451996964
2020-02-13,744,632.639143042434
2020-02-13,243,552.491244201267
2020-02-13,733,345.930418038428
2020-02-13,488,412.392154851258
2020-02-13,672,512.548864362789
2020-02-13,819,376.562100485675
2020-02-13,638,538.170480353783
2020-02-13,797,508.782604682734
2020-02-13,319,534.533505673078
2020-02-13,604,615.746931602073
2020-02-13,629,467.36617579375
2020-02-13,532,376.966390152598
2020-02-13,1083,549.11205178402
2020-02-13,847,622.329820527189
2020-02-13,510,452.39907068146
2020-02-13,662,481.777097941701
2020-02-13,745,416.269462282088
2020-02-13,944,526.673095291205
2020-02-13,807,694.94790966081
2020-02-13,399,586.513858059562
2020-02-13,570,377.089769261573
2020-02-13,574,347.146795299842
2020-02-13,700,442.259323162511
2020-02-13,688,404.676934363673
2020-02-13,403,406.414638006486
2020-02-13,439,360.827710744985
2020-02-13,835,343.828576752413
2020-02-13,52,770.043749632605
2020-02-13,820,507.015041461656
2020-02-13,674,552.431982116626
2020-02-13,131,387.513735949148
2020-02-13,220,226.435344474069
2020-02-13,767,785.698388721389
2020-02-13,584,447.039309721934
2020-02-13,809,400.503323639882
2020-02-13,301,509.341300962096
2020-02-13,259,263.829960849775
2020-02-13,537,412.761768759998
2020-02-13,259,586.026145274708
2020-02-13,527,323.744050790151
2020-02-13,248,499.666131954653
2020-02-13,141,885.291365314396
2020-02-13,428,809.402895722149
2020-02-13,416,629.447754438508
2020-02-13,290,212.685447993816
2020-02-13,177,133.188750632467
2020-02-13,137,146.951646956909
2020-02-13,146,281.95359954767
2020-02-13,286,179.616398646192
2020-02-13,417,417.338008455935
2020-02-13,754,675.555795568818
2020-02-13,366,1140.5191334107
2020-02-13,17,567.335897494855
2020-02-13,66,1251.28458947124
2020-02-13,73,785.491542628498
2020-02-13,65,212.816400490136
2020-02-13,139,316.103079453481
2020-02-13,13,246.592984333886
2020-02-13,149,588.476431760572
2020-02-13,86,668.628766348346
2020-02-13,170,1153.87415463693
2020-02-13,30,641.089691959071
2020-02-14,549,337.155187349683
2020-02-14,314,358.260452261265
2020-02-14,301,388.861172531982
2020-02-14,380,287.946083940886
2020-02-14,427,265.833693313011
2020-02-14,269,248.241259663661
2020-02-14,177,194.945835504765
2020-02-14,196,189.429158892152
2020-02-14,106,109.389959009905
2020-02-14,265,348.902810548793
2020-02-14,168,234.336955673523
2020-02-14,130,206.559661629721
2020-02-14,214,121.851275969967
2020-02-14,223,480.547395567498
2020-02-14,206,201.098102066755
2020-02-14,248,223.742289205862
2020-02-14,342,222.892953300353
2020-02-14,378,381.302176756504
2020-02-14,245,354.474323310249
2020-02-14,347,342.605861197551
2020-02-14,266,371.645538835969
2020-02-14,162,343.243066639034
2020-02-14,347,200.327625309081
2020-02-14,220,250.849454139275
2020-02-14,417,648.080056106191
2020-02-14,380,476.196648882736
2020-02-14,322,265.83612895853
2020-02-14,544,350.195627044157
2020-02-14,566,292.322103240285
2020-02-14,609,474.504384532056
2020-02-14,625,456.05737132473
2020-02-14,538,599.255396702415
2020-02-14,339,257.892024720259
2020-02-14,341,430.482826827735
2020-02-14,224,405.481615716612
2020-02-14,224,374.965832294302
2020-02-14,493,586.856269829557
2020-02-14,537,674.47814324081
2020-02-14,474,505.961568598868
2020-02-14,334,357.873626890487
2020-02-14,588,384.751634674513
2020-02-14,401,334.521298670002
2020-02-14,518,440.405661863529
2020-02-14,446,331.674712627253
2020-02-14,350,360.081913137307
2020-02-14,407,934.246919990215
2020-02-14,374,666.867285227291
2020-02-14,389,567.218987468349
2020-02-14,412,513.798031848946
2020-02-14,235,298.927565337562
2020-02-14,730,255.03903168466
2020-02-14,249,247.811679410471
2020-02-14,546,411.160590106063
2020-02-14,735,313.905523810791
2020-02-14,271,394.219864100732
2020-02-14,530,551.936689484441
2020-02-14,565,520.94588720865
2020-02-14,195,262.604947785034
2020-02-14,316,242.694480364383
2020-02-14,295,313.696324951034
2020-02-14,264,388.571346164573
2020-02-14,350,323.925920883269
2020-02-14,801,612.268145297257
2020-02-14,1056,546.430804847109
2020-02-14,410,552.605281600734
2020-02-14,612,549.288259610437
2020-02-14,540,503.050924878981
2020-02-14,675,491.428054042291
2020-02-14,254,200.172555903247
2020-02-14,852,358.420249384915
2020-02-14,619,457.370921941284
2020-02-14,703,391.470829932183
2020-02-14,973,549.252311175044
2020-02-14,361,418.173119405603
2020-02-14,358,330.995069502452
2020-02-14,323,533.224035241035
2020-02-14,651,647.789401191457
2020-02-14,392,463.871766980155
2020-02-14,656,545.271413709265
2020-02-14,923,745.020498499219
2020-02-14,534,322.239201088974
2020-02-14,585,354.392293745118
2020-02-14,118,444.234939266973
2020-02-14,446,506.659991317456
2020-02-14,308,387.944212229365
2020-02-14,366,199.033148203947
2020-02-14,414,505.644580500111
2020-02-14,272,309.839027876879
2020-02-14,358,392.324118507914
2020-02-14,177,580.49443503654
2020-02-14,577,300.536737876494
2020-02-14,820,457.74031240004
2020-02-14,388,622.508684212898
2020-02-14,428,738.728355205333
2020-02-14,1750,916.846024548893
2020-02-14,1124,898.013590224289
2020-02-14,1003,1052.83320029542
2020-02-14,1122,679.67958143301
2020-02-14,945,1008.71427795308
2020-02-14,938,724.701400056879
2020-02-14,645,625.129372009478
2020-02-14,508,726.796911697126
2020-02-14,640,491.502908782931
2020-02-14,228,328.061615872145
2020-02-14,710,499.319011850882
2020-02-14,568,911.075267812563
2020-02-14,429,484.904969368163
2020-02-14,661,617.604476574697
2020-02-14,379,233.350875807254
2020-02-14,313,302.606099097411
2020-02-14,257,308.025196354234
2020-02-14,238,312.998048287119
2020-02-14,397,160.283470636465
2020-02-14,279,293.597383040698
2020-02-14,334,356.672251065632
2020-02-14,372,392.39037512596
2020-02-14,957,834.693706049894
2020-02-14,999,769.524410090666
2020-02-14,1041,934.022461669888
2020-02-14,879,1294.84021395248
2020-02-14,548,891.765308797401
2020-02-14,1597,1348.94834642965
2020-02-14,2165,753.456078055532
2020-02-14,1740,861.652385473392
2020-02-14,947,955.109338030069
2020-02-14,1160,729.914492535569
2020-02-14,1379,842.034340246021
2020-02-14,275,365.634462864953
2020-02-14,167,492.569128900665
2020-02-14,0,354.883532121702
2020-02-14,21,1557.39453053081
2020-02-14,608,613.191319724831
2020-02-14,600,898.283459955446
2020-02-14,521,401.364802900896
2020-02-14,623,565.998350974131
2020-02-14,1057,1174.93405470566
2020-02-14,627,774.319138750351
2020-02-14,985,721.088407302893
2020-02-14,492,577.441666782873
2020-02-14,590,553.296775454746
2020-02-14,615,532.800092058077
2020-02-14,576,471.989887344841
2020-02-14,866,608.708249015122
2020-02-14,370,720.672692843567
2020-02-14,1444,630.255429212112
2020-02-14,744,526.798831692295
2020-02-14,614,346.589425528921
2020-02-14,514,364.914642130277
2020-02-14,967,349.070314814222
2020-02-14,527,273.923976984129
2020-02-14,397,321.234894249821
2020-02-14,351,181.665288887118
2020-02-14,315,341.842563748814
2020-02-14,303,349.264065423529
2020-02-14,615,646.954748430795
2020-02-14,358,367.687611250145
2020-02-14,743,751.318023102199
2020-02-14,412,508.859328175901
2020-02-14,489,490.237590991691
2020-02-14,301,513.668448942897
2020-02-14,539,616.746124440177
2020-02-14,724,507.041959889395
2020-02-14,390,325.551999856681
2020-02-14,649,501.005473205986
2020-02-14,240,532.419942720354
2020-02-14,639,569.209578568755
2020-02-14,353,626.890221543939
2020-02-14,677,367.342569179388
2020-02-14,455,682.05641719409
2020-02-14,926,941.72077149505
2020-02-14,1141,526.730723299633
2020-02-14,887,732.548853001127
2020-02-14,912,594.795976503351
2020-02-14,503,335.152001193979
2020-02-14,572,238.476213834914
2020-02-14,268,360.080748223876
2020-02-14,753,634.514043905864
2020-02-14,309,346.584751984028
2020-02-14,532,344.300285915356
2020-02-14,432,466.581648159384
2020-02-14,833,629.221872446966
2020-02-14,1043,681.946982247054
2020-02-14,776,507.422840078092
2020-02-14,796,591.499833581883
2020-02-14,521,545.747400754842
2020-02-14,228,600.803904238211
2020-02-14,197,308.671550044199
2020-02-14,260,356.878055801812
2020-02-14,684,410.81702636837
2020-02-14,341,428.37780391204
2020-02-14,720,490.598439293323
2020-02-14,854,449.785225778531
2020-02-14,205,313.506547479522
2020-02-14,421,262.893794120301
2020-02-14,411,184.536465157224
2020-02-14,337,171.425000670504
2020-02-14,365,391.132701713405
2020-02-14,232,479.367365439602
2020-02-14,265,283.355118867624
2020-02-14,517,352.642623904225
2020-02-14,1040,311.250731116516
2020-02-14,369,219.286119517381
2020-02-14,634,166.04586240509
2020-02-14,128,124.295310972519
2020-02-14,403,959.869175346232
2020-02-14,961,706.293578794287
2020-02-14,676,432.411545553087
2020-02-14,490,169.258773953594
2020-02-14,1306,870.321168976696
2020-02-14,256,406.043104193627
2020-02-14,357,349.052703139493
2020-02-14,388,369.3852164533
2020-02-14,266,298.371934610564
2020-02-14,614,304.11266657387
2020-02-14,333,432.936924049074
2020-02-14,320,358.511226725949
2020-02-14,374,271.907469497138
2020-02-14,216,239.662905209092
2020-02-14,147,796.716122960657
2020-02-14,248,646.594445521718
2020-02-14,717,361.224449544753
2020-02-14,461,884.505530801651
2020-02-14,423,624.383034316676
2020-02-14,548,605.949781946893
2020-02-14,852,602.79906227907
2020-02-14,994,1001.41519581316
2020-02-14,418,488.346929004844
2020-02-14,577,730.965073637357
2020-02-14,637,308.41178416909
2020-02-14,316,312.827698680911
2020-02-14,225,586.327335072476
2020-02-14,934,629.46763906036
2020-02-14,454,859.298625693692
2020-02-14,700,465.347720252201
2020-02-14,898,370.714868222985
2020-02-14,667,645.741014248123
2020-02-14,535,730.406776586236
2020-02-14,320,135.654336948432
2020-02-14,1243,539.524383838153
2020-02-14,1230,608.940472894633
2020-02-14,1231,918.930635300982
2020-02-14,644,868.190691406875
2020-02-14,982,582.112117901894
2020-02-14,1254,1086.40221648227
2020-02-14,837,391.308734020446
2020-02-14,507,789.081826355496
2020-02-14,587,547.58809379599
2020-02-14,232,957.298441182499
2020-02-14,434,408.058309913616
2020-02-14,783,770.881857798601
2020-02-14,819,884.142124232191
2020-02-14,907,933.966572506283
2020-02-14,778,563.164673020501
2020-02-14,999,559.092645683772
2020-02-14,1607,771.870706205704
2020-02-14,1056,350.859214011385
2020-02-14,655,452.948263488762
2020-02-14,619,335.663751193002
2020-02-14,317,726.26908509699
2020-02-14,376,529.577806909269
2020-02-14,294,442.565487758157
2020-02-14,80,315.475599644698
2020-02-14,0,268.579541401891
2020-02-14,210,192.483280525477
2020-02-14,188,382.296035948181
2020-02-14,214,165.519155995938
2020-02-14,107,336.855111433059
2020-02-14,397,377.197816874581
2020-02-14,407,415.169539726776
2020-02-14,641,294.773207796386
2020-02-14,394,315.941286537777
2020-02-14,551,414.116315598293
2020-02-14,506,383.742088653478
2020-02-14,394,383.048167891634
2020-02-14,407,261.649357307014
2020-02-14,548,384.585607228651
2020-02-14,209,201.818916858477
2020-02-14,250,211.234277972056
2020-02-14,161,438.864295084186
2020-02-14,223,209.016734501989
2020-02-14,703,454.709181404836
2020-02-14,273,270.856871265399
2020-02-14,479,331.615303821156
2020-02-14,363,303.494037581927
2020-02-14,673,599.337548813313
2020-02-14,444,380.49720631705
2020-02-14,429,519.378247646812
2020-02-14,579,329.190847476564
2020-02-14,526,422.399190421774
2020-02-14,876,863.431566128364
2020-02-14,860,540.936991503563
2020-02-14,1024,696.25076375861
2020-02-14,298,384.070990305494
2020-02-14,930,686.267312941722
2020-02-14,1225,863.444107176298
2020-02-14,877,478.353963257422
2020-02-14,370,508.683365809824
2020-02-14,512,524.353878322599
2020-02-14,989,566.444488585894
2020-02-14,1140,675.381574631056
2020-02-14,439,638.70521757824
2020-02-14,365,477.018429829108
2020-02-14,508,505.927081343161
2020-02-14,337,650.919151684049
2020-02-14,751,395.648195691155
2020-02-14,591,483.059219386729
2020-02-14,381,290.130634431615
2020-02-14,266,302.051598125253
2020-02-14,268,517.355285507366
2020-02-14,413,304.58325556205
2020-02-14,604,419.080473373124
2020-02-14,334,372.427834744615
2020-02-14,250,442.633071164038
2020-02-14,495,345.985851102908
2020-02-14,356,450.721051896193
2020-02-14,306,404.611645282116
2020-02-14,437,450.20714612025
2020-02-14,446,372.53289728149
2020-02-14,570,456.813042437918
2020-02-14,400,299.14346499635
2020-02-14,322,430.241793271814
2020-02-14,236,534.288363738906
2020-02-14,308,408.82896322188
2020-02-14,420,553.849273837171
2020-02-14,389,351.196426630559
2020-02-14,629,445.826326071677
2020-02-14,303,443.911631072814
2020-02-14,266,394.9466911141
2020-02-14,856,411.233311688805
2020-02-14,650,615.758134460529
2020-02-14,742,530.551762685953
2020-02-14,779,688.653943960523
2020-02-14,674,645.338813358751
2020-02-14,694,520.019204676318
2020-02-14,457,464.463292740765
2020-02-14,401,707.33500726394
2020-02-14,773,800.775262910868
2020-02-14,975,761.055786015954
2020-02-14,751,575.275008676012
2020-02-14,842,600.774604955639
2020-02-14,343,226.253504300513
2020-02-14,631,357.272437611675
2020-02-14,328,424.605985816358
2020-02-14,699,649.677877203218
2020-02-14,521,588.230442239673
2020-02-14,666,643.263966381546
2020-02-14,406,349.925735264508
2020-02-14,256,401.968791092638
2020-02-14,480,318.81838103447
2020-02-14,774,763.635792892669
2020-02-14,731,383.430245812395
2020-02-14,640,669.990515717153
2020-02-14,420,504.430794328032
2020-02-14,720,866.09232967749
2020-02-14,1123,824.01211724686
2020-02-14,628,736.124917641842
2020-02-14,517,719.564901147055
2020-02-14,937,751.332197694964
2020-02-14,752,738.388256846514
2020-02-14,640,775.955179923419
2020-02-14,1377,917.974053490339
2020-02-14,1071,781.34269136698
2020-02-14,587,649.09665284206
2020-02-14,551,655.904671671889
2020-02-14,761,707.612251275649
2020-02-14,1574,680.055333909869
2020-02-14,955,732.790117324967
2020-02-14,912,881.054103837613
2020-02-14,701,399.371449785907
2020-02-14,252,775.015765400409
2020-02-14,172,301.393100387148
2020-02-14,824,888.056697507199
2020-02-14,699,778.929789991375
2020-02-14,706,478.929868605346
2020-02-14,1548,780.4809637178
2020-02-14,447,539.212461182957
2020-02-14,942,652.904008399643
2020-02-14,219,289.429065287465
2020-02-14,366,165.693980816084
2020-02-14,916,590.847373583965
2020-02-14,147,413.740165133201
2020-02-14,462,699.797425899056
2020-02-14,557,311.298481244272
2020-02-14,843,439.546833637394
2020-02-14,664,528.834363390643
2020-02-14,830,513.534296238403
2020-02-14,671,650.554547097502
2020-02-14,712,924.473631653422
2020-02-14,615,367.27037438413
2020-02-14,533,450.62469180373
2020-02-14,516,679.801804465074
2020-02-14,606,544.334248338701
2020-02-14,399,446.387602267693
2020-02-14,877,350.281219053469
2020-02-14,690,951.137059802913
2020-02-14,1057,651.499264361718
2020-02-14,596,650.535386054125
2020-02-14,447,318.364042040578
2020-02-14,720,638.838390554244
2020-02-14,701,1058.22087361235
2020-02-14,2091,1151.96595000753
2020-02-14,1355,709.759419650226
2020-02-14,1104,988.631357736135
2020-02-14,266,1128.75712046786
2020-02-14,433,371.393209120193
2020-02-14,427,526.400481659268
2020-02-14,318,317.770135581409
2020-02-14,310,352.474534997775
2020-02-14,504,582.480579454246
2020-02-14,520,582.834865101987
2020-02-14,951,700.911207083347
2020-02-14,869,736.54042157233
2020-02-14,485,500.356821779047
2020-02-14,642,481.000929932076
2020-02-14,549,803.397070858099
2020-02-14,779,617.00665870715
2020-02-14,1235,684.130790781008
2020-02-14,932,534.802606099827
2020-02-14,617,644.528208394247
2020-02-14,745,846.358185703105
2020-02-14,523,822.979246309536
2020-02-14,672,585.54500491308
2020-02-14,696,921.135766739542
2020-02-14,1402,882.831558720606
2020-02-14,725,460.001093570113
2020-02-14,562,494.277732438343
2020-02-14,787,658.403505781845
2020-02-14,633,655.949172859195
2020-02-14,437,329.539264456193
2020-02-14,513,465.417954497277
2020-02-14,451,650.04514051352
2020-02-14,671,474.530434161197
2020-02-14,382,589.514819514239
2020-02-14,650,486.437136451572
2020-02-14,528,719.329112413554
2020-02-14,1210,553.631648886094
2020-02-14,997,729.419993896966
2020-02-14,1600,533.182962394728
2020-02-14,660,744.403853674328
2020-02-14,1630,831.100874843837
2020-02-14,882,1001.74785956252
2020-02-14,1207,954.111724339229
2020-02-14,1050,725.44676114778
2020-02-14,383,687.716644108649
2020-02-14,598,523.913344030597
2020-02-14,702,537.202181405618
2020-02-14,172,117.076812654782
2020-02-14,688,683.430688423591
2020-02-14,991,849.298797344773
2020-02-14,1186,542.046512572016
2020-02-14,573,826.395148389428
2020-02-14,2492,853.969416078187
2020-02-14,292,351.653829235526
2020-02-14,1037,1006.98750227175
2020-02-14,256,756.485811579096
2020-02-14,138,255.489166740435
2020-02-14,264,304.452676222514
2020-02-14,254,356.225766412042
2020-02-14,386,164.238584524369
2020-02-14,494,495.704425374335
2020-02-14,601,719.134781236321
2020-02-14,461,134.852004564425
2020-02-14,442,612.920569149762
2020-02-14,171,188.440079707926
2020-02-14,777,246.586530166952
2020-02-14,475,189.067770619418
2020-02-14,353,287.51995219634
2020-02-14,369,203.646099107338
2020-02-14,182,404.325857084649
2020-02-14,511,303.085735241951
2020-02-14,243,409.061555383885
2020-02-14,911,474.160135208268
2020-02-14,384,271.575017100563
2020-02-14,129,293.345713190599
2020-02-14,129,165.931320464869
2020-02-14,172,191.517661419456
2020-02-14,267,379.094978440306
2020-02-14,119,364.9895161813
2020-02-14,0,198.140672758749
2020-02-14,411,821.998691216643
2020-02-14,246,469.468266341499
2020-02-14,404,499.425858351346
2020-02-14,477,464.587298322889
2020-02-14,799,1076.67159993707
2020-02-14,683,593.129330433571
2020-02-14,750,721.73888072373
2020-02-14,972,783.883800684727
2020-02-14,1086,753.203686948639
2020-02-14,1071,803.20165820938
2020-02-14,1034,603.043800810225
2020-02-14,671,737.13048397683
2020-02-14,889,739.779774013906
2020-02-14,647,743.549298789708
2020-02-14,321,748.467010520198
2020-02-14,383,462.517876908315
2020-02-14,755,641.958142875182
2020-02-14,866,984.821878535278
2020-02-14,1058,680.17567709379
2020-02-14,248,651.498185009034
2020-02-14,971,536.04453656368
2020-02-14,638,598.342013149125
2020-02-14,184,460.742880059456
2020-02-14,962,802.852183361289
2020-02-14,490,419.654747241361
2020-02-14,446,423.926433856997
2020-02-14,547,495.586219828702
2020-02-14,678,736.103656524737
2020-02-14,764,366.904533823817
2020-02-14,1295,760.864974841719
2020-02-14,674,1066.7560258266
2020-02-14,615,560.964229038301
2020-02-14,998,598.381438382418
2020-02-14,537,714.055179482966
2020-02-14,1331,822.402543580683
2020-02-14,378,440.583631571463
2020-02-14,739,805.150446911381
2020-02-14,1077,644.827617103355
2020-02-14,464,813.867734713722
2020-02-14,1144,467.159884954303
2020-02-14,472,721.541130582497
2020-02-14,297,650.884709847816
2020-02-14,633,626.930652628945
2020-02-14,669,584.614138971825
2020-02-14,517,827.365541461968
2020-02-14,589,505.81000145833
2020-02-14,427,498.995604972204
2020-02-14,697,655.569934570163
2020-02-14,667,703.065827957126
2020-02-14,969,439.653827088102
2020-02-14,1265,664.672393237362
2020-02-14,1374,728.80173237851
2020-02-14,220,582.661866821238
2020-02-14,677,499.500682971086
2020-02-14,310,704.074906051934
2020-02-14,749,324.578096120734
2020-02-14,354,728.070808948511
2020-02-14,652,753.480853031645
2020-02-14,558,663.804122144471
2020-02-14,514,753.903776861909
2020-02-14,968,757.810641542426
2020-02-14,850,900.448870018694
2020-02-14,595,323.453251737965
2020-02-14,704,648.792055378162
2020-02-14,657,442.125919722563
2020-02-14,289,360.156356737964
2020-02-14,712,1198.57036550175
2020-02-14,511,556.387980036492
2020-02-14,217,341.703193070757
2020-02-14,357,389.153269030658
2020-02-14,657,449.505370062333
2020-02-14,280,571.013041873678
2020-02-14,536,407.66544490914
2020-02-14,329,377.401249455985
2020-02-14,62,121.736485100577
2020-02-14,445,300.773555736248
2020-02-14,1346,636.311747942062
2020-02-14,313,284.086387658981
2020-02-14,456,412.99712759924
2020-02-14,704,679.578214669281
2020-02-14,851,538.914372853664
2020-02-14,155,358.805407639579
2020-02-14,480,282.916627146956
2020-02-14,109,373.014092337227
2020-02-14,136,102.174046667682
2020-02-14,1052,807.026642275694
2020-02-14,652,666.750393927331
2020-02-14,877,261.792914431888
2020-02-14,297,580.161567289881
2020-02-14,557,715.537278753519
2020-02-14,644,766.599957230601
2020-02-14,963,594.645105085988
2020-02-14,297,303.820035181253
2020-02-14,252,321.187746041886
2020-02-14,215,372.139736711034
2020-02-14,434,481.783772846552
2020-02-14,1049,596.662118315462
2020-02-14,1231,749.430805921508
2020-02-14,874,704.436378551087
2020-02-14,1224,614.39458256056
2020-02-14,927,875.442480966603
2020-02-14,692,622.734002851484
2020-02-14,494,435.907170170333
2020-02-14,481,536.069940986741
2020-02-14,501,451.491653254717
2020-02-14,547,559.075998747371
2020-02-14,839,519.053477290466
2020-02-14,522,765.24044386474
2020-02-14,638,675.512496800528
2020-02-14,197,565.642654368393
2020-02-14,583,458.700585213962
2020-02-14,810,320.484867289696
2020-02-14,511,365.772012160003
2020-02-14,246,295.340919520181
2020-02-14,962,540.380183045433
2020-02-14,496,254.262370922506
2020-02-14,554,376.577754380279
2020-02-14,1215,429.056713116507
2020-02-14,492,304.578585188625
2020-02-14,513,535.382432925432
2020-02-14,551,482.156977392997
2020-02-14,476,438.984676498081
2020-02-14,175,366.428928406812
2020-02-14,395,412.92144340222
2020-02-14,602,413.695784167079
2020-02-14,1024,913.474441821168
2020-02-14,918,659.045247735937
2020-02-14,454,521.729359432092
2020-02-14,551,649.405421333099
2020-02-14,672,556.36590437498
2020-02-14,383,380.389337666968
2020-02-14,1241,615.672837048399
2020-02-14,240,580.068375947588
2020-02-14,349,461.073410567792
2020-02-14,823,773.546907254816
2020-02-14,308,461.646328669021
2020-02-14,1051,776.587744310394
2020-02-14,1439,611.631547612963
2020-02-14,1111,667.429956467347
2020-02-14,1118,623.169958107713
2020-02-14,1191,618.266666423334
2020-02-14,123,152.025502348811
2020-02-14,18,527.287257883632
2020-02-14,312,361.505623677061
2020-02-14,219,423.863507558279
2020-02-14,586,373.754300469982
2020-02-14,487,169.025227377707
2020-02-14,571,795.136195149495
2020-02-14,545,613.650227596613
2020-02-14,395,407.073578243197
2020-02-14,555,354.741234718718
2020-02-14,691,518.718216790844
2020-02-14,423,471.828665360087
2020-02-14,364,485.979328799963
2020-02-14,201,337.494369782302
2020-02-14,289,200.945316805698
2020-02-14,624,636.276915211082
2020-02-14,479,611.977509276111
2020-02-14,735,640.274525484021
2020-02-14,440,256.703311349818
2020-02-14,943,382.95183578978
2020-02-14,227,468.314325621439
2020-02-14,824,955.334417776539
2020-02-14,400,411.983339981196
2020-02-14,794,545.249522130478
2020-02-14,312,415.167265782946
2020-02-14,608,302.910787532523
2020-02-14,448,468.665517305251
2020-02-14,274,245.644286750057
2020-02-14,180,440.429817173283
2020-02-14,722,564.294242774565
2020-02-14,570,592.437923987389
2020-02-14,630,794.997177688933
2020-02-14,1210,502.84967391527
2020-02-14,563,656.787020928546
2020-02-14,789,746.370126537047
2020-02-14,673,520.288248066311
2020-02-14,889,566.106727920501
2020-02-14,255,312.786094256015
2020-02-14,303,353.537670893732
2020-02-14,426,427.132838353749
2020-02-14,415,311.418549160994
2020-02-14,463,515.566557561931
2020-02-14,748,421.481359129504
2020-02-14,635,488.791032153417
2020-02-14,505,436.250217025925
2020-02-14,822,408.747884104836
2020-02-14,527,640.659561124218
2020-02-14,102,175.322962666301
2020-02-14,405,408.563088279885
2020-02-14,786,367.412731397452
2020-02-14,586,612.465109057793
2020-02-14,639,471.668064921423
2020-02-14,368,476.077269331409
2020-02-14,604,508.432402694325
2020-02-14,446,748.93366125831
2020-02-14,629,299.814666155021
2020-02-14,320,138.993444452461
2020-02-14,167,155.223649965543
2020-02-14,578,429.565683695774
2020-02-14,284,311.558061029435
2020-02-14,483,425.177978693834
2020-02-14,1112,768.372040052905
2020-02-14,615,517.055334376515
2020-02-14,635,807.481296345509
2020-02-14,487,975.677873764256
2020-02-14,468,313.600760983794
2020-02-14,306,460.794136367153
2020-02-14,1304,574.367533479892
2020-02-14,976,714.551067353252
2020-02-14,443,535.873106873196
2020-02-14,697,440.631178592505
2020-02-14,776,446.836797086783
2020-02-14,358,613.167682555115
2020-02-14,1056,367.05079882074
2020-02-14,284,396.146968350464
2020-02-14,424,452.996645025385
2020-02-14,748,285.907170385229
2020-02-14,237,107.009697883903
2020-02-14,488,496.002970146744
2020-02-14,566,284.101210221905
2020-02-14,864,617.772117715912
2020-02-14,359,248.358663050282
2020-02-14,395,494.082429779607
2020-02-14,580,270.431923752934
2020-02-14,274,306.126811990753
2020-02-14,1218,576.426424405411
2020-02-14,367,212.97405825531
2020-02-14,592,747.041661836067
2020-02-14,339,468.252699695105
2020-02-14,631,415.402243958048
2020-02-14,485,438.066533087789
2020-02-14,562,649.957882636128
2020-02-14,208,530.288073635569
2020-02-14,1029,515.076460353801
2020-02-14,685,511.40844762496
2020-02-14,369,442.079623982258
2020-02-14,151,470.696296529091
2020-02-14,501,512.449729638304
2020-02-14,422,165.568149733472
2020-02-14,198,194.453677836821
2020-02-14,206,261.909201026343
2020-02-14,517,489.153517416892
2020-02-14,606,223.599999924981
2020-02-14,647,436.499524719849
2020-02-14,543,383.820363308236
2020-02-14,291,414.008730012978
2020-02-14,86,225.870278851521
2020-02-14,888,735.36535188045
2020-02-14,427,463.999226202443
2020-02-14,273,854.561715668296
2020-02-14,514,548.080670657021
2020-02-14,902,808.374400754875
2020-02-14,354,553.458488525762
2020-02-14,473,460.307682305188
2020-02-14,341,301.327503906091
2020-02-14,206,488.184938693083
2020-02-14,1392,654.609546464051
2020-02-14,362,255.414078216945
2020-02-14,976,496.712997845069
2020-02-14,564,559.178895205259
2020-02-14,703,384.768647094688
2020-02-14,595,300.56659629422
2020-02-14,527,488.695875058902
2020-02-14,539,404.247816340951
2020-02-14,650,458.648798722719
2020-02-14,276,556.216473348359
2020-02-14,406,448.398175516486
2020-02-14,218,273.767075330512
2020-02-14,352,435.259890653146
2020-02-14,462,287.732695003793
2020-02-14,407,318.768141634074
2020-02-14,546,344.005228646195
2020-02-14,315,516.5101409373
2020-02-14,216,514.110824653428
2020-02-14,463,291.208198472759
2020-02-14,299,401.206186535261
2020-02-14,500,285.556890602345
2020-02-14,379,484.946570130552
2020-02-14,473,524.251006825963
2020-02-14,258,298.000006954469
2020-02-14,324,226.957188960877
2020-02-14,454,321.323178860702
2020-02-14,514,334.318209665417
2020-02-14,261,485.877943686162
2020-02-14,580,468.963599395655
2020-02-14,399,315.51829700555
2020-02-14,502,408.181654372134
2020-02-14,427,408.154394223362
2020-02-14,375,362.534555770691
2020-02-14,453,418.741327241413
2020-02-14,278,303.545312058963
2020-02-14,725,348.940966605398
2020-02-14,387,377.484785616739
2020-02-14,362,263.244374569701
2020-02-14,367,363.184207670192
2020-02-14,426,512.982177363463
2020-02-14,378,338.808313908773
2020-02-14,269,268.007889066705
2020-02-14,615,488.6983381287
2020-02-14,907,415.118608084204
2020-02-14,389,478.281077947329
2020-02-14,545,315.52678951002
2020-02-14,639,386.52273628714
2020-02-14,580,530.037935742134
2020-02-14,645,461.664895946294
2020-02-14,324,460.103982639567
2020-02-14,169,696.798582848031
2020-02-14,280,279.775949325715
2020-02-14,901,628.637635771235
2020-02-14,645,386.73213806774
2020-02-14,642,440.96438219407
2020-02-14,239,425.555164724165
2020-02-14,1144,515.369833209986
2020-02-14,1125,377.611446424042
2020-02-14,704,595.150280390516
2020-02-14,568,645.864002499749
2020-02-14,414,456.269325797779
2020-02-14,186,485.573332866335
2020-02-14,359,357.229370083479
2020-02-14,241,192.97976576992
2020-02-14,332,345.111514073179
2020-02-14,241,329.525805758065
2020-02-14,134,212.793653946501
2020-02-14,178,258.613561632704
2020-02-14,296,255.419130814286
2020-02-14,262,224.750913912106
2020-02-14,291,218.45048734426
2020-02-14,262,336.008210379106
2020-02-14,276,200.422090516886
2020-02-14,525,359.955207778211
2020-02-14,651,448.339834326624
2020-02-14,311,342.258662127439
2020-02-14,324,376.214279145549
2020-02-14,161,546.57776702048
2020-02-14,464,493.806690966752
2020-02-14,304,563.458562756653
2020-02-14,444,296.505340193096
2020-02-14,572,703.211662406248
2020-02-14,647,574.977114233184
2020-02-14,1382,511.661859767303
2020-02-14,1046,491.053203832807
2020-02-14,842,507.369847392629
2020-02-14,686,686.241990381697
2020-02-14,383,532.772779014427
2020-02-14,383,469.722837738507
2020-02-14,355,365.182833267772
2020-02-14,640,453.627389089422
2020-02-14,341,417.670361911131
2020-02-14,251,505.239351952478
2020-02-14,242,432.740893739121
2020-02-14,181,155.770606795167
2020-02-14,235,189.449753347496
2020-02-14,419,416.107274555594
2020-02-14,343,441.953455202197
2020-02-14,558,495.365439128163
2020-02-14,1302,573.709410671739
2020-02-14,885,544.080257648856
2020-02-14,767,409.837255964086
2020-02-14,169,349.830781527263
2020-02-14,176,390.36986932785
2020-02-14,479,540.714413989704
2020-02-14,389,506.43898267443
2020-02-14,348,318.429048326084
2020-02-14,855,418.144540224434
2020-02-14,463,634.171803472718
2020-02-14,540,635.095446213158
2020-02-14,432,353.851184776686
2020-02-14,638,553.37166557012
2020-02-14,334,419.674952916186
2020-02-14,186,497.655396302121
2020-02-14,533,454.715253591518
2020-02-14,391,394.259340223104
2020-02-14,508,338.989906085171
2020-02-14,484,280.127617763708
2020-02-14,286,550.951614112121
2020-02-14,433,417.803449863388
2020-02-14,598,329.181220726508
2020-02-14,834,340.093067379493
2020-02-14,346,461.021992293086
2020-02-14,287,470.108877548685
2020-02-14,572,442.758099531065
2020-02-14,428,285.89375586583
2020-02-14,597,385.88837452503
2020-02-14,750,661.950295611601
2020-02-14,268,292.726805300929
2020-02-14,508,387.657310890213
2020-02-14,609,535.966253187586
2020-02-14,738,464.331583059197
2020-02-14,363,473.654611790073
2020-02-14,559,567.878931670958
2020-02-14,513,613.719001318214
2020-02-14,1017,561.060827898395
2020-02-14,487,719.492509028758
2020-02-14,895,680.319193271763
2020-02-14,1119,490.365484947303
2020-02-14,1504,865.733349113373
2020-02-14,600,394.996453637363
2020-02-14,506,619.420194993771
2020-02-14,571,476.392672892295
2020-02-14,482,598.487355126904
2020-02-14,902,426.831171450955
2020-02-14,90,531.852937048492
2020-02-14,895,437.127661233785
2020-02-14,702,709.429903359993
2020-02-14,461,628.527450671366
2020-02-14,194,374.300608642563
2020-02-14,216,416.327318251986
2020-02-14,666,990.265404334332
2020-02-14,347,396.395592595019
2020-02-14,576,642.132328889374
2020-02-14,366,393.726830037247
2020-02-14,733,663.68118361208
2020-02-14,388,274.664738707239
2020-02-14,421,637.468892895119
2020-02-14,619,358.235809092416
2020-02-14,706,417.880802695752
2020-02-14,676,902.224342742078
2020-02-14,749,364.775030222634
2020-02-14,785,932.25081862806
2020-02-14,556,515.961517567834
2020-02-14,826,554.723034218088
2020-02-14,1070,711.227341740634
2020-02-14,414,597.934363674322
2020-02-14,782,648.786656697724
2020-02-14,349,331.578477265887
2020-02-14,806,672.331372719626
2020-02-14,420,599.280469539836
2020-02-14,416,617.223985761838
2020-02-14,538,613.573998788185
2020-02-14,729,543.901233644118
2020-02-14,520,198.697770923861
2020-02-14,445,414.221694396033
2020-02-14,220,218.153504955755
2020-02-14,800,354.3123759462
2020-02-14,210,404.768034114822
2020-02-14,268,299.55259543011
2020-02-14,314,366.555890015322
2020-02-14,698,593.444632096424
2020-02-14,637,404.679604661219
2020-02-14,364,476.239150060966
2020-02-14,216,559.690961901105
2020-02-14,361,176.015515638568
2020-02-14,777,786.536207262404
2020-02-14,614,547.512980695244
2020-02-14,241,414.039050972304
2020-02-14,335,277.870743477687
2020-02-14,298,242.516893216805
2020-02-14,664,475.037504214328
2020-02-14,589,794.000354314157
2020-02-14,334,366.23669730989
2020-02-14,608,606.865344067901
2020-02-14,736,603.503423675388
2020-02-14,369,404.330008478292
2020-02-14,417,349.102802318215
2020-02-14,367,471.726032886727
2020-02-14,140,335.896860137884
2020-02-14,663,390.818117404833
2020-02-14,318,285.657841062227
2020-02-14,377,327.012037822882
2020-02-14,310,350.864732452317
2020-02-14,501,476.879550457829
2020-02-14,644,403.118584351159
2020-02-14,371,501.673193245369
2020-02-14,509,366.583227937609
2020-02-14,579,403.274099339834
2020-02-14,588,355.594892332989
2020-02-14,319,471.445507187856
2020-02-14,597,538.946674329858
2020-02-14,573,499.763872679403
2020-02-14,327,360.235759338617
2020-02-14,351,428.724504021812
2020-02-14,508,510.254474441187
2020-02-14,279,579.109809318179
2020-02-14,643,400.563856801323
2020-02-14,242,357.341170044891
2020-02-14,455,385.844233846245
2020-02-14,451,584.472122852997
2020-02-14,611,540.528999885857
2020-02-14,214,459.17500762692
2020-02-14,244,332.988475283667
2020-02-14,406,320.762545249838
2020-02-14,504,622.838296293061
2020-02-14,491,400.161313245032
2020-02-14,529,235.987159890885
2020-02-14,814,392.507479450777
2020-02-14,301,389.35056153552
2020-02-14,442,521.82123797895
2020-02-14,883,428.575306592895
2020-02-14,353,340.468105536772
2020-02-14,383,548.41744807214
2020-02-14,347,305.933092378184
2020-02-14,613,706.106343804765
2020-02-14,419,617.15611996628
2020-02-14,358,285.030297284005
2020-02-14,576,473.337476440328
2020-02-14,1159,692.459785142839
2020-02-14,359,561.335213373996
2020-02-14,907,404.359229186586
2020-02-14,465,278.181997725944
2020-02-14,504,305.964138607293
2020-02-14,150,412.113511654912
2020-02-14,354,261.289679857463
2020-02-14,491,306.116647546616
2020-02-14,328,266.765000355249
2020-02-14,194,357.659974390246
2020-02-14,368,481.433519311467
2020-02-14,553,529.512939166015
2020-02-14,359,466.41622825681
2020-02-14,349,343.639941305746
2020-02-14,266,445.139213345826
2020-02-14,336,360.645875960223
2020-02-14,413,148.501341010295
2020-02-14,351,257.653610530106
2020-02-14,125,340.92552031728
2020-02-14,211,566.814924205944
2020-02-14,403,334.096129934762
2020-02-14,391,436.902371006801
2020-02-14,613,406.521748634204
2020-02-14,232,381.909347490002
2020-02-14,362,226.943774990462
2020-02-14,556,609.314564555222
2020-02-14,697,495.337200262469
2020-02-14,215,300.93157390523
2020-02-14,161,299.074411154398
2020-02-14,206,306.632146896989
2020-02-14,139,288.966399484694
2020-02-14,656,506.518574273475
2020-02-14,288,234.941682657372
2020-02-14,363,320.317781088569
2020-02-14,419,422.023938240556
2020-02-14,342,237.053567947843
2020-02-14,549,266.932250486748
2020-02-14,580,800.641800845146
2020-02-14,565,265.52543119615
2020-02-14,233,404.828024861222
2020-02-14,213,364.679193957443
2020-02-14,701,448.667417082555
2020-02-14,270,287.212279926836
2020-02-14,197,353.910782858379
2020-02-14,241,442.160404935006
2020-02-14,376,317.138303325802
2020-02-14,254,401.539168939517
2020-02-14,549,403.24820687265
2020-02-14,696,520.410024326373
2020-02-14,314,367.590207373067
2020-02-14,751,783.310252502334
2020-02-14,1033,757.019021794406
2020-02-14,468,598.48169843687
2020-02-14,1193,985.30110694996
2020-02-14,696,576.388924251409
2020-02-14,438,292.475861652056
2020-02-14,352,446.29238508113
2020-02-14,560,586.555565303309
2020-02-14,624,438.87035078239
2020-02-14,758,835.87641807368
2020-02-14,923,894.671913920478
2020-02-14,196,263.880530307272
2020-02-14,0,535.317587722662
2020-02-14,704,510.268285448273
2020-02-14,1450,950.301718661331
2020-02-14,865,756.978412121971
2020-02-14,361,842.335619178148
2020-02-14,438,607.569467848371
2020-02-14,614,595.27216031033
2020-02-14,775,677.43017072388
2020-02-14,339,518.917279968697
2020-02-14,1183,887.880149473993
2020-02-14,406,473.313803390777
2020-02-14,867,363.883949309076
2020-02-14,854,818.865335778246
2020-02-14,730,531.192845675236
2020-02-14,394,624.227345642756
2020-02-14,269,165.146004275217
2020-02-14,594,380.256555048516
2020-02-14,381,490.928425145747
2020-02-14,472,560.777685280658
2020-02-14,403,776.437974487193
2020-02-14,582,632.918797141301
2020-02-14,1301,461.562072764862
2020-02-14,311,238.851413625307
2020-02-14,584,254.744738056884
2020-02-14,473,237.02844081564
2020-02-14,182,511.717844621053
2020-02-14,745,347.669426831401
2020-02-14,500,411.26122093292
2020-02-14,213,569.295424452823
2020-02-14,1658,754.665161104119
2020-02-14,490,844.997364718948
2020-02-14,702,528.410209105637
2020-02-14,1275,1112.3966633359
2020-02-14,1131,716.933337586711
2020-02-14,927,792.767051156895
2020-02-14,964,576.954600245533
2020-02-14,631,749.094739259552
2020-02-14,725,594.35931085039
2020-02-14,177,238.900800099688
2020-02-14,366,283.172394902895
2020-02-14,459,326.797266140983
2020-02-14,376,440.371531865883
2020-02-14,373,275.87345714136
2020-02-14,275,398.945874093791
2020-02-14,540,204.487877215
2020-02-14,232,253.358169645017
2020-02-14,826,522.97567665367
2020-02-14,196,381.550831096712
2020-02-14,310,85.7116758108935
2020-02-14,593,401.881045995966
2020-02-14,288,448.747837638798
2020-02-14,321,590.968402529952
2020-02-14,366,366.134733484798
2020-02-14,382,297.079502035207
2020-02-14,527,350.81339758246
2020-02-14,968,713.853529526361
2020-02-14,290,262.040480781667
2020-02-14,237,241.892960407292
2020-02-14,287,357.614726323197
2020-02-14,191,389.607814011299
2020-02-14,254,209.0764983321
2020-02-14,278,243.941588924101
2020-02-14,213,230.381160329408
2020-02-14,267,340.685348065242
2020-02-14,62,253.79968172062
2020-02-14,139,154.403210076769
2020-02-14,189,174.103923976182
2020-02-14,119,179.443317365477
2020-02-14,117,116.238079501987
2020-02-14,138,218.853733548148
2020-02-14,213,136.320561849473
2020-02-14,173,167.847219150617
2020-02-14,145,99.7607487243075
2020-02-14,223,300.515827357092
2020-02-14,312,177.537138036116
2020-02-14,352,385.637384284123
2020-02-14,202,239.728907829027
2020-02-14,211,208.377763812106
2020-02-14,171,178.220849581531
2020-02-14,191,225.774191394456
2020-02-14,194,240.435831881896
2020-02-14,222,243.296269409607
2020-02-14,258,288.918238776895
2020-02-14,179,307.010912803016
2020-02-14,261,272.141684358329
2020-02-14,194,210.138859306163
2020-02-14,327,356.574427217509
2020-02-14,411,263.889725428234
2020-02-14,335,315.774473830403
2020-02-14,377,270.686879472052
2020-02-14,281,258.922356490186
2020-02-14,371,259.127392602764
2020-02-14,293,356.366311067043
2020-02-14,361,305.957929083084
2020-02-14,220,239.969357177243
2020-02-14,504,305.567937302856
2020-02-14,459,378.284508350788
2020-02-14,629,480.575464700084
2020-02-14,730,448.630589038941
2020-02-14,668,383.146109779257
2020-02-14,407,332.317633968325
2020-02-14,508,508.538283991271
2020-02-14,573,478.312822138582
2020-02-14,660,393.465610990641
2020-02-14,297,398.453640589524
2020-02-14,540,428.294868229962
2020-02-14,418,454.169234917884
2020-02-14,866,367.295410666851
2020-02-14,610,355.563428617546
2020-02-14,530,349.790785009798
2020-02-14,27,589.234849376823
2020-02-14,92,433.799255488062
2020-02-14,720,434.779439810866
2020-02-14,78,362.431181639372
2020-02-14,891,430.885610439135
2020-02-14,501,425.961151584583
2020-02-14,700,402.048950799259
2020-02-14,553,510.473069980973
2020-02-14,549,428.859283385381
2020-02-14,496,613.118836104205
2020-02-14,324,539.487356085844
2020-02-14,1062,441.532439171837
2020-02-14,262,402.433461332517
2020-02-14,369,495.823466843552
2020-02-14,222,382.613920596641
2020-02-14,617,228.876908222989
2020-02-14,487,426.327573444419
2020-02-14,284,368.640026048321
2020-02-14,469,474.971099923678
2020-02-14,229,506.012110828236
2020-02-14,219,286.022232221607
2020-02-14,265,327.918724372673
2020-02-14,346,400.887995403876
2020-02-14,443,321.045552574413
2020-02-14,509,460.144976830288
2020-02-14,881,660.385747280302
2020-02-14,417,507.910827488309
2020-02-14,608,442.531626822996
2020-02-14,573,351.749545643043
2020-02-14,652,409.877166611826
2020-02-14,200,256.958266156614
2020-02-14,277,362.434227419224
2020-02-14,234,272.633955759482
2020-02-14,231,206.295835712885
2020-02-14,123,279.845126951331
2020-02-14,518,332.198673870266
2020-02-14,1243,398.105004875212
2020-02-14,444,483.060787229706
2020-02-14,343,370.367223230184
2020-02-14,467,332.205691816737
2020-02-14,496,328.769514543256
2020-02-14,383,459.848478811583
2020-02-14,424,399.462602530575
2020-02-14,266,204.636818191014
2020-02-14,765,151.703010667957
2020-02-14,531,330.38675595461
2020-02-14,622,366.507903651346
2020-02-14,395,372.953076715267
2020-02-14,364,311.3705347357
2020-02-14,388,278.842267524285
2020-02-14,350,324.108205953125
2020-02-14,214,214.369481065665
2020-02-14,300,303.675974188663
2020-02-14,382,493.887354450534
2020-02-14,336,376.627836357896
2020-02-14,293,348.171643226694
2020-02-14,401,614.958560860306
2020-02-14,506,424.021604162803
2020-02-14,288,387.126423242476
2020-02-14,633,469.843700358493
2020-02-14,511,265.899951552952
2020-02-14,272,384.010080518207
2020-02-14,740,382.505020186127
2020-02-14,569,368.612662357706
2020-02-14,224,342.410748104668
2020-02-14,230,321.210632216302
2020-02-14,194,198.091313530345
2020-02-14,77,258.687225485725
2020-02-14,276,259.387527225196
2020-02-14,388,340.719461931887
2020-02-14,229,192.480826655289
2020-02-14,182,223.179025816508
2020-02-14,286,292.180354744082
2020-02-14,110,289.150893944706
2020-02-14,212,160.703478178027
2020-02-14,277,251.192441623137
2020-02-14,168,244.892098532527
2020-02-14,248,319.052225583589
2020-02-14,457,266.084500307245
2020-02-14,169,204.572965240132
2020-02-14,264,326.875697310204
2020-02-14,500,337.186314937648
2020-02-14,225,389.294314070728
2020-02-14,291,283.294804482579
2020-02-14,86,351.774673274662
2020-02-14,305,242.959514084766
2020-02-14,260,272.864677866987
2020-02-14,734,368.01368411182
2020-02-14,538,453.347665223043
2020-02-14,173,364.290118195524
2020-02-14,442,449.521262438137
2020-02-14,281,317.46917442888
2020-02-14,463,293.795793510224
2020-02-14,653,440.820566251849
2020-02-14,802,461.069049427756
2020-02-14,156,230.939118262203
2020-02-14,203,272.596635547765
2020-02-14,323,322.705634285359
2020-02-14,613,284.749113131891
2020-02-14,421,390.096663984919
2020-02-14,171,315.103682677096
2020-02-14,220,315.900062975578
2020-02-14,397,247.656921550584
2020-02-14,213,303.141268233735
2020-02-14,225,329.454474346807
2020-02-14,307,323.172998712771
2020-02-14,243,336.4587628697
2020-02-14,393,363.163301221589
2020-02-14,338,344.057807070652
2020-02-14,428,376.734341022081
2020-02-14,271,394.968069400988
2020-02-14,342,484.415631896143
2020-02-14,337,316.391219753004
2020-02-14,382,211.879268621059
2020-02-14,300,410.582699696269
2020-02-14,203,349.141531387638
2020-02-14,499,423.933233183721
2020-02-14,351,238.458215617017
2020-02-14,267,221.775613203407
2020-02-14,299,314.108160396618
2020-02-14,304,410.524055185906
2020-02-14,549,426.601279866504
2020-02-14,498,421.38509827773
2020-02-14,217,256.943608667243
2020-02-14,410,316.122693389873
2020-02-14,604,391.369148453751
2020-02-14,243,349.862652963944
2020-02-14,867,389.801056297861
2020-02-14,739,372.622435157293
2020-02-14,774,678.158433805796
2020-02-14,678,533.310289387695
2020-02-14,367,302.873027097906
2020-02-14,361,337.915559338565
2020-02-14,557,268.18661596468
2020-02-14,542,261.52235761354
2020-02-14,349,356.949598567183
2020-02-14,209,314.89423373597
2020-02-14,250,203.321602456963
2020-02-14,349,261.611755239093
2020-02-14,507,313.008785705474
2020-02-14,240,315.757511900797
2020-02-14,297,280.555667415329
2020-02-14,267,507.143024308199
2020-02-14,173,277.283186015844
2020-02-14,440,323.299919604976
2020-02-14,115,192.774103401477
2020-02-14,258,188.16418108584
2020-02-14,388,279.315142104837
2020-02-14,226,188.9909432108
2020-02-14,186,274.189578708064
2020-02-14,293,270.151406200551
2020-02-14,381,268.607908577675
2020-02-14,372,254.675784580742
2020-02-14,201,233.439491383081
2020-02-14,673,229.302543571784
2020-02-14,404,228.167260595571
2020-02-14,113,263.965787430811
2020-02-14,96,413.460786105099
2020-02-14,93,163.740189599183
2020-02-14,55,107.892966402746
2020-02-14,87,176.33239991503
2020-02-14,383,253.982781374459
2020-02-14,330,275.905542011149
2020-02-14,76,199.986539036359
2020-02-14,326,283.049244705566
2020-02-14,226,200.128572078067
2020-02-14,402,274.580952740646
2020-02-14,462,229.50389263695
2020-02-14,397,273.309241023494
2020-02-14,443,356.743865817976
2020-02-14,282,352.119630011534
2020-02-14,454,290.147392798215
2020-02-14,209,304.414539339105
2020-02-14,352,357.421163958042
2020-02-14,703,273.866058992742
2020-02-14,353,276.841041389017
2020-02-14,399,288.912055654564
2020-02-14,222,273.200493424395
2020-02-14,183,229.614339810027
2020-02-14,208,188.734008493144
2020-02-14,145,211.430325075138
2020-02-14,409,242.454455834812
2020-02-14,228,282.825573319104
2020-02-14,313,292.064231286691
2020-02-14,392,356.590433121362
2020-02-14,292,309.453112733531
2020-02-14,604,459.210289077187
2020-02-14,477,324.779438954296
2020-02-14,540,482.73725621364
2020-02-14,750,441.388260776878
2020-02-14,702,304.485672798549
2020-02-14,541,484.623001493829
2020-02-14,198,250.506095646965
2020-02-14,238,310.478282371402
2020-02-14,283,422.926856747159
2020-02-14,336,424.712403988018
2020-02-14,706,395.197448191805
2020-02-14,289,355.251082436785
2020-02-14,738,300.651246639995
2020-02-14,502,373.168034738142
2020-02-14,388,384.382500324517
2020-02-14,449,447.722170867519
2020-02-14,535,407.487420902556
2020-02-14,457,291.653163925542
2020-02-14,341,344.632179157362
2020-02-14,397,351.017539283555
2020-02-14,360,313.791290066967
2020-02-14,551,369.722690531247
2020-02-14,496,289.43631056654
2020-02-14,348,307.527952968753
2020-02-14,206,365.201743139478
2020-02-14,702,479.627471787594
2020-02-14,292,380.798598150338
2020-02-14,333,423.730972048687
2020-02-14,279,327.413729566314
2020-02-14,540,400.732499046705
2020-02-14,784,461.597043903267
2020-02-14,382,645.908072374511
2020-02-14,558,792.290405294087
2020-02-14,452,599.676982739579
2020-02-14,289,389.535209809452
2020-02-14,603,435.012301904028
2020-02-14,468,365.184192772478
2020-02-14,765,611.633794953294
2020-02-14,731,386.164263238003
2020-02-14,877,626.497905892504
2020-02-14,569,381.397294869099
2020-02-14,802,302.589376337735
2020-02-14,729,600.130393967962
2020-02-14,522,435.290643208815
2020-02-14,592,460.87906606387
2020-02-14,563,516.602817924176
2020-02-14,689,596.380915083568
2020-02-14,587,434.94724833425
2020-02-14,452,353.620329698932
2020-02-14,584,523.801821296984
2020-02-14,954,621.588447215856
2020-02-14,574,374.558859910163
2020-02-14,529,562.427748142397
2020-02-14,645,554.783630341731
2020-02-14,446,528.767675454437
2020-02-14,681,685.790506384952
2020-02-14,597,744.967410127973
2020-02-14,478,411.130786328105
2020-02-14,659,675.686823909844
2020-02-14,901,531.519890708248
2020-02-14,338,431.070094498652
2020-02-14,571,407.775909858203
2020-02-14,618,522.743210543439
2020-02-14,812,418.00083792272
2020-02-14,538,563.411335676008
2020-02-14,1045,320.9672327494
2020-02-14,506,496.492419583012
2020-02-14,549,325.401813620771
2020-02-14,338,556.37949665005
2020-02-14,387,297.741419520007
2020-02-14,619,578.914308709985
2020-02-14,507,532.994508370207
2020-02-14,810,435.333330163191
2020-02-14,736,415.191512488037
2020-02-14,718,456.54946988358
2020-02-14,824,593.384608007094
2020-02-14,353,517.855309430873
2020-02-14,369,509.522295544049
2020-02-14,762,356.304681125502
2020-02-14,426,380.658680667351
2020-02-14,870,635.622644392188
2020-02-14,464,346.779044153733
2020-02-14,763,673.590308692514
2020-02-14,260,583.001874584523
2020-02-14,742,365.745390240983
2020-02-14,511,431.806729720157
2020-02-14,738,538.882095300713
2020-02-14,793,410.249959968099
2020-02-14,720,572.796680225842
2020-02-14,790,551.961492466994
2020-02-14,377,561.946691883974
2020-02-14,648,672.817600922823
2020-02-14,729,496.698682340256
2020-02-14,566,400.999763275794
2020-02-14,1211,580.38561043161
2020-02-14,871,668.848948863299
2020-02-14,525,484.817074944876
2020-02-14,728,514.539838882457
2020-02-14,830,446.893770659835
2020-02-14,976,575.696335543825
2020-02-14,882,743.189715170348
2020-02-14,429,629.571563518391
2020-02-14,606,400.746789788869
2020-02-14,550,378.007006604407
2020-02-14,728,476.17312336674
2020-02-14,721,444.298556657393
2020-02-14,417,445.152553167595
2020-02-14,490,388.2008841385
2020-02-14,924,367.52467656621
2020-02-14,67,818.355683920353
2020-02-14,866,546.529485597798
2020-02-14,670,597.246227283184
2020-02-14,148,413.024384621187
2020-02-14,248,246.530707589469
2020-02-14,841,818.685121004933
2020-02-14,579,452.927449201526
2020-02-14,795,425.512314686195
2020-02-14,323,523.732682841906
2020-02-14,315,285.95831058824
2020-02-14,565,424.44568958984
2020-02-14,260,615.148301924129
2020-02-14,527,335.951258184098
2020-02-14,267,521.518437445094
2020-02-14,149,936.787045255431
2020-02-14,444,823.950022498004
2020-02-14,449,610.269750330659
2020-02-14,336,210.320132314257
2020-02-14,185,137.626664157897
2020-02-14,122,153.258506366054
2020-02-14,166,283.764266448275
2020-02-14,299,183.758834695126
2020-02-14,436,433.183322189089
2020-02-14,753,704.472233026484
2020-02-14,367,1205.40624046212
2020-02-14,29,580.735429893929
2020-02-14,73,1313.57814024089
2020-02-14,89,832.38285210508
2020-02-14,92,233.833444719554
2020-02-14,136,314.665712926445
2020-02-14,28,250.0107511469
2020-02-14,153,606.71303843772
2020-02-14,95,681.482428115705
2020-02-14,241,1225.18054538099
2020-02-14,29,680.492579443761
2020-02-15,520,299.874828526524
2020-02-15,284,322.645326068686
2020-02-15,286,342.973133037163
2020-02-15,345,261.61865387706
2020-02-15,379,240.322932471818
2020-02-15,250,224.731565652299
2020-02-15,153,174.405643318648
2020-02-15,172,171.460123899736
2020-02-15,86,96.1481521417799
2020-02-15,208,309.135391259673
2020-02-15,171,203.113808695321
2020-02-15,144,186.514369096495
2020-02-15,181,112.250911294052
2020-02-15,196,413.899488667013
2020-02-15,194,180.639735626504
2020-02-15,208,208.328494575088
2020-02-15,328,199.430283970801
2020-02-15,293,338.372214074305
2020-02-15,233,308.247253989178
2020-02-15,331,303.778827762616
2020-02-15,221,329.421046349747
2020-02-15,154,306.44137270114
2020-02-15,290,176.031450156606
2020-02-15,201,220.150236831631
2020-02-15,334,563.442742434321
2020-02-15,315,411.537956785872
2020-02-15,272,228.930322084314
2020-02-15,469,300.20625720683
2020-02-15,493,254.767958267103
2020-02-15,538,412.304890003086
2020-02-15,554,403.454309057691
2020-02-15,475,535.847100134565
2020-02-15,307,228.258199144212
2020-02-15,298,383.681013056693
2020-02-15,218,353.916561429555
2020-02-15,192,342.072010970089
2020-02-15,451,518.503556898807
2020-02-15,476,590.416986038645
2020-02-15,400,441.833356183864
2020-02-15,265,316.820559481371
2020-02-15,556,338.932396517292
2020-02-15,337,299.216675272128
2020-02-15,512,387.734166637526
2020-02-15,409,296.257591040125
2020-02-15,265,326.089483393456
2020-02-15,360,830.440607578843
2020-02-15,363,584.429692363777
2020-02-15,370,490.314930345874
2020-02-15,374,452.610838307931
2020-02-15,200,261.367440627132
2020-02-15,624,220.317334093879
2020-02-15,224,211.363609460699
2020-02-15,457,361.414716760954
2020-02-15,633,282.302325166824
2020-02-15,293,340.795061649214
2020-02-15,436,496.762592620943
2020-02-15,512,461.08445867981
2020-02-15,201,228.153444589068
2020-02-15,288,212.958986293543
2020-02-15,258,272.220206735471
2020-02-15,212,338.952433376152
2020-02-15,305,277.14877050937
2020-02-15,677,543.217840798619
2020-02-15,926,473.61697979224
2020-02-15,360,469.683361090102
2020-02-15,514,460.115103109366
2020-02-15,493,429.238333089753
2020-02-15,576,417.60605355047
2020-02-15,240,175.353793381547
2020-02-15,726,297.114512278316
2020-02-15,495,395.500961317966
2020-02-15,591,337.756749981357
2020-02-15,841,472.323275593219
2020-02-15,310,364.490273203407
2020-02-15,287,294.439279007029
2020-02-15,313,458.390006285538
2020-02-15,582,560.159488242885
2020-02-15,350,402.704164654528
2020-02-15,589,470.018798751885
2020-02-15,787,651.554603377019
2020-02-15,471,287.360486702188
2020-02-15,545,304.642812752867
2020-02-15,110,384.385254548185
2020-02-15,340,417.39739304325
2020-02-15,257,316.097851416996
2020-02-15,278,161.10947481623
2020-02-15,327,426.87446032221
2020-02-15,192,257.907569603609
2020-02-15,296,335.500179650534
2020-02-15,168,490.201423768412
2020-02-15,517,259.344470097253
2020-02-15,678,399.866381129147
2020-02-15,335,533.422334954151
2020-02-15,358,639.734162213271
2020-02-15,1554,800.958765170849
2020-02-15,1001,781.493038133794
2020-02-15,819,923.500324660556
2020-02-15,1014,585.374359399
2020-02-15,801,883.477039708199
2020-02-15,824,632.391044395832
2020-02-15,530,550.591870330597
2020-02-15,490,622.755134481365
2020-02-15,538,429.596332652658
2020-02-15,215,281.314259698348
2020-02-15,665,427.585714905297
2020-02-15,517,788.230767318652
2020-02-15,346,424.023703817359
2020-02-15,605,530.305842839473
2020-02-15,290,204.113513916881
2020-02-15,253,259.6981615107
2020-02-15,240,259.875057339054
2020-02-15,206,268.884100935385
2020-02-15,311,141.975131841529
2020-02-15,244,254.054736291616
2020-02-15,313,301.406384302073
2020-02-15,311,338.587108225968
2020-02-15,855,721.38846229547
2020-02-15,826,673.406316485712
2020-02-15,898,809.119229396212
2020-02-15,783,1121.96894644057
2020-02-15,434,773.359828289188
2020-02-15,1439,1167.0055798568
2020-02-15,1919,654.053263995263
2020-02-15,1535,745.194213244124
2020-02-15,810,825.228354745214
2020-02-15,943,638.087008078039
2020-02-15,1197,729.898601185652
2020-02-15,260,308.622256618021
2020-02-15,138,421.748481765885
2020-02-15,0,308.983603031044
2020-02-15,18,1353.87398950371
2020-02-15,496,538.012492527015
2020-02-15,525,793.037264037231
2020-02-15,413,357.230161925228
2020-02-15,548,505.079802788027
2020-02-15,937,1031.59040138019
2020-02-15,563,678.889831686946
2020-02-15,904,628.302494116334
2020-02-15,456,506.868373801934
2020-02-15,504,475.43158285053
2020-02-15,566,473.961325456526
2020-02-15,495,420.759471294736
2020-02-15,826,528.051369529093
2020-02-15,352,636.716820681111
2020-02-15,1281,561.859729743452
2020-02-15,643,471.374092946784
2020-02-15,572,306.831993198404
2020-02-15,446,325.886556929306
2020-02-15,865,311.067332680561
2020-02-15,475,243.775565530648
2020-02-15,309,283.739205238936
2020-02-15,287,155.855024793537
2020-02-15,281,286.986751321655
2020-02-15,270,299.858600486109
2020-02-15,561,586.205228097291
2020-02-15,329,328.44724781607
2020-02-15,756,671.679115832069
2020-02-15,400,474.854683941657
2020-02-15,490,452.750996692258
2020-02-15,234,458.3741140936
2020-02-15,467,561.301696786816
2020-02-15,636,451.146520098296
2020-02-15,355,289.449374990196
2020-02-15,552,443.848849138736
2020-02-15,212,483.734988121248
2020-02-15,579,507.135223028423
2020-02-15,256,578.642004921184
2020-02-15,625,333.09158019555
2020-02-15,422,629.326818905632
2020-02-15,889,874.385450412029
2020-02-15,1081,485.041097683749
2020-02-15,850,661.152469308733
2020-02-15,832,558.415723226048
2020-02-15,423,305.989204400251
2020-02-15,544,215.221426032005
2020-02-15,231,326.258445561023
2020-02-15,663,567.945089065712
2020-02-15,282,299.455922625799
2020-02-15,470,303.703965506642
2020-02-15,364,401.685099713117
2020-02-15,841,575.779844610283
2020-02-15,978,611.933108319208
2020-02-15,663,452.81231650434
2020-02-15,750,542.259689655239
2020-02-15,512,503.29479730537
2020-02-15,215,538.522285893005
2020-02-15,200,274.016237309771
2020-02-15,238,315.7211906808
2020-02-15,646,372.75170840751
2020-02-15,321,411.97219020788
2020-02-15,656,457.270633052889
2020-02-15,827,426.430337843216
2020-02-15,210,290.449381968788
2020-02-15,464,255.071315360314
2020-02-15,390,192.514863906979
2020-02-15,263,150.805646756386
2020-02-15,330,351.852726066061
2020-02-15,204,424.523245987475
2020-02-15,248,258.609495990232
2020-02-15,517,320.683048139247
2020-02-15,989,282.826894484794
2020-02-15,329,202.109458866867
2020-02-15,616,148.393974871627
2020-02-15,115,111.243068079444
2020-02-15,356,885.402429428682
2020-02-15,883,637.77090707507
2020-02-15,683,394.911397424847
2020-02-15,458,163.114503074092
2020-02-15,1167,819.071212525652
2020-02-15,235,367.953201987887
2020-02-15,328,314.62916062906
2020-02-15,325,338.033123587916
2020-02-15,225,273.562070047532
2020-02-15,555,279.871328822015
2020-02-15,301,389.151190066643
2020-02-15,279,313.610939989415
2020-02-15,348,244.705904850018
2020-02-15,182,216.715575761173
2020-02-15,149,730.804018120783
2020-02-15,261,591.816122574101
2020-02-15,640,336.8429314715
2020-02-15,428,815.298546064695
2020-02-15,417,578.410520316216
2020-02-15,531,564.089526989921
2020-02-15,794,554.251273269363
2020-02-15,915,927.010295771209
2020-02-15,366,457.06764708351
2020-02-15,567,675.764008639173
2020-02-15,569,287.277676351692
2020-02-15,327,287.421056693599
2020-02-15,225,537.187960347566
2020-02-15,887,588.207672006618
2020-02-15,439,780.511272844225
2020-02-15,613,428.852752157709
2020-02-15,867,342.64702302852
2020-02-15,566,585.57502825448
2020-02-15,454,657.966036495044
2020-02-15,301,118.215996459305
2020-02-15,1106,481.697685260935
2020-02-15,1108,549.052926200204
2020-02-15,1133,818.848194645092
2020-02-15,531,796.890525473683
2020-02-15,889,515.15452634088
2020-02-15,1107,979.386768071872
2020-02-15,766,350.104689045531
2020-02-15,480,733.314038357398
2020-02-15,589,493.76415128002
2020-02-15,198,867.728538115491
2020-02-15,402,373.753575268869
2020-02-15,721,699.404828091075
2020-02-15,703,803.610705691223
2020-02-15,785,844.18941627092
2020-02-15,725,498.34489071566
2020-02-15,935,511.459468607801
2020-02-15,1524,703.039600731864
2020-02-15,1118,331.749269251571
2020-02-15,581,439.877784059066
2020-02-15,569,294.508322360929
2020-02-15,310,672.553205227295
2020-02-15,353,475.814234633426
2020-02-15,212,403.705878202326
2020-02-15,60,280.219786863301
2020-02-15,0,267.229893157984
2020-02-15,193,163.860923751255
2020-02-15,160,330.685165882234
2020-02-15,171,138.301931106522
2020-02-15,82,278.728070631519
2020-02-15,332,313.708942388123
2020-02-15,322,349.692049574372
2020-02-15,514,244.830189232034
2020-02-15,319,274.579452872322
2020-02-15,505,345.138167466112
2020-02-15,471,340.431877006529
2020-02-15,375,330.954050451145
2020-02-15,388,227.450233878992
2020-02-15,443,349.616280767664
2020-02-15,195,168.700291199008
2020-02-15,194,179.379144374
2020-02-15,135,372.855559501205
2020-02-15,173,177.957147047484
2020-02-15,604,404.865761416531
2020-02-15,258,244.295287858419
2020-02-15,436,297.837215330171
2020-02-15,333,271.506726934235
2020-02-15,606,537.168857247864
2020-02-15,387,323.986929507612
2020-02-15,381,451.903803491954
2020-02-15,514,283.544663589842
2020-02-15,460,379.653521403491
2020-02-15,813,765.608269651274
2020-02-15,780,494.369989237057
2020-02-15,955,623.189818397393
2020-02-15,268,351.959487717898
2020-02-15,877,622.366762970059
2020-02-15,1111,789.534081477621
2020-02-15,784,439.057161085943
2020-02-15,345,458.939650586928
2020-02-15,458,467.844919436392
2020-02-15,859,519.48938068911
2020-02-15,1067,604.135933167198
2020-02-15,410,572.981924196293
2020-02-15,352,430.543108739
2020-02-15,459,462.682878364082
2020-02-15,312,588.426619267155
2020-02-15,653,349.480491801328
2020-02-15,529,420.572632174271
2020-02-15,331,253.451515129788
2020-02-15,234,260.960754699442
2020-02-15,248,459.086036221983
2020-02-15,353,272.691278448416
2020-02-15,576,367.019344686687
2020-02-15,267,331.948780125723
2020-02-15,218,391.290515081451
2020-02-15,418,309.59383146008
2020-02-15,326,398.98294153506
2020-02-15,271,357.62752424778
2020-02-15,373,401.910506331103
2020-02-15,402,333.214027539739
2020-02-15,471,400.016000086933
2020-02-15,372,269.260962505002
2020-02-15,296,376.995837941462
2020-02-15,230,465.551966792213
2020-02-15,261,353.92207999867
2020-02-15,338,490.846407124219
2020-02-15,344,307.714338390765
2020-02-15,533,396.155506149147
2020-02-15,289,390.623807688542
2020-02-15,235,350.106432296548
2020-02-15,753,364.619869046396
2020-02-15,555,549.987236123729
2020-02-15,655,468.88026168196
2020-02-15,690,606.673259569081
2020-02-15,595,574.01510636357
2020-02-15,624,461.173690910628
2020-02-15,424,405.934342744854
2020-02-15,321,627.500333474051
2020-02-15,688,718.699816888879
2020-02-15,889,674.728351699732
2020-02-15,684,508.367466179434
2020-02-15,719,532.984755421168
2020-02-15,328,204.536544101786
2020-02-15,599,317.205815779966
2020-02-15,331,362.483423018969
2020-02-15,541,571.140364229762
2020-02-15,439,516.193237816284
2020-02-15,577,568.22672663441
2020-02-15,343,308.952034024445
2020-02-15,262,344.168386730179
2020-02-15,425,274.526015839174
2020-02-15,681,677.853834305192
2020-02-15,641,339.568711992258
2020-02-15,603,592.923555040561
2020-02-15,420,444.034383518821
2020-02-15,650,757.728617465289
2020-02-15,1019,715.288291937026
2020-02-15,586,650.481898822277
2020-02-15,470,645.778559609229
2020-02-15,810,679.586252959377
2020-02-15,635,643.061448642689
2020-02-15,562,678.83170299727
2020-02-15,1210,801.586016507606
2020-02-15,839,687.979084416365
2020-02-15,544,574.537153117332
2020-02-15,476,571.729959783381
2020-02-15,690,611.770845958888
2020-02-15,1346,603.786904648787
2020-02-15,863,637.895364633448
2020-02-15,866,775.574921840286
2020-02-15,609,362.519290419623
2020-02-15,267,688.139344931909
2020-02-15,151,268.333851027829
2020-02-15,728,795.092472509588
2020-02-15,594,700.074237865645
2020-02-15,631,430.882528997369
2020-02-15,1455,684.772417824081
2020-02-15,443,480.567228310256
2020-02-15,806,597.907649699745
2020-02-15,166,241.47561967894
2020-02-15,310,136.265213795587
2020-02-15,725,505.483651679566
2020-02-15,117,377.029608992008
2020-02-15,383,611.064396277408
2020-02-15,473,275.096847707807
2020-02-15,741,383.350326952536
2020-02-15,586,469.510157087164
2020-02-15,694,453.530017765804
2020-02-15,623,576.861706740468
2020-02-15,666,815.100817925033
2020-02-15,521,327.588928276785
2020-02-15,531,396.403315841992
2020-02-15,521,597.23356111976
2020-02-15,574,468.086685314362
2020-02-15,341,389.690623019232
2020-02-15,790,298.542103865233
2020-02-15,636,853.77874222245
2020-02-15,984,581.057816332285
2020-02-15,534,576.522851581526
2020-02-15,380,278.459384394197
2020-02-15,710,567.482814023177
2020-02-15,612,937.181169185714
2020-02-15,1863,1040.82553987555
2020-02-15,1282,634.874354961509
2020-02-15,1046,896.789435616454
2020-02-15,255,1032.40874158801
2020-02-15,365,332.385650117773
2020-02-15,411,455.878263601235
2020-02-15,305,269.358094355065
2020-02-15,276,302.247357050851
2020-02-15,389,529.416666572802
2020-02-15,394,515.331700840591
2020-02-15,833,614.229605511961
2020-02-15,764,658.343812446693
2020-02-15,410,433.841918241147
2020-02-15,554,419.578303282971
2020-02-15,498,714.567885252314
2020-02-15,631,566.294853061679
2020-02-15,1048,612.197413121688
2020-02-15,814,476.141589718472
2020-02-15,526,569.642957760581
2020-02-15,664,733.69430976345
2020-02-15,455,741.880556339026
2020-02-15,631,518.887627055483
2020-02-15,643,830.010249314023
2020-02-15,1311,788.001960382774
2020-02-15,649,414.807022761688
2020-02-15,496,444.603371425459
2020-02-15,712,599.174504566151
2020-02-15,584,600.931032018018
2020-02-15,378,304.82286564396
2020-02-15,510,422.773925176972
2020-02-15,369,594.557993871435
2020-02-15,623,425.230759397964
2020-02-15,334,536.799527490401
2020-02-15,568,442.780341183509
2020-02-15,503,648.866050742793
2020-02-15,1066,504.009696988395
2020-02-15,877,667.306083142525
2020-02-15,1520,479.864428244689
2020-02-15,677,670.297248079758
2020-02-15,1447,768.587210565584
2020-02-15,775,902.98832681186
2020-02-15,1188,848.248271835365
2020-02-15,978,654.580079205283
2020-02-15,335,637.25870274489
2020-02-15,550,472.904113333898
2020-02-15,609,480.703382293329
2020-02-15,195,105.813690686885
2020-02-15,627,606.151088428721
2020-02-15,937,759.217055101762
2020-02-15,1074,496.515331776466
2020-02-15,553,731.055263673732
2020-02-15,2175,767.314963744564
2020-02-15,279,307.507742658423
2020-02-15,886,884.991137304322
2020-02-15,263,660.457687541614
2020-02-15,139,227.400600706347
2020-02-15,250,272.406459445504
2020-02-15,244,320.834037758603
2020-02-15,359,152.490768724125
2020-02-15,451,452.065350707265
2020-02-15,516,644.385165200026
2020-02-15,435,117.652669456516
2020-02-15,350,552.035662857607
2020-02-15,164,162.998284510049
2020-02-15,688,222.750936504082
2020-02-15,465,169.403208537956
2020-02-15,334,247.866923549524
2020-02-15,309,177.764754993543
2020-02-15,169,365.747532557206
2020-02-15,511,273.465502860286
2020-02-15,257,364.852869582054
2020-02-15,780,427.226155862433
2020-02-15,363,247.906925699643
2020-02-15,120,258.432610121373
2020-02-15,120,139.86463200623
2020-02-15,160,167.726515010936
2020-02-15,178,328.895248603807
2020-02-15,112,311.504714866672
2020-02-15,0,166.262681479258
2020-02-15,334,712.81084094215
2020-02-15,220,406.014563194683
2020-02-15,301,442.011031966393
2020-02-15,442,393.500415593683
2020-02-15,714,962.724486764404
2020-02-15,630,516.244314319709
2020-02-15,640,629.271700553618
2020-02-15,856,676.831680093829
2020-02-15,917,649.054442195851
2020-02-15,894,711.528157397696
2020-02-15,913,557.309358779852
2020-02-15,583,666.151887345762
2020-02-15,744,639.645256803772
2020-02-15,513,659.013271501371
2020-02-15,286,651.33437799316
2020-02-15,330,393.268610589772
2020-02-15,670,543.294912488429
2020-02-15,865,873.447613453739
2020-02-15,924,612.866321161918
2020-02-15,217,581.048855799214
2020-02-15,896,474.175167129302
2020-02-15,566,540.654365784912
2020-02-15,154,412.588870290559
2020-02-15,863,725.638261284559
2020-02-15,352,369.390534266949
2020-02-15,382,354.710881399342
2020-02-15,459,415.179955650394
2020-02-15,612,663.980225735777
2020-02-15,649,334.302348633988
2020-02-15,1189,685.963797444958
2020-02-15,613,976.580178109677
2020-02-15,598,497.86341292156
2020-02-15,911,541.263344410039
2020-02-15,500,655.83130871921
2020-02-15,1294,735.95925620738
2020-02-15,358,414.603398764865
2020-02-15,694,703.762643132595
2020-02-15,924,583.668269178991
2020-02-15,395,717.802892024568
2020-02-15,1058,411.384814159085
2020-02-15,421,632.734785581894
2020-02-15,275,571.870381064992
2020-02-15,492,553.510745753465
2020-02-15,588,507.443623426206
2020-02-15,469,744.54808418654
2020-02-15,518,451.692441921836
2020-02-15,347,448.799523144752
2020-02-15,633,601.0450831747
2020-02-15,608,653.663827150531
2020-02-15,924,397.159513987938
2020-02-15,1120,618.66959676747
2020-02-15,1371,662.507463280136
2020-02-15,193,553.002966382587
2020-02-15,620,473.432230014854
2020-02-15,295,655.781411138701
2020-02-15,749,298.153140676866
2020-02-15,354,662.491823696221
2020-02-15,592,687.439219331213
2020-02-15,522,603.180127614806
2020-02-15,448,681.967722423895
2020-02-15,871,683.880324233435
2020-02-15,751,801.171054196188
2020-02-15,511,284.517799404523
2020-02-15,634,574.928313618898
2020-02-15,555,390.911431930501
2020-02-15,278,321.649012736194
2020-02-15,631,1074.54612009749
2020-02-15,441,499.306239857454
2020-02-15,209,312.80682749745
2020-02-15,351,352.770894592504
2020-02-15,582,409.934656178389
2020-02-15,278,514.402178958315
2020-02-15,507,374.736503797092
2020-02-15,350,337.725115600182
2020-02-15,61,112.767226524135
2020-02-15,381,272.912537957984
2020-02-15,1166,580.31225325174
2020-02-15,292,249.680590931315
2020-02-15,424,364.995685870528
2020-02-15,641,602.570328751724
2020-02-15,803,478.089124337779
2020-02-15,171,317.952809071998
2020-02-15,452,251.188365408424
2020-02-15,102,341.446017267869
2020-02-15,125,94.5110565628846
2020-02-15,884,753.072485392384
2020-02-15,569,596.089716011304
2020-02-15,788,231.520558098695
2020-02-15,247,520.882850047918
2020-02-15,533,663.618509284723
2020-02-15,616,701.930710294957
2020-02-15,828,541.82717314452
2020-02-15,264,266.59060676347
2020-02-15,189,292.791334514552
2020-02-15,226,335.363417754905
2020-02-15,405,445.885614026106
2020-02-15,1030,541.612496099672
2020-02-15,1154,683.06136800685
2020-02-15,764,621.873388241077
2020-02-15,1105,532.729563902572
2020-02-15,802,792.287438481533
2020-02-15,648,561.009573053589
2020-02-15,479,385.999112634363
2020-02-15,440,476.584319820686
2020-02-15,448,405.698362948326
2020-02-15,437,485.502915984931
2020-02-15,724,461.361909977518
2020-02-15,461,701.450392076927
2020-02-15,536,610.406548840403
2020-02-15,178,511.640999097821
2020-02-15,517,422.902046050137
2020-02-15,801,297.016818129449
2020-02-15,481,343.49846882853
2020-02-15,234,263.929062009933
2020-02-15,949,491.39927552397
2020-02-15,459,229.690370652661
2020-02-15,547,343.059713651465
2020-02-15,1085,397.672137182699
2020-02-15,482,280.242760032117
2020-02-15,447,491.082011475345
2020-02-15,518,441.882572999189
2020-02-15,467,400.593812797219
2020-02-15,173,332.875399148125
2020-02-15,359,369.68819342526
2020-02-15,546,373.518823426014
2020-02-15,934,821.739931970953
2020-02-15,788,587.78942123622
2020-02-15,442,463.755658979276
2020-02-15,470,582.76558911609
2020-02-15,581,496.947563169894
2020-02-15,345,337.526171597717
2020-02-15,1152,541.858116382776
2020-02-15,181,519.545732467848
2020-02-15,295,411.089419628822
2020-02-15,837,708.082735391537
2020-02-15,252,421.278213939715
2020-02-15,993,692.682337296373
2020-02-15,1330,548.425990112198
2020-02-15,1025,599.578544195097
2020-02-15,1011,561.304883284696
2020-02-15,1082,563.163392602825
2020-02-15,115,144.01272930042
2020-02-15,14,490.517349270667
2020-02-15,287,313.88881298588
2020-02-15,211,366.541966488736
2020-02-15,509,324.995605167435
2020-02-15,413,145.923589665455
2020-02-15,456,713.156692809712
2020-02-15,482,536.41426650669
2020-02-15,385,353.434639224146
2020-02-15,501,306.601538651232
2020-02-15,585,456.033537068162
2020-02-15,365,411.929574134881
2020-02-15,334,422.071282290373
2020-02-15,180,298.163399149483
2020-02-15,256,180.999737904274
2020-02-15,549,571.024983936045
2020-02-15,470,544.164202618949
2020-02-15,690,564.179796480185
2020-02-15,347,232.176814699761
2020-02-15,825,338.848565741948
2020-02-15,223,425.028564340771
2020-02-15,665,858.172031149691
2020-02-15,362,363.725205309789
2020-02-15,779,492.451128400043
2020-02-15,274,367.731438358229
2020-02-15,511,276.40555890761
2020-02-15,419,420.950513181065
2020-02-15,238,217.926624669995
2020-02-15,160,387.17744320731
2020-02-15,618,500.998697271519
2020-02-15,520,513.089657621151
2020-02-15,567,697.444844673313
2020-02-15,1132,440.106612435911
2020-02-15,536,574.230487820676
2020-02-15,669,668.393179915773
2020-02-15,592,452.828170027789
2020-02-15,800,498.197510111078
2020-02-15,221,267.924938637408
2020-02-15,225,302.539265334027
2020-02-15,376,361.17938380551
2020-02-15,361,266.968603612178
2020-02-15,434,433.452291585154
2020-02-15,644,357.291829629441
2020-02-15,546,420.641346655161
2020-02-15,387,387.085481109666
2020-02-15,710,358.376767767055
2020-02-15,434,558.375574230365
2020-02-15,89,147.350531461757
2020-02-15,328,352.856189266672
2020-02-15,644,315.110769582026
2020-02-15,532,534.473663775718
2020-02-15,637,407.520054338602
2020-02-15,340,430.216116833742
2020-02-15,539,456.488262835087
2020-02-15,430,648.892944310338
2020-02-15,515,271.396612206644
2020-02-15,304,124.862061746815
2020-02-15,152,140.908544332426
2020-02-15,544,373.28559020114
2020-02-15,246,276.637603368762
2020-02-15,448,369.723276817196
2020-02-15,1012,664.671642424864
2020-02-15,529,455.807996193512
2020-02-15,512,708.650967206286
2020-02-15,466,853.46454730661
2020-02-15,404,276.962677561955
2020-02-15,254,409.477203801291
2020-02-15,1152,509.641747644555
2020-02-15,914,622.799196476011
2020-02-15,370,472.144129932491
2020-02-15,607,387.950313177272
2020-02-15,694,397.554078149211
2020-02-15,324,538.719955550603
2020-02-15,934,317.481107221407
2020-02-15,215,351.835758138047
2020-02-15,353,399.739108297897
2020-02-15,661,249.984596363227
2020-02-15,202,93.9204495428111
2020-02-15,413,439.490074341593
2020-02-15,515,245.717403333584
2020-02-15,774,538.901698746088
2020-02-15,342,217.691175137917
2020-02-15,348,433.431085194544
2020-02-15,506,239.847163081843
2020-02-15,227,266.855906281461
2020-02-15,1016,509.620974077924
2020-02-15,314,189.605131532221
2020-02-15,522,649.052304537563
2020-02-15,273,411.408748146621
2020-02-15,497,368.252099731041
2020-02-15,389,373.627378976551
2020-02-15,523,561.505720345244
2020-02-15,164,465.712626411054
2020-02-15,864,450.315500940028
2020-02-15,599,441.919752327482
2020-02-15,301,390.388770667502
2020-02-15,120,405.078039190888
2020-02-15,460,441.431898935975
2020-02-15,386,141.658044725241
2020-02-15,172,165.218052530074
2020-02-15,201,223.834700296234
2020-02-15,437,428.227863255932
2020-02-15,546,191.686150919484
2020-02-15,538,377.215399921053
2020-02-15,488,336.324520336364
2020-02-15,285,366.373957788361
2020-02-15,67,195.186595014319
2020-02-15,837,660.315423066314
2020-02-15,362,412.746953737418
2020-02-15,243,748.610049310596
2020-02-15,457,479.2169489547
2020-02-15,772,714.067090915743
2020-02-15,333,486.016200207009
2020-02-15,398,409.429209319938
2020-02-15,318,260.002537021415
2020-02-15,191,419.855382455281
2020-02-15,1271,558.179644107421
2020-02-15,289,226.605078686723
2020-02-15,808,438.698697677947
2020-02-15,522,492.562812789246
2020-02-15,620,341.873598089656
2020-02-15,570,270.046328489067
2020-02-15,484,431.294998137772
2020-02-15,466,355.645709227918
2020-02-15,598,404.895666225066
2020-02-15,271,490.630646626722
2020-02-15,317,401.194023691959
2020-02-15,188,236.592384362874
2020-02-15,285,382.683865079275
2020-02-15,435,252.136782587676
2020-02-15,308,274.832713265927
2020-02-15,501,288.345529821733
2020-02-15,263,443.751263213921
2020-02-15,199,449.614888671357
2020-02-15,410,249.864222188922
2020-02-15,285,350.589063852412
2020-02-15,411,251.849512926426
2020-02-15,355,440.785129348039
2020-02-15,435,478.502387340876
2020-02-15,229,263.209936788018
2020-02-15,290,196.58186051953
2020-02-15,427,282.962572113252
2020-02-15,457,291.128016452858
2020-02-15,223,434.774693509692
2020-02-15,557,406.735085440991
2020-02-15,353,283.049404279793
2020-02-15,412,362.983326040497
2020-02-15,414,355.360060934723
2020-02-15,299,317.854977518159
2020-02-15,403,367.924719429123
2020-02-15,257,270.803936116678
2020-02-15,655,300.557900543731
2020-02-15,336,333.484579768808
2020-02-15,355,238.746088860035
2020-02-15,305,330.244241828087
2020-02-15,373,448.392457117533
2020-02-15,342,291.940452933362
2020-02-15,199,234.058204119025
2020-02-15,553,432.249682421965
2020-02-15,816,369.446444920983
2020-02-15,320,421.523754376146
2020-02-15,490,270.059413227183
2020-02-15,541,338.424784903308
2020-02-15,558,460.315850033162
2020-02-15,554,398.467086660945
2020-02-15,270,391.857211553925
2020-02-15,140,610.597227748294
2020-02-15,283,242.181479679264
2020-02-15,738,551.026292407346
2020-02-15,566,333.111287440648
2020-02-15,516,387.231776207165
2020-02-15,234,386.646403457264
2020-02-15,987,457.229055739964
2020-02-15,1052,328.881392704175
2020-02-15,618,529.623961354286
2020-02-15,548,557.58454730903
2020-02-15,365,402.295209466026
2020-02-15,152,440.47385397457
2020-02-15,357,317.927563663918
2020-02-15,206,178.813572320338
2020-02-15,323,305.669034582309
2020-02-15,196,291.787113236225
2020-02-15,116,187.83440474422
2020-02-15,160,232.663484907923
2020-02-15,281,224.174600169118
2020-02-15,228,195.872826171532
2020-02-15,239,187.913028177358
2020-02-15,209,282.579028654893
2020-02-15,247,182.423237418061
2020-02-15,473,325.499473337939
2020-02-15,554,401.891137201235
2020-02-15,290,307.093445270443
2020-02-15,303,334.40129541056
2020-02-15,136,479.157383271992
2020-02-15,377,420.893171893481
2020-02-15,281,478.690522327708
2020-02-15,377,246.584453446144
2020-02-15,513,625.328410755884
2020-02-15,501,503.083701715278
2020-02-15,1304,442.523829510249
2020-02-15,965,433.379361715273
2020-02-15,734,457.700551131604
2020-02-15,635,611.17763830786
2020-02-15,347,473.42936741921
2020-02-15,336,412.475066422182
2020-02-15,290,316.861275376043
2020-02-15,560,395.255059679938
2020-02-15,251,368.371957985454
2020-02-15,237,450.808863300836
2020-02-15,195,394.642110126695
2020-02-15,170,135.753797248566
2020-02-15,223,166.418858735214
2020-02-15,371,374.77087568485
2020-02-15,339,397.239070344408
2020-02-15,521,445.222778420979
2020-02-15,1115,521.559502263105
2020-02-15,850,488.594072995143
2020-02-15,676,366.333379826411
2020-02-15,164,325.168337175129
2020-02-15,166,356.167658089364
2020-02-15,399,474.137282564567
2020-02-15,335,441.59090597871
2020-02-15,294,282.75541106468
2020-02-15,746,378.334289407616
2020-02-15,424,569.775519109705
2020-02-15,513,566.400302518333
2020-02-15,459,321.531963141901
2020-02-15,635,492.797469653475
2020-02-15,272,356.524242882601
2020-02-15,158,427.821940819249
2020-02-15,452,404.27772847029
2020-02-15,294,341.055178599372
2020-02-15,450,284.30783017087
2020-02-15,409,236.060048649648
2020-02-15,244,470.675312972644
2020-02-15,325,364.25381885377
2020-02-15,525,276.459999949543
2020-02-15,743,285.373863191281
2020-02-15,293,393.925148692175
2020-02-15,271,417.979769471908
2020-02-15,488,387.769982492266
2020-02-15,374,243.046854887586
2020-02-15,520,333.969027191987
2020-02-15,631,582.629012897857
2020-02-15,244,254.039333975475
2020-02-15,455,336.490905116278
2020-02-15,505,472.08238271639
2020-02-15,644,410.94071916576
2020-02-15,329,416.610603166316
2020-02-15,509,488.729811801917
2020-02-15,451,539.748974248563
2020-02-15,930,500.577834899531
2020-02-15,436,644.630044238841
2020-02-15,838,609.534476958914
2020-02-15,981,442.0377320958
2020-02-15,1365,777.2935312673
2020-02-15,538,339.06397427381
2020-02-15,464,535.726764811537
2020-02-15,487,429.363858493334
2020-02-15,427,514.820841850468
2020-02-15,829,374.255201549414
2020-02-15,64,472.931215631786
2020-02-15,795,388.988495073195
2020-02-15,623,625.741150734769
2020-02-15,438,552.435837852103
2020-02-15,150,335.762268828078
2020-02-15,185,370.85739692076
2020-02-15,584,871.618208601684
2020-02-15,320,344.805574499934
2020-02-15,523,565.933171129766
2020-02-15,314,345.844108256599
2020-02-15,613,583.521515824705
2020-02-15,357,239.419350491755
2020-02-15,403,554.758159686747
2020-02-15,548,314.050226022303
2020-02-15,596,370.821120495117
2020-02-15,585,830.339924780239
2020-02-15,652,322.644157099924
2020-02-15,747,858.496838688027
2020-02-15,520,475.950572859303
2020-02-15,726,501.343894711005
2020-02-15,936,640.6836088498
2020-02-15,342,539.497433828561
2020-02-15,703,579.2654724612
2020-02-15,335,289.395352602584
2020-02-15,704,603.175924677089
2020-02-15,387,534.754364374919
2020-02-15,383,558.28479265053
2020-02-15,489,556.808658589222
2020-02-15,664,491.493491501055
2020-02-15,485,179.385132997645
2020-02-15,459,372.011384105223
2020-02-15,225,203.742369178204
2020-02-15,741,325.61535597505
2020-02-15,169,370.407274420678
2020-02-15,265,269.892690736761
2020-02-15,286,344.05177728868
2020-02-15,650,529.021223101268
2020-02-15,535,377.511072880686
2020-02-15,362,434.191146690265
2020-02-15,201,514.30916301024
2020-02-15,328,160.868720203036
2020-02-15,661,725.783162089898
2020-02-15,600,509.906314945772
2020-02-15,230,384.173111992221
2020-02-15,370,252.156308236124
2020-02-15,268,225.018385270525
2020-02-15,607,426.183467489665
2020-02-15,517,689.69495387816
2020-02-15,276,325.038142900436
2020-02-15,549,539.410682847354
2020-02-15,730,551.084045315589
2020-02-15,336,377.610435368595
2020-02-15,331,323.7237502056
2020-02-15,343,424.368015321451
2020-02-15,122,300.003636905892
2020-02-15,558,338.479151550386
2020-02-15,259,249.076004805321
2020-02-15,355,279.462796613438
2020-02-15,270,305.367861023978
2020-02-15,437,411.731940183961
2020-02-15,562,351.306592577997
2020-02-15,309,446.79772182677
2020-02-15,510,319.784310318803
2020-02-15,500,358.740346591305
2020-02-15,547,312.398073113125
2020-02-15,263,423.792347536925
2020-02-15,584,489.051226864764
2020-02-15,570,448.936852075422
2020-02-15,308,333.056037868356
2020-02-15,334,385.843307857419
2020-02-15,429,450.653714459177
2020-02-15,264,494.543877859265
2020-02-15,561,362.030875505551
2020-02-15,207,318.815251568448
2020-02-15,383,348.539475944029
2020-02-15,429,520.624425455484
2020-02-15,568,479.093459239747
2020-02-15,180,412.802790356615
2020-02-15,191,299.580757136079
2020-02-15,345,290.828248642707
2020-02-15,446,556.700720799165
2020-02-15,475,356.973862462822
2020-02-15,461,218.50660935451
2020-02-15,775,341.312249397086
2020-02-15,253,343.940240493437
2020-02-15,399,469.744892001629
2020-02-15,841,389.387466112353
2020-02-15,337,309.110659498344
2020-02-15,368,493.822807341364
2020-02-15,372,272.04490316744
2020-02-15,526,637.873118315939
2020-02-15,321,548.00230624998
2020-02-15,304,250.395363527526
2020-02-15,507,429.943127687598
2020-02-15,1081,619.224287993634
2020-02-15,302,505.490109592746
2020-02-15,803,354.286380927445
2020-02-15,402,254.591066843486
2020-02-15,461,264.854817555532
2020-02-15,155,367.830315086494
2020-02-15,343,237.110376843579
2020-02-15,458,274.823481120317
2020-02-15,308,235.095994677288
2020-02-15,203,319.444357346781
2020-02-15,311,425.953221203845
2020-02-15,469,461.367416456311
2020-02-15,308,416.034957866728
2020-02-15,317,297.09739824034
2020-02-15,228,400.325570677285
2020-02-15,277,326.942735882277
2020-02-15,408,126.270453497397
2020-02-15,280,226.1554674229
2020-02-15,122,290.886302496302
2020-02-15,138,485.916776527476
2020-02-15,353,278.150630833746
2020-02-15,339,370.548463720202
2020-02-15,522,341.852239593243
2020-02-15,186,317.898302229023
2020-02-15,293,191.812537109336
2020-02-15,450,528.996131562822
2020-02-15,637,423.951463798053
2020-02-15,207,257.305510287018
2020-02-15,123,255.440697755079
2020-02-15,187,254.80672288768
2020-02-15,120,242.528807756972
2020-02-15,547,430.524886193657
2020-02-15,241,196.297072260596
2020-02-15,294,270.507158052041
2020-02-15,363,356.395145382967
2020-02-15,305,199.635085425095
2020-02-15,448,235.1251568085
2020-02-15,526,713.450366680316
2020-02-15,517,234.37580801912
2020-02-15,217,346.187458301837
2020-02-15,168,330.358645897168
2020-02-15,683,399.412739619611
2020-02-15,232,256.409395413253
2020-02-15,178,312.499171420119
2020-02-15,183,388.900277097322
2020-02-15,332,273.864238520891
2020-02-15,196,351.997502208213
2020-02-15,478,363.619050785808
2020-02-15,653,463.631576123359
2020-02-15,296,331.989487493838
2020-02-15,635,717.827026276692
2020-02-15,1005,679.971000168936
2020-02-15,423,540.691119080425
2020-02-15,1036,893.08466363779
2020-02-15,632,503.145329367666
2020-02-15,351,264.255056629037
2020-02-15,297,403.671524725924
2020-02-15,492,538.856481974906
2020-02-15,545,389.134090979541
2020-02-15,668,763.922194298995
2020-02-15,850,812.770473019603
2020-02-15,156,239.625015092186
2020-02-15,0,493.512359520333
2020-02-15,639,468.280142367013
2020-02-15,1433,854.103713134613
2020-02-15,816,698.806301959254
2020-02-15,315,777.234898084278
2020-02-15,411,550.286951539322
2020-02-15,517,538.332104133279
2020-02-15,708,620.338422854789
2020-02-15,327,469.111867220894
2020-02-15,1019,813.058537498461
2020-02-15,354,424.992144967741
2020-02-15,829,322.460000021989
2020-02-15,784,729.66479758792
2020-02-15,620,476.28173293613
2020-02-15,376,552.617054998387
2020-02-15,224,145.964370264231
2020-02-15,497,338.535649772753
2020-02-15,351,432.702875068851
2020-02-15,441,497.49718219487
2020-02-15,346,694.185392508806
2020-02-15,536,560.668602959561
2020-02-15,1177,412.10892688605
2020-02-15,273,212.213403137172
2020-02-15,503,228.53492932975
2020-02-15,430,210.463668557483
2020-02-15,191,471.39006832988
2020-02-15,729,323.236015456135
2020-02-15,474,374.447579081222
2020-02-15,213,519.501595379595
2020-02-15,1538,686.630723411256
2020-02-15,400,770.576505220931
2020-02-15,638,474.975399650463
2020-02-15,1209,1000.71251561172
2020-02-15,1058,658.119482231268
2020-02-15,870,714.611262005436
2020-02-15,898,514.197891319737
2020-02-15,542,690.968202240332
2020-02-15,662,536.743056922568
2020-02-15,137,208.56511268804
2020-02-15,299,251.964363735706
2020-02-15,402,287.279535041824
2020-02-15,305,396.143579563847
2020-02-15,372,232.100109919365
2020-02-15,262,348.041292997729
2020-02-15,462,182.75593450036
2020-02-15,190,224.559191560445
2020-02-15,693,478.760416937955
2020-02-15,172,329.718609195324
2020-02-15,275,73.2364903304323
2020-02-15,482,362.010794446486
2020-02-15,287,402.391883000617
2020-02-15,302,527.728233289751
2020-02-15,371,325.658954898451
2020-02-15,340,269.09744409283
2020-02-15,496,299.830547611354
2020-02-15,898,652.785173261334
2020-02-15,265,206.920995741956
2020-02-15,187,196.768776944821
2020-02-15,228,296.519459572131
2020-02-15,176,326.668456042477
2020-02-15,182,170.564471762561
2020-02-15,211,197.763586600318
2020-02-15,137,192.867033157528
2020-02-15,254,279.03913833489
2020-02-15,46,213.544829683672
2020-02-15,130,126.190755637136
2020-02-15,161,146.070726866638
2020-02-15,125,146.849636523836
2020-02-15,98,93.2541071881509
2020-02-15,102,174.659596607502
2020-02-15,157,114.472221202433
2020-02-15,162,138.568801764059
2020-02-15,104,82.4007627385265
2020-02-15,168,250.514864027661
2020-02-15,234,152.393549427016
2020-02-15,292,322.318349113304
2020-02-15,184,193.543972925205
2020-02-15,173,169.938765423496
2020-02-15,156,141.614097195523
2020-02-15,155,189.544863603098
2020-02-15,152,202.413226421219
2020-02-15,167,202.463452745892
2020-02-15,222,244.47408425129
2020-02-15,159,259.46336490139
2020-02-15,225,230.531228668084
2020-02-15,178,179.437450361367
2020-02-15,238,310.502359217228
2020-02-15,396,223.34881275185
2020-02-15,307,282.434004822151
2020-02-15,347,237.021878465534
2020-02-15,256,231.48474267937
2020-02-15,325,229.659852571917
2020-02-15,235,319.663411404568
2020-02-15,362,267.438030549435
2020-02-15,217,210.781981307523
2020-02-15,438,266.242497187567
2020-02-15,373,324.793011999468
2020-02-15,536,408.799894322873
2020-02-15,640,386.042097906004
2020-02-15,558,340.704311628726
2020-02-15,366,290.87939928663
2020-02-15,440,456.248397479689
2020-02-15,535,428.620855874237
2020-02-15,622,356.698625763146
2020-02-15,280,356.85146519225
2020-02-15,518,389.385911356752
2020-02-15,427,401.686354224497
2020-02-15,725,336.749735692164
2020-02-15,538,313.5847658969
2020-02-15,455,310.393643546748
2020-02-15,17,517.834974821545
2020-02-15,88,381.8397436211
2020-02-15,636,392.686168756077
2020-02-15,83,317.916124788077
2020-02-15,776,380.048426055785
2020-02-15,443,368.168508348819
2020-02-15,554,361.638887984244
2020-02-15,550,444.099600395311
2020-02-15,489,382.460699919969
2020-02-15,412,545.135813595729
2020-02-15,299,477.910733993444
2020-02-15,950,389.426955962381
2020-02-15,241,354.707940382384
2020-02-15,322,439.9419953808
2020-02-15,241,333.766587819986
2020-02-15,569,201.275088228479
2020-02-15,433,364.316739646414
2020-02-15,243,323.211268782685
2020-02-15,408,414.049684292653
2020-02-15,201,430.48258342559
2020-02-15,190,242.748991561043
2020-02-15,221,282.551792408905
2020-02-15,262,351.154704359882
2020-02-15,372,276.619295427308
2020-02-15,471,389.588020403238
2020-02-15,757,573.680228442976
2020-02-15,343,439.27432467481
2020-02-15,499,388.964992321879
2020-02-15,469,310.401099654832
2020-02-15,598,348.864796182156
2020-02-15,175,220.472208495606
2020-02-15,246,306.522355579844
2020-02-15,210,228.706404424435
2020-02-15,213,166.554295357666
2020-02-15,120,227.441779432595
2020-02-15,398,275.224853346916
2020-02-15,1021,334.520235185512
2020-02-15,347,396.585263593608
2020-02-15,241,307.873019779172
2020-02-15,414,278.96637071867
2020-02-15,433,284.096862164902
2020-02-15,367,394.971493021686
2020-02-15,429,339.10408178424
2020-02-15,210,176.015408040644
2020-02-15,668,127.664822355055
2020-02-15,416,290.349452049718
2020-02-15,560,317.39816632536
2020-02-15,309,316.341989860585
2020-02-15,262,260.609861817863
2020-02-15,324,230.018270378523
2020-02-15,297,263.130939845574
2020-02-15,162,176.554389135119
2020-02-15,269,254.673795892909
2020-02-15,329,405.81239082561
2020-02-15,286,313.438416827084
2020-02-15,233,293.736729182793
2020-02-15,312,510.279668204334
2020-02-15,442,355.326124381754
2020-02-15,260,322.822354342546
2020-02-15,521,401.353941970834
2020-02-15,452,221.994622384814
2020-02-15,262,316.43399775514
2020-02-15,586,322.65690333179
2020-02-15,470,307.733086203824
2020-02-15,189,284.554448644768
2020-02-15,211,268.342807149739
2020-02-15,169,169.396641196395
2020-02-15,60,217.916434699863
2020-02-15,240,218.837518478961
2020-02-15,330,288.394004313715
2020-02-15,162,165.68114097971
2020-02-15,171,181.760537149292
2020-02-15,242,250.434376078473
2020-02-15,95,252.947553467566
2020-02-15,215,137.913576018677
2020-02-15,257,215.772040787804
2020-02-15,154,209.880355860434
2020-02-15,194,278.608432201395
2020-02-15,394,231.310996254566
2020-02-15,141,181.132085545526
2020-02-15,255,279.903577359946
2020-02-15,394,287.517183163426
2020-02-15,204,323.269213867784
2020-02-15,268,234.397711401838
2020-02-15,75,293.445184260506
2020-02-15,285,200.760498604853
2020-02-15,201,234.205725852769
2020-02-15,578,309.959413706345
2020-02-15,436,383.779680351261
2020-02-15,166,312.790353327825
2020-02-15,440,379.858146230403
2020-02-15,210,279.109069069022
2020-02-15,371,258.931414522143
2020-02-15,539,379.734720357644
2020-02-15,675,387.269213675714
2020-02-15,140,198.288331976909
2020-02-15,149,235.098596334074
2020-02-15,238,279.773298993512
2020-02-15,541,234.067110715619
2020-02-15,371,324.726977805993
2020-02-15,162,264.678097562396
2020-02-15,173,263.149257952877
2020-02-15,292,211.972036699328
2020-02-15,197,259.225016207749
2020-02-15,180,285.014599509931
2020-02-15,259,271.512701937125
2020-02-15,200,288.757518026966
2020-02-15,335,310.97630416665
2020-02-15,319,294.293430112188
2020-02-15,407,320.032170447562
2020-02-15,271,338.5871419773
2020-02-15,303,422.12896589691
2020-02-15,306,270.51063422545
2020-02-15,331,190.059076934443
2020-02-15,259,349.246174729253
2020-02-15,188,295.647667579892
2020-02-15,444,360.164564468664
2020-02-15,262,200.480209326342
2020-02-15,239,187.454606909244
2020-02-15,280,274.255866805257
2020-02-15,258,352.929194231308
2020-02-15,467,364.252004582058
2020-02-15,399,359.984013625651
2020-02-15,170,217.644383401371
2020-02-15,343,266.255741413485
2020-02-15,518,333.521473446387
2020-02-15,208,297.461161194491
2020-02-15,775,341.841658448113
2020-02-15,625,324.436778763422
2020-02-15,712,584.975825826905
2020-02-15,620,464.674274351033
2020-02-15,320,264.626653765707
2020-02-15,305,299.011039635963
2020-02-15,462,237.100875346085
2020-02-15,504,227.472381700838
2020-02-15,331,310.278081169727
2020-02-15,157,281.693465113138
2020-02-15,239,172.716610064743
2020-02-15,342,224.299891157049
2020-02-15,393,283.974474103303
2020-02-15,201,284.098645296957
2020-02-15,269,247.918510841457
2020-02-15,250,443.463283571541
2020-02-15,165,244.016060643308
2020-02-15,375,278.961510217286
2020-02-15,109,164.870665640014
2020-02-15,202,156.741559450373
2020-02-15,324,237.072805374407
2020-02-15,205,160.62320046819
2020-02-15,179,234.537405224213
2020-02-15,261,232.331993085233
2020-02-15,331,224.515650693143
2020-02-15,304,218.448681766026
2020-02-15,150,194.652902913418
2020-02-15,599,190.448836802261
2020-02-15,316,192.137912791634
2020-02-15,95,219.078893865283
2020-02-15,75,356.144699676735
2020-02-15,94,138.450065606557
2020-02-15,48,92.3616322793362
2020-02-15,85,149.339745787608
2020-02-15,329,218.349924981144
2020-02-15,280,236.821710944531
2020-02-15,64,170.276166326723
2020-02-15,267,245.719343098467
2020-02-15,196,169.837208447225
2020-02-15,338,236.416796564449
2020-02-15,416,197.192122172921
2020-02-15,327,238.482394594048
2020-02-15,391,300.924759498189
2020-02-15,257,296.588070977262
2020-02-15,344,247.972815127497
2020-02-15,183,257.185299520082
2020-02-15,311,297.854078635027
2020-02-15,602,238.069346948629
2020-02-15,337,233.649789053141
2020-02-15,338,253.80395552923
2020-02-15,166,240.695522582933
2020-02-15,159,200.923746010092
2020-02-15,176,163.589190227589
2020-02-15,127,188.122657231646
2020-02-15,385,217.762291517122
2020-02-15,198,256.154353909483
2020-02-15,301,254.005388961142
2020-02-15,349,312.012810295824
2020-02-15,258,276.632006342366
2020-02-15,529,406.981034934845
2020-02-15,421,279.205619340607
2020-02-15,452,420.231919795972
2020-02-15,702,388.806775033869
2020-02-15,588,273.108419799321
2020-02-15,547,419.999850452199
2020-02-15,174,230.614632273325
2020-02-15,222,274.740785324824
2020-02-15,257,373.927399319375
2020-02-15,309,377.123666530321
2020-02-15,680,327.865661887572
2020-02-15,239,302.592679032679
2020-02-15,657,260.610241833664
2020-02-15,429,314.283163463318
2020-02-15,336,332.325006660242
2020-02-15,379,383.246610253723
2020-02-15,412,355.042597207665
2020-02-15,370,239.607704760591
2020-02-15,283,286.845131334451
2020-02-15,341,304.774572010435
2020-02-15,330,262.464710894677
2020-02-15,467,312.731792061866
2020-02-15,433,251.440790418168
2020-02-15,304,260.879325108365
2020-02-15,158,306.541092540344
2020-02-15,540,414.363090622151
2020-02-15,267,317.283027320881
2020-02-15,280,353.316581033622
2020-02-15,263,279.753832299357
2020-02-15,415,348.143055149458
2020-02-15,639,388.80041763144
2020-02-15,288,560.726990527299
2020-02-15,503,668.209200577637
2020-02-15,401,507.300948954659
2020-02-15,237,328.441891628897
2020-02-15,475,370.827536527184
2020-02-15,394,302.140868761797
2020-02-15,629,517.15927257318
2020-02-15,577,331.999958248695
2020-02-15,782,529.240066341021
2020-02-15,494,316.42349412596
2020-02-15,655,254.749356376067
2020-02-15,590,510.703971137167
2020-02-15,427,375.316435611154
2020-02-15,521,386.09547843835
2020-02-15,449,439.666409797622
2020-02-15,581,503.398911276256
2020-02-15,502,364.891559086368
2020-02-15,403,297.693472525006
2020-02-15,488,447.055055433163
2020-02-15,809,521.814286691907
2020-02-15,453,315.018962010352
2020-02-15,444,473.99059878989
2020-02-15,569,468.974578872764
2020-02-15,341,454.150633766176
2020-02-15,601,583.17257261859
2020-02-15,524,634.818192170507
2020-02-15,396,353.853418295439
2020-02-15,574,576.611224218635
2020-02-15,789,458.806068459108
2020-02-15,325,363.172932428242
2020-02-15,464,354.447568342313
2020-02-15,538,442.86929714705
2020-02-15,649,356.430666302016
2020-02-15,466,486.203800453736
2020-02-15,886,268.796793347501
2020-02-15,421,420.956053484869
2020-02-15,459,283.103902841475
2020-02-15,307,474.001407403852
2020-02-15,322,258.160358752868
2020-02-15,542,489.951705166946
2020-02-15,423,451.629459574019
2020-02-15,680,376.086892810489
2020-02-15,611,361.951545740386
2020-02-15,653,396.108315215537
2020-02-15,738,509.174118115745
2020-02-15,317,462.230712253805
2020-02-15,330,455.817612486423
2020-02-15,703,329.02554328787
2020-02-15,383,347.917912922507
2020-02-15,789,564.451455990502
2020-02-15,462,312.086275809004
2020-02-15,733,592.906689484811
2020-02-15,229,512.731992754738
2020-02-15,670,329.502805162114
2020-02-15,417,384.592975302893
2020-02-15,683,470.714681669964
2020-02-15,696,358.68215772223
2020-02-15,614,507.857298278529
2020-02-15,713,483.244067281527
2020-02-15,304,499.826124060346
2020-02-15,578,587.957523477226
2020-02-15,650,435.691629148936
2020-02-15,507,351.859875822009
2020-02-15,988,516.495652108244
2020-02-15,769,590.753069918457
2020-02-15,493,431.6219704304
2020-02-15,658,448.919907605261
2020-02-15,731,396.040432791137
2020-02-15,813,509.067134900036
2020-02-15,771,640.064904181199
2020-02-15,370,543.580596879773
2020-02-15,538,349.315023563016
2020-02-15,509,330.164362185971
2020-02-15,618,420.86621853566
2020-02-15,653,382.734813869547
2020-02-15,366,384.769073163415
2020-02-15,423,339.358140758277
2020-02-15,829,314.079117393393
2020-02-15,61,716.214562851752
2020-02-15,759,476.890329656859
2020-02-15,582,526.678487298725
2020-02-15,115,354.394450866834
2020-02-15,221,205.456015793092
2020-02-15,701,691.352351409404
2020-02-15,536,400.836623386083
2020-02-15,726,375.498616093906
2020-02-15,291,441.790235353199
2020-02-15,252,238.947860922196
2020-02-15,524,351.36287794037
2020-02-15,243,510.866813153647
2020-02-15,453,284.880533839011
2020-02-15,221,438.22391254435
2020-02-15,126,796.947629737171
2020-02-15,373,708.412542969643
2020-02-15,391,538.581188213474
2020-02-15,274,179.402274941022
2020-02-15,135,119.572636917121
2020-02-15,103,129.818401788644
2020-02-15,148,252.753102685195
2020-02-15,251,157.286205909777
2020-02-15,371,375.616663444326
2020-02-15,662,594.06997900946
2020-02-15,334,1020.11829461586
2020-02-15,24,493.314533923187
2020-02-15,73,1169.57318585098
2020-02-15,77,726.850902950277
2020-02-15,78,203.203169284816
2020-02-15,122,274.292460730533
2020-02-15,17,222.237891151433
2020-02-15,118,529.981567657872
2020-02-15,75,591.055173090263
2020-02-15,224,1066.48677347476
2020-02-15,19,603.18830172025
2020-02-16,472,268.890043046042
2020-02-16,239,294.623480661481
2020-02-16,262,313.379331645353
2020-02-16,297,236.399686850712
2020-02-16,380,212.04253370488
2020-02-16,204,205.844615706365
2020-02-16,123,159.088905761526
2020-02-16,176,156.651805722872
2020-02-16,101,89.5026880016832
2020-02-16,178,291.749038363262
2020-02-16,166,189.534322089731
2020-02-16,107,175.888156370766
2020-02-16,187,103.227134062596
2020-02-16,192,384.741288834524
2020-02-16,190,166.741262999003
2020-02-16,208,189.769976578257
2020-02-16,266,188.120296151713
2020-02-16,307,312.587162657146
2020-02-16,210,285.056749040227
2020-02-16,310,275.995031679706
2020-02-16,196,306.511072954007
2020-02-16,146,279.36719452518
2020-02-16,295,160.911138069387
2020-02-16,190,200.059094989751
2020-02-16,339,522.502092617707
2020-02-16,296,377.031473329624
2020-02-16,220,215.633553777637
2020-02-16,398,278.699537299173
2020-02-16,418,234.065460692065
2020-02-16,488,377.318848638388
2020-02-16,475,375.152013083703
2020-02-16,439,493.784784985853
2020-02-16,299,215.536060931979
2020-02-16,290,356.502479663899
2020-02-16,209,327.030364084845
2020-02-16,179,310.934421504996
2020-02-16,385,488.078202443312
2020-02-16,461,557.162764299141
2020-02-16,405,408.869854453405
2020-02-16,260,298.792313572232
2020-02-16,493,320.093853982082
2020-02-16,367,280.768935459233
2020-02-16,473,366.733820553029
2020-02-16,365,277.069871634883
2020-02-16,288,300.867747182086
2020-02-16,332,770.655807995715
2020-02-16,325,543.734052103411
2020-02-16,320,461.029393268847
2020-02-16,339,415.211619788324
2020-02-16,194,244.248055922438
2020-02-16,647,205.263746737174
2020-02-16,224,203.694714917858
2020-02-16,411,343.585154358064
2020-02-16,563,260.038720986255
2020-02-16,276,310.085909426613
2020-02-16,395,451.748057360696
2020-02-16,476,419.284107922027
2020-02-16,181,207.275068452505
2020-02-16,264,196.757627449315
2020-02-16,261,249.357542741482
2020-02-16,200,311.397919959725
2020-02-16,293,256.904072381611
2020-02-16,612,502.040015749203
2020-02-16,869,434.583631409829
2020-02-16,340,440.144809290356
2020-02-16,480,451.789019942653
2020-02-16,411,399.636410867222
2020-02-16,554,385.869867178736
2020-02-16,217,155.58714983017
2020-02-16,733,283.232374060008
2020-02-16,485,370.040673128845
2020-02-16,531,316.539674532105
2020-02-16,785,433.120004017879
2020-02-16,284,328.736629835327
2020-02-16,257,264.23123868332
2020-02-16,273,425.549455010306
2020-02-16,526,513.710035751541
2020-02-16,330,371.135075638173
2020-02-16,522,429.232376667523
2020-02-16,724,594.176365527026
2020-02-16,439,262.849845038449
2020-02-16,507,281.693723242466
2020-02-16,95,361.791990020263
2020-02-16,353,411.73778575765
2020-02-16,258,309.847203580837
2020-02-16,256,160.771273779913
2020-02-16,331,406.568964645088
2020-02-16,208,254.902487951953
2020-02-16,307,312.483920621943
2020-02-16,159,455.374733808026
2020-02-16,424,245.865895621437
2020-02-16,646,363.780621784014
2020-02-16,268,493.030361810494
2020-02-16,352,606.508031591385
2020-02-16,1418,746.599156668948
2020-02-16,953,730.865935101631
2020-02-16,766,858.567542866647
2020-02-16,991,542.73517008936
2020-02-16,765,815.533593999895
2020-02-16,754,584.211165312892
2020-02-16,522,497.146603570634
2020-02-16,442,575.691394931338
2020-02-16,522,392.887276901478
2020-02-16,165,254.935663544504
2020-02-16,561,395.563878305229
2020-02-16,452,731.027819234303
2020-02-16,336,393.755391523214
2020-02-16,544,494.054590232981
2020-02-16,283,187.551614279282
2020-02-16,239,243.546951224837
2020-02-16,206,244.128743728752
2020-02-16,210,252.602900296417
2020-02-16,316,131.737698982009
2020-02-16,208,238.518074675125
2020-02-16,309,282.584045795244
2020-02-16,282,321.810018555439
2020-02-16,810,667.596804362608
2020-02-16,732,626.579401345283
2020-02-16,894,742.034269009032
2020-02-16,704,1048.27254780792
2020-02-16,453,714.688566476876
2020-02-16,1271,1080.93971618681
2020-02-16,1788,601.972230391965
2020-02-16,1428,681.922171988828
2020-02-16,738,767.232544868414
2020-02-16,921,575.593389206604
2020-02-16,1050,673.12044103663
2020-02-16,221,284.175307165372
2020-02-16,136,387.324994527176
2020-02-16,0,286.590720956796
2020-02-16,23,1255.96575786463
2020-02-16,454,492.457611768225
2020-02-16,511,722.056381615773
2020-02-16,397,336.379180009095
2020-02-16,475,464.146016771367
2020-02-16,894,952.578491217928
2020-02-16,521,637.630240749565
2020-02-16,881,586.112725415697
2020-02-16,415,472.407582539614
2020-02-16,458,464.251467382806
2020-02-16,519,434.810998355738
2020-02-16,419,383.09633749165
2020-02-16,723,483.876840906195
2020-02-16,328,587.343432003564
2020-02-16,1130,517.524568192359
2020-02-16,646,432.994317977603
2020-02-16,530,282.622703950016
2020-02-16,411,307.620391997469
2020-02-16,822,290.89669269567
2020-02-16,461,229.736749750367
2020-02-16,313,257.063432135543
2020-02-16,302,138.747196311859
2020-02-16,231,270.140075510542
2020-02-16,261,273.107442002942
2020-02-16,492,529.441692466274
2020-02-16,310,296.88628522557
2020-02-16,640,622.699499155095
2020-02-16,384,420.281157131036
2020-02-16,448,415.18404512929
2020-02-16,220,421.67155688874
2020-02-16,425,513.025592874582
2020-02-16,598,417.379678947131
2020-02-16,310,269.057383905339
2020-02-16,518,412.664845055128
2020-02-16,200,449.482275789351
2020-02-16,540,471.255963521512
2020-02-16,271,530.949207666742
2020-02-16,570,313.653170050381
2020-02-16,383,585.762961908368
2020-02-16,853,806.138122127883
2020-02-16,1015,443.958072604016
2020-02-16,738,610.810141369836
2020-02-16,727,514.096069636925
2020-02-16,380,284.569089183233
2020-02-16,542,192.836359251416
2020-02-16,222,301.215806300842
2020-02-16,641,518.523970428839
2020-02-16,241,284.704174949548
2020-02-16,448,284.31370314792
2020-02-16,374,376.23438975838
2020-02-16,737,538.868622389666
2020-02-16,934,557.96038144162
2020-02-16,650,423.137881797791
2020-02-16,685,502.458154979465
2020-02-16,480,464.324563016848
2020-02-16,171,507.266714749903
2020-02-16,189,255.901565601887
2020-02-16,220,300.265819076613
2020-02-16,572,340.700005393282
2020-02-16,256,375.129391271952
2020-02-16,604,417.419886312511
2020-02-16,787,383.352448686185
2020-02-16,160,270.226996434868
2020-02-16,381,235.121071560575
2020-02-16,382,168.791629211892
2020-02-16,234,144.337087483411
2020-02-16,318,329.918277175618
2020-02-16,203,398.48784055907
2020-02-16,231,240.038099431971
2020-02-16,441,301.074445932177
2020-02-16,935,260.620219425227
2020-02-16,305,184.345387335141
2020-02-16,553,136.442659494188
2020-02-16,107,105.823593212967
2020-02-16,331,825.639091392958
2020-02-16,817,597.439239351941
2020-02-16,621,370.200516345512
2020-02-16,431,149.009386848137
2020-02-16,1133,764.334718769711
2020-02-16,208,340.99371671718
2020-02-16,266,292.162071375757
2020-02-16,287,319.094574898441
2020-02-16,222,254.832778047435
2020-02-16,555,255.489979139375
2020-02-16,265,359.985615049102
2020-02-16,246,295.282828222917
2020-02-16,295,228.239423644365
2020-02-16,173,197.98931083117
2020-02-16,129,685.354499050831
2020-02-16,279,557.236646981878
2020-02-16,637,309.400921303662
2020-02-16,405,753.937747803265
2020-02-16,366,535.620359643931
2020-02-16,488,517.327949473463
2020-02-16,727,517.160250113357
2020-02-16,865,859.54500525877
2020-02-16,304,438.676103832462
2020-02-16,526,647.043867930062
2020-02-16,565,263.181761711102
2020-02-16,264,282.702053873951
2020-02-16,231,513.945387886027
2020-02-16,956,538.122650313679
2020-02-16,402,742.869320272381
2020-02-16,560,393.949687591324
2020-02-16,762,328.531045748949
2020-02-16,547,548.905126983222
2020-02-16,425,620.67557435584
2020-02-16,267,112.49959760636
2020-02-16,1069,459.306531396009
2020-02-16,1113,523.351784572306
2020-02-16,1076,786.204338670116
2020-02-16,513,745.321207978893
2020-02-16,811,498.545402115762
2020-02-16,1127,924.405417739992
2020-02-16,734,339.178389450167
2020-02-16,446,676.333515737894
2020-02-16,476,463.818354182933
2020-02-16,197,798.84519035985
2020-02-16,387,349.043421515463
2020-02-16,656,656.501618623492
2020-02-16,697,754.669164427053
2020-02-16,752,784.128592654059
2020-02-16,679,478.21626488032
2020-02-16,899,474.810088100311
2020-02-16,1367,660.69155816021
2020-02-16,1000,301.451163542188
2020-02-16,547,402.907683622833
2020-02-16,555,273.488053250595
2020-02-16,269,635.139503882618
2020-02-16,305,459.104982605602
2020-02-16,221,372.345766709372
2020-02-16,56,265.646536898785
2020-02-16,0,239.256108316648
2020-02-16,176,155.726381267977
2020-02-16,146,300.758112577252
2020-02-16,157,128.63081515591
2020-02-16,85,263.940178058376
2020-02-16,300,291.945812869034
2020-02-16,296,315.878656950258
2020-02-16,453,223.15526091598
2020-02-16,283,242.021143727212
2020-02-16,417,319.207691607039
2020-02-16,411,305.222364462048
2020-02-16,335,299.387436444109
2020-02-16,347,209.537401499526
2020-02-16,413,320.376108203252
2020-02-16,170,156.170551739153
2020-02-16,168,165.632418945452
2020-02-16,154,330.939083492509
2020-02-16,167,156.294349731525
2020-02-16,483,377.52442967123
2020-02-16,216,224.376135627264
2020-02-16,437,279.485721827056
2020-02-16,277,254.980270245321
2020-02-16,524,499.990602355188
2020-02-16,360,299.011516187119
2020-02-16,353,419.772419563079
2020-02-16,511,256.969239537395
2020-02-16,480,350.057090602154
2020-02-16,783,714.490731520299
2020-02-16,799,466.577606744382
2020-02-16,866,590.099922920996
2020-02-16,268,333.246744567307
2020-02-16,820,592.024101013524
2020-02-16,1055,735.516816706821
2020-02-16,771,404.969410337203
2020-02-16,323,431.865680301126
2020-02-16,434,433.528171744796
2020-02-16,811,469.811581524899
2020-02-16,938,569.995209710752
2020-02-16,396,537.315018773764
2020-02-16,317,412.1480376074
2020-02-16,490,436.334195276805
2020-02-16,271,563.153363880967
2020-02-16,604,322.541016065176
2020-02-16,476,397.448282960535
2020-02-16,323,245.5066818009
2020-02-16,197,230.668779401837
2020-02-16,216,436.813209803846
2020-02-16,334,257.268124146815
2020-02-16,611,336.374916016582
2020-02-16,262,320.692754814874
2020-02-16,223,358.889411112923
2020-02-16,462,272.533179133956
2020-02-16,309,371.660970217215
2020-02-16,249,323.200479361774
2020-02-16,392,371.838560953845
2020-02-16,362,314.998699493005
2020-02-16,471,374.228831981327
2020-02-16,351,248.802062655931
2020-02-16,285,350.452547112354
2020-02-16,209,428.101382812164
2020-02-16,228,328.268731303425
2020-02-16,278,456.430953487127
2020-02-16,341,280.651510540388
2020-02-16,485,362.521222825484
2020-02-16,244,354.825015535461
2020-02-16,201,315.680108039913
2020-02-16,680,334.907929829066
2020-02-16,519,513.566347799401
2020-02-16,587,434.07474781806
2020-02-16,607,563.228179918952
2020-02-16,564,527.131189846971
2020-02-16,554,418.654755482112
2020-02-16,358,374.935948306357
2020-02-16,275,579.150322281025
2020-02-16,696,654.901788650971
2020-02-16,782,630.583462006491
2020-02-16,614,471.738799297518
2020-02-16,678,497.417820766442
2020-02-16,292,194.035181043407
2020-02-16,555,292.908595449176
2020-02-16,317,345.242340391108
2020-02-16,544,539.186474088905
2020-02-16,391,494.766351945121
2020-02-16,497,538.036914974859
2020-02-16,307,291.230263256757
2020-02-16,276,314.998900723145
2020-02-16,403,254.732099568578
2020-02-16,617,626.691959127393
2020-02-16,605,311.723471507735
2020-02-16,582,540.81586668357
2020-02-16,338,413.243791507982
2020-02-16,635,708.398453687907
2020-02-16,932,660.833207901301
2020-02-16,524,599.50801483667
2020-02-16,414,604.913616872946
2020-02-16,755,625.398024479991
2020-02-16,617,579.779002341291
2020-02-16,525,613.408674918095
2020-02-16,1065,742.985629666103
2020-02-16,792,633.504882326623
2020-02-16,556,522.058353271199
2020-02-16,395,532.083367655525
2020-02-16,702,568.577020755303
2020-02-16,1301,559.637300898213
2020-02-16,789,599.921106214458
2020-02-16,772,736.531158246438
2020-02-16,584,343.760867766573
2020-02-16,237,652.956238168394
2020-02-16,126,247.254910293433
2020-02-16,677,721.307045624445
2020-02-16,513,633.98004281006
2020-02-16,591,383.255761463757
2020-02-16,1310,614.489848632204
2020-02-16,417,430.606014528331
2020-02-16,686,548.907164076232
2020-02-16,175,222.478117738761
2020-02-16,264,127.157429432067
2020-02-16,708,462.585254637433
2020-02-16,129,348.806564132031
2020-02-16,358,561.724428377488
2020-02-16,469,260.269299047344
2020-02-16,638,351.216421903231
2020-02-16,584,432.830199584768
2020-02-16,654,414.108098779016
2020-02-16,604,545.917251159177
2020-02-16,565,763.673980542535
2020-02-16,474,295.933467914197
2020-02-16,458,368.551927825012
2020-02-16,467,564.085014792989
2020-02-16,473,428.022046814205
2020-02-16,344,345.660958386024
2020-02-16,682,272.875047169793
2020-02-16,560,804.891199402659
2020-02-16,925,530.538646480273
2020-02-16,482,516.539827671876
2020-02-16,354,253.525173497028
2020-02-16,537,531.075852185111
2020-02-16,542,867.986399066781
2020-02-16,1825,948.322073288614
2020-02-16,1145,601.698485753322
2020-02-16,979,839.211502848999
2020-02-16,225,980.14038177122
2020-02-16,397,313.052493441762
2020-02-16,404,423.904808505006
2020-02-16,252,242.440783085112
2020-02-16,240,280.246752601274
2020-02-16,364,478.777195042622
2020-02-16,368,464.922285680611
2020-02-16,771,558.374070559781
2020-02-16,712,606.503834340731
2020-02-16,393,401.931418100702
2020-02-16,530,388.705617419896
2020-02-16,452,681.225619020938
2020-02-16,636,526.317553984654
2020-02-16,1054,583.301757976907
2020-02-16,783,454.622520468602
2020-02-16,530,538.498543438209
2020-02-16,644,690.293729314616
2020-02-16,460,672.511914841657
2020-02-16,567,485.08089595653
2020-02-16,583,779.714149358835
2020-02-16,1233,741.918344249553
2020-02-16,601,382.186359950195
2020-02-16,460,408.521977643145
2020-02-16,604,557.171289314973
2020-02-16,520,564.085703132038
2020-02-16,326,290.704304772336
2020-02-16,521,393.972597568086
2020-02-16,391,550.338877727053
2020-02-16,601,410.374837392782
2020-02-16,354,515.069268655896
2020-02-16,566,402.219346611225
2020-02-16,467,601.030423528726
2020-02-16,970,469.406454057912
2020-02-16,775,608.536939695604
2020-02-16,1387,436.77822079784
2020-02-16,643,603.508816236566
2020-02-16,1313,702.2023878237
2020-02-16,717,816.704716984951
2020-02-16,1067,783.262728304557
2020-02-16,918,597.211740970131
2020-02-16,310,583.52475454214
2020-02-16,505,434.790887631165
2020-02-16,581,443.859618987605
2020-02-16,164,97.1949150606497
2020-02-16,561,577.438574414933
2020-02-16,843,723.619064292127
2020-02-16,1099,458.227366439195
2020-02-16,471,695.926704810341
2020-02-16,2079,711.200481731872
2020-02-16,254,291.153116192353
2020-02-16,840,830.746182388187
2020-02-16,212,623.494210091393
2020-02-16,113,203.994295952081
2020-02-16,194,248.450743051984
2020-02-16,219,287.593866173187
2020-02-16,303,134.809014378751
2020-02-16,423,407.212388110627
2020-02-16,520,589.879166267438
2020-02-16,351,113.039444940448
2020-02-16,348,507.07643266743
2020-02-16,145,151.41885670204
2020-02-16,626,203.294475635973
2020-02-16,396,155.065381308737
2020-02-16,300,232.646625241609
2020-02-16,275,165.692340207854
2020-02-16,146,335.367334748882
2020-02-16,457,251.759539279347
2020-02-16,215,339.112673898374
2020-02-16,771,391.442054191286
2020-02-16,312,228.824743561583
2020-02-16,104,239.460074730505
2020-02-16,108,131.153242151432
2020-02-16,147,158.170238209982
2020-02-16,212,300.619566647792
2020-02-16,95,295.656868260151
2020-02-16,0,158.850764714153
2020-02-16,314,660.679260937727
2020-02-16,197,371.42585429737
2020-02-16,262,419.087159732008
2020-02-16,407,374.048692394805
2020-02-16,610,889.942237512723
2020-02-16,548,480.579119274927
2020-02-16,689,586.646437201943
2020-02-16,858,638.810088311386
2020-02-16,896,619.715111567228
2020-02-16,897,658.931113853349
2020-02-16,797,489.536399862751
2020-02-16,522,611.566629343008
2020-02-16,723,602.509480223138
2020-02-16,461,616.561432706414
2020-02-16,256,602.299462456959
2020-02-16,337,361.99354463131
2020-02-16,574,521.175612682109
2020-02-16,724,807.985545145176
2020-02-16,931,545.780177861206
2020-02-16,188,534.850874415679
2020-02-16,749,448.533439933186
2020-02-16,543,495.202716063639
2020-02-16,139,382.35006590609
2020-02-16,802,664.375556775904
2020-02-16,369,340.312990979196
2020-02-16,362,332.51990133585
2020-02-16,429,391.05540330104
2020-02-16,577,616.412078596776
2020-02-16,700,300.923775891073
2020-02-16,1068,640.739689578106
2020-02-16,614,872.340318832383
2020-02-16,517,466.259036198266
2020-02-16,805,507.349124733253
2020-02-16,411,606.497438715385
2020-02-16,1069,672.709494615395
2020-02-16,318,368.722632020809
2020-02-16,642,644.389174759346
2020-02-16,878,520.999763116235
2020-02-16,337,674.587005983122
2020-02-16,984,374.601822004088
2020-02-16,404,590.385630052393
2020-02-16,321,533.870847277189
2020-02-16,413,534.46437421332
2020-02-16,583,487.501277362828
2020-02-16,435,685.698964943961
2020-02-16,445,423.525575369401
2020-02-16,331,425.035136509174
2020-02-16,547,559.287979871038
2020-02-16,544,598.222938750546
2020-02-16,846,359.216590023417
2020-02-16,1086,575.909256116165
2020-02-16,1219,623.199726185807
2020-02-16,204,512.050129469187
2020-02-16,555,430.631575013631
2020-02-16,262,593.459051093082
2020-02-16,703,276.606276558199
2020-02-16,294,623.550376405406
2020-02-16,570,641.762791311201
2020-02-16,482,580.394762337572
2020-02-16,431,632.676337474869
2020-02-16,806,640.276514886643
2020-02-16,734,753.924854438076
2020-02-16,490,274.276045941148
2020-02-16,617,541.183051543436
2020-02-16,551,370.530321502219
2020-02-16,226,299.025642304885
2020-02-16,590,1002.57980112589
2020-02-16,393,460.235493118883
2020-02-16,180,294.550034737601
2020-02-16,310,332.03571075873
2020-02-16,543,386.299524802578
2020-02-16,231,483.822478307384
2020-02-16,480,347.623454542625
2020-02-16,322,310.674879508752
2020-02-16,67,102.564045185883
2020-02-16,341,253.786182413269
2020-02-16,1079,541.175773379953
2020-02-16,268,232.429709406766
2020-02-16,392,342.295074234606
2020-02-16,617,570.659597172341
2020-02-16,731,450.765299447049
2020-02-16,149,303.055419789246
2020-02-16,441,238.905778071225
2020-02-16,98,322.136734344302
2020-02-16,120,90.5960682358546
2020-02-16,847,711.589816677436
2020-02-16,579,566.822079815287
2020-02-16,726,225.740797944145
2020-02-16,255,493.998663191623
2020-02-16,515,623.317200072765
2020-02-16,634,661.280801181585
2020-02-16,823,515.507669993968
2020-02-16,256,260.109498833542
2020-02-16,202,283.432667488959
2020-02-16,193,329.717006655057
2020-02-16,374,424.330979245565
2020-02-16,931,509.473617586731
2020-02-16,1111,630.144624598537
2020-02-16,730,596.613519534154
2020-02-16,1117,493.177492002259
2020-02-16,761,725.672573552843
2020-02-16,561,539.721441987167
2020-02-16,440,369.640379779776
2020-02-16,421,456.878833470561
2020-02-16,425,377.139196536872
2020-02-16,427,468.643087773303
2020-02-16,737,436.647606565897
2020-02-16,438,661.00166670371
2020-02-16,525,570.563762461958
2020-02-16,164,489.044792278406
2020-02-16,518,395.212708628224
2020-02-16,790,276.625916621363
2020-02-16,455,326.666654361971
2020-02-16,217,252.392241000514
2020-02-16,866,468.454362851569
2020-02-16,408,223.074930273384
2020-02-16,491,330.187947465543
2020-02-16,1062,369.94633302758
2020-02-16,423,266.067825477728
2020-02-16,444,455.818686741265
2020-02-16,495,408.165310934814
2020-02-16,449,375.808362542828
2020-02-16,164,314.11779755398
2020-02-16,322,343.927053336571
2020-02-16,546,347.479477361416
2020-02-16,858,771.092846398134
2020-02-16,725,543.889281521368
2020-02-16,403,425.723604400298
2020-02-16,432,538.607908425132
2020-02-16,508,463.786614915317
2020-02-16,342,310.338879414521
2020-02-16,1096,493.05545654692
2020-02-16,177,474.385226605641
2020-02-16,282,367.198213071469
2020-02-16,749,625.353906056204
2020-02-16,213,380.710243676877
2020-02-16,957,652.37386650447
2020-02-16,1215,514.05632333955
2020-02-16,991,560.714638759576
2020-02-16,961,525.141242714485
2020-02-16,1022,527.921218214688
2020-02-16,99,134.137636730712
2020-02-16,8,441.684506895728
2020-02-16,277,306.563707466402
2020-02-16,189,345.665736267056
2020-02-16,474,307.076361720454
2020-02-16,425,139.242343815832
2020-02-16,432,686.561334331143
2020-02-16,462,519.125701776637
2020-02-16,387,349.748073139814
2020-02-16,506,289.507856593407
2020-02-16,509,436.381302053743
2020-02-16,323,378.847977479598
2020-02-16,311,393.905112192995
2020-02-16,174,279.630706994159
2020-02-16,201,173.165633999836
2020-02-16,552,548.201609171624
2020-02-16,412,537.684522409648
2020-02-16,656,555.495550948077
2020-02-16,338,234.210791086486
2020-02-16,908,323.770211358306
2020-02-16,219,414.96248020083
2020-02-16,677,818.043255724111
2020-02-16,334,348.448719472819
2020-02-16,682,471.684025366762
2020-02-16,280,339.147518926335
2020-02-16,495,261.017148549745
2020-02-16,437,388.823778864797
2020-02-16,230,204.109766492188
2020-02-16,121,366.182779098919
2020-02-16,562,481.884100151381
2020-02-16,485,487.607804508829
2020-02-16,539,659.859233112256
2020-02-16,1052,416.076083964548
2020-02-16,539,532.977198262117
2020-02-16,619,630.000944011362
2020-02-16,514,421.898416016067
2020-02-16,736,463.025155979474
2020-02-16,195,254.503358782229
2020-02-16,195,287.018401735935
2020-02-16,354,342.661485706209
2020-02-16,345,250.320581932912
2020-02-16,405,415.243444136058
2020-02-16,642,330.029506526583
2020-02-16,485,393.444878510612
2020-02-16,356,362.987292600306
2020-02-16,684,338.705171642054
2020-02-16,409,532.617990238915
2020-02-16,73,143.117349111735
2020-02-16,357,326.014396835119
2020-02-16,652,293.625368301436
2020-02-16,451,502.109073118798
2020-02-16,579,384.231805451208
2020-02-16,305,403.987403760565
2020-02-16,532,431.760491444494
2020-02-16,380,596.027782449935
2020-02-16,451,251.327572449296
2020-02-16,288,112.172708153259
2020-02-16,133,128.503348363572
2020-02-16,493,344.34064063
2020-02-16,210,251.908754707505
2020-02-16,436,339.892366994929
2020-02-16,892,628.16097466863
2020-02-16,540,429.153152268164
2020-02-16,485,661.965666700747
2020-02-16,441,806.644693281112
2020-02-16,407,262.368341238466
2020-02-16,217,386.581384964271
2020-02-16,1130,471.995142916892
2020-02-16,876,591.45468526528
2020-02-16,327,450.495699726349
2020-02-16,643,361.028949123585
2020-02-16,669,378.245155939114
2020-02-16,284,521.830337024799
2020-02-16,909,295.500184681107
2020-02-16,242,332.084241313118
2020-02-16,321,381.443368641762
2020-02-16,600,230.834404463144
2020-02-16,165,85.7042718050676
2020-02-16,396,409.947917856706
2020-02-16,466,227.024372598083
2020-02-16,757,510.752020835315
2020-02-16,293,214.109200096947
2020-02-16,306,411.661702278824
2020-02-16,562,223.659537014523
2020-02-16,199,256.374435853899
2020-02-16,1005,468.961234200546
2020-02-16,335,177.89952269096
2020-02-16,477,619.066618620829
2020-02-16,254,379.050598764919
2020-02-16,473,341.496047436649
2020-02-16,463,354.716824954599
2020-02-16,519,537.19600616867
2020-02-16,150,441.766268301074
2020-02-16,871,420.208291707725
2020-02-16,526,420.333839831008
2020-02-16,286,362.152688770765
2020-02-16,114,379.925400816939
2020-02-16,406,420.086822186254
2020-02-16,350,131.21366530478
2020-02-16,177,155.073095064008
2020-02-16,191,206.441624040144
2020-02-16,393,404.80180105304
2020-02-16,548,176.587459410306
2020-02-16,512,355.528242104641
2020-02-16,442,313.665894863996
2020-02-16,244,341.404595701375
2020-02-16,68,185.215545085407
2020-02-16,799,624.85128235276
2020-02-16,376,384.138447710408
2020-02-16,205,701.224591439686
2020-02-16,438,456.19732476987
2020-02-16,689,678.47179773878
2020-02-16,314,459.186897065326
2020-02-16,407,380.030300884021
2020-02-16,268,242.490074460532
2020-02-16,203,404.894990626086
2020-02-16,1194,529.803828836502
2020-02-16,276,208.557191333761
2020-02-16,777,400.678269958963
2020-02-16,494,447.045547974735
2020-02-16,558,320.158165285711
2020-02-16,504,246.638358959619
2020-02-16,464,393.234506330277
2020-02-16,430,329.139866258971
2020-02-16,522,374.696450897757
2020-02-16,255,441.976600164086
2020-02-16,268,362.794072133923
2020-02-16,192,216.324662972741
2020-02-16,294,364.273532886605
2020-02-16,376,234.094072390544
2020-02-16,345,267.615532855211
2020-02-16,458,281.822721901164
2020-02-16,293,441.828479857637
2020-02-16,197,442.738899475121
2020-02-16,382,239.040028796921
2020-02-16,245,323.224551715313
2020-02-16,403,220.432843549622
2020-02-16,337,401.874851462145
2020-02-16,408,425.722951664361
2020-02-16,187,244.391831628086
2020-02-16,253,184.568695666888
2020-02-16,348,255.17523465295
2020-02-16,394,258.584773642803
2020-02-16,200,389.386959445693
2020-02-16,485,376.215722778216
2020-02-16,350,254.851836830643
2020-02-16,387,334.006671514258
2020-02-16,384,327.538958166963
2020-02-16,328,293.302014899489
2020-02-16,370,342.116922414459
2020-02-16,234,243.028803245927
2020-02-16,590,278.522427252602
2020-02-16,294,297.338249458673
2020-02-16,284,215.217532682243
2020-02-16,263,296.521894427747
2020-02-16,324,411.111560971313
2020-02-16,329,269.911889777477
2020-02-16,198,217.863956871559
2020-02-16,511,387.660885206094
2020-02-16,716,337.597336985198
2020-02-16,296,376.738378800583
2020-02-16,426,241.574781070399
2020-02-16,508,301.638592625805
2020-02-16,509,415.009732195799
2020-02-16,507,364.480875609162
2020-02-16,221,357.572598368624
2020-02-16,131,547.675816789291
2020-02-16,248,221.217545426762
2020-02-16,676,510.18409671651
2020-02-16,517,308.710196618207
2020-02-16,514,357.843698850667
2020-02-16,196,353.195064725571
2020-02-16,926,421.829241022836
2020-02-16,994,307.905833180364
2020-02-16,566,495.459199785556
2020-02-16,497,512.941370624379
2020-02-16,343,366.390419188452
2020-02-16,150,404.620751227896
2020-02-16,317,289.969340512981
2020-02-16,201,156.516931186265
2020-02-16,283,276.102501526395
2020-02-16,178,265.159822089149
2020-02-16,92,169.275471157716
2020-02-16,143,205.636186334462
2020-02-16,255,200.832429309087
2020-02-16,207,178.096511338786
2020-02-16,214,170.383872757131
2020-02-16,181,262.87626141181
2020-02-16,219,162.347033398168
2020-02-16,419,294.865165039505
2020-02-16,556,367.90101273369
2020-02-16,233,276.316792300459
2020-02-16,254,306.753181703412
2020-02-16,131,433.15892414082
2020-02-16,392,388.020288524681
2020-02-16,265,452.123284411724
2020-02-16,335,235.566480867317
2020-02-16,478,586.992144579363
2020-02-16,457,475.784312927157
2020-02-16,1244,416.92459819353
2020-02-16,876,413.09991067269
2020-02-16,717,428.003511544535
2020-02-16,609,586.811631330942
2020-02-16,337,461.603040810378
2020-02-16,340,394.978413900578
2020-02-16,277,306.209121095518
2020-02-16,543,377.050842385872
2020-02-16,280,354.663456109839
2020-02-16,219,422.87822840702
2020-02-16,189,364.670589389794
2020-02-16,165,134.107601405423
2020-02-16,222,161.406727949494
2020-02-16,337,350.107642623263
2020-02-16,329,362.046660407549
2020-02-16,469,425.515765138113
2020-02-16,1205,482.643351335635
2020-02-16,742,472.286248458808
2020-02-16,657,359.011604837614
2020-02-16,143,297.299118685604
2020-02-16,154,326.280594941784
2020-02-16,403,443.879230500989
2020-02-16,328,425.113755907428
2020-02-16,311,269.548849582572
2020-02-16,739,349.825022641939
2020-02-16,384,549.536530391182
2020-02-16,485,522.136028988684
2020-02-16,415,299.29658074852
2020-02-16,535,475.537027012388
2020-02-16,276,329.321395408536
2020-02-16,128,407.001971884944
2020-02-16,408,385.412178389443
2020-02-16,332,321.140850462726
2020-02-16,393,268.908579124876
2020-02-16,356,214.610143863434
2020-02-16,220,435.037293028609
2020-02-16,350,346.245124973078
2020-02-16,497,270.64668054855
2020-02-16,758,276.316737174335
2020-02-16,293,383.605415172708
2020-02-16,239,396.11135337612
2020-02-16,465,384.642015734985
2020-02-16,344,230.699135376538
2020-02-16,482,321.090651574148
2020-02-16,619,554.236377045795
2020-02-16,223,243.482292846135
2020-02-16,445,331.404676176154
2020-02-16,525,451.779449711773
2020-02-16,566,386.025439552097
2020-02-16,293,394.623543924268
2020-02-16,500,449.603829285193
2020-02-16,361,507.114891289256
2020-02-16,897,467.29058591503
2020-02-16,418,615.013796110165
2020-02-16,837,579.937611354491
2020-02-16,951,419.815157986424
2020-02-16,1282,739.417986535922
2020-02-16,532,311.394120090031
2020-02-16,469,499.094574905584
2020-02-16,448,404.491245939705
2020-02-16,383,473.612823195377
2020-02-16,748,352.505069383632
2020-02-16,56,418.164286137602
2020-02-16,752,373.24916745089
2020-02-16,591,585.137804847035
2020-02-16,459,511.65607645633
2020-02-16,169,318.098945276492
2020-02-16,219,356.251206234623
2020-02-16,550,814.158172087576
2020-02-16,318,313.24059025469
2020-02-16,447,536.562557130409
2020-02-16,272,330.809658270479
2020-02-16,665,547.453813420977
2020-02-16,349,230.967802536926
2020-02-16,389,527.960900219922
2020-02-16,485,293.321473888617
2020-02-16,570,340.642730847606
2020-02-16,544,754.514512174167
2020-02-16,624,293.249551660232
2020-02-16,652,797.26999934772
2020-02-16,470,434.450918491226
2020-02-16,614,467.917135997317
2020-02-16,942,592.614031204461
2020-02-16,370,509.920644948692
2020-02-16,679,543.78721621163
2020-02-16,313,282.46326827886
2020-02-16,668,579.590569844648
2020-02-16,359,510.142028784974
2020-02-16,346,525.050733011117
2020-02-16,461,530.518483814743
2020-02-16,654,463.93686480089
2020-02-16,462,171.429446975112
2020-02-16,355,354.266386881844
2020-02-16,182,184.555536459115
2020-02-16,716,294.275321735649
2020-02-16,177,343.738910366324
2020-02-16,234,253.561089977648
2020-02-16,262,307.453372606754
2020-02-16,574,502.881100193652
2020-02-16,551,342.117921552462
2020-02-16,319,399.978636880689
2020-02-16,193,464.273889410136
2020-02-16,294,147.329540329747
2020-02-16,590,681.66387183954
2020-02-16,610,463.806169760629
2020-02-16,230,357.131150463021
2020-02-16,321,247.419093584914
2020-02-16,256,211.845991544868
2020-02-16,505,409.739965815716
2020-02-16,495,662.498563979495
2020-02-16,269,307.876723289152
2020-02-16,542,500.525531449111
2020-02-16,665,505.190610410017
2020-02-16,327,351.329236535294
2020-02-16,361,294.822052578766
2020-02-16,309,400.799412905451
2020-02-16,110,279.422198983899
2020-02-16,506,340.267983658502
2020-02-16,289,239.103741107808
2020-02-16,345,276.008792046209
2020-02-16,291,299.570628200598
2020-02-16,438,399.42683368645
2020-02-16,485,347.8503441452
2020-02-16,338,432.586288520236
2020-02-16,472,310.005928486712
2020-02-16,505,345.611988768741
2020-02-16,517,308.474172730622
2020-02-16,246,400.610307366759
2020-02-16,543,446.971208033731
2020-02-16,507,416.790890573875
2020-02-16,310,297.992975130034
2020-02-16,320,362.626599561627
2020-02-16,406,411.74733128679
2020-02-16,257,451.539843801836
2020-02-16,536,334.294385212613
2020-02-16,196,291.606706045768
2020-02-16,337,304.447016269543
2020-02-16,393,454.198666972301
2020-02-16,521,432.607711171885
2020-02-16,182,386.770832623736
2020-02-16,191,284.153325507483
2020-02-16,345,270.496367816783
2020-02-16,435,522.46849954706
2020-02-16,459,339.811324524646
2020-02-16,465,203.92057424926
2020-02-16,699,333.436903719327
2020-02-16,283,324.335215488375
2020-02-16,372,439.157325123213
2020-02-16,749,359.134932080201
2020-02-16,284,297.638065699053
2020-02-16,358,456.373090279989
2020-02-16,329,258.537043037871
2020-02-16,501,610.889495428635
2020-02-16,334,522.437696704647
2020-02-16,284,238.694446907484
2020-02-16,495,411.08518084111
2020-02-16,1095,596.112032807387
2020-02-16,283,481.024220531056
2020-02-16,808,340.312283791785
2020-02-16,411,244.78373718114
2020-02-16,426,259.641710649955
2020-02-16,128,354.067856218002
2020-02-16,346,224.985395548744
2020-02-16,408,263.734186310481
2020-02-16,284,222.194535427801
2020-02-16,190,308.329203787909
2020-02-16,299,405.620058227092
2020-02-16,449,450.524754085119
2020-02-16,286,401.626911389399
2020-02-16,307,289.24241882541
2020-02-16,246,378.7716834907
2020-02-16,266,311.515924210129
2020-02-16,377,126.423195432499
2020-02-16,282,218.419200204425
2020-02-16,109,282.692904035353
2020-02-16,163,455.268146759182
2020-02-16,335,262.692009984166
2020-02-16,334,346.449434945599
2020-02-16,488,321.780636341772
2020-02-16,155,305.902592629086
2020-02-16,267,177.943066525065
2020-02-16,437,502.585619885726
2020-02-16,616,408.901649000337
2020-02-16,201,246.357119972248
2020-02-16,127,241.754317639571
2020-02-16,159,242.352558302403
2020-02-16,101,222.846103806625
2020-02-16,517,395.219923189076
2020-02-16,209,177.570243124873
2020-02-16,257,245.49702104001
2020-02-16,323,320.365185461253
2020-02-16,287,187.781479420359
2020-02-16,416,226.988485585224
2020-02-16,535,693.155733606729
2020-02-16,528,218.299935306379
2020-02-16,208,336.197495133289
2020-02-16,156,321.400843769004
2020-02-16,617,392.848646555281
2020-02-16,210,243.273022569083
2020-02-16,176,308.406269895115
2020-02-16,196,380.282978533475
2020-02-16,331,270.523846978536
2020-02-16,207,341.845290533328
2020-02-16,471,348.938881011217
2020-02-16,645,452.993402863827
2020-02-16,276,328.463735739598
2020-02-16,638,695.332214985033
2020-02-16,961,650.418351983633
2020-02-16,417,509.832179917679
2020-02-16,993,856.232065935678
2020-02-16,591,481.523371591839
2020-02-16,321,250.15375288134
2020-02-16,275,380.778556027236
2020-02-16,458,518.289827042983
2020-02-16,511,375.537793486349
2020-02-16,677,729.188077761944
2020-02-16,825,774.592363483883
2020-02-16,169,226.953877473653
2020-02-16,0,477.72000092858
2020-02-16,587,449.537355707488
2020-02-16,1435,796.722218835969
2020-02-16,720,657.721162278683
2020-02-16,311,744.86968199896
2020-02-16,347,514.425913351751
2020-02-16,479,503.558305138754
2020-02-16,633,579.942277377997
2020-02-16,301,430.483411854081
2020-02-16,934,783.121203464158
2020-02-16,371,407.162271368541
2020-02-16,818,309.759495762945
2020-02-16,779,697.704943893133
2020-02-16,584,455.105828551583
2020-02-16,385,528.147854617541
2020-02-16,231,142.477775536154
2020-02-16,485,320.25954660831
2020-02-16,314,403.626146557184
2020-02-16,417,468.377749378326
2020-02-16,344,655.903594705927
2020-02-16,453,524.077999156062
2020-02-16,1073,377.176504052607
2020-02-16,223,196.406072560454
2020-02-16,489,205.518418731493
2020-02-16,394,194.507884945259
2020-02-16,177,435.480699710422
2020-02-16,659,303.008302767689
2020-02-16,444,346.690520620318
2020-02-16,199,482.075027503001
2020-02-16,1446,648.525298285495
2020-02-16,392,714.74626899011
2020-02-16,583,454.62913668735
2020-02-16,1125,954.136234838065
2020-02-16,991,619.442332108628
2020-02-16,839,672.146099172351
2020-02-16,906,482.621161395827
2020-02-16,541,652.780464057808
2020-02-16,617,507.774367333531
2020-02-16,128,191.78027635808
2020-02-16,252,235.594758537927
2020-02-16,361,267.214498387736
2020-02-16,290,372.896384355839
2020-02-16,316,214.769328782702
2020-02-16,259,329.4519369354
2020-02-16,446,167.829467276864
2020-02-16,177,206.149679034605
2020-02-16,624,456.194955234009
2020-02-16,174,306.278469856629
2020-02-16,239,69.345153207444
2020-02-16,452,339.889765565908
2020-02-16,232,377.650362590705
2020-02-16,282,497.633017145829
2020-02-16,340,298.647345723326
2020-02-16,302,242.19171422256
2020-02-16,464,296.013132891413
2020-02-16,808,634.913902878475
2020-02-16,259,204.130923325115
2020-02-16,193,188.59905115201
2020-02-16,203,284.103486848516
2020-02-16,170,300.322425602681
2020-02-16,173,165.289801906189
2020-02-16,226,190.07090287792
2020-02-16,150,186.103537874813
2020-02-16,233,262.860161082204
2020-02-16,46,192.833660119197
2020-02-16,108,120.562852417242
2020-02-16,174,138.660459021465
2020-02-16,108,143.446206477212
2020-02-16,85,93.2640061278068
2020-02-16,107,172.467662315703
2020-02-16,174,106.881555332861
2020-02-16,168,134.677423308977
2020-02-16,106,82.3646256242756
2020-02-16,148,231.96679310131
2020-02-16,226,145.844186814359
2020-02-16,292,291.772222272608
2020-02-16,178,186.772390624087
2020-02-16,182,163.142204346059
2020-02-16,119,140.453167624053
2020-02-16,146,180.061107545748
2020-02-16,151,191.843073097853
2020-02-16,159,197.495054630701
2020-02-16,209,225.536043475437
2020-02-16,147,246.890523293468
2020-02-16,231,219.517493758889
2020-02-16,182,173.982165943876
2020-02-16,258,295.016176121944
2020-02-16,349,211.575643404816
2020-02-16,284,264.62538707433
2020-02-16,294,221.074847077871
2020-02-16,244,219.112278428112
2020-02-16,324,220.203125801834
2020-02-16,225,303.607311546438
2020-02-16,305,247.822921494369
2020-02-16,188,198.114183614649
2020-02-16,409,245.970844780414
2020-02-16,376,293.760464410379
2020-02-16,445,379.121256421247
2020-02-16,598,351.231742416128
2020-02-16,497,317.573979136613
2020-02-16,347,268.934218400701
2020-02-16,415,418.376394242074
2020-02-16,515,388.16471884155
2020-02-16,535,328.655781156556
2020-02-16,265,334.717184567566
2020-02-16,456,358.400694670081
2020-02-16,394,378.721861315879
2020-02-16,693,310.959183012228
2020-02-16,524,290.739496065423
2020-02-16,437,288.614395609328
2020-02-16,16,467.920398006325
2020-02-16,64,340.106384431294
2020-02-16,560,353.796535841821
2020-02-16,66,286.840095946786
2020-02-16,736,337.801419817703
2020-02-16,402,334.65937516503
2020-02-16,507,327.66637925391
2020-02-16,464,405.640680654771
2020-02-16,452,344.611490529124
2020-02-16,366,495.990647550846
2020-02-16,295,428.586907372001
2020-02-16,847,351.341567475367
2020-02-16,197,326.683279805564
2020-02-16,313,398.817717573073
2020-02-16,224,309.032819165116
2020-02-16,515,178.827245569224
2020-02-16,346,330.664653592948
2020-02-16,229,292.216104728107
2020-02-16,402,374.532862024941
2020-02-16,183,398.983062285639
2020-02-16,168,229.401650475755
2020-02-16,213,259.317913275741
2020-02-16,236,310.184545609781
2020-02-16,322,244.964135085296
2020-02-16,403,351.556892269694
2020-02-16,704,511.827068767747
2020-02-16,286,406.836101046209
2020-02-16,453,345.142832570884
2020-02-16,447,271.774891968077
2020-02-16,515,318.093758076701
2020-02-16,171,203.117602838098
2020-02-16,235,279.95777341271
2020-02-16,239,209.006194990486
2020-02-16,165,162.315826991871
2020-02-16,105,211.519444232659
2020-02-16,404,249.083037987201
2020-02-16,969,307.69478798586
2020-02-16,338,367.59534466827
2020-02-16,231,288.824587084483
2020-02-16,358,252.799577634598
2020-02-16,402,249.720431664327
2020-02-16,294,354.082943244375
2020-02-16,378,299.715868742838
2020-02-16,181,156.06385980565
2020-02-16,566,115.500656702615
2020-02-16,368,264.93863706087
2020-02-16,493,283.252511115548
2020-02-16,275,281.067360507357
2020-02-16,258,229.962407240318
2020-02-16,287,210.485335644158
2020-02-16,263,244.920862513463
2020-02-16,158,162.922449568171
2020-02-16,261,235.36382208888
2020-02-16,286,384.880341508631
2020-02-16,269,294.084503633854
2020-02-16,220,270.879175268353
2020-02-16,287,464.436060682024
2020-02-16,369,323.200508850812
2020-02-16,258,289.88406916602
2020-02-16,499,360.441194908786
2020-02-16,426,202.519528143038
2020-02-16,240,295.956164871241
2020-02-16,527,296.412913576537
2020-02-16,412,282.374253336604
2020-02-16,177,262.948565683067
2020-02-16,174,253.278875090566
2020-02-16,148,161.376222277677
2020-02-16,68,207.653926775826
2020-02-16,241,205.827796592621
2020-02-16,341,268.091790031217
2020-02-16,157,155.987265850732
2020-02-16,163,168.731637999285
2020-02-16,236,230.483223949312
2020-02-16,95,237.061463495396
2020-02-16,187,129.977954565577
2020-02-16,205,202.962211535115
2020-02-16,173,193.351976157044
2020-02-16,190,250.393929111941
2020-02-16,334,208.379620477887
2020-02-16,109,155.682156512021
2020-02-16,207,247.857753066779
2020-02-16,388,261.099687558337
2020-02-16,172,313.190749584506
2020-02-16,263,223.029292067611
2020-02-16,73,279.546646851054
2020-02-16,244,194.475381320523
2020-02-16,213,211.87447144281
2020-02-16,577,286.498779089976
2020-02-16,383,352.823472175858
2020-02-16,151,278.331448795361
2020-02-16,351,338.466983010794
2020-02-16,161,250.849216374341
2020-02-16,347,219.707912831484
2020-02-16,465,342.895603277447
2020-02-16,676,347.249698808544
2020-02-16,117,180.372813099423
2020-02-16,157,214.420455838432
2020-02-16,266,257.239444965264
2020-02-16,503,218.149344725893
2020-02-16,322,293.56714153691
2020-02-16,144,236.505925727465
2020-02-16,141,229.673753912454
2020-02-16,260,191.770359087808
2020-02-16,206,229.388154287569
2020-02-16,166,263.222734324703
2020-02-16,248,248.490485407802
2020-02-16,181,265.601204970849
2020-02-16,287,285.305249254443
2020-02-16,275,259.224906774849
2020-02-16,345,288.610225638918
2020-02-16,226,311.822129626728
2020-02-16,268,382.14521719026
2020-02-16,274,244.006046226653
2020-02-16,283,166.769473277245
2020-02-16,243,317.958634262417
2020-02-16,162,270.955740520238
2020-02-16,400,325.827887656578
2020-02-16,252,176.671053256284
2020-02-16,224,166.946127157216
2020-02-16,251,227.159885691744
2020-02-16,221,304.360196666416
2020-02-16,371,320.083969631055
2020-02-16,370,322.00043697983
2020-02-16,147,202.486444096322
2020-02-16,335,239.575923089028
2020-02-16,494,303.180907788565
2020-02-16,201,269.774422648434
2020-02-16,642,294.719192180299
2020-02-16,574,285.61910755604
2020-02-16,632,510.100105111957
2020-02-16,492,408.752088480797
2020-02-16,283,229.660477830511
2020-02-16,277,260.353981790386
2020-02-16,402,213.736937704696
2020-02-16,459,203.448162862072
2020-02-16,305,277.838052644804
2020-02-16,142,252.647251199571
2020-02-16,223,156.692576200489
2020-02-16,272,206.568269485182
2020-02-16,396,248.492550561902
2020-02-16,189,252.560371122847
2020-02-16,249,226.934569880816
2020-02-16,209,391.21771318795
2020-02-16,138,218.514901060427
2020-02-16,352,259.112129398363
2020-02-16,103,152.684512001816
2020-02-16,193,147.501535046023
2020-02-16,303,219.643819776505
2020-02-16,171,148.299992138992
2020-02-16,146,216.716479963246
2020-02-16,240,211.574963388068
2020-02-16,299,210.479284637951
2020-02-16,313,196.765687604313
2020-02-16,155,182.818205371867
2020-02-16,527,183.398814855422
2020-02-16,310,183.276318513831
2020-02-16,107,205.831359403013
2020-02-16,92,335.574034114836
2020-02-16,98,131.786618997463
2020-02-16,38,90.2677387720786
2020-02-16,90,143.029122071414
2020-02-16,302,207.189416590398
2020-02-16,279,225.837407539503
2020-02-16,61,165.552332243755
2020-02-16,259,227.910925139658
2020-02-16,224,157.160527009607
2020-02-16,317,209.722176666139
2020-02-16,346,175.921541942457
2020-02-16,269,210.177728973454
2020-02-16,324,265.203594874984
2020-02-16,215,277.567725907207
2020-02-16,297,220.304739364136
2020-02-16,170,234.602189412052
2020-02-16,288,264.859578501164
2020-02-16,597,216.070380002053
2020-02-16,299,214.197219698311
2020-02-16,287,224.147545153285
2020-02-16,142,217.087889477131
2020-02-16,147,181.68706100756
2020-02-16,150,153.665864322513
2020-02-16,113,165.055747745231
2020-02-16,312,196.881037310767
2020-02-16,183,227.418291331345
2020-02-16,270,222.664814502728
2020-02-16,312,274.582585409283
2020-02-16,234,247.483429727325
2020-02-16,467,352.30468553645
2020-02-16,349,247.37339300826
2020-02-16,408,359.151030859521
2020-02-16,541,337.694869793557
2020-02-16,496,226.472809447433
2020-02-16,427,359.768912929715
2020-02-16,153,196.017718977429
2020-02-16,184,234.243911679937
2020-02-16,214,331.209262732494
2020-02-16,258,337.395722381841
2020-02-16,606,302.5395565085
2020-02-16,228,269.513097244707
2020-02-16,554,235.961172808775
2020-02-16,379,285.963564754068
2020-02-16,270,292.011947875003
2020-02-16,321,334.343809265758
2020-02-16,388,307.013721575218
2020-02-16,360,210.021906410351
2020-02-16,228,257.064634934983
2020-02-16,321,270.233758513837
2020-02-16,279,245.122113678421
2020-02-16,451,285.576154610272
2020-02-16,461,228.913422642212
2020-02-16,279,245.279146538685
2020-02-16,160,282.823283343972
2020-02-16,525,376.287990419322
2020-02-16,231,290.197121995693
2020-02-16,257,326.778055844981
2020-02-16,238,249.968378347269
2020-02-16,382,315.536013992768
2020-02-16,648,352.036190891902
2020-02-16,282,509.021660846665
2020-02-16,419,609.270302729082
2020-02-16,338,459.288829587912
2020-02-16,219,293.751620011898
2020-02-16,481,324.707691270382
2020-02-16,338,279.194700833127
2020-02-16,599,456.309843856291
2020-02-16,547,292.010609255654
2020-02-16,655,479.113808225771
2020-02-16,417,294.744557569423
2020-02-16,599,234.525045092379
2020-02-16,558,470.36774637577
2020-02-16,398,345.568752472659
2020-02-16,505,361.791774354717
2020-02-16,413,410.378940375784
2020-02-16,613,456.687190474184
2020-02-16,424,338.445330442062
2020-02-16,349,270.61376622191
2020-02-16,449,402.750808159422
2020-02-16,712,486.581519184155
2020-02-16,438,292.863602168529
2020-02-16,416,435.726938442018
2020-02-16,536,426.150425968859
2020-02-16,336,416.47880521356
2020-02-16,578,518.59915712808
2020-02-16,455,566.596953447478
2020-02-16,403,314.609099794388
2020-02-16,454,519.904481534628
2020-02-16,655,412.974379484693
2020-02-16,269,321.156460703311
2020-02-16,445,303.650125165945
2020-02-16,492,400.029057539841
2020-02-16,586,324.466040832304
2020-02-16,454,442.770782383834
2020-02-16,763,249.883367360513
2020-02-16,427,382.932036773409
2020-02-16,447,261.163040469611
2020-02-16,256,445.023676991653
2020-02-16,311,233.199783418795
2020-02-16,524,443.792816350116
2020-02-16,375,424.649055582967
2020-02-16,613,338.643302682034
2020-02-16,518,330.560190814185
2020-02-16,570,356.231516757881
2020-02-16,669,469.175405729666
2020-02-16,263,424.519824359891
2020-02-16,306,406.722149246635
2020-02-16,624,299.414001675164
2020-02-16,336,318.60905060723
2020-02-16,762,521.651537028252
2020-02-16,398,284.053155436564
2020-02-16,683,546.107014585185
2020-02-16,196,476.708699313303
2020-02-16,610,300.080245876417
2020-02-16,407,343.124570737607
2020-02-16,559,429.611062410504
2020-02-16,646,323.988858267703
2020-02-16,565,457.504376080383
2020-02-16,658,431.885139820382
2020-02-16,263,455.263591700297
2020-02-16,491,532.395615774114
2020-02-16,598,398.036756866263
2020-02-16,484,321.922164768835
2020-02-16,971,477.652205076679
2020-02-16,692,553.622874721658
2020-02-16,394,405.581571134247
2020-02-16,646,403.931235947174
2020-02-16,626,371.930894804001
2020-02-16,759,475.504342484377
2020-02-16,721,600.230019285911
2020-02-16,350,510.44958599772
2020-02-16,524,321.407976748885
2020-02-16,461,309.545499854047
2020-02-16,592,388.682869547683
2020-02-16,593,351.154588630766
2020-02-16,367,354.558693496163
2020-02-16,374,322.443160096523
2020-02-16,789,297.452732566545
2020-02-16,47,671.7619876382
2020-02-16,678,447.277323637578
2020-02-16,571,479.520830233007
2020-02-16,103,334.362938252229
2020-02-16,234,191.41127135255
2020-02-16,612,646.317337143984
2020-02-16,473,368.530981432203
2020-02-16,685,337.658448514594
2020-02-16,251,409.995382372015
2020-02-16,209,233.860436408476
2020-02-16,431,333.215995657084
2020-02-16,222,479.178216629703
2020-02-16,398,263.338372379984
2020-02-16,206,398.831171163036
2020-02-16,94,727.712823428392
2020-02-16,344,623.898034715714
2020-02-16,341,476.654512769786
2020-02-16,272,172.913034189394
2020-02-16,136,113.881073212608
2020-02-16,119,123.711692766719
2020-02-16,148,233.349505539807
2020-02-16,241,147.209107646186
2020-02-16,338,337.558758648304
2020-02-16,627,534.180454956772
2020-02-16,341,929.829015548669
2020-02-16,19,465.060093758286
2020-02-16,57,1067.15010885181
2020-02-16,60,680.614426967597
2020-02-16,68,182.412996135018
2020-02-16,117,254.675099625943
2020-02-16,14,203.529381084855
2020-02-16,109,488.854745312564
2020-02-16,79,532.845880218942
2020-02-16,197,968.805915376109
2020-02-16,25,542.087288666146
2020-03-30,353,217.424651850754
2020-03-30,211,206.785278931209
2020-03-30,180,229.262367152098
2020-03-30,212,192.1900302872
2020-03-30,278,177.122901877089
2020-03-30,247,157.1147421374
2020-03-30,127,129.794804243372
2020-03-30,136,116.955378223663
2020-03-30,70,66.7329095477792
2020-03-30,148,206.025998743739
2020-03-30,109,149.045455143006
2020-03-30,81,133.827766372642
2020-03-30,130,77.7603050777945
2020-03-30,120,289.992322427459
2020-03-30,108,129.178490161602
2020-03-30,162,142.863301312498
2020-03-30,240,143.679888318272
2020-03-30,257,232.936052177548
2020-03-30,161,228.9634538149
2020-03-30,245,212.382063966587
2020-03-30,149,232.268711079387
2020-03-30,129,215.265725002539
2020-03-30,226,124.413929134293
2020-03-30,137,172.447822453862
2020-03-30,250,369.52486663475
2020-03-30,238,283.026936371374
2020-03-30,142,157.754824550861
2020-03-30,327,201.146603784322
2020-03-30,311,179.463952423819
2020-03-30,407,282.946192575742
2020-03-30,455,277.697164528169
2020-03-30,307,355.78337725769
2020-03-30,185,141.428529305879
2020-03-30,184,245.680484789108
2020-03-30,179,216.79874031183
2020-03-30,115,201.750526106223
2020-03-30,274,322.717189714016
2020-03-30,324,374.297884300692
2020-03-30,278,282.388871205747
2020-03-30,174,197.536002796082
2020-03-30,328,203.466981512772
2020-03-30,192,186.992267030875
2020-03-30,258,244.591325327422
2020-03-30,234,178.035262515215
2020-03-30,193,195.887652803567
2020-03-30,232,508.592532604831
2020-03-30,208,365.193431868022
2020-03-30,207,332.738032414111
2020-03-30,252,324.30857396453
2020-03-30,157,176.905289096342
2020-03-30,420,159.530021112434
2020-03-30,186,153.258513204788
2020-03-30,350,260.032392020844
2020-03-30,445,202.489720212889
2020-03-30,213,246.903782989019
2020-03-30,379,337.303798461624
2020-03-30,362,325.562480463919
2020-03-30,112,168.261666333982
2020-03-30,246,143.279434664881
2020-03-30,193,188.375658538955
2020-03-30,137,235.589802904131
2020-03-30,183,192.868029299388
2020-03-30,487,357.694299928947
2020-03-30,649,312.591370951539
2020-03-30,189,312.848378766678
2020-03-30,320,304.819952948113
2020-03-30,315,299.027175205784
2020-03-30,373,274.896024787091
2020-03-30,166,124.278640168205
2020-03-30,483,205.94180574801
2020-03-30,339,258.986028591546
2020-03-30,398,224.264598553169
2020-03-30,602,314.999573366468
2020-03-30,209,258.119360187849
2020-03-30,225,202.604744698858
2020-03-30,260,311.498204350108
2020-03-30,389,401.937939499608
2020-03-30,249,280.416692713326
2020-03-30,372,319.599478929938
2020-03-30,571,438.974850548201
2020-03-30,331,203.213687815965
2020-03-30,393,210.573179495054
2020-03-30,75,269.298011597115
2020-03-30,250,283.515791140425
2020-03-30,172,215.444934159559
2020-03-30,193,109.434857735582
2020-03-30,202,302.872093669495
2020-03-30,143,176.901008964421
2020-03-30,216,231.065459324707
2020-03-30,114,333.407700343132
2020-03-30,347,180.671266885197
2020-03-30,469,277.647285957346
2020-03-30,225,365.162869284696
2020-03-30,222,441.309160509018
2020-03-30,1002,555.685666336451
2020-03-30,663,538.507683484383
2020-03-30,575,621.127881654042
2020-03-30,650,411.705244519647
2020-03-30,567,595.337488716732
2020-03-30,577,428.832803792268
2020-03-30,356,380.327885239654
2020-03-30,287,431.504843279481
2020-03-30,363,292.577826379294
2020-03-30,179,189.235132184129
2020-03-30,442,298.653670571226
2020-03-30,366,550.454597839193
2020-03-30,256,291.365117458454
2020-03-30,393,379.483789394255
2020-03-30,199,141.588258071751
2020-03-30,198,180.822534647387
2020-03-30,178,184.159350317223
2020-03-30,156,190.48823078386
2020-03-30,241,99.5330381093977
2020-03-30,178,177.041752763495
2020-03-30,200,213.980184683596
2020-03-30,202,236.185356324302
2020-03-30,664,483.341521644594
2020-03-30,551,475.143629568139
2020-03-30,643,563.51175442986
2020-03-30,553,778.188878351777
2020-03-30,375,528.025443190091
2020-03-30,996,810.781089323397
2020-03-30,1316,450.960945943999
2020-03-30,1005,519.647122927286
2020-03-30,530,574.139349899045
2020-03-30,747,441.676505526779
2020-03-30,829,508.04720373623
2020-03-30,203,223.120728783152
2020-03-30,110,303.202114429658
2020-03-30,0,221.950733293819
2020-03-30,13,948.068829672633
2020-03-30,399,383.156057335458
2020-03-30,402,551.74914169946
2020-03-30,313,253.655442883624
2020-03-30,405,374.955892592073
2020-03-30,704,735.713230845908
2020-03-30,410,470.171748396125
2020-03-30,615,431.953943367124
2020-03-30,336,361.786674526644
2020-03-30,384,332.128976759681
2020-03-30,414,349.665474468368
2020-03-30,378,307.627153053183
2020-03-30,554,395.858029083236
2020-03-30,280,478.961037244901
2020-03-30,994,417.549406696152
2020-03-30,523,361.934444056686
2020-03-30,456,236.960406319522
2020-03-30,337,249.386876746926
2020-03-30,673,234.753132787937
2020-03-30,371,186.575013687427
2020-03-30,187,180.105592623556
2020-03-30,162,103.157126255286
2020-03-30,165,188.243073627129
2020-03-30,171,188.684405075532
2020-03-30,329,364.753324162294
2020-03-30,220,202.137767841966
2020-03-30,437,409.449606317457
2020-03-30,249,280.868597284997
2020-03-30,261,266.065003142056
2020-03-30,163,286.539511481473
2020-03-30,304,330.546586142824
2020-03-30,418,269.64279608585
2020-03-30,204,175.437803980004
2020-03-30,400,263.562056107036
2020-03-30,135,282.203387957268
2020-03-30,335,309.737060487398
2020-03-30,202,333.593095914214
2020-03-30,328,191.910571243797
2020-03-30,248,366.133442167403
2020-03-30,435,520.873756296884
2020-03-30,605,284.676332207642
2020-03-30,514,405.252472366857
2020-03-30,504,318.150079984566
2020-03-30,255,193.466945618195
2020-03-30,387,129.147068092249
2020-03-30,139,205.633429684737
2020-03-30,423,353.990940353429
2020-03-30,169,205.069525397003
2020-03-30,347,200.841895428634
2020-03-30,287,269.367423229856
2020-03-30,461,364.154120380318
2020-03-30,571,405.26511218769
2020-03-30,428,299.433467935241
2020-03-30,467,341.812813622816
2020-03-30,342,307.054988477058
2020-03-30,127,341.090608031758
2020-03-30,141,173.653780931679
2020-03-30,131,205.535846108717
2020-03-30,453,240.604409935611
2020-03-30,214,269.612628537125
2020-03-30,445,292.22900027871
2020-03-30,535,275.716620220635
2020-03-30,128,188.35397047365
2020-03-30,265,165.176574920203
2020-03-30,254,119.791962958668
2020-03-30,192,107.427833903222
2020-03-30,239,246.635127910354
2020-03-30,155,280.535321966894
2020-03-30,168,186.393934382833
2020-03-30,320,230.968628753731
2020-03-30,756,189.16577168982
2020-03-30,239,136.661862432603
2020-03-30,397,104.317938439041
2020-03-30,82,77.811563307783
2020-03-30,232,564.098669996665
2020-03-30,540,409.93121313976
2020-03-30,442,249.260939960783
2020-03-30,313,101.980431376567
2020-03-30,761,505.88450558756
2020-03-30,151,236.341726200293
2020-03-30,201,207.746784353197
2020-03-30,253,209.657939037369
2020-03-30,143,172.939962393842
2020-03-30,382,170.968236803174
2020-03-30,221,250.187518811519
2020-03-30,214,215.602765234559
2020-03-30,203,164.658322290074
2020-03-30,163,139.274040146014
2020-03-30,71,445.731921202839
2020-03-30,145,360.159487174989
2020-03-30,377,194.607538574726
2020-03-30,290,456.604497941579
2020-03-30,212,329.243370187992
2020-03-30,308,323.787550088045
2020-03-30,459,331.980255256589
2020-03-30,640,527.502602582229
2020-03-30,217,280.625325338357
2020-03-30,321,410.739626886657
2020-03-30,336,177.339805383941
2020-03-30,185,177.065836233787
2020-03-30,140,335.105747298456
2020-03-30,574,358.527803537656
2020-03-30,278,489.607823524582
2020-03-30,375,266.385984023705
2020-03-30,527,213.735370565997
2020-03-30,367,400.235452354325
2020-03-30,290,419.770969508901
2020-03-30,213,78.127210677752
2020-03-30,759,307.305487960955
2020-03-30,664,354.906623293385
2020-03-30,727,506.827972602322
2020-03-30,347,478.671065019796
2020-03-30,551,315.356732348577
2020-03-30,663,594.407557961441
2020-03-30,453,215.475741674536
2020-03-30,279,414.577356567488
2020-03-30,271,283.325438600197
2020-03-30,124,486.867735662735
2020-03-30,305,209.395280468458
2020-03-30,390,403.840729687432
2020-03-30,426,462.507371590751
2020-03-30,468,492.333676769781
2020-03-30,412,292.134261960135
2020-03-30,530,293.060157631738
2020-03-30,791,416.766371525214
2020-03-30,719,212.577781989706
2020-03-30,385,283.961537290108
2020-03-30,426,195.908809451369
2020-03-30,186,423.508201339084
2020-03-30,275,316.203607437819
2020-03-30,186,275.372545395703
2020-03-30,50,191.442805576057
2020-03-30,0,169.124431686139
2020-03-30,112,120.51265948262
2020-03-30,117,221.688531522127
2020-03-30,136,99.3794761301151
2020-03-30,56,187.891665505803
2020-03-30,223,215.556080116574
2020-03-30,206,231.569095692491
2020-03-30,360,159.360690549981
2020-03-30,203,171.445550302803
2020-03-30,303,226.099737553326
2020-03-30,250,214.989313825168
2020-03-30,244,209.618190177953
2020-03-30,229,150.044364260403
2020-03-30,326,213.031431921223
2020-03-30,121,115.079689955084
2020-03-30,121,121.95424091574
2020-03-30,106,247.633706103287
2020-03-30,115,116.598356502057
2020-03-30,379,260.679988886204
2020-03-30,186,146.747247458647
2020-03-30,256,185.048332303183
2020-03-30,199,166.279597914196
2020-03-30,382,327.757414985023
2020-03-30,222,210.859646336463
2020-03-30,208,288.697216374411
2020-03-30,354,176.143736153463
2020-03-30,329,224.515043455716
2020-03-30,466,462.466742219118
2020-03-30,500,272.49657621967
2020-03-30,495,380.863866190882
2020-03-30,161,200.172175788003
2020-03-30,484,354.917703625731
2020-03-30,636,431.036506168436
2020-03-30,444,239.072181743034
2020-03-30,188,258.835739524443
2020-03-30,318,276.939535664187
2020-03-30,479,275.08814946961
2020-03-30,520,336.009189045501
2020-03-30,259,327.392184401498
2020-03-30,188,240.206459359044
2020-03-30,210,263.484677583205
2020-03-30,170,339.475002219581
2020-03-30,359,208.787534357198
2020-03-30,302,244.697819557031
2020-03-30,197,150.66939369229
2020-03-30,166,165.385475144018
2020-03-30,158,277.78119959394
2020-03-30,238,156.722504442495
2020-03-30,328,227.37632486806
2020-03-30,175,202.144108500121
2020-03-30,144,241.514239647595
2020-03-30,293,198.723694294054
2020-03-30,243,252.702715411376
2020-03-30,145,236.847798706893
2020-03-30,231,248.181122617931
2020-03-30,259,198.917564235058
2020-03-30,293,238.316322865049
2020-03-30,218,159.830064155445
2020-03-30,157,225.061263541391
2020-03-30,113,274.778603365254
2020-03-30,129,206.005770757607
2020-03-30,206,278.041167108712
2020-03-30,212,174.482978212335
2020-03-30,287,238.759936394392
2020-03-30,179,250.453162088479
2020-03-30,162,211.26771680313
2020-03-30,457,223.138079013886
2020-03-30,322,332.201342606433
2020-03-30,429,299.653911990431
2020-03-30,407,385.878601973663
2020-03-30,381,356.609726218614
2020-03-30,435,287.288023490851
2020-03-30,261,268.946313939593
2020-03-30,219,402.418901502639
2020-03-30,378,420.782171974878
2020-03-30,460,376.211425949113
2020-03-30,385,293.454282357454
2020-03-30,388,315.663471964129
2020-03-30,207,121.172764411394
2020-03-30,402,193.527621166164
2020-03-30,185,221.698025605424
2020-03-30,391,359.784548213276
2020-03-30,320,326.935135755422
2020-03-30,397,361.50147397268
2020-03-30,222,204.593522039632
2020-03-30,143,230.173594711519
2020-03-30,302,179.360051337433
2020-03-30,406,440.725366507138
2020-03-30,480,211.623454910508
2020-03-30,365,384.719618746005
2020-03-30,296,273.801880137778
2020-03-30,416,467.248051670273
2020-03-30,612,460.017781660041
2020-03-30,403,407.282321730309
2020-03-30,280,403.629200286537
2020-03-30,506,429.799350845113
2020-03-30,443,399.715362229303
2020-03-30,380,420.471965950809
2020-03-30,731,502.948066809618
2020-03-30,537,426.883248527619
2020-03-30,368,364.531840062508
2020-03-30,292,365.268105838049
2020-03-30,490,399.150982473979
2020-03-30,863,388.837428745544
2020-03-30,564,389.122071539412
2020-03-30,558,475.536322374214
2020-03-30,359,224.645428894464
2020-03-30,192,419.011151976492
2020-03-30,106,165.551323146842
2020-03-30,435,501.159121086992
2020-03-30,388,439.80761522444
2020-03-30,443,268.750600180602
2020-03-30,845,438.761668961122
2020-03-30,281,313.668891120971
2020-03-30,555,367.126673909111
2020-03-30,148,162.853937421545
2020-03-30,229,97.1863599980639
2020-03-30,525,324.283419578836
2020-03-30,86,229.13499881285
2020-03-30,286,386.52536088687
2020-03-30,331,168.406175687062
2020-03-30,504,252.406054989682
2020-03-30,358,288.229492314831
2020-03-30,458,296.149769963709
2020-03-30,443,344.919337992811
2020-03-30,425,518.191120512237
2020-03-30,317,209.682059696376
2020-03-30,302,250.087167198856
2020-03-30,301,375.474032275699
2020-03-30,390,311.554465307542
2020-03-30,235,262.014221007672
2020-03-30,478,204.020296889621
2020-03-30,381,534.407343211543
2020-03-30,595,358.685170146177
2020-03-30,384,369.387884711365
2020-03-30,278,190.377136304234
2020-03-30,396,352.911593507034
2020-03-30,387,580.426661598975
2020-03-30,1113,634.352045075611
2020-03-30,814,391.483014910357
2020-03-30,668,549.987150866654
2020-03-30,166,626.710710786004
2020-03-30,243,213.919616158621
2020-03-30,286,299.659921209578
2020-03-30,175,180.508845884471
2020-03-30,196,206.797644370314
2020-03-30,274,334.754554819483
2020-03-30,312,340.466801503067
2020-03-30,567,403.712022158704
2020-03-30,480,413.202300320778
2020-03-30,284,290.370390860615
2020-03-30,402,283.431204340323
2020-03-30,336,455.561819108193
2020-03-30,434,358.714431020377
2020-03-30,602,372.522020969744
2020-03-30,441,285.829812596849
2020-03-30,366,332.042273301585
2020-03-30,380,449.433847676946
2020-03-30,307,441.937680058116
2020-03-30,350,315.925232135237
2020-03-30,399,495.131653751999
2020-03-30,752,485.27387961461
2020-03-30,390,252.430685455575
2020-03-30,323,263.325126646136
2020-03-30,377,367.468982869628
2020-03-30,329,372.189781980973
2020-03-30,252,191.612115610506
2020-03-30,287,267.832265638176
2020-03-30,296,382.199600845555
2020-03-30,379,277.416367320216
2020-03-30,273,337.671849709676
2020-03-30,331,265.639121590296
2020-03-30,356,397.876868252028
2020-03-30,743,320.983986777276
2020-03-30,600,419.593818280011
2020-03-30,896,312.518724523795
2020-03-30,406,433.248184520065
2020-03-30,972,480.345437231432
2020-03-30,516,563.58776085141
2020-03-30,679,556.998894203959
2020-03-30,627,429.118188869342
2020-03-30,250,405.105306990535
2020-03-30,398,316.004911782276
2020-03-30,403,323.014472660371
2020-03-30,150,73.2372405026786
2020-03-30,409,393.38582078564
2020-03-30,504,453.399511213442
2020-03-30,656,305.07840714987
2020-03-30,313,447.649408777738
2020-03-30,1263,477.276289870527
2020-03-30,211,180.205124231138
2020-03-30,642,551.129638335566
2020-03-30,163,426.408668876032
2020-03-30,86,157.31160037808
2020-03-30,164,187.972251813981
2020-03-30,174,215.401231806667
2020-03-30,248,102.630540721058
2020-03-30,317,299.927335350717
2020-03-30,335,405.112612783026
2020-03-30,270,74.6554417163254
2020-03-30,270,363.692070912796
2020-03-30,150,110.825247211862
2020-03-30,458,157.288829176334
2020-03-30,306,115.996556630713
2020-03-30,243,172.062133523861
2020-03-30,265,127.004438065833
2020-03-30,131,242.383560201112
2020-03-30,311,187.465123481544
2020-03-30,166,246.627296320839
2020-03-30,578,287.138691244026
2020-03-30,201,170.213118019409
2020-03-30,78,186.730415948462
2020-03-30,104,104.412923304233
2020-03-30,131,119.96358311987
2020-03-30,148,230.624414262694
2020-03-30,69,230.313934759552
2020-03-30,0,118.579340947771
2020-03-30,273,452.63286596458
2020-03-30,130,259.767244247047
2020-03-30,219,293.007253957196
2020-03-30,284,276.832839073773
2020-03-30,454,598.444065086588
2020-03-30,360,320.953963921535
2020-03-30,431,406.996674179108
2020-03-30,722,432.543025623174
2020-03-30,605,439.387803066651
2020-03-30,610,454.527961739721
2020-03-30,557,321.475588622259
2020-03-30,301,406.329007333272
2020-03-30,474,432.920361353009
2020-03-30,423,424.88241586894
2020-03-30,168,423.424593548718
2020-03-30,281,260.399052744955
2020-03-30,419,366.44143217874
2020-03-30,499,548.949935860124
2020-03-30,613,390.156408512898
2020-03-30,164,380.672199817406
2020-03-30,565,308.691913956946
2020-03-30,330,328.767973148445
2020-03-30,90,254.429250279831
2020-03-30,595,440.842184276433
2020-03-30,252,244.146284198366
2020-03-30,274,239.961008438602
2020-03-30,322,286.169794911337
2020-03-30,369,402.853007038946
2020-03-30,413,200.439447677635
2020-03-30,682,428.254533242154
2020-03-30,399,566.69540998443
2020-03-30,326,296.072411417055
2020-03-30,499,323.7327309494
2020-03-30,333,386.428625537734
2020-03-30,744,435.754782906887
2020-03-30,214,239.284757243793
2020-03-30,375,431.999953142907
2020-03-30,537,351.883576259565
2020-03-30,258,424.998026634508
2020-03-30,671,245.80707940147
2020-03-30,265,366.3197364369
2020-03-30,167,339.169155156219
2020-03-30,337,328.028564174934
2020-03-30,370,306.726634392276
2020-03-30,332,442.849883312167
2020-03-30,323,272.9972741254
2020-03-30,223,264.973680980302
2020-03-30,337,360.788714233003
2020-03-30,358,377.131953750844
2020-03-30,537,237.283828406744
2020-03-30,627,351.557808315804
2020-03-30,787,387.888086736736
2020-03-30,146,311.184743557611
2020-03-30,366,270.063574876139
2020-03-30,186,380.162773451998
2020-03-30,382,170.67110080147
2020-03-30,209,384.187527822569
2020-03-30,351,407.730975213059
2020-03-30,291,338.243640841842
2020-03-30,322,420.1468505844
2020-03-30,589,428.026579265059
2020-03-30,514,530.681715386804
2020-03-30,343,194.163539519803
2020-03-30,431,376.752148217354
2020-03-30,421,258.173869329725
2020-03-30,151,209.142422186154
2020-03-30,413,708.915008060262
2020-03-30,334,325.869238440106
2020-03-30,142,214.842277056994
2020-03-30,264,239.318018578229
2020-03-30,397,282.321159328475
2020-03-30,185,330.945685809384
2020-03-30,347,247.95161124931
2020-03-30,209,212.495238144061
2020-03-30,48,66.8776084672756
2020-03-30,216,166.736268421613
2020-03-30,702,363.27083316833
2020-03-30,174,156.083921935733
2020-03-30,253,224.076680595907
2020-03-30,398,357.160772960444
2020-03-30,468,285.353833312867
2020-03-30,125,199.758865904111
2020-03-30,320,158.867868992177
2020-03-30,60,209.062836989238
2020-03-30,93,61.400004815344
2020-03-30,581,443.399530058998
2020-03-30,405,349.907168200754
2020-03-30,437,147.904847101671
2020-03-30,166,324.294978829893
2020-03-30,306,392.511323607095
2020-03-30,363,399.990734754764
2020-03-30,422,329.88406697903
2020-03-30,175,160.572802586793
2020-03-30,156,165.730268886633
2020-03-30,128,207.407320805237
2020-03-30,208,247.887283833248
2020-03-30,516,326.771584182788
2020-03-30,680,395.117780141072
2020-03-30,430,373.26675858472
2020-03-30,651,315.111426620687
2020-03-30,452,466.541003950118
2020-03-30,351,330.695316348491
2020-03-30,271,225.526792594001
2020-03-30,256,286.385392748592
2020-03-30,271,236.994167482064
2020-03-30,261,290.945574808341
2020-03-30,435,270.503457850795
2020-03-30,282,417.270137988468
2020-03-30,372,353.325311410402
2020-03-30,146,307.720480106142
2020-03-30,313,243.407031036216
2020-03-30,526,171.675610289667
2020-03-30,252,210.134095935069
2020-03-30,163,160.802248651037
2020-03-30,514,296.779934448532
2020-03-30,222,136.253186372431
2020-03-30,264,190.874217691722
2020-03-30,583,230.896350125344
2020-03-30,261,158.587554011412
2020-03-30,244,279.642178856706
2020-03-30,306,248.107115863236
2020-03-30,257,225.469765747481
2020-03-30,95,176.585444429458
2020-03-30,203,236.982819617322
2020-03-30,411,208.927014498241
2020-03-30,569,491.609752752602
2020-03-30,530,364.627088868786
2020-03-30,261,277.804889864464
2020-03-30,298,356.511932091079
2020-03-30,358,305.923959531628
2020-03-30,241,208.477489827337
2020-03-30,677,348.077682027754
2020-03-30,146,330.183539082521
2020-03-30,210,272.828532953194
2020-03-30,437,422.076670713186
2020-03-30,153,246.853301922533
2020-03-30,595,412.207875725327
2020-03-30,803,351.520480554036
2020-03-30,735,401.789015591094
2020-03-30,704,379.176836990866
2020-03-30,712,387.61475267006
2020-03-30,82,92.525929441186
2020-03-30,13,318.355747737966
2020-03-30,156,185.108957072155
2020-03-30,113,213.766643194353
2020-03-30,284,184.65852984911
2020-03-30,243,81.582964390483
2020-03-30,239,424.692282753643
2020-03-30,263,318.747961654584
2020-03-30,236,218.930153203868
2020-03-30,274,179.155986690824
2020-03-30,360,264.121911043434
2020-03-30,258,239.011426945963
2020-03-30,200,261.244483936259
2020-03-30,136,175.390100528146
2020-03-30,164,112.675697934846
2020-03-30,347,329.43999188808
2020-03-30,225,325.311923480028
2020-03-30,417,338.094920794028
2020-03-30,237,137.951630615584
2020-03-30,503,206.014297112383
2020-03-30,127,245.626702427933
2020-03-30,476,506.676176079981
2020-03-30,257,224.901068512667
2020-03-30,419,312.964501124829
2020-03-30,182,242.107032470565
2020-03-30,395,175.645640587841
2020-03-30,299,263.261226959904
2020-03-30,172,152.132382476023
2020-03-30,111,248.830356499357
2020-03-30,368,314.776032296273
2020-03-30,353,306.211763096065
2020-03-30,305,420.920664454552
2020-03-30,679,258.365319958062
2020-03-30,341,342.586870153746
2020-03-30,413,396.841234522754
2020-03-30,360,276.345869779737
2020-03-30,478,300.208384704358
2020-03-30,158,176.534961379395
2020-03-30,158,199.113879156926
2020-03-30,220,255.268449186521
2020-03-30,218,189.220257259588
2020-03-30,283,278.298368711358
2020-03-30,474,224.679486089593
2020-03-30,329,264.561113974313
2020-03-30,240,236.638738250942
2020-03-30,479,238.711964813341
2020-03-30,240,351.471888541416
2020-03-30,50,89.9743413056494
2020-03-30,225,209.479652308475
2020-03-30,396,189.700177701334
2020-03-30,289,316.046124225691
2020-03-30,359,250.52217677768
2020-03-30,182,242.284605511245
2020-03-30,283,278.987533601487
2020-03-30,271,420.800582822603
2020-03-30,296,172.872062355936
2020-03-30,205,79.222222291511
2020-03-30,95,90.7594054580591
2020-03-30,353,234.708157085389
2020-03-30,167,177.512438932786
2020-03-30,305,225.285114166425
2020-03-30,563,432.178730675635
2020-03-30,399,274.608100850488
2020-03-30,352,441.953087452717
2020-03-30,260,526.904774902679
2020-03-30,268,164.472743354347
2020-03-30,172,242.078348952223
2020-03-30,665,325.166603910277
2020-03-30,655,391.345779550707
2020-03-30,232,278.913092937991
2020-03-30,355,228.946441154649
2020-03-30,396,246.862994539959
2020-03-30,174,335.564486884859
2020-03-30,520,204.541357620426
2020-03-30,154,222.639893071169
2020-03-30,268,263.591257598498
2020-03-30,462,177.708687481944
2020-03-30,155,65.3897909742458
2020-03-30,323,297.443294769299
2020-03-30,323,176.146816659658
2020-03-30,538,363.086482987024
2020-03-30,215,142.439438005433
2020-03-30,214,290.632223702419
2020-03-30,304,161.739104157049
2020-03-30,169,172.234621160056
2020-03-30,745,329.381540861813
2020-03-30,229,133.718138567114
2020-03-30,337,431.880196942861
2020-03-30,165,276.920537579945
2020-03-30,320,247.017029418573
2020-03-30,283,250.071441277076
2020-03-30,320,391.383987621842
2020-03-30,122,318.532668024189
2020-03-30,557,308.306159624921
2020-03-30,421,295.330081399528
2020-03-30,182,268.624887890836
2020-03-30,81,282.27609967835
2020-03-30,313,310.627542834351
2020-03-30,293,99.1794430793941
2020-03-30,132,111.032225146952
2020-03-30,117,149.665174996367
2020-03-30,269,291.614134380902
2020-03-30,388,127.959545407978
2020-03-30,368,254.623981327571
2020-03-30,340,233.761447146695
2020-03-30,204,264.77682213113
2020-03-30,192,123.232196440775
2020-03-30,505,408.378344025604
2020-03-30,264,241.345269817729
2020-03-30,163,487.35402980473
2020-03-30,236,312.812733347318
2020-03-30,524,463.5318730456
2020-03-30,214,333.805934918447
2020-03-30,305,283.803169276217
2020-03-30,232,183.349086321544
2020-03-30,136,284.75307498333
2020-03-30,937,361.93915668225
2020-03-30,228,155.256813683434
2020-03-30,499,302.9907842677
2020-03-30,419,324.318901732491
2020-03-30,416,221.0919145242
2020-03-30,340,180.986793125273
2020-03-30,323,276.734882027502
2020-03-30,344,212.898508447524
2020-03-30,409,257.423474570021
2020-03-30,201,326.04577864996
2020-03-30,216,265.313885423969
2020-03-30,115,153.012375533558
2020-03-30,163,234.518745259468
2020-03-30,230,161.350208889835
2020-03-30,212,154.874832591034
2020-03-30,293,171.731305294258
2020-03-30,157,260.168716054958
2020-03-30,115,263.180915203097
2020-03-30,270,149.048766404614
2020-03-30,140,225.889768065922
2020-03-30,324,156.441660294293
2020-03-30,221,256.065753740562
2020-03-30,290,295.682655126123
2020-03-30,116,181.73918067753
2020-03-30,223,133.380624745359
2020-03-30,299,194.235760344519
2020-03-30,295,194.922761348033
2020-03-30,147,287.239590279545
2020-03-30,375,292.480682875692
2020-03-30,206,198.46811261736
2020-03-30,349,266.876269791869
2020-03-30,286,268.737517701194
2020-03-30,286,238.254953798941
2020-03-30,318,258.821033849092
2020-03-30,234,191.772942175709
2020-03-30,478,233.13648484387
2020-03-30,269,233.357902430036
2020-03-30,214,159.320536016794
2020-03-30,253,215.596860578522
2020-03-30,243,319.837863535495
2020-03-30,235,212.998014985616
2020-03-30,199,171.517410603844
2020-03-30,385,289.904975310099
2020-03-30,506,241.562945905723
2020-03-30,263,281.673474398736
2020-03-30,287,186.89258453875
2020-03-30,354,222.630298290387
2020-03-30,374,299.603405492648
2020-03-30,367,253.52205319597
2020-03-30,149,266.159461480806
2020-03-30,116,396.100825702188
2020-03-30,183,163.685529686399
2020-03-30,548,342.750945748754
2020-03-30,368,213.049314778575
2020-03-30,314,250.019576097942
2020-03-30,149,236.75350093975
2020-03-30,547,301.572656909808
2020-03-30,616,204.061096189361
2020-03-30,360,327.901095457766
2020-03-30,359,354.424247205559
2020-03-30,215,254.771454137053
2020-03-30,109,267.036284898918
2020-03-30,261,197.419648993874
2020-03-30,129,114.495955837558
2020-03-30,164,197.212445337696
2020-03-30,150,178.790157005149
2020-03-30,85,119.406179461957
2020-03-30,97,147.567521954597
2020-03-30,181,144.207490256333
2020-03-30,155,125.667762598426
2020-03-30,148,126.214181105239
2020-03-30,179,187.103421267575
2020-03-30,180,118.481587148443
2020-03-30,300,216.175395812065
2020-03-30,403,256.804963503362
2020-03-30,186,193.043448788264
2020-03-30,204,216.828416987549
2020-03-30,72,314.998991863717
2020-03-30,256,287.441483515372
2020-03-30,186,328.33478935452
2020-03-30,254,170.046355605253
2020-03-30,312,391.878228314614
2020-03-30,376,325.613143459536
2020-03-30,789,284.725934304557
2020-03-30,616,281.865626624235
2020-03-30,480,285.274509822714
2020-03-30,437,384.71209511331
2020-03-30,238,290.400659908233
2020-03-30,208,276.283465280029
2020-03-30,212,212.851052104978
2020-03-30,335,245.210380412987
2020-03-30,200,241.342069369066
2020-03-30,142,277.574329661415
2020-03-30,116,243.685864193754
2020-03-30,111,93.0198689222824
2020-03-30,166,108.454476102865
2020-03-30,220,222.274535418055
2020-03-30,214,229.348295685461
2020-03-30,286,255.460835142668
2020-03-30,653,292.988732672346
2020-03-30,453,286.782866344867
2020-03-30,380,210.545618341888
2020-03-30,81,194.570440036536
2020-03-30,87,207.637578040155
2020-03-30,252,291.229273306846
2020-03-30,266,281.238856410683
2020-03-30,186,179.12411014625
2020-03-30,482,219.196675357384
2020-03-30,238,334.133329744676
2020-03-30,313,318.330420746153
2020-03-30,230,190.322140741736
2020-03-30,368,276.951613403296
2020-03-30,150,194.677913716472
2020-03-30,95,235.097516921102
2020-03-30,250,223.314716922696
2020-03-30,183,184.081013003509
2020-03-30,253,163.196285442912
2020-03-30,248,134.420253085966
2020-03-30,125,282.549222086643
2020-03-30,184,206.588806264599
2020-03-30,310,149.842521073447
2020-03-30,353,161.405618011891
2020-03-30,143,219.087050392843
2020-03-30,148,228.610183395586
2020-03-30,270,222.468811724992
2020-03-30,200,123.544604554013
2020-03-30,226,170.454567129921
2020-03-30,294,327.22844628195
2020-03-30,51,131.692609150329
2020-03-30,293,193.670291613101
2020-03-30,329,263.496818935389
2020-03-30,387,243.77961378126
2020-03-30,203,236.225280083669
2020-03-30,262,287.096496500782
2020-03-30,268,312.726821186623
2020-03-30,483,301.014072127449
2020-03-30,266,377.771163396172
2020-03-30,530,361.163582603988
2020-03-30,545,269.949560591052
2020-03-30,808,483.049540912728
2020-03-30,363,221.327376793092
2020-03-30,298,329.463583810256
2020-03-30,329,252.488127941309
2020-03-30,289,340.223688243792
2020-03-30,508,250.728008921193
2020-03-30,50,306.012915664506
2020-03-30,439,221.524619092517
2020-03-30,309,371.681377611758
2020-03-30,215,334.988160137791
2020-03-30,138,193.316782004766
2020-03-30,104,210.090959727284
2020-03-30,384,523.442540835327
2020-03-30,187,206.20634454271
2020-03-30,267,338.963273033736
2020-03-30,195,211.28873654766
2020-03-30,441,347.409701429674
2020-03-30,208,147.244040350551
2020-03-30,228,335.589641140437
2020-03-30,326,188.735846669347
2020-03-30,388,228.776727077784
2020-03-30,364,493.407586247056
2020-03-30,425,192.622487892437
2020-03-30,420,500.098455119196
2020-03-30,297,276.582328577718
2020-03-30,410,294.215550811653
2020-03-30,577,386.960637877993
2020-03-30,212,319.268920295893
2020-03-30,421,332.599320581615
2020-03-30,203,168.998380104908
2020-03-30,368,354.094852849857
2020-03-30,275,330.6199663587
2020-03-30,229,349.746022455264
2020-03-30,312,362.972353520959
2020-03-30,446,310.396809761417
2020-03-30,306,116.242816844555
2020-03-30,292,238.452050991914
2020-03-30,132,133.996058214973
2020-03-30,530,209.807289327659
2020-03-30,147,231.177542256112
2020-03-30,164,180.589237546724
2020-03-30,177,216.435435415629
2020-03-30,364,340.256946245911
2020-03-30,430,229.60471903992
2020-03-30,199,265.192287287644
2020-03-30,121,297.428392026704
2020-03-30,206,94.6976038900424
2020-03-30,395,430.955179688905
2020-03-30,426,284.913607230862
2020-03-30,145,224.106088948659
2020-03-30,169,157.194741200011
2020-03-30,158,126.700744332728
2020-03-30,320,240.891849042626
2020-03-30,295,405.787650461373
2020-03-30,179,180.254425070327
2020-03-30,300,315.64212289167
2020-03-30,360,321.338662298166
2020-03-30,216,212.140995637876
2020-03-30,207,177.754041053178
2020-03-30,205,261.909900488871
2020-03-30,80,182.29991456525
2020-03-30,332,211.535789350136
2020-03-30,145,147.208324871343
2020-03-30,191,164.347474804141
2020-03-30,192,179.01972633304
2020-03-30,319,247.78640639827
2020-03-30,326,223.321585701189
2020-03-30,170,261.266809655063
2020-03-30,238,185.3967715902
2020-03-30,297,199.426664658029
2020-03-30,298,185.17349072344
2020-03-30,150,253.479074960817
2020-03-30,367,279.446596135427
2020-03-30,287,264.357677170988
2020-03-30,189,185.641950450208
2020-03-30,185,222.370446683016
2020-03-30,279,280.733626941519
2020-03-30,167,322.355204174318
2020-03-30,321,215.374229933954
2020-03-30,122,187.534960414843
2020-03-30,243,205.915902233817
2020-03-30,267,330.940697678809
2020-03-30,299,285.356470150727
2020-03-30,110,230.047721317679
2020-03-30,104,167.083130825172
2020-03-30,223,158.384793555895
2020-03-30,255,316.673248532123
2020-03-30,286,201.142703685245
2020-03-30,272,122.916719642412
2020-03-30,391,204.835688809431
2020-03-30,172,203.046118133512
2020-03-30,225,277.967365483278
2020-03-30,463,226.660215969735
2020-03-30,169,179.936951572831
2020-03-30,221,285.234207633979
2020-03-30,195,155.40601301594
2020-03-30,354,379.506555172011
2020-03-30,240,327.333904574648
2020-03-30,214,155.064497068608
2020-03-30,327,265.735677308423
2020-03-30,541,387.373665424055
2020-03-30,201,304.255084531569
2020-03-30,470,226.473316898559
2020-03-30,285,158.759468027884
2020-03-30,252,170.135569406918
2020-03-30,88,240.443121481206
2020-03-30,248,155.960066538979
2020-03-30,305,182.72890467459
2020-03-30,238,147.61281759535
2020-03-30,171,202.624250496481
2020-03-30,181,277.219108129727
2020-03-30,314,281.282703674943
2020-03-30,161,245.663510725513
2020-03-30,193,191.463383824456
2020-03-30,147,230.468585553726
2020-03-30,149,193.233469286834
2020-03-30,259,83.507436331493
2020-03-30,227,138.059760089997
2020-03-30,72,180.364163989485
2020-03-30,117,285.25304820095
2020-03-30,181,157.879680820968
2020-03-30,168,215.042043364863
2020-03-30,301,194.076429815915
2020-03-30,131,192.853684680314
2020-03-30,156,107.850593704899
2020-03-30,279,306.367553834518
2020-03-30,367,230.97406081987
2020-03-30,89,141.048888890298
2020-03-30,65,135.361342517149
2020-03-30,103,147.401921017427
2020-03-30,79,141.373497461843
2020-03-30,320,247.675990173756
2020-03-30,174,112.005968091304
2020-03-30,144,158.283500140324
2020-03-30,190,209.918505589538
2020-03-30,161,112.556997339751
2020-03-30,319,141.992690257945
2020-03-30,369,415.767968277214
2020-03-30,307,143.489967629499
2020-03-30,125,227.801257104185
2020-03-30,124,203.291724459868
2020-03-30,372,238.736481742712
2020-03-30,136,156.640560750832
2020-03-30,117,195.231348702518
2020-03-30,135,232.581440989477
2020-03-30,254,176.017284812623
2020-03-30,158,218.467460847751
2020-03-30,303,213.361817492161
2020-03-30,438,272.842534905082
2020-03-30,190,193.588739002656
2020-03-30,405,416.289491856968
2020-03-30,552,391.722345939018
2020-03-30,259,305.862649136024
2020-03-30,591,536.963700686246
2020-03-30,371,315.918048804573
2020-03-30,238,162.934996234411
2020-03-30,191,251.644898440369
2020-03-30,292,302.630816628203
2020-03-30,340,225.5520645095
2020-03-30,386,439.725667757313
2020-03-30,483,471.632702001595
2020-03-30,113,139.174004558286
2020-03-30,0,273.588800034587
2020-03-30,321,267.579895230379
2020-03-30,787,480.016897020296
2020-03-30,471,397.771583626123
2020-03-30,187,443.000675601023
2020-03-30,235,339.74133287308
2020-03-30,321,327.147087696452
2020-03-30,358,360.892719355775
2020-03-30,202,280.919675213302
2020-03-30,611,472.982455085419
2020-03-30,274,256.921327091539
2020-03-30,435,206.437389251384
2020-03-30,554,451.903777673845
2020-03-30,397,310.027095917166
2020-03-30,246,366.176851050486
2020-03-30,205,94.6901309278981
2020-03-30,327,223.18833750558
2020-03-30,207,280.607993741632
2020-03-30,278,322.516378688551
2020-03-30,226,433.722043474938
2020-03-30,335,364.92820447918
2020-03-30,760,267.335794519116
2020-03-30,193,135.857757599969
2020-03-30,322,148.23947920886
2020-03-30,276,134.944712358669
2020-03-30,127,292.260398685829
2020-03-30,424,201.726680799509
2020-03-30,303,234.942004053793
2020-03-30,115,327.061644278458
2020-03-30,964,432.656085581512
2020-03-30,273,475.150755194981
2020-03-30,390,286.507592607304
2020-03-30,705,603.06484090757
2020-03-30,594,400.556349629606
2020-03-30,569,421.636804869069
2020-03-30,638,330.65184934725
2020-03-30,355,424.265372086781
2020-03-30,419,338.012875689822
2020-03-30,96,140.952362232479
2020-03-30,235,161.702888109294
2020-03-30,248,198.278971164058
2020-03-30,198,268.081847418876
2020-03-30,235,158.076403302172
2020-03-30,210,233.097774088936
2020-03-30,317,121.348899574977
2020-03-30,140,147.719589526057
2020-03-30,475,314.332397028651
2020-03-30,134,223.489004058805
2020-03-30,186,52.0559698764988
2020-03-30,279,207.964414621467
2020-03-30,160,227.00266521902
2020-03-30,191,300.782604620646
2020-03-30,194,185.737201331039
2020-03-30,193,159.639986373281
2020-03-30,279,185.847263444974
2020-03-30,458,377.786541241358
2020-03-30,156,140.029678221394
2020-03-30,123,126.279889706334
2020-03-30,135,189.002709713725
2020-03-30,102,174.691043788791
2020-03-30,112,107.92165135856
2020-03-30,184,118.717234719006
2020-03-30,121,115.587494908157
2020-03-30,130,150.08727133817
2020-03-30,24,100.277507431994
2020-03-30,76,72.5568531055144
2020-03-30,115,84.8012015200875
2020-03-30,71,86.1301719477345
2020-03-30,41,59.8137782074558
2020-03-30,61,111.701008000616
2020-03-30,105,68.9411953825292
2020-03-30,106,83.2466977317205
2020-03-30,56,49.9570842713312
2020-03-30,114,126.859158953174
2020-03-30,120,95.1131248679623
2020-03-30,215,185.131841219031
2020-03-30,135,123.315000196518
2020-03-30,106,105.83898077923
2020-03-30,76,92.3561098599857
2020-03-30,101,118.758370207706
2020-03-30,119,126.913201216822
2020-03-30,117,133.962259358821
2020-03-30,191,168.542421855721
2020-03-30,86,181.802207673296
2020-03-30,157,152.476439564436
2020-03-30,157,119.474399724763
2020-03-30,156,206.634939755835
2020-03-30,233,140.816136742977
2020-03-30,193,178.060370199217
2020-03-30,173,152.829593490577
2020-03-30,159,149.740873833932
2020-03-30,234,151.229971461877
2020-03-30,157,211.760140912666
2020-03-30,248,175.871425910489
2020-03-30,144,141.002739751753
2020-03-30,265,191.832041858736
2020-03-30,318,222.891747361156
2020-03-30,401,256.993502498775
2020-03-30,458,273.319028647047
2020-03-30,408,232.611625044565
2020-03-30,259,194.144983112564
2020-03-30,272,295.635525509067
2020-03-30,333,275.713499774513
2020-03-30,354,220.693443689458
2020-03-30,162,232.367082321343
2020-03-30,307,247.270269297893
2020-03-30,290,255.678732942281
2020-03-30,490,212.67755643879
2020-03-30,377,196.014442009028
2020-03-30,264,206.476532804452
2020-03-30,13,343.07248697161
2020-03-30,48,260.38254681943
2020-03-30,420,278.118589933895
2020-03-30,52,214.015770642631
2020-03-30,503,266.222704397459
2020-03-30,286,259.336223922753
2020-03-30,446,256.580500452611
2020-03-30,375,322.585037439331
2020-03-30,345,285.841256352146
2020-03-30,329,384.339459146864
2020-03-30,333,337.612159499664
2020-03-30,667,286.137853851659
2020-03-30,179,260.280213021757
2020-03-30,218,321.869269110249
2020-03-30,138,242.175862223697
2020-03-30,374,140.010389397727
2020-03-30,295,249.850326606284
2020-03-30,163,213.175620370408
2020-03-30,300,243.731013572351
2020-03-30,116,234.721657282408
2020-03-30,134,153.386825783224
2020-03-30,141,178.818964450198
2020-03-30,170,240.486631685775
2020-03-30,287,183.51217767178
2020-03-30,333,271.298298428357
2020-03-30,465,409.361666603262
2020-03-30,244,294.571899236888
2020-03-30,412,265.248372186903
2020-03-30,343,220.744291296001
2020-03-30,393,249.428930965819
2020-03-30,113,145.481665450515
2020-03-30,195,205.445092731204
2020-03-30,111,142.671691636181
2020-03-30,77,87.3555005704458
2020-03-30,22,103.275670000294
2020-03-30,119,136.250411949294
2020-03-30,295,193.265556327649
2020-03-30,266,169.771829343634
2020-03-30,160,179.406675356154
2020-03-30,330,208.047779321044
2020-03-30,332,203.515100534356
2020-03-30,243,281.523744465112
2020-03-30,319,228.854334829802
2020-03-30,124,104.256857482267
2020-03-30,402,75.0992491159004
2020-03-30,285,188.217317209214
2020-03-30,333,216.976394989728
2020-03-30,251,233.561061220401
2020-03-30,251,191.216403359106
2020-03-30,249,172.793668001382
2020-03-30,164,194.555624039661
2020-03-30,125,113.061506284334
2020-03-30,211,164.904367213633
2020-03-30,238,231.491043742357
2020-03-30,171,168.136743723342
2020-03-30,183,197.161003239464
2020-03-30,277,345.075746350498
2020-03-30,276,253.896985965364
2020-03-30,172,218.778521346209
2020-03-30,372,250.397656216625
2020-03-30,266,145.072361672798
2020-03-30,107,204.025089584207
2020-03-30,406,212.634947304839
2020-03-30,312,203.768062021893
2020-03-30,125,175.256804255143
2020-03-30,133,170.786634405455
2020-03-30,132,105.437310708885
2020-03-30,41,139.166599930796
2020-03-30,163,138.857245752355
2020-03-30,208,180.308380637388
2020-03-30,130,105.636077367634
2020-03-30,141,113.065280172196
2020-03-30,163,153.892935160546
2020-03-30,60,156.976182566078
2020-03-30,142,84.4386103510239
2020-03-30,135,135.604792035014
2020-03-30,126,125.596220722313
2020-03-30,115,168.60003990122
2020-03-30,222,145.675231817694
2020-03-30,83,112.970425864801
2020-03-30,159,166.356324284095
2020-03-30,232,165.634167657711
2020-03-30,124,197.852532872081
2020-03-30,152,156.710271343671
2020-03-30,51,196.141667622366
2020-03-30,165,131.723733669465
2020-03-30,146,127.190599181715
2020-03-30,278,173.283867764925
2020-03-30,216,220.386020026146
2020-03-30,120,186.102687358468
2020-03-30,311,241.233163301713
2020-03-30,142,180.364543661047
2020-03-30,232,178.697404632602
2020-03-30,379,271.505871555631
2020-03-30,292,280.008154031947
2020-03-30,69,118.082119345164
2020-03-30,113,153.057470932835
2020-03-30,206,180.702929213873
2020-03-30,351,165.247204529231
2020-03-30,258,228.268387148909
2020-03-30,91,166.319699221026
2020-03-30,133,183.004928852679
2020-03-30,182,148.749664210976
2020-03-30,136,159.793534782801
2020-03-30,132,171.362472956246
2020-03-30,169,212.403157154683
2020-03-30,155,172.048289802064
2020-03-30,662,191.389434579739
2020-03-30,214,248.56392149867
2020-03-30,287,216.366608672483
2020-03-30,139,229.112874859291
2020-03-30,190,299.376564648796
2020-03-30,207,240.291177843407
2020-03-30,294,131.721499493653
2020-03-30,177,291.156027664862
2020-03-30,139,201.74802683638
2020-03-30,296,240.542874274635
2020-03-30,241,136.631710331578
2020-03-30,147,136.510678978433
2020-03-30,253,176.271713844208
2020-03-30,220,242.947158480592
2020-03-30,309,256.564389914767
2020-03-30,312,242.005921619961
2020-03-30,111,152.069234092181
2020-03-30,280,179.079042526122
2020-03-30,372,219.491726142233
2020-03-30,129,201.491542422402
2020-03-30,470,225.447997114701
2020-03-30,447,217.317878031132
2020-03-30,434,386.220228345239
2020-03-30,358,310.128658550984
2020-03-30,219,173.527675013906
2020-03-30,203,187.901868624546
2020-03-30,351,156.555921489411
2020-03-30,352,153.319708176851
2020-03-30,196,209.910135883769
2020-03-30,125,194.934032243882
2020-03-30,167,131.818688754871
2020-03-30,223,174.009114196078
2020-03-30,358,194.364318724677
2020-03-30,149,203.618073101122
2020-03-30,234,176.567194782221
2020-03-30,202,318.889561663163
2020-03-30,77,166.274431103811
2020-03-30,234,171.392555967362
2020-03-30,67,105.338531257476
2020-03-30,108,97.534725526919
2020-03-30,189,140.505707375901
2020-03-30,117,100.67978587938
2020-03-30,129,157.519328927348
2020-03-30,178,150.311452892289
2020-03-30,151,138.961797813856
2020-03-30,233,145.944969814447
2020-03-30,137,132.949788265675
2020-03-30,455,129.315606638458
2020-03-30,185,132.91036552957
2020-03-30,61,147.551279085958
2020-03-30,55,208.089729971827
2020-03-30,53,88.6458113687138
2020-03-30,18,66.6284584314334
2020-03-30,71,102.18270228342
2020-03-30,241,142.260256935271
2020-03-30,169,171.84760082923
2020-03-30,87,117.17422778695
2020-03-30,195,170.253656993081
2020-03-30,186,120.244292918324
2020-03-30,229,179.270997914627
2020-03-30,303,140.465097362399
2020-03-30,263,175.108311701809
2020-03-30,311,217.255012885075
2020-03-30,189,209.248275057082
2020-03-30,245,180.69761353104
2020-03-30,140,174.254477984094
2020-03-30,215,211.833874341058
2020-03-30,368,165.882973987452
2020-03-30,231,154.389279064677
2020-03-30,212,166.096136527903
2020-03-30,114,160.293683885878
2020-03-30,115,126.888894541301
2020-03-30,120,99.7454958473319
2020-03-30,94,118.540588120848
2020-03-30,244,129.810119647501
2020-03-30,132,155.934549590662
2020-03-30,199,165.147130062261
2020-03-30,223,197.126236147068
2020-03-30,179,164.783086448217
2020-03-30,297,254.723529849866
2020-03-30,252,181.26601203242
2020-03-30,348,267.23266294323
2020-03-30,430,252.899551499057
2020-03-30,381,184.124822069048
2020-03-30,380,286.847832700808
2020-03-30,109,148.522267967113
2020-03-30,135,193.373671974055
2020-03-30,139,253.805326768682
2020-03-30,241,245.050986794727
2020-03-30,428,228.386174842643
2020-03-30,223,199.289760593709
2020-03-30,445,177.204438822037
2020-03-30,290,222.951088633612
2020-03-30,278,237.835298269526
2020-03-30,253,280.882326451285
2020-03-30,390,252.022362558906
2020-03-30,287,175.323550076241
2020-03-30,181,220.324957019747
2020-03-30,257,223.765518057953
2020-03-30,230,195.33273987636
2020-03-30,354,229.44079782543
2020-03-30,277,188.625088624104
2020-03-30,212,185.717457921085
2020-03-30,117,215.303537341569
2020-03-30,366,280.684001951914
2020-03-30,156,212.465828957699
2020-03-30,169,232.287857861194
2020-03-30,155,178.650226094601
2020-03-30,303,226.446966721996
2020-03-30,449,262.145118247529
2020-03-30,226,377.674292266045
2020-03-30,347,465.009252865999
2020-03-30,298,355.82723842814
2020-03-30,157,232.88075380864
2020-03-30,293,255.761548164651
2020-03-30,284,210.868425928342
2020-03-30,522,343.607949840789
2020-03-30,477,230.935327331691
2020-03-30,477,374.982615892438
2020-03-30,311,221.60028408386
2020-03-30,404,173.295152045488
2020-03-30,425,346.157105067199
2020-03-30,298,244.053282657151
2020-03-30,397,259.904539573873
2020-03-30,325,315.236295234961
2020-03-30,438,337.906999749158
2020-03-30,342,255.677977414063
2020-03-30,298,210.379927784452
2020-03-30,333,311.339397461585
2020-03-30,553,354.375799405229
2020-03-30,320,215.311904147178
2020-03-30,293,316.139621609795
2020-03-30,372,310.15247704271
2020-03-30,252,298.241383488139
2020-03-30,378,383.016998279472
2020-03-30,343,425.825962860484
2020-03-30,279,240.078014031844
2020-03-30,307,393.802659985077
2020-03-30,546,297.88146251723
2020-03-30,235,239.136531536489
2020-03-30,351,231.664194382765
2020-03-30,343,298.96463100747
2020-03-30,440,235.277132171679
2020-03-30,348,319.918204037674
2020-03-30,610,181.323822444166
2020-03-30,252,283.68892600913
2020-03-30,286,186.362176963127
2020-03-30,217,306.456309086732
2020-03-30,219,164.361598905688
2020-03-30,353,323.607243879533
2020-03-30,285,298.324619789913
2020-03-30,469,235.306880390622
2020-03-30,380,234.500961627163
2020-03-30,406,247.118531445472
2020-03-30,417,340.047118687993
2020-03-30,201,270.435476582663
2020-03-30,185,269.735315224875
2020-03-30,358,189.282773797937
2020-03-30,192,206.347440008372
2020-03-30,509,344.345744552348
2020-03-30,260,203.474213567666
2020-03-30,499,372.584084723603
2020-03-30,205,330.432470791485
2020-03-30,387,221.51091256209
2020-03-30,334,243.427047339095
2020-03-30,411,302.383594621246
2020-03-30,451,238.948092352093
2020-03-30,371,324.917487806815
2020-03-30,511,301.498104593727
2020-03-30,207,318.664530421533
2020-03-30,293,380.290266841768
2020-03-30,422,268.647835681052
2020-03-30,350,227.923839363807
2020-03-30,658,326.629454656708
2020-03-30,446,369.714270377269
2020-03-30,257,260.264328525603
2020-03-30,429,268.137613981108
2020-03-30,441,231.046786297959
2020-03-30,558,295.839566246315
2020-03-30,436,407.946093959386
2020-03-30,239,341.272992321695
2020-03-30,365,228.324454784292
2020-03-30,366,213.972703378378
2020-03-30,376,275.708149054681
2020-03-30,367,242.876952618075
2020-03-30,270,239.750074005371
2020-03-30,290,217.518856290712
2020-03-30,496,225.77242449245
2020-03-30,46,465.136041591572
2020-03-30,476,281.379399285697
2020-03-30,368,319.325332931218
2020-03-30,75,222.218286256277
2020-03-30,157,128.229844040111
2020-03-30,167,409.603032345119
2020-03-30,360,244.620197204248
2020-03-30,408,246.109855297787
2020-03-30,184,265.863138999884
2020-03-30,154,157.1226317861
2020-03-30,265,202.707647503121
2020-03-30,138,359.643793377327
2020-03-30,310,194.209369201743
2020-03-30,146,295.131734156062
2020-03-30,115,524.102302908388
2020-03-30,245,477.11610895512
2020-03-30,225,347.858431492762
2020-03-30,166,110.496293670171
2020-03-30,90,75.1583840839675
2020-03-30,70,83.4771744812168
2020-03-30,80,151.253297314652
2020-03-30,158,107.482595510886
2020-03-30,261,247.897128927232
2020-03-30,515,405.179945788774
2020-03-30,228,608.521256418144
2020-03-30,18,318.765640731757
2020-03-30,52,741.473520357275
2020-03-30,54,477.544328101538
2020-03-30,45,139.620783941359
2020-03-30,110,195.752002441344
2020-03-30,24,137.963147830164
2020-03-30,77,341.056446217571
2020-03-30,48,372.645345525262
2020-03-30,223,676.490973602492
2020-03-30,28,382.954465791777
2020-03-31,294,204.821192462263
2020-03-31,208,190.434406928899
2020-03-31,167,213.57706612279
2020-03-31,223,174.117485018381
2020-03-31,264,159.355161589134
2020-03-31,230,143.443019885926
2020-03-31,125,116.847431651329
2020-03-31,110,105.057732890919
2020-03-31,63,58.0617675996652
2020-03-31,149,183.061818872525
2020-03-31,82,133.071732535112
2020-03-31,74,114.421401227436
2020-03-31,106,69.7295384480796
2020-03-31,132,262.710410185026
2020-03-31,98,117.073252455209
2020-03-31,154,122.926754756621
2020-03-31,199,127.829432993945
2020-03-31,234,212.795092963494
2020-03-31,140,206.955672399449
2020-03-31,219,192.70382587112
2020-03-31,161,208.395494622932
2020-03-31,111,195.793181924651
2020-03-31,175,117.415117429804
2020-03-31,127,154.038806834993
2020-03-31,225,341.589431491324
2020-03-31,212,258.515866964491
2020-03-31,152,145.171406561696
2020-03-31,293,188.705899068643
2020-03-31,305,161.387330330616
2020-03-31,358,261.369523864192
2020-03-31,400,253.698290752957
2020-03-31,316,320.321686190139
2020-03-31,185,132.406052007025
2020-03-31,171,231.250690294953
2020-03-31,167,205.717597648332
2020-03-31,110,187.582395057899
2020-03-31,250,300.563398241725
2020-03-31,312,344.343375605767
2020-03-31,278,260.882069429051
2020-03-31,170,183.594302442073
2020-03-31,302,193.389197926451
2020-03-31,176,176.860225920643
2020-03-31,260,228.311684287176
2020-03-31,234,162.845569999332
2020-03-31,159,186.061897011949
2020-03-31,196,479.381103117264
2020-03-31,216,340.68131437149
2020-03-31,184,312.042533332958
2020-03-31,248,298.693447780852
2020-03-31,152,166.137611207888
2020-03-31,418,146.57054986549
2020-03-31,180,142.141785207016
2020-03-31,329,242.096369657574
2020-03-31,399,188.195723949232
2020-03-31,206,226.72126816185
2020-03-31,338,313.932675949565
2020-03-31,343,301.118656785613
2020-03-31,111,153.050358253747
2020-03-31,219,134.729490513836
2020-03-31,190,175.015281738219
2020-03-31,134,220.000989234624
2020-03-31,174,181.557756184016
2020-03-31,456,332.462255936926
2020-03-31,553,297.983005123033
2020-03-31,177,292.664734574303
2020-03-31,298,290.38990138291
2020-03-31,316,275.720648319245
2020-03-31,364,261.031602787897
2020-03-31,140,114.581797036001
2020-03-31,477,188.392473917933
2020-03-31,330,242.915539232847
2020-03-31,395,205.746310487154
2020-03-31,578,292.992618607658
2020-03-31,185,238.055310339085
2020-03-31,207,183.887652335405
2020-03-31,221,289.452726318948
2020-03-31,358,364.236194952805
2020-03-31,241,257.663409789616
2020-03-31,367,294.176370153347
2020-03-31,499,416.13034603332
2020-03-31,297,183.977722823923
2020-03-31,352,197.986062161745
2020-03-31,67,245.768153008375
2020-03-31,234,261.89575093217
2020-03-31,164,196.702624436063
2020-03-31,167,101.466245492097
2020-03-31,202,265.059900715494
2020-03-31,134,164.410399460595
2020-03-31,189,218.147375504006
2020-03-31,119,310.270070993663
2020-03-31,323,170.021347533969
2020-03-31,494,253.156022467743
2020-03-31,224,342.379017860736
2020-03-31,193,400.964047585393
2020-03-31,928,506.046366302002
2020-03-31,673,477.330304084032
2020-03-31,533,579.429277648673
2020-03-31,621,376.747320474267
2020-03-31,551,550.693421354811
2020-03-31,543,394.407359583976
2020-03-31,302,349.296679116441
2020-03-31,275,392.100416325586
2020-03-31,322,266.494306302396
2020-03-31,144,173.614572789638
2020-03-31,408,272.354738036484
2020-03-31,377,493.514506652295
2020-03-31,238,269.393819514259
2020-03-31,359,347.351326025894
2020-03-31,183,128.042472623891
2020-03-31,169,166.789426137198
2020-03-31,153,165.621266174767
2020-03-31,153,172.39262149219
2020-03-31,213,91.6805091551723
2020-03-31,156,161.41812614067
2020-03-31,204,196.438416806034
2020-03-31,204,215.391664050751
2020-03-31,581,447.171230755541
2020-03-31,547,425.581654214956
2020-03-31,565,527.364950569723
2020-03-31,506,717.463201922665
2020-03-31,358,485.051593935678
2020-03-31,926,737.404858962219
2020-03-31,1222,411.743876415606
2020-03-31,906,476.85220342126
2020-03-31,503,523.126582287002
2020-03-31,684,400.027792567405
2020-03-31,768,462.9067461166
2020-03-31,175,203.997575132241
2020-03-31,111,275.128056753413
2020-03-31,0,199.861541409046
2020-03-31,9,879.393804014812
2020-03-31,358,340.762020485682
2020-03-31,358,485.431462902883
2020-03-31,302,214.968753729125
2020-03-31,345,329.478979764457
2020-03-31,583,656.699727222939
2020-03-31,334,423.737342473787
2020-03-31,531,388.41258411324
2020-03-31,300,324.854589069361
2020-03-31,333,303.581409677976
2020-03-31,380,312.693789704879
2020-03-31,365,262.263134775355
2020-03-31,455,348.070949506642
2020-03-31,265,416.046923296447
2020-03-31,877,362.536797884236
2020-03-31,464,318.103921513291
2020-03-31,402,208.54144754765
2020-03-31,293,220.868196054719
2020-03-31,586,210.884310626829
2020-03-31,343,165.253195942208
2020-03-31,188,168.526185835354
2020-03-31,179,97.0972539529456
2020-03-31,154,181.800740853586
2020-03-31,170,180.713623000052
2020-03-31,327,340.543821253271
2020-03-31,174,193.50558565739
2020-03-31,416,387.441239873621
2020-03-31,222,265.231492331473
2020-03-31,229,250.475523304613
2020-03-31,151,274.238817658122
2020-03-31,313,318.687249969899
2020-03-31,430,256.616544129894
2020-03-31,203,168.036985663662
2020-03-31,349,257.072519484171
2020-03-31,135,269.350838551429
2020-03-31,332,290.128438029597
2020-03-31,198,313.179078641497
2020-03-31,323,183.89551146908
2020-03-31,238,347.060152610811
2020-03-31,431,492.928021013863
2020-03-31,591,273.719661545993
2020-03-31,504,387.957707091489
2020-03-31,468,302.739092855963
2020-03-31,260,186.849375437
2020-03-31,358,126.839615562114
2020-03-31,149,198.377417363417
2020-03-31,436,333.27006311342
2020-03-31,139,188.714118595298
2020-03-31,316,186.874344552413
2020-03-31,248,247.689712253987
2020-03-31,463,355.459374153958
2020-03-31,563,395.489724708903
2020-03-31,414,288.677459273985
2020-03-31,484,332.694102106682
2020-03-31,338,300.688300231505
2020-03-31,113,329.382643412855
2020-03-31,123,170.338416556867
2020-03-31,156,197.161208738203
2020-03-31,445,237.465695752011
2020-03-31,211,254.08614060383
2020-03-31,449,279.46039494899
2020-03-31,487,264.348550770555
2020-03-31,122,179.669585747757
2020-03-31,265,154.665231757987
2020-03-31,242,111.859994234622
2020-03-31,204,103.445038041293
2020-03-31,224,234.940511475732
2020-03-31,146,272.648148860682
2020-03-31,170,176.754499138708
2020-03-31,309,218.693278701233
2020-03-31,700,179.646457801993
2020-03-31,231,131.98907940983
2020-03-31,373,101.419574468353
2020-03-31,84,73.1737970834148
2020-03-31,229,546.344977045363
2020-03-31,545,391.289989912915
2020-03-31,414,241.216994616232
2020-03-31,304,94.1220324564503
2020-03-31,760,489.338348834765
2020-03-31,150,231.088090492088
2020-03-31,204,199.545567113253
2020-03-31,228,205.207819175831
2020-03-31,140,164.763125961255
2020-03-31,353,166.214722373724
2020-03-31,215,239.238451406635
2020-03-31,178,201.473962142895
2020-03-31,197,153.840377961593
2020-03-31,156,128.722859320954
2020-03-31,79,425.88912684911
2020-03-31,144,345.584536254234
2020-03-31,371,182.16660585424
2020-03-31,274,435.77911466395
2020-03-31,215,308.237396030326
2020-03-31,301,302.458595367391
2020-03-31,426,316.955564937928
2020-03-31,608,496.804368213277
2020-03-31,225,266.514140382174
2020-03-31,312,398.08495528413
2020-03-31,306,168.449297090602
2020-03-31,171,171.250781838141
2020-03-31,136,315.558160659333
2020-03-31,585,339.710516866623
2020-03-31,241,470.593373470434
2020-03-31,365,250.885870279127
2020-03-31,497,202.483674574956
2020-03-31,358,378.157647316326
2020-03-31,286,401.080938837917
2020-03-31,201,74.2865509974246
2020-03-31,723,294.924679940893
2020-03-31,650,339.700087843104
2020-03-31,723,479.772355902423
2020-03-31,334,447.735049249271
2020-03-31,490,304.634445703104
2020-03-31,670,565.16648616563
2020-03-31,437,209.802530622603
2020-03-31,253,395.900065839327
2020-03-31,277,266.908715127941
2020-03-31,124,463.556498119447
2020-03-31,299,196.452160006147
2020-03-31,367,382.845847014484
2020-03-31,408,435.824736777147
2020-03-31,458,469.989362694406
2020-03-31,401,280.004802020312
2020-03-31,505,274.328396528331
2020-03-31,737,394.148685608483
2020-03-31,663,201.720880938917
2020-03-31,379,266.920713610377
2020-03-31,406,192.177028132417
2020-03-31,156,410.841121810538
2020-03-31,250,299.601822774031
2020-03-31,200,263.013273812696
2020-03-31,53,184.373338498947
2020-03-31,0,159.66416550502
2020-03-31,103,118.867233796941
2020-03-31,119,203.107734967341
2020-03-31,124,90.7419514094335
2020-03-31,51,175.93008558596
2020-03-31,219,201.771629982765
2020-03-31,195,216.591494411383
2020-03-31,315,150.150916641096
2020-03-31,204,160.402255623778
2020-03-31,275,213.640431782801
2020-03-31,257,208.407073649157
2020-03-31,240,201.065639683096
2020-03-31,212,140.105992531579
2020-03-31,279,201.950409347475
2020-03-31,111,103.669571900731
2020-03-31,107,109.303037415776
2020-03-31,89,231.785597250574
2020-03-31,120,105.953109583999
2020-03-31,367,243.26748447595
2020-03-31,175,141.673012967804
2020-03-31,217,177.453128923556
2020-03-31,212,157.572039768574
2020-03-31,382,315.391073012591
2020-03-31,223,204.039689771581
2020-03-31,234,276.664784048375
2020-03-31,338,169.96447179068
2020-03-31,293,218.129865984701
2020-03-31,445,447.963318442409
2020-03-31,469,266.977614484274
2020-03-31,493,365.615314119559
2020-03-31,158,193.108383675162
2020-03-31,485,340.974772498859
2020-03-31,593,411.767306131488
2020-03-31,403,222.770331592399
2020-03-31,173,237.806677796342
2020-03-31,264,256.707004119277
2020-03-31,477,263.608824834323
2020-03-31,516,315.326797091234
2020-03-31,233,300.44336340084
2020-03-31,163,226.874862289957
2020-03-31,217,250.922714015754
2020-03-31,197,319.419674347753
2020-03-31,366,197.511390135841
2020-03-31,278,238.44770989355
2020-03-31,195,143.179903655202
2020-03-31,141,156.672607958033
2020-03-31,144,263.774553767255
2020-03-31,233,149.533398854072
2020-03-31,319,215.090529016753
2020-03-31,168,196.89310565011
2020-03-31,133,233.470403194887
2020-03-31,252,184.54449830245
2020-03-31,202,238.280522627499
2020-03-31,171,219.127962140459
2020-03-31,211,236.108346833285
2020-03-31,243,191.643033740685
2020-03-31,287,228.031533303067
2020-03-31,213,151.318237066992
2020-03-31,170,210.193796723045
2020-03-31,107,258.529891043859
2020-03-31,134,192.65214048065
2020-03-31,211,265.569871164972
2020-03-31,181,167.938027098456
2020-03-31,268,219.061799920046
2020-03-31,176,225.490020151086
2020-03-31,148,193.421387077827
2020-03-31,423,209.213299702876
2020-03-31,293,319.500751041082
2020-03-31,417,284.935061835172
2020-03-31,401,368.742343337469
2020-03-31,389,333.064815226222
2020-03-31,379,271.487847007069
2020-03-31,249,249.536269990999
2020-03-31,206,368.448235898681
2020-03-31,354,394.861894442486
2020-03-31,452,360.950668994619
2020-03-31,366,279.963572151377
2020-03-31,386,298.782783729936
2020-03-31,198,112.482460856048
2020-03-31,376,177.315445124755
2020-03-31,182,210.459089257126
2020-03-31,399,335.666727375742
2020-03-31,293,309.590857028774
2020-03-31,397,346.991887988806
2020-03-31,221,194.391671336798
2020-03-31,160,216.764962002962
2020-03-31,269,169.333232720474
2020-03-31,413,420.359515635192
2020-03-31,459,202.056474946898
2020-03-31,348,367.319420110605
2020-03-31,260,267.892516426442
2020-03-31,418,446.135511956181
2020-03-31,601,440.514410906325
2020-03-31,378,394.28986430241
2020-03-31,283,387.170439299315
2020-03-31,513,410.136519903643
2020-03-31,413,385.030528525352
2020-03-31,387,401.778563947738
2020-03-31,727,479.18685781335
2020-03-31,512,411.220006914882
2020-03-31,355,349.227126678761
2020-03-31,267,350.432431284903
2020-03-31,450,382.037835206556
2020-03-31,813,367.668401759734
2020-03-31,516,373.425487952492
2020-03-31,552,448.437253759686
2020-03-31,337,217.308691218314
2020-03-31,185,399.137351208724
2020-03-31,99,154.18162934927
2020-03-31,395,477.733682997751
2020-03-31,381,417.274297508622
2020-03-31,408,256.161848550398
2020-03-31,837,417.367247028841
2020-03-31,255,295.546444190738
2020-03-31,525,344.765277377025
2020-03-31,136,150.131986768824
2020-03-31,206,91.1424067064567
2020-03-31,496,308.420561985286
2020-03-31,93,213.938493787269
2020-03-31,278,365.802377919117
2020-03-31,326,159.195684663068
2020-03-31,469,235.332684570141
2020-03-31,358,274.432884304859
2020-03-31,435,283.159431488977
2020-03-31,418,332.266712155401
2020-03-31,420,488.70605723561
2020-03-31,296,195.566042213997
2020-03-31,326,231.096851119625
2020-03-31,291,352.994519961687
2020-03-31,380,293.468002279404
2020-03-31,238,248.917928021719
2020-03-31,476,192.382701705955
2020-03-31,360,508.511486290583
2020-03-31,588,342.32894569352
2020-03-31,386,351.885792314161
2020-03-31,273,179.109859884393
2020-03-31,391,341.900559075657
2020-03-31,412,551.887869357686
2020-03-31,1064,615.040372764337
2020-03-31,810,366.428381504999
2020-03-31,624,520.289193557083
2020-03-31,142,603.745018026325
2020-03-31,242,198.079037813109
2020-03-31,266,281.003682899626
2020-03-31,179,166.434781140763
2020-03-31,169,193.88790390263
2020-03-31,263,319.829388597549
2020-03-31,254,325.597026899387
2020-03-31,536,382.31368953205
2020-03-31,485,387.942665348714
2020-03-31,252,272.949860494427
2020-03-31,408,256.830441202041
2020-03-31,306,430.711630902604
2020-03-31,405,339.089644661941
2020-03-31,579,353.116828228361
2020-03-31,428,267.10170260146
2020-03-31,338,311.946648143554
2020-03-31,367,428.223654057658
2020-03-31,293,421.010109865337
2020-03-31,328,296.362634805208
2020-03-31,364,465.202706058179
2020-03-31,715,458.942218701199
2020-03-31,382,237.542481052779
2020-03-31,298,247.434814693279
2020-03-31,375,347.662636446975
2020-03-31,309,351.903323962143
2020-03-31,256,184.236637095601
2020-03-31,299,252.042371307351
2020-03-31,287,365.782869018162
2020-03-31,371,262.227916175119
2020-03-31,270,324.777356281718
2020-03-31,317,251.482012488515
2020-03-31,346,380.817003932304
2020-03-31,735,302.296162673695
2020-03-31,575,396.812136063589
2020-03-31,861,295.370408279195
2020-03-31,388,408.482874426319
2020-03-31,944,451.500755805219
2020-03-31,478,539.631789928491
2020-03-31,655,529.057412825628
2020-03-31,580,411.023920728736
2020-03-31,229,384.231747723122
2020-03-31,400,288.247322881771
2020-03-31,391,305.599212986145
2020-03-31,120,70.1844406498529
2020-03-31,380,378.107636245234
2020-03-31,525,433.644787736083
2020-03-31,632,294.45296848406
2020-03-31,315,432.406348199126
2020-03-31,1246,459.633966475171
2020-03-31,187,175.123715683376
2020-03-31,597,523.970481704778
2020-03-31,152,407.476560041498
2020-03-31,84,148.365584130334
2020-03-31,180,177.144459977996
2020-03-31,172,204.880445567287
2020-03-31,236,101.733256736109
2020-03-31,325,280.532002687502
2020-03-31,339,388.791104264412
2020-03-31,288,72.4792411471494
2020-03-31,253,341.997705063107
2020-03-31,137,100.241358471028
2020-03-31,400,147.496355096633
2020-03-31,279,107.02172444297
2020-03-31,208,159.135958181508
2020-03-31,214,114.69240822334
2020-03-31,117,226.039386297116
2020-03-31,285,176.892668889086
2020-03-31,137,232.948478950884
2020-03-31,566,259.982070663716
2020-03-31,195,156.708690023702
2020-03-31,75,170.864359424714
2020-03-31,92,92.5056178366494
2020-03-31,121,112.70475207987
2020-03-31,127,208.957199864865
2020-03-31,72,209.028135212553
2020-03-31,0,107.251712136765
2020-03-31,212,435.117852771009
2020-03-31,147,245.063293944072
2020-03-31,217,284.692150208007
2020-03-31,285,258.227040746137
2020-03-31,446,570.7901802546
2020-03-31,358,303.007887636852
2020-03-31,412,382.045016164053
2020-03-31,691,411.639200380397
2020-03-31,551,422.387487697462
2020-03-31,570,436.082027907481
2020-03-31,548,302.977245918547
2020-03-31,262,393.039338850811
2020-03-31,482,403.857923485446
2020-03-31,426,408.804709379494
2020-03-31,200,400.206213482891
2020-03-31,253,258.637291038972
2020-03-31,442,343.012234427881
2020-03-31,488,525.976621089452
2020-03-31,580,378.304002557279
2020-03-31,176,370.172116605435
2020-03-31,550,296.265576196846
2020-03-31,319,317.861452097679
2020-03-31,101,242.668986022425
2020-03-31,543,427.009892536119
2020-03-31,235,235.215467670141
2020-03-31,258,230.992513412621
2020-03-31,308,277.112155275991
2020-03-31,378,381.873447241667
2020-03-31,407,196.677852159453
2020-03-31,698,407.056990876537
2020-03-31,377,537.001018978735
2020-03-31,293,284.527816488395
2020-03-31,473,302.405004397002
2020-03-31,324,375.773903092485
2020-03-31,672,425.131724369218
2020-03-31,219,223.935907476251
2020-03-31,370,413.681601739173
2020-03-31,553,332.508475744708
2020-03-31,243,410.21189618605
2020-03-31,637,238.949625185264
2020-03-31,264,347.186864629487
2020-03-31,159,320.005041756654
2020-03-31,303,311.819860300314
2020-03-31,315,293.540819055178
2020-03-31,330,430.318959435549
2020-03-31,322,267.423280202591
2020-03-31,223,252.822193415001
2020-03-31,342,349.541876024351
2020-03-31,330,367.109044719302
2020-03-31,568,224.014516280368
2020-03-31,636,335.233215957241
2020-03-31,727,372.278585665183
2020-03-31,121,297.125395087631
2020-03-31,349,251.481718556461
2020-03-31,160,363.551038311045
2020-03-31,347,164.58690967426
2020-03-31,218,357.725467233036
2020-03-31,362,380.712671642864
2020-03-31,275,325.38755363415
2020-03-31,301,392.960025195127
2020-03-31,556,400.383967834638
2020-03-31,496,501.548392004969
2020-03-31,344,188.42492230058
2020-03-31,444,357.406324977837
2020-03-31,425,248.792825278176
2020-03-31,136,196.78035972386
2020-03-31,411,663.766991835461
2020-03-31,306,304.712443525962
2020-03-31,131,201.307763564384
2020-03-31,241,227.856185329977
2020-03-31,408,261.217979137932
2020-03-31,161,306.856193755919
2020-03-31,309,229.943894436357
2020-03-31,198,192.240961802406
2020-03-31,50,62.1351994594267
2020-03-31,208,152.369479627605
2020-03-31,622,338.63228814934
2020-03-31,165,141.283327219459
2020-03-31,246,206.040848160236
2020-03-31,363,334.360296128505
2020-03-31,427,264.001050020274
2020-03-31,125,190.418099709925
2020-03-31,305,153.381359181745
2020-03-31,63,201.331940393118
2020-03-31,92,58.8387965181997
2020-03-31,563,427.948521500881
2020-03-31,405,333.00633348045
2020-03-31,426,139.888528450406
2020-03-31,165,308.948831923333
2020-03-31,306,374.094667860006
2020-03-31,365,378.425795062238
2020-03-31,401,312.268200235808
2020-03-31,170,153.96037387067
2020-03-31,145,159.157061198889
2020-03-31,132,200.708946450401
2020-03-31,195,235.090869117344
2020-03-31,513,309.908962921987
2020-03-31,662,375.630141075429
2020-03-31,431,354.770657957179
2020-03-31,635,302.315734266647
2020-03-31,461,442.732549841473
2020-03-31,323,316.578084285374
2020-03-31,269,218.653449266646
2020-03-31,250,276.600442708848
2020-03-31,268,227.857798249703
2020-03-31,257,274.090223298154
2020-03-31,427,254.061724626787
2020-03-31,256,401.028126811781
2020-03-31,368,334.43921233343
2020-03-31,135,296.102728944765
2020-03-31,306,234.025715730413
2020-03-31,513,164.852440314048
2020-03-31,262,201.326577873485
2020-03-31,148,155.687054912086
2020-03-31,510,284.907979094676
2020-03-31,207,129.392122128408
2020-03-31,253,182.051448708233
2020-03-31,580,213.798474968347
2020-03-31,248,152.111712016947
2020-03-31,228,265.954777343991
2020-03-31,294,231.258974342333
2020-03-31,248,212.7259600799
2020-03-31,89,167.90538204683
2020-03-31,206,218.668090957454
2020-03-31,380,197.656526524865
2020-03-31,518,467.54023537472
2020-03-31,493,348.536418823461
2020-03-31,238,271.822930557057
2020-03-31,272,338.267084301908
2020-03-31,374,288.01161691683
2020-03-31,222,199.886255988576
2020-03-31,658,330.556661360548
2020-03-31,135,314.929219654869
2020-03-31,238,259.730250261215
2020-03-31,437,397.712669123558
2020-03-31,150,232.483777535831
2020-03-31,570,393.80705916216
2020-03-31,744,338.012849589061
2020-03-31,689,379.409350290452
2020-03-31,635,358.764944862483
2020-03-31,693,359.022771800013
2020-03-31,85,83.7109957174445
2020-03-31,8,304.227848847048
2020-03-31,155,177.7250733478
2020-03-31,127,205.419535787391
2020-03-31,262,179.69708829453
2020-03-31,242,79.3132274392966
2020-03-31,241,408.913803568476
2020-03-31,253,302.624847189863
2020-03-31,214,204.844520203777
2020-03-31,266,171.366197945125
2020-03-31,358,248.291818081181
2020-03-31,217,227.902061911715
2020-03-31,189,251.095006739048
2020-03-31,145,171.145073041188
2020-03-31,160,110.187484416944
2020-03-31,318,313.279111665166
2020-03-31,220,309.466901929919
2020-03-31,377,323.862597196703
2020-03-31,218,130.17447861949
2020-03-31,498,192.674136299725
2020-03-31,121,231.740697647769
2020-03-31,459,484.371072151974
2020-03-31,243,212.3072890385
2020-03-31,423,295.106823132258
2020-03-31,188,230.190733895291
2020-03-31,374,166.608652187741
2020-03-31,276,252.02197329735
2020-03-31,150,140.459860847676
2020-03-31,107,236.227691785066
2020-03-31,383,299.701108509782
2020-03-31,331,296.90967379417
2020-03-31,304,397.027317414876
2020-03-31,660,246.113410751403
2020-03-31,353,324.664362775623
2020-03-31,396,375.949287687523
2020-03-31,339,259.291261354754
2020-03-31,420,290.913055310626
2020-03-31,163,166.769834083554
2020-03-31,137,191.343696131266
2020-03-31,219,247.057988803142
2020-03-31,243,177.478850544714
2020-03-31,252,265.926558020056
2020-03-31,435,213.056451693458
2020-03-31,343,244.160450877101
2020-03-31,213,225.250704153746
2020-03-31,430,233.856311468358
2020-03-31,235,333.261958055491
2020-03-31,58,84.0314851878708
2020-03-31,202,201.811128020832
2020-03-31,408,177.150313567944
2020-03-31,300,296.024885469993
2020-03-31,347,239.012604588417
2020-03-31,178,232.276458626695
2020-03-31,264,270.966458447857
2020-03-31,259,394.300195934695
2020-03-31,288,163.082794623219
2020-03-31,180,73.539546174109
2020-03-31,82,83.7174570640987
2020-03-31,320,223.906120889772
2020-03-31,167,167.200936286613
2020-03-31,266,213.788081343075
2020-03-31,551,400.668800915404
2020-03-31,423,256.929034563912
2020-03-31,329,420.053409608157
2020-03-31,245,498.666325529235
2020-03-31,238,152.585465565516
2020-03-31,173,224.113199466915
2020-03-31,603,306.652350732955
2020-03-31,640,368.329166511063
2020-03-31,192,269.341676304031
2020-03-31,371,214.0229945933
2020-03-31,378,235.650666923728
2020-03-31,178,322.006495120941
2020-03-31,541,194.451547198689
2020-03-31,140,215.727367893678
2020-03-31,241,252.819748034235
2020-03-31,459,163.747242911495
2020-03-31,160,62.9504043554547
2020-03-31,293,281.923156750609
2020-03-31,290,165.940347271409
2020-03-31,470,338.609502448147
2020-03-31,179,126.362481193886
2020-03-31,203,264.836607456513
2020-03-31,256,146.751936686404
2020-03-31,165,157.289082844853
2020-03-31,705,308.368612538679
2020-03-31,203,128.064830684538
2020-03-31,337,407.527134841116
2020-03-31,177,264.585954578006
2020-03-31,327,236.732947203844
2020-03-31,267,236.221118473985
2020-03-31,361,362.632109403384
2020-03-31,123,298.326115652941
2020-03-31,517,300.557842174368
2020-03-31,415,282.169352307422
2020-03-31,176,259.406195075818
2020-03-31,89,263.873320742858
2020-03-31,310,282.255303302119
2020-03-31,257,93.6204935661699
2020-03-31,135,105.710631558128
2020-03-31,124,144.421916960214
2020-03-31,266,276.977243615347
2020-03-31,371,121.701625561171
2020-03-31,356,241.704658760441
2020-03-31,321,220.393439923367
2020-03-31,201,240.429815125124
2020-03-31,207,117.993132315208
2020-03-31,478,390.916957198221
2020-03-31,261,228.241016144437
2020-03-31,158,461.889399687562
2020-03-31,229,295.133724560709
2020-03-31,483,436.679341672354
2020-03-31,245,308.976459392381
2020-03-31,308,268.41180346355
2020-03-31,192,174.428536110443
2020-03-31,140,258.71596512429
2020-03-31,904,350.180014116965
2020-03-31,204,145.084279463121
2020-03-31,477,290.999789860152
2020-03-31,407,300.761542165325
2020-03-31,408,211.252030996782
2020-03-31,297,177.183671405058
2020-03-31,323,268.632949058738
2020-03-31,342,208.737185511256
2020-03-31,425,243.082466417386
2020-03-31,190,310.143007628501
2020-03-31,204,260.24586555818
2020-03-31,106,150.227098846709
2020-03-31,147,229.498844451014
2020-03-31,223,157.124148168519
2020-03-31,201,148.302450531573
2020-03-31,282,166.687332859115
2020-03-31,162,247.251384557188
2020-03-31,110,253.561964143848
2020-03-31,286,141.847979619203
2020-03-31,144,216.272118787165
2020-03-31,302,153.12884427021
2020-03-31,215,244.521065778726
2020-03-31,273,279.665933824472
2020-03-31,128,165.541171994523
2020-03-31,201,126.675737029224
2020-03-31,276,186.940674495404
2020-03-31,324,181.723050154
2020-03-31,132,273.042416582771
2020-03-31,351,270.186949737593
2020-03-31,180,187.948770985233
2020-03-31,315,242.792735821655
2020-03-31,236,255.019220113553
2020-03-31,262,222.80155406442
2020-03-31,310,236.244638569377
2020-03-31,213,182.824828441825
2020-03-31,506,213.523266652002
2020-03-31,233,233.522441897768
2020-03-31,204,147.896560635596
2020-03-31,198,202.079296999051
2020-03-31,218,303.06156381473
2020-03-31,206,199.158330956118
2020-03-31,193,161.445474170888
2020-03-31,354,268.156373677884
2020-03-31,484,230.206196010116
2020-03-31,288,268.346337677198
2020-03-31,293,179.664257856556
2020-03-31,332,222.39801909244
2020-03-31,354,291.883201552
2020-03-31,430,239.664938611113
2020-03-31,145,263.129108720247
2020-03-31,102,382.897295515861
2020-03-31,198,155.932214168094
2020-03-31,512,337.664170794702
2020-03-31,340,206.53327293766
2020-03-31,291,241.973755438639
2020-03-31,156,226.665357765387
2020-03-31,543,291.281577551309
2020-03-31,594,196.758465610464
2020-03-31,374,317.704910004544
2020-03-31,362,342.31501633829
2020-03-31,208,250.423768171946
2020-03-31,114,258.916260466692
2020-03-31,257,188.861683564921
2020-03-31,130,110.461606590467
2020-03-31,183,192.762635215252
2020-03-31,166,172.330626493238
2020-03-31,75,115.864890653164
2020-03-31,90,141.131144160781
2020-03-31,189,133.274636006062
2020-03-31,153,116.924319663902
2020-03-31,140,114.92392651282
2020-03-31,153,169.958520704801
2020-03-31,158,113.188320539651
2020-03-31,281,202.400073451903
2020-03-31,402,239.928906738002
2020-03-31,178,182.853496282046
2020-03-31,181,202.874824504347
2020-03-31,63,293.736923210161
2020-03-31,240,262.690929467956
2020-03-31,174,302.45492513466
2020-03-31,244,153.949981882878
2020-03-31,337,358.550881667302
2020-03-31,328,303.895839099266
2020-03-31,730,265.478713955983
2020-03-31,561,271.060595767382
2020-03-31,455,268.434906862357
2020-03-31,423,358.575362549376
2020-03-31,209,278.859611160436
2020-03-31,219,261.011865880791
2020-03-31,222,202.142792575374
2020-03-31,327,231.763648715153
2020-03-31,201,229.124518751379
2020-03-31,130,261.081218215079
2020-03-31,127,229.824235464883
2020-03-31,112,84.3293625095503
2020-03-31,151,99.8595462010564
2020-03-31,203,211.755595238024
2020-03-31,197,224.101509900102
2020-03-31,274,247.931861981215
2020-03-31,641,282.157679648539
2020-03-31,452,273.484877226185
2020-03-31,340,205.175909247747
2020-03-31,97,185.851515410601
2020-03-31,102,194.945713681263
2020-03-31,270,270.701044284231
2020-03-31,241,267.869098641692
2020-03-31,159,172.737638653057
2020-03-31,462,207.372475974049
2020-03-31,254,319.142199480119
2020-03-31,294,297.25760996777
2020-03-31,213,183.930211281176
2020-03-31,375,263.578966449988
2020-03-31,126,185.200234131585
2020-03-31,89,218.825506355793
2020-03-31,237,216.713019815136
2020-03-31,190,170.630471810655
2020-03-31,236,152.791734807483
2020-03-31,247,124.843906724371
2020-03-31,122,271.305681974535
2020-03-31,192,198.203979576635
2020-03-31,272,146.478196155675
2020-03-31,353,154.587906793
2020-03-31,151,209.583802596515
2020-03-31,143,219.466351643285
2020-03-31,247,217.614992894924
2020-03-31,192,110.911412074035
2020-03-31,196,156.628643174301
2020-03-31,268,302.84015428752
2020-03-31,51,119.216624263594
2020-03-31,270,177.862647285548
2020-03-31,314,247.080903382513
2020-03-31,339,231.405099901631
2020-03-31,187,218.742780756118
2020-03-31,258,262.627205397146
2020-03-31,241,296.922971727786
2020-03-31,474,283.3943032629
2020-03-31,261,356.862576426697
2020-03-31,495,340.814427627831
2020-03-31,528,249.890703265717
2020-03-31,756,453.492325803704
2020-03-31,381,214.05348952275
2020-03-31,295,314.349095153281
2020-03-31,289,244.305702774844
2020-03-31,255,325.701528408214
2020-03-31,465,242.210483559868
2020-03-31,45,292.579458204578
2020-03-31,410,217.039414781965
2020-03-31,327,352.76756522967
2020-03-31,208,318.505041587254
2020-03-31,129,185.798895453984
2020-03-31,96,202.766749403659
2020-03-31,380,507.016522006551
2020-03-31,193,202.323440241413
2020-03-31,281,325.937951926943
2020-03-31,195,205.205176396428
2020-03-31,418,336.880426092428
2020-03-31,215,141.200996995657
2020-03-31,230,323.506817715568
2020-03-31,301,187.715199515171
2020-03-31,402,221.858104644765
2020-03-31,334,477.267287000404
2020-03-31,404,184.923989202164
2020-03-31,423,476.488517275743
2020-03-31,301,267.3243655031
2020-03-31,406,284.183692080867
2020-03-31,513,366.38883292008
2020-03-31,188,301.75516311331
2020-03-31,406,318.297548323713
2020-03-31,200,156.420631247044
2020-03-31,371,335.684346944187
2020-03-31,250,309.379827709445
2020-03-31,225,322.48312128773
2020-03-31,305,336.904200698459
2020-03-31,408,290.915645786934
2020-03-31,285,107.9877028614
2020-03-31,279,220.149788084765
2020-03-31,139,123.140501725527
2020-03-31,468,200.062341174655
2020-03-31,141,209.993559790942
2020-03-31,151,167.783279979151
2020-03-31,180,200.148222674603
2020-03-31,344,311.859985524
2020-03-31,421,210.887988656034
2020-03-31,192,247.158099141633
2020-03-31,103,279.969491236017
2020-03-31,175,86.9958471187598
2020-03-31,379,406.914483516466
2020-03-31,419,275.518836090697
2020-03-31,140,213.687055515667
2020-03-31,165,152.951567107171
2020-03-31,162,122.084828230728
2020-03-31,319,235.247760016872
2020-03-31,294,393.554944449442
2020-03-31,189,175.566031826825
2020-03-31,304,306.447637759228
2020-03-31,358,314.152032911599
2020-03-31,210,207.878115208317
2020-03-31,208,172.345170380405
2020-03-31,197,248.701170124562
2020-03-31,85,175.362931080351
2020-03-31,318,198.527534000866
2020-03-31,122,140.64559910952
2020-03-31,188,157.114147179506
2020-03-31,171,171.358460260621
2020-03-31,290,239.845343457175
2020-03-31,316,215.413774958481
2020-03-31,188,251.892340083601
2020-03-31,220,188.414113549725
2020-03-31,307,198.200823108859
2020-03-31,298,178.839682697096
2020-03-31,158,245.117170823196
2020-03-31,352,275.803314692385
2020-03-31,315,254.942283284322
2020-03-31,196,183.460994049174
2020-03-31,179,221.162807309319
2020-03-31,272,263.985221214343
2020-03-31,164,298.066101145045
2020-03-31,328,206.29200675707
2020-03-31,123,173.474167254166
2020-03-31,230,187.596756968318
2020-03-31,229,310.91330184217
2020-03-31,244,280.836847387776
2020-03-31,108,225.483844138426
2020-03-31,116,159.509727462103
2020-03-31,234,151.16542741648
2020-03-31,247,307.223789673991
2020-03-31,267,194.532918025329
2020-03-31,272,116.616466905007
2020-03-31,377,201.912818170762
2020-03-31,203,192.158563839861
2020-03-31,214,259.360740643411
2020-03-31,472,210.129072664175
2020-03-31,162,173.566339611709
2020-03-31,200,272.570348954881
2020-03-31,200,146.549073459103
2020-03-31,306,358.739220163128
2020-03-31,217,304.496658141617
2020-03-31,218,142.94027156711
2020-03-31,312,239.484778166613
2020-03-31,510,358.433963804528
2020-03-31,163,287.277108803516
2020-03-31,448,210.583020398448
2020-03-31,290,145.487796024046
2020-03-31,250,162.577783528454
2020-03-31,97,221.446905253026
2020-03-31,202,145.885325305367
2020-03-31,274,164.670504846365
2020-03-31,223,135.147938340212
2020-03-31,142,189.908450771517
2020-03-31,188,255.65836566479
2020-03-31,283,265.282978551769
2020-03-31,174,234.435122432399
2020-03-31,183,182.583637729786
2020-03-31,138,218.568825023
2020-03-31,147,179.388067235511
2020-03-31,238,81.6713525832824
2020-03-31,207,134.514603798624
2020-03-31,80,166.984351101009
2020-03-31,115,273.306011300277
2020-03-31,186,154.298268965199
2020-03-31,175,205.064483508768
2020-03-31,295,186.115695474688
2020-03-31,107,188.265244483488
2020-03-31,161,103.1391940319
2020-03-31,269,294.438748637036
2020-03-31,340,212.235886670964
2020-03-31,74,131.024967613047
2020-03-31,70,124.731293349308
2020-03-31,112,138.513786803759
2020-03-31,73,133.898254058729
2020-03-31,309,236.340118888922
2020-03-31,160,107.418512486052
2020-03-31,143,150.576564204171
2020-03-31,185,195.926981255839
2020-03-31,148,109.027078263467
2020-03-31,332,131.145582071081
2020-03-31,361,386.274549461794
2020-03-31,282,139.684999886492
2020-03-31,131,211.793747430858
2020-03-31,136,187.087604377424
2020-03-31,351,222.260320898524
2020-03-31,129,146.099769157652
2020-03-31,110,178.407089540742
2020-03-31,123,209.210611705643
2020-03-31,199,167.536938084609
2020-03-31,143,200.101776577629
2020-03-31,268,203.188525315096
2020-03-31,430,249.129774805127
2020-03-31,171,180.6559055183
2020-03-31,370,391.639882695279
2020-03-31,530,369.933571218033
2020-03-31,245,294.940761753749
2020-03-31,591,507.716108907409
2020-03-31,347,303.371408449811
2020-03-31,238,153.967853056876
2020-03-31,183,238.714114048235
2020-03-31,305,289.24988318794
2020-03-31,314,219.825420799429
2020-03-31,382,424.785969376512
2020-03-31,490,452.539292739424
2020-03-31,95,135.433353933123
2020-03-31,0,264.532602083383
2020-03-31,307,261.473451160465
2020-03-31,760,468.298498733991
2020-03-31,439,379.46988314596
2020-03-31,187,415.78776212101
2020-03-31,214,323.398063252206
2020-03-31,306,314.014479555699
2020-03-31,367,344.746011872692
2020-03-31,198,266.494121610993
2020-03-31,622,457.935327769294
2020-03-31,280,249.604122055615
2020-03-31,447,201.326950959554
2020-03-31,534,432.329752792144
2020-03-31,389,290.905155754037
2020-03-31,216,340.910204783413
2020-03-31,150,86.9186039197552
2020-03-31,310,203.326001217999
2020-03-31,191,264.584645949663
2020-03-31,262,305.765916855169
2020-03-31,210,416.82891105922
2020-03-31,311,342.766975009543
2020-03-31,729,249.618020769702
2020-03-31,185,127.095834364927
2020-03-31,295,140.707509962081
2020-03-31,269,126.189800515791
2020-03-31,124,278.03855585191
2020-03-31,425,191.350930689719
2020-03-31,296,220.917300092079
2020-03-31,127,307.892696786292
2020-03-31,908,409.574784438611
2020-03-31,244,450.897079421125
2020-03-31,379,272.008556884234
2020-03-31,690,573.529372438218
2020-03-31,557,383.303538580003
2020-03-31,550,401.719439970079
2020-03-31,590,306.219055570858
2020-03-31,332,399.922458511232
2020-03-31,411,317.874309832108
2020-03-31,90,131.305005755002
2020-03-31,229,151.429687838353
2020-03-31,248,181.602099661314
2020-03-31,178,249.259353621234
2020-03-31,205,150.844798253052
2020-03-31,167,218.746266310739
2020-03-31,324,108.702409959431
2020-03-31,130,139.409776408499
2020-03-31,441,291.95107879106
2020-03-31,125,210.981976280243
2020-03-31,178,48.1031408214262
2020-03-31,272,202.387880362995
2020-03-31,165,215.771943439043
2020-03-31,183,288.955889674407
2020-03-31,188,175.826712504436
2020-03-31,213,148.662452833266
2020-03-31,250,172.619412505027
2020-03-31,456,357.49424484582
2020-03-31,152,128.327600769433
2020-03-31,116,117.321136380698
2020-03-31,127,175.340175388867
2020-03-31,100,163.635362989443
2020-03-31,116,99.3696316843772
2020-03-31,166,111.664042464876
2020-03-31,106,110.170679504502
2020-03-31,123,140.937254367223
2020-03-31,20,92.9517863862653
2020-03-31,69,66.8246119459514
2020-03-31,112,78.7445872092276
2020-03-31,72,80.2928732951289
2020-03-31,41,56.3761093456305
2020-03-31,63,102.072371154373
2020-03-31,90,64.4678902639948
2020-03-31,103,75.1246242199135
2020-03-31,58,46.7247464068769
2020-03-31,101,113.766904432032
2020-03-31,115,84.7981368187239
2020-03-31,187,173.387264986965
2020-03-31,91,112.93924263007
2020-03-31,99,93.5748334068869
2020-03-31,70,82.4055384815184
2020-03-31,85,110.349900065196
2020-03-31,97,116.358318374031
2020-03-31,120,120.14996273923
2020-03-31,180,161.776088665385
2020-03-31,109,170.376221477249
2020-03-31,134,150.306880569183
2020-03-31,151,111.001414419747
2020-03-31,151,192.506958442059
2020-03-31,237,127.965303279819
2020-03-31,191,162.312559043975
2020-03-31,160,142.187711113665
2020-03-31,147,138.916064455235
2020-03-31,216,139.444938404916
2020-03-31,157,199.595126167689
2020-03-31,236,171.07862264029
2020-03-31,132,137.954852316328
2020-03-31,284,179.949076707178
2020-03-31,302,214.186292089938
2020-03-31,382,237.215423927251
2020-03-31,436,251.762116834679
2020-03-31,378,223.51945289424
2020-03-31,230,185.409468770061
2020-03-31,261,278.062810607626
2020-03-31,352,254.886665476879
2020-03-31,325,212.734777493051
2020-03-31,152,215.284964091555
2020-03-31,286,228.879153682935
2020-03-31,248,236.056623172936
2020-03-31,439,195.736817913171
2020-03-31,334,180.674223304123
2020-03-31,267,185.670623781834
2020-03-31,17,323.284653429773
2020-03-31,64,243.697863575353
2020-03-31,430,255.977621611198
2020-03-31,46,203.235635631668
2020-03-31,493,250.941195046548
2020-03-31,299,245.750636652953
2020-03-31,424,246.586852273485
2020-03-31,357,306.618885871284
2020-03-31,309,262.259641376382
2020-03-31,294,357.473277737464
2020-03-31,283,321.197415734157
2020-03-31,680,266.775171273458
2020-03-31,184,241.523332251047
2020-03-31,221,298.040008967116
2020-03-31,136,221.827466249045
2020-03-31,367,128.71992269497
2020-03-31,290,233.580446137264
2020-03-31,141,201.034636530547
2020-03-31,274,225.889807589619
2020-03-31,105,216.246494579742
2020-03-31,112,142.781848328262
2020-03-31,137,165.256656077533
2020-03-31,174,224.082611701708
2020-03-31,279,174.017374390909
2020-03-31,314,259.375680239367
2020-03-31,438,389.576195632364
2020-03-31,253,281.447349542645
2020-03-31,421,251.132195363451
2020-03-31,335,208.977565902558
2020-03-31,373,230.55446007152
2020-03-31,109,136.477177129225
2020-03-31,173,192.016662534106
2020-03-31,108,130.845914976289
2020-03-31,77,81.2810401208132
2020-03-31,20,96.7789205353289
2020-03-31,114,127.425676846806
2020-03-31,287,181.904895573954
2020-03-31,244,163.232235390851
2020-03-31,153,169.063177174269
2020-03-31,298,187.31030235192
2020-03-31,283,193.130990048845
2020-03-31,252,265.043658121554
2020-03-31,274,225.75590844166
2020-03-31,118,96.1202106407634
2020-03-31,345,72.5448456200729
2020-03-31,280,175.49341551058
2020-03-31,335,201.348830272919
2020-03-31,250,209.59885085423
2020-03-31,202,174.679053117297
2020-03-31,225,153.856872288258
2020-03-31,180,174.997053323883
2020-03-31,109,109.387065596281
2020-03-31,200,155.9353071144
2020-03-31,240,216.041154771396
2020-03-31,174,157.375169619479
2020-03-31,174,183.495727197564
2020-03-31,227,321.856901916483
2020-03-31,270,232.728871500441
2020-03-31,158,202.565421632567
2020-03-31,328,239.724024412872
2020-03-31,258,135.375322148719
2020-03-31,110,191.582589815192
2020-03-31,396,192.382727284745
2020-03-31,287,187.478875613501
2020-03-31,119,167.033201313392
2020-03-31,126,159.322312517079
2020-03-31,120,97.191592880561
2020-03-31,31,129.9012393399
2020-03-31,158,128.438332332625
2020-03-31,183,166.30694769737
2020-03-31,114,99.9237948767094
2020-03-31,132,106.920123759151
2020-03-31,144,146.664197683945
2020-03-31,50,146.250278498676
2020-03-31,128,77.8510436805616
2020-03-31,147,125.70748889566
2020-03-31,123,117.515570128377
2020-03-31,108,159.893448546233
2020-03-31,223,135.62074947011
2020-03-31,80,107.361883422121
2020-03-31,145,161.065014268445
2020-03-31,234,155.77227179775
2020-03-31,129,182.279368080204
2020-03-31,150,143.762496409767
2020-03-31,46,184.347126714338
2020-03-31,155,124.809353948096
2020-03-31,129,118.914202680026
2020-03-31,253,163.489030291675
2020-03-31,216,202.858272167254
2020-03-31,117,172.073621225701
2020-03-31,300,227.262808727726
2020-03-31,165,168.704852226588
2020-03-31,236,167.773381043985
2020-03-31,331,252.057119253713
2020-03-31,273,253.110157074473
2020-03-31,66,112.430994303115
2020-03-31,133,143.081704118775
2020-03-31,179,174.449170996987
2020-03-31,336,158.641312232748
2020-03-31,249,212.938715128151
2020-03-31,93,158.709078497318
2020-03-31,115,172.646428989918
2020-03-31,183,142.590208644069
2020-03-31,133,153.562294205906
2020-03-31,128,159.462514829361
2020-03-31,164,188.998396604154
2020-03-31,142,160.893701165273
2020-03-31,558,175.564210449603
2020-03-31,216,219.191586928658
2020-03-31,267,204.166594032316
2020-03-31,133,213.258801365903
2020-03-31,186,271.672544062547
2020-03-31,167,218.906971751978
2020-03-31,256,120.837254119256
2020-03-31,172,267.124281559989
2020-03-31,130,194.588672675445
2020-03-31,294,236.504388051343
2020-03-31,242,131.342333257229
2020-03-31,168,130.058479643926
2020-03-31,221,161.926861415778
2020-03-31,199,226.663537762928
2020-03-31,276,239.467228356756
2020-03-31,299,228.852512494621
2020-03-31,109,145.740764408741
2020-03-31,273,170.709467251576
2020-03-31,353,211.312176835557
2020-03-31,126,191.604837834552
2020-03-31,456,206.384724814848
2020-03-31,443,205.522681046315
2020-03-31,419,367.256784609672
2020-03-31,316,293.291247318779
2020-03-31,212,164.313635565367
2020-03-31,196,178.53647476291
2020-03-31,325,149.062395127516
2020-03-31,341,145.699794515855
2020-03-31,188,204.322577319745
2020-03-31,143,184.9009944683
2020-03-31,165,126.110191138465
2020-03-31,207,164.886393465679
2020-03-31,352,176.3243634644
2020-03-31,148,190.520654501609
2020-03-31,221,162.624412610863
2020-03-31,167,291.932253200951
2020-03-31,70,151.577270420969
2020-03-31,247,158.458685229836
2020-03-31,55,100.174155761105
2020-03-31,100,93.7316421300676
2020-03-31,192,134.517692760406
2020-03-31,112,96.1197186633166
2020-03-31,113,153.456774290341
2020-03-31,177,145.275644643204
2020-03-31,149,135.705972172368
2020-03-31,237,136.494344346655
2020-03-31,116,126.788234888303
2020-03-31,446,122.145030039869
2020-03-31,168,127.461927909292
2020-03-31,67,137.824749647818
2020-03-31,72,195.365220629181
2020-03-31,50,82.3284116334478
2020-03-31,18,64.1467200338363
2020-03-31,67,96.7589303295893
2020-03-31,215,139.136886546798
2020-03-31,176,165.773498144346
2020-03-31,88,113.100138035036
2020-03-31,177,162.100512945443
2020-03-31,197,114.49234296935
2020-03-31,236,162.696679150746
2020-03-31,261,128.440023036904
2020-03-31,234,156.573283297775
2020-03-31,283,198.410687572123
2020-03-31,168,204.956813736036
2020-03-31,243,168.015766445574
2020-03-31,117,170.543139155788
2020-03-31,223,196.210300733021
2020-03-31,407,151.19425712665
2020-03-31,208,149.367293025983
2020-03-31,203,161.158711622128
2020-03-31,111,152.412880561834
2020-03-31,105,125.952158869158
2020-03-31,120,93.7253646281303
2020-03-31,99,118.70018352854
2020-03-31,246,125.373787070501
2020-03-31,117,149.84120593797
2020-03-31,225,157.592931407958
2020-03-31,214,191.084612058735
2020-03-31,178,154.913117799389
2020-03-31,285,235.784735013838
2020-03-31,267,166.991712922662
2020-03-31,297,255.478521486085
2020-03-31,397,232.659244128105
2020-03-31,368,169.483951566212
2020-03-31,364,263.708884430844
2020-03-31,101,135.549132834651
2020-03-31,118,179.459913561391
2020-03-31,129,232.498498833562
2020-03-31,208,229.188074579246
2020-03-31,433,211.636363037373
2020-03-31,215,182.813549726834
2020-03-31,398,166.673303839766
2020-03-31,299,202.002890025581
2020-03-31,228,226.423768115748
2020-03-31,251,261.577709819471
2020-03-31,382,233.695236235184
2020-03-31,284,167.659044582143
2020-03-31,166,205.008983561134
2020-03-31,209,207.659373285282
2020-03-31,218,182.904655514003
2020-03-31,333,215.330695695941
2020-03-31,300,170.484467547598
2020-03-31,189,175.558330505485
2020-03-31,92,203.952644110159
2020-03-31,343,268.080276959495
2020-03-31,157,199.840451494284
2020-03-31,184,222.268712646515
2020-03-31,148,174.077093837569
2020-03-31,299,214.694031923402
2020-03-31,435,251.548376009092
2020-03-31,234,350.786103499943
2020-03-31,308,442.148171113506
2020-03-31,321,333.287397283584
2020-03-31,153,225.1743342717
2020-03-31,295,246.405029046571
2020-03-31,288,201.279183408904
2020-03-31,485,334.63553124575
2020-03-31,446,218.167749478631
2020-03-31,451,350.908923431915
2020-03-31,314,200.696712395011
2020-03-31,372,162.990649258662
2020-03-31,370,322.657976214557
2020-03-31,277,227.361875494668
2020-03-31,374,243.214474610571
2020-03-31,315,288.859318394182
2020-03-31,429,324.009869956283
2020-03-31,331,239.884458333048
2020-03-31,267,193.24908386626
2020-03-31,302,291.944394174545
2020-03-31,537,338.58100777456
2020-03-31,356,203.613471709375
2020-03-31,275,305.275896013952
2020-03-31,361,298.08919523066
2020-03-31,239,285.290484409916
2020-03-31,337,369.626217269002
2020-03-31,348,401.816919405199
2020-03-31,274,221.457586122298
2020-03-31,323,369.898807510746
2020-03-31,528,283.387451978284
2020-03-31,227,228.32961164469
2020-03-31,314,222.551573395174
2020-03-31,330,282.216231829491
2020-03-31,446,223.056615231265
2020-03-31,279,296.547981780241
2020-03-31,563,170.844409208903
2020-03-31,268,261.297251665466
2020-03-31,234,175.737480818851
2020-03-31,227,290.416086137469
2020-03-31,229,154.205695170722
2020-03-31,359,306.54074984165
2020-03-31,259,291.663107776318
2020-03-31,461,223.350784697093
2020-03-31,337,227.996684322207
2020-03-31,403,233.775035874557
2020-03-31,403,324.928392224114
2020-03-31,189,263.807592956752
2020-03-31,194,259.601639675896
2020-03-31,348,189.625811543176
2020-03-31,212,198.844629676418
2020-03-31,479,329.697520038872
2020-03-31,252,192.347095069232
2020-03-31,468,356.713559303441
2020-03-31,176,316.073971354988
2020-03-31,401,205.817322442532
2020-03-31,311,232.925157122272
2020-03-31,406,280.858459361211
2020-03-31,442,223.905256182037
2020-03-31,348,305.294427553702
2020-03-31,450,281.779792111159
2020-03-31,211,295.715814035727
2020-03-31,273,359.132535922938
2020-03-31,408,257.406947586208
2020-03-31,338,215.120355324514
2020-03-31,626,314.847584643725
2020-03-31,464,351.790423348576
2020-03-31,257,247.586344818557
2020-03-31,381,261.878060182866
2020-03-31,430,218.032855056789
2020-03-31,504,288.990019737155
2020-03-31,466,386.679057885947
2020-03-31,236,331.820646147201
2020-03-31,361,218.732034337834
2020-03-31,339,206.15161191287
2020-03-31,377,264.893341115228
2020-03-31,391,232.513837161152
2020-03-31,248,237.104521804418
2020-03-31,281,210.372940788843
2020-03-31,488,215.0047626689
2020-03-31,47,449.201842611864
2020-03-31,479,271.747504453306
2020-03-31,346,312.861975847889
2020-03-31,68,206.315652223706
2020-03-31,142,120.717054160258
2020-03-31,173,375.410409476961
2020-03-31,341,229.477132660638
2020-03-31,419,226.462144084941
2020-03-31,168,253.279301191931
2020-03-31,153,143.152041172089
2020-03-31,249,189.271760602171
2020-03-31,149,338.63143896602
2020-03-31,299,186.889867848562
2020-03-31,161,281.362652159859
2020-03-31,107,497.229526946027
2020-03-31,227,455.829265253202
2020-03-31,232,330.586606140521
2020-03-31,150,106.569730122651
2020-03-31,83,71.3834987572064
2020-03-31,76,76.9222521680788
2020-03-31,65,146.583238745585
2020-03-31,136,102.180414656803
2020-03-31,239,238.159144386689
2020-03-31,447,378.281850778439
2020-03-31,204,574.919783479114
2020-03-31,20,301.122574840927
2020-03-31,51,701.203736122391
2020-03-31,52,452.68627806745
2020-03-31,44,127.749967567074
2020-03-31,101,186.264009847925
2020-03-31,23,131.449838375389
2020-03-31,76,318.250313866564
2020-03-31,55,353.526251083917
2020-03-31,164,655.511347920804
2020-03-31,25,356.421264755713
2020-04-01,393,233.807341728845
2020-04-01,236,224.708139076479
2020-04-01,199,254.239060281212
2020-04-01,254,210.989276684269
2020-04-01,275,192.783862862794
2020-04-01,313,173.463214616667
2020-04-01,130,152.34230140771
2020-04-01,170,131.092276058616
2020-04-01,70,73.9453667497303
2020-04-01,166,219.740940260421
2020-04-01,120,164.669308466704
2020-04-01,109,154.603449787933
2020-04-01,161,93.0040971007523
2020-04-01,141,321.560774260615
2020-04-01,146,153.591562563974
2020-04-01,183,166.108008452
2020-04-01,259,164.051193355561
2020-04-01,280,258.042372100338
2020-04-01,202,249.711657444518
2020-04-01,303,238.844459533512
2020-04-01,197,263.171504058505
2020-04-01,170,249.886176009049
2020-04-01,259,142.859040264142
2020-04-01,176,180.07181067559
2020-04-01,296,380.241410631354
2020-04-01,245,307.514370923125
2020-04-01,159,163.116894932788
2020-04-01,377,205.894214022893
2020-04-01,334,195.245818488307
2020-04-01,477,295.096029039486
2020-04-01,428,302.03167061486
2020-04-01,377,378.172628404589
2020-04-01,196,157.852485278156
2020-04-01,197,282.520616999132
2020-04-01,199,239.626576803127
2020-04-01,117,212.845885905921
2020-04-01,302,329.982895435355
2020-04-01,367,379.977326946222
2020-04-01,210,315.622327366403
2020-04-01,167,212.922106297574
2020-04-01,350,218.018080253045
2020-04-01,333,191.030935546208
2020-04-01,325,269.299786753562
2020-04-01,222,189.049136882043
2020-04-01,203,210.926096607264
2020-04-01,220,552.609415138098
2020-04-01,266,392.466614834853
2020-04-01,235,358.295804910372
2020-04-01,293,329.42570717125
2020-04-01,173,196.578148813945
2020-04-01,523,169.651700506059
2020-04-01,184,173.989996791414
2020-04-01,392,285.274982854873
2020-04-01,493,228.428615818175
2020-04-01,222,261.65031746913
2020-04-01,338,365.796739005478
2020-04-01,419,350.082394904244
2020-04-01,123,167.278776898931
2020-04-01,208,154.582504018331
2020-04-01,204,192.805774172247
2020-04-01,162,248.142316521491
2020-04-01,194,208.577461384037
2020-04-01,492,393.32656956916
2020-04-01,652,340.111638403278
2020-04-01,205,329.046980303822
2020-04-01,342,333.185532939795
2020-04-01,336,328.01124128934
2020-04-01,440,296.256815895333
2020-04-01,167,133.337599430417
2020-04-01,590,216.458071543863
2020-04-01,378,281.234480284651
2020-04-01,418,243.230528710635
2020-04-01,724,327.551616781694
2020-04-01,231,265.873165370002
2020-04-01,273,212.277143040481
2020-04-01,263,340.030047867807
2020-04-01,430,426.302873179702
2020-04-01,313,308.092018292796
2020-04-01,432,353.250028136223
2020-04-01,645,492.599117851563
2020-04-01,348,225.785504132122
2020-04-01,494,229.060514532027
2020-04-01,88,296.30791694106
2020-04-01,271,300.027484413712
2020-04-01,158,231.538377974735
2020-04-01,206,115.888096445483
2020-04-01,250,316.675508334354
2020-04-01,150,190.986451735686
2020-04-01,228,251.323160892896
2020-04-01,123,348.96163744353
2020-04-01,392,198.543674513223
2020-04-01,515,311.905002287362
2020-04-01,270,399.411633014543
2020-04-01,261,462.908850810318
2020-04-01,1069,573.878126206087
2020-04-01,753,562.892441442524
2020-04-01,526,684.023372136098
2020-04-01,629,450.699204193083
2020-04-01,649,610.115532431826
2020-04-01,783,453.874872677711
2020-04-01,356,414.709374916566
2020-04-01,344,485.814856697032
2020-04-01,381,315.166433214868
2020-04-01,174,204.927867126584
2020-04-01,477,316.669819294438
2020-04-01,390,584.474719635842
2020-04-01,276,311.10904252485
2020-04-01,465,401.805162248478
2020-04-01,256,154.851361079225
2020-04-01,227,193.680452362512
2020-04-01,190,203.025748449862
2020-04-01,159,200.14064276129
2020-04-01,265,103.901734438807
2020-04-01,200,189.323149521106
2020-04-01,205,225.230519423437
2020-04-01,228,245.467216125725
2020-04-01,773,516.162044088265
2020-04-01,664,517.002403455243
2020-04-01,683,614.252570567417
2020-04-01,586,838.162037616219
2020-04-01,550,558.289989006713
2020-04-01,1029,847.824302224142
2020-04-01,1389,491.23806240631
2020-04-01,1135,534.128599971584
2020-04-01,607,611.859369423638
2020-04-01,742,461.124842456025
2020-04-01,860,531.128246403697
2020-04-01,194,227.655107384477
2020-04-01,150,304.874758721413
2020-04-01,0,233.71927676481
2020-04-01,0,1013.59557468134
2020-04-01,426,383.885006461564
2020-04-01,431,569.734040002169
2020-04-01,413,265.98826621701
2020-04-01,412,384.906988371469
2020-04-01,837,754.59055811861
2020-04-01,417,505.903318010331
2020-04-01,634,467.931982551302
2020-04-01,318,377.735700782709
2020-04-01,355,355.833211386476
2020-04-01,439,351.015087198646
2020-04-01,424,315.691597130083
2020-04-01,531,415.041855554852
2020-04-01,270,487.63533123387
2020-04-01,1005,428.428524543604
2020-04-01,522,364.521326245204
2020-04-01,466,233.980349781817
2020-04-01,300,254.928528615085
2020-04-01,748,233.590161974082
2020-04-01,405,191.804521398859
2020-04-01,223,192.966025350519
2020-04-01,187,109.118985553596
2020-04-01,160,207.425226375216
2020-04-01,174,207.122082959517
2020-04-01,406,386.534023483048
2020-04-01,204,224.877921746198
2020-04-01,472,448.31440700718
2020-04-01,255,304.764844171266
2020-04-01,277,288.834924727046
2020-04-01,177,319.498554632837
2020-04-01,333,363.480157248067
2020-04-01,501,294.712565819058
2020-04-01,182,200.730995875358
2020-04-01,512,285.435665771897
2020-04-01,156,312.890687811832
2020-04-01,368,349.544196393337
2020-04-01,229,369.6854679765
2020-04-01,370,212.985590784399
2020-04-01,280,417.163812536837
2020-04-01,512,580.308314680918
2020-04-01,701,314.396409052257
2020-04-01,568,447.063334292788
2020-04-01,548,351.781250253208
2020-04-01,309,209.364173538463
2020-04-01,385,145.390436392735
2020-04-01,182,222.402970768942
2020-04-01,489,388.979063412949
2020-04-01,193,219.061748261361
2020-04-01,361,221.951297115323
2020-04-01,299,299.996711559384
2020-04-01,536,403.591940806976
2020-04-01,666,452.693492926525
2020-04-01,512,339.161161376836
2020-04-01,528,392.31066791708
2020-04-01,418,345.697395588872
2020-04-01,119,388.501971466483
2020-04-01,187,196.471805994064
2020-04-01,143,240.472505056409
2020-04-01,470,277.343662880533
2020-04-01,244,295.134872752478
2020-04-01,513,315.989012883822
2020-04-01,577,304.270604441913
2020-04-01,124,205.275961110247
2020-04-01,291,180.522133800999
2020-04-01,258,133.477547345121
2020-04-01,227,117.770277920133
2020-04-01,264,272.630146634236
2020-04-01,173,310.401639331906
2020-04-01,202,207.734124850412
2020-04-01,521,242.505993557775
2020-04-01,700,223.17677373504
2020-04-01,279,168.673363202177
2020-04-01,460,131.480848540526
2020-04-01,87,84.5830260194946
2020-04-01,265,619.898875955854
2020-04-01,622,455.708903201576
2020-04-01,625,260.484007431828
2020-04-01,231,124.846163766061
2020-04-01,838,571.024550422609
2020-04-01,197,260.606602668559
2020-04-01,257,238.366266520667
2020-04-01,258,236.615722921404
2020-04-01,164,197.550114183069
2020-04-01,486,196.488966673373
2020-04-01,279,288.495702033115
2020-04-01,243,239.336842004107
2020-04-01,240,190.316709001664
2020-04-01,175,153.45956946189
2020-04-01,94,497.404301605382
2020-04-01,167,401.115304566009
2020-04-01,425,217.606556412967
2020-04-01,315,503.64362956749
2020-04-01,249,366.530279703047
2020-04-01,381,369.855693160042
2020-04-01,560,378.048343947639
2020-04-01,840,579.562655317725
2020-04-01,265,313.771942401436
2020-04-01,351,464.935100203543
2020-04-01,365,206.266363553803
2020-04-01,186,194.056126471341
2020-04-01,161,368.790276237147
2020-04-01,634,385.206350248145
2020-04-01,265,537.872890796895
2020-04-01,431,284.39206875784
2020-04-01,578,229.38026949732
2020-04-01,422,419.132085451383
2020-04-01,300,450.038475348651
2020-04-01,240,83.827334845407
2020-04-01,827,321.330568299889
2020-04-01,700,372.375110290571
2020-04-01,762,545.241452328409
2020-04-01,383,528.400910294719
2020-04-01,693,332.045300551201
2020-04-01,725,647.542947722881
2020-04-01,498,226.844773496305
2020-04-01,311,457.160326662708
2020-04-01,307,301.617265724255
2020-04-01,139,520.646764709983
2020-04-01,406,220.513331300045
2020-04-01,429,439.874448792088
2020-04-01,443,511.169526821347
2020-04-01,466,537.347881788895
2020-04-01,530,305.372830829423
2020-04-01,540,323.24101550592
2020-04-01,879,462.441561251333
2020-04-01,838,227.457526447179
2020-04-01,426,311.374129502062
2020-04-01,475,215.995015682352
2020-04-01,216,462.905432603842
2020-04-01,294,325.433861011815
2020-04-01,223,318.922767138248
2020-04-01,58,209.733633637834
2020-04-01,0,186.629656856555
2020-04-01,102,135.947108034023
2020-04-01,140,271.352154831627
2020-04-01,169,118.993857151136
2020-04-01,63,214.974943872847
2020-04-01,309,246.602386699681
2020-04-01,243,269.810807404804
2020-04-01,376,186.214424142016
2020-04-01,285,199.370510601085
2020-04-01,368,260.772167544505
2020-04-01,335,258.218272601479
2020-04-01,299,254.87265170646
2020-04-01,311,173.991332197098
2020-04-01,410,253.484716770625
2020-04-01,145,144.142892762863
2020-04-01,205,144.759501517869
2020-04-01,144,298.456172571992
2020-04-01,138,144.685732503916
2020-04-01,488,293.84210026606
2020-04-01,183,185.958955108294
2020-04-01,384,199.882521330616
2020-04-01,278,194.012755582644
2020-04-01,438,359.520091289486
2020-04-01,269,238.240272247701
2020-04-01,285,325.957332043314
2020-04-01,414,207.07577077432
2020-04-01,296,267.908310520193
2020-04-01,524,514.944102851713
2020-04-01,586,299.421878484518
2020-04-01,544,427.041196721332
2020-04-01,210,220.69911886247
2020-04-01,552,386.573859305877
2020-04-01,671,464.072592100947
2020-04-01,447,258.688318283748
2020-04-01,200,279.609853190835
2020-04-01,331,298.166028507476
2020-04-01,530,299.901691575611
2020-04-01,602,360.433326477074
2020-04-01,285,346.276113644476
2020-04-01,229,250.068690668717
2020-04-01,189,292.09906850949
2020-04-01,221,374.948270013025
2020-04-01,384,227.244269432868
2020-04-01,360,259.836564502274
2020-04-01,185,168.052158267992
2020-04-01,186,206.666483176527
2020-04-01,160,312.624032716177
2020-04-01,241,171.902438401782
2020-04-01,377,255.261386849276
2020-04-01,204,222.447186148366
2020-04-01,137,273.412570597313
2020-04-01,314,223.644744330512
2020-04-01,251,275.939601337154
2020-04-01,189,258.063282062115
2020-04-01,240,267.032819489916
2020-04-01,286,212.277752494906
2020-04-01,322,257.07004582633
2020-04-01,250,169.196164777266
2020-04-01,176,244.380439742231
2020-04-01,122,292.822236636017
2020-04-01,142,222.284910652881
2020-04-01,233,303.177505349602
2020-04-01,289,182.77880628279
2020-04-01,238,265.54466286642
2020-04-01,253,253.787511155422
2020-04-01,178,221.794539699362
2020-04-01,536,232.252535699026
2020-04-01,361,356.977111553936
2020-04-01,461,321.223472228344
2020-04-01,458,405.405173108204
2020-04-01,406,379.380529148798
2020-04-01,425,312.815579790449
2020-04-01,281,276.749668537181
2020-04-01,251,431.451590219448
2020-04-01,457,456.210780804446
2020-04-01,550,398.658839715398
2020-04-01,342,313.913410099575
2020-04-01,421,342.855698539114
2020-04-01,251,133.476267281122
2020-04-01,432,217.374995266679
2020-04-01,205,246.766178291203
2020-04-01,487,385.70331332172
2020-04-01,354,368.814930309959
2020-04-01,485,423.448901664821
2020-04-01,274,229.760678692441
2020-04-01,159,256.817541523696
2020-04-01,340,191.407647537307
2020-04-01,429,506.042909742893
2020-04-01,498,222.47512415102
2020-04-01,381,402.125616996786
2020-04-01,323,307.994384987393
2020-04-01,427,518.173780149506
2020-04-01,859,510.64684352281
2020-04-01,423,428.581405554835
2020-04-01,304,425.88566433457
2020-04-01,555,472.381414699339
2020-04-01,494,472.644210542155
2020-04-01,583,476.873074252793
2020-04-01,818,575.029572003833
2020-04-01,565,495.931440552068
2020-04-01,578,422.082661795741
2020-04-01,323,450.761217446344
2020-04-01,545,469.186598845105
2020-04-01,928,438.500195379594
2020-04-01,597,417.018376216302
2020-04-01,682,504.773369789146
2020-04-01,440,243.844377860111
2020-04-01,185,460.471635307423
2020-04-01,121,177.885243583044
2020-04-01,472,569.93018182836
2020-04-01,480,486.934691721835
2020-04-01,419,315.464327987278
2020-04-01,1099,496.377155949586
2020-04-01,309,341.402570872669
2020-04-01,627,407.998081341809
2020-04-01,184,191.088604510531
2020-04-01,271,118.347508409879
2020-04-01,582,375.936815679065
2020-04-01,95,266.64227433198
2020-04-01,342,418.285366671755
2020-04-01,379,176.782100993171
2020-04-01,629,283.220746164846
2020-04-01,417,302.729429520849
2020-04-01,474,322.783572852157
2020-04-01,513,361.3080900048
2020-04-01,527,609.726585403659
2020-04-01,360,225.390368948599
2020-04-01,399,279.9553866032
2020-04-01,290,419.214783127998
2020-04-01,432,338.805385516187
2020-04-01,255,279.546802133115
2020-04-01,543,213.948572881943
2020-04-01,416,560.214240801766
2020-04-01,636,389.263908220303
2020-04-01,415,409.714729817828
2020-04-01,300,210.371564953479
2020-04-01,525,383.821312438373
2020-04-01,488,644.60895204957
2020-04-01,1206,706.405299432908
2020-04-01,980,405.669673773894
2020-04-01,598,606.560250612375
2020-04-01,197,666.226079200885
2020-04-01,288,212.720948301968
2020-04-01,291,299.739655701236
2020-04-01,224,188.039393624123
2020-04-01,229,198.94825796003
2020-04-01,278,358.364092783781
2020-04-01,311,351.718820495925
2020-04-01,610,407.783405361971
2020-04-01,505,433.235541993927
2020-04-01,298,285.137990345709
2020-04-01,277,293.972481580987
2020-04-01,365,451.585989319334
2020-04-01,469,376.46980111472
2020-04-01,636,390.189928254913
2020-04-01,457,310.590574632967
2020-04-01,355,362.775282670702
2020-04-01,413,472.884428832805
2020-04-01,333,472.680725978927
2020-04-01,352,346.152320318696
2020-04-01,598,502.296595463231
2020-04-01,809,513.225219964008
2020-04-01,432,279.627146427544
2020-04-01,375,285.824583147924
2020-04-01,400,389.613527892597
2020-04-01,348,393.100028340295
2020-04-01,260,199.229132938588
2020-04-01,294,272.216333346192
2020-04-01,321,404.744118169276
2020-04-01,389,299.157218600108
2020-04-01,302,356.427353795106
2020-04-01,343,292.995085265425
2020-04-01,372,419.911321886496
2020-04-01,823,342.430447464212
2020-04-01,688,450.691462300061
2020-04-01,962,334.88291041132
2020-04-01,456,463.414469982858
2020-04-01,1032,515.209002559533
2020-04-01,556,611.13364867435
2020-04-01,761,585.933287602073
2020-04-01,679,454.608247850997
2020-04-01,262,428.477580636301
2020-04-01,413,332.679269677227
2020-04-01,452,337.009717883783
2020-04-01,189,74.5649877271416
2020-04-01,443,420.813359802654
2020-04-01,572,498.562247847737
2020-04-01,756,327.375495107687
2020-04-01,365,488.784403433768
2020-04-01,1469,517.530753316643
2020-04-01,247,201.348991031074
2020-04-01,632,617.504502934534
2020-04-01,165,457.86486244694
2020-04-01,117,161.066244789713
2020-04-01,177,195.664513176625
2020-04-01,196,223.604595970347
2020-04-01,235,110.699300621267
2020-04-01,340,311.884359268817
2020-04-01,384,440.311014652314
2020-04-01,355,80.8881788964153
2020-04-01,248,388.644344825632
2020-04-01,145,114.110377791147
2020-04-01,514,156.055686705355
2020-04-01,309,122.024885461207
2020-04-01,247,178.608486611827
2020-04-01,264,135.172550181339
2020-04-01,138,265.857584490651
2020-04-01,319,203.2522336679
2020-04-01,166,264.999739792295
2020-04-01,598,316.342566800554
2020-04-01,319,176.080345813631
2020-04-01,112,206.579669895449
2020-04-01,121,114.55687190058
2020-04-01,186,128.31250473621
2020-04-01,140,244.325640571577
2020-04-01,86,240.593483681755
2020-04-01,0,120.842674366976
2020-04-01,279,505.01145428026
2020-04-01,182,279.373611537991
2020-04-01,240,308.51238703842
2020-04-01,315,285.293552115752
2020-04-01,474,658.300553104802
2020-04-01,403,370.289184484933
2020-04-01,794,415.57913719795
2020-04-01,607,499.036789359078
2020-04-01,677,497.634632156967
2020-04-01,644,523.038704924501
2020-04-01,608,336.948890774145
2020-04-01,326,477.944164547557
2020-04-01,592,474.873919409618
2020-04-01,473,488.809669502546
2020-04-01,236,468.818485679143
2020-04-01,294,300.085101416735
2020-04-01,484,406.811894204555
2020-04-01,668,593.711954488704
2020-04-01,687,444.79944243597
2020-04-01,263,419.513810596709
2020-04-01,664,347.484470381731
2020-04-01,359,358.781553268021
2020-04-01,103,281.29123658555
2020-04-01,697,488.191454490004
2020-04-01,268,271.777966331776
2020-04-01,303,269.245839482522
2020-04-01,384,318.033689292469
2020-04-01,394,437.303672733077
2020-04-01,509,211.554282619448
2020-04-01,707,484.263129504239
2020-04-01,430,605.339241326651
2020-04-01,338,312.145511197364
2020-04-01,540,344.079782881572
2020-04-01,377,422.595024092654
2020-04-01,764,467.58134734346
2020-04-01,264,247.100143430785
2020-04-01,435,465.170862094122
2020-04-01,581,375.848498094848
2020-04-01,268,456.641097672022
2020-04-01,779,261.040312512028
2020-04-01,260,397.164381308696
2020-04-01,202,363.634142579514
2020-04-01,340,349.586885772774
2020-04-01,377,336.705430914412
2020-04-01,371,476.844887965766
2020-04-01,343,297.308028118412
2020-04-01,248,290.754722760019
2020-04-01,404,386.857969166289
2020-04-01,356,422.378744257204
2020-04-01,598,256.430715809813
2020-04-01,724,367.238823046847
2020-04-01,728,435.953851548368
2020-04-01,126,338.578631028554
2020-04-01,523,273.937960247363
2020-04-01,209,408.70421209332
2020-04-01,472,178.333061084607
2020-04-01,185,415.346787429156
2020-04-01,377,436.426944403481
2020-04-01,334,369.708933705266
2020-04-01,319,437.279159210829
2020-04-01,664,455.90488341639
2020-04-01,722,533.496153758047
2020-04-01,379,215.041203722467
2020-04-01,465,405.83819789268
2020-04-01,423,290.015128714034
2020-04-01,191,227.670691099518
2020-04-01,487,750.109907900272
2020-04-01,352,348.091251503187
2020-04-01,151,226.439746781437
2020-04-01,359,241.475046756991
2020-04-01,395,296.592446210385
2020-04-01,202,341.982248966772
2020-04-01,319,260.0769812623
2020-04-01,238,207.07271603714
2020-04-01,57,71.1214450277137
2020-04-01,248,163.728909002298
2020-04-01,605,397.172705805223
2020-04-01,189,146.225984320923
2020-04-01,290,221.127238951275
2020-04-01,403,369.516128168493
2020-04-01,504,288.249780759834
2020-04-01,133,208.912575257991
2020-04-01,321,171.080213573286
2020-04-01,89,225.936031833636
2020-04-01,111,65.1172925532694
2020-04-01,621,473.005880007881
2020-04-01,323,383.236228707521
2020-04-01,520,141.471926707474
2020-04-01,189,331.891890493474
2020-04-01,351,396.589050998719
2020-04-01,410,424.245426490509
2020-04-01,576,325.92159936964
2020-04-01,192,165.853170135928
2020-04-01,137,185.669399735306
2020-04-01,136,208.322302652085
2020-04-01,227,275.452601834351
2020-04-01,613,351.082546947585
2020-04-01,722,430.870869624794
2020-04-01,513,400.52207467417
2020-04-01,689,347.386139402759
2020-04-01,536,485.509213321178
2020-04-01,396,363.787837439288
2020-04-01,324,241.635945298738
2020-04-01,320,301.346720236494
2020-04-01,266,257.476755601077
2020-04-01,301,312.443598950094
2020-04-01,525,297.375416055799
2020-04-01,299,443.035826312985
2020-04-01,374,380.743850115698
2020-04-01,126,339.074524188975
2020-04-01,333,283.240381062761
2020-04-01,485,201.912265587353
2020-04-01,435,217.449917143707
2020-04-01,171,180.114525673826
2020-04-01,629,323.480170221329
2020-04-01,271,161.66207106352
2020-04-01,308,224.548694064819
2020-04-01,773,252.855680890256
2020-04-01,303,178.773667129177
2020-04-01,302,302.628859431482
2020-04-01,346,270.525234272942
2020-04-01,296,256.409540956219
2020-04-01,112,210.492430693024
2020-04-01,269,254.985395343796
2020-04-01,456,242.664706363756
2020-04-01,599,549.739769646885
2020-04-01,583,407.860572367868
2020-04-01,288,300.820567345998
2020-04-01,360,382.578557913901
2020-04-01,426,335.28726412935
2020-04-01,302,227.627118191232
2020-04-01,735,392.376182929694
2020-04-01,163,365.997639175254
2020-04-01,242,306.315510905125
2020-04-01,447,464.942248463521
2020-04-01,161,260.594000155603
2020-04-01,706,446.300623837868
2020-04-01,830,369.87872072001
2020-04-01,743,440.568312200242
2020-04-01,743,387.611840723666
2020-04-01,740,415.684649034487
2020-04-01,108,90.729555569986
2020-04-01,24,352.212843117913
2020-04-01,177,185.683704235513
2020-04-01,143,223.78657053741
2020-04-01,332,187.655024997839
2020-04-01,269,86.5074868014038
2020-04-01,257,454.386745354345
2020-04-01,230,336.797976802028
2020-04-01,283,215.948797753066
2020-04-01,302,183.714554929081
2020-04-01,347,274.36277781135
2020-04-01,248,244.312481201996
2020-04-01,220,265.967935070913
2020-04-01,147,182.376960800556
2020-04-01,198,112.995551077709
2020-04-01,379,350.035458812904
2020-04-01,255,361.105401308819
2020-04-01,440,375.25138107467
2020-04-01,257,156.82819171481
2020-04-01,659,217.143220880193
2020-04-01,138,276.179809386306
2020-04-01,504,554.572752290289
2020-04-01,271,241.512166912289
2020-04-01,508,331.879688663421
2020-04-01,206,261.583780126252
2020-04-01,411,194.619155205952
2020-04-01,315,289.028280025349
2020-04-01,217,159.020373031491
2020-04-01,117,268.437462121895
2020-04-01,422,333.321980820229
2020-04-01,342,330.178280918751
2020-04-01,341,460.155552827494
2020-04-01,888,269.390441976976
2020-04-01,302,383.753033157686
2020-04-01,483,434.177960677755
2020-04-01,371,296.342958835949
2020-04-01,511,330.620145835089
2020-04-01,183,172.629050521329
2020-04-01,154,198.809653888511
2020-04-01,218,240.063058479602
2020-04-01,209,185.763776525051
2020-04-01,308,297.874364743858
2020-04-01,463,237.343226752304
2020-04-01,360,273.2217765757
2020-04-01,271,259.407065926314
2020-04-01,600,215.641158486153
2020-04-01,283,362.672926502247
2020-04-01,67,92.8446630018172
2020-04-01,215,225.022223712317
2020-04-01,461,201.05878954215
2020-04-01,325,334.653317291228
2020-04-01,402,258.866419842178
2020-04-01,212,263.737702843575
2020-04-01,309,291.550678036044
2020-04-01,369,440.404579155922
2020-04-01,326,183.146381991721
2020-04-01,223,91.8965078004449
2020-04-01,121,102.368612662719
2020-04-01,288,250.565490570148
2020-04-01,182,184.184511556742
2020-04-01,342,233.402581809586
2020-04-01,623,461.187614970825
2020-04-01,276,296.310701598068
2020-04-01,380,444.905736081728
2020-04-01,312,561.115849655495
2020-04-01,298,192.270617057506
2020-04-01,195,274.182507897841
2020-04-01,880,329.968895054966
2020-04-01,504,439.882353947696
2020-04-01,242,302.310460821004
2020-04-01,446,248.618912035241
2020-04-01,436,250.835391567084
2020-04-01,199,341.132140536802
2020-04-01,593,213.083194875702
2020-04-01,163,220.098371442366
2020-04-01,283,264.63490837949
2020-04-01,508,189.381712725591
2020-04-01,168,69.8277426602711
2020-04-01,324,326.080060018675
2020-04-01,371,189.097914041943
2020-04-01,593,402.046408665767
2020-04-01,252,174.309434890646
2020-04-01,257,331.981979118957
2020-04-01,536,176.935638107489
2020-04-01,185,206.82580145996
2020-04-01,705,351.3322144992
2020-04-01,303,124.79142651478
2020-04-01,370,448.971523318749
2020-04-01,221,283.245796735969
2020-04-01,384,255.486058936483
2020-04-01,311,259.823093194034
2020-04-01,375,386.76869381194
2020-04-01,125,329.896808322421
2020-04-01,599,308.185444810865
2020-04-01,431,296.722427967949
2020-04-01,190,263.141763014309
2020-04-01,90,284.24567293219
2020-04-01,343,323.169813310595
2020-04-01,282,108.869984121782
2020-04-01,138,119.396417079615
2020-04-01,142,151.01885247122
2020-04-01,277,307.47217953481
2020-04-01,442,132.880507238496
2020-04-01,406,263.414264152477
2020-04-01,361,244.803036891517
2020-04-01,222,276.191866042236
2020-04-01,28,132.005545594678
2020-04-01,573,438.384849675111
2020-04-01,275,256.279351862779
2020-04-01,153,488.993446717535
2020-04-01,272,301.462447417516
2020-04-01,581,486.430286580252
2020-04-01,257,340.220990362644
2020-04-01,355,282.308030534221
2020-04-01,254,197.286448461635
2020-04-01,160,313.933123988621
2020-04-01,856,390.597047712951
2020-04-01,298,161.114228174511
2020-04-01,704,366.583114189124
2020-04-01,404,415.017362378259
2020-04-01,468,282.344305354418
2020-04-01,400,217.021933078309
2020-04-01,359,313.844588189948
2020-04-01,365,236.579423749139
2020-04-01,464,305.556141775826
2020-04-01,391,369.732340706842
2020-04-01,239,307.150199807014
2020-04-01,148,171.556398028209
2020-04-01,241,257.229105589083
2020-04-01,243,182.244843583846
2020-04-01,235,177.592965571618
2020-04-01,322,193.029273427651
2020-04-01,195,287.544983888734
2020-04-01,131,292.927657785173
2020-04-01,271,173.433513364473
2020-04-01,149,254.133700299556
2020-04-01,374,178.342208469514
2020-04-01,240,291.102411452744
2020-04-01,367,322.688512184905
2020-04-01,196,214.128123026784
2020-04-01,252,159.411654718822
2020-04-01,320,227.734121778764
2020-04-01,326,223.885413567699
2020-04-01,178,330.331514467306
2020-04-01,456,354.574009845033
2020-04-01,356,235.008429874278
2020-04-01,401,331.511487847884
2020-04-01,386,319.687863451962
2020-04-01,398,288.375049550794
2020-04-01,433,310.893074610451
2020-04-01,268,228.067950597102
2020-04-01,621,276.546372647024
2020-04-01,295,275.653855056803
2020-04-01,224,176.391795910185
2020-04-01,249,237.318473340218
2020-04-01,301,359.046456431017
2020-04-01,257,256.213738731884
2020-04-01,232,208.376492443555
2020-04-01,355,347.107980016998
2020-04-01,641,262.752040559394
2020-04-01,311,331.018919486352
2020-04-01,365,216.889774886303
2020-04-01,448,256.324356250557
2020-04-01,414,338.158177138892
2020-04-01,436,281.386443547357
2020-04-01,188,303.697080666218
2020-04-01,150,447.735611958568
2020-04-01,228,175.596410150702
2020-04-01,568,381.715664307553
2020-04-01,389,229.008353441838
2020-04-01,353,265.239392478349
2020-04-01,173,265.316755727285
2020-04-01,632,325.902233994824
2020-04-01,656,223.649937090256
2020-04-01,422,352.041367295447
2020-04-01,380,396.307467626835
2020-04-01,274,288.534647140327
2020-04-01,133,287.696494928328
2020-04-01,335,208.972912066345
2020-04-01,160,130.274708614973
2020-04-01,125,240.075759417145
2020-04-01,194,199.667494887828
2020-04-01,108,135.882746808269
2020-04-01,146,172.595861286102
2020-04-01,238,175.711084509555
2020-04-01,200,151.996996382483
2020-04-01,233,146.95067575108
2020-04-01,220,217.325792264279
2020-04-01,173,143.735487489415
2020-04-01,336,235.105253584642
2020-04-01,400,265.073101009697
2020-04-01,294,212.197251701279
2020-04-01,225,230.651213202884
2020-04-01,106,350.601982267201
2020-04-01,357,308.004731549991
2020-04-01,236,349.931681571628
2020-04-01,290,189.132476143179
2020-04-01,370,401.365233545179
2020-04-01,374,359.130527384211
2020-04-01,774,305.628211080281
2020-04-01,573,300.135825104504
2020-04-01,529,289.183083479123
2020-04-01,411,410.112276515458
2020-04-01,246,307.613124129882
2020-04-01,253,272.701716837628
2020-04-01,236,230.342517432547
2020-04-01,299,271.714601925825
2020-04-01,206,256.886025367562
2020-04-01,186,302.558646180272
2020-04-01,178,260.013572596087
2020-04-01,127,108.235234839114
2020-04-01,162,130.239401943119
2020-04-01,220,245.172641532387
2020-04-01,250,253.931572191596
2020-04-01,305,284.128180621436
2020-04-01,772,318.489519190001
2020-04-01,522,319.338342672993
2020-04-01,397,238.114376338961
2020-04-01,105,218.278682440594
2020-04-01,106,223.801962460897
2020-04-01,285,313.9352928558
2020-04-01,420,287.844068060803
2020-04-01,195,205.524562893758
2020-04-01,503,237.652217314084
2020-04-01,255,367.97973764997
2020-04-01,338,344.679764721332
2020-04-01,281,202.252193075632
2020-04-01,422,306.731189614221
2020-04-01,137,207.090996060982
2020-04-01,115,248.881230009735
2020-04-01,276,265.083457450184
2020-04-01,229,205.180558730576
2020-04-01,268,168.240535297691
2020-04-01,281,136.80749073136
2020-04-01,139,300.073694482941
2020-04-01,225,233.256498123312
2020-04-01,246,185.550943607124
2020-04-01,589,169.4991222315
2020-04-01,164,259.06009791324
2020-04-01,169,267.147136233499
2020-04-01,294,252.265316878728
2020-04-01,210,119.743173628672
2020-04-01,155,182.084001690732
2020-04-01,321,330.612462954591
2020-04-01,35,135.176046188896
2020-04-01,249,210.970557654663
2020-04-01,368,263.000846019918
2020-04-01,450,252.773433797221
2020-04-01,193,248.666027491275
2020-04-01,274,294.511454679639
2020-04-01,281,327.658954555399
2020-04-01,533,327.906291231121
2020-04-01,342,409.609844549839
2020-04-01,674,380.351756347747
2020-04-01,603,297.095257368715
2020-04-01,881,510.602721371587
2020-04-01,471,265.778272407424
2020-04-01,316,355.555142933026
2020-04-01,351,272.730035510304
2020-04-01,341,402.044619980854
2020-04-01,500,290.645744115271
2020-04-01,70,351.898528204847
2020-04-01,462,248.120218067621
2020-04-01,364,414.47060980724
2020-04-01,266,379.682693631979
2020-04-01,150,216.923116776033
2020-04-01,138,231.493174261928
2020-04-01,407,583.005195026264
2020-04-01,200,222.355877302843
2020-04-01,341,363.906504841354
2020-04-01,236,236.581227295747
2020-04-01,548,374.511669850337
2020-04-01,224,164.774016624454
2020-04-01,259,371.66866282345
2020-04-01,377,201.09298622861
2020-04-01,380,246.843660456996
2020-04-01,408,532.3419231182
2020-04-01,481,211.847815772542
2020-04-01,500,530.270035238033
2020-04-01,357,312.195382783195
2020-04-01,510,319.990685262121
2020-04-01,616,418.729800605672
2020-04-01,218,345.078352423832
2020-04-01,401,362.401379480627
2020-04-01,219,179.855202776566
2020-04-01,425,372.914557905768
2020-04-01,305,355.286234016644
2020-04-01,282,375.542933038359
2020-04-01,353,388.704559912978
2020-04-01,439,340.230041426909
2020-04-01,372,120.321476901791
2020-04-01,382,243.189228914346
2020-04-01,128,138.090219259673
2020-04-01,448,254.007315896833
2020-04-01,174,239.547529149346
2020-04-01,193,204.627878446001
2020-04-01,189,230.783978440013
2020-04-01,398,370.307871170875
2020-04-01,696,234.651212491182
2020-04-01,225,300.056520714435
2020-04-01,121,312.849125632337
2020-04-01,217,99.6954010102943
2020-04-01,421,457.696450813294
2020-04-01,522,312.492770169695
2020-04-01,154,241.134371780058
2020-04-01,198,176.320959119829
2020-04-01,185,138.051054000351
2020-04-01,376,264.884957259471
2020-04-01,358,446.380553234654
2020-04-01,213,209.30599005415
2020-04-01,316,357.430239613195
2020-04-01,407,364.609012763161
2020-04-01,252,240.212333469886
2020-04-01,231,195.899539828381
2020-04-01,251,284.975934093907
2020-04-01,94,195.710571817838
2020-04-01,420,229.478651418494
2020-04-01,150,167.375718302292
2020-04-01,221,185.669978416404
2020-04-01,209,195.243128379503
2020-04-01,281,280.929993602874
2020-04-01,352,241.080504818294
2020-04-01,197,292.891390624437
2020-04-01,413,191.951276389274
2020-04-01,299,225.183952403058
2020-04-01,340,205.766067028585
2020-04-01,166,264.630251388716
2020-04-01,378,311.750742901735
2020-04-01,358,288.393559251573
2020-04-01,193,207.529409996594
2020-04-01,212,243.61212714954
2020-04-01,293,307.048768254888
2020-04-01,166,358.649259496146
2020-04-01,399,234.386279448526
2020-04-01,159,205.531684203576
2020-04-01,280,232.488516853125
2020-04-01,265,374.418118756692
2020-04-01,309,328.099752534552
2020-04-01,133,256.138117323684
2020-04-01,109,185.95238538406
2020-04-01,159,184.140108168905
2020-04-01,279,338.613312492666
2020-04-01,302,213.249748325796
2020-04-01,305,128.183929918638
2020-04-01,418,219.877402119223
2020-04-01,172,218.452445044876
2020-04-01,235,290.286205414595
2020-04-01,515,228.850334286452
2020-04-01,184,188.521891001383
2020-04-01,192,306.808286892596
2020-04-01,213,161.694861503928
2020-04-01,359,401.141122714453
2020-04-01,264,365.518469062838
2020-04-01,212,164.832810713979
2020-04-01,366,301.332079553596
2020-04-01,757,386.243121497377
2020-04-01,185,360.175470632377
2020-04-01,735,240.049572952254
2020-04-01,219,196.253736719118
2020-04-01,295,192.357498502954
2020-04-01,95,249.025715984898
2020-04-01,278,170.680601114586
2020-04-01,419,202.212222119914
2020-04-01,273,171.462083884335
2020-04-01,196,242.473426149547
2020-04-01,238,334.218064369877
2020-04-01,398,316.600514554369
2020-04-01,179,263.606046423423
2020-04-01,197,210.902543529659
2020-04-01,144,251.012002535668
2020-04-01,194,195.466751486809
2020-04-01,314,85.5100552934863
2020-04-01,240,150.814621429629
2020-04-01,98,191.997395684287
2020-04-01,131,309.990979152335
2020-04-01,205,178.416343947369
2020-04-01,185,225.911124782114
2020-04-01,320,214.738151628354
2020-04-01,150,229.742031904818
2020-04-01,188,120.8369791212
2020-04-01,310,336.040101965537
2020-04-01,462,223.477323757234
2020-04-01,77,149.070645979632
2020-04-01,102,131.715033739306
2020-04-01,119,160.169334077648
2020-04-01,95,147.8164893175
2020-04-01,372,263.198767298045
2020-04-01,156,123.133957026141
2020-04-01,159,168.837251994659
2020-04-01,208,238.814634036675
2020-04-01,174,121.097091306176
2020-04-01,372,165.655125132821
2020-04-01,334,454.271267142685
2020-04-01,427,156.341218883019
2020-04-01,141,257.781115217875
2020-04-01,131,216.989865883328
2020-04-01,413,268.341586887165
2020-04-01,146,178.181117483164
2020-04-01,152,192.343557301339
2020-04-01,139,241.440602694401
2020-04-01,231,181.411271873408
2020-04-01,141,240.360422505435
2020-04-01,327,215.297035392416
2020-04-01,325,302.985143517619
2020-04-01,196,207.269036352157
2020-04-01,449,441.82149126774
2020-04-01,641,420.678675800141
2020-04-01,273,328.444687182713
2020-04-01,666,572.262486913334
2020-04-01,412,335.87126073272
2020-04-01,268,172.256684493563
2020-04-01,206,269.775094819973
2020-04-01,281,323.009860028637
2020-04-01,350,238.184376702857
2020-04-01,426,470.765137916659
2020-04-01,580,515.017022779192
2020-04-01,126,154.513042430585
2020-04-01,0,299.309622389059
2020-04-01,386,296.575366508426
2020-04-01,842,527.367168297475
2020-04-01,476,423.548386112058
2020-04-01,207,468.281095289083
2020-04-01,282,384.451743156594
2020-04-01,341,359.474846868411
2020-04-01,412,390.523841961247
2020-04-01,215,321.358621875194
2020-04-01,750,514.781972729191
2020-04-01,202,294.788243057323
2020-04-01,601,218.340311205255
2020-04-01,616,479.393325340313
2020-04-01,387,331.227852399736
2020-04-01,225,387.659730927999
2020-04-01,218,96.987912207327
2020-04-01,370,231.100739664806
2020-04-01,243,302.002539844011
2020-04-01,285,343.356007373946
2020-04-01,246,464.193330029601
2020-04-01,370,387.942184734064
2020-04-01,852,281.312743387799
2020-04-01,196,147.91500758709
2020-04-01,365,157.92589781668
2020-04-01,297,146.85040137747
2020-04-01,128,309.366789746474
2020-04-01,462,209.917524290355
2020-04-01,330,243.066170909403
2020-04-01,145,341.809524486283
2020-04-01,991,469.164769373601
2020-04-01,281,507.971160336619
2020-04-01,431,310.458162573643
2020-04-01,798,643.39376673719
2020-04-01,655,433.03734339686
2020-04-01,604,457.781109156269
2020-04-01,763,342.408020850811
2020-04-01,392,453.868329974925
2020-04-01,427,378.46996899269
2020-04-01,126,156.93107831048
2020-04-01,272,178.051875427613
2020-04-01,293,208.301619614941
2020-04-01,255,292.294062749686
2020-04-01,272,179.716260717155
2020-04-01,178,262.592758688553
2020-04-01,376,132.011572629716
2020-04-01,139,164.81765331744
2020-04-01,506,332.708213376777
2020-04-01,145,237.546771457981
2020-04-01,212,53.8583312198714
2020-04-01,262,232.232790074738
2020-04-01,194,248.766015016596
2020-04-01,206,319.161748176302
2020-04-01,234,198.921454593611
2020-04-01,244,174.702723082171
2020-04-01,266,225.787227378605
2020-04-01,534,400.085176063158
2020-04-01,149,157.866987661303
2020-04-01,145,144.217494477416
2020-04-01,138,214.516492141024
2020-04-01,86,193.282675555966
2020-04-01,121,122.602090271416
2020-04-01,298,124.565102686384
2020-04-01,88,137.539828681845
2020-04-01,181,167.406797393876
2020-04-01,38,110.555990173995
2020-04-01,90,78.1661216730533
2020-04-01,111,92.5530585702202
2020-04-01,114,88.191465761791
2020-04-01,46,63.2184881743504
2020-04-01,69,127.581808949178
2020-04-01,125,73.7909587018137
2020-04-01,102,90.815341318812
2020-04-01,66,55.0734518151141
2020-04-01,103,133.00863856351
2020-04-01,123,101.147126328311
2020-04-01,209,198.231891474022
2020-04-01,125,127.07731239385
2020-04-01,144,108.261776382045
2020-04-01,92,101.493794935372
2020-04-01,104,126.699366593758
2020-04-01,121,133.268607853569
2020-04-01,131,142.609534491536
2020-04-01,165,191.474032972153
2020-04-01,116,196.861093245768
2020-04-01,171,183.342183366716
2020-04-01,289,132.179311208861
2020-04-01,191,230.423314660463
2020-04-01,186,159.560846651886
2020-04-01,214,192.838764515385
2020-04-01,222,156.974096493646
2020-04-01,205,160.314355353156
2020-04-01,268,181.535212054804
2020-04-01,172,250.950510138656
2020-04-01,248,206.71256217352
2020-04-01,163,167.020711381908
2020-04-01,324,210.144647887174
2020-04-01,380,257.682404593987
2020-04-01,480,284.340368353728
2020-04-01,566,346.377074180192
2020-04-01,474,271.966492578475
2020-04-01,306,263.810797858349
2020-04-01,689,335.078641095415
2020-04-01,418,342.276406212518
2020-04-01,378,285.00798789147
2020-04-01,182,271.328158742109
2020-04-01,352,279.744930773646
2020-04-01,336,287.000170419246
2020-04-01,609,227.190334824177
2020-04-01,382,225.661240473238
2020-04-01,297,226.355102577155
2020-04-01,21,384.656861948268
2020-04-01,62,296.164433005716
2020-04-01,470,332.290341073529
2020-04-01,48,248.014251272324
2020-04-01,639,303.58518175608
2020-04-01,348,312.917226291757
2020-04-01,513,317.003111413768
2020-04-01,466,387.697758373974
2020-04-01,423,338.866355668475
2020-04-01,419,460.612333863195
2020-04-01,380,418.451099404835
2020-04-01,922,332.627559188253
2020-04-01,226,310.791309536822
2020-04-01,285,387.949733930085
2020-04-01,207,277.296764280437
2020-04-01,374,182.662919441313
2020-04-01,437,320.04322784666
2020-04-01,209,249.180440378172
2020-04-01,328,283.556205758683
2020-04-01,116,260.991209555883
2020-04-01,136,177.908122233566
2020-04-01,156,213.159865819582
2020-04-01,190,325.332008768307
2020-04-01,668,221.973834957121
2020-04-01,412,349.632642933936
2020-04-01,554,528.607591612042
2020-04-01,337,359.761185819375
2020-04-01,456,319.432422039142
2020-04-01,392,262.430263021234
2020-04-01,528,288.107806706878
2020-04-01,129,178.714348472529
2020-04-01,233,251.500053163807
2020-04-01,153,162.220223115024
2020-04-01,93,98.8261785505093
2020-04-01,17,111.56082653481
2020-04-01,98,154.550854666311
2020-04-01,287,216.670769902173
2020-04-01,314,186.220421221689
2020-04-01,218,212.918496718253
2020-04-01,375,251.333030267185
2020-04-01,383,242.864833395847
2020-04-01,259,349.339034418604
2020-04-01,403,273.989844896962
2020-04-01,191,119.480669403831
2020-04-01,499,87.8590194275522
2020-04-01,313,231.707021324315
2020-04-01,509,257.556338754303
2020-04-01,345,277.036923542124
2020-04-01,276,239.438673157107
2020-04-01,300,206.45011744388
2020-04-01,235,237.59316177149
2020-04-01,176,137.759046787424
2020-04-01,243,195.259057691912
2020-04-01,301,261.37905458512
2020-04-01,189,184.298967317181
2020-04-01,236,232.413875608394
2020-04-01,378,406.180860933809
2020-04-01,415,309.143301879539
2020-04-01,203,274.401730830771
2020-04-01,456,294.809203333686
2020-04-01,311,164.62566875929
2020-04-01,77,223.714110292794
2020-04-01,440,241.075785593936
2020-04-01,369,226.367986949398
2020-04-01,103,190.274223237153
2020-04-01,166,185.41918160091
2020-04-01,149,116.610957607224
2020-04-01,48,152.74421817358
2020-04-01,205,151.918478606361
2020-04-01,211,205.295849343741
2020-04-01,151,116.343736333663
2020-04-01,197,120.984253303204
2020-04-01,158,179.362961076605
2020-04-01,56,176.14645706588
2020-04-01,250,88.0399448904688
2020-04-01,169,149.929183818722
2020-04-01,103,139.757288865943
2020-04-01,147,189.039299943688
2020-04-01,286,161.070317199607
2020-04-01,120,127.70610370236
2020-04-01,189,183.034792039424
2020-04-01,241,168.060663517129
2020-04-01,136,195.898533471679
2020-04-01,190,163.574801972371
2020-04-01,53,217.080207970934
2020-04-01,171,146.135622085998
2020-04-01,160,117.309161027314
2020-04-01,163,171.868417944153
2020-04-01,227,222.989119165619
2020-04-01,157,197.79035157573
2020-04-01,317,287.044794269994
2020-04-01,168,205.935334265316
2020-04-01,327,212.119958253157
2020-04-01,506,288.765284517782
2020-04-01,230,293.460322675198
2020-04-01,78,129.828361099797
2020-04-01,161,180.615031499514
2020-04-01,220,213.055108775294
2020-04-01,460,193.737731118505
2020-04-01,312,282.67896439758
2020-04-01,137,201.803444859322
2020-04-01,167,230.093082893833
2020-04-01,324,179.090162778101
2020-04-01,201,193.374012430976
2020-04-01,180,184.162577843112
2020-04-01,261,219.541373322733
2020-04-01,204,187.226175520878
2020-04-01,566,226.687149823316
2020-04-01,315,277.987550784525
2020-04-01,360,258.799265440338
2020-04-01,158,256.027359368703
2020-04-01,259,340.658037802279
2020-04-01,231,270.667877773267
2020-04-01,375,160.031220621079
2020-04-01,221,335.387945618803
2020-04-01,148,259.061607851666
2020-04-01,382,299.660312329137
2020-04-01,252,182.439870572127
2020-04-01,215,163.493547502721
2020-04-01,366,216.436044405062
2020-04-01,290,295.776374078085
2020-04-01,404,306.928488552071
2020-04-01,402,276.587049537449
2020-04-01,135,179.822639502099
2020-04-01,313,195.674327593349
2020-04-01,407,238.451876621791
2020-04-01,137,221.578649730932
2020-04-01,618,259.009936020978
2020-04-01,501,235.443677036341
2020-04-01,500,440.543034558503
2020-04-01,425,365.132941053978
2020-04-01,259,214.881542159165
2020-04-01,262,223.923169971401
2020-04-01,423,183.896389030561
2020-04-01,389,187.141533303277
2020-04-01,243,254.22088193334
2020-04-01,176,242.588691241405
2020-04-01,250,159.230664502145
2020-04-01,292,214.591490230448
2020-04-01,433,230.038227785163
2020-04-01,229,240.140365975307
2020-04-01,305,221.199333820022
2020-04-01,198,379.662901525538
2020-04-01,74,182.289514534462
2020-04-01,265,181.931205971027
2020-04-01,66,111.76895851178
2020-04-01,138,106.569718110429
2020-04-01,248,155.099068766731
2020-04-01,127,112.963842720507
2020-04-01,143,174.775125787028
2020-04-01,184,171.968629442486
2020-04-01,195,170.197772309688
2020-04-01,416,146.366253744416
2020-04-01,150,151.474065213003
2020-04-01,366,159.660161565922
2020-04-01,232,132.242324267258
2020-04-01,91,149.68146348032
2020-04-01,73,227.116707175643
2020-04-01,44,95.9935408001089
2020-04-01,29,66.9635191828343
2020-04-01,70,111.0854284137
2020-04-01,292,164.975155306219
2020-04-01,185,195.005841251845
2020-04-01,86,126.194226414899
2020-04-01,218,185.659469996398
2020-04-01,211,133.927321349752
2020-04-01,287,197.872914529606
2020-04-01,355,154.326368281182
2020-04-01,290,200.748015242085
2020-04-01,342,248.79327075281
2020-04-01,216,241.225172742511
2020-04-01,303,201.053365588259
2020-04-01,168,203.90992350684
2020-04-01,259,245.948577775131
2020-04-01,465,187.324903935842
2020-04-01,254,183.627992977853
2020-04-01,203,198.27268257277
2020-04-01,207,174.02153951942
2020-04-01,118,148.499111498198
2020-04-01,138,109.550639439435
2020-04-01,112,142.119685596777
2020-04-01,292,145.69054238494
2020-04-01,156,175.739207592917
2020-04-01,236,191.739259750507
2020-04-01,231,234.894736719743
2020-04-01,249,185.923795342961
2020-04-01,397,291.627403300004
2020-04-01,335,206.668636740897
2020-04-01,414,321.1685399956
2020-04-01,514,287.243291074445
2020-04-01,468,212.553259913404
2020-04-01,412,321.374139297866
2020-04-01,120,160.024517850759
2020-04-01,147,215.967760244106
2020-04-01,169,283.236477605331
2020-04-01,268,314.82232165306
2020-04-01,984,242.487626164293
2020-04-01,254,231.265386181083
2020-04-01,480,252.968749830078
2020-04-01,392,260.346336751983
2020-04-01,265,285.09690858608
2020-04-01,345,310.984722293398
2020-04-01,425,291.357106424364
2020-04-01,309,203.453265248238
2020-04-01,201,250.187596528099
2020-04-01,329,261.918863137436
2020-04-01,278,240.244030535897
2020-04-01,512,266.362086540472
2020-04-01,418,233.782566298462
2020-04-01,264,230.971482552269
2020-04-01,90,270.873820184685
2020-04-01,476,356.057232588842
2020-04-01,186,257.036265230692
2020-04-01,249,263.968172337117
2020-04-01,198,210.084525180514
2020-04-01,379,257.426003585659
2020-04-01,364,363.74664643626
2020-04-01,247,471.230545339191
2020-04-01,445,528.095997471267
2020-04-01,279,421.513116330084
2020-04-01,194,261.36963744478
2020-04-01,366,300.144605577151
2020-04-01,381,245.485923607756
2020-04-01,639,414.149311416694
2020-04-01,752,258.598067767933
2020-04-01,528,458.168995416443
2020-04-01,422,249.322701170806
2020-04-01,488,195.486541570981
2020-04-01,436,400.196057615947
2020-04-01,323,271.43882759831
2020-04-01,546,281.60379200881
2020-04-01,368,361.086395423979
2020-04-01,513,393.72021350772
2020-04-01,396,294.024319031491
2020-04-01,341,239.069153345857
2020-04-01,380,361.394768274099
2020-04-01,697,408.953395421381
2020-04-01,388,252.317516190436
2020-04-01,355,364.971422087873
2020-04-01,445,365.969575268884
2020-04-01,293,344.846086163607
2020-04-01,466,452.625548906471
2020-04-01,408,502.918220095601
2020-04-01,324,274.505824533462
2020-04-01,399,455.881541815363
2020-04-01,687,342.114695053993
2020-04-01,246,278.841814863467
2020-04-01,379,267.858695601053
2020-04-01,395,345.960289930496
2020-04-01,522,272.549464067076
2020-04-01,540,348.606404729141
2020-04-01,732,219.365264959083
2020-04-01,336,338.115642757797
2020-04-01,322,223.95536579066
2020-04-01,257,345.653484137265
2020-04-01,267,175.543095202581
2020-04-01,360,363.703152485904
2020-04-01,346,329.225530611057
2020-04-01,507,257.359652644876
2020-04-01,428,253.501411896615
2020-04-01,463,265.35826874857
2020-04-01,447,385.434288016996
2020-04-01,235,293.028707155356
2020-04-01,192,298.004856577823
2020-04-01,419,206.39417446254
2020-04-01,233,219.768798296501
2020-04-01,565,385.540711086112
2020-04-01,282,221.346460696057
2020-04-01,552,411.392843397515
2020-04-01,199,363.844152783394
2020-04-01,469,230.614856890788
2020-04-01,309,269.078429835703
2020-04-01,480,315.65804750299
2020-04-01,518,251.588934426294
2020-04-01,398,352.865612900357
2020-04-01,500,342.205141454728
2020-04-01,224,339.251912164976
2020-04-01,324,413.676579508417
2020-04-01,481,303.504775942738
2020-04-01,381,259.559384166936
2020-04-01,779,354.07081951092
2020-04-01,499,407.237559667704
2020-04-01,302,288.134396456481
2020-04-01,465,305.186102341819
2020-04-01,517,262.181799025214
2020-04-01,681,331.701541976838
2020-04-01,512,451.664660283423
2020-04-01,240,373.452978396656
2020-04-01,335,256.839129754893
2020-04-01,514,227.941361464531
2020-04-01,434,306.637857411949
2020-04-01,441,266.127038827802
2020-04-01,295,267.040887114154
2020-04-01,305,232.581952171438
2020-04-01,569,226.163252405047
2020-04-01,67,479.064954080796
2020-04-01,546,317.932571917498
2020-04-01,415,347.52951312159
2020-04-01,88,236.924236216359
2020-04-01,125,141.302575828187
2020-04-01,195,443.415819044516
2020-04-01,354,281.239682534608
2020-04-01,483,304.01282136799
2020-04-01,194,295.115295823663
2020-04-01,207,163.853599184281
2020-04-01,247,212.313585310963
2020-04-01,169,405.354268015815
2020-04-01,329,211.139808379863
2020-04-01,200,324.696992034079
2020-04-01,105,607.33685767902
2020-04-01,188,552.053908095309
2020-04-01,267,412.742011798023
2020-04-01,171,122.437938754885
2020-04-01,133,75.9136038298031
2020-04-01,67,88.925059094692
2020-04-01,77,167.4597791718
2020-04-01,157,123.790759473425
2020-04-01,310,285.114920619328
2020-04-01,607,463.189326020818
2020-04-01,233,691.082055407804
2020-04-01,15,335.48439467385
2020-04-01,52,818.249081903434
2020-04-01,77,521.578853320314
2020-04-01,57,160.653373389876
2020-04-01,138,243.86249248858
2020-04-01,29,153.611838619107
2020-04-01,88,386.464608774638
2020-04-01,50,436.667795089707
2020-04-01,216,827.426458099455
2020-04-01,27,425.051271088824
2020-04-02,376,233.365417949794
2020-04-02,231,223.057478917366
2020-04-02,220,248.678926541272
2020-04-02,270,212.245449938145
2020-04-02,281,193.325393783682
2020-04-02,338,173.886340328926
2020-04-02,133,158.311911635854
2020-04-02,151,130.843573240636
2020-04-02,63,70.0559925713834
2020-04-02,159,216.165965533794
2020-04-02,111,162.602181977178
2020-04-02,119,149.118709294545
2020-04-02,151,92.6385759331492
2020-04-02,156,323.755401196945
2020-04-02,131,153.623233740493
2020-04-02,186,164.67310209548
2020-04-02,257,166.713028760305
2020-04-02,294,253.349779295978
2020-04-02,220,247.451109989269
2020-04-02,310,240.361890154248
2020-04-02,188,267.790425187535
2020-04-02,168,252.700979461224
2020-04-02,280,144.300246890501
2020-04-02,189,182.20524805252
2020-04-02,290,386.858909999873
2020-04-02,264,306.720078268052
2020-04-02,148,160.166077375818
2020-04-02,371,206.467167786677
2020-04-02,362,194.33504268638
2020-04-02,480,294.47997514157
2020-04-02,406,300.151930403215
2020-04-02,364,374.269836630101
2020-04-02,208,154.6907132402
2020-04-02,202,281.844333614256
2020-04-02,187,239.173776547724
2020-04-02,111,209.838033114067
2020-04-02,300,328.570329204574
2020-04-02,387,383.239195726432
2020-04-02,204,311.752093057284
2020-04-02,154,213.012612170183
2020-04-02,348,213.526737024788
2020-04-02,334,186.940737187128
2020-04-02,324,264.518233698244
2020-04-02,219,185.03056470223
2020-04-02,194,207.896123597651
2020-04-02,217,543.928967929889
2020-04-02,263,381.718523692856
2020-04-02,229,349.763848178262
2020-04-02,268,325.03925254273
2020-04-02,162,191.132136671702
2020-04-02,538,164.211778229758
2020-04-02,178,174.472830552779
2020-04-02,365,285.037585169205
2020-04-02,501,228.646697234169
2020-04-02,223,259.135903296724
2020-04-02,351,366.279442226562
2020-04-02,437,358.083704860965
2020-04-02,137,163.074248095317
2020-04-02,222,148.012364225183
2020-04-02,211,184.324654880677
2020-04-02,157,237.440664020299
2020-04-02,177,199.625455743134
2020-04-02,463,384.1426880394
2020-04-02,645,331.663020184988
2020-04-02,193,321.345753294988
2020-04-02,351,325.300058719428
2020-04-02,321,311.838918256003
2020-04-02,402,287.559498405946
2020-04-02,163,127.522376514971
2020-04-02,595,215.159023174084
2020-04-02,374,273.25055630993
2020-04-02,423,231.450528666141
2020-04-02,685,314.090453233312
2020-04-02,204,261.00104444907
2020-04-02,251,203.802776931744
2020-04-02,267,329.491042063079
2020-04-02,413,416.712292831458
2020-04-02,287,301.973815087324
2020-04-02,397,342.968665192093
2020-04-02,600,484.812093606827
2020-04-02,346,219.338231237452
2020-04-02,500,225.670973080405
2020-04-02,77,296.074856050513
2020-04-02,280,302.063806689229
2020-04-02,171,228.470502367462
2020-04-02,190,117.1047195862
2020-04-02,246,316.226856289944
2020-04-02,155,191.502306407471
2020-04-02,228,253.363729042244
2020-04-02,132,345.894195760812
2020-04-02,394,199.106291790429
2020-04-02,539,301.739207235599
2020-04-02,248,390.871856238037
2020-04-02,243,460.604244580307
2020-04-02,1072,564.520729530972
2020-04-02,731,557.153126749122
2020-04-02,532,673.445878178077
2020-04-02,630,450.888583213426
2020-04-02,641,601.881794926682
2020-04-02,764,446.641916497992
2020-04-02,359,421.289433805775
2020-04-02,345,475.464980673613
2020-04-02,369,312.224572189623
2020-04-02,175,204.96012800892
2020-04-02,501,319.179205331637
2020-04-02,443,580.427292625709
2020-04-02,258,317.878773489639
2020-04-02,490,410.012457985317
2020-04-02,264,158.886657618539
2020-04-02,203,200.19553017101
2020-04-02,214,206.82472433525
2020-04-02,189,200.705674284282
2020-04-02,280,108.169627828907
2020-04-02,188,194.614624137983
2020-04-02,213,225.121013774008
2020-04-02,224,244.379895772633
2020-04-02,827,510.008633144888
2020-04-02,639,525.063966322967
2020-04-02,695,618.151219659457
2020-04-02,598,837.507799696613
2020-04-02,562,558.460707150749
2020-04-02,991,845.446123752587
2020-04-02,1444,482.333499318862
2020-04-02,1109,529.423692685955
2020-04-02,587,609.527464720834
2020-04-02,778,446.927081761754
2020-04-02,809,524.229750992227
2020-04-02,190,224.420303511803
2020-04-02,156,300.477798362624
2020-04-02,0,235.021454654406
2020-04-02,0,1008.3221087853
2020-04-02,423,381.547643170405
2020-04-02,438,561.043855998654
2020-04-02,437,263.447831182547
2020-04-02,427,386.908493110824
2020-04-02,824,759.428443028627
2020-04-02,408,503.868729704332
2020-04-02,642,462.316606583657
2020-04-02,363,377.068669655462
2020-04-02,388,356.777427621368
2020-04-02,436,355.382380954466
2020-04-02,426,313.444088577901
2020-04-02,531,412.706557216062
2020-04-02,283,484.662521516125
2020-04-02,1008,427.884093353218
2020-04-02,542,366.046043814147
2020-04-02,440,236.628427550248
2020-04-02,296,258.216259323718
2020-04-02,763,237.175256946873
2020-04-02,440,193.7123704215
2020-04-02,230,187.199777602002
2020-04-02,210,108.326419374712
2020-04-02,170,205.351138506995
2020-04-02,180,204.409661187815
2020-04-02,374,379.898995244536
2020-04-02,209,216.595459984136
2020-04-02,474,424.372171714849
2020-04-02,268,290.889941068044
2020-04-02,252,278.166524679515
2020-04-02,170,315.638802752839
2020-04-02,331,354.121308373406
2020-04-02,473,298.397083493354
2020-04-02,170,203.744703599293
2020-04-02,561,277.192260354896
2020-04-02,144,317.409576963621
2020-04-02,375,345.525334940101
2020-04-02,201,362.88622251414
2020-04-02,361,202.676245709053
2020-04-02,260,411.124029841011
2020-04-02,469,564.875742904872
2020-04-02,706,296.903134053649
2020-04-02,546,431.530180443909
2020-04-02,533,337.526342726344
2020-04-02,298,201.570199136509
2020-04-02,403,138.255012437097
2020-04-02,167,214.947480508713
2020-04-02,453,377.738147433038
2020-04-02,195,211.804036028692
2020-04-02,362,212.463525134694
2020-04-02,285,291.643766500965
2020-04-02,515,407.038565428913
2020-04-02,677,449.2003129658
2020-04-02,462,338.832640770369
2020-04-02,543,380.619831250678
2020-04-02,431,339.824330263231
2020-04-02,140,377.804650891437
2020-04-02,165,198.40744165445
2020-04-02,165,231.247714176049
2020-04-02,489,272.002268565458
2020-04-02,247,288.28142648331
2020-04-02,494,314.780496865029
2020-04-02,560,298.148523635165
2020-04-02,117,200.349520577261
2020-04-02,277,175.8326998344
2020-04-02,244,129.11722943228
2020-04-02,217,116.624693971039
2020-04-02,260,265.939386800158
2020-04-02,147,303.106681202459
2020-04-02,167,207.425776675699
2020-04-02,544,232.036551250469
2020-04-02,699,215.325643357659
2020-04-02,275,162.144318828813
2020-04-02,419,132.127484513751
2020-04-02,91,80.4917112442161
2020-04-02,271,607.910630833874
2020-04-02,606,449.224491380944
2020-04-02,653,256.182581050371
2020-04-02,220,126.419111474489
2020-04-02,856,563.11172731696
2020-04-02,174,256.360505972502
2020-04-02,228,231.606940055224
2020-04-02,236,229.165696433821
2020-04-02,150,187.217015485023
2020-04-02,481,186.748772182909
2020-04-02,285,277.970078327002
2020-04-02,241,231.950646967442
2020-04-02,234,185.95724228931
2020-04-02,188,147.560490498234
2020-04-02,74,481.115304370519
2020-04-02,165,388.375848441257
2020-04-02,422,213.802767874488
2020-04-02,323,495.167529893685
2020-04-02,220,360.112524723088
2020-04-02,358,362.40264145788
2020-04-02,578,368.927795223378
2020-04-02,850,559.948408986071
2020-04-02,246,313.156429353836
2020-04-02,361,456.699650347792
2020-04-02,360,201.021397236348
2020-04-02,185,190.005419536852
2020-04-02,144,365.345948793777
2020-04-02,653,374.604847760458
2020-04-02,256,527.988879456135
2020-04-02,430,274.678323682298
2020-04-02,530,228.411071518956
2020-04-02,378,414.422567926021
2020-04-02,299,441.256476512425
2020-04-02,234,78.4794316955644
2020-04-02,856,315.606322958371
2020-04-02,731,365.185394077689
2020-04-02,759,534.850550877599
2020-04-02,383,512.464032049631
2020-04-02,620,326.589792543346
2020-04-02,696,624.762785419253
2020-04-02,512,219.943268062092
2020-04-02,298,448.163611202551
2020-04-02,313,297.386443560699
2020-04-02,130,515.511062796084
2020-04-02,402,220.427428230189
2020-04-02,456,427.024556371193
2020-04-02,456,492.268556745271
2020-04-02,453,518.80499283964
2020-04-02,472,301.298236589945
2020-04-02,565,318.138894472279
2020-04-02,851,457.441339908166
2020-04-02,820,220.611931999171
2020-04-02,426,303.597262853549
2020-04-02,470,214.069096319985
2020-04-02,217,457.135073827064
2020-04-02,295,323.465040679724
2020-04-02,226,307.631663177396
2020-04-02,66,205.011096109613
2020-04-02,0,181.746935115464
2020-04-02,110,133.602639217943
2020-04-02,126,260.462899618277
2020-04-02,165,112.140385235425
2020-04-02,55,207.680474052945
2020-04-02,302,237.535308367034
2020-04-02,242,262.726345363161
2020-04-02,359,180.242386810979
2020-04-02,290,192.814701833695
2020-04-02,339,252.820177227015
2020-04-02,318,249.556280409168
2020-04-02,322,248.512950676989
2020-04-02,283,172.911581727113
2020-04-02,379,249.843683284769
2020-04-02,134,138.560898038308
2020-04-02,204,143.491501739287
2020-04-02,148,292.760191582169
2020-04-02,159,143.275742304059
2020-04-02,467,295.628073517214
2020-04-02,193,182.804581420132
2020-04-02,381,196.03771384585
2020-04-02,241,187.228700047654
2020-04-02,380,348.707202848011
2020-04-02,251,224.61664038674
2020-04-02,272,305.224253204647
2020-04-02,403,196.740858938677
2020-04-02,273,254.954542727286
2020-04-02,539,498.289960645889
2020-04-02,547,298.260062776967
2020-04-02,577,417.303736767544
2020-04-02,194,217.304718566734
2020-04-02,537,383.134752290983
2020-04-02,699,453.791074657266
2020-04-02,450,255.041927750108
2020-04-02,205,274.158755056291
2020-04-02,318,293.253689564895
2020-04-02,509,298.885892129061
2020-04-02,596,359.075642917267
2020-04-02,264,343.393638819057
2020-04-02,208,248.504152409667
2020-04-02,204,283.56541903115
2020-04-02,206,365.937959898816
2020-04-02,382,226.573392233772
2020-04-02,365,261.176645000189
2020-04-02,204,165.822080856551
2020-04-02,206,200.402996353895
2020-04-02,158,311.417966900321
2020-04-02,257,172.735682251744
2020-04-02,404,248.461982439337
2020-04-02,165,222.208469605636
2020-04-02,145,262.326458696745
2020-04-02,327,218.275556771849
2020-04-02,241,277.056591163448
2020-04-02,207,254.206401209492
2020-04-02,260,267.513847636009
2020-04-02,288,204.464700085584
2020-04-02,327,249.797590506806
2020-04-02,237,166.367776689235
2020-04-02,173,233.009297318052
2020-04-02,109,283.96701563855
2020-04-02,151,219.566307438034
2020-04-02,222,302.674432873355
2020-04-02,308,176.695721520264
2020-04-02,237,257.987099654503
2020-04-02,241,250.665884559047
2020-04-02,169,212.343333690005
2020-04-02,464,230.905784237152
2020-04-02,351,353.276481809956
2020-04-02,455,324.477298493663
2020-04-02,460,407.595107945991
2020-04-02,413,379.121342588196
2020-04-02,445,305.29767696669
2020-04-02,278,280.419018042184
2020-04-02,265,425.382013237533
2020-04-02,467,446.511180127864
2020-04-02,548,388.296975921277
2020-04-02,344,305.032814715291
2020-04-02,402,336.099196304106
2020-04-02,223,131.519915153541
2020-04-02,416,212.350681565066
2020-04-02,207,240.486769174589
2020-04-02,453,380.279384416512
2020-04-02,365,356.531603022002
2020-04-02,467,431.24749548143
2020-04-02,261,225.272038401335
2020-04-02,157,252.693274341234
2020-04-02,296,194.970387686789
2020-04-02,467,509.087037963571
2020-04-02,474,230.513505786021
2020-04-02,401,405.222835159609
2020-04-02,296,313.635954232477
2020-04-02,434,518.109974133629
2020-04-02,880,512.349181240937
2020-04-02,439,430.629941327892
2020-04-02,330,425.135162769357
2020-04-02,555,478.838765676114
2020-04-02,487,471.393837038516
2020-04-02,620,473.751906888643
2020-04-02,827,577.822049800885
2020-04-02,558,499.525509761294
2020-04-02,639,416.250422613658
2020-04-02,321,453.978910671083
2020-04-02,520,464.413900099599
2020-04-02,949,417.637715436043
2020-04-02,591,402.054727533002
2020-04-02,622,493.105506430935
2020-04-02,420,230.39303212646
2020-04-02,168,448.6625776672
2020-04-02,129,173.316467997393
2020-04-02,470,558.657705089658
2020-04-02,459,483.847456430495
2020-04-02,381,313.256095121925
2020-04-02,1154,483.933959451476
2020-04-02,297,327.860051882945
2020-04-02,608,401.871995830954
2020-04-02,178,185.980212023982
2020-04-02,234,113.757279673488
2020-04-02,568,360.602545704549
2020-04-02,124,263.919950070045
2020-04-02,324,405.98377718521
2020-04-02,345,173.728278439039
2020-04-02,617,281.238735768507
2020-04-02,462,301.211733428713
2020-04-02,510,316.804457369388
2020-04-02,500,364.219892783404
2020-04-02,478,618.3062514689
2020-04-02,357,219.190692946961
2020-04-02,388,274.561422955569
2020-04-02,291,414.763189876879
2020-04-02,422,329.912832639826
2020-04-02,229,269.208136998538
2020-04-02,502,206.946751416948
2020-04-02,425,553.418531644379
2020-04-02,651,382.748167337553
2020-04-02,436,394.881569982696
2020-04-02,282,203.181468898764
2020-04-02,526,379.861547323517
2020-04-02,511,625.218653973519
2020-04-02,1158,696.368320213158
2020-04-02,968,398.978392103279
2020-04-02,644,593.611718987526
2020-04-02,167,657.331544488767
2020-04-02,275,212.423440910577
2020-04-02,279,293.39197675501
2020-04-02,209,179.023491285994
2020-04-02,223,190.549259037812
2020-04-02,279,351.224142332988
2020-04-02,284,338.2555342177
2020-04-02,603,402.741768539795
2020-04-02,516,431.264235027691
2020-04-02,301,276.94814338594
2020-04-02,269,283.972460531015
2020-04-02,340,449.888874885274
2020-04-02,466,372.393681562678
2020-04-02,657,385.296990731689
2020-04-02,474,307.981504148007
2020-04-02,330,366.252007079753
2020-04-02,405,475.397144903823
2020-04-02,349,469.11742370498
2020-04-02,384,341.459586211126
2020-04-02,605,499.397386586315
2020-04-02,799,517.879041798898
2020-04-02,400,272.317283123242
2020-04-02,363,282.24762117545
2020-04-02,403,378.014002355684
2020-04-02,355,384.473529570156
2020-04-02,260,192.827691032543
2020-04-02,287,270.857766324175
2020-04-02,290,389.038707565128
2020-04-02,360,289.169824137629
2020-04-02,307,338.341256446388
2020-04-02,331,284.884334390662
2020-04-02,332,407.209574984527
2020-04-02,808,329.418748358045
2020-04-02,673,445.391450547258
2020-04-02,938,334.064015901519
2020-04-02,430,457.799498140867
2020-04-02,1086,498.382400089376
2020-04-02,566,604.338298980559
2020-04-02,723,577.543383853858
2020-04-02,653,449.322783648282
2020-04-02,260,419.739085275545
2020-04-02,404,327.826400674198
2020-04-02,450,330.113387189465
2020-04-02,164,73.0215007289399
2020-04-02,437,407.647720957641
2020-04-02,587,476.826385692855
2020-04-02,752,316.056830686509
2020-04-02,342,476.126871384639
2020-04-02,1392,505.159576223282
2020-04-02,204,191.604310304378
2020-04-02,647,600.272187441361
2020-04-02,176,443.40663036841
2020-04-02,119,159.888026562701
2020-04-02,172,195.255465118756
2020-04-02,178,224.569524095032
2020-04-02,258,108.107392686507
2020-04-02,345,307.993495856751
2020-04-02,358,425.975711846382
2020-04-02,323,76.6887918960776
2020-04-02,272,378.366437496279
2020-04-02,149,116.677042394241
2020-04-02,534,155.022662058757
2020-04-02,305,121.908101271858
2020-04-02,234,178.790494474282
2020-04-02,296,134.186968462834
2020-04-02,133,264.336930058894
2020-04-02,335,202.021874930527
2020-04-02,163,265.240967527907
2020-04-02,599,317.103305171832
2020-04-02,322,175.458310046147
2020-04-02,108,207.278290450113
2020-04-02,126,116.655755844257
2020-04-02,170,129.816312995944
2020-04-02,144,245.735806855391
2020-04-02,102,241.153113175318
2020-04-02,0,120.344569395602
2020-04-02,286,493.553397579937
2020-04-02,163,280.901744772419
2020-04-02,243,303.478449340389
2020-04-02,325,279.9789438832
2020-04-02,463,650.892402367143
2020-04-02,398,361.404946368203
2020-04-02,760,407.761753554666
2020-04-02,590,489.892898357588
2020-04-02,685,486.814662343239
2020-04-02,633,511.115020737482
2020-04-02,613,335.555893718374
2020-04-02,312,470.097834885012
2020-04-02,578,465.875844742516
2020-04-02,498,477.894628941875
2020-04-02,220,466.813517888559
2020-04-02,317,296.359082025384
2020-04-02,506,399.314854614174
2020-04-02,639,589.378187457855
2020-04-02,718,433.678835352675
2020-04-02,236,424.065237390949
2020-04-02,666,335.324415846433
2020-04-02,395,346.259348172725
2020-04-02,107,271.468332220256
2020-04-02,639,484.712372700474
2020-04-02,264,268.768156213365
2020-04-02,260,267.540992273114
2020-04-02,364,315.925666577482
2020-04-02,366,432.588058138279
2020-04-02,469,208.782651987771
2020-04-02,724,471.446052817354
2020-04-02,463,598.905430351574
2020-04-02,347,314.395723736039
2020-04-02,513,340.752396118377
2020-04-02,374,418.476141313455
2020-04-02,771,469.703853284889
2020-04-02,254,252.038214441783
2020-04-02,423,466.224179461598
2020-04-02,567,378.583599589853
2020-04-02,295,455.854143886047
2020-04-02,789,257.963627914694
2020-04-02,289,390.681270958132
2020-04-02,193,364.393025204363
2020-04-02,349,345.389810242081
2020-04-02,368,333.126978450628
2020-04-02,341,474.583463441524
2020-04-02,347,291.233144670684
2020-04-02,249,288.772559473827
2020-04-02,407,384.03832607601
2020-04-02,378,412.055996601044
2020-04-02,574,250.175353396573
2020-04-02,688,364.050232541322
2020-04-02,738,425.413807072092
2020-04-02,134,334.7224294166
2020-04-02,528,270.279890396302
2020-04-02,194,402.766831668049
2020-04-02,482,174.814234063565
2020-04-02,201,411.104558685409
2020-04-02,381,428.232442344731
2020-04-02,309,364.765921329363
2020-04-02,307,439.561024041019
2020-04-02,661,441.467451673998
2020-04-02,785,530.380132165614
2020-04-02,406,223.926175214092
2020-04-02,480,411.396937856243
2020-04-02,456,297.471325474632
2020-04-02,172,223.522761887216
2020-04-02,489,750.123455977894
2020-04-02,345,344.942502920467
2020-04-02,138,230.794474950619
2020-04-02,424,239.181537433955
2020-04-02,410,299.948231222038
2020-04-02,178,338.822317719972
2020-04-02,289,253.71690227559
2020-04-02,222,197.360125380407
2020-04-02,58,67.1063363699757
2020-04-02,237,158.763669840988
2020-04-02,578,397.921091213915
2020-04-02,191,141.638567663678
2020-04-02,291,218.638170840595
2020-04-02,425,367.713889531092
2020-04-02,506,287.602229433629
2020-04-02,126,210.288464799951
2020-04-02,328,170.986222093948
2020-04-02,87,225.348101851104
2020-04-02,107,65.2115509397414
2020-04-02,640,466.047128863862
2020-04-02,330,385.548001670187
2020-04-02,521,144.134684351047
2020-04-02,197,333.986340661766
2020-04-02,338,397.059498545363
2020-04-02,432,414.933251434093
2020-04-02,588,326.655649643263
2020-04-02,187,166.332883484142
2020-04-02,120,187.913581388642
2020-04-02,145,205.885840918256
2020-04-02,217,276.490048541317
2020-04-02,579,354.639741644187
2020-04-02,745,424.99510002177
2020-04-02,502,388.73156184646
2020-04-02,678,343.283790438284
2020-04-02,551,487.371469789149
2020-04-02,380,358.001252322948
2020-04-02,292,243.450225165316
2020-04-02,318,296.823442606674
2020-04-02,294,254.960647418545
2020-04-02,276,305.645939624982
2020-04-02,501,290.496015213003
2020-04-02,274,438.547577990939
2020-04-02,376,377.256645140772
2020-04-02,137,326.327426522084
2020-04-02,365,273.317220366342
2020-04-02,455,195.671908665756
2020-04-02,404,216.116308691828
2020-04-02,171,179.141729663463
2020-04-02,624,316.099535854259
2020-04-02,271,152.601362020629
2020-04-02,302,214.090143843732
2020-04-02,738,243.829100201828
2020-04-02,294,176.042067756994
2020-04-02,272,298.523380914957
2020-04-02,340,259.556851910929
2020-04-02,286,247.717271001793
2020-04-02,110,201.147002363794
2020-04-02,274,242.293108870797
2020-04-02,420,236.093261087087
2020-04-02,591,530.141392798651
2020-04-02,540,396.934918826426
2020-04-02,289,298.503277269464
2020-04-02,355,373.854034949562
2020-04-02,421,326.775658314263
2020-04-02,299,216.000833096109
2020-04-02,688,382.213919316166
2020-04-02,157,349.764331670115
2020-04-02,251,296.913084017265
2020-04-02,486,458.878635270742
2020-04-02,172,263.563334853224
2020-04-02,720,436.990691158329
2020-04-02,806,369.326414988181
2020-04-02,747,448.649775933206
2020-04-02,740,382.496746890136
2020-04-02,726,421.177958694965
2020-04-02,110,84.6718509920884
2020-04-02,19,345.267760480935
2020-04-02,178,178.571046932289
2020-04-02,142,217.796574026966
2020-04-02,303,184.820812820157
2020-04-02,240,86.5902650008564
2020-04-02,273,439.639169044122
2020-04-02,215,329.304372663059
2020-04-02,282,207.306638479633
2020-04-02,305,176.350742284931
2020-04-02,342,262.228506532134
2020-04-02,210,238.203932479083
2020-04-02,207,252.391057608741
2020-04-02,147,173.234734405763
2020-04-02,172,106.714531999031
2020-04-02,360,341.18039981699
2020-04-02,242,352.227427926767
2020-04-02,421,366.798117635263
2020-04-02,259,154.005233558348
2020-04-02,648,210.462123863306
2020-04-02,159,268.110075833933
2020-04-02,471,541.261342144278
2020-04-02,283,234.106036456085
2020-04-02,452,331.046334196766
2020-04-02,219,251.961616548484
2020-04-02,404,187.36778085427
2020-04-02,318,277.39216903917
2020-04-02,206,156.485319267524
2020-04-02,124,262.247098580157
2020-04-02,412,325.661251405769
2020-04-02,334,321.104697200715
2020-04-02,343,448.183810548488
2020-04-02,939,260.083077460446
2020-04-02,265,378.552380191949
2020-04-02,444,428.377630689458
2020-04-02,373,291.581492183188
2020-04-02,523,325.774521758869
2020-04-02,184,170.898211945001
2020-04-02,174,195.295765110351
2020-04-02,212,237.411937965407
2020-04-02,205,185.965369446445
2020-04-02,310,290.232946316672
2020-04-02,451,238.176727742908
2020-04-02,373,270.502374113273
2020-04-02,281,250.35242718646
2020-04-02,601,210.181787318551
2020-04-02,281,351.979805675772
2020-04-02,68,90.5766251247535
2020-04-02,216,211.31021495885
2020-04-02,417,198.034519638042
2020-04-02,313,318.103378414215
2020-04-02,400,247.63365417717
2020-04-02,188,250.922221063786
2020-04-02,292,277.405863901091
2020-04-02,414,424.906241350061
2020-04-02,330,180.625499496064
2020-04-02,216,92.8578400118172
2020-04-02,103,104.397021653489
2020-04-02,270,249.789669868312
2020-04-02,186,183.068607117361
2020-04-02,333,231.074501425385
2020-04-02,629,450.779607796901
2020-04-02,242,291.255412432729
2020-04-02,385,437.597214933667
2020-04-02,308,547.846146249406
2020-04-02,288,187.408956524129
2020-04-02,194,268.19019726044
2020-04-02,858,324.164720699387
2020-04-02,503,426.488558907385
2020-04-02,224,291.975608217027
2020-04-02,425,239.49520977718
2020-04-02,434,242.632215503496
2020-04-02,193,331.885976081819
2020-04-02,606,205.32560895361
2020-04-02,147,216.421073701634
2020-04-02,269,259.558242002962
2020-04-02,509,184.338525488071
2020-04-02,163,69.1016755945846
2020-04-02,358,317.641573141579
2020-04-02,339,189.840489957609
2020-04-02,562,408.276197605271
2020-04-02,257,177.397589137981
2020-04-02,270,334.48628393533
2020-04-02,595,174.056366853134
2020-04-02,180,211.467987650975
2020-04-02,688,346.474139266308
2020-04-02,281,125.192607675535
2020-04-02,354,448.688627760617
2020-04-02,215,284.561874983086
2020-04-02,371,256.493294677409
2020-04-02,312,260.936848872779
2020-04-02,373,388.14464470934
2020-04-02,116,328.757148950914
2020-04-02,569,305.628986061724
2020-04-02,427,290.410791511502
2020-04-02,194,259.394773451818
2020-04-02,94,278.84009621981
2020-04-02,353,315.149795382798
2020-04-02,280,107.089296580481
2020-04-02,140,114.589621638358
2020-04-02,121,147.924290647422
2020-04-02,258,301.867390026727
2020-04-02,458,129.005087886967
2020-04-02,414,256.244158305732
2020-04-02,348,243.247375880487
2020-04-02,223,276.47888604562
2020-04-02,33,130.077139345001
2020-04-02,556,428.433474537925
2020-04-02,257,246.879610483652
2020-04-02,149,482.368586086061
2020-04-02,272,289.369612672171
2020-04-02,572,477.858686032367
2020-04-02,258,335.656962690393
2020-04-02,332,280.853515553249
2020-04-02,248,191.445699622267
2020-04-02,160,311.964752578192
2020-04-02,876,378.671205067187
2020-04-02,279,157.81274000373
2020-04-02,635,350.370613804379
2020-04-02,408,392.77953909277
2020-04-02,474,262.487185984062
2020-04-02,367,211.220935695453
2020-04-02,314,306.020662029257
2020-04-02,384,228.337331334005
2020-04-02,459,297.949981244234
2020-04-02,401,356.026462973575
2020-04-02,243,299.865422647805
2020-04-02,124,169.25041817806
2020-04-02,253,252.764492770248
2020-04-02,259,182.349614541412
2020-04-02,249,172.919534529234
2020-04-02,325,192.466430202421
2020-04-02,183,281.970263010872
2020-04-02,147,282.32428973492
2020-04-02,253,173.026435241562
2020-04-02,175,242.173371947755
2020-04-02,355,174.201024964893
2020-04-02,211,284.336892141493
2020-04-02,340,313.334703610184
2020-04-02,182,205.549019394087
2020-04-02,217,150.222410151523
2020-04-02,325,222.914519265131
2020-04-02,319,215.038101634233
2020-04-02,168,319.455679879239
2020-04-02,449,332.804042061216
2020-04-02,348,225.632138055231
2020-04-02,350,313.326052367841
2020-04-02,392,297.606098866075
2020-04-02,350,273.256835927213
2020-04-02,423,290.905616810292
2020-04-02,257,218.458879677814
2020-04-02,573,265.622798314721
2020-04-02,268,268.448022312645
2020-04-02,226,173.516999824477
2020-04-02,249,231.074137651513
2020-04-02,279,347.617618368287
2020-04-02,232,244.59059122579
2020-04-02,247,190.934024513203
2020-04-02,360,327.380993857358
2020-04-02,600,253.55070925384
2020-04-02,323,317.183891796607
2020-04-02,374,209.795110763413
2020-04-02,398,258.625140219909
2020-04-02,432,330.811528272112
2020-04-02,457,279.421788957327
2020-04-02,195,304.51279650198
2020-04-02,166,442.133035719466
2020-04-02,213,177.421494706924
2020-04-02,611,372.909165778597
2020-04-02,375,229.962434363421
2020-04-02,329,265.523156089775
2020-04-02,178,262.736136295525
2020-04-02,623,327.93077247505
2020-04-02,631,220.487588237616
2020-04-02,454,337.293767622512
2020-04-02,358,395.658753198826
2020-04-02,253,286.314813383899
2020-04-02,149,286.131901794597
2020-04-02,352,205.163587240918
2020-04-02,148,131.662765038943
2020-04-02,119,243.750960148316
2020-04-02,177,198.422714440353
2020-04-02,111,133.404576070462
2020-04-02,151,172.2928825859
2020-04-02,229,174.753807439982
2020-04-02,194,146.735279490436
2020-04-02,214,142.12565890452
2020-04-02,201,213.768399491943
2020-04-02,161,144.373055212884
2020-04-02,326,234.064425717561
2020-04-02,372,260.672409709858
2020-04-02,319,204.351951838301
2020-04-02,222,224.175771672215
2020-04-02,92,345.114975057153
2020-04-02,340,307.879389195942
2020-04-02,229,349.323556870135
2020-04-02,306,187.214556433794
2020-04-02,363,403.873183210245
2020-04-02,397,358.191710327509
2020-04-02,819,308.020603277539
2020-04-02,557,290.579390029267
2020-04-02,525,286.447744256192
2020-04-02,401,403.578518574963
2020-04-02,256,293.944028342629
2020-04-02,241,264.428385898049
2020-04-02,240,223.779538560298
2020-04-02,285,263.910946775244
2020-04-02,190,251.832682411268
2020-04-02,176,296.911726470457
2020-04-02,170,257.489887090197
2020-04-02,112,104.692300428957
2020-04-02,145,125.806625704547
2020-04-02,212,237.832900044437
2020-04-02,267,247.743359318286
2020-04-02,326,272.994485702112
2020-04-02,733,311.886567780245
2020-04-02,514,309.734530743161
2020-04-02,384,228.722592431882
2020-04-02,110,211.757682448726
2020-04-02,109,219.35171385736
2020-04-02,285,302.005959254522
2020-04-02,422,278.225234888922
2020-04-02,188,197.651888032742
2020-04-02,464,235.952093729385
2020-04-02,246,355.581060089699
2020-04-02,338,334.563733530184
2020-04-02,292,192.585663693893
2020-04-02,395,299.128871634107
2020-04-02,139,197.021149083889
2020-04-02,107,241.498546033067
2020-04-02,258,253.414417450624
2020-04-02,203,198.448867774086
2020-04-02,280,159.215889654824
2020-04-02,260,135.039718802865
2020-04-02,133,292.35591637387
2020-04-02,207,227.829321749373
2020-04-02,240,177.489511709375
2020-04-02,567,160.711956135274
2020-04-02,143,253.609234232506
2020-04-02,184,254.87331066654
2020-04-02,292,242.856688397602
2020-04-02,205,116.09422423755
2020-04-02,146,176.062086553748
2020-04-02,321,321.939609621327
2020-04-02,37,129.582861185368
2020-04-02,220,205.889457490106
2020-04-02,368,255.384927415393
2020-04-02,430,249.04183718397
2020-04-02,221,239.70100828435
2020-04-02,279,286.747424492495
2020-04-02,286,311.992361359901
2020-04-02,500,315.69891688163
2020-04-02,315,393.753908805021
2020-04-02,655,373.230350710474
2020-04-02,601,291.810744256615
2020-04-02,908,507.511267467345
2020-04-02,441,249.983146597349
2020-04-02,303,351.515164216214
2020-04-02,318,268.249821893553
2020-04-02,345,392.307910410342
2020-04-02,513,285.630488895304
2020-04-02,72,348.883232411634
2020-04-02,446,245.670041712986
2020-04-02,328,412.452050872584
2020-04-02,273,369.512282445879
2020-04-02,136,216.098651344709
2020-04-02,153,221.925627251955
2020-04-02,459,561.341808552503
2020-04-02,194,220.651209833128
2020-04-02,353,362.60302595177
2020-04-02,229,235.668976741662
2020-04-02,524,373.394272374143
2020-04-02,242,160.220218905145
2020-04-02,239,372.326110802018
2020-04-02,380,201.67843467832
2020-04-02,359,246.183023447831
2020-04-02,388,520.589673404813
2020-04-02,453,210.102499513666
2020-04-02,482,520.059818559705
2020-04-02,350,303.421280099903
2020-04-02,494,314.150350669641
2020-04-02,598,408.800192852674
2020-04-02,214,335.336226565333
2020-04-02,415,351.009065805873
2020-04-02,234,174.588953565651
2020-04-02,421,364.383479909906
2020-04-02,298,344.261027868352
2020-04-02,254,365.698657240898
2020-04-02,330,379.599111678285
2020-04-02,445,329.213489209779
2020-04-02,362,116.984727246015
2020-04-02,380,227.263483571763
2020-04-02,125,130.145479874007
2020-04-02,390,249.646145657954
2020-04-02,143,229.197001642598
2020-04-02,200,196.926604953649
2020-04-02,188,218.683015158264
2020-04-02,392,357.032665789201
2020-04-02,712,223.785937751022
2020-04-02,206,301.724843723029
2020-04-02,123,311.456944767997
2020-04-02,219,97.6903170215742
2020-04-02,420,451.810890048032
2020-04-02,533,303.261463466489
2020-04-02,160,239.826556971871
2020-04-02,195,176.237797183526
2020-04-02,198,134.340990607497
2020-04-02,337,258.408978024453
2020-04-02,345,436.855548268374
2020-04-02,191,206.067614269029
2020-04-02,312,348.555669076117
2020-04-02,398,351.798561584122
2020-04-02,228,236.506555418794
2020-04-02,246,187.027541499871
2020-04-02,252,283.053831859932
2020-04-02,91,195.826491181078
2020-04-02,406,223.839931874247
2020-04-02,146,162.341561708081
2020-04-02,209,181.786263151431
2020-04-02,213,191.84121173897
2020-04-02,291,276.895627159811
2020-04-02,363,236.474412992067
2020-04-02,201,288.045334928568
2020-04-02,412,189.818376208609
2020-04-02,308,225.217020830099
2020-04-02,339,206.278424034603
2020-04-02,166,267.328252794739
2020-04-02,394,310.407316482874
2020-04-02,367,287.143043746991
2020-04-02,212,207.422567998603
2020-04-02,220,242.136759738354
2020-04-02,299,300.178675888446
2020-04-02,158,352.988310835543
2020-04-02,380,230.768127752966
2020-04-02,142,196.017679930654
2020-04-02,254,224.384063966374
2020-04-02,260,366.838111334492
2020-04-02,298,310.075263564337
2020-04-02,121,253.76352009028
2020-04-02,138,180.837128509246
2020-04-02,156,181.833144873255
2020-04-02,280,326.142405054043
2020-04-02,294,204.361262099866
2020-04-02,293,124.492670320134
2020-04-02,418,208.74886202926
2020-04-02,179,206.17596139567
2020-04-02,246,291.559138030158
2020-04-02,507,233.393471212273
2020-04-02,167,190.77017710776
2020-04-02,205,299.459014685328
2020-04-02,217,154.431352162552
2020-04-02,394,406.376886448927
2020-04-02,241,371.704251904891
2020-04-02,225,170.772475541304
2020-04-02,376,303.499062504824
2020-04-02,764,383.305364324942
2020-04-02,193,352.150050250003
2020-04-02,747,239.537780658653
2020-04-02,215,203.643859999711
2020-04-02,331,192.838189968704
2020-04-02,111,258.651153475596
2020-04-02,273,175.475407564498
2020-04-02,425,200.361739690864
2020-04-02,246,171.424985808294
2020-04-02,220,242.122004088437
2020-04-02,221,333.23569277035
2020-04-02,398,308.089007830409
2020-04-02,158,257.42325638809
2020-04-02,191,202.558691043941
2020-04-02,128,242.362823214067
2020-04-02,161,193.287752754803
2020-04-02,289,82.6350580363289
2020-04-02,223,142.097573865132
2020-04-02,79,183.52596600318
2020-04-02,119,300.029303712991
2020-04-02,202,170.170629479358
2020-04-02,162,218.495722799968
2020-04-02,313,203.061807182513
2020-04-02,157,228.212103543663
2020-04-02,172,119.688171625057
2020-04-02,287,322.291447208726
2020-04-02,432,215.210910158408
2020-04-02,74,140.448858403004
2020-04-02,99,125.928151634608
2020-04-02,123,150.000774075974
2020-04-02,81,140.816337236511
2020-04-02,337,255.544560723764
2020-04-02,158,115.659267585385
2020-04-02,170,160.663539370308
2020-04-02,218,227.22859059036
2020-04-02,170,113.198297519698
2020-04-02,368,162.299115777213
2020-04-02,316,444.847945872629
2020-04-02,425,150.965480131763
2020-04-02,137,254.298554407844
2020-04-02,135,209.357709945972
2020-04-02,384,265.254771578914
2020-04-02,138,173.896007001366
2020-04-02,150,186.310736873847
2020-04-02,143,234.148911673927
2020-04-02,229,178.49653685882
2020-04-02,161,230.788669872833
2020-04-02,336,212.048494770261
2020-04-02,335,304.410740526906
2020-04-02,196,205.507610557304
2020-04-02,432,435.51825634831
2020-04-02,632,408.306118055223
2020-04-02,257,320.602423585551
2020-04-02,648,560.339090576754
2020-04-02,403,328.558768431167
2020-04-02,259,170.191464452645
2020-04-02,223,263.466431006638
2020-04-02,274,323.864565026448
2020-04-02,344,233.899840689619
2020-04-02,447,468.169808623462
2020-04-02,574,515.523449948263
2020-04-02,124,153.636962383432
2020-04-02,0,300.768328361081
2020-04-02,357,297.014034953372
2020-04-02,893,520.608116631225
2020-04-02,517,426.177596943891
2020-04-02,205,477.954937499765
2020-04-02,272,378.495210306845
2020-04-02,344,353.948341132348
2020-04-02,403,393.6011209493
2020-04-02,214,321.223562721834
2020-04-02,728,510.438778824915
2020-04-02,187,289.83798965619
2020-04-02,573,214.041354990603
2020-04-02,627,467.63571545906
2020-04-02,373,327.227487309909
2020-04-02,209,379.244548352558
2020-04-02,203,93.4415439413213
2020-04-02,365,221.523127523639
2020-04-02,216,296.418758597468
2020-04-02,306,342.14688949536
2020-04-02,258,460.024840586023
2020-04-02,383,384.72331963819
2020-04-02,831,279.922120486007
2020-04-02,193,145.631017548607
2020-04-02,373,155.765249838627
2020-04-02,311,144.400535903277
2020-04-02,132,306.269294743148
2020-04-02,463,209.765550086282
2020-04-02,334,245.02609545356
2020-04-02,128,339.599397681651
2020-04-02,1008,471.628071253425
2020-04-02,268,506.591643052542
2020-04-02,438,307.479185120248
2020-04-02,800,639.45963222428
2020-04-02,670,422.717388887472
2020-04-02,593,451.769194284547
2020-04-02,825,341.402336984384
2020-04-02,392,460.492698471919
2020-04-02,436,375.80155788558
2020-04-02,114,152.077973914256
2020-04-02,267,173.673317553967
2020-04-02,301,207.072575420558
2020-04-02,227,295.443452744221
2020-04-02,257,175.376488427653
2020-04-02,188,266.284997252677
2020-04-02,376,129.135898966094
2020-04-02,136,160.754581317109
2020-04-02,518,339.606970235382
2020-04-02,140,237.049772232721
2020-04-02,200,52.5778756112584
2020-04-02,281,220.783610645669
2020-04-02,175,241.082691704106
2020-04-02,200,308.423591813583
2020-04-02,218,190.094229899847
2020-04-02,214,168.47591969698
2020-04-02,261,219.019958782141
2020-04-02,521,397.913892506598
2020-04-02,156,153.551068086207
2020-04-02,136,146.604486535338
2020-04-02,146,212.629023458592
2020-04-02,77,191.737460153346
2020-04-02,132,121.59240373497
2020-04-02,309,124.095385435827
2020-04-02,80,136.632980423322
2020-04-02,192,161.209849213774
2020-04-02,53,108.264246770633
2020-04-02,76,82.5061606370352
2020-04-02,112,89.1180945370192
2020-04-02,79,90.2874118555726
2020-04-02,52,59.0004308741404
2020-04-02,61,126.589672339489
2020-04-02,116,73.3648185524911
2020-04-02,107,86.8489735050941
2020-04-02,73,52.9798518594878
2020-04-02,119,129.22272346269
2020-04-02,136,95.2494525787465
2020-04-02,204,184.757667133727
2020-04-02,121,123.925016012998
2020-04-02,126,109.421869079573
2020-04-02,95,98.1837199032982
2020-04-02,108,124.689588770799
2020-04-02,126,128.437849744611
2020-04-02,106,138.076243751086
2020-04-02,156,182.409257546714
2020-04-02,107,189.685706011508
2020-04-02,165,174.346677122027
2020-04-02,285,126.319213744387
2020-04-02,184,225.755683640141
2020-04-02,197,158.547858527543
2020-04-02,219,191.850325763584
2020-04-02,222,160.664508422751
2020-04-02,207,156.928295083349
2020-04-02,256,176.897753332792
2020-04-02,172,239.647399395025
2020-04-02,251,195.191748402243
2020-04-02,148,162.061097078465
2020-04-02,313,203.977817590846
2020-04-02,408,238.307824140506
2020-04-02,416,273.498245675391
2020-04-02,511,340.30321589763
2020-04-02,457,259.411761151954
2020-04-02,296,255.494292080622
2020-04-02,761,313.157185903376
2020-04-02,367,340.803994877336
2020-04-02,368,279.673407471309
2020-04-02,180,262.285075347562
2020-04-02,338,271.828564686745
2020-04-02,316,288.702269009094
2020-04-02,631,224.617779880596
2020-04-02,400,227.912378397705
2020-04-02,317,227.378653267731
2020-04-02,20,369.990789441836
2020-04-02,58,288.750005543845
2020-04-02,477,317.613144269451
2020-04-02,48,239.993875271963
2020-04-02,622,292.478770285023
2020-04-02,299,304.212492416084
2020-04-02,525,300.313761988524
2020-04-02,452,375.165720433112
2020-04-02,398,320.500400729986
2020-04-02,371,434.865104790827
2020-04-02,353,401.310856336593
2020-04-02,898,317.31642526063
2020-04-02,222,296.487895862636
2020-04-02,280,366.779611738476
2020-04-02,200,264.793268692378
2020-04-02,403,167.341245769551
2020-04-02,377,313.357007155498
2020-04-02,200,242.558065018726
2020-04-02,311,272.796912528648
2020-04-02,113,254.25318995556
2020-04-02,137,174.796822580273
2020-04-02,176,216.455218760324
2020-04-02,185,329.23676054994
2020-04-02,722,207.453711496146
2020-04-02,403,355.204266363766
2020-04-02,505,508.386379125472
2020-04-02,314,340.132952104908
2020-04-02,463,305.537207604844
2020-04-02,403,263.712953131304
2020-04-02,621,277.420792358306
2020-04-02,117,185.342279139755
2020-04-02,221,248.922791397645
2020-04-02,150,158.822213288204
2020-04-02,81,97.5463838236209
2020-04-02,19,108.439723344558
2020-04-02,107,149.397256787803
2020-04-02,279,209.404178542141
2020-04-02,309,179.730589044483
2020-04-02,226,200.716171992796
2020-04-02,340,250.691610112827
2020-04-02,357,242.802869721134
2020-04-02,249,329.765887137456
2020-04-02,392,263.335829878094
2020-04-02,180,113.756630227749
2020-04-02,447,86.4914842248611
2020-04-02,349,217.932098073878
2020-04-02,445,248.322285082006
2020-04-02,321,258.184365166629
2020-04-02,275,221.357077247006
2020-04-02,295,192.101551035532
2020-04-02,197,226.826143348548
2020-04-02,161,127.630855295705
2020-04-02,216,185.987409407494
2020-04-02,275,254.28505571469
2020-04-02,184,178.858976003491
2020-04-02,239,217.578008411823
2020-04-02,348,385.75139293745
2020-04-02,359,290.674966002864
2020-04-02,201,254.683229664851
2020-04-02,436,282.90793380601
2020-04-02,302,163.102011198133
2020-04-02,79,215.860101380327
2020-04-02,444,229.205727623802
2020-04-02,326,220.853017403906
2020-04-02,110,179.507864389985
2020-04-02,161,178.400752517335
2020-04-02,155,114.293091469601
2020-04-02,44,149.69908888086
2020-04-02,201,148.428677988508
2020-04-02,217,203.481519349193
2020-04-02,163,108.304756977512
2020-04-02,165,119.812008720504
2020-04-02,137,178.040129143922
2020-04-02,51,175.919579165846
2020-04-02,286,83.4284479818226
2020-04-02,158,146.226912322613
2020-04-02,90,134.672051234606
2020-04-02,125,177.621189618573
2020-04-02,228,158.383273407339
2020-04-02,107,119.751110015739
2020-04-02,178,180.794450714919
2020-04-02,262,155.875359052193
2020-04-02,133,183.446324978332
2020-04-02,166,161.785342502199
2020-04-02,57,209.750337839394
2020-04-02,178,135.087163044569
2020-04-02,122,110.900719264228
2020-04-02,133,163.76251040277
2020-04-02,237,212.489159752373
2020-04-02,159,193.397979462415
2020-04-02,342,273.404611557503
2020-04-02,164,199.870439135312
2020-04-02,301,207.144898304412
2020-04-02,501,286.162467999575
2020-04-02,198,288.229766182881
2020-04-02,80,119.706583386854
2020-04-02,140,176.73717745301
2020-04-02,213,207.357973923842
2020-04-02,469,184.128364980441
2020-04-02,302,268.046020654394
2020-04-02,136,184.828354802161
2020-04-02,148,219.659685087126
2020-04-02,276,172.800009422058
2020-04-02,178,180.623469572612
2020-04-02,167,169.149510588037
2020-04-02,230,217.444352673511
2020-04-02,188,171.772880641829
2020-04-02,644,213.904571621488
2020-04-02,307,271.940116869534
2020-04-02,328,248.185546699225
2020-04-02,162,247.072648401076
2020-04-02,262,324.838418187628
2020-04-02,237,262.030611539454
2020-04-02,323,155.567900556634
2020-04-02,210,320.705925213481
2020-04-02,128,243.667673121565
2020-04-02,382,290.291529273995
2020-04-02,280,173.280789377337
2020-04-02,240,161.895522586072
2020-04-02,410,205.558804711792
2020-04-02,263,296.247253370656
2020-04-02,383,298.745181075591
2020-04-02,369,271.120419303778
2020-04-02,123,175.0462376363
2020-04-02,296,192.95732931757
2020-04-02,393,233.360869281962
2020-04-02,138,212.024109517098
2020-04-02,595,255.585411534334
2020-04-02,528,222.403528990887
2020-04-02,481,427.488452715828
2020-04-02,406,360.663579851991
2020-04-02,270,209.266273948327
2020-04-02,257,220.177302054102
2020-04-02,358,190.133687610999
2020-04-02,413,180.271522820383
2020-04-02,244,247.055742139482
2020-04-02,162,229.459794202762
2020-04-02,211,147.486190263171
2020-04-02,269,199.99119303019
2020-04-02,380,222.895966383367
2020-04-02,210,238.686795409202
2020-04-02,272,220.108526693932
2020-04-02,220,367.711909190931
2020-04-02,74,182.22545345664
2020-04-02,240,180.330832356907
2020-04-02,93,106.147556325465
2020-04-02,147,101.679606932517
2020-04-02,233,154.719695090844
2020-04-02,128,111.955072702739
2020-04-02,134,178.778185288075
2020-04-02,203,174.265267282011
2020-04-02,200,174.502130074933
2020-04-02,488,144.765364108376
2020-04-02,149,154.321040852297
2020-04-02,350,163.873636735422
2020-04-02,216,127.773806149223
2020-04-02,88,144.949707490001
2020-04-02,65,219.411072622784
2020-04-02,44,95.1726626184404
2020-04-02,27,64.5235158261136
2020-04-02,73,102.716528687101
2020-04-02,264,161.828361051857
2020-04-02,163,195.635909232117
2020-04-02,82,124.201781713521
2020-04-02,204,188.779491680047
2020-04-02,247,128.298326046405
2020-04-02,292,202.314942911983
2020-04-02,365,155.070822269018
2020-04-02,309,202.896492755277
2020-04-02,366,243.916423901786
2020-04-02,200,245.016535595042
2020-04-02,285,200.623997301844
2020-04-02,153,203.64861649317
2020-04-02,279,233.066607904678
2020-04-02,511,174.280469446456
2020-04-02,234,182.739681928435
2020-04-02,216,191.626808048823
2020-04-02,203,166.41193655427
2020-04-02,136,139.97350268065
2020-04-02,148,104.786229320204
2020-04-02,95,137.059524665479
2020-04-02,280,139.4062748472
2020-04-02,175,167.478402100065
2020-04-02,234,187.570729619679
2020-04-02,241,226.743046382679
2020-04-02,209,182.169713528284
2020-04-02,375,275.774799074851
2020-04-02,323,197.468077909041
2020-04-02,358,311.523357236126
2020-04-02,522,271.339428052926
2020-04-02,452,202.317996260301
2020-04-02,414,308.846705110353
2020-04-02,114,158.462789036788
2020-04-02,139,216.989481573497
2020-04-02,189,279.864971627245
2020-04-02,264,326.683942232453
2020-04-02,1108,241.443141592051
2020-04-02,248,235.422485887918
2020-04-02,481,264.83954267175
2020-04-02,413,257.939536635359
2020-04-02,270,274.177921437992
2020-04-02,313,302.207465685465
2020-04-02,390,282.187680499608
2020-04-02,337,191.582533619922
2020-04-02,177,245.534911348631
2020-04-02,320,259.486024591495
2020-04-02,264,230.128746475632
2020-04-02,477,266.214742950594
2020-04-02,428,228.325291812535
2020-04-02,282,225.782144725542
2020-04-02,109,269.481234700911
2020-04-02,474,367.400042501831
2020-04-02,190,252.018205771323
2020-04-02,236,262.835400800034
2020-04-02,214,202.825609983538
2020-04-02,369,248.165790200239
2020-04-02,358,367.837690226965
2020-04-02,281,460.888614499306
2020-04-02,392,514.778457769086
2020-04-02,246,407.915519056329
2020-04-02,182,247.315624166121
2020-04-02,346,283.557680910835
2020-04-02,390,229.867745250705
2020-04-02,595,391.843374951205
2020-04-02,756,238.146355240588
2020-04-02,489,429.918893877178
2020-04-02,367,241.701011268034
2020-04-02,469,187.298492988753
2020-04-02,398,385.37476358615
2020-04-02,329,265.569194128528
2020-04-02,559,270.451111815458
2020-04-02,348,347.505277567762
2020-04-02,506,391.097810251335
2020-04-02,391,289.581401560073
2020-04-02,311,229.565220265396
2020-04-02,373,349.323727319977
2020-04-02,759,392.155420789649
2020-04-02,390,253.99325446619
2020-04-02,360,361.141300155141
2020-04-02,435,356.86817075921
2020-04-02,266,344.421193049835
2020-04-02,431,443.771276579293
2020-04-02,369,484.399226318156
2020-04-02,303,258.591995730116
2020-04-02,352,430.554514390542
2020-04-02,692,323.463581167247
2020-04-02,245,265.349860717591
2020-04-02,348,260.699931426005
2020-04-02,410,334.979605473452
2020-04-02,521,267.50896665341
2020-04-02,506,343.450825044209
2020-04-02,733,211.238371957527
2020-04-02,311,333.661195938728
2020-04-02,340,217.674658158119
2020-04-02,267,339.554007873859
2020-04-02,273,176.801482397231
2020-04-02,357,361.45069918415
2020-04-02,336,323.932979033854
2020-04-02,498,258.628853496378
2020-04-02,457,254.336784085627
2020-04-02,500,264.662787187947
2020-04-02,419,390.45527115632
2020-04-02,256,291.463909438259
2020-04-02,214,296.137761699537
2020-04-02,394,213.140228122094
2020-04-02,227,221.827136235108
2020-04-02,563,382.311557721311
2020-04-02,263,217.389009209074
2020-04-02,570,400.846171994186
2020-04-02,170,358.388369851798
2020-04-02,451,227.98995206152
2020-04-02,325,259.472427868865
2020-04-02,457,315.387421075274
2020-04-02,506,242.771360550526
2020-04-02,434,335.762055623267
2020-04-02,476,335.787624623445
2020-04-02,206,328.624771600885
2020-04-02,329,405.57080919736
2020-04-02,457,298.902253466461
2020-04-02,323,253.861782152741
2020-04-02,772,349.029024089041
2020-04-02,498,403.267513465736
2020-04-02,282,285.526363460644
2020-04-02,469,299.332875311582
2020-04-02,505,254.936401906706
2020-04-02,670,327.015914734438
2020-04-02,519,447.642475200498
2020-04-02,231,372.456194093744
2020-04-02,353,248.479882433155
2020-04-02,479,219.724281173017
2020-04-02,435,300.760021664958
2020-04-02,477,258.221608632652
2020-04-02,286,263.564113384276
2020-04-02,294,229.456433545478
2020-04-02,548,221.318506174444
2020-04-02,70,472.044298853551
2020-04-02,553,312.519420578044
2020-04-02,432,342.803882815889
2020-04-02,91,233.694367539056
2020-04-02,126,138.073668267731
2020-04-02,184,430.360944067494
2020-04-02,349,279.621367419779
2020-04-02,456,303.810996994215
2020-04-02,205,282.375484537407
2020-04-02,201,159.786058747768
2020-04-02,232,195.446845779943
2020-04-02,185,391.410849958845
2020-04-02,347,203.619869779265
2020-04-02,158,319.864154558742
2020-04-02,109,591.273036318425
2020-04-02,210,527.898321826342
2020-04-02,267,401.499988241299
2020-04-02,168,116.314660731219
2020-04-02,149,73.3399716870103
2020-04-02,65,86.0592879475641
2020-04-02,68,161.366059998664
2020-04-02,135,122.107558517207
2020-04-02,298,280.278079184659
2020-04-02,578,436.549240028768
2020-04-02,262,653.087152519284
2020-04-02,10,326.170480756411
2020-04-02,57,816.051171474962
2020-04-02,74,509.978292514314
2020-04-02,58,156.801228481938
2020-04-02,177,234.999391506595
2020-04-02,27,151.396347192516
2020-04-02,107,381.591181591096
2020-04-02,59,417.044373226689
2020-04-02,197,800.587809846575
2020-04-02,27,409.050777716716
2020-04-03,365,235.759799077806
2020-04-03,252,224.546498757443
2020-04-03,215,256.395001401922
2020-04-03,275,207.884693663796
2020-04-03,272,191.948808578849
2020-04-03,286,174.759038844748
2020-04-03,129,153.588150543318
2020-04-03,143,135.487953078548
2020-04-03,68,74.201282611443
2020-04-03,189,216.322064663489
2020-04-03,133,160.893564002287
2020-04-03,109,150.182360044492
2020-04-03,167,89.608097066262
2020-04-03,153,321.781248126473
2020-04-03,137,149.078707260546
2020-04-03,162,165.370635194173
2020-04-03,255,161.94513861518
2020-04-03,283,255.591111986552
2020-04-03,187,246.622420370821
2020-04-03,312,233.223398618183
2020-04-03,156,267.597385098278
2020-04-03,176,243.126164808643
2020-04-03,256,142.86536653808
2020-04-03,202,176.026288769796
2020-04-03,265,387.970688265774
2020-04-03,249,301.14058288382
2020-04-03,159,161.396028678053
2020-04-03,370,204.154254766294
2020-04-03,324,194.109380936242
2020-04-03,463,297.233601068734
2020-04-03,431,301.504707593699
2020-04-03,386,381.129068327241
2020-04-03,189,164.84018641752
2020-04-03,210,283.305773016264
2020-04-03,195,244.55466207049
2020-04-03,118,216.926303159312
2020-04-03,305,334.092310755098
2020-04-03,398,380.560665000205
2020-04-03,229,315.293693053331
2020-04-03,163,219.084320844691
2020-04-03,357,223.785522835779
2020-04-03,338,196.984725672276
2020-04-03,359,273.138674349761
2020-04-03,227,194.067910537591
2020-04-03,223,213.290920467683
2020-04-03,210,557.148254819036
2020-04-03,279,384.456612167646
2020-04-03,224,352.933873817332
2020-04-03,268,326.308973978921
2020-04-03,171,191.358241103737
2020-04-03,520,166.573820408665
2020-04-03,180,171.07964513869
2020-04-03,387,279.534845274833
2020-04-03,495,225.539871803504
2020-04-03,220,262.272572215502
2020-04-03,354,364.975333421339
2020-04-03,454,350.36750776445
2020-04-03,124,164.781286418342
2020-04-03,222,147.893511653761
2020-04-03,213,184.674773161153
2020-04-03,147,243.729136841502
2020-04-03,190,200.272572008927
2020-04-03,447,394.637859609475
2020-04-03,694,333.077583977823
2020-04-03,193,328.520075084391
2020-04-03,330,328.81036032736
2020-04-03,335,314.725104260938
2020-04-03,436,287.788489445787
2020-04-03,155,128.428065957848
2020-04-03,576,212.233867122987
2020-04-03,368,274.109052975149
2020-04-03,415,241.807705961492
2020-04-03,699,322.573599175504
2020-04-03,212,263.319325129437
2020-04-03,253,205.976756325222
2020-04-03,250,332.676738296289
2020-04-03,426,420.723155831103
2020-04-03,309,306.782796081709
2020-04-03,415,349.468308450338
2020-04-03,613,493.726995041791
2020-04-03,358,221.535605680588
2020-04-03,485,232.211177902023
2020-04-03,88,293.439267413671
2020-04-03,265,300.355467196445
2020-04-03,173,226.806873640494
2020-04-03,190,114.520122387592
2020-04-03,226,321.411969907257
2020-04-03,160,189.891113916541
2020-04-03,230,255.383548669627
2020-04-03,131,352.485301393762
2020-04-03,390,201.279896945303
2020-04-03,552,307.48252596492
2020-04-03,274,398.202414202932
2020-04-03,237,470.495150274394
2020-04-03,1081,579.233144095701
2020-04-03,757,572.847152726981
2020-04-03,537,688.521325780373
2020-04-03,642,459.192882015162
2020-04-03,660,613.058303572607
2020-04-03,769,456.877294075981
2020-04-03,378,418.867280233792
2020-04-03,340,482.505484354779
2020-04-03,381,314.912703689272
2020-04-03,185,203.759729904042
2020-04-03,492,321.355944761243
2020-04-03,408,592.964255252531
2020-04-03,273,320.10195995537
2020-04-03,470,414.700874054365
2020-04-03,263,157.990584139484
2020-04-03,225,199.304507653298
2020-04-03,198,211.477286792148
2020-04-03,186,204.97540425015
2020-04-03,307,107.285534560708
2020-04-03,199,195.643596480861
2020-04-03,205,233.19783786162
2020-04-03,242,250.56625111527
2020-04-03,837,515.07404858179
2020-04-03,607,534.754242204412
2020-04-03,738,613.336687762348
2020-04-03,613,847.659691221094
2020-04-03,551,566.207411189296
2020-04-03,990,861.87872007586
2020-04-03,1436,490.374474373332
2020-04-03,1123,538.338641848276
2020-04-03,620,617.4667322403
2020-04-03,783,455.389890889997
2020-04-03,847,530.19761473106
2020-04-03,193,227.935832639629
2020-04-03,132,307.566169720702
2020-04-03,0,237.092069652802
2020-04-03,0,1021.31487888461
2020-04-03,451,388.859199743029
2020-04-03,437,579.797711845125
2020-04-03,422,275.085231598073
2020-04-03,417,407.701239976573
2020-04-03,853,784.070025140066
2020-04-03,455,513.468020662107
2020-04-03,653,474.81931429847
2020-04-03,381,388.028191613872
2020-04-03,394,363.948581632884
2020-04-03,441,373.576122042501
2020-04-03,429,331.408742281415
2020-04-03,563,430.621350676594
2020-04-03,307,504.65449321441
2020-04-03,1098,442.02618229251
2020-04-03,545,382.748508044858
2020-04-03,475,250.013527441649
2020-04-03,309,267.074733240698
2020-04-03,789,241.21292481503
2020-04-03,395,202.956076913817
2020-04-03,250,197.314814369703
2020-04-03,196,109.840945145346
2020-04-03,153,214.042024434833
2020-04-03,170,212.324503363964
2020-04-03,417,391.861453341938
2020-04-03,253,226.462277237572
2020-04-03,466,446.701488260516
2020-04-03,270,299.571859795849
2020-04-03,252,284.207959174807
2020-04-03,167,313.707726705721
2020-04-03,316,361.160607027941
2020-04-03,478,293.982096863914
2020-04-03,174,200.177245891606
2020-04-03,524,280.120251398969
2020-04-03,161,314.37239339804
2020-04-03,370,345.153972388637
2020-04-03,211,365.021746360098
2020-04-03,370,208.806566736505
2020-04-03,275,414.124604179025
2020-04-03,502,575.049309819807
2020-04-03,722,310.806500388658
2020-04-03,560,454.432185365168
2020-04-03,525,352.293358727187
2020-04-03,333,212.291227608627
2020-04-03,423,145.419956410046
2020-04-03,168,229.178337538588
2020-04-03,500,396.794402623553
2020-04-03,204,226.245710405316
2020-04-03,383,229.149645237531
2020-04-03,302,310.322291731996
2020-04-03,506,416.863672420027
2020-04-03,656,465.451549630094
2020-04-03,496,354.922485470158
2020-04-03,544,390.812549255341
2020-04-03,487,345.736257093612
2020-04-03,135,393.965945448222
2020-04-03,175,210.038827365481
2020-04-03,180,246.156049601199
2020-04-03,512,278.457991644623
2020-04-03,257,295.040595179328
2020-04-03,524,323.413448537407
2020-04-03,586,303.325515713039
2020-04-03,136,207.772925876621
2020-04-03,278,176.119306920971
2020-04-03,268,126.734056647088
2020-04-03,215,117.169734681279
2020-04-03,274,276.801736122468
2020-04-03,153,311.87164054353
2020-04-03,181,214.173000719366
2020-04-03,531,249.05796860579
2020-04-03,755,225.047098435671
2020-04-03,278,170.283682835818
2020-04-03,486,132.366967697116
2020-04-03,94,83.8577933785006
2020-04-03,281,617.283468196146
2020-04-03,593,465.564778206037
2020-04-03,655,264.266696522352
2020-04-03,248,130.664225899841
2020-04-03,866,574.184928254248
2020-04-03,177,261.419050492486
2020-04-03,226,234.6018321659
2020-04-03,254,231.783447033915
2020-04-03,145,194.051549469797
2020-04-03,492,188.182558805965
2020-04-03,263,288.477380195144
2020-04-03,280,239.869129502217
2020-04-03,225,194.037045867348
2020-04-03,195,156.952084361586
2020-04-03,91,499.031808678712
2020-04-03,165,400.541667101321
2020-04-03,385,214.787501011687
2020-04-03,309,502.315961193459
2020-04-03,246,357.822307775788
2020-04-03,366,366.891450436185
2020-04-03,559,370.668438615683
2020-04-03,847,573.366462190629
2020-04-03,252,317.558343184547
2020-04-03,365,466.057834882805
2020-04-03,370,203.802618823949
2020-04-03,181,195.53157754913
2020-04-03,156,371.0335076441
2020-04-03,663,387.921633651335
2020-04-03,269,540.990506992729
2020-04-03,440,285.232601021493
2020-04-03,564,236.420971460973
2020-04-03,408,431.532466583816
2020-04-03,314,452.907000593325
2020-04-03,255,83.2518354778629
2020-04-03,870,330.109393747105
2020-04-03,759,376.271605464756
2020-04-03,776,547.171463098556
2020-04-03,377,526.793129447229
2020-04-03,652,332.73986492396
2020-04-03,711,640.034997162851
2020-04-03,484,225.8437999965
2020-04-03,295,454.973163516465
2020-04-03,343,303.578184706605
2020-04-03,142,525.597188576603
2020-04-03,409,221.961615886275
2020-04-03,449,439.922622115199
2020-04-03,466,504.714501931668
2020-04-03,455,534.244443321424
2020-04-03,521,305.582537924479
2020-04-03,556,323.439043258439
2020-04-03,873,462.610305145973
2020-04-03,787,229.169797117256
2020-04-03,427,305.847826021357
2020-04-03,471,215.983319866368
2020-04-03,246,468.108126454091
2020-04-03,323,338.526967244865
2020-04-03,226,317.605723083857
2020-04-03,66,208.300904614306
2020-04-03,0,179.949995350842
2020-04-03,99,135.105396587571
2020-04-03,137,267.613273325956
2020-04-03,147,115.337212060636
2020-04-03,62,208.656132258024
2020-04-03,281,247.280104484703
2020-04-03,247,271.952893884549
2020-04-03,391,186.888504101178
2020-04-03,259,205.396308428397
2020-04-03,379,260.948822704611
2020-04-03,337,257.566427881525
2020-04-03,337,249.881293022542
2020-04-03,312,174.880598908219
2020-04-03,395,257.446079814432
2020-04-03,139,143.266205067284
2020-04-03,202,144.941843508937
2020-04-03,161,292.492515690724
2020-04-03,148,145.639099837761
2020-04-03,485,304.506068632471
2020-04-03,204,188.735704166929
2020-04-03,420,198.774370323545
2020-04-03,249,199.604145903803
2020-04-03,438,355.546850069537
2020-04-03,256,239.426330728649
2020-04-03,279,323.630064438915
2020-04-03,405,209.566194142876
2020-04-03,303,267.424675894445
2020-04-03,535,508.966434581464
2020-04-03,554,302.069955114294
2020-04-03,564,419.557239784632
2020-04-03,193,219.664791952045
2020-04-03,562,384.899789311085
2020-04-03,688,472.661688393515
2020-04-03,444,261.990547604791
2020-04-03,200,278.951344599023
2020-04-03,330,299.837518082357
2020-04-03,565,301.719448463543
2020-04-03,603,360.491257286683
2020-04-03,298,349.051274186018
2020-04-03,234,253.594875919344
2020-04-03,206,291.340869054073
2020-04-03,215,376.669168948405
2020-04-03,366,231.662374140689
2020-04-03,368,268.827330402702
2020-04-03,221,174.077072925335
2020-04-03,187,207.421398551483
2020-04-03,158,316.613214736434
2020-04-03,278,174.080637802424
2020-04-03,413,261.216977301857
2020-04-03,192,235.079926967851
2020-04-03,158,277.608257726539
2020-04-03,359,223.824155558586
2020-04-03,251,283.481987432869
2020-04-03,193,256.953758513429
2020-04-03,273,270.439505636917
2020-04-03,298,216.343153562933
2020-04-03,353,261.687777420848
2020-04-03,246,173.519646000436
2020-04-03,189,243.153028804452
2020-04-03,115,295.151957360612
2020-04-03,133,227.041435578085
2020-04-03,224,304.557085124855
2020-04-03,304,182.286169524072
2020-04-03,246,265.863384930286
2020-04-03,255,258.906791568935
2020-04-03,180,221.288567715264
2020-04-03,485,240.256631840059
2020-04-03,354,366.633908817099
2020-04-03,451,328.427778829328
2020-04-03,477,415.670161726219
2020-04-03,433,385.70551255157
2020-04-03,463,311.421011555994
2020-04-03,290,279.025222689552
2020-04-03,254,433.585457599486
2020-04-03,442,456.721507281192
2020-04-03,518,402.182986058557
2020-04-03,360,313.044754372806
2020-04-03,434,342.693008071286
2020-04-03,245,132.868023642507
2020-04-03,445,215.34825899532
2020-04-03,215,246.784778348481
2020-04-03,488,393.790526255878
2020-04-03,359,367.307517425994
2020-04-03,490,432.692695277144
2020-04-03,259,234.443976804654
2020-04-03,187,254.291737208833
2020-04-03,309,196.318466886292
2020-04-03,451,507.091034278555
2020-04-03,474,227.190903352169
2020-04-03,378,412.005842027287
2020-04-03,297,319.773643341892
2020-04-03,449,528.344905050233
2020-04-03,931,519.148178888521
2020-04-03,452,440.219350566912
2020-04-03,357,433.265488179562
2020-04-03,550,489.994707721595
2020-04-03,565,488.022240312171
2020-04-03,617,496.972352823377
2020-04-03,839,597.771897919299
2020-04-03,568,520.595636290043
2020-04-03,544,436.000594425909
2020-04-03,350,465.309809431008
2020-04-03,552,470.618769643117
2020-04-03,971,438.795032225978
2020-04-03,620,418.113680321823
2020-04-03,649,503.898273407056
2020-04-03,396,237.739193121346
2020-04-03,168,460.898758523972
2020-04-03,124,179.557614028856
2020-04-03,483,579.178356931026
2020-04-03,474,503.213662714843
2020-04-03,438,326.699288347938
2020-04-03,1179,503.677705556305
2020-04-03,346,343.905132244959
2020-04-03,626,426.772487316812
2020-04-03,156,186.432624859274
2020-04-03,254,110.35631497615
2020-04-03,608,372.072243212084
2020-04-03,87,275.293630461301
2020-04-03,339,426.952401283173
2020-04-03,366,184.846526437051
2020-04-03,619,286.691152172999
2020-04-03,453,310.521669894459
2020-04-03,488,323.410077690195
2020-04-03,515,368.42176790904
2020-04-03,520,633.311017923278
2020-04-03,379,225.941423751627
2020-04-03,414,285.318706998562
2020-04-03,304,432.171239726643
2020-04-03,406,335.891342326388
2020-04-03,227,278.855924730184
2020-04-03,576,214.779483944918
2020-04-03,411,579.713117544101
2020-04-03,689,394.109814736541
2020-04-03,418,411.346577044454
2020-04-03,284,203.364550489254
2020-04-03,533,392.037720210201
2020-04-03,510,646.383203104178
2020-04-03,1225,719.798187311347
2020-04-03,1021,412.635271555494
2020-04-03,645,612.981750575056
2020-04-03,186,675.569934055549
2020-04-03,317,220.711502430619
2020-04-03,279,309.52927700575
2020-04-03,236,194.321426349406
2020-04-03,233,204.047698046976
2020-04-03,305,366.870193727585
2020-04-03,314,352.704465702093
2020-04-03,614,413.304858522299
2020-04-03,529,444.387394682619
2020-04-03,291,292.570151197687
2020-04-03,297,295.413992379307
2020-04-03,379,464.077072726369
2020-04-03,490,387.992929207041
2020-04-03,631,394.468525851699
2020-04-03,474,306.078043118755
2020-04-03,350,362.73775569931
2020-04-03,408,483.844597670017
2020-04-03,357,477.50622976537
2020-04-03,388,342.043140327532
2020-04-03,552,513.698810922779
2020-04-03,809,524.286109321028
2020-04-03,437,272.464003289919
2020-04-03,374,283.680040203447
2020-04-03,390,392.315755485152
2020-04-03,368,391.990063707238
2020-04-03,279,199.051295119261
2020-04-03,294,279.529241461134
2020-04-03,327,401.367754682124
2020-04-03,359,296.679636898529
2020-04-03,304,352.166487630004
2020-04-03,333,289.168608614623
2020-04-03,362,421.00308256484
2020-04-03,861,339.899680788955
2020-04-03,667,466.725443930959
2020-04-03,964,345.174188484444
2020-04-03,476,474.561772376625
2020-04-03,1119,515.511175436542
2020-04-03,573,621.14000195997
2020-04-03,739,601.21490729318
2020-04-03,683,464.735960190049
2020-04-03,270,436.834020900338
2020-04-03,405,340.295459931719
2020-04-03,456,343.098534595898
2020-04-03,168,74.5183447866859
2020-04-03,427,423.88688086199
2020-04-03,594,498.793404373601
2020-04-03,738,324.392771608398
2020-04-03,357,491.798060007674
2020-04-03,1492,517.170669845302
2020-04-03,219,203.336858530553
2020-04-03,637,620.807628715947
2020-04-03,158,459.807147345253
2020-04-03,125,168.210740103366
2020-04-03,204,200.381478845414
2020-04-03,208,229.298946406906
2020-04-03,268,114.465746875254
2020-04-03,339,313.32273402894
2020-04-03,367,442.509434439693
2020-04-03,319,79.5087119834514
2020-04-03,300,383.689704601633
2020-04-03,151,119.387393152751
2020-04-03,521,162.549881893192
2020-04-03,333,122.074814780351
2020-04-03,242,181.588784294366
2020-04-03,254,137.565247567968
2020-04-03,155,257.853043193473
2020-04-03,291,199.68293908308
2020-04-03,147,259.22268841611
2020-04-03,578,314.676458748031
2020-04-03,306,170.402931729171
2020-04-03,111,201.014382693923
2020-04-03,115,113.934730443663
2020-04-03,169,126.280550255322
2020-04-03,156,245.244100407416
2020-04-03,96,236.575138624299
2020-04-03,0,122.562025659289
2020-04-03,304,517.911197324828
2020-04-03,170,290.059030780978
2020-04-03,247,311.676116454671
2020-04-03,343,289.023166017224
2020-04-03,493,662.278969801198
2020-04-03,397,380.476286266051
2020-04-03,783,425.646322200037
2020-04-03,594,508.545355243526
2020-04-03,699,509.595343724347
2020-04-03,678,530.594138612753
2020-04-03,629,350.880807453314
2020-04-03,359,487.434096992727
2020-04-03,598,492.81563062096
2020-04-03,493,497.348284019889
2020-04-03,239,487.843980589081
2020-04-03,335,308.170542916043
2020-04-03,528,419.836772375377
2020-04-03,652,621.987815020371
2020-04-03,732,449.86500093799
2020-04-03,243,431.461054546259
2020-04-03,656,351.040820174257
2020-04-03,380,369.19145840046
2020-04-03,106,285.400479587834
2020-04-03,683,500.511435781844
2020-04-03,268,277.201768099628
2020-04-03,319,274.588773397026
2020-04-03,382,331.350653193541
2020-04-03,384,449.855961106532
2020-04-03,476,222.573850084278
2020-04-03,782,489.205658916093
2020-04-03,443,620.263404077083
2020-04-03,334,318.019456598811
2020-04-03,529,343.209255060191
2020-04-03,413,432.086087339224
2020-04-03,803,481.941964582934
2020-04-03,243,258.500736938832
2020-04-03,435,465.075835998069
2020-04-03,593,386.560203591576
2020-04-03,279,462.913196094305
2020-04-03,785,264.605060941692
2020-04-03,299,392.667302909974
2020-04-03,215,364.800676753636
2020-04-03,340,352.446375130215
2020-04-03,380,338.215819256246
2020-04-03,371,488.974296092686
2020-04-03,366,301.192514263766
2020-04-03,243,292.395477214914
2020-04-03,430,395.434991222957
2020-04-03,377,428.207749011975
2020-04-03,614,259.351902254342
2020-04-03,694,370.04145875947
2020-04-03,786,428.853811838821
2020-04-03,137,341.277030056816
2020-04-03,536,279.406650753076
2020-04-03,199,415.515296088299
2020-04-03,494,177.409438803264
2020-04-03,202,420.393138941422
2020-04-03,363,441.014973161948
2020-04-03,321,370.120404677035
2020-04-03,302,452.682701692644
2020-04-03,678,455.730720883996
2020-04-03,775,545.314747160069
2020-04-03,413,222.946834974865
2020-04-03,458,416.408913973956
2020-04-03,455,298.186947563604
2020-04-03,188,230.190310003116
2020-04-03,486,765.998909169528
2020-04-03,354,353.494646629903
2020-04-03,154,235.301554034324
2020-04-03,403,249.322068667568
2020-04-03,430,305.51657467088
2020-04-03,172,356.009133422297
2020-04-03,329,258.050309844116
2020-04-03,238,209.386413246105
2020-04-03,55,70.9188357579766
2020-04-03,245,170.084562681538
2020-04-03,665,402.912700281554
2020-04-03,177,151.146129951599
2020-04-03,293,230.002839549892
2020-04-03,423,383.776027239649
2020-04-03,544,297.341516085808
2020-04-03,127,215.336775455672
2020-04-03,347,174.485979277805
2020-04-03,87,231.868523100661
2020-04-03,123,67.6642710619918
2020-04-03,640,476.850081328543
2020-04-03,342,387.175891589229
2020-04-03,520,147.458778904361
2020-04-03,201,340.038707032926
2020-04-03,334,404.709589097131
2020-04-03,409,426.854900980919
2020-04-03,592,333.36269953152
2020-04-03,170,170.039771503777
2020-04-03,136,185.714019043558
2020-04-03,139,206.219185978467
2020-04-03,230,279.473018705757
2020-04-03,594,359.562354591389
2020-04-03,759,431.49945155793
2020-04-03,501,395.859655345972
2020-04-03,670,349.805573147404
2020-04-03,574,491.281776196063
2020-04-03,381,362.41334603629
2020-04-03,293,247.241347026624
2020-04-03,340,296.235361350935
2020-04-03,281,259.912178822173
2020-04-03,299,307.513400805114
2020-04-03,509,294.72776876153
2020-04-03,282,445.611372414605
2020-04-03,375,383.038452665926
2020-04-03,132,336.341035718716
2020-04-03,372,280.174606029585
2020-04-03,476,200.725047318889
2020-04-03,427,221.731687449396
2020-04-03,181,182.890195391832
2020-04-03,635,324.351290547645
2020-04-03,264,155.758511671187
2020-04-03,305,216.917222702275
2020-04-03,740,251.11233890266
2020-04-03,297,180.179720432442
2020-04-03,281,301.956469181607
2020-04-03,322,268.677674696719
2020-04-03,301,251.209046462922
2020-04-03,117,203.176463557649
2020-04-03,298,252.986757854988
2020-04-03,429,242.441908963995
2020-04-03,617,544.969104773216
2020-04-03,591,414.067712342885
2020-04-03,305,312.140239965184
2020-04-03,358,390.775298261999
2020-04-03,457,339.683971346323
2020-04-03,299,231.421480907358
2020-04-03,734,396.274757601933
2020-04-03,160,367.543347237872
2020-04-03,263,307.281164565108
2020-04-03,500,475.959050309144
2020-04-03,184,269.667208672397
2020-04-03,704,452.330976583055
2020-04-03,830,371.164743154948
2020-04-03,779,455.259448151642
2020-04-03,749,396.795023784015
2020-04-03,746,431.343954582801
2020-04-03,91,91.9711302829055
2020-04-03,16,357.235744964093
2020-04-03,186,182.871936071133
2020-04-03,137,219.608251046108
2020-04-03,304,186.69921229575
2020-04-03,270,87.0063442085567
2020-04-03,256,454.788463216542
2020-04-03,237,333.796707704104
2020-04-03,300,212.503031261982
2020-04-03,290,181.806147804075
2020-04-03,355,264.087120864906
2020-04-03,201,242.709087710512
2020-04-03,211,259.860616370467
2020-04-03,158,177.533126755977
2020-04-03,180,112.350637600722
2020-04-03,372,345.498416155354
2020-04-03,232,367.284729547163
2020-04-03,465,379.284407441233
2020-04-03,271,163.199588188016
2020-04-03,679,221.713633078941
2020-04-03,164,278.502621965384
2020-04-03,515,557.089049978089
2020-04-03,286,241.343656156857
2020-04-03,480,330.083764786369
2020-04-03,230,258.753291145538
2020-04-03,412,191.575763104694
2020-04-03,300,285.779754146005
2020-04-03,213,159.987340206895
2020-04-03,135,265.518096319107
2020-04-03,420,333.050244333252
2020-04-03,343,331.886574852644
2020-04-03,371,456.503165802678
2020-04-03,931,266.430727832703
2020-04-03,303,379.176620334805
2020-04-03,455,438.952596334596
2020-04-03,380,293.185263984678
2020-04-03,499,331.644547004358
2020-04-03,174,170.465555716147
2020-04-03,162,194.773033209682
2020-04-03,193,240.520331578397
2020-04-03,195,185.111422143712
2020-04-03,317,294.301398891899
2020-04-03,470,237.102064774643
2020-04-03,368,271.736397928332
2020-04-03,277,254.978765567986
2020-04-03,626,208.723406560656
2020-04-03,271,360.829965431125
2020-04-03,67,92.1045988418256
2020-04-03,232,213.4917583653
2020-04-03,438,200.365828381069
2020-04-03,319,321.150431733174
2020-04-03,375,258.772800243703
2020-04-03,200,253.237885332804
2020-04-03,320,282.642544165284
2020-04-03,402,439.177614805981
2020-04-03,334,184.685066625774
2020-04-03,205,94.049799596746
2020-04-03,110,103.772681071572
2020-04-03,288,253.348192511394
2020-04-03,185,190.236264658067
2020-04-03,351,235.486953041453
2020-04-03,632,460.991159773018
2020-04-03,275,294.335672803998
2020-04-03,384,445.78810778524
2020-04-03,315,559.899893874048
2020-04-03,293,191.646669972502
2020-04-03,208,272.291383768586
2020-04-03,863,333.346360989526
2020-04-03,523,434.845301587131
2020-04-03,227,301.719638604925
2020-04-03,453,243.620971141932
2020-04-03,430,251.136552686863
2020-04-03,197,340.749459347599
2020-04-03,599,211.869136944388
2020-04-03,159,219.912230460706
2020-04-03,266,268.40995527776
2020-04-03,533,184.533920239087
2020-04-03,149,71.8760787324181
2020-04-03,342,325.733738447622
2020-04-03,321,190.63285748073
2020-04-03,602,405.218971648348
2020-04-03,251,180.373537667705
2020-04-03,288,334.667923460698
2020-04-03,565,176.349501798679
2020-04-03,165,211.287793704143
2020-04-03,685,353.783666271009
2020-04-03,310,129.6413438991
2020-04-03,365,458.785968811075
2020-04-03,249,290.656555838575
2020-04-03,378,265.007566389365
2020-04-03,321,262.732666584974
2020-04-03,381,403.194338677599
2020-04-03,139,338.345406512519
2020-04-03,593,319.678885930242
2020-04-03,462,299.96198173643
2020-04-03,194,269.546367188155
2020-04-03,103,281.972931446613
2020-04-03,343,319.349446415219
2020-04-03,302,106.961825560172
2020-04-03,134,116.49926444711
2020-04-03,120,156.635453014003
2020-04-03,297,313.964436745072
2020-04-03,473,134.771180348002
2020-04-03,392,274.275313820525
2020-04-03,371,254.433503228134
2020-04-03,254,283.631290772119
2020-04-03,24,130.046139328564
2020-04-03,561,436.3506921017
2020-04-03,256,255.08294246358
2020-04-03,158,497.278758887561
2020-04-03,277,302.009381045686
2020-04-03,590,484.502402222507
2020-04-03,257,346.415462885736
2020-04-03,350,286.820452327384
2020-04-03,267,197.758447820143
2020-04-03,141,314.344390387481
2020-04-03,901,397.422536124424
2020-04-03,273,158.731580225826
2020-04-03,592,348.60654861558
2020-04-03,404,388.138323697483
2020-04-03,487,260.088770828852
2020-04-03,379,211.78419742164
2020-04-03,347,303.184612503647
2020-04-03,357,232.243599065055
2020-04-03,445,296.594085887373
2020-04-03,380,352.673216521641
2020-04-03,244,300.626116352381
2020-04-03,102,169.845655213582
2020-04-03,245,255.700186966188
2020-04-03,265,178.588274556897
2020-04-03,265,179.840857561352
2020-04-03,323,195.007618648519
2020-04-03,216,289.343625961209
2020-04-03,128,293.793468363565
2020-04-03,267,171.645183639751
2020-04-03,158,249.911884575176
2020-04-03,392,176.241599590159
2020-04-03,236,286.716756676315
2020-04-03,343,318.475472687002
2020-04-03,195,206.873613269405
2020-04-03,201,146.023600580215
2020-04-03,311,227.58297069237
2020-04-03,349,221.388784826658
2020-04-03,200,325.920844613458
2020-04-03,446,329.894502763071
2020-04-03,355,225.006472074859
2020-04-03,341,311.699710724196
2020-04-03,375,302.580767414703
2020-04-03,313,268.757569099884
2020-04-03,379,291.842704230738
2020-04-03,262,225.453527027137
2020-04-03,642,261.238967928911
2020-04-03,315,273.468825404443
2020-04-03,215,170.736124712164
2020-04-03,227,234.430832386241
2020-04-03,289,354.511152378209
2020-04-03,219,238.637674830318
2020-04-03,194,195.062511865966
2020-04-03,394,326.860253925463
2020-04-03,599,268.436674949978
2020-04-03,311,339.264581375207
2020-04-03,381,223.396256096627
2020-04-03,470,260.460052618581
2020-04-03,408,339.322670918996
2020-04-03,440,291.580547998873
2020-04-03,238,306.582601957533
2020-04-03,138,449.854369509884
2020-04-03,225,174.570837848895
2020-04-03,583,382.681623886118
2020-04-03,373,236.033185083708
2020-04-03,340,270.120510209938
2020-04-03,171,264.155026372794
2020-04-03,674,322.135733483613
2020-04-03,660,225.333432014952
2020-04-03,507,344.522377931447
2020-04-03,362,404.359932888618
2020-04-03,282,294.870518249838
2020-04-03,133,294.683407065587
2020-04-03,363,205.433382774507
2020-04-03,131,136.687464145958
2020-04-03,132,247.326880043404
2020-04-03,176,209.835303006434
2020-04-03,118,135.522619439149
2020-04-03,147,176.504518167107
2020-04-03,247,176.302025676403
2020-04-03,200,148.822341494751
2020-04-03,188,146.467510642655
2020-04-03,208,213.893775423743
2020-04-03,193,143.99376281145
2020-04-03,338,240.251705530231
2020-04-03,400,269.031723323312
2020-04-03,300,215.431519954071
2020-04-03,251,231.7121043762
2020-04-03,102,353.087709507663
2020-04-03,353,309.296230128727
2020-04-03,223,350.339353823838
2020-04-03,312,185.383140800887
2020-04-03,396,406.474827640201
2020-04-03,382,363.591611354568
2020-04-03,798,307.830756813226
2020-04-03,580,310.635220376933
2020-04-03,562,294.07467113112
2020-04-03,436,412.325961042705
2020-04-03,240,306.534785502905
2020-04-03,265,275.12608103287
2020-04-03,249,228.293011779613
2020-04-03,305,267.032420941249
2020-04-03,199,260.367592186347
2020-04-03,177,294.937763286923
2020-04-03,162,258.705731165582
2020-04-03,119,105.475473400698
2020-04-03,146,127.010381981828
2020-04-03,211,238.950604610449
2020-04-03,246,255.22389281087
2020-04-03,292,281.519928432622
2020-04-03,762,321.489773464208
2020-04-03,535,312.484532109923
2020-04-03,405,238.580029759063
2020-04-03,108,214.85514766149
2020-04-03,94,219.931030040288
2020-04-03,312,311.315841209416
2020-04-03,418,284.41296361751
2020-04-03,188,204.992439424788
2020-04-03,478,239.892779005216
2020-04-03,277,358.81513665659
2020-04-03,341,336.625823122998
2020-04-03,251,200.745427146044
2020-04-03,417,303.001096379196
2020-04-03,130,201.903025328669
2020-04-03,102,246.016467364084
2020-04-03,257,262.668915736528
2020-04-03,213,201.763199672315
2020-04-03,281,161.830396734504
2020-04-03,272,136.015878313737
2020-04-03,142,291.799144112692
2020-04-03,204,232.831807703212
2020-04-03,240,182.849279217381
2020-04-03,599,163.383197923418
2020-04-03,172,258.531891905347
2020-04-03,168,266.17907282288
2020-04-03,300,255.252530974094
2020-04-03,221,117.139953150725
2020-04-03,157,178.711581187017
2020-04-03,328,325.418012447359
2020-04-03,37,132.75393363293
2020-04-03,235,210.548843915833
2020-04-03,381,261.256881170399
2020-04-03,462,250.796595872443
2020-04-03,199,245.698046639785
2020-04-03,266,292.218280665618
2020-04-03,282,320.076371144348
2020-04-03,496,321.577070520983
2020-04-03,311,403.407383608366
2020-04-03,674,374.513566296205
2020-04-03,604,292.704841150442
2020-04-03,874,522.537483173007
2020-04-03,437,248.636006533921
2020-04-03,299,365.656251122832
2020-04-03,335,272.68143914883
2020-04-03,346,399.527628692631
2020-04-03,479,292.431593998789
2020-04-03,66,348.919280581118
2020-04-03,475,245.662022264379
2020-04-03,323,410.482861396234
2020-04-03,267,367.91727457551
2020-04-03,146,214.742693618038
2020-04-03,140,227.62333328651
2020-04-03,458,571.77307076955
2020-04-03,204,223.080698024711
2020-04-03,314,372.492243491896
2020-04-03,227,234.638236091547
2020-04-03,501,375.979974357811
2020-04-03,214,159.309734895515
2020-04-03,270,365.616028645679
2020-04-03,368,205.123424209454
2020-04-03,400,252.327818482509
2020-04-03,397,537.860282044092
2020-04-03,475,213.443696473114
2020-04-03,481,530.177150025849
2020-04-03,354,307.316687639756
2020-04-03,498,321.38317303259
2020-04-03,627,419.526922016007
2020-04-03,247,342.08066677942
2020-04-03,412,356.732564753181
2020-04-03,232,182.379250773103
2020-04-03,423,372.987989455875
2020-04-03,290,359.369172268706
2020-04-03,280,379.357499120225
2020-04-03,357,390.388698190326
2020-04-03,445,344.419295432942
2020-04-03,388,121.163493005479
2020-04-03,385,238.804408681362
2020-04-03,143,134.734383337497
2020-04-03,415,258.250637234108
2020-04-03,141,240.064597205697
2020-04-03,186,206.387042570938
2020-04-03,186,229.526108764732
2020-04-03,420,371.105893148843
2020-04-03,742,237.427875921718
2020-04-03,238,312.70958361456
2020-04-03,121,319.669660668361
2020-04-03,230,101.865722045525
2020-04-03,414,461.179156636548
2020-04-03,535,304.307319065144
2020-04-03,138,242.641027974254
2020-04-03,191,176.518071826342
2020-04-03,197,133.613473552297
2020-04-03,343,262.915652276131
2020-04-03,333,444.898776021115
2020-04-03,200,206.259066046819
2020-04-03,327,348.333297715137
2020-04-03,397,357.695986437938
2020-04-03,240,237.678748489856
2020-04-03,247,190.789872397666
2020-04-03,247,284.738154169554
2020-04-03,94,195.192196734671
2020-04-03,403,225.802454427556
2020-04-03,167,161.887313976723
2020-04-03,212,183.569623080465
2020-04-03,209,196.795595621301
2020-04-03,314,273.152955863416
2020-04-03,338,238.945455979519
2020-04-03,205,290.885994855046
2020-04-03,387,193.949721374542
2020-04-03,333,221.297479123985
2020-04-03,339,208.944655877201
2020-04-03,166,271.087724358022
2020-04-03,400,312.001928761382
2020-04-03,349,296.202176618084
2020-04-03,200,211.644220475306
2020-04-03,222,245.147652750157
2020-04-03,323,310.723894222693
2020-04-03,187,359.191681651201
2020-04-03,393,236.66645163797
2020-04-03,141,204.69288346359
2020-04-03,286,231.827474226406
2020-04-03,277,372.46327275986
2020-04-03,314,324.075148200921
2020-04-03,110,259.260107333404
2020-04-03,123,183.22662328242
2020-04-03,151,185.24598336317
2020-04-03,294,331.771748894285
2020-04-03,291,216.339003237311
2020-04-03,309,128.95678032548
2020-04-03,435,216.481268811545
2020-04-03,165,216.286037630278
2020-04-03,253,297.59980323378
2020-04-03,512,235.839116783641
2020-04-03,166,191.182605040886
2020-04-03,223,299.428901377271
2020-04-03,194,161.622537579266
2020-04-03,414,407.472020762979
2020-04-03,255,373.013858315271
2020-04-03,209,171.334166532783
2020-04-03,370,311.431748833892
2020-04-03,745,392.598582468513
2020-04-03,212,359.551815038272
2020-04-03,745,239.854149588654
2020-04-03,226,199.531700501261
2020-04-03,294,194.688065351346
2020-04-03,111,256.267074281185
2020-04-03,282,175.192651610636
2020-04-03,431,205.661583781578
2020-04-03,278,174.913523330964
2020-04-03,200,246.807540960011
2020-04-03,229,340.263815676715
2020-04-03,377,322.789153448256
2020-04-03,182,263.1171809105
2020-04-03,214,206.651865390092
2020-04-03,147,246.552088574686
2020-04-03,171,199.02385277716
2020-04-03,299,84.0879936736395
2020-04-03,218,148.054626575515
2020-04-03,93,190.106911960786
2020-04-03,108,301.109190455271
2020-04-03,196,169.716132805413
2020-04-03,171,218.097819057057
2020-04-03,306,205.785053756133
2020-04-03,140,227.599952640508
2020-04-03,183,116.138368529166
2020-04-03,305,323.855835210257
2020-04-03,437,223.421855211297
2020-04-03,78,143.936729292761
2020-04-03,91,128.326104378531
2020-04-03,111,153.351690183612
2020-04-03,89,142.896274872892
2020-04-03,353,253.996428694407
2020-04-03,166,118.132429468388
2020-04-03,157,164.264808064039
2020-04-03,208,223.070157123262
2020-04-03,164,115.15034286074
2020-04-03,398,166.439627562832
2020-04-03,300,457.566008538361
2020-04-03,430,158.167713624933
2020-04-03,140,263.945004721749
2020-04-03,159,212.674474174302
2020-04-03,395,269.088401890789
2020-04-03,134,181.497950224506
2020-04-03,164,190.557654708801
2020-04-03,132,244.347850690931
2020-04-03,241,183.474143032336
2020-04-03,174,236.226443099761
2020-04-03,341,217.408377826165
2020-04-03,349,308.147995477267
2020-04-03,199,207.046263678172
2020-04-03,436,441.488891378866
2020-04-03,634,422.384757175169
2020-04-03,292,328.845141748172
2020-04-03,645,585.557746621817
2020-04-03,411,339.00420566377
2020-04-03,280,172.903364669783
2020-04-03,215,270.304375830985
2020-04-03,283,339.157563689768
2020-04-03,372,242.907103809288
2020-04-03,467,480.6716513557
2020-04-03,573,533.479433207439
2020-04-03,126,155.803890403036
2020-04-03,0,312.799337848069
2020-04-03,402,305.041037608269
2020-04-03,925,535.919111425986
2020-04-03,495,444.479586002382
2020-04-03,210,486.56463003073
2020-04-03,288,394.806727606004
2020-04-03,353,366.897502207978
2020-04-03,416,406.83338950051
2020-04-03,244,332.136176731213
2020-04-03,753,528.629886456066
2020-04-03,197,299.105826366384
2020-04-03,593,220.640656378474
2020-04-03,633,483.205739012848
2020-04-03,396,335.940208765199
2020-04-03,208,393.479910261805
2020-04-03,200,98.820225768218
2020-04-03,403,229.705066764737
2020-04-03,248,307.325395878324
2020-04-03,288,349.976449841457
2020-04-03,270,469.711644285353
2020-04-03,374,397.530499783201
2020-04-03,876,291.728711935526
2020-04-03,208,151.418046844244
2020-04-03,371,164.593831668752
2020-04-03,325,150.192503616732
2020-04-03,152,323.878109627712
2020-04-03,499,222.105362152846
2020-04-03,345,259.263123324358
2020-04-03,140,361.46614023019
2020-04-03,1072,484.224423335869
2020-04-03,303,522.742326341185
2020-04-03,435,316.912017364542
2020-04-03,806,658.279246492623
2020-04-03,643,432.880314656724
2020-04-03,608,456.794337444303
2020-04-03,754,355.086887647668
2020-04-03,416,460.691199474429
2020-04-03,427,376.3629505641
2020-04-03,110,159.412394527747
2020-04-03,273,176.245448973683
2020-04-03,301,217.273677270478
2020-04-03,232,293.055312379013
2020-04-03,272,181.65737301548
2020-04-03,181,266.94115417178
2020-04-03,397,130.793084774074
2020-04-03,169,163.6110312469
2020-04-03,547,342.429887617249
2020-04-03,139,246.035172802037
2020-04-03,194,56.7161083581112
2020-04-03,287,228.525478160038
2020-04-03,184,247.55730174998
2020-04-03,214,319.517212485668
2020-04-03,241,197.963364301989
2020-04-03,236,175.242960061774
2020-04-03,280,222.321307215818
2020-04-03,534,410.582261409216
2020-04-03,164,152.538434906141
2020-04-03,157,140.735218072778
2020-04-03,125,212.510326831242
2020-04-03,82,193.684156203585
2020-04-03,120,123.105643309718
2020-04-03,306,124.840583394981
2020-04-03,77,137.997193997816
2020-04-03,204,162.654020357125
2020-04-03,42,111.124563990112
2020-04-03,77,80.8399035617799
2020-04-03,112,89.3096448753596
2020-04-03,90,89.0807319393089
2020-04-03,50,58.3732823379993
2020-04-03,60,126.586173144709
2020-04-03,119,72.4018103902747
2020-04-03,96,86.8630849005243
2020-04-03,70,52.4148971285465
2020-04-03,108,129.552249956234
2020-04-03,126,94.8263954656301
2020-04-03,202,192.739218436406
2020-04-03,114,121.911474855881
2020-04-03,135,104.738235763324
2020-04-03,88,97.4712819717745
2020-04-03,117,122.106055399106
2020-04-03,106,130.199920627985
2020-04-03,122,137.64946635641
2020-04-03,156,190.38992052048
2020-04-03,123,193.293807996061
2020-04-03,149,181.887404304712
2020-04-03,247,129.632550946033
2020-04-03,204,219.632889173397
2020-04-03,180,155.609257866952
2020-04-03,210,190.64550278369
2020-04-03,204,157.69899929809
2020-04-03,199,157.542959708556
2020-04-03,261,175.173899324937
2020-04-03,177,240.923329227845
2020-04-03,272,205.642603791862
2020-04-03,157,166.141947771411
2020-04-03,356,208.485531719456
2020-04-03,381,253.90825380204
2020-04-03,452,275.14161732915
2020-04-03,531,339.843445305988
2020-04-03,489,264.818101594196
2020-04-03,268,260.603056661276
2020-04-03,729,317.188305482556
2020-04-03,380,344.556227112496
2020-04-03,389,283.321656803669
2020-04-03,169,266.093416904814
2020-04-03,355,276.229229390287
2020-04-03,323,289.328441221549
2020-04-03,612,231.506515399732
2020-04-03,402,226.032747514661
2020-04-03,339,228.411613252118
2020-04-03,21,370.550169286034
2020-04-03,62,291.095884875331
2020-04-03,445,326.743841531336
2020-04-03,48,238.363255448846
2020-04-03,626,285.739624259196
2020-04-03,314,297.161913472394
2020-04-03,476,294.93723845024
2020-04-03,445,366.592252369039
2020-04-03,452,311.558130294446
2020-04-03,397,433.230983949256
2020-04-03,298,401.238922116918
2020-04-03,877,307.001503297031
2020-04-03,221,288.876044372531
2020-04-03,262,364.099314797099
2020-04-03,207,260.370271873847
2020-04-03,397,173.16333764948
2020-04-03,410,310.197942917422
2020-04-03,198,243.913736130409
2020-04-03,319,273.221795983297
2020-04-03,108,256.65469919757
2020-04-03,137,173.119478016117
2020-04-03,149,219.365645318404
2020-04-03,183,327.558350271364
2020-04-03,678,210.200296462864
2020-04-03,396,354.786932989072
2020-04-03,506,502.148070152168
2020-04-03,317,331.411154285926
2020-04-03,429,311.949990454064
2020-04-03,439,268.08301984266
2020-04-03,650,278.948200265796
2020-04-03,104,184.855048708564
2020-04-03,194,255.564558847646
2020-04-03,159,151.661226047956
2020-04-03,82,97.8495440041564
2020-04-03,20,111.760023720737
2020-04-03,119,149.851585634474
2020-04-03,273,212.412866482718
2020-04-03,305,181.562134067421
2020-04-03,213,201.829698035536
2020-04-03,355,256.458250007323
2020-04-03,389,252.979235590047
2020-04-03,277,331.540592230153
2020-04-03,390,256.968573159787
2020-04-03,162,110.434712624383
2020-04-03,430,83.0059522532954
2020-04-03,328,216.222997261506
2020-04-03,405,253.294039882946
2020-04-03,317,270.847615631942
2020-04-03,286,227.150791013969
2020-04-03,298,196.847332608742
2020-04-03,220,225.329086828534
2020-04-03,149,129.743959195863
2020-04-03,224,188.230011255607
2020-04-03,273,253.348583968388
2020-04-03,181,179.447845279069
2020-04-03,238,223.145333178291
2020-04-03,364,389.401052273274
2020-04-03,375,294.983396998698
2020-04-03,190,254.144978901565
2020-04-03,468,272.868640748886
2020-04-03,304,161.551619341308
2020-04-03,78,215.386518460309
2020-04-03,400,236.424338572463
2020-04-03,347,221.158501740245
2020-04-03,135,175.704793076812
2020-04-03,144,182.233805632007
2020-04-03,140,114.657876310849
2020-04-03,42,148.121139502872
2020-04-03,187,146.510432486685
2020-04-03,209,199.935039765999
2020-04-03,163,107.332110879552
2020-04-03,149,122.011765762895
2020-04-03,145,172.818706919079
2020-04-03,51,171.964868495394
2020-04-03,243,83.2594000002567
2020-04-03,153,145.038300560874
2020-04-03,84,135.506746604114
2020-04-03,119,182.803997137287
2020-04-03,257,161.673020518706
2020-04-03,120,124.193350640635
2020-04-03,182,185.238301777263
2020-04-03,283,159.74623921489
2020-04-03,145,188.298770078103
2020-04-03,174,161.250412474134
2020-04-03,46,216.096167298164
2020-04-03,166,140.935255759164
2020-04-03,129,117.192612786138
2020-04-03,159,170.767055685891
2020-04-03,244,221.651739298045
2020-04-03,153,198.445435994145
2020-04-03,348,284.1292101583
2020-04-03,155,210.288151857347
2020-04-03,340,213.03850138825
2020-04-03,517,292.349217820012
2020-04-03,197,294.614813713044
2020-04-03,91,123.076535396361
2020-04-03,164,171.046687405942
2020-04-03,211,204.405880472967
2020-04-03,433,190.206583547962
2020-04-03,272,275.388728780047
2020-04-03,128,190.835104394842
2020-04-03,148,223.924326271092
2020-04-03,285,178.342828976865
2020-04-03,189,184.922787785724
2020-04-03,150,175.256847614365
2020-04-03,209,224.001832475812
2020-04-03,193,172.693392267444
2020-04-03,660,215.101250796665
2020-04-03,305,283.303196229065
2020-04-03,367,251.149095154289
2020-04-03,195,246.275704060649
2020-04-03,231,335.886888283722
2020-04-03,222,266.920290947187
2020-04-03,332,156.399899222133
2020-04-03,224,320.464346005185
2020-04-03,127,249.880350938017
2020-04-03,406,297.969860130892
2020-04-03,293,178.965445427774
2020-04-03,253,165.874424426417
2020-04-03,367,213.323040250597
2020-04-03,267,298.003244798256
2020-04-03,424,296.516527087849
2020-04-03,405,271.622858274557
2020-04-03,136,177.534062985375
2020-04-03,305,199.397288168822
2020-04-03,405,241.177963737964
2020-04-03,158,219.021343156521
2020-04-03,598,263.218983403285
2020-04-03,526,233.221539743853
2020-04-03,540,438.824090673913
2020-04-03,419,364.755546877706
2020-04-03,260,216.4277320129
2020-04-03,259,225.743924969737
2020-04-03,435,186.774470777664
2020-04-03,373,194.127731468502
2020-04-03,241,253.522649542735
2020-04-03,165,241.263319911441
2020-04-03,218,155.656254588487
2020-04-03,302,208.016716219162
2020-04-03,401,226.436821004794
2020-04-03,245,240.806980907949
2020-04-03,303,224.570809533197
2020-04-03,203,374.620611981061
2020-04-03,75,184.577831090135
2020-04-03,232,184.519406346429
2020-04-03,82,108.403583429605
2020-04-03,143,102.112000116178
2020-04-03,230,152.412668214989
2020-04-03,137,111.097038514867
2020-04-03,131,179.161492562432
2020-04-03,198,173.649851992883
2020-04-03,193,171.829541233698
2020-04-03,477,140.900600709372
2020-04-03,127,151.898224676069
2020-04-03,360,159.243739515131
2020-04-03,209,128.771878419277
2020-04-03,82,144.026781072088
2020-04-03,72,223.893915897263
2020-04-03,46,95.8909815727239
2020-04-03,28,68.183391969542
2020-04-03,74,111.291098773252
2020-04-03,283,168.559817799762
2020-04-03,192,205.242819822686
2020-04-03,107,129.480528035361
2020-04-03,218,192.905123455679
2020-04-03,244,137.504268486145
2020-04-03,282,201.771675821179
2020-04-03,364,152.496331668409
2020-04-03,275,198.709961284438
2020-04-03,342,244.24351736273
2020-04-03,231,246.714414262882
2020-04-03,292,202.584901842132
2020-04-03,159,210.380616941065
2020-04-03,288,234.374851201235
2020-04-03,513,186.088172800204
2020-04-03,249,188.780445332699
2020-04-03,231,202.345337882979
2020-04-03,202,177.454680464499
2020-04-03,139,148.31873740537
2020-04-03,153,107.588689695931
2020-04-03,96,145.667208363049
2020-04-03,288,151.225350140036
2020-04-03,204,176.449588650297
2020-04-03,268,196.29324749657
2020-04-03,251,241.94839772753
2020-04-03,210,195.442543039813
2020-04-03,399,285.907199530252
2020-04-03,350,204.802820868823
2020-04-03,353,323.315094854261
2020-04-03,517,280.74571749603
2020-04-03,486,200.308185060037
2020-04-03,381,319.231544640946
2020-04-03,121,158.867722306111
2020-04-03,144,217.6795640069
2020-04-03,184,286.556495084199
2020-04-03,243,325.382216581339
2020-04-03,1005,248.918768761201
2020-04-03,240,238.874893347022
2020-04-03,498,254.917567559254
2020-04-03,424,261.654113319494
2020-04-03,288,276.356435769292
2020-04-03,317,304.666141904417
2020-04-03,392,283.179018920384
2020-04-03,313,196.605446635949
2020-04-03,194,240.837621829457
2020-04-03,306,257.975040665103
2020-04-03,260,232.493153535182
2020-04-03,499,265.833276491326
2020-04-03,426,230.759677645957
2020-04-03,259,234.96261007193
2020-04-03,89,273.099029010881
2020-04-03,492,366.652884540922
2020-04-03,188,263.021597279752
2020-04-03,274,274.017496951735
2020-04-03,246,216.453900611124
2020-04-03,382,266.771118660645
2020-04-03,393,368.721065578588
2020-04-03,282,464.468324826608
2020-04-03,395,541.959840242254
2020-04-03,260,423.140625297005
2020-04-03,168,256.76173997638
2020-04-03,373,300.609399177919
2020-04-03,374,242.752372407626
2020-04-03,644,415.804255073206
2020-04-03,771,256.138792361924
2020-04-03,566,454.89778340397
2020-04-03,416,246.805300153035
2020-04-03,446,200.178628033925
2020-04-03,435,400.542366696837
2020-04-03,335,276.171205137265
2020-04-03,575,279.198346230297
2020-04-03,358,358.79693703538
2020-04-03,518,391.769434085158
2020-04-03,384,300.349260982505
2020-04-03,324,241.018281935367
2020-04-03,445,358.344372081391
2020-04-03,728,414.33405926364
2020-04-03,381,253.36309577049
2020-04-03,355,367.909671691962
2020-04-03,450,379.939933884747
2020-04-03,284,352.715172526273
2020-04-03,492,463.883668398348
2020-04-03,397,521.825324747856
2020-04-03,333,281.079123356998
2020-04-03,416,462.089835218735
2020-04-03,706,351.827891905021
2020-04-03,251,283.174562896373
2020-04-03,362,279.62321183847
2020-04-03,458,352.866650697133
2020-04-03,552,279.258960702821
2020-04-03,527,345.370895292121
2020-04-03,725,221.673951630612
2020-04-03,331,343.772269587941
2020-04-03,347,223.062142906619
2020-04-03,280,344.89014265636
2020-04-03,292,174.334660328521
2020-04-03,344,366.357034507398
2020-04-03,320,326.98557175927
2020-04-03,517,255.781155961782
2020-04-03,450,255.408709956871
2020-04-03,488,267.304297852956
2020-04-03,424,394.926164460111
2020-04-03,256,299.083663527619
2020-04-03,219,299.971203682308
2020-04-03,440,211.789494551983
2020-04-03,224,225.802007355536
2020-04-03,569,385.216224239575
2020-04-03,282,219.904210449496
2020-04-03,556,411.639824757496
2020-04-03,213,369.787665324055
2020-04-03,443,235.489600931916
2020-04-03,349,272.433200139828
2020-04-03,498,320.762168351693
2020-04-03,561,259.214525607471
2020-04-03,428,349.675715777267
2020-04-03,441,346.634976221967
2020-04-03,225,338.673060859906
2020-04-03,336,413.846345074424
2020-04-03,447,310.827600050165
2020-04-03,372,262.125019576312
2020-04-03,783,358.624317339446
2020-04-03,518,408.308239279136
2020-04-03,303,285.658225002676
2020-04-03,471,298.991410695147
2020-04-03,479,255.376466277723
2020-04-03,651,322.626258023075
2020-04-03,514,448.459242354394
2020-04-03,254,375.113458114404
2020-04-03,348,258.337009708515
2020-04-03,502,228.788332893273
2020-04-03,471,304.713286043416
2020-04-03,460,267.998116307551
2020-04-03,311,269.33845159669
2020-04-03,289,237.339532465649
2020-04-03,563,225.902287638794
2020-04-03,62,480.032913450979
2020-04-03,531,310.146406851111
2020-04-03,410,348.353789551375
2020-04-03,85,231.500847829033
2020-04-03,129,137.985968891048
2020-04-03,204,434.975712135266
2020-04-03,374,283.295880623388
2020-04-03,458,304.873176005749
2020-04-03,189,282.542305676932
2020-04-03,178,159.633355856543
2020-04-03,250,201.064462805087
2020-04-03,184,403.775438748316
2020-04-03,357,208.128720183821
2020-04-03,165,328.996416613999
2020-04-03,119,612.202251901651
2020-04-03,194,549.969495595199
2020-04-03,269,423.963456131287
2020-04-03,180,118.530460917799
2020-04-03,139,74.7416817259575
2020-04-03,64,87.1826327143573
2020-04-03,60,169.227092243125
2020-04-03,136,126.849710788144
2020-04-03,301,291.107281022355
2020-04-03,583,469.771299279715
2020-04-03,272,657.061001171071
2020-04-03,12,330.760979810602
2020-04-03,35,827.898097017969
2020-04-03,73,533.605588232764
2020-04-03,46,154.799040271819
2020-04-03,176,243.837089850382
2020-04-03,27,153.45397473571
2020-04-03,97,385.226749621796
2020-04-03,50,413.143696184199
2020-04-03,194,801.742889565067
2020-04-03,29,421.52982384924
2020-04-04,350,223.056858260115
2020-04-04,241,211.608509617306
2020-04-04,219,238.99173768188
2020-04-04,231,202.182358046658
2020-04-04,287,179.885420413856
2020-04-04,306,161.358327340848
2020-04-04,108,143.777615539982
2020-04-04,155,126.652918347816
2020-04-04,79,69.2263905734501
2020-04-04,165,207.765744302247
2020-04-04,118,144.856881737434
2020-04-04,104,136.540555674271
2020-04-04,160,82.109716104414
2020-04-04,142,297.568002251951
2020-04-04,134,137.409136628037
2020-04-04,140,151.239554092724
2020-04-04,202,146.882711684619
2020-04-04,232,234.432965362428
2020-04-04,202,217.95830539924
2020-04-04,269,219.136131985518
2020-04-04,168,248.382853116122
2020-04-04,152,234.54244954681
2020-04-04,246,131.933460250963
2020-04-04,178,170.454868747925
2020-04-04,278,366.842589972769
2020-04-04,234,285.298779062061
2020-04-04,134,158.269732472766
2020-04-04,363,193.567352491829
2020-04-04,287,181.928211138042
2020-04-04,428,276.095036513623
2020-04-04,403,283.411338901593
2020-04-04,339,363.631115045115
2020-04-04,211,150.059378702437
2020-04-04,193,265.801768032478
2020-04-04,171,233.002802173123
2020-04-04,119,207.033961678323
2020-04-04,288,324.491839925314
2020-04-04,363,370.093118764812
2020-04-04,252,301.73474977507
2020-04-04,173,212.020176275057
2020-04-04,336,219.720748829077
2020-04-04,349,187.452131976889
2020-04-04,324,260.293574086037
2020-04-04,223,184.648521941551
2020-04-04,201,204.077723222902
2020-04-04,221,531.895302393193
2020-04-04,251,378.079410239374
2020-04-04,225,332.280392502496
2020-04-04,257,312.409239570098
2020-04-04,146,178.655199341445
2020-04-04,487,149.092037856521
2020-04-04,162,155.332296572977
2020-04-04,329,262.884412601608
2020-04-04,484,209.786111026688
2020-04-04,222,247.397469361839
2020-04-04,369,343.039574698393
2020-04-04,417,332.737973252599
2020-04-04,121,160.744870329372
2020-04-04,220,139.657339006505
2020-04-04,191,178.8604603929
2020-04-04,124,237.173077415551
2020-04-04,188,195.669818734431
2020-04-04,454,382.042970295064
2020-04-04,694,325.995902493505
2020-04-04,192,321.989596934338
2020-04-04,343,321.464534122325
2020-04-04,302,306.197507547199
2020-04-04,427,284.186357284112
2020-04-04,141,121.867785885783
2020-04-04,616,204.204322806334
2020-04-04,350,271.218736469493
2020-04-04,424,239.96552314948
2020-04-04,713,314.203908996415
2020-04-04,213,250.625457823709
2020-04-04,246,194.781704172331
2020-04-04,239,319.592884988582
2020-04-04,397,403.597832392237
2020-04-04,300,286.057789526762
2020-04-04,426,323.997774054823
2020-04-04,562,471.038087849119
2020-04-04,344,205.917629210119
2020-04-04,427,219.758066041527
2020-04-04,70,281.925155711148
2020-04-04,263,296.283592192871
2020-04-04,152,219.454594595766
2020-04-04,180,112.41000170495
2020-04-04,247,304.602146773732
2020-04-04,159,186.036634295078
2020-04-04,226,234.625693195468
2020-04-04,108,326.499058913475
2020-04-04,355,185.826855600784
2020-04-04,535,280.391656901384
2020-04-04,225,377.311162048586
2020-04-04,233,443.573219572848
2020-04-04,1019,544.435598853504
2020-04-04,733,536.246327663349
2020-04-04,471,654.288633101426
2020-04-04,623,433.936052737884
2020-04-04,629,581.298150633696
2020-04-04,773,423.971016029674
2020-04-04,348,389.072174273017
2020-04-04,312,455.472205459334
2020-04-04,361,294.35377812901
2020-04-04,178,185.41690377727
2020-04-04,433,299.650635016046
2020-04-04,409,547.941553953556
2020-04-04,235,301.802192301853
2020-04-04,412,386.882232108024
2020-04-04,217,143.191291596566
2020-04-04,206,182.996280229241
2020-04-04,175,189.177969435433
2020-04-04,176,189.671205716475
2020-04-04,254,102.339856690344
2020-04-04,194,176.333174049716
2020-04-04,221,214.722372302564
2020-04-04,235,233.605024447061
2020-04-04,773,485.428298118027
2020-04-04,547,502.373555590657
2020-04-04,675,579.108280679409
2020-04-04,598,801.302604945261
2020-04-04,570,530.521539322159
2020-04-04,965,812.908748553773
2020-04-04,1390,469.517562779655
2020-04-04,1082,508.974693319102
2020-04-04,555,592.283008316754
2020-04-04,741,429.414861941698
2020-04-04,784,502.974974917497
2020-04-04,190,212.909148589824
2020-04-04,124,289.45883617195
2020-04-04,0,221.783895906841
2020-04-04,0,967.586000215446
2020-04-04,392,366.117058826734
2020-04-04,406,541.776664709333
2020-04-04,389,258.009394280628
2020-04-04,404,374.667875004905
2020-04-04,825,729.31399903671
2020-04-04,400,485.139489628196
2020-04-04,625,446.390481989134
2020-04-04,335,365.876765269598
2020-04-04,368,347.526187135484
2020-04-04,408,346.820864810437
2020-04-04,410,304.629009093132
2020-04-04,510,397.308574004025
2020-04-04,283,475.560247407973
2020-04-04,969,419.504767116913
2020-04-04,524,360.389822400968
2020-04-04,467,229.145639793374
2020-04-04,321,249.052212317378
2020-04-04,734,231.118766605779
2020-04-04,415,188.01216076119
2020-04-04,219,178.598797892064
2020-04-04,204,100.891738987125
2020-04-04,153,193.864275652109
2020-04-04,176,192.756341829821
2020-04-04,350,370.006642512112
2020-04-04,234,206.861092830347
2020-04-04,482,416.180227714621
2020-04-04,262,283.54443065851
2020-04-04,263,272.370567153893
2020-04-04,158,302.293483800508
2020-04-04,330,344.990811707078
2020-04-04,446,283.873373179396
2020-04-04,162,190.663722773812
2020-04-04,500,264.411661288139
2020-04-04,135,304.320911192744
2020-04-04,361,330.127453065071
2020-04-04,183,356.06594113978
2020-04-04,376,200.41970392873
2020-04-04,279,400.86323916001
2020-04-04,488,554.677513451608
2020-04-04,664,293.645007530441
2020-04-04,533,419.593308542152
2020-04-04,496,330.951582864852
2020-04-04,308,199.834677663497
2020-04-04,407,137.135403287768
2020-04-04,174,213.508670017525
2020-04-04,457,366.538652498525
2020-04-04,178,208.035613981344
2020-04-04,342,207.099382223879
2020-04-04,275,282.062900126523
2020-04-04,500,399.995223483191
2020-04-04,642,438.276582389496
2020-04-04,460,329.908468501044
2020-04-04,527,376.052229957183
2020-04-04,467,329.852821932221
2020-04-04,125,372.514941599164
2020-04-04,180,192.624151852614
2020-04-04,156,229.132020844048
2020-04-04,479,258.404210017402
2020-04-04,245,276.410950104295
2020-04-04,484,307.344322091448
2020-04-04,555,288.806930033265
2020-04-04,128,195.85210957456
2020-04-04,279,168.544303489223
2020-04-04,246,121.454228003345
2020-04-04,208,113.202158526574
2020-04-04,260,269.833753850091
2020-04-04,131,303.216478313263
2020-04-04,171,209.96355796373
2020-04-04,552,236.436582875815
2020-04-04,724,218.283560913984
2020-04-04,281,164.242509875541
2020-04-04,443,132.042262750241
2020-04-04,100,79.0236645173403
2020-04-04,262,596.986596540267
2020-04-04,597,447.149509280089
2020-04-04,650,258.405034297222
2020-04-04,252,126.923953213472
2020-04-04,847,555.773925472046
2020-04-04,177,252.530484865305
2020-04-04,203,231.410308435164
2020-04-04,256,223.806744486671
2020-04-04,157,184.619113527523
2020-04-04,484,180.073886754527
2020-04-04,272,271.0020020154
2020-04-04,240,222.555772228374
2020-04-04,219,182.07789529605
2020-04-04,165,143.845368932845
2020-04-04,85,469.084098365331
2020-04-04,145,392.024596005554
2020-04-04,369,208.885157474821
2020-04-04,314,482.47855524654
2020-04-04,231,344.549943328266
2020-04-04,346,353.81086047949
2020-04-04,517,359.551912466102
2020-04-04,828,553.543193506511
2020-04-04,249,307.814345392769
2020-04-04,378,446.493063648316
2020-04-04,367,199.71702127533
2020-04-04,194,186.595578423572
2020-04-04,156,357.051951711359
2020-04-04,600,382.340155725145
2020-04-04,283,513.223488980777
2020-04-04,404,278.770813826365
2020-04-04,546,224.143774598849
2020-04-04,409,411.513972467014
2020-04-04,305,436.99660850641
2020-04-04,240,81.2299678800057
2020-04-04,832,311.547902437888
2020-04-04,693,354.644805498554
2020-04-04,739,522.691681073049
2020-04-04,342,510.612930502739
2020-04-04,667,314.051246059416
2020-04-04,671,609.585845898322
2020-04-04,461,214.030601101913
2020-04-04,324,433.373267930844
2020-04-04,308,300.296129997578
2020-04-04,133,515.403843961525
2020-04-04,387,218.687172340618
2020-04-04,443,420.421017464554
2020-04-04,444,483.316505693936
2020-04-04,459,507.22241136918
2020-04-04,485,293.648216646363
2020-04-04,542,312.761890909023
2020-04-04,826,447.720118406377
2020-04-04,745,219.779390387027
2020-04-04,433,292.783882225458
2020-04-04,467,208.370806783228
2020-04-04,234,451.851506455992
2020-04-04,289,321.768074897243
2020-04-04,214,307.349511749067
2020-04-04,67,198.658568930343
2020-04-04,0,174.473407891452
2020-04-04,91,131.280707479501
2020-04-04,140,241.365616513361
2020-04-04,148,105.711550422315
2020-04-04,48,189.042255850672
2020-04-04,237,224.224991488503
2020-04-04,210,248.80158687975
2020-04-04,368,170.356076363577
2020-04-04,259,188.313737509642
2020-04-04,350,245.282156220564
2020-04-04,319,241.244283276965
2020-04-04,309,227.471943067419
2020-04-04,269,165.017453384542
2020-04-04,365,238.79408531173
2020-04-04,122,133.277897621655
2020-04-04,200,129.437037265661
2020-04-04,137,272.756174884926
2020-04-04,124,131.027433192273
2020-04-04,423,283.254049235732
2020-04-04,168,172.865711484582
2020-04-04,383,184.340480937749
2020-04-04,201,185.960357470181
2020-04-04,395,342.627693973931
2020-04-04,265,216.003143912791
2020-04-04,269,303.886423090991
2020-04-04,437,191.882321188288
2020-04-04,296,247.62297318456
2020-04-04,514,488.99815540945
2020-04-04,510,292.903365110038
2020-04-04,550,399.824828129522
2020-04-04,194,209.437288783844
2020-04-04,542,371.534476323256
2020-04-04,676,458.177982128319
2020-04-04,433,254.907760982825
2020-04-04,199,275.58613025284
2020-04-04,327,292.147730062954
2020-04-04,564,293.919287517998
2020-04-04,587,359.953769165647
2020-04-04,278,344.631692838278
2020-04-04,224,246.437423265124
2020-04-04,213,278.891201923553
2020-04-04,203,366.193785655895
2020-04-04,384,223.394622595216
2020-04-04,357,258.149939071068
2020-04-04,221,161.938770559284
2020-04-04,159,189.425479756294
2020-04-04,162,298.548402189505
2020-04-04,252,169.492921010668
2020-04-04,385,247.453264957084
2020-04-04,190,215.133299021236
2020-04-04,152,252.978702720328
2020-04-04,319,210.89443849278
2020-04-04,232,273.301830913154
2020-04-04,188,247.5568449445
2020-04-04,253,264.051848287599
2020-04-04,269,198.758992519206
2020-04-04,298,248.554735630817
2020-04-04,220,163.780106571046
2020-04-04,180,226.729122029421
2020-04-04,116,279.017316122966
2020-04-04,135,222.468196493963
2020-04-04,241,300.893158907127
2020-04-04,326,179.576721233907
2020-04-04,267,258.423402689539
2020-04-04,229,247.659444784683
2020-04-04,151,214.369232530572
2020-04-04,470,227.686555547208
2020-04-04,347,347.185742554675
2020-04-04,477,305.504939039926
2020-04-04,442,395.314767823864
2020-04-04,412,368.993669361267
2020-04-04,447,292.868259737285
2020-04-04,279,260.012404176624
2020-04-04,218,413.605033517914
2020-04-04,488,437.082133807127
2020-04-04,534,395.520768977566
2020-04-04,349,301.197911594761
2020-04-04,416,335.148554415832
2020-04-04,243,132.914870575443
2020-04-04,423,209.986921201036
2020-04-04,216,238.037313798736
2020-04-04,479,362.215811397125
2020-04-04,301,351.002781146589
2020-04-04,472,406.311031154498
2020-04-04,233,215.836624650411
2020-04-04,172,234.904546456148
2020-04-04,288,178.08597558967
2020-04-04,410,484.339851360652
2020-04-04,416,214.656178139804
2020-04-04,377,387.038529028817
2020-04-04,277,301.199988538424
2020-04-04,433,504.385082638309
2020-04-04,843,504.425946684082
2020-04-04,418,410.922079937168
2020-04-04,301,414.921565625041
2020-04-04,553,455.417652392387
2020-04-04,523,463.634863994859
2020-04-04,618,473.839265264373
2020-04-04,777,577.769851224753
2020-04-04,576,491.695838437633
2020-04-04,602,404.750028794778
2020-04-04,339,449.478076192824
2020-04-04,499,446.876054720859
2020-04-04,889,408.337872088441
2020-04-04,553,396.89911909885
2020-04-04,601,472.523864552694
2020-04-04,396,221.409314948433
2020-04-04,149,431.485072659379
2020-04-04,137,164.296257081165
2020-04-04,446,540.785513077625
2020-04-04,438,476.53763973064
2020-04-04,377,307.227246047316
2020-04-04,1157,467.208122555249
2020-04-04,326,314.128824072995
2020-04-04,554,397.899044686319
2020-04-04,142,168.10419697625
2020-04-04,235,100.801904743667
2020-04-04,538,347.17806932272
2020-04-04,89,253.898212774746
2020-04-04,277,400.234592162223
2020-04-04,320,171.514151442289
2020-04-04,620,259.528612034519
2020-04-04,459,297.30644837091
2020-04-04,454,299.188290910307
2020-04-04,487,356.675171764056
2020-04-04,489,604.912839461363
2020-04-04,336,208.362368044872
2020-04-04,384,263.623074925184
2020-04-04,299,399.219926152226
2020-04-04,371,321.347262354738
2020-04-04,244,262.026897219811
2020-04-04,546,201.791791867433
2020-04-04,387,524.105984340116
2020-04-04,611,361.777138538167
2020-04-04,443,375.129057584963
2020-04-04,254,196.9519055737
2020-04-04,458,358.389423095672
2020-04-04,446,595.389045552313
2020-04-04,1092,671.423226874732
2020-04-04,917,379.446637433497
2020-04-04,583,586.281671648828
2020-04-04,184,636.783669901742
2020-04-04,317,204.873959189578
2020-04-04,251,285.918870030195
2020-04-04,191,178.199781153777
2020-04-04,204,185.049779025654
2020-04-04,269,338.194104268127
2020-04-04,287,327.275438031987
2020-04-04,533,392.730376713643
2020-04-04,491,416.643220061178
2020-04-04,291,270.393425581594
2020-04-04,288,272.148509878956
2020-04-04,369,437.550913094973
2020-04-04,443,359.278675399817
2020-04-04,644,381.276728029554
2020-04-04,468,304.981866140935
2020-04-04,359,353.565865196806
2020-04-04,389,469.983753594877
2020-04-04,344,460.453195962027
2020-04-04,374,333.50907141457
2020-04-04,580,490.747089726133
2020-04-04,799,500.378397402101
2020-04-04,412,263.890223248423
2020-04-04,323,280.761540782043
2020-04-04,396,372.509008389742
2020-04-04,365,374.694774836747
2020-04-04,256,192.682487844279
2020-04-04,287,265.561532137511
2020-04-04,310,383.954656886097
2020-04-04,355,291.291357875477
2020-04-04,313,335.507405029655
2020-04-04,334,282.037392377833
2020-04-04,325,409.450556826671
2020-04-04,732,337.852432133967
2020-04-04,626,441.977821822904
2020-04-04,911,327.964584718479
2020-04-04,440,442.563529069083
2020-04-04,1065,492.115576041335
2020-04-04,577,587.163280625071
2020-04-04,732,567.227029594593
2020-04-04,677,436.049262936774
2020-04-04,242,416.785433439211
2020-04-04,380,322.270785712496
2020-04-04,464,321.361140793421
2020-04-04,160,69.9969250819334
2020-04-04,470,396.953514577839
2020-04-04,598,468.994478374895
2020-04-04,728,319.490115986442
2020-04-04,344,472.722277324076
2020-04-04,1430,483.307556240059
2020-04-04,207,193.087415241306
2020-04-04,645,573.032162333707
2020-04-04,159,437.479502643567
2020-04-04,132,158.647305917688
2020-04-04,197,191.129769213488
2020-04-04,193,220.246723460702
2020-04-04,253,110.752209110588
2020-04-04,331,299.319425707297
2020-04-04,332,417.79994359661
2020-04-04,305,73.3371215656097
2020-04-04,245,370.440505541699
2020-04-04,147,109.154021376381
2020-04-04,490,150.842551290555
2020-04-04,319,114.615245983558
2020-04-04,221,167.158080577542
2020-04-04,246,126.710357448271
2020-04-04,135,251.733123335653
2020-04-04,328,193.537535660582
2020-04-04,139,256.418369437168
2020-04-04,568,301.701636681233
2020-04-04,327,166.63606627786
2020-04-04,106,196.18753140412
2020-04-04,119,105.977503928174
2020-04-04,164,120.801409114674
2020-04-04,141,228.83790726407
2020-04-04,71,227.490087493115
2020-04-04,0,115.28090811502
2020-04-04,303,470.327014167004
2020-04-04,145,267.618612637223
2020-04-04,218,288.034567105116
2020-04-04,329,266.286372847064
2020-04-04,464,625.39115031671
2020-04-04,354,357.302472047065
2020-04-04,805,393.626006756281
2020-04-04,552,479.3810341989
2020-04-04,645,476.843686747673
2020-04-04,631,494.935184121083
2020-04-04,536,326.731858930751
2020-04-04,339,452.120165419019
2020-04-04,531,454.343903733656
2020-04-04,514,450.619898117448
2020-04-04,192,453.985628140461
2020-04-04,269,283.909795643231
2020-04-04,490,379.842417855678
2020-04-04,610,581.689654628129
2020-04-04,653,424.060934879497
2020-04-04,196,406.035919693967
2020-04-04,613,321.219422999357
2020-04-04,367,348.765115620392
2020-04-04,108,265.692648420128
2020-04-04,624,471.469893227474
2020-04-04,241,264.359074338134
2020-04-04,306,254.747788907023
2020-04-04,340,305.512574436099
2020-04-04,381,428.665441294111
2020-04-04,425,213.778803981842
2020-04-04,774,454.109367072536
2020-04-04,445,594.00470139108
2020-04-04,348,311.488298842452
2020-04-04,525,337.041137186887
2020-04-04,380,411.707301795168
2020-04-04,733,456.217341685275
2020-04-04,257,243.734365649154
2020-04-04,437,447.700971327211
2020-04-04,553,367.309374591092
2020-04-04,254,451.442075676187
2020-04-04,774,250.98074151532
2020-04-04,282,376.542971444685
2020-04-04,187,346.258335385734
2020-04-04,326,340.758716925983
2020-04-04,365,317.384432525334
2020-04-04,377,452.68894790715
2020-04-04,339,280.598071624529
2020-04-04,220,274.82083304897
2020-04-04,399,368.691603599921
2020-04-04,357,400.854347899486
2020-04-04,548,245.531819677422
2020-04-04,677,351.038952106017
2020-04-04,697,417.09407245849
2020-04-04,144,324.964338206341
2020-04-04,485,263.302689652748
2020-04-04,186,386.497378486902
2020-04-04,492,170.760871801694
2020-04-04,179,418.700298538047
2020-04-04,382,426.463122227787
2020-04-04,301,360.142279944539
2020-04-04,298,437.66590022727
2020-04-04,619,436.867849239972
2020-04-04,768,508.10738434374
2020-04-04,396,214.25638089647
2020-04-04,452,402.700640283129
2020-04-04,416,285.122531888082
2020-04-04,152,212.861783794459
2020-04-04,449,722.871063087813
2020-04-04,306,329.899084469163
2020-04-04,134,217.234783713287
2020-04-04,379,229.069728481111
2020-04-04,402,281.347357455929
2020-04-04,169,332.084452830357
2020-04-04,316,237.340544542183
2020-04-04,219,194.137513810433
2020-04-04,53,63.8133898152042
2020-04-04,207,160.194062923058
2020-04-04,606,380.8909124691
2020-04-04,186,141.989148914717
2020-04-04,300,210.02059503155
2020-04-04,343,375.89715217058
2020-04-04,499,283.211803130555
2020-04-04,128,210.968705597023
2020-04-04,341,170.565783525665
2020-04-04,94,225.488177051494
2020-04-04,108,67.0295504430795
2020-04-04,638,463.505777376788
2020-04-04,337,384.228024731816
2020-04-04,529,137.341565281733
2020-04-04,197,328.914239298987
2020-04-04,380,386.66114431688
2020-04-04,387,415.970935120411
2020-04-04,639,311.537261385946
2020-04-04,185,170.457677943557
2020-04-04,127,185.78868958957
2020-04-04,134,205.629285642286
2020-04-04,210,274.353941284849
2020-04-04,582,346.467103496366
2020-04-04,704,409.122494327315
2020-04-04,505,381.075093671768
2020-04-04,694,337.420559277915
2020-04-04,560,474.986321016684
2020-04-04,344,343.147350116047
2020-04-04,290,244.807763434855
2020-04-04,329,294.677216081668
2020-04-04,290,254.122746886931
2020-04-04,287,300.603378096371
2020-04-04,483,279.845929900278
2020-04-04,255,430.412803569893
2020-04-04,362,378.133284183412
2020-04-04,126,330.562665382458
2020-04-04,331,280.640594002758
2020-04-04,476,194.705144870595
2020-04-04,444,213.976658452504
2020-04-04,183,177.540447074578
2020-04-04,614,319.007323114617
2020-04-04,275,157.663615945496
2020-04-04,315,218.782510563309
2020-04-04,751,247.867904639532
2020-04-04,314,174.439902492787
2020-04-04,295,298.486260927813
2020-04-04,336,262.852048344348
2020-04-04,295,247.9430781843
2020-04-04,117,206.366517340776
2020-04-04,254,244.952286307221
2020-04-04,451,233.459658704367
2020-04-04,565,536.967494929925
2020-04-04,579,387.603715709394
2020-04-04,300,299.18710174743
2020-04-04,355,373.723697662463
2020-04-04,409,328.841730603543
2020-04-04,304,217.532445515384
2020-04-04,695,373.744281139183
2020-04-04,156,343.386237212283
2020-04-04,233,286.95449681478
2020-04-04,473,444.287521310958
2020-04-04,167,257.168011157403
2020-04-04,655,423.289734990625
2020-04-04,872,352.300606957594
2020-04-04,731,423.925016415246
2020-04-04,689,366.133869712867
2020-04-04,668,406.44394131742
2020-04-04,93,85.442354363561
2020-04-04,13,334.756687984428
2020-04-04,196,183.951620171342
2020-04-04,130,218.022705901973
2020-04-04,325,186.259166929003
2020-04-04,262,89.15804269921
2020-04-04,274,450.451882974704
2020-04-04,238,337.007943586864
2020-04-04,303,211.190490019984
2020-04-04,291,181.735787065265
2020-04-04,347,267.157533281031
2020-04-04,219,237.016028625929
2020-04-04,199,255.99418575454
2020-04-04,127,175.584875742029
2020-04-04,179,106.262576541097
2020-04-04,393,340.03191387395
2020-04-04,254,353.825791293449
2020-04-04,444,364.424270661477
2020-04-04,236,156.54292215875
2020-04-04,658,211.25941384974
2020-04-04,151,267.564401337862
2020-04-04,471,550.73308866081
2020-04-04,263,234.531188989111
2020-04-04,498,322.972890696501
2020-04-04,222,246.489756563011
2020-04-04,396,186.926114292344
2020-04-04,301,280.884871318818
2020-04-04,193,151.911773993633
2020-04-04,121,257.932301901574
2020-04-04,419,326.632062474003
2020-04-04,348,323.60727668729
2020-04-04,355,452.902989170829
2020-04-04,922,261.755375046665
2020-04-04,291,374.693132575054
2020-04-04,452,422.414693708495
2020-04-04,358,285.930912962233
2020-04-04,485,327.852232704715
2020-04-04,186,165.583641015041
2020-04-04,152,193.637945326836
2020-04-04,203,234.483885027289
2020-04-04,168,181.19870819528
2020-04-04,292,289.266882473424
2020-04-04,483,235.084537454762
2020-04-04,373,269.908931265793
2020-04-04,246,247.028567273263
2020-04-04,598,202.530061435146
2020-04-04,302,351.536539198254
2020-04-04,68,92.5572105176786
2020-04-04,216,213.189852594533
2020-04-04,435,192.824170984018
2020-04-04,302,313.153758849894
2020-04-04,377,249.173564662971
2020-04-04,188,249.872740868662
2020-04-04,325,277.148519347361
2020-04-04,380,424.021807790861
2020-04-04,339,175.546038139446
2020-04-04,217,88.4915329020924
2020-04-04,95,100.940988627402
2020-04-04,288,245.069777229909
2020-04-04,166,181.660008475265
2020-04-04,336,231.539865123245
2020-04-04,622,445.927295945922
2020-04-04,283,290.59058229293
2020-04-04,382,437.452831548911
2020-04-04,282,542.536636780015
2020-04-04,251,183.550981741406
2020-04-04,196,259.535108067012
2020-04-04,845,320.380985827469
2020-04-04,536,415.680017681203
2020-04-04,224,294.172788652055
2020-04-04,425,235.91104455315
2020-04-04,420,242.487454456723
2020-04-04,195,335.296152155689
2020-04-04,604,207.60191216743
2020-04-04,160,217.872223274081
2020-04-04,263,258.004197875533
2020-04-04,481,173.251800462112
2020-04-04,156,65.1384937212679
2020-04-04,317,303.448177143667
2020-04-04,325,175.362486400791
2020-04-04,568,388.321254998318
2020-04-04,218,177.641972620407
2020-04-04,293,320.647946053289
2020-04-04,589,166.264912622658
2020-04-04,161,209.713240298594
2020-04-04,676,336.828113061475
2020-04-04,294,121.157354804642
2020-04-04,334,442.668531008057
2020-04-04,219,274.901347902137
2020-04-04,358,247.81298627549
2020-04-04,307,252.49811344616
2020-04-04,368,375.718614899316
2020-04-04,121,314.93958023806
2020-04-04,568,296.295914789361
2020-04-04,454,276.301584329501
2020-04-04,188,253.112200496915
2020-04-04,95,267.684331687664
2020-04-04,293,306.621617523165
2020-04-04,277,99.7646787798012
2020-04-04,119,110.277676668502
2020-04-04,100,144.565028587857
2020-04-04,240,292.055372816681
2020-04-04,431,121.078313770583
2020-04-04,369,252.14102205003
2020-04-04,338,230.404960197899
2020-04-04,222,263.78941451633
2020-04-04,33,124.417631795095
2020-04-04,573,426.318972522679
2020-04-04,235,253.468847013013
2020-04-04,157,476.273946433724
2020-04-04,288,295.006026420002
2020-04-04,584,469.926237396994
2020-04-04,229,333.364501128662
2020-04-04,308,270.760930693526
2020-04-04,234,183.017479197995
2020-04-04,128,308.278921684656
2020-04-04,840,377.297814206209
2020-04-04,277,146.64028898525
2020-04-04,511,323.663872769476
2020-04-04,382,355.053301513836
2020-04-04,418,241.338147154053
2020-04-04,375,191.93576579753
2020-04-04,326,282.386035227546
2020-04-04,334,221.299993661221
2020-04-04,404,281.342762258493
2020-04-04,348,323.568364599882
2020-04-04,245,277.335103888613
2020-04-04,109,159.813520965661
2020-04-04,232,244.307337475418
2020-04-04,248,168.906633396831
2020-04-04,267,170.631253352013
2020-04-04,327,186.39299437741
2020-04-04,188,277.926883786554
2020-04-04,133,277.980706343008
2020-04-04,254,164.23586701376
2020-04-04,153,237.975269308113
2020-04-04,367,164.571570352347
2020-04-04,230,269.856891839873
2020-04-04,331,298.997330299607
2020-04-04,160,188.312819788742
2020-04-04,176,131.555893568242
2020-04-04,293,207.493565477342
2020-04-04,297,207.164328665117
2020-04-04,166,297.39236536101
2020-04-04,390,308.986166286101
2020-04-04,331,202.969782745716
2020-04-04,318,280.100867817962
2020-04-04,347,261.817370131344
2020-04-04,336,237.078121194758
2020-04-04,361,266.558952460927
2020-04-04,230,190.563825277595
2020-04-04,495,237.95427297239
2020-04-04,255,235.818944664862
2020-04-04,222,161.495386109152
2020-04-04,200,216.134519195361
2020-04-04,249,313.426029757734
2020-04-04,206,218.510720431833
2020-04-04,182,171.792396327696
2020-04-04,343,298.885300408927
2020-04-04,573,245.047620547616
2020-04-04,296,291.094575043932
2020-04-04,337,196.31424001014
2020-04-04,408,234.691663758125
2020-04-04,391,310.243856956949
2020-04-04,410,263.635381200251
2020-04-04,187,280.616594228896
2020-04-04,146,406.273312257697
2020-04-04,213,160.709302184507
2020-04-04,545,354.863353256165
2020-04-04,396,210.832029379197
2020-04-04,319,248.781401040431
2020-04-04,187,247.792303747883
2020-04-04,603,306.641758927051
2020-04-04,599,207.817661296944
2020-04-04,421,314.591682119404
2020-04-04,319,370.547713919538
2020-04-04,238,259.391459367355
2020-04-04,108,266.312422215225
2020-04-04,293,192.04986359217
2020-04-04,125,116.796103113082
2020-04-04,114,211.481660358773
2020-04-04,135,182.297760544394
2020-04-04,89,118.781048538318
2020-04-04,133,152.716950166805
2020-04-04,191,158.094220310588
2020-04-04,163,132.656262960873
2020-04-04,174,131.075613079354
2020-04-04,186,197.949401756688
2020-04-04,160,128.874912745412
2020-04-04,331,215.883300022332
2020-04-04,343,256.408497876118
2020-04-04,265,192.228854368168
2020-04-04,225,214.501976525703
2020-04-04,98,318.58748974121
2020-04-04,327,290.021860993445
2020-04-04,216,333.157616373888
2020-04-04,277,177.739712767376
2020-04-04,325,386.517109321782
2020-04-04,370,335.483382099687
2020-04-04,755,290.682121086873
2020-04-04,575,279.921007629959
2020-04-04,513,276.775546331378
2020-04-04,406,395.390969108358
2020-04-04,232,293.024212083323
2020-04-04,245,256.136068306831
2020-04-04,218,215.65406785858
2020-04-04,283,255.086595726623
2020-04-04,179,245.342697272183
2020-04-04,172,286.35730494731
2020-04-04,154,239.29134334626
2020-04-04,122,99.1113481515067
2020-04-04,135,121.603285226692
2020-04-04,207,230.409917030094
2020-04-04,232,242.112927283883
2020-04-04,323,268.537167895192
2020-04-04,745,303.651938355147
2020-04-04,484,303.539443512463
2020-04-04,366,226.306415007245
2020-04-04,107,204.461195401105
2020-04-04,107,212.296620066036
2020-04-04,266,297.192994328075
2020-04-04,417,265.213572398977
2020-04-04,158,194.603287664381
2020-04-04,455,230.759173924567
2020-04-04,258,345.978607316516
2020-04-04,329,325.518551846313
2020-04-04,285,189.405598728639
2020-04-04,383,295.887781204818
2020-04-04,110,199.221906157235
2020-04-04,109,235.632726631833
2020-04-04,256,252.877201279542
2020-04-04,199,197.659379239017
2020-04-04,262,156.165792609095
2020-04-04,269,129.535620448908
2020-04-04,131,280.40718059808
2020-04-04,213,225.87392828008
2020-04-04,242,178.0936819403
2020-04-04,608,157.872233874569
2020-04-04,151,256.384424883457
2020-04-04,159,257.185518789312
2020-04-04,293,242.473717645506
2020-04-04,233,112.253408952036
2020-04-04,162,172.128789376173
2020-04-04,299,323.764048777259
2020-04-04,28,129.365219513646
2020-04-04,221,206.985408476356
2020-04-04,381,258.465482233654
2020-04-04,441,242.229198028231
2020-04-04,194,238.039172982084
2020-04-04,294,284.648821748419
2020-04-04,280,309.132599062689
2020-04-04,484,313.848413201853
2020-04-04,325,393.28721647648
2020-04-04,685,362.127084907847
2020-04-04,596,287.80271283784
2020-04-04,849,494.480631777848
2020-04-04,422,223.288458421847
2020-04-04,293,332.987456977532
2020-04-04,336,254.024744317978
2020-04-04,316,356.642682707268
2020-04-04,496,265.689495255537
2020-04-04,53,324.437757338255
2020-04-04,452,238.316652671114
2020-04-04,318,400.097778769869
2020-04-04,260,354.42626821202
2020-04-04,140,213.017372441004
2020-04-04,163,219.575317246385
2020-04-04,432,552.810564599659
2020-04-04,195,207.4402066395
2020-04-04,315,352.066552765793
2020-04-04,224,227.95106407907
2020-04-04,507,361.980700534315
2020-04-04,212,156.895147384171
2020-04-04,264,357.539515953129
2020-04-04,344,193.680628197381
2020-04-04,351,240.225735934906
2020-04-04,372,510.11464280559
2020-04-04,425,207.864849781128
2020-04-04,475,514.084286901834
2020-04-04,334,307.158742958856
2020-04-04,533,305.247523677076
2020-04-04,599,405.102005294526
2020-04-04,236,329.770972928602
2020-04-04,395,349.402950626148
2020-04-04,208,175.349909056386
2020-04-04,411,358.924661649616
2020-04-04,288,342.473027668066
2020-04-04,259,365.581283863252
2020-04-04,340,369.381892651347
2020-04-04,434,324.763063462357
2020-04-04,346,115.905644448235
2020-04-04,344,228.637178755499
2020-04-04,114,130.392344236676
2020-04-04,397,255.298497203403
2020-04-04,125,229.659435103971
2020-04-04,197,207.241474345469
2020-04-04,212,216.151306396944
2020-04-04,419,366.190111142536
2020-04-04,781,230.232014323288
2020-04-04,237,306.106809986601
2020-04-04,110,315.288757923575
2020-04-04,216,99.6861090973118
2020-04-04,451,449.741640068869
2020-04-04,562,304.59026883961
2020-04-04,134,246.486065440227
2020-04-04,206,174.513808298144
2020-04-04,184,134.3828839961
2020-04-04,334,257.431423272889
2020-04-04,336,431.543984026738
2020-04-04,219,199.942858247488
2020-04-04,321,345.364054425691
2020-04-04,403,356.955820007862
2020-04-04,254,236.069711720167
2020-04-04,214,190.412032543476
2020-04-04,260,271.798618995549
2020-04-04,97,191.075360887894
2020-04-04,373,221.58915787506
2020-04-04,146,159.300027565729
2020-04-04,212,177.685447850952
2020-04-04,229,183.822318798029
2020-04-04,285,265.53699499818
2020-04-04,334,232.299989912992
2020-04-04,195,284.812820695965
2020-04-04,378,188.843665351273
2020-04-04,323,215.852651884842
2020-04-04,310,202.865488589404
2020-04-04,158,261.291542934772
2020-04-04,394,301.177049889598
2020-04-04,337,283.051075221225
2020-04-04,201,201.81077698077
2020-04-04,224,236.291425441362
2020-04-04,300,289.895464748571
2020-04-04,172,335.436634968712
2020-04-04,379,224.414897319906
2020-04-04,119,194.690690618615
2020-04-04,278,218.041785388811
2020-04-04,280,347.445678372463
2020-04-04,272,310.484034500348
2020-04-04,111,246.105726737757
2020-04-04,131,175.75841190243
2020-04-04,166,174.790680354573
2020-04-04,274,324.385185377129
2020-04-04,291,210.530944301329
2020-04-04,319,126.937361760414
2020-04-04,445,212.444472856074
2020-04-04,163,211.489592181824
2020-04-04,247,285.96930065912
2020-04-04,513,229.459911567899
2020-04-04,186,181.380985683959
2020-04-04,200,301.372810341978
2020-04-04,196,156.089961647082
2020-04-04,374,397.551388466681
2020-04-04,262,364.913675549472
2020-04-04,234,165.277122561597
2020-04-04,356,293.430500507459
2020-04-04,742,378.255912937791
2020-04-04,216,334.565074278744
2020-04-04,762,230.662344341719
2020-04-04,231,196.902817903772
2020-04-04,289,197.761566842559
2020-04-04,112,248.465596403001
2020-04-04,281,165.752841109654
2020-04-04,380,191.739477325428
2020-04-04,220,163.297970801699
2020-04-04,184,237.783091378241
2020-04-04,197,318.315969423423
2020-04-04,364,310.27901084987
2020-04-04,171,255.576823471266
2020-04-04,198,197.450738373937
2020-04-04,136,239.700500846368
2020-04-04,165,194.833563227612
2020-04-04,270,82.8547196413877
2020-04-04,233,141.701675513214
2020-04-04,87,185.430728630722
2020-04-04,106,277.090652169737
2020-04-04,193,164.486960149981
2020-04-04,167,208.8406870489
2020-04-04,311,203.399040840783
2020-04-04,129,224.412108680933
2020-04-04,196,112.800329279351
2020-04-04,309,321.081718052163
2020-04-04,439,214.220506029639
2020-04-04,82,142.347326966174
2020-04-04,80,127.463590319526
2020-04-04,122,148.861067365715
2020-04-04,89,140.076798229139
2020-04-04,350,248.799958492025
2020-04-04,168,115.812287393584
2020-04-04,154,159.082126133994
2020-04-04,197,208.817652249261
2020-04-04,168,113.486069662727
2020-04-04,331,161.618498912086
2020-04-04,322,450.135388885395
2020-04-04,434,146.182879690564
2020-04-04,133,242.99297320905
2020-04-04,123,210.572183958316
2020-04-04,388,265.310269082287
2020-04-04,148,172.106159435213
2020-04-04,159,190.092850217626
2020-04-04,131,234.590581629067
2020-04-04,231,175.066552654653
2020-04-04,145,228.215526945264
2020-04-04,312,210.396995041252
2020-04-04,319,295.841152980832
2020-04-04,191,199.655221968383
2020-04-04,415,432.352221312536
2020-04-04,599,417.337886994278
2020-04-04,264,322.699170261237
2020-04-04,666,567.782095314251
2020-04-04,407,329.645653638566
2020-04-04,262,170.984371783553
2020-04-04,197,267.185180809836
2020-04-04,277,330.067074799567
2020-04-04,349,239.462337877653
2020-04-04,466,476.164593779245
2020-04-04,603,514.039355212428
2020-04-04,103,154.866090152394
2020-04-04,0,307.463626042771
2020-04-04,367,301.45619459879
2020-04-04,912,520.778789901216
2020-04-04,464,428.390575400116
2020-04-04,208,468.589696489373
2020-04-04,281,384.585119974702
2020-04-04,313,352.908175502421
2020-04-04,380,390.858496868854
2020-04-04,223,321.548583966469
2020-04-04,738,507.093121959372
2020-04-04,181,287.789877712747
2020-04-04,600,212.631862940578
2020-04-04,620,458.480505588793
2020-04-04,382,314.073595025766
2020-04-04,201,371.241274097084
2020-04-04,187,91.1062067558825
2020-04-04,356,214.932921934614
2020-04-04,218,283.245301463874
2020-04-04,271,328.784687298112
2020-04-04,221,452.268731240714
2020-04-04,352,366.731839994259
2020-04-04,828,272.474648783523
2020-04-04,202,144.372759881409
2020-04-04,373,152.488327751923
2020-04-04,279,143.570949280432
2020-04-04,150,305.22923319292
2020-04-04,460,209.932666500327
2020-04-04,309,240.689620030927
2020-04-04,159,336.022425568518
2020-04-04,998,463.752561574274
2020-04-04,261,499.487464477965
2020-04-04,420,305.718913392663
2020-04-04,827,636.659829007778
2020-04-04,628,428.731528527497
2020-04-04,624,451.167854539447
2020-04-04,776,328.410954783872
2020-04-04,360,451.691299628584
2020-04-04,422,363.544393456452
2020-04-04,90,145.72838024744
2020-04-04,247,165.607377750233
2020-04-04,277,194.901110334371
2020-04-04,213,275.90217756393
2020-04-04,247,161.276788009783
2020-04-04,160,250.135366901721
2020-04-04,340,119.786487867571
2020-04-04,131,151.711188382387
2020-04-04,499,324.346890120832
2020-04-04,137,227.48435501269
2020-04-04,182,50.6566175905237
2020-04-04,299,220.664350378889
2020-04-04,157,242.204202394376
2020-04-04,198,313.983865539069
2020-04-04,237,185.704353889667
2020-04-04,207,164.385523916543
2020-04-04,284,218.732046777122
2020-04-04,541,393.556948526466
2020-04-04,144,142.040704100875
2020-04-04,139,131.174784649549
2020-04-04,131,193.252759025995
2020-04-04,79,178.039267193517
2020-04-04,124,111.02077420718
2020-04-04,266,114.771067757802
2020-04-04,64,127.144978768262
2020-04-04,176,152.226830864883
2020-04-04,46,104.137828693305
2020-04-04,68,77.8808372328118
2020-04-04,108,83.5408682431244
2020-04-04,89,84.0136123953124
2020-04-04,52,54.4444038025756
2020-04-04,54,115.364176604573
2020-04-04,119,66.5839426269055
2020-04-04,105,82.8760875969583
2020-04-04,55,49.862677258452
2020-04-04,119,125.828833705085
2020-04-04,126,92.8473596842723
2020-04-04,212,182.748428104795
2020-04-04,123,116.86693179323
2020-04-04,118,99.7435581756063
2020-04-04,94,88.2371209832798
2020-04-04,109,109.998277518787
2020-04-04,83,120.768677439565
2020-04-04,105,129.899837691402
2020-04-04,153,181.773719573352
2020-04-04,105,184.719561726784
2020-04-04,156,165.621410234991
2020-04-04,252,119.979345708966
2020-04-04,169,205.282467728322
2020-04-04,164,141.839605676611
2020-04-04,176,177.832091270109
2020-04-04,218,143.294364678209
2020-04-04,186,143.592539516517
2020-04-04,260,161.729947195439
2020-04-04,164,226.54520668612
2020-04-04,235,190.648837027946
2020-04-04,136,155.008652200205
2020-04-04,323,193.978716820675
2020-04-04,388,231.980541139197
2020-04-04,433,261.005241982671
2020-04-04,469,322.432238386537
2020-04-04,435,248.720883226622
2020-04-04,262,242.676653385917
2020-04-04,696,301.138846618693
2020-04-04,381,323.133830654749
2020-04-04,377,269.947799265108
2020-04-04,153,254.191910361243
2020-04-04,360,257.627302576838
2020-04-04,297,270.453558184192
2020-04-04,577,213.553123217161
2020-04-04,379,208.793153908507
2020-04-04,296,210.491023715414
2020-04-04,13,352.928249087657
2020-04-04,49,261.811870340887
2020-04-04,386,285.632661974124
2020-04-04,50,215.639162675619
2020-04-04,567,261.570781401394
2020-04-04,278,270.88012064875
2020-04-04,458,260.99043573271
2020-04-04,401,321.932253527659
2020-04-04,350,279.481943766951
2020-04-04,348,391.400146177039
2020-04-04,271,354.090011745126
2020-04-04,754,283.299857302994
2020-04-04,187,261.078818254434
2020-04-04,260,324.004906521014
2020-04-04,180,234.056310974922
2020-04-04,346,153.51276607369
2020-04-04,353,287.003581867392
2020-04-04,184,218.344620329186
2020-04-04,271,253.421601311901
2020-04-04,99,236.825879037749
2020-04-04,129,156.957874028786
2020-04-04,147,192.742148369604
2020-04-04,183,290.043018503373
2020-04-04,622,196.704394126915
2020-04-04,362,323.938195732514
2020-04-04,534,449.43727159884
2020-04-04,277,308.760885577235
2020-04-04,413,283.401243961891
2020-04-04,402,232.248185102833
2020-04-04,504,256.446361326637
2020-04-04,106,160.995332786649
2020-04-04,181,224.136696308239
2020-04-04,137,140.332652149924
2020-04-04,81,87.9032282293763
2020-04-04,17,106.95658395123
2020-04-04,110,140.921669027909
2020-04-04,301,195.683881513059
2020-04-04,312,170.734559593641
2020-04-04,183,186.786318334773
2020-04-04,345,213.116902724036
2020-04-04,321,217.850733467607
2020-04-04,227,301.854982170605
2020-04-04,326,239.270877216344
2020-04-04,130,103.559843778665
2020-04-04,390,77.0282168230873
2020-04-04,306,204.708092146013
2020-04-04,410,229.756305754678
2020-04-04,263,233.043024950281
2020-04-04,212,201.104082132106
2020-04-04,272,167.698688216187
2020-04-04,208,193.368880517166
2020-04-04,126,115.818339263046
2020-04-04,181,171.38859996276
2020-04-04,256,233.404881050477
2020-04-04,162,169.975644669764
2020-04-04,231,192.661853799559
2020-04-04,253,350.953459908059
2020-04-04,382,255.868142622222
2020-04-04,179,231.010328507278
2020-04-04,438,259.181994878089
2020-04-04,315,150.74068749111
2020-04-04,74,198.165709607965
2020-04-04,362,207.591815763429
2020-04-04,309,192.432726844725
2020-04-04,110,163.266505510782
2020-04-04,152,161.217312416655
2020-04-04,127,100.684356592778
2020-04-04,36,132.283920973573
2020-04-04,154,134.170646469031
2020-04-04,189,186.041570523762
2020-04-04,135,103.845476770396
2020-04-04,146,109.803487250141
2020-04-04,135,161.34667306384
2020-04-04,44,159.600270088947
2020-04-04,253,76.5252042327242
2020-04-04,146,136.665842308958
2020-04-04,92,122.904119371357
2020-04-04,122,167.592923558847
2020-04-04,242,145.690847827995
2020-04-04,100,116.446776529695
2020-04-04,179,169.564990565565
2020-04-04,231,148.299558211693
2020-04-04,133,172.139418240707
2020-04-04,166,150.986590585228
2020-04-04,47,199.989055655099
2020-04-04,158,129.720647817256
2020-04-04,125,105.213340915434
2020-04-04,128,156.509278688961
2020-04-04,229,196.157199736291
2020-04-04,155,178.679053421704
2020-04-04,327,250.78280335908
2020-04-04,155,185.011142551525
2020-04-04,276,185.347388620876
2020-04-04,414,264.293867567876
2020-04-04,200,264.096338857811
2020-04-04,72,112.414083239519
2020-04-04,126,164.137441438873
2020-04-04,218,192.354961150433
2020-04-04,431,172.955562183592
2020-04-04,273,254.325964637768
2020-04-04,117,174.342550295038
2020-04-04,134,210.06038715584
2020-04-04,271,161.86693096542
2020-04-04,169,169.807518317798
2020-04-04,140,163.119050030407
2020-04-04,200,200.348685463716
2020-04-04,182,161.673751255419
2020-04-04,603,188.812545944304
2020-04-04,238,248.374320996362
2020-04-04,324,219.714804262209
2020-04-04,165,221.012629680962
2020-04-04,201,300.090323879773
2020-04-04,202,235.878180277354
2020-04-04,312,134.665757092944
2020-04-04,210,290.828833492811
2020-04-04,132,227.706943083238
2020-04-04,357,269.115936529037
2020-04-04,267,162.935918365649
2020-04-04,225,150.298451130886
2020-04-04,297,198.195410156605
2020-04-04,259,267.9376597839
2020-04-04,402,271.394691859862
2020-04-04,339,257.776427540851
2020-04-04,115,166.048933932233
2020-04-04,307,180.007062725208
2020-04-04,371,221.273707794141
2020-04-04,142,199.479416782931
2020-04-04,583,233.022627418831
2020-04-04,443,208.296123213029
2020-04-04,471,390.617502266187
2020-04-04,362,328.107319627314
2020-04-04,233,192.883710501714
2020-04-04,219,199.589304250435
2020-04-04,368,166.16223431769
2020-04-04,371,166.915810713689
2020-04-04,214,228.699259575523
2020-04-04,157,218.585728676675
2020-04-04,202,140.964388093928
2020-04-04,290,184.440334334085
2020-04-04,339,205.707746287143
2020-04-04,203,219.826202696201
2020-04-04,269,201.818045489069
2020-04-04,184,338.230914704143
2020-04-04,75,168.579100582239
2020-04-04,225,167.73756771489
2020-04-04,76,102.794022257515
2020-04-04,121,98.6698917757577
2020-04-04,211,145.649592279038
2020-04-04,157,102.671007267923
2020-04-04,128,171.413547684271
2020-04-04,179,167.46981525909
2020-04-04,183,162.729650650114
2020-04-04,433,137.244015941888
2020-04-04,133,146.389320440035
2020-04-04,365,151.576730931909
2020-04-04,200,128.467580407215
2020-04-04,95,141.170614676642
2020-04-04,70,220.688693045777
2020-04-04,48,88.3354674103342
2020-04-04,24,62.3295506421702
2020-04-04,61,100.488544158742
2020-04-04,255,157.4644157355
2020-04-04,174,183.888603690482
2020-04-04,76,121.879788943146
2020-04-04,210,173.987531460957
2020-04-04,248,115.443906226876
2020-04-04,216,185.428489559973
2020-04-04,333,137.909959716711
2020-04-04,275,177.223587916069
2020-04-04,314,215.404369145069
2020-04-04,165,223.420042321163
2020-04-04,247,184.532233033363
2020-04-04,155,186.791606066875
2020-04-04,243,221.716924497053
2020-04-04,476,168.041216494317
2020-04-04,227,179.877525160922
2020-04-04,235,188.382480501201
2020-04-04,216,161.378230395024
2020-04-04,110,137.370176889318
2020-04-04,138,98.4785936915749
2020-04-04,88,135.229798467983
2020-04-04,298,135.210174065977
2020-04-04,192,162.969910466295
2020-04-04,222,188.097345150207
2020-04-04,219,227.892439613286
2020-04-04,211,176.480344826522
2020-04-04,365,272.305843789009
2020-04-04,330,195.048609618795
2020-04-04,364,297.823806022634
2020-04-04,521,258.255268347467
2020-04-04,426,186.269337550066
2020-04-04,303,293.932709757708
2020-04-04,119,141.620491328062
2020-04-04,129,191.907332866482
2020-04-04,156,265.448767327815
2020-04-04,265,301.847936951477
2020-04-04,998,220.965597976622
2020-04-04,222,211.575956780955
2020-04-04,422,241.439373419272
2020-04-04,378,233.914369012121
2020-04-04,255,241.242074669844
2020-04-04,274,275.993058093946
2020-04-04,338,255.325094989897
2020-04-04,333,171.307737285689
2020-04-04,181,220.593663160544
2020-04-04,294,234.698649636803
2020-04-04,245,208.063880843767
2020-04-04,438,235.420499983357
2020-04-04,382,203.622934634676
2020-04-04,194,209.905708320211
2020-04-04,102,240.382175491282
2020-04-04,429,334.149077498437
2020-04-04,191,227.403012361131
2020-04-04,228,239.690609591054
2020-04-04,214,187.694643188129
2020-04-04,324,232.19320494689
2020-04-04,319,334.922284574611
2020-04-04,259,425.674111456402
2020-04-04,352,477.295374830953
2020-04-04,226,385.538211587748
2020-04-04,195,232.549783064779
2020-04-04,326,274.77575864396
2020-04-04,312,225.539653739023
2020-04-04,599,373.425731548569
2020-04-04,731,224.736099172288
2020-04-04,456,415.678104084037
2020-04-04,342,224.772837063217
2020-04-04,413,178.735101393584
2020-04-04,393,358.68224703536
2020-04-04,294,251.998560203072
2020-04-04,498,252.657211192009
2020-04-04,328,321.814701286401
2020-04-04,457,355.318401522598
2020-04-04,355,265.121308095186
2020-04-04,300,213.748694575041
2020-04-04,356,324.917533710632
2020-04-04,652,364.646470151045
2020-04-04,346,225.989696173377
2020-04-04,300,329.715181278717
2020-04-04,454,340.888619415899
2020-04-04,248,316.499096765188
2020-04-04,419,424.564102427881
2020-04-04,369,464.890200434621
2020-04-04,296,245.810025546234
2020-04-04,382,417.795084493947
2020-04-04,697,320.004962744698
2020-04-04,246,259.548121296456
2020-04-04,329,258.042410786747
2020-04-04,402,321.201270819285
2020-04-04,454,255.623351473432
2020-04-04,489,317.907969766861
2020-04-04,635,199.589086176761
2020-04-04,325,307.588686160085
2020-04-04,300,208.047820321449
2020-04-04,245,317.505022613055
2020-04-04,280,161.889030201382
2020-04-04,304,337.875189067972
2020-04-04,310,295.070343580435
2020-04-04,487,240.523041219911
2020-04-04,420,242.465149032962
2020-04-04,499,250.319066707564
2020-04-04,397,365.091792466092
2020-04-04,243,279.575141370893
2020-04-04,211,285.167097462673
2020-04-04,405,204.993830337059
2020-04-04,220,215.476055290093
2020-04-04,528,365.264029137231
2020-04-04,240,210.439528211866
2020-04-04,549,380.829686809653
2020-04-04,190,341.158074823532
2020-04-04,442,219.148605160771
2020-04-04,320,251.46203439237
2020-04-04,453,295.296360413801
2020-04-04,482,237.230197744556
2020-04-04,390,322.677169529575
2020-04-04,429,317.552816026212
2020-04-04,179,317.782036899784
2020-04-04,307,382.932129322689
2020-04-04,447,286.503956829985
2020-04-04,347,243.170086695474
2020-04-04,728,331.483495889422
2020-04-04,474,378.655565096973
2020-04-04,276,268.839560883918
2020-04-04,419,279.311004387323
2020-04-04,490,237.879019133623
2020-04-04,596,310.010171713988
2020-04-04,464,419.967625991442
2020-04-04,229,348.00428873056
2020-04-04,337,241.140555519553
2020-04-04,497,213.175926257338
2020-04-04,418,288.783109125648
2020-04-04,420,245.86931790438
2020-04-04,278,247.758185992298
2020-04-04,292,218.888105194177
2020-04-04,526,210.142771320684
2020-04-04,61,449.227678931369
2020-04-04,548,292.845703845076
2020-04-04,393,331.187586150394
2020-04-04,74,218.260011469684
2020-04-04,143,126.300047346368
2020-04-04,193,410.294612226109
2020-04-04,320,269.349091927539
2020-04-04,457,283.788743207243
2020-04-04,165,269.708722937141
2020-04-04,180,148.252389387019
2020-04-04,231,183.705229774947
2020-04-04,177,370.742445678891
2020-04-04,331,195.614960856716
2020-04-04,176,298.132292982377
2020-04-04,98,553.947259445398
2020-04-04,183,502.643702853997
2020-04-04,236,374.761927642918
2020-04-04,176,115.474242139181
2020-04-04,125,71.8887285730649
2020-04-04,67,81.6493245909185
2020-04-04,64,158.896684397223
2020-04-04,133,117.291996476376
2020-04-04,299,271.574753171088
2020-04-04,540,410.582343305245
2020-04-04,228,601.017133633603
2020-04-04,16,314.840628293308
2020-04-04,44,778.270873756802
2020-04-04,57,494.462725966744
2020-04-04,48,144.186462672191
2020-04-04,144,214.37619376515
2020-04-04,23,143.053466845878
2020-04-04,85,360.718219427403
2020-04-04,62,379.761297517596
2020-04-04,199,738.507553707851
2020-04-04,33,386.28082602163
2020-04-05,301,194.31112398221
2020-04-05,169,192.833165255117
2020-04-05,196,214.334443069796
2020-04-05,212,171.16443765316
2020-04-05,268,153.083400695291
2020-04-05,223,142.485580981081
2020-04-05,100,122.69870426873
2020-04-05,136,113.647752270426
2020-04-05,69,61.9823621557144
2020-04-05,152,188.890121818886
2020-04-05,102,132.337897779037
2020-04-05,99,123.347599746375
2020-04-05,149,74.5062957423553
2020-04-05,123,262.969966590186
2020-04-05,115,124.679260072886
2020-04-05,140,133.516687780499
2020-04-05,192,130.029525630263
2020-04-05,207,214.586984178077
2020-04-05,164,200.453423510029
2020-04-05,234,193.180324237489
2020-04-05,161,217.224538570098
2020-04-05,141,206.698732661842
2020-04-05,237,115.623493228391
2020-04-05,137,151.003094465827
2020-04-05,262,335.164508274276
2020-04-05,212,253.616759047173
2020-04-05,134,144.178137983206
2020-04-05,336,177.796476735097
2020-04-05,279,162.126420597682
2020-04-05,358,251.884095997569
2020-04-05,378,248.509879350777
2020-04-05,328,323.267901013429
2020-04-05,178,141.036680046982
2020-04-05,179,243.807445833128
2020-04-05,157,218.044709223464
2020-04-05,111,201.017882321279
2020-04-05,287,303.859055648382
2020-04-05,350,346.262898641884
2020-04-05,212,285.061434450495
2020-04-05,156,200.052815118401
2020-04-05,341,207.406954389664
2020-04-05,322,176.422725083562
2020-04-05,338,241.279299694543
2020-04-05,227,175.302778444991
2020-04-05,173,193.027837462043
2020-04-05,208,494.056970859105
2020-04-05,227,352.617893664827
2020-04-05,216,304.952249868912
2020-04-05,238,279.638190713222
2020-04-05,156,163.144494812987
2020-04-05,442,140.737153819602
2020-04-05,169,138.898727093399
2020-04-05,310,237.334821566951
2020-04-05,442,181.715561111154
2020-04-05,184,217.307759342017
2020-04-05,311,298.701017514514
2020-04-05,335,292.302852251048
2020-04-05,110,138.355169973096
2020-04-05,176,126.541631257453
2020-04-05,168,163.250818145241
2020-04-05,136,213.085888623354
2020-04-05,177,182.002200613064
2020-04-05,422,349.921021328622
2020-04-05,623,305.797521322688
2020-04-05,206,294.836249001758
2020-04-05,293,299.60966366657
2020-04-05,277,285.157133814267
2020-04-05,407,265.695149612432
2020-04-05,157,111.022061999992
2020-04-05,570,187.504549603765
2020-04-05,324,251.236784952843
2020-04-05,426,223.541239529446
2020-04-05,673,292.967341691677
2020-04-05,177,221.267698410015
2020-04-05,215,176.897981037441
2020-04-05,231,291.113640771821
2020-04-05,356,346.842781194471
2020-04-05,232,255.697757742357
2020-04-05,359,288.460501738144
2020-04-05,509,402.170420775495
2020-04-05,298,187.316674538966
2020-04-05,434,193.66572939779
2020-04-05,76,262.60110244072
2020-04-05,237,274.958578969251
2020-04-05,149,206.491384122832
2020-04-05,168,104.161770508022
2020-04-05,231,284.058060872687
2020-04-05,151,175.665847207633
2020-04-05,248,214.659295461305
2020-04-05,99,300.849229113095
2020-04-05,307,174.849242691398
2020-04-05,455,256.251961536167
2020-04-05,220,331.093144547818
2020-04-05,222,415.791885924766
2020-04-05,974,506.955456868515
2020-04-05,704,499.460838835718
2020-04-05,455,592.340776815047
2020-04-05,576,383.366238082567
2020-04-05,532,536.99956625963
2020-04-05,644,383.805554746353
2020-04-05,304,345.451996487475
2020-04-05,272,399.191306207326
2020-04-05,287,257.444461925713
2020-04-05,152,167.956465143632
2020-04-05,404,259.857439428807
2020-04-05,352,473.563490083344
2020-04-05,215,257.228648950807
2020-04-05,383,331.521977669664
2020-04-05,196,126.826762184219
2020-04-05,181,161.092641465223
2020-04-05,159,168.04400719368
2020-04-05,151,164.832303169451
2020-04-05,226,88.4373218010364
2020-04-05,187,153.646794858995
2020-04-05,167,189.050270854314
2020-04-05,188,199.345055003486
2020-04-05,717,432.764940704513
2020-04-05,526,440.742298982983
2020-04-05,546,517.153537061223
2020-04-05,513,728.062456269644
2020-04-05,514,478.186034614197
2020-04-05,899,747.34841579694
2020-04-05,1345,422.923414417091
2020-04-05,983,472.968280796752
2020-04-05,510,538.830358498087
2020-04-05,682,395.155229194127
2020-04-05,731,456.951075113576
2020-04-05,183,195.009819700561
2020-04-05,114,262.701616665185
2020-04-05,0,196.203434143038
2020-04-05,0,855.421792022356
2020-04-05,371,341.993559520813
2020-04-05,391,509.729843258456
2020-04-05,343,245.572278798367
2020-04-05,357,357.522824331334
2020-04-05,764,695.277148349945
2020-04-05,405,455.247922111107
2020-04-05,608,419.31324116941
2020-04-05,327,338.255336588216
2020-04-05,352,322.34593210954
2020-04-05,403,321.813595650995
2020-04-05,413,289.607231301224
2020-04-05,505,377.128317558439
2020-04-05,288,450.621925515514
2020-04-05,940,403.500248951283
2020-04-05,521,342.913159641579
2020-04-05,488,221.663805754785
2020-04-05,272,240.376673874242
2020-04-05,698,215.081753505369
2020-04-05,376,178.1847203697
2020-04-05,223,167.314980514066
2020-04-05,186,92.5789139406236
2020-04-05,164,179.738999992583
2020-04-05,144,180.663648250552
2020-04-05,330,344.346991142408
2020-04-05,235,190.919316472045
2020-04-05,416,394.653244977843
2020-04-05,250,265.251543565965
2020-04-05,255,255.923209066592
2020-04-05,162,282.873364366761
2020-04-05,311,319.488363945085
2020-04-05,402,270.465169260512
2020-04-05,135,180.742724002833
2020-04-05,524,244.624086343995
2020-04-05,134,285.515365820629
2020-04-05,347,308.374994172124
2020-04-05,179,338.022934070917
2020-04-05,366,186.288939657693
2020-04-05,232,372.972522263347
2020-04-05,469,517.004123483681
2020-04-05,651,276.944346909207
2020-04-05,508,393.082933746582
2020-04-05,497,312.804107886485
2020-04-05,265,183.758840054011
2020-04-05,370,125.658860695361
2020-04-05,154,195.006099477129
2020-04-05,415,342.156862557978
2020-04-05,153,190.158597669842
2020-04-05,346,188.539079414033
2020-04-05,249,255.575987690204
2020-04-05,466,369.083137551561
2020-04-05,603,403.097061679419
2020-04-05,423,297.766715761959
2020-04-05,504,342.388106062511
2020-04-05,396,306.013323101053
2020-04-05,128,337.836813885519
2020-04-05,146,174.65164679771
2020-04-05,160,202.71779248413
2020-04-05,451,242.801426355554
2020-04-05,224,263.049269083969
2020-04-05,479,285.033025917897
2020-04-05,533,273.108446450185
2020-04-05,122,184.308101118951
2020-04-05,255,160.529061832723
2020-04-05,227,115.144629931427
2020-04-05,185,105.0230057344
2020-04-05,258,244.134692602105
2020-04-05,139,274.7291668263
2020-04-05,144,191.439281420001
2020-04-05,530,215.222109741135
2020-04-05,640,200.475477119831
2020-04-05,248,153.550040524326
2020-04-05,425,122.502643487344
2020-04-05,76,75.4301767492987
2020-04-05,228,560.976554610897
2020-04-05,551,412.435529458625
2020-04-05,614,234.725081240807
2020-04-05,206,115.316036959152
2020-04-05,821,506.19482098164
2020-04-05,170,235.749175276033
2020-04-05,183,214.894998425377
2020-04-05,240,209.16608689228
2020-04-05,144,174.095415603122
2020-04-05,471,164.272462960026
2020-04-05,229,250.823531877989
2020-04-05,214,203.301426523832
2020-04-05,195,168.955176522209
2020-04-05,155,135.251457308689
2020-04-05,95,441.166962168411
2020-04-05,138,365.716310001082
2020-04-05,368,190.797121966111
2020-04-05,250,454.932367061727
2020-04-05,241,320.734875720171
2020-04-05,326,333.558154257248
2020-04-05,474,334.388864678519
2020-04-05,784,511.542896798061
2020-04-05,222,282.764652145668
2020-04-05,309,417.743159649962
2020-04-05,353,184.418976062475
2020-04-05,190,170.17646177102
2020-04-05,134,333.669808952168
2020-04-05,553,343.719462419016
2020-04-05,251,472.852309976189
2020-04-05,424,246.383591388393
2020-04-05,476,206.301036060577
2020-04-05,356,370.697322712203
2020-04-05,262,396.029846238763
2020-04-05,206,71.5187925904113
2020-04-05,723,285.798627612489
2020-04-05,696,324.540285394384
2020-04-05,652,490.258167226082
2020-04-05,349,472.33705481785
2020-04-05,599,297.387972242117
2020-04-05,666,578.980622968807
2020-04-05,476,198.849299631315
2020-04-05,295,409.749443095934
2020-04-05,305,272.164221732439
2020-04-05,118,472.356760983737
2020-04-05,346,202.334611613542
2020-04-05,382,401.67511561406
2020-04-05,438,460.55039702884
2020-04-05,433,476.788085854673
2020-04-05,479,276.784651071067
2020-04-05,543,291.779309033802
2020-04-05,814,422.629253385343
2020-04-05,725,205.20996044049
2020-04-05,423,272.923435743715
2020-04-05,429,193.024308807772
2020-04-05,189,418.150000116247
2020-04-05,271,291.247368954221
2020-04-05,207,284.340186616887
2020-04-05,55,184.035287245009
2020-04-05,0,165.696838311545
2020-04-05,86,120.062621522856
2020-04-05,125,222.240681756238
2020-04-05,134,96.47164919258
2020-04-05,47,173.717248418687
2020-04-05,234,202.43248674139
2020-04-05,211,223.680621987189
2020-04-05,359,150.142743608252
2020-04-05,231,169.812555517358
2020-04-05,286,215.823619009477
2020-04-05,277,208.969109049055
2020-04-05,287,208.024375249278
2020-04-05,248,150.963396604403
2020-04-05,336,219.777942076766
2020-04-05,118,121.644362680967
2020-04-05,171,121.067183593121
2020-04-05,145,245.086544279083
2020-04-05,111,122.733351862122
2020-04-05,410,256.953009822906
2020-04-05,167,158.102064456661
2020-04-05,379,174.283774358011
2020-04-05,190,171.292253787468
2020-04-05,380,315.031972929568
2020-04-05,236,196.614706880958
2020-04-05,231,270.139225789878
2020-04-05,323,167.374760757692
2020-04-05,293,231.293333901542
2020-04-05,499,460.819763118662
2020-04-05,506,274.351060407441
2020-04-05,503,379.921050869294
2020-04-05,171,197.70227535169
2020-04-05,521,344.302848108798
2020-04-05,634,427.965899539296
2020-04-05,436,238.640731989581
2020-04-05,185,256.425831545492
2020-04-05,290,266.068081166947
2020-04-05,510,272.76657208423
2020-04-05,583,328.031836930305
2020-04-05,258,319.601664115107
2020-04-05,213,233.095117819353
2020-04-05,209,264.012956435656
2020-04-05,194,346.865772939994
2020-04-05,356,213.274536739482
2020-04-05,351,245.412144573941
2020-04-05,216,155.530689396598
2020-04-05,156,171.851147821586
2020-04-05,157,277.877063702384
2020-04-05,229,160.833886305565
2020-04-05,373,230.638236027785
2020-04-05,187,203.732682033335
2020-04-05,147,237.437861602114
2020-04-05,300,190.581166623327
2020-04-05,212,250.090281033234
2020-04-05,170,226.601437607511
2020-04-05,265,240.847115939226
2020-04-05,261,190.561313978397
2020-04-05,289,239.106042582379
2020-04-05,236,152.721176659123
2020-04-05,165,216.45819077493
2020-04-05,118,261.699338956257
2020-04-05,130,209.960979235272
2020-04-05,248,281.007675705971
2020-04-05,282,169.955882521991
2020-04-05,245,239.427942846015
2020-04-05,211,222.904590247825
2020-04-05,149,193.124605605004
2020-04-05,429,208.25721747124
2020-04-05,339,320.478475385507
2020-04-05,445,284.283042235909
2020-04-05,403,367.535071745393
2020-04-05,375,334.985921266478
2020-04-05,373,265.157224446638
2020-04-05,220,236.787548138745
2020-04-05,193,374.124060476013
2020-04-05,425,403.733722206662
2020-04-05,460,367.270639967133
2020-04-05,332,277.3540798302
2020-04-05,399,300.254894629453
2020-04-05,221,120.486949724384
2020-04-05,403,187.137716682053
2020-04-05,182,218.281441051962
2020-04-05,411,338.206835952768
2020-04-05,316,316.899487109336
2020-04-05,372,374.174382907124
2020-04-05,246,193.699655215002
2020-04-05,160,216.565589198442
2020-04-05,290,164.144081484783
2020-04-05,392,436.269356847643
2020-04-05,414,193.650973249785
2020-04-05,361,348.21411303976
2020-04-05,253,272.380215122255
2020-04-05,384,458.909684518832
2020-04-05,777,447.714349016517
2020-04-05,393,377.940534297046
2020-04-05,262,379.990124307192
2020-04-05,489,416.798218814502
2020-04-05,454,417.197139083083
2020-04-05,547,419.300216966932
2020-04-05,743,509.85035290132
2020-04-05,528,443.511929711972
2020-04-05,548,359.190175012642
2020-04-05,300,400.245264502427
2020-04-05,458,403.05184950104
2020-04-05,838,375.331449909341
2020-04-05,530,371.425070716174
2020-04-05,615,443.845608616041
2020-04-05,367,216.090367220005
2020-04-05,150,411.627592642251
2020-04-05,104,154.969432970862
2020-04-05,426,492.549478870985
2020-04-05,397,426.783081940017
2020-04-05,355,269.230309283696
2020-04-05,983,426.922912384956
2020-04-05,261,294.196211663505
2020-04-05,523,358.610231085678
2020-04-05,135,155.088362735543
2020-04-05,199,93.4997387150483
2020-04-05,479,307.847960769821
2020-04-05,73,240.546483389592
2020-04-05,265,368.049668072487
2020-04-05,324,161.975406470403
2020-04-05,527,241.801214728559
2020-04-05,397,277.017229061219
2020-04-05,416,269.320298106478
2020-04-05,462,321.495253292998
2020-04-05,415,541.921830944997
2020-04-05,325,192.567509154282
2020-04-05,335,248.10670133229
2020-04-05,269,376.693782058991
2020-04-05,350,291.992894779335
2020-04-05,205,234.624872515258
2020-04-05,476,177.292533948651
2020-04-05,362,499.005782921826
2020-04-05,603,337.932008275152
2020-04-05,367,339.695935577905
2020-04-05,245,168.179300732216
2020-04-05,446,335.842663358404
2020-04-05,428,550.032760405886
2020-04-05,1097,624.620243142094
2020-04-05,883,359.017042773525
2020-04-05,536,544.48615270111
2020-04-05,159,604.293403386901
2020-04-05,303,189.675578458434
2020-04-05,244,263.877902886145
2020-04-05,158,160.25210208516
2020-04-05,183,168.123620989404
2020-04-05,249,306.498755492504
2020-04-05,266,296.281453620716
2020-04-05,542,359.465777030626
2020-04-05,464,384.669606722816
2020-04-05,265,251.839497815881
2020-04-05,256,254.026939341678
2020-04-05,336,406.030331446166
2020-04-05,433,335.691391891659
2020-04-05,591,351.031286834374
2020-04-05,440,277.562520814945
2020-04-05,326,326.867598651547
2020-04-05,380,422.80685130408
2020-04-05,294,417.887689275828
2020-04-05,319,307.324076607201
2020-04-05,520,453.176694066154
2020-04-05,743,458.297941302515
2020-04-05,369,245.548863239808
2020-04-05,349,250.911847547664
2020-04-05,364,339.774853312668
2020-04-05,339,343.616408988864
2020-04-05,234,176.279428428662
2020-04-05,268,242.729750214554
2020-04-05,276,352.866323763951
2020-04-05,359,266.171510823603
2020-04-05,277,314.846495157478
2020-04-05,318,255.585799399358
2020-04-05,304,371.169760377886
2020-04-05,718,297.405421749654
2020-04-05,611,400.753299429058
2020-04-05,863,302.466675855055
2020-04-05,431,408.578125083416
2020-04-05,986,451.661314776661
2020-04-05,502,540.121668167577
2020-04-05,663,516.1320626448
2020-04-05,584,401.090525897856
2020-04-05,242,377.707265077063
2020-04-05,338,294.187147747412
2020-04-05,406,290.107666712317
2020-04-05,162,62.3941441486088
2020-04-05,400,371.661765045306
2020-04-05,560,445.335038315507
2020-04-05,723,291.869805514267
2020-04-05,316,437.688389288218
2020-04-05,1345,450.445775023488
2020-04-05,197,179.903909044758
2020-04-05,557,528.514192661222
2020-04-05,155,396.136172759243
2020-04-05,103,138.496350073683
2020-04-05,172,168.091620870137
2020-04-05,173,195.222254671087
2020-04-05,214,98.6428716984916
2020-04-05,315,268.212602901505
2020-04-05,299,388.042743905494
2020-04-05,294,66.597222383386
2020-04-05,220,335.785186789353
2020-04-05,130,101.393169964913
2020-04-05,480,134.81842534629
2020-04-05,293,105.957227321396
2020-04-05,211,151.962217457514
2020-04-05,234,115.955944483002
2020-04-05,125,229.267373151287
2020-04-05,299,175.043473652622
2020-04-05,143,228.167601045501
2020-04-05,521,261.808616546545
2020-04-05,275,152.861672484124
2020-04-05,106,173.707344999844
2020-04-05,109,95.0487679106459
2020-04-05,127,109.674788864728
2020-04-05,127,206.158453983475
2020-04-05,66,202.108279590121
2020-04-05,0,101.603646515798
2020-04-05,254,431.387114906928
2020-04-05,143,241.827038331659
2020-04-05,209,260.843864995549
2020-04-05,309,241.330592576365
2020-04-05,402,571.406505641703
2020-04-05,358,330.900960992905
2020-04-05,749,362.658676369271
2020-04-05,495,440.72539127323
2020-04-05,598,436.828083772957
2020-04-05,619,457.871421201344
2020-04-05,523,300.798170487052
2020-04-05,312,428.33622849093
2020-04-05,475,418.376517738902
2020-04-05,444,426.213027941517
2020-04-05,193,419.065444724786
2020-04-05,258,260.977271852971
2020-04-05,442,354.961951620136
2020-04-05,580,538.801806292224
2020-04-05,617,393.531834651399
2020-04-05,183,376.215759411314
2020-04-05,570,298.285147182689
2020-04-05,359,325.548751868096
2020-04-05,106,249.402560075914
2020-04-05,597,438.296946875393
2020-04-05,242,245.430345703011
2020-04-05,279,236.155875906598
2020-04-05,358,277.344433006235
2020-04-05,383,392.010794259812
2020-04-05,406,197.142928870225
2020-04-05,737,422.663530180105
2020-04-05,406,546.812967578433
2020-04-05,342,288.688552422741
2020-04-05,508,311.916197648267
2020-04-05,304,387.512264606665
2020-04-05,687,413.769168113972
2020-04-05,237,224.994613354013
2020-04-05,375,405.37826059287
2020-04-05,500,330.733048894855
2020-04-05,250,403.019203829505
2020-04-05,687,224.563940679262
2020-04-05,264,346.403302793238
2020-04-05,183,326.994823710332
2020-04-05,312,306.673963977623
2020-04-05,324,301.781025571059
2020-04-05,337,423.764877462691
2020-04-05,312,267.87494575471
2020-04-05,224,259.961705063693
2020-04-05,359,350.278049434586
2020-04-05,313,376.537712813462
2020-04-05,537,222.125010887881
2020-04-05,647,328.593063238169
2020-04-05,680,385.460518169133
2020-04-05,124,304.390633454675
2020-04-05,474,243.852625369065
2020-04-05,172,361.83559811233
2020-04-05,463,156.349799897568
2020-04-05,179,379.937169149177
2020-04-05,341,388.287265124222
2020-04-05,275,334.673113635244
2020-04-05,291,396.571233427454
2020-04-05,584,386.04569614003
2020-04-05,697,467.201480934763
2020-04-05,346,190.851874785069
2020-04-05,386,359.358352986773
2020-04-05,375,254.382083755789
2020-04-05,138,193.255117894351
2020-04-05,408,653.273877951336
2020-04-05,280,300.766778994143
2020-04-05,133,203.467899077202
2020-04-05,378,211.424311909356
2020-04-05,360,263.629362455179
2020-04-05,182,309.040523985236
2020-04-05,297,225.317921301317
2020-04-05,205,186.518385589283
2020-04-05,52,61.2764935742037
2020-04-05,212,148.762910483334
2020-04-05,577,359.543038123301
2020-04-05,167,133.309543178595
2020-04-05,262,202.810073173691
2020-04-05,351,350.881004748704
2020-04-05,508,264.495280636467
2020-04-05,123,199.428592867332
2020-04-05,319,164.649936335283
2020-04-05,91,215.69970884064
2020-04-05,108,63.1673438712404
2020-04-05,625,439.261129500867
2020-04-05,313,359.840141560759
2020-04-05,498,131.735023337805
2020-04-05,199,310.643370069788
2020-04-05,342,363.49711477159
2020-04-05,358,384.039183451886
2020-04-05,569,293.365037128516
2020-04-05,158,155.054788303113
2020-04-05,107,168.516639141422
2020-04-05,128,186.661527947478
2020-04-05,195,251.675225518749
2020-04-05,544,325.596152571561
2020-04-05,677,394.27156076902
2020-04-05,453,359.675869565122
2020-04-05,625,305.712452051779
2020-04-05,486,437.643041277791
2020-04-05,365,328.747651354976
2020-04-05,275,220.391784131062
2020-04-05,294,274.327825661858
2020-04-05,284,234.765478725072
2020-04-05,243,274.630826576991
2020-04-05,452,264.9689781668
2020-04-05,277,410.31464876933
2020-04-05,367,352.68800737181
2020-04-05,118,312.018277397449
2020-04-05,336,263.709044351617
2020-04-05,463,187.509099522023
2020-04-05,416,204.479683872818
2020-04-05,161,170.910589686014
2020-04-05,594,307.70431982444
2020-04-05,264,144.278689009527
2020-04-05,279,203.664486072897
2020-04-05,719,226.072448809574
2020-04-05,290,166.562248241902
2020-04-05,269,280.072256069128
2020-04-05,304,243.937702685767
2020-04-05,291,227.643917680991
2020-04-05,98,191.863894411897
2020-04-05,213,225.350479190615
2020-04-05,401,215.325922004433
2020-04-05,516,500.372496491313
2020-04-05,557,354.879360458511
2020-04-05,270,284.1770778128
2020-04-05,339,347.373245786932
2020-04-05,391,306.681373266237
2020-04-05,277,203.199999168068
2020-04-05,643,348.328205048071
2020-04-05,114,322.652180647456
2020-04-05,239,263.736353794383
2020-04-05,451,408.172647556168
2020-04-05,144,233.254638802717
2020-04-05,681,396.354468794699
2020-04-05,729,321.852287623191
2020-04-05,661,392.978112696518
2020-04-05,649,334.989393923017
2020-04-05,647,376.56456901871
2020-04-05,91,80.1018630790351
2020-04-05,7,314.028662299099
2020-04-05,178,162.846262055441
2020-04-05,120,207.598111151427
2020-04-05,316,170.382942469676
2020-04-05,235,79.694839684884
2020-04-05,241,409.36192960103
2020-04-05,205,308.846901773754
2020-04-05,287,189.521355033164
2020-04-05,288,166.73017410437
2020-04-05,328,249.839165649878
2020-04-05,208,227.208948211063
2020-04-05,221,236.115197143218
2020-04-05,138,162.967237190014
2020-04-05,175,101.935272863827
2020-04-05,352,314.786308520758
2020-04-05,237,330.095555357125
2020-04-05,407,341.983004709097
2020-04-05,214,145.815281336772
2020-04-05,621,195.145769873834
2020-04-05,147,250.549981148883
2020-04-05,446,506.857160699285
2020-04-05,243,216.886260273915
2020-04-05,442,311.967494982118
2020-04-05,200,237.502507296502
2020-04-05,401,174.61218300643
2020-04-05,305,260.632329363103
2020-04-05,188,145.652021336882
2020-04-05,120,239.883495761899
2020-04-05,377,306.481561873468
2020-04-05,336,294.44904275015
2020-04-05,326,416.629184924881
2020-04-05,843,242.199179295821
2020-04-05,256,349.004658723419
2020-04-05,442,392.948231021187
2020-04-05,354,268.176282833626
2020-04-05,468,300.334426307982
2020-04-05,169,152.298724745303
2020-04-05,142,178.636094787424
2020-04-05,184,216.81651274321
2020-04-05,182,164.243887639422
2020-04-05,252,265.176637237116
2020-04-05,450,210.256788964601
2020-04-05,348,247.430198365306
2020-04-05,248,225.336066125484
2020-04-05,569,185.949673003593
2020-04-05,245,324.181723552641
2020-04-05,53,83.4591919397739
2020-04-05,218,194.850710877767
2020-04-05,366,179.004554047111
2020-04-05,303,291.949798289114
2020-04-05,346,235.460117261883
2020-04-05,180,234.130358954135
2020-04-05,313,254.561991842052
2020-04-05,345,394.778634358061
2020-04-05,334,164.293623072099
2020-04-05,194,81.9823806803749
2020-04-05,99,91.60841351998
2020-04-05,284,228.976873113356
2020-04-05,174,166.760621922075
2020-04-05,316,210.88786208785
2020-04-05,584,405.404393899619
2020-04-05,250,268.091671559395
2020-04-05,340,406.93481726396
2020-04-05,290,507.522860477555
2020-04-05,250,173.529670709002
2020-04-05,171,246.701049872369
2020-04-05,815,291.491175255914
2020-04-05,484,382.470436172986
2020-04-05,190,275.765356952774
2020-04-05,414,220.413233589053
2020-04-05,406,222.978928004473
2020-04-05,163,311.657389698418
2020-04-05,567,190.893829416012
2020-04-05,154,198.123823402008
2020-04-05,245,236.720874150738
2020-04-05,436,153.476646890859
2020-04-05,125,58.4463141031317
2020-04-05,276,273.800000953796
2020-04-05,296,156.06704560633
2020-04-05,536,344.257690438899
2020-04-05,220,159.015543614696
2020-04-05,252,286.640300626443
2020-04-05,526,151.138715767843
2020-04-05,134,183.080469047852
2020-04-05,602,303.875066876557
2020-04-05,282,110.374744781594
2020-04-05,298,406.985873264031
2020-04-05,200,254.591308341987
2020-04-05,356,225.109616663629
2020-04-05,300,227.878343628995
2020-04-05,321,352.223252347645
2020-04-05,110,298.947410499442
2020-04-05,571,269.725769551902
2020-04-05,380,263.397028256547
2020-04-05,169,230.925902306416
2020-04-05,90,238.569743158112
2020-04-05,264,274.286610480012
2020-04-05,234,89.786640572219
2020-04-05,116,101.819156610928
2020-04-05,119,130.714960223124
2020-04-05,239,272.931145938229
2020-04-05,398,116.304287095791
2020-04-05,361,234.82648878242
2020-04-05,324,216.19738183318
2020-04-05,190,249.557509185043
2020-04-05,25,117.760057019933
2020-04-05,524,399.724733442825
2020-04-05,244,235.342638163285
2020-04-05,139,438.390913203434
2020-04-05,260,274.136515008862
2020-04-05,483,430.469498872482
2020-04-05,219,295.460462175843
2020-04-05,276,245.084734049886
2020-04-05,214,168.104158183747
2020-04-05,120,272.411841488836
2020-04-05,771,346.870293705329
2020-04-05,250,131.486730383585
2020-04-05,468,297.104679607327
2020-04-05,346,322.828760549861
2020-04-05,415,217.829446878632
2020-04-05,306,178.66242001112
2020-04-05,307,258.51042818117
2020-04-05,314,205.666539366188
2020-04-05,368,252.715762364695
2020-04-05,323,291.731373917608
2020-04-05,208,256.892670096443
2020-04-05,100,145.389105641188
2020-04-05,206,229.86595879233
2020-04-05,223,155.802879609399
2020-04-05,264,159.736394122423
2020-04-05,319,172.328924743548
2020-04-05,182,269.257782533744
2020-04-05,124,269.495189183818
2020-04-05,254,151.678255346594
2020-04-05,160,220.341203851488
2020-04-05,350,149.417255423704
2020-04-05,215,257.021660138058
2020-04-05,310,274.84383420729
2020-04-05,136,172.843858583865
2020-04-05,181,119.236279990107
2020-04-05,267,186.789176554741
2020-04-05,261,189.650074891335
2020-04-05,162,268.966943236255
2020-04-05,339,276.382003817189
2020-04-05,332,181.655205127977
2020-04-05,280,248.843723123407
2020-04-05,287,238.306590076798
2020-04-05,304,213.443066315384
2020-04-05,336,237.972620270693
2020-04-05,210,169.213923830045
2020-04-05,463,209.279940151408
2020-04-05,220,211.666438598972
2020-04-05,215,144.768586246835
2020-04-05,186,194.688847034998
2020-04-05,221,280.551412849327
2020-04-05,182,196.943591420663
2020-04-05,190,153.879523717437
2020-04-05,298,272.016494129976
2020-04-05,528,226.251415193855
2020-04-05,238,262.304075077955
2020-04-05,313,172.209709311983
2020-04-05,367,204.022843878393
2020-04-05,348,275.870728769755
2020-04-05,320,245.376658121186
2020-04-05,177,248.187261156569
2020-04-05,124,371.103591952903
2020-04-05,194,149.97474462743
2020-04-05,534,322.546072197575
2020-04-05,339,201.605030396209
2020-04-05,313,232.835476142569
2020-04-05,158,228.192521199104
2020-04-05,588,276.45929534567
2020-04-05,608,196.294767138217
2020-04-05,404,296.765148771568
2020-04-05,311,343.137939705714
2020-04-05,215,240.618419802501
2020-04-05,111,249.871460123572
2020-04-05,251,177.604306426365
2020-04-05,123,104.830502083475
2020-04-05,108,194.12032950909
2020-04-05,127,165.783503828759
2020-04-05,89,105.23664355153
2020-04-05,120,138.349188351389
2020-04-05,213,139.264365730159
2020-04-05,159,120.609588957632
2020-04-05,155,116.188738438827
2020-04-05,160,174.904491840271
2020-04-05,161,112.319745904607
2020-04-05,276,196.711783709488
2020-04-05,331,228.933369149501
2020-04-05,223,179.054428753404
2020-04-05,210,190.29941348851
2020-04-05,95,290.106076536688
2020-04-05,288,253.368108163326
2020-04-05,167,297.172652363093
2020-04-05,244,156.729373496209
2020-04-05,317,361.333330225741
2020-04-05,327,312.162595525142
2020-04-05,747,271.142472967412
2020-04-05,499,261.913806116717
2020-04-05,501,255.252759920745
2020-04-05,363,366.129376553298
2020-04-05,214,274.206381646442
2020-04-05,225,232.827287427175
2020-04-05,202,201.083720973779
2020-04-05,307,241.236836512513
2020-04-05,163,231.92926146166
2020-04-05,161,268.588867684019
2020-04-05,149,225.206913733616
2020-04-05,114,96.1437448317574
2020-04-05,133,116.289126911537
2020-04-05,200,218.01970115458
2020-04-05,205,227.524406324312
2020-04-05,282,257.258041073364
2020-04-05,739,289.116486395123
2020-04-05,475,286.707112061032
2020-04-05,389,216.95318216385
2020-04-05,93,189.452015428693
2020-04-05,99,198.104011051463
2020-04-05,254,286.454689629819
2020-04-05,414,250.306611968192
2020-04-05,157,184.397802005559
2020-04-05,483,211.791381820525
2020-04-05,234,333.126220510144
2020-04-05,287,309.09457291271
2020-04-05,266,180.299496732274
2020-04-05,370,279.802417114612
2020-04-05,125,183.637567610199
2020-04-05,93,221.226884856417
2020-04-05,254,233.67292793385
2020-04-05,203,184.655499979801
2020-04-05,265,147.062372209215
2020-04-05,255,127.35227809833
2020-04-05,128,265.257701068289
2020-04-05,204,208.467835551149
2020-04-05,215,168.670171002408
2020-04-05,549,149.592610885108
2020-04-05,133,242.374849156978
2020-04-05,157,238.0246392098
2020-04-05,280,232.780624790731
2020-04-05,198,103.383402713771
2020-04-05,135,159.666338612584
2020-04-05,273,296.783134840587
2020-04-05,33,117.634067887109
2020-04-05,207,190.446913493069
2020-04-05,345,238.146163356332
2020-04-05,377,232.795745479276
2020-04-05,206,219.517550750171
2020-04-05,266,264.342352084353
2020-04-05,274,291.346213569745
2020-04-05,468,295.124013004371
2020-04-05,284,372.286549004257
2020-04-05,622,341.800525913102
2020-04-05,604,265.837581826723
2020-04-05,816,469.021454509422
2020-04-05,399,205.781771032482
2020-04-05,281,319.765914662657
2020-04-05,316,242.44332211096
2020-04-05,258,326.281568784843
2020-04-05,452,246.029710433888
2020-04-05,35,290.351060375158
2020-04-05,426,221.261738777652
2020-04-05,315,370.79152653314
2020-04-05,244,337.214319441312
2020-04-05,122,193.318729281984
2020-04-05,140,204.210837750269
2020-04-05,389,505.891070430674
2020-04-05,195,193.353057639706
2020-04-05,281,327.154066963036
2020-04-05,185,207.938484452891
2020-04-05,477,326.721583496066
2020-04-05,196,143.013776822719
2020-04-05,249,322.169108203908
2020-04-05,330,177.660084915296
2020-04-05,332,221.184760764405
2020-04-05,338,472.052788988793
2020-04-05,414,183.975556403131
2020-04-05,445,479.17016910692
2020-04-05,330,278.693509855131
2020-04-05,433,288.980061812599
2020-04-05,539,374.616246252213
2020-04-05,233,299.300652851833
2020-04-05,376,321.620782863644
2020-04-05,202,162.447291533661
2020-04-05,399,331.366345000534
2020-04-05,255,309.514907301655
2020-04-05,234,327.265580429575
2020-04-05,290,335.427715320047
2020-04-05,387,294.373766931437
2020-04-05,325,101.965854357362
2020-04-05,338,205.836188235526
2020-04-05,116,117.995693831552
2020-04-05,367,232.394199643926
2020-04-05,124,210.541732901576
2020-04-05,172,184.520662300573
2020-04-05,167,197.2149177232
2020-04-05,385,332.782487041726
2020-04-05,714,207.063935917361
2020-04-05,224,280.014930547732
2020-04-05,110,289.415166042924
2020-04-05,193,91.7879085684767
2020-04-05,389,417.521041944354
2020-04-05,519,283.633146575403
2020-04-05,149,221.546694162895
2020-04-05,184,166.151073859751
2020-04-05,168,126.66071192217
2020-04-05,327,242.553378821909
2020-04-05,309,390.087001845664
2020-04-05,183,179.156386090301
2020-04-05,337,312.98786684202
2020-04-05,390,330.744111234094
2020-04-05,237,222.380610998711
2020-04-05,234,172.619681798619
2020-04-05,235,249.469716923451
2020-04-05,83,172.448101171876
2020-04-05,322,198.740470326788
2020-04-05,138,139.837101833883
2020-04-05,183,157.419366483303
2020-04-05,191,164.125810548998
2020-04-05,249,238.720474955094
2020-04-05,295,210.833540925771
2020-04-05,171,255.103734531633
2020-04-05,350,170.154166008249
2020-04-05,295,196.414343231232
2020-04-05,303,180.409320001394
2020-04-05,147,235.569504722921
2020-04-05,363,275.71823760973
2020-04-05,320,256.741176530616
2020-04-05,195,183.446373222973
2020-04-05,196,217.29478498798
2020-04-05,267,256.699642852383
2020-04-05,168,293.948224786315
2020-04-05,357,201.829585218226
2020-04-05,119,171.618773700447
2020-04-05,223,188.306444333891
2020-04-05,235,303.320111963521
2020-04-05,252,272.358979972975
2020-04-05,110,225.043783978225
2020-04-05,126,158.548775932655
2020-04-05,138,159.294256508275
2020-04-05,242,296.876823761379
2020-04-05,257,189.837762250411
2020-04-05,286,112.466126979941
2020-04-05,397,191.771756780895
2020-04-05,147,197.521253111235
2020-04-05,224,268.320898437758
2020-04-05,471,212.829611122614
2020-04-05,149,172.244206816207
2020-04-05,196,273.308423204541
2020-04-05,191,140.827225802065
2020-04-05,379,363.067821451417
2020-04-05,228,338.728827037726
2020-04-05,187,152.576026910866
2020-04-05,326,265.747272202146
2020-04-05,712,348.293601634182
2020-04-05,178,312.540788735174
2020-04-05,697,212.384445306442
2020-04-05,206,174.628518405604
2020-04-05,288,172.524049793995
2020-04-05,73,225.37161945073
2020-04-05,229,144.089837966552
2020-04-05,319,172.563070413543
2020-04-05,223,144.876484948
2020-04-05,161,208.409078500666
2020-04-05,190,290.675705775949
2020-04-05,346,286.035858664199
2020-04-05,165,232.057429817837
2020-04-05,190,185.835772321889
2020-04-05,129,220.081771169173
2020-04-05,153,179.584893678996
2020-04-05,273,76.8668149722104
2020-04-05,220,133.48837924957
2020-04-05,78,174.205376964984
2020-04-05,101,260.065891291543
2020-04-05,179,157.176333758744
2020-04-05,170,203.936345753479
2020-04-05,331,194.648167374742
2020-04-05,130,209.254688484797
2020-04-05,173,109.358859031489
2020-04-05,290,299.858846365382
2020-04-05,412,197.702398058951
2020-04-05,69,131.106988171252
2020-04-05,77,117.835401328227
2020-04-05,110,142.074781281274
2020-04-05,78,133.837025734326
2020-04-05,339,244.513252630535
2020-04-05,149,114.007442543415
2020-04-05,185,150.949367890657
2020-04-05,194,202.375705421507
2020-04-05,194,112.256903341244
2020-04-05,342,147.601114200078
2020-04-05,269,415.200428913263
2020-04-05,413,138.052955600747
2020-04-05,115,230.741917899124
2020-04-05,121,191.22351067161
2020-04-05,360,243.387467017024
2020-04-05,140,160.374683408292
2020-04-05,141,171.928153170433
2020-04-05,128,216.688842824
2020-04-05,214,159.653546328431
2020-04-05,148,211.427183189132
2020-04-05,293,194.798457762991
2020-04-05,311,279.005041110749
2020-04-05,177,189.220428264606
2020-04-05,405,399.322021306816
2020-04-05,598,383.100071392195
2020-04-05,244,297.816550330112
2020-04-05,630,521.840194726988
2020-04-05,369,303.135075060948
2020-04-05,215,157.206910610891
2020-04-05,198,240.626606775739
2020-04-05,258,303.231021857853
2020-04-05,304,220.191836068458
2020-04-05,416,443.036480098054
2020-04-05,553,478.454078062765
2020-04-05,103,142.952338398145
2020-04-05,0,286.029347409805
2020-04-05,340,280.762964284187
2020-04-05,898,478.516817423269
2020-04-05,459,401.964779661601
2020-04-05,189,442.669383673674
2020-04-05,237,350.771464836228
2020-04-05,311,318.831955315952
2020-04-05,379,363.402533611648
2020-04-05,194,299.951287249715
2020-04-05,674,470.776791645656
2020-04-05,166,260.036430998904
2020-04-05,522,193.044855343951
2020-04-05,554,420.588696161911
2020-04-05,373,284.036709546286
2020-04-05,201,335.167709385799
2020-04-05,178,82.8106320671465
2020-04-05,313,199.98070600959
2020-04-05,196,258.350146661077
2020-04-05,264,299.566146173921
2020-04-05,216,414.789531695353
2020-04-05,324,336.216170460646
2020-04-05,755,249.926250203016
2020-04-05,193,130.07605009365
2020-04-05,332,141.488323509977
2020-04-05,280,129.182813061414
2020-04-05,129,290.287692546978
2020-04-05,456,201.936235369833
2020-04-05,311,234.347193093505
2020-04-05,129,319.881918384114
2020-04-05,1007,441.288644832729
2020-04-05,245,466.618712410435
2020-04-05,399,282.777087499272
2020-04-05,754,604.160518429375
2020-04-05,643,397.048313416227
2020-04-05,565,419.784324168112
2020-04-05,794,320.867879355756
2020-04-05,372,438.447087198311
2020-04-05,413,353.016404977827
2020-04-05,106,139.23082440113
2020-04-05,223,160.918102677222
2020-04-05,274,187.071125544832
2020-04-05,222,268.936602910191
2020-04-05,226,159.650664063545
2020-04-05,152,246.247859550521
2020-04-05,331,116.104597030194
2020-04-05,148,143.103254841431
2020-04-05,469,320.47760215495
2020-04-05,131,218.645579736149
2020-04-05,159,50.5436044501121
2020-04-05,244,198.63684342981
2020-04-05,154,212.59088435462
2020-04-05,172,282.15775688978
2020-04-05,219,168.635807440156
2020-04-05,213,146.35403611046
2020-04-05,267,199.87323742985
2020-04-05,473,373.678107316695
2020-04-05,143,132.03775107623
2020-04-05,122,122.684317879514
2020-04-05,128,180.018137434432
2020-04-05,91,163.771802865214
2020-04-05,100,104.741793390205
2020-04-05,238,107.938174399856
2020-04-05,63,121.063610625597
2020-04-05,168,142.344803270681
2020-04-05,41,96.9084120869903
2020-04-05,80,70.723884852247
2020-04-05,102,78.6362355157622
2020-04-05,102,77.3614015477326
2020-04-05,66,52.5222721251232
2020-04-05,61,110.284980035564
2020-04-05,129,63.4560580577628
2020-04-05,81,79.736096879988
2020-04-05,59,47.3598366447125
2020-04-05,112,113.782992557193
2020-04-05,104,87.7845930732427
2020-04-05,183,167.211046697352
2020-04-05,110,108.456091524617
2020-04-05,107,93.8408045386502
2020-04-05,82,87.5371934004363
2020-04-05,104,108.775418278349
2020-04-05,101,117.537912983367
2020-04-05,118,123.032109162121
2020-04-05,144,159.910812295335
2020-04-05,97,167.437640090337
2020-04-05,142,155.138597565425
2020-04-05,231,114.066870995906
2020-04-05,195,195.958595921971
2020-04-05,166,139.495298176809
2020-04-05,178,170.500848887795
2020-04-05,194,134.574557405049
2020-04-05,185,140.03121569575
2020-04-05,230,159.014784162155
2020-04-05,153,215.232541681566
2020-04-05,222,173.761582456144
2020-04-05,128,139.41994971949
2020-04-05,260,181.20898182222
2020-04-05,367,203.229223316447
2020-04-05,384,227.433560696426
2020-04-05,374,291.782045123655
2020-04-05,423,218.539529487414
2020-04-05,232,220.244352108579
2020-04-05,664,264.014852139222
2020-04-05,358,299.388229989106
2020-04-05,350,250.097706308236
2020-04-05,170,236.002540702871
2020-04-05,299,249.149670827655
2020-04-05,290,256.431107314045
2020-04-05,569,203.132075291718
2020-04-05,341,200.468696149797
2020-04-05,309,199.568191317118
2020-04-05,16,311.720513561136
2020-04-05,49,230.201075702993
2020-04-05,355,253.458346057245
2020-04-05,43,189.381624661839
2020-04-05,509,229.919377342812
2020-04-05,247,235.703360446092
2020-04-05,419,228.0664887381
2020-04-05,359,286.591351205654
2020-04-05,343,243.339479788467
2020-04-05,295,348.131365745039
2020-04-05,229,316.879986940152
2020-04-05,651,249.691784196814
2020-04-05,184,225.02296365819
2020-04-05,237,281.494985452428
2020-04-05,173,205.824883771867
2020-04-05,310,136.874094356397
2020-04-05,319,251.119692537832
2020-04-05,175,194.533905534506
2020-04-05,241,227.628019727139
2020-04-05,95,212.844803099965
2020-04-05,121,141.854350428798
2020-04-05,139,169.874997658029
2020-04-05,153,254.705258738454
2020-04-05,551,171.130451463893
2020-04-05,317,273.715143785977
2020-04-05,466,396.09388300976
2020-04-05,260,272.29248695459
2020-04-05,340,247.603914737379
2020-04-05,318,203.173325091225
2020-04-05,406,225.366169223058
2020-04-05,103,139.511699528016
2020-04-05,162,193.202237459574
2020-04-05,141,127.251819024014
2020-04-05,89,80.7486666731613
2020-04-05,22,97.3262449377917
2020-04-05,110,128.539960393089
2020-04-05,289,180.066165494861
2020-04-05,282,156.941378203292
2020-04-05,155,172.324771321646
2020-04-05,295,187.855651099158
2020-04-05,324,184.088958171826
2020-04-05,226,258.381207304864
2020-04-05,285,208.280115333941
2020-04-05,135,97.0672349034347
2020-04-05,379,72.3435295048703
2020-04-05,264,176.523639569818
2020-04-05,335,200.334650534155
2020-04-05,227,212.597871934766
2020-04-05,202,176.80335562447
2020-04-05,236,149.971455959808
2020-04-05,171,174.218321535162
2020-04-05,133,104.98719058503
2020-04-05,193,153.902550053666
2020-04-05,235,215.704774814944
2020-04-05,155,158.256407010709
2020-04-05,170,179.89486938676
2020-04-05,253,307.638405694181
2020-04-05,337,224.691745264073
2020-04-05,145,200.332165295631
2020-04-05,367,228.320808203038
2020-04-05,294,133.023774755099
2020-04-05,73,179.362819168325
2020-04-05,308,187.09966519463
2020-04-05,280,176.162776071194
2020-04-05,98,149.444619399277
2020-04-05,137,148.970793619654
2020-04-05,121,94.7072619377261
2020-04-05,43,123.691748289922
2020-04-05,137,126.642203084647
2020-04-05,201,178.662559834654
2020-04-05,159,94.3031873997253
2020-04-05,127,108.129691796758
2020-04-05,155,156.066760269729
2020-04-05,53,156.672379179663
2020-04-05,265,79.4477228439411
2020-04-05,159,133.344374994074
2020-04-05,89,118.35515989102
2020-04-05,110,155.864889059462
2020-04-05,221,137.095070039319
2020-04-05,76,108.874125055016
2020-04-05,152,160.760169108776
2020-04-05,227,141.885680919942
2020-04-05,124,167.83625592488
2020-04-05,161,143.648876724994
2020-04-05,43,179.968041274199
2020-04-05,157,118.032411948444
2020-04-05,101,101.255304675053
2020-04-05,143,144.671520353503
2020-04-05,200,184.672202719098
2020-04-05,142,167.266626030285
2020-04-05,337,229.026291601572
2020-04-05,134,173.816999573163
2020-04-05,264,171.404745248921
2020-04-05,385,247.454574664153
2020-04-05,200,245.117228567748
2020-04-05,72,101.321380531916
2020-04-05,101,158.201705719237
2020-04-05,199,181.203611672633
2020-04-05,455,152.136516955473
2020-04-05,278,229.317257876733
2020-04-05,103,157.094409015921
2020-04-05,123,184.569648480575
2020-04-05,222,139.486899940088
2020-04-05,148,150.450673326063
2020-04-05,150,147.608450947104
2020-04-05,175,185.422944192686
2020-04-05,163,148.749812714914
2020-04-05,563,176.061842670548
2020-04-05,227,229.130945755037
2020-04-05,280,203.199192975621
2020-04-05,154,202.037781222317
2020-04-05,179,274.59503474357
2020-04-05,208,214.552625439383
2020-04-05,282,123.607904586125
2020-04-05,188,265.951006828324
2020-04-05,114,203.132674213151
2020-04-05,308,232.629894634719
2020-04-05,210,139.244737004758
2020-04-05,171,132.162253671834
2020-04-05,328,172.652579570637
2020-04-05,228,243.801962290318
2020-04-05,355,246.838342493266
2020-04-05,285,235.655165402017
2020-04-05,98,149.567282956693
2020-04-05,260,158.118197428795
2020-04-05,337,201.900593301944
2020-04-05,157,183.002701499293
2020-04-05,501,217.01706829892
2020-04-05,428,190.222181644409
2020-04-05,459,351.88497755433
2020-04-05,321,299.012602018295
2020-04-05,235,165.485212509194
2020-04-05,182,178.877279174055
2020-04-05,308,146.990304947234
2020-04-05,323,149.296962414317
2020-04-05,211,198.914577044506
2020-04-05,144,190.305994362218
2020-04-05,178,121.995063390269
2020-04-05,211,166.169425337105
2020-04-05,309,181.9025416569
2020-04-05,192,193.246118568982
2020-04-05,243,175.207182150327
2020-04-05,170,295.201464241233
2020-04-05,73,149.38333479232
2020-04-05,206,155.607277744478
2020-04-05,66,92.9828375141471
2020-04-05,131,88.0871447671889
2020-04-05,198,136.310137350992
2020-04-05,113,99.7863951957383
2020-04-05,123,157.29502865072
2020-04-05,197,150.655062159276
2020-04-05,163,154.178498145249
2020-04-05,408,129.125114190902
2020-04-05,124,137.065947615887
2020-04-05,327,144.430581216432
2020-04-05,199,116.312163866349
2020-04-05,87,131.098166880125
2020-04-05,48,204.066206180908
2020-04-05,53,85.9455030159419
2020-04-05,28,56.6524720942448
2020-04-05,60,91.2922890042742
2020-04-05,234,139.114281668088
2020-04-05,145,164.84488766939
2020-04-05,66,109.127866532272
2020-04-05,185,155.53376342454
2020-04-05,224,104.530441923891
2020-04-05,217,163.715071270413
2020-04-05,284,123.058341057366
2020-04-05,223,158.138022559495
2020-04-05,300,190.05131304555
2020-04-05,163,198.193245292325
2020-04-05,221,159.450124897845
2020-04-05,125,159.392177819977
2020-04-05,193,181.595745473987
2020-04-05,420,143.954454543413
2020-04-05,201,152.404790131107
2020-04-05,187,162.968934039081
2020-04-05,192,142.105497770497
2020-04-05,112,125.177435416418
2020-04-05,119,98.3085097534368
2020-04-05,79,119.186453681002
2020-04-05,230,119.873864242629
2020-04-05,146,142.388983414489
2020-04-05,185,161.893325504781
2020-04-05,218,190.175655236227
2020-04-05,189,153.571991551075
2020-04-05,321,231.375623021006
2020-04-05,305,160.562328622131
2020-04-05,266,252.781506831175
2020-04-05,419,221.284480044879
2020-04-05,386,155.361670395254
2020-04-05,298,254.457027715287
2020-04-05,99,126.79583703491
2020-04-05,119,173.979263092143
2020-04-05,141,234.503188970822
2020-04-05,202,266.400871841774
2020-04-05,875,194.036554150906
2020-04-05,201,189.196866831358
2020-04-05,381,208.187580516464
2020-04-05,369,207.23411419488
2020-04-05,219,222.310678010613
2020-04-05,240,237.137566611098
2020-04-05,323,227.886605943155
2020-04-05,267,150.897280445003
2020-04-05,166,195.689865770686
2020-04-05,236,211.386877877708
2020-04-05,237,186.912177541629
2020-04-05,415,214.615176115477
2020-04-05,343,184.961960492794
2020-04-05,189,185.397451233902
2020-04-05,80,217.338096470968
2020-04-05,367,302.345980148204
2020-04-05,150,202.546326504605
2020-04-05,248,213.616816874895
2020-04-05,202,175.368545581877
2020-04-05,314,220.243304860607
2020-04-05,308,304.237615199121
2020-04-05,232,376.539635856756
2020-04-05,354,429.457415540451
2020-04-05,190,342.459322395534
2020-04-05,160,204.761350598181
2020-04-05,284,239.97726665457
2020-04-05,328,192.76863376693
2020-04-05,480,331.045383017802
2020-04-05,617,201.224839538601
2020-04-05,448,359.241510598508
2020-04-05,297,196.006091446452
2020-04-05,367,158.589148464396
2020-04-05,347,318.268548222648
2020-04-05,240,225.736532576156
2020-04-05,474,226.689248625538
2020-04-05,310,292.288548987389
2020-04-05,440,331.364294237896
2020-04-05,345,244.73759406232
2020-04-05,274,190.996319407381
2020-04-05,307,293.558060655861
2020-04-05,627,333.688409313943
2020-04-05,311,215.960376327959
2020-04-05,288,309.768186198879
2020-04-05,371,315.336256064946
2020-04-05,240,291.56336176332
2020-04-05,397,376.154670492404
2020-04-05,323,412.910747294815
2020-04-05,276,216.572486985445
2020-04-05,315,368.799358936741
2020-04-05,597,280.604615276842
2020-04-05,208,227.70449507534
2020-04-05,317,222.12346312386
2020-04-05,344,293.797290288074
2020-04-05,494,222.629315057149
2020-04-05,487,285.938076794825
2020-04-05,556,192.305816988374
2020-04-05,299,284.21850510266
2020-04-05,260,195.375394788102
2020-04-05,240,287.924081928144
2020-04-05,251,150.906007554159
2020-04-05,292,316.877980609215
2020-04-05,323,272.004706686583
2020-04-05,453,222.774169145457
2020-04-05,395,222.295783256607
2020-04-05,448,228.066100068405
2020-04-05,350,334.849767099196
2020-04-05,209,250.846298491604
2020-04-05,182,257.837677478182
2020-04-05,375,185.914005179911
2020-04-05,204,197.053954636536
2020-04-05,480,344.852914331201
2020-04-05,268,187.895605478385
2020-04-05,482,359.45024110102
2020-04-05,170,315.32547477603
2020-04-05,381,203.945682614109
2020-04-05,302,226.91549571954
2020-04-05,435,269.665174981498
2020-04-05,418,220.891292237428
2020-04-05,362,296.470768298247
2020-04-05,406,296.428100902894
2020-04-05,186,290.227899763101
2020-04-05,287,350.680498534698
2020-04-05,404,265.394791943221
2020-04-05,331,220.684924864772
2020-04-05,713,309.310503365344
2020-04-05,479,359.533161144757
2020-04-05,276,260.716465867631
2020-04-05,432,277.121808068716
2020-04-05,502,232.747096610385
2020-04-05,608,296.165818603256
2020-04-05,473,397.067082670983
2020-04-05,212,329.977092832683
2020-04-05,315,221.967664223048
2020-04-05,468,197.239249315335
2020-04-05,406,261.906378797826
2020-04-05,374,227.769739613997
2020-04-05,252,226.910862549005
2020-04-05,259,200.896135607557
2020-04-05,477,190.298120294812
2020-04-05,51,411.279520464402
2020-04-05,460,278.202436712355
2020-04-05,354,299.191330311312
2020-04-05,73,204.221141747337
2020-04-05,126,121.29038424819
2020-04-05,175,373.161605198665
2020-04-05,332,248.523320851127
2020-04-05,420,257.814859813854
2020-04-05,176,244.777067959834
2020-04-05,152,146.117164026697
2020-04-05,214,169.941974411021
2020-04-05,137,337.829579627156
2020-04-05,310,171.667781904197
2020-04-05,154,272.388472593571
2020-04-05,82,514.434266743503
2020-04-05,165,447.896512549474
2020-04-05,197,336.709664860098
2020-04-05,176,103.330166943046
2020-04-05,139,67.3275966723043
2020-04-05,63,79.0295206570916
2020-04-05,77,147.146153044904
2020-04-05,133,107.466959999295
2020-04-05,226,230.014510042131
2020-04-05,448,373.531201725114
2020-04-05,228,557.172002206259
2020-04-05,10,291.392982978028
2020-04-05,44,716.591058492258
2020-04-05,52,456.703685117432
2020-04-05,45,123.900867566241
2020-04-05,145,189.687172099944
2020-04-05,14,132.94360029515
2020-04-05,68,333.884865315867
2020-04-05,43,353.425135982933
2020-04-05,141,659.120575890928
2020-04-05,20,360.846535990543
