"day","empirical","exp"
2020-02-10,177,267.864076455854
2020-02-10,387,110.115417922321
2020-02-10,263,217.266060007807
2020-02-10,465,185.54137237759
2020-02-10,103,236.838173050236
2020-02-10,197,231.380522166373
2020-02-10,153,126.691018403851
2020-02-10,214,184.222359701055
2020-02-10,257,155.974221436851
2020-02-10,150,162.189303748692
2020-02-10,458,278.340922245757
2020-02-10,169,237.949264363461
2020-02-10,618,318.285743757746
2020-02-10,126,422.260648694887
2020-02-10,450,219.301279503372
2020-02-10,220,270.731401806707
2020-02-10,292,223.514559133696
2020-02-10,246,250.026889371848
2020-02-10,227,302.619549392497
2020-02-10,394,205.81733537336
2020-02-10,228,162.969512211631
2020-02-10,223,190.934289298825
2020-02-10,463,327.481237717233
2020-02-10,333,386.197698498572
2020-02-10,201,242.897211919483
2020-02-10,381,259.737957583218
2020-02-10,423,206.620317912245
2020-02-10,301,293.613611558087
2020-02-10,134,233.645269311554
2020-02-10,212,212.969683984801
2020-02-10,328,298.022745931559
2020-02-10,583,219.82290813857
2020-02-10,389,354.235600161817
2020-02-10,369,264.357600948392
2020-02-10,251,357.109361495359
2020-02-10,269,189.069098447922
2020-02-10,189,327.752127405879
2020-02-10,177,326.138667305145
2020-02-10,202,203.324389677363
2020-02-10,383,258.688816236644
2020-02-10,191,318.358378747933
2020-02-10,296,183.087861527083
2020-02-10,269,198.235637571499
2020-02-10,271,157.840448074243
2020-02-10,254,280.790839433851
2020-02-10,327,176.610438912262
2020-02-10,254,216.874145952031
2020-02-10,233,299.943442328859
2020-02-10,403,251.626485785008
2020-02-10,148,161.804615554031
2020-02-10,127,234.334850103444
2020-02-10,386,271.716160863853
2020-02-10,344,239.677328624409
2020-02-10,257,231.089466616806
2020-02-10,381,200.175736394201
2020-02-10,323,179.054556162
2020-02-10,133,175.756909609911
2020-02-10,164,121.661454889996
2020-02-10,125,171.481082055694
2020-02-10,98,164.944994266287
2020-02-10,118,183.621958092037
2020-02-10,105,165.250311606977
2020-02-10,161,221.715048489302
2020-02-10,255,252.845070872095
2020-02-10,192,266.943847221646
2020-02-10,304,222.798649791229
2020-02-10,253,213.383692390619
2020-02-10,214,223.954528808116
2020-02-10,302,162.729704465937
2020-02-10,116,157.098937145977
2020-02-10,167,205.114463209682
2020-02-10,51,136.068604603922
2020-02-10,275,103.94275277132
2020-02-10,231,166.72587227614
2020-02-10,208,193.977725380518
2020-02-10,403,252.450112256677
2020-02-10,415,196.412898177411
2020-02-10,269,205.872144516629
2020-02-10,219,189.564163397886
2020-02-10,0,608.422760472665
2020-02-10,251,188.512683651307
2020-02-10,111,175.846535236174
2020-02-10,86,153.765636419287
2020-02-10,152,149.23442453785
2020-02-10,150,108.518506211055
2020-02-10,149,126.077271897328
2020-02-10,25,408.579503840436
2020-02-10,137,123.900862364815
2020-02-10,201,167.052295283455
2020-02-10,314,256.201945214531
2020-02-10,523,260.080059909355
2020-02-10,233,431.623424665115
2020-02-10,466,362.939865558002
2020-02-10,119,437.980421807251
2020-02-10,254,293.752721564689
2020-02-10,429,294.654271842358
2020-02-10,329,138.641376500791
2020-02-10,378,238.801104716047
2020-02-10,351,315.052823495835
2020-02-10,418,195.760762024337
2020-02-10,474,318.123300636149
2020-02-10,330,212.164007426516
2020-02-10,316,224.719507071429
2020-02-10,485,304.752960559593
2020-02-10,452,305.978135071001
2020-02-10,392,308.82447866504
2020-02-10,349,244.483620827804
2020-02-10,685,217.864451709367
2020-02-10,362,254.747203218942
2020-02-10,307,230.289786675722
2020-02-10,221,245.021724772769
2020-02-10,509,305.960002816288
2020-02-10,346,262.62958889118
2020-02-10,215,265.133306454971
2020-02-10,186,249.727666024142
2020-02-10,389,251.636170800396
2020-02-10,353,251.850380879025
2020-02-10,340,118.94275642844
2020-02-10,103,210.337860958256
2020-02-10,149,108.252519383757
2020-02-10,160,155.710970267988
2020-02-10,163,136.150414300508
2020-02-10,163,138.612777728337
2020-02-10,161,170.136003891885
2020-02-10,146,179.254214249583
2020-02-10,122,280.146196835971
2020-02-10,124,219.380048472743
2020-02-10,163,215.255306676638
2020-02-10,303,258.958765204758
2020-02-10,484,248.485744008058
2020-02-10,293,335.384960431063
2020-02-10,202,261.679126180296
2020-02-10,374,207.145628328894
2020-02-10,301,252.717359816343
2020-02-10,395,239.140412585789
2020-02-10,393,306.491568100296
2020-02-10,186,250.988234428873
2020-02-10,244,186.010598984024
2020-02-10,246,169.715291829579
2020-02-10,280,339.095705000804
2020-02-10,105,186.177151656404
2020-02-10,394,313.522237094836
2020-02-10,578,297.453331829005
2020-02-10,189,259.691294036374
2020-02-10,306,192.267275718839
2020-02-10,328,335.985631732128
2020-02-10,145,224.228077626338
2020-02-10,395,386.308476298185
2020-02-10,252,186.090922445138
2020-02-10,238,430.347824441649
2020-02-10,536,284.553442742563
2020-02-10,439,278.338218235874
2020-02-10,224,313.427668196927
2020-02-10,267,374.010311413368
2020-02-10,226,274.998067988107
2020-02-10,246,135.308200075437
2020-02-10,338,191.030975361057
2020-02-10,240,223.903068398365
2020-02-10,363,239.989286423222
2020-02-10,296,235.540715813415
2020-02-10,436,314.642908616408
2020-02-10,216,270.545014601989
2020-02-10,296,378.7633953548
2020-02-10,203,272.397934052069
2020-02-10,309,219.500387988867
2020-02-10,317,203.537562874197
2020-02-10,136,302.276412009761
2020-02-10,305,250.899707928927
2020-02-10,191,218.136417033084
2020-02-10,338,102.091856306191
2020-02-10,318,345.947982896845
2020-02-10,448,294.910492126066
2020-02-10,215,206.18385981188
2020-02-10,633,379.226949612989
2020-02-10,314,219.321714552174
2020-02-10,795,163.317130288253
2020-02-10,405,471.800401364284
2020-02-10,202,182.156627647925
2020-02-10,512,547.621697334155
2020-02-10,438,234.912003558098
2020-02-10,435,165.922780713519
2020-02-10,910,409.147680997791
2020-02-10,628,595.574306303161
2020-02-10,1353,183.160717388662
2020-02-10,548,263.120712421776
2020-02-10,1228,343.6522957165
2020-02-10,361,386.565906425925
2020-02-10,1023,415.255960724565
2020-02-10,371,555.643637010695
2020-02-10,431,383.426238328696
2020-02-10,579,459.758472271804
2020-02-10,1072,265.224943105284
2020-02-10,700,432.037509022127
2020-02-10,956,304.993173887499
2020-02-10,182,395.450934039569
2020-02-10,827,258.047414809305
2020-02-10,952,150.578646040738
2020-02-10,0,616.213700688478
2020-02-10,777,353.705033171762
2020-02-10,261,645.632248039883
2020-02-10,83,282.106990523485
2020-02-10,660,229.780056125786
2020-02-10,274,335.325892676942
2020-02-10,395,223.472248548918
2020-02-10,351,378.35815491219
2020-02-10,625,800.323588698208
2020-02-10,691,791.461965847478
2020-02-10,566,427.963456803283
2020-02-10,790,644.600040101726
2020-02-10,692,492.912647512304
2020-02-10,732,401.720007988225
2020-02-10,791,456.949437380311
2020-02-10,1632,582.462477909168
2020-02-10,552,357.582764318506
2020-02-10,811,936.890532011421
2020-02-10,624,710.035481285223
2020-02-10,726,662.795096783385
2020-02-10,1801,688.770521327203
2020-02-10,506,483.158224736723
2020-02-10,618,445.987699809673
2020-02-10,616,354.81203978423
2020-02-10,1487,754.578120118675
2020-02-10,382,720.481846692961
2020-02-10,641,282.071171830227
2020-02-10,651,406.861583583501
2020-02-10,632,752.135698211228
2020-02-10,1198,582.395694228873
2020-02-10,1071,754.748607412696
2020-02-10,0,1545.12018625278
2020-02-10,903,492.937204484051
2020-02-10,166,217.019458314685
2020-02-10,137,242.982865632891
2020-02-10,149,183.523649686009
2020-02-10,812,280.310474641143
2020-02-10,616,423.317837117752
2020-02-10,843,312.797316036887
2020-02-10,516,489.212853982059
2020-02-10,274,357.526918329169
2020-02-10,686,326.961938682694
2020-02-10,373,310.826895668932
2020-02-10,269,355.451219615665
2020-02-10,583,473.500338597722
2020-02-10,805,449.203445891067
2020-02-10,216,363.90194112547
2020-02-10,699,323.58496732444
2020-02-10,648,782.155597283141
2020-02-10,677,626.800814042578
2020-02-10,658,409.777064005625
2020-02-10,747,234.266463650363
2020-02-10,216,610.768656856424
2020-02-10,758,594.275266890465
2020-02-10,422,522.440402969147
2020-02-10,295,152.335520337045
2020-02-10,466,695.963991839776
2020-02-10,625,357.129485871212
2020-02-10,1184,484.405106734118
2020-02-10,481,378.958018527428
2020-02-10,864,494.044545807043
2020-02-10,781,327.244224234071
2020-02-10,788,633.366248997864
2020-02-10,582,715.140227117538
2020-02-10,597,184.564350471405
2020-02-10,474,388.878192416511
2020-02-10,997,745.456496261897
2020-02-10,350,922.908300480385
2020-02-10,751,195.681263663164
2020-02-10,1591,453.624070816587
2020-02-10,929,467.801346959806
2020-02-10,748,738.280887137349
2020-02-10,694,621.271115868283
2020-02-10,633,471.259930674176
2020-02-10,449,522.789446475447
2020-02-10,730,204.792753683712
2020-02-10,341,471.807034548698
2020-02-10,721,307.833565169763
2020-02-10,295,333.927229700083
2020-02-10,470,128.018950814191
2020-02-10,290,316.497772841972
2020-02-10,803,194.08924991948
2020-02-10,504,161.161339071306
2020-02-10,334,534.318044302606
2020-02-10,457,89.7863465872365
2020-02-10,320,337.557929026826
2020-02-10,380,449.303365020865
2020-02-10,468,567.338064840349
2020-02-10,178,628.826820601397
2020-02-10,619,244.29609078323
2020-02-10,843,361.343912883899
2020-02-10,671,255.128562675487
2020-02-10,813,504.364279663393
2020-02-10,553,677.813866632171
2020-02-10,773,872.14049367114
2020-02-10,527,542.021670074821
2020-02-10,1065,457.849918796473
2020-02-10,315,916.491560957776
2020-02-10,1691,770.94031747307
2020-02-10,861,427.537828048678
2020-02-10,882,556.755018707388
2020-02-10,396,475.891793348851
2020-02-10,842,809.825553796395
2020-02-10,958,710.45343640034
2020-02-10,600,568.127937151951
2020-02-10,618,400.929588605061
2020-02-10,652,620.056264976311
2020-02-10,1406,529.95791831213
2020-02-10,1114,1192.58608899711
2020-02-10,358,697.946649415428
2020-02-10,1102,1457.22856458576
2020-02-10,785,1112.39970807307
2020-02-10,592,611.672582108733
2020-02-10,987,421.219973705114
2020-02-10,775,762.889185131146
2020-02-10,279,661.108406959255
2020-02-10,827,841.007274556595
2020-02-10,1365,580.524094559987
2020-02-10,660,397.534377524715
2020-02-10,350,425.192307860471
2020-02-10,782,402.099513461969
2020-02-10,556,476.742813452009
2020-02-10,449,621.321207560037
2020-02-10,714,575.767980248182
2020-02-10,590,462.049818521044
2020-02-10,668,503.710551425442
2020-02-10,698,430.411809969011
2020-02-10,934,673.848857419315
2020-02-10,815,550.919535233491
2020-02-10,405,501.441204408412
2020-02-10,939,582.939884038312
2020-02-10,360,399.548493430928
2020-02-10,265,296.893745564858
2020-02-10,500,485.070613922229
2020-02-10,299,540.310911284197
2020-02-10,329,394.938358016835
2020-02-10,542,548.265035345283
2020-02-10,675,369.017100994762
2020-02-10,477,625.719768949143
2020-02-10,622,430.377945412911
2020-02-10,871,649.88960547696
2020-02-10,906,538.610906526553
2020-02-10,793,389.022724726808
2020-02-10,734,636.811415504535
2020-02-10,736,427.054067226914
2020-02-10,348,219.739748967982
2020-02-10,153,239.054502840108
2020-02-10,417,315.474924535099
2020-02-10,390,426.451893968609
2020-02-10,825,406.017261492484
2020-02-10,359,449.716000371593
2020-02-10,325,535.552485869198
2020-02-10,286,541.738490693954
2020-02-10,310,472.897756297004
2020-02-10,414,330.291726713224
2020-02-10,573,306.202304622419
2020-02-10,522,575.521985991589
2020-02-10,424,335.739829525876
2020-02-10,406,405.529520159959
2020-02-10,221,413.551359054475
2020-02-10,313,361.076793188653
2020-02-10,302,304.388811967962
2020-02-10,452,425.134823238511
2020-02-10,423,378.481177401723
2020-02-10,493,327.10231895275
2020-02-10,602,310.816362190619
2020-02-10,657,425.728977260903
2020-02-10,378,511.234025435085
2020-02-10,510,484.522977019834
2020-02-10,532,281.831031924051
2020-02-10,603,293.441035290784
2020-02-10,241,359.995014730337
2020-02-10,697,569.997523359079
2020-02-10,678,431.904504460713
2020-02-10,444,380.500471590406
2020-02-10,743,467.133852603191
2020-02-10,288,628.222189507982
2020-02-10,543,255.139109876844
2020-02-10,199,229.886773909324
2020-02-10,299,234.064353225298
2020-02-10,516,383.735224039057
2020-02-10,262,313.531665062809
2020-02-10,398,544.498032216324
2020-02-10,493,437.268049033301
2020-02-10,517,607.870238290377
2020-02-10,319,377.705625763317
2020-02-10,723,493.590476674036
2020-02-10,333,374.65041756109
2020-02-10,583,693.911602880127
2020-02-10,576,755.450124566935
2020-02-10,1223,331.87770175056
2020-02-10,428,314.898059837063
2020-02-10,294,488.163462911385
2020-02-10,458,419.243738434542
2020-02-10,741,429.566931643889
2020-02-10,736,432.218267319387
2020-02-10,539,473.6503312012
2020-02-10,633,513.87202898612
2020-02-10,355,527.887870483002
2020-02-10,1007,420.001329077782
2020-02-10,804,529.49303096094
2020-02-10,703,524.640979653009
2020-02-10,566,538.645102638956
2020-02-10,419,344.504538403636
2020-02-10,511,341.203591495051
2020-02-10,196,524.927461172028
2020-02-10,323,289.212825445432
2020-02-10,483,270.77770583734
2020-02-10,990,542.542720072699
2020-02-10,672,500.842341263609
2020-02-10,473,685.859591444244
2020-02-10,409,560.961766174847
2020-02-10,459,347.553140753213
2020-02-10,731,570.996460292047
2020-02-10,256,362.317278143136
2020-02-10,608,444.703625147708
2020-02-10,198,240.068844208676
2020-02-10,188,216.503142515417
2020-02-10,340,316.17569752565
2020-02-10,186,263.880507533168
2020-02-10,474,305.151282654746
2020-02-10,241,204.216872290083
2020-02-10,427,348.568040223661
2020-02-10,546,418.840811626421
2020-02-10,252,444.389388066025
2020-02-10,368,273.888545495404
2020-02-10,223,279.583778434065
2020-02-10,325,215.483150130416
2020-02-10,170,316.166811291264
2020-02-10,383,219.34342893857
2020-02-10,625,368.04857790547
2020-02-10,352,242.582357726071
2020-02-10,364,250.790112024274
2020-02-10,705,428.588031751976
2020-02-10,631,397.48233357732
2020-02-10,442,406.436464108735
2020-02-10,109,342.927831103192
2020-02-10,382,326.258515470052
2020-02-10,750,603.201070397283
2020-02-10,732,448.645610148105
2020-02-10,334,263.649175048881
2020-02-10,488,458.63323192758
2020-02-10,388,300.619145592117
2020-02-10,622,323.031907466995
2020-02-10,254,303.774595054935
2020-02-10,926,486.820696197909
2020-02-10,663,327.128422141546
2020-02-10,933,370.889401810654
2020-02-10,272,490.692896151662
2020-02-10,278,445.429881863436
2020-02-10,60,267.794563153022
2020-02-10,144,246.658978471485
2020-02-10,524,474.506058497734
2020-02-10,501,443.781120119139
2020-02-10,489,270.168996311731
2020-02-10,485,496.525375197135
2020-02-10,624,345.598317916549
2020-02-10,408,284.719666969278
2020-02-10,388,450.293114201795
2020-02-10,260,336.155647344272
2020-02-10,772,555.444440384672
2020-02-10,222,343.075271013793
2020-02-10,308,447.231518445997
2020-02-10,218,279.983996105175
2020-02-10,503,191.865284066585
2020-02-10,361,437.403856700067
2020-02-10,286,376.886137271405
2020-02-10,214,396.381876327208
2020-02-10,745,274.964321827458
2020-02-10,646,445.114713644955
2020-02-10,434,389.191543897835
2020-02-10,275,233.169950604874
2020-02-10,390,297.193925199721
2020-02-10,300,356.048982070099
2020-02-10,122,118.190757781932
2020-02-10,431,362.418554054131
2020-02-10,288,368.697139599139
2020-02-10,277,236.364893761332
2020-02-10,361,289.967578681803
2020-02-10,478,257.518484144812
2020-02-10,283,275.017033588164
2020-02-10,288,151.096654231589
2020-02-10,94,207.796063814161
2020-02-10,145,159.785301189901
2020-02-10,260,185.177696738285
2020-02-10,571,308.755564506349
2020-02-10,414,375.599537367458
2020-02-10,273,241.1991837227
2020-02-10,165,335.626861057131
2020-02-10,423,247.039431535454
2020-02-10,134,136.916414781192
2020-02-10,261,342.306352539529
2020-02-10,152,294.530982842445
2020-02-10,175,170.304287525237
2020-02-10,341,307.605861415439
2020-02-10,494,246.43552326293
2020-02-10,539,612.258739968162
2020-02-10,312,360.767505224174
2020-02-10,415,387.911280394951
2020-02-10,459,214.242856261158
2020-02-10,457,442.68180571087
2020-02-10,880,526.236218467897
2020-02-10,654,531.321874279775
2020-02-10,725,374.663791016857
2020-02-10,332,246.18019479654
2020-02-10,812,322.353783539857
2020-02-10,304,394.183184869952
2020-02-10,315,482.799635049896
2020-02-10,253,122.817054387201
2020-02-10,184,253.859971971088
2020-02-10,372,206.701220820323
2020-02-10,377,332.295048296394
2020-02-10,418,178.073624001011
2020-02-10,374,238.358420145525
2020-02-10,510,540.176213308258
2020-02-10,447,328.865417752265
2020-02-10,936,310.501353346098
2020-02-10,332,173.587379570203
2020-02-10,349,264.813849484658
2020-02-10,282,287.475950521501
2020-02-10,539,525.545301146286
2020-02-10,519,325.732035144988
2020-02-10,219,212.617501662424
2020-02-10,238,304.646442685975
2020-02-10,242,255.981999299636
2020-02-10,624,301.737578945804
2020-02-10,355,277.369470858308
2020-02-10,782,697.952360841636
2020-02-10,884,436.163803845889
2020-02-10,664,354.55950111955
2020-02-10,451,532.279127799749
2020-02-10,524,475.830836394755
2020-02-10,606,251.307830561273
2020-02-10,438,333.569455458965
2020-02-10,274,297.903826581694
2020-02-10,460,578.570836681781
2020-02-10,1266,462.948828252277
2020-02-10,514,431.710096329506
2020-02-10,629,428.844453775688
2020-02-10,633,451.31088578017
2020-02-10,393,334.180842207797
2020-02-10,327,284.694120933706
2020-02-10,608,480.317482139539
2020-02-10,408,501.220026181919
2020-02-10,494,241.739476922583
2020-02-10,207,178.059421760411
2020-02-10,239,228.555572855419
2020-02-10,238,212.665192765672
2020-02-10,522,642.323663147122
2020-02-10,512,313.547985378856
2020-02-10,636,636.287061302948
2020-02-10,820,426.435763360756
2020-02-10,1250,465.669943132608
2020-02-10,693,258.794016323455
2020-02-10,551,425.091465969705
2020-02-10,451,435.647213296828
2020-02-10,354,454.800170261035
2020-02-10,390,587.023307211151
2020-02-10,151,713.098254800617
2020-02-10,893,767.344613518279
2020-02-10,655,714.578116642714
2020-02-10,491,346.354268385154
2020-02-10,420,286.941413678394
2020-02-10,275,481.913280570486
2020-02-10,496,355.191792242077
2020-02-10,523,323.104350328268
2020-02-10,477,351.205733689056
2020-02-10,413,493.840820455707
2020-02-10,359,328.336773780483
2020-02-10,403,432.849902447438
2020-02-10,380,479.310165519343
2020-02-10,394,402.82608732175
2020-02-10,358,275.484675101347
2020-02-10,525,348.612924549664
2020-02-10,428,337.040196969446
2020-02-10,282,598.660137331176
2020-02-10,950,509.078826631035
2020-02-10,384,513.231811615094
2020-02-10,312,189.765896730827
2020-02-10,382,584.898991806183
2020-02-10,813,885.900199909316
2020-02-10,812,835.855265622224
2020-02-10,387,373.372841887373
2020-02-10,397,347.589459920407
2020-02-10,714,403.574418883233
2020-02-10,553,434.726650242949
2020-02-10,377,389.50695357904
2020-02-10,745,465.453820529682
2020-02-10,278,357.019165732514
2020-02-10,274,384.551141475047
2020-02-10,402,251.207835665755
2020-02-10,420,451.882747979877
2020-02-10,306,335.775648616075
2020-02-10,304,322.625343093191
2020-02-10,557,269.374015218635
2020-02-10,397,448.608340834819
2020-02-10,719,389.316551283672
2020-02-10,231,386.717434333051
2020-02-10,677,341.810193433373
2020-02-10,463,492.01463335128
2020-02-10,283,271.195360593717
2020-02-10,515,253.128216200014
2020-02-10,219,230.47658088766
2020-02-10,199,315.826214768116
2020-02-10,596,630.443972291947
2020-02-10,326,252.769491773397
2020-02-10,618,521.849013191771
2020-02-10,442,415.575480647755
2020-02-10,759,318.862989172638
2020-02-10,232,441.692986152544
2020-02-10,447,583.759716280937
2020-02-10,552,301.010389719012
2020-02-10,628,417.119537397091
2020-02-10,405,336.521617001064
2020-02-10,317,420.018956588126
2020-02-10,261,350.730312366989
2020-02-10,547,185.199010660268
2020-02-10,511,274.278857340814
2020-02-10,454,590.234509756691
2020-02-10,634,342.957006769637
2020-02-10,886,597.713979201463
2020-02-10,577,442.002296153421
2020-02-10,631,349.313965898119
2020-02-10,437,579.432184235479
2020-02-10,245,270.751224590975
2020-02-10,470,390.769467077763
2020-02-10,276,345.439621494322
2020-02-10,493,313.318239455913
2020-02-10,311,316.012164890965
2020-02-10,458,287.853671832369
2020-02-10,306,313.749555973983
2020-02-10,674,459.282967366215
2020-02-10,657,469.696168924351
2020-02-10,623,343.860436836818
2020-02-10,490,434.209673928377
2020-02-10,334,379.410610645908
2020-02-10,317,426.918012121083
2020-02-10,295,471.795124502305
2020-02-10,365,278.561456897489
2020-02-10,743,423.516301938536
2020-02-10,151,274.327111154466
2020-02-10,440,308.304645904865
2020-02-10,353,504.373678111268
2020-02-10,500,475.190867640882
2020-02-10,737,647.131687650869
2020-02-10,513,280.568572981234
2020-02-10,573,650.20228479034
2020-02-10,467,430.779196571822
2020-02-10,635,545.621367551837
2020-02-10,395,533.245470928692
2020-02-10,657,346.561452259124
2020-02-10,358,441.918770054187
2020-02-10,466,408.582533477238
2020-02-10,580,380.134958610903
2020-02-10,334,407.280065861748
2020-02-10,329,470.166462394431
2020-02-10,325,253.75196411327
2020-02-10,299,384.809624791099
2020-02-10,283,343.809772851587
2020-02-10,730,684.525171463821
2020-02-10,745,630.304470819614
2020-02-10,434,365.531242542534
2020-02-10,736,580.515593233374
2020-02-10,342,257.678531052712
2020-02-10,422,605.773124187361
2020-02-10,788,277.960440057253
2020-02-10,295,341.387602949925
2020-02-10,239,394.1576267815
2020-02-10,636,491.121850063921
2020-02-10,413,295.621326645702
2020-02-10,522,421.538491473516
2020-02-10,468,271.02778184077
2020-02-10,380,273.356003176715
2020-02-10,723,328.634275637533
2020-02-10,221,280.916786756157
2020-02-10,459,430.399440969902
2020-02-10,320,399.720763556575
2020-02-10,302,283.539905537674
2020-02-10,345,279.963362448069
2020-02-10,207,190.510455044442
2020-02-10,271,293.344558556436
2020-02-10,461,272.625851506155
2020-02-10,622,383.498117595078
2020-02-10,365,341.017160943542
2020-02-10,401,218.833605703597
2020-02-10,443,285.180735743968
2020-02-10,295,402.493385813834
2020-02-10,454,269.116190109975
2020-02-10,372,154.122495103751
2020-02-10,635,505.102618042967
2020-02-10,480,354.838881018098
2020-02-10,398,394.387075626097
2020-02-10,492,405.513488387507
2020-02-10,295,264.836003578088
2020-02-10,243,329.564718949462
2020-02-10,317,210.944362490025
2020-02-10,428,356.090948380352
2020-02-10,578,359.056653092409
2020-02-10,424,322.972008721462
2020-02-10,412,338.835356529406
2020-02-10,345,305.599082242348
2020-02-10,226,415.802791019752
2020-02-10,461,360.264636145755
2020-02-10,570,473.059372128534
2020-02-10,621,399.727821867464
2020-02-10,405,604.232374593098
2020-02-10,416,312.703338835277
2020-02-10,611,412.180756139202
2020-02-10,468,302.766596952299
2020-02-10,468,413.87680359143
2020-02-10,396,285.143138868223
2020-02-10,478,363.995002020304
2020-02-10,325,288.833219101051
2020-02-10,398,338.995958432669
2020-02-10,647,284.685888302623
2020-02-10,165,480.887265530284
2020-02-10,472,366.41139933479
2020-02-10,289,393.685477751293
2020-02-10,192,383.559242843415
2020-02-10,395,437.965821054059
2020-02-10,550,318.775066211563
2020-02-10,618,427.325508396659
2020-02-10,725,663.533406457816
2020-02-10,512,915.769292459113
2020-02-10,324,484.670524786754
2020-02-10,382,260.842204397769
2020-02-10,391,282.874761746848
2020-02-10,504,376.207087324493
2020-02-10,673,401.599576468872
2020-02-10,265,263.78343755097
2020-02-10,329,355.758177373153
2020-02-10,225,186.229555742328
2020-02-10,370,241.370125289947
2020-02-10,149,212.398910029132
2020-02-10,404,268.294329226544
2020-02-10,260,316.485412886642
2020-02-10,459,243.376530725228
2020-02-10,232,357.94120145173
2020-02-10,542,335.902658757486
2020-02-10,161,181.314651356643
2020-02-10,115,227.317644399999
2020-02-10,385,176.651933715327
2020-02-10,264,174.957053045211
2020-02-10,559,245.506693686621
2020-02-10,86,284.965763263838
2020-02-10,97,231.482202689992
2020-02-10,252,148.954051699839
2020-02-10,302,162.322335331065
2020-02-10,438,124.304019790595
2020-02-10,120,134.414280842274
2020-02-10,214,169.067480187201
2020-02-10,357,193.843617608943
2020-02-10,314,148.463828771052
2020-02-10,173,259.135866649937
2020-02-10,234,168.480757620115
2020-02-10,107,165.119603611266
2020-02-10,337,192.043416902277
2020-02-10,197,453.526046888271
2020-02-10,795,304.906804810804
2020-02-10,80,335.499732881894
2020-02-10,489,372.943653311102
2020-02-10,274,261.285261567413
2020-02-10,488,309.750490644601
2020-02-10,353,306.608115085542
2020-02-10,460,317.454181741507
2020-02-10,200,304.323855876451
2020-02-10,810,321.826904352352
2020-02-10,94,361.266001687284
2020-02-10,203,336.383566445873
2020-02-10,379,94.8683071515698
2020-02-10,175,221.038763410018
2020-02-10,511,291.191708914273
2020-02-10,457,256.816605468651
2020-02-10,302,229.992649468112
2020-02-10,109,254.476241660997
2020-02-10,341,274.576474945842
2020-02-10,180,225.075402421937
2020-02-10,401,118.727333217779
2020-02-10,278,154.935817248894
2020-02-10,200,183.268400158751
2020-02-10,101,171.713092675571
2020-02-10,180,303.277956145067
2020-02-10,343,193.744574836449
2020-02-10,15,458.49758651871
2020-02-10,82,244.206115476594
2020-02-10,864,240.532508586661
2020-02-10,328,364.462349204446
2020-02-10,277,779.874122665073
2020-02-10,833,424.385966678805
2020-02-10,1053,629.723574928027
2020-02-10,1018,532.429439888407
2020-02-10,786,561.076595238315
2020-02-10,819,449.895749453157
2020-02-10,729,893.854090046022
2020-02-10,630,371.577060524915
2020-02-10,795,327.354471641619
2020-02-10,355,271.920366520031
2020-02-10,237,303.164093920045
2020-02-10,265,308.822483745279
2020-02-10,613,247.247829528102
2020-02-10,197,304.864360760074
2020-02-10,578,385.467708012446
2020-02-10,211,467.168805615554
2020-02-10,400,304.413450259101
2020-02-10,502,278.280978429016
2020-02-10,309,604.65333033646
2020-02-10,721,296.767415917688
2020-02-10,394,457.625554654791
2020-02-10,622,504.391115955051
2020-02-10,256,388.481731752975
2020-02-10,420,551.522161023064
2020-02-10,358,322.209691134339
2020-02-10,152,162.155728948932
2020-02-10,247,310.712633771892
2020-02-10,485,353.150469841825
2020-02-10,285,272.323758106078
2020-02-10,64,118.395244115289
2020-02-10,192,136.54207203049
2020-02-10,324,321.780614084867
2020-02-10,511,286.081831910692
2020-02-10,413,249.850872526027
2020-02-10,345,312.73244392054
2020-02-10,273,333.585528884557
2020-02-10,655,543.371947722592
2020-02-10,456,246.024442946145
2020-02-10,419,280.700515255147
2020-02-10,543,421.237899761843
2020-02-10,278,275.152550535994
2020-02-10,462,536.665254715648
2020-02-10,768,427.683893620102
2020-02-10,761,443.299071383831
2020-02-10,638,451.654089554364
2020-02-10,451,280.817889719372
2020-02-10,462,321.610854116894
2020-02-10,570,358.71025455755
2020-02-10,352,482.074101657897
2020-02-10,326,620.218303741339
2020-02-10,917,425.113052214137
2020-02-10,951,569.374935058231
2020-02-10,581,466.152215208217
2020-02-10,709,544.344089530099
2020-02-10,341,334.058049298671
2020-02-10,347,318.709361495892
2020-02-10,183,234.07004419182
2020-02-10,522,366.260420537091
2020-02-10,334,312.69384522784
2020-02-10,391,339.377793400045
2020-02-10,265,330.207134744114
2020-02-10,480,259.606401750221
2020-02-10,670,341.832794709091
2020-02-10,326,245.847840468654
2020-02-10,757,620.401857892364
2020-02-10,182,398.830622987045
2020-02-10,903,441.966289014515
2020-02-10,335,481.568763601371
2020-02-10,395,383.59250622563
2020-02-10,402,383.686092577476
2020-02-10,458,421.522180315269
2020-02-10,349,492.4393471382
2020-02-10,484,444.860708287018
2020-02-10,263,305.094728426568
2020-02-10,416,455.371747460704
2020-02-10,593,365.868798636814
2020-02-10,568,369.490637291846
2020-02-10,794,413.27812683356
2020-02-10,430,384.692464020747
2020-02-10,284,407.045017493851
2020-02-10,417,311.782718872626
2020-02-10,362,344.562248622191
2020-02-10,320,372.282914068113
2020-02-10,231,207.508808861542
2020-02-10,703,345.032508108595
2020-02-10,620,410.113890043052
2020-02-10,326,406.897779876317
2020-02-10,466,496.336807872821
2020-02-10,581,339.893820694107
2020-02-10,651,403.452196098779
2020-02-10,313,447.367361856314
2020-02-10,501,454.012089917298
2020-02-10,280,382.374512814119
2020-02-10,880,424.741804297348
2020-02-10,353,519.307840042592
2020-02-10,598,360.119813745228
2020-02-10,288,343.262743387323
2020-02-10,586,556.425818906871
2020-02-10,329,601.915797021721
2020-02-10,404,406.011635015929
2020-02-10,304,373.079986399756
2020-02-10,541,320.076500114489
2020-02-10,595,689.501006376164
2020-02-10,447,346.547850540846
2020-02-10,401,311.237020741485
2020-02-10,504,350.548725493095
2020-02-10,273,263.105839789854
2020-02-10,353,227.047316759159
2020-02-10,401,364.005049600515
2020-02-10,460,231.848776544004
2020-02-10,305,459.543775696916
2020-02-10,497,323.506137573968
2020-02-10,330,392.042625797441
2020-02-10,145,314.292003878381
2020-02-10,207,183.271667665395
2020-02-10,171,339.491244539235
2020-02-10,134,197.627659569348
2020-02-10,254,183.355321444829
2020-02-10,296,316.081766141397
2020-02-10,637,403.152603646326
2020-02-10,420,549.040584289009
2020-02-10,544,337.713088771313
2020-02-10,395,219.366275884967
2020-02-10,364,499.76016478239
2020-02-10,566,396.091369851796
2020-02-10,297,328.298749403724
2020-02-10,473,303.742982461294
2020-02-10,308,441.053068296698
2020-02-10,909,534.517223191967
2020-02-10,306,386.251720146028
2020-02-10,622,248.943432486371
2020-02-10,691,493.692459242385
2020-02-10,368,557.678386067684
2020-02-10,727,310.489031319955
2020-02-10,493,521.014738760624
2020-02-10,561,284.858052445468
2020-02-10,642,281.844600270809
2020-02-10,267,339.633113050527
2020-02-10,422,348.576251175849
2020-02-10,438,600.452755603896
2020-02-10,291,235.447475463265
2020-02-10,560,409.064255464847
2020-02-10,261,310.227995151859
2020-02-10,722,277.961059516998
2020-02-10,342,381.423932475357
2020-02-10,375,328.981272293907
2020-02-10,666,335.785593616187
2020-02-10,385,351.286350962413
2020-02-10,306,365.17559088562
2020-02-10,249,432.367483427468
2020-02-10,867,332.399444693166
2020-02-10,498,598.163793070214
2020-02-10,539,577.178512274525
2020-02-10,651,482.611626014076
2020-02-10,635,371.202804261452
2020-02-10,447,423.670902572518
2020-02-10,603,505.422875207002
2020-02-10,131,280.06278264761
2020-02-10,389,330.601100970666
2020-02-10,252,453.268193539158
2020-02-10,164,308.569830792362
2020-02-10,254,500.804643600435
2020-02-10,261,387.683148625597
2020-02-10,674,296.399710881664
2020-02-10,505,361.811378484812
2020-02-10,237,330.919993126432
2020-02-10,534,301.839832824996
2020-02-10,259,295.6832283051
2020-02-10,584,484.71413772198
2020-02-10,127,354.065206842092
2020-02-10,416,289.794646549897
2020-02-10,158,214.600913344682
2020-02-10,396,280.637861493898
2020-02-10,271,274.48456589545
2020-02-10,317,324.436723454284
2020-02-10,140,366.841878032391
2020-02-10,261,248.533388895442
2020-02-10,401,237.935586844964
2020-02-10,379,915.264486461653
2020-02-10,483,437.823533156777
2020-02-10,519,454.04792917037
2020-02-10,208,251.260989373894
2020-02-10,783,491.647432319937
2020-02-10,469,456.600378622171
2020-02-10,713,476.670394080424
2020-02-10,316,393.512149631522
2020-02-10,579,625.897941531595
2020-02-10,630,349.213193597483
2020-02-10,201,249.89068898193
2020-02-10,296,241.908746872349
2020-02-10,656,457.75355234566
2020-02-10,287,270.58036439482
2020-02-10,741,379.924905540748
2020-02-10,452,365.604809372379
2020-02-10,489,418.797890581444
2020-02-10,539,454.926637079158
2020-02-10,148,442.380909738157
2020-02-10,274,206.145764642633
2020-02-10,352,356.382777917659
2020-02-10,259,323.597126299307
2020-02-10,750,596.302793886017
2020-02-10,739,524.823753248649
2020-02-10,120,486.926880900957
2020-02-10,736,498.435994677254
2020-02-10,658,544.121097794434
2020-02-10,180,375.422967174292
2020-02-10,406,342.811389549478
2020-02-10,677,506.98169910341
2020-02-10,505,554.986043652501
2020-02-10,598,501.229082511889
2020-02-10,395,329.046077523926
2020-02-10,318,233.994554229709
2020-02-10,270,189.897650341751
2020-02-10,406,220.262271860067
2020-02-10,338,443.41181781751
2020-02-10,284,455.793298644494
2020-02-10,471,384.935925388935
2020-02-10,553,274.073295501395
2020-02-10,251,252.569922815038
2020-02-10,235,416.116033935861
2020-02-10,1102,933.297356730003
2020-02-10,447,373.141949507694
2020-02-10,571,577.849273249112
2020-02-10,650,568.531805159817
2020-02-10,977,829.976652278595
2020-02-10,957,621.329926913372
2020-02-10,720,630.037838641083
2020-02-10,801,1317.13596352348
2020-02-10,457,371.958781222476
2020-02-10,670,692.553239360466
2020-02-10,198,1082.60399583032
2020-02-10,501,555.843677513502
2020-02-10,477,461.463999834694
2020-02-10,1178,452.701627995949
2020-02-10,654,668.146905402789
2020-02-10,187,531.893678151666
2020-02-10,885,1206.25205460084
2020-02-10,328,372.991970209784
2020-02-10,387,489.92509147672
2020-02-10,601,690.807646065023
2020-02-10,619,410.318550338546
2020-02-10,473,446.132793236201
2020-02-10,628,420.159037424099
2020-02-10,265,252.065959605996
2020-02-10,866,515.491842941724
2020-02-10,1040,671.099995134304
2020-02-10,537,731.594434720518
2020-02-10,664,539.912692637571
2020-02-10,389,249.10863760111
2020-02-10,697,541.913064249253
2020-02-10,532,403.126715871295
2020-02-10,530,342.740149432165
2020-02-10,490,601.223007002515
2020-02-10,267,388.681428652049
2020-02-10,305,406.530169363501
2020-02-10,815,579.408221478285
2020-02-10,776,519.508677630939
2020-02-10,713,754.85390368605
2020-02-10,374,888.479781275146
2020-02-10,766,570.045841701898
2020-02-10,408,420.132120143685
2020-02-10,368,317.928789112693
2020-02-10,600,433.682987617995
2020-02-10,465,1051.98885148988
2020-02-10,0,353.723490565248
2020-02-10,0,549.814327045705
2020-02-10,0,148.854755400802
2020-02-10,591,608.522855860092
2020-02-10,274,634.893489306606
2020-02-10,403,542.568579822375
2020-02-10,290,349.740788801717
2020-02-10,251,431.798010903276
2020-02-10,210,409.576600041652
2020-02-10,920,341.276928997537
2020-02-10,347,532.935832586425
2020-02-10,270,584.408085666165
2020-02-10,1055,720.659318780919
2020-02-10,1080,354.832427193234
2020-02-10,934,772.451204785064
2020-02-10,339,710.790484064136
2020-02-10,477,940.527012000775
2020-02-10,518,485.293710628592
2020-02-10,767,314.59035101419
2020-02-10,506,471.641768023991
2020-02-10,580,500.927739122891
2020-02-10,567,597.911281985222
2020-02-10,989,837.57995641875
2020-02-10,801,486.098383468282
2020-02-10,1300,999.192439243466
2020-02-10,451,781.098361373205
2020-02-10,1478,802.704630988468
2020-02-10,803,351.516000670556
2020-02-10,674,685.72766408817
2020-02-10,734,859.977412414555
2020-02-10,1053,737.793562649321
2020-02-10,868,421.080440515512
2020-02-10,465,866.243153381191
2020-02-10,379,536.400993308985
2020-02-10,956,785.924583621779
2020-02-10,939,528.849861145817
2020-02-10,804,386.508384272924
2020-02-10,744,1195.10559872341
2020-02-10,764,632.692586703104
2020-02-10,252,1403.82987301295
2020-02-10,451,743.78130090789
2020-02-10,1376,1023.80064624139
2020-02-10,710,568.012127193498
2020-02-10,886,735.092352878999
2020-02-10,1174,472.400889231545
2020-02-10,162,426.106330430942
2020-02-10,502,593.308963105197
2020-02-10,727,700.970333306994
2020-02-10,700,570.847785191425
2020-02-10,593,668.988716781077
2020-02-10,351,339.275334194759
2020-02-10,399,248.52199569803
2020-02-10,438,213.246679841624
2020-02-10,349,681.449316176957
2020-02-10,811,930.883246262655
2020-02-10,965,1029.37108998849
2020-02-10,1201,690.096073746472
2020-02-10,1183,897.961609663509
2020-02-10,1018,853.950722975414
2020-02-10,2181,1674.47131888763
2020-02-10,1982,942.339049642222
2020-02-10,536,533.778058245044
2020-02-10,740,494.938487293702
2020-02-10,594,609.942510662398
2020-02-10,566,362.966759298411
2020-02-10,631,634.650300133172
2020-02-10,740,461.449672800522
2020-02-10,605,557.362417277353
2020-02-10,704,530.841008400259
2020-02-10,810,610.197332402827
2020-02-10,609,356.692856987249
2020-02-10,616,439.957033871138
2020-02-10,435,498.10656491705
2020-02-10,812,753.173638449655
2020-02-10,560,613.580943362772
2020-02-10,452,382.862403670855
2020-02-10,778,943.054035155454
2020-02-10,1523,1496.15212902802
2020-02-10,1922,900.120840597185
2020-02-10,1154,880.098336178742
2020-02-10,1233,821.91912188495
2020-02-10,835,889.338738487328
2020-02-10,3806,1431.85470819255
2020-02-10,1810,763.507613965014
2020-02-10,150,1121.03913520942
2020-02-10,639,225.279434525354
2020-02-10,384,250.282500284782
2020-02-10,366,528.070247454188
2020-02-10,282,525.277742227244
2020-02-10,491,429.129936976228
2020-02-10,650,317.599967366039
2020-02-10,929,694.060797940158
2020-02-10,556,715.541402828764
2020-02-10,581,475.995311000541
2020-02-10,822,500.024481925563
2020-02-10,623,476.087920295835
2020-02-10,549,354.491255377955
2020-02-10,690,774.720848779365
2020-02-10,941,570.118058550155
2020-02-10,425,416.480207055638
2020-02-10,883,474.389772971098
2020-02-10,856,574.16231045926
2020-02-10,952,478.344092788638
2020-02-10,870,679.773324973807
2020-02-10,1276,475.483980497901
2020-02-10,620,528.636573201392
2020-02-10,1092,578.154672065153
2020-02-10,750,279.45106374922
2020-02-10,920,696.571882973609
2020-02-10,904,458.06149565279
2020-02-10,1067,789.986680785407
2020-02-10,935,579.209921651696
2020-02-10,528,482.948145446613
2020-02-10,817,548.147191154621
2020-02-10,496,432.582323956246
2020-02-10,525,595.440880523246
2020-02-10,775,759.104733739536
2020-02-10,318,472.168227552159
2020-02-10,691,605.518029893155
2020-02-10,516,417.761935224267
2020-02-10,1120,553.629031130249
2020-02-10,750,1014.14831708611
2020-02-10,684,481.433411300358
2020-02-10,433,275.244253095516
2020-02-10,764,421.583138310297
2020-02-10,819,369.082488786213
2020-02-10,605,570.765947483084
2020-02-10,892,416.781334655203
2020-02-10,631,558.027019819699
2020-02-10,601,632.192318875343
2020-02-10,549,340.665526283046
2020-02-10,628,591.656332081756
2020-02-10,1044,973.747635292324
2020-02-10,590,872.720794788926
2020-02-10,1254,671.154849612352
2020-02-10,486,796.535733942624
2020-02-10,419,452.720509396906
2020-02-10,757,501.44798578727
2020-02-10,508,320.161330124393
2020-02-10,657,339.467609034863
2020-02-10,331,621.994459467107
2020-02-10,602,897.609203723628
2020-02-10,830,628.278531065383
2020-02-10,733,706.827473304823
2020-02-10,492,539.275911407358
2020-02-10,878,737.314940233051
2020-02-10,1400,899.108750726166
2020-02-10,1460,1138.61348373735
2020-02-10,1336,897.621518739172
2020-02-10,1338,614.545767148007
2020-02-10,817,548.921124994097
2020-02-10,881,578.281302690512
2020-02-10,873,736.467221656339
2020-02-10,1098,475.257115617671
2020-02-10,410,948.073388646495
2020-02-10,978,1615.98623093604
2020-02-10,308,774.038226331439
2020-02-10,1747,560.396786130079
2020-02-10,1119,440.064865430799
2020-02-10,494,787.71749554318
2020-02-10,865,632.033325536293
2020-02-10,1145,1423.21528589391
2020-02-10,1192,648.73561582635
2020-02-10,679,682.314149354085
2020-02-10,440,424.907272175987
2020-02-10,1060,641.774166182464
2020-02-10,1044,426.367373731516
2020-02-10,406,744.64005982013
2020-02-10,959,652.867834416285
2020-02-10,22,609.232313683182
2020-02-10,594,261.385027899597
2020-02-10,515,473.225342127582
2020-02-10,851,603.906958607625
2020-02-10,305,664.455370452135
2020-02-10,1027,632.301813436411
2020-02-10,374,430.871840792526
2020-02-10,475,482.886153119978
2020-02-10,362,511.276554114162
2020-02-10,551,461.369534715169
2020-02-10,393,323.462305740541
2020-02-10,382,397.556652464699
2020-02-10,816,457.453816939827
2020-02-10,796,489.446837854605
2020-02-10,933,437.85366688357
2020-02-10,651,666.244537805991
2020-02-10,669,390.375038281533
2020-02-10,643,453.166662525599
2020-02-10,888,562.33047260943
2020-02-10,594,474.685452792765
2020-02-10,511,517.661502549426
2020-02-10,1062,448.096573555743
2020-02-10,546,548.277287526911
2020-02-10,558,440.264384336425
2020-02-10,777,492.751222337442
2020-02-10,855,768.12627962115
2020-02-10,685,371.035801395844
2020-02-10,609,209.147975827114
2020-02-10,523,183.115540998382
2020-02-10,411,230.938831233928
2020-02-10,525,451.786941335638
2020-02-10,774,485.351821193472
2020-02-10,449,290.720087515903
2020-02-10,640,689.268733202742
2020-02-10,1465,601.813559356722
2020-02-10,470,858.293920334153
2020-02-10,507,586.840676084011
2020-02-10,858,348.218675079962
2020-02-10,205,831.656629094695
2020-02-10,1090,669.846025153685
2020-02-10,1366,1115.02931249361
2020-02-10,1127,478.07503472924
2020-02-10,810,561.257078999535
2020-02-10,1098,468.307176187651
2020-02-10,1876,662.695841881101
2020-02-10,542,494.589497894097
2020-02-10,624,593.339509834262
2020-02-10,419,539.697849103025
2020-02-10,436,540.39948372933
2020-02-10,931,806.912867326023
2020-02-10,1914,1049.30831508832
2020-02-10,733,782.060559588591
2020-02-10,1066,641.632578955413
2020-02-10,487,633.562656772922
2020-02-10,959,575.783057647758
2020-02-10,1040,367.133731179672
2020-02-10,446,765.065507590828
2020-02-10,565,466.15865141094
2020-02-10,365,464.105799653649
2020-02-10,282,255.806261641428
2020-02-10,1273,341.664592873881
2020-02-10,493,519.31189872857
2020-02-10,1124,343.132054147012
2020-02-10,593,263.389326638187
2020-02-10,794,407.200485268999
2020-02-10,753,428.718247236949
2020-02-10,309,478.172636117143
2020-02-10,485,377.887567563603
2020-02-10,504,420.455241966284
2020-02-10,847,555.335677525879
2020-02-10,547,392.85099864593
2020-02-10,443,253.82575198464
2020-02-10,273,494.319661417389
2020-02-10,488,159.133664056689
2020-02-10,293,438.673524694436
2020-02-10,184,276.797435905705
2020-02-10,281,224.607782390536
2020-02-10,451,400.915531905217
2020-02-10,510,451.88108236869
2020-02-10,88,423.515712366671
2020-02-10,219,298.701453358333
2020-02-10,901,271.571574033919
2020-02-10,550,366.679426723572
2020-02-10,312,234.436625205812
2020-02-10,572,228.632473373067
2020-02-10,403,311.799530764859
2020-02-10,52,224.378447016446
2020-02-10,283,132.360547059505
2020-02-10,218,164.266034971547
2020-02-10,183,211.233807762548
2020-02-10,196,204.849380465864
2020-02-10,404,221.065251840142
2020-02-10,135,333.383728101358
2020-02-10,196,173.129227152513
2020-02-10,141,196.519266391111
2020-02-10,606,263.712377876746
2020-02-10,214,209.339488036292
2020-02-10,189,202.065929985714
2020-02-10,223,150.600446005045
2020-02-10,202,221.330956323748
2020-02-10,477,160.253654772689
2020-02-10,543,348.93991823663
2020-02-10,146,213.575956657712
2020-02-10,90,270.586563424908
2020-02-10,113,144.555618614926
2020-02-10,118,240.624073723081
2020-02-10,400,341.779717374008
2020-02-10,566,359.822365354369
2020-02-10,537,405.678496362496
2020-02-10,533,288.631950524629
2020-02-10,368,373.968384447525
2020-02-10,338,346.250138302527
2020-02-10,605,286.147798120629
2020-02-10,392,268.094726188639
2020-02-10,270,366.162404353244
2020-02-10,581,560.88933839807
2020-02-10,183,251.646165012503
2020-02-10,602,429.926561978621
2020-02-10,358,403.081154019654
2020-02-10,1004,698.400821453608
2020-02-10,497,828.390111175441
2020-02-10,532,493.795668084113
2020-02-10,968,611.519723029224
2020-02-10,504,436.222264518544
2020-02-10,675,605.777212013017
2020-02-10,651,428.481375302401
2020-02-10,910,694.351744625323
2020-02-10,703,550.829302619552
2020-02-10,1069,357.304650516964
2020-02-10,582,112.172624441649
2020-02-10,253,212.599678162268
2020-02-10,258,253.903922929265
2020-02-10,626,306.104157516607
2020-02-10,433,235.65323299419
2020-02-10,677,536.865940516586
2020-02-10,794,306.70022867996
2020-02-10,511,304.811300742415
2020-02-10,490,429.891622118634
2020-02-10,467,395.675577101366
2020-02-10,242,330.396692109693
2020-02-10,713,221.764924120693
2020-02-10,377,402.7328836977
2020-02-10,623,619.801930713375
2020-02-10,952,579.553607260654
2020-02-11,187,252.992765540431
2020-02-11,410,106.310780604911
2020-02-11,252,211.996186556825
2020-02-11,440,182.239792465015
2020-02-11,77,227.563150865092
2020-02-11,202,218.449904747912
2020-02-11,135,120.23736289342
2020-02-11,208,175.599544349544
2020-02-11,254,150.018831213767
2020-02-11,130,156.464539372691
2020-02-11,465,272.030545555687
2020-02-11,179,235.153955016774
2020-02-11,600,316.275464231364
2020-02-11,133,419.437296782147
2020-02-11,450,217.189218749563
2020-02-11,222,265.851597120438
2020-02-11,304,222.39317541479
2020-02-11,242,246.104934801902
2020-02-11,242,298.142603306027
2020-02-11,373,203.07849817786
2020-02-11,216,163.964398830542
2020-02-11,200,191.176619175691
2020-02-11,470,323.257477344371
2020-02-11,334,377.853589597209
2020-02-11,225,250.169388076108
2020-02-11,392,260.254419223816
2020-02-11,403,208.864598781035
2020-02-11,316,291.392084643461
2020-02-11,124,235.329587302553
2020-02-11,206,211.177821994107
2020-02-11,314,295.650010274034
2020-02-11,577,217.695544555857
2020-02-11,376,356.351703218939
2020-02-11,373,259.0083563283
2020-02-11,257,354.760035544452
2020-02-11,255,186.999034624615
2020-02-11,183,321.335277770989
2020-02-11,196,316.424662288291
2020-02-11,188,201.794867154717
2020-02-11,379,249.46373954924
2020-02-11,197,308.877839862272
2020-02-11,272,180.635654607575
2020-02-11,269,191.90601495822
2020-02-11,251,153.927560298275
2020-02-11,269,270.081773014995
2020-02-11,316,175.086178422682
2020-02-11,277,212.764521509051
2020-02-11,227,294.849039618662
2020-02-11,379,245.367028868361
2020-02-11,160,151.799120376772
2020-02-11,105,224.56091375911
2020-02-11,361,263.489018706674
2020-02-11,340,234.243034024937
2020-02-11,260,227.155524139622
2020-02-11,370,195.881771430223
2020-02-11,296,173.744511278967
2020-02-11,115,172.030071948441
2020-02-11,146,116.184152541357
2020-02-11,139,159.577777220351
2020-02-11,87,160.463220570946
2020-02-11,113,176.041920068611
2020-02-11,102,157.925032187854
2020-02-11,156,210.571034537253
2020-02-11,233,246.118506827621
2020-02-11,188,257.292817484615
2020-02-11,299,212.297861040208
2020-02-11,225,201.774163053338
2020-02-11,233,214.538176789437
2020-02-11,297,158.709947234946
2020-02-11,121,152.146156019057
2020-02-11,153,201.218959035777
2020-02-11,44,130.170909407237
2020-02-11,274,98.1449170894516
2020-02-11,212,159.439634163434
2020-02-11,205,181.396943093872
2020-02-11,386,241.681131147396
2020-02-11,398,188.966361451637
2020-02-11,258,192.540338407425
2020-02-11,181,179.489868746496
2020-02-11,0,571.19820939886
2020-02-11,253,176.310075593276
2020-02-11,117,164.424881347557
2020-02-11,87,146.976348578816
2020-02-11,131,149.142078015926
2020-02-11,154,105.939986310724
2020-02-11,147,123.276244691989
2020-02-11,21,399.096027116455
2020-02-11,147,120.491376522959
2020-02-11,199,160.572773145117
2020-02-11,319,243.719751285626
2020-02-11,481,248.528476604295
2020-02-11,215,403.141824166559
2020-02-11,471,358.237046403446
2020-02-11,109,426.777638920096
2020-02-11,258,291.122896149262
2020-02-11,465,289.618906104344
2020-02-11,340,139.931956344061
2020-02-11,388,239.026569797339
2020-02-11,339,314.74792605928
2020-02-11,429,190.612632361062
2020-02-11,479,302.574678827458
2020-02-11,322,207.18564606153
2020-02-11,334,220.599221189245
2020-02-11,453,289.413037717573
2020-02-11,408,292.809804332215
2020-02-11,346,296.14381670386
2020-02-11,339,235.253383348313
2020-02-11,670,215.293842704853
2020-02-11,363,254.635458483272
2020-02-11,272,227.454562497638
2020-02-11,206,231.39038267185
2020-02-11,478,307.387862351201
2020-02-11,329,258.319072785537
2020-02-11,226,261.563061041114
2020-02-11,206,241.937770363666
2020-02-11,352,244.422891661338
2020-02-11,357,246.228516771652
2020-02-11,342,123.864739433771
2020-02-11,118,213.378881193362
2020-02-11,133,110.276555695805
2020-02-11,169,152.922234901629
2020-02-11,170,132.970810126427
2020-02-11,150,133.6697094526
2020-02-11,159,162.701965025859
2020-02-11,152,175.351641280721
2020-02-11,137,275.106400284779
2020-02-11,122,210.11588133251
2020-02-11,159,207.19414169772
2020-02-11,313,246.515642889492
2020-02-11,440,245.20763605491
2020-02-11,265,325.955063733463
2020-02-11,203,250.020207175249
2020-02-11,353,206.91084745795
2020-02-11,346,248.512841767088
2020-02-11,409,244.026571867322
2020-02-11,364,307.211102494258
2020-02-11,196,246.951177569198
2020-02-11,214,184.675471060444
2020-02-11,257,163.914646363333
2020-02-11,289,340.507795760597
2020-02-11,100,185.717864588186
2020-02-11,417,309.27562634647
2020-02-11,587,295.51353579374
2020-02-11,220,259.820139004383
2020-02-11,295,196.089382333802
2020-02-11,339,330.769656203645
2020-02-11,120,223.071951222417
2020-02-11,412,381.500965220064
2020-02-11,247,189.141733038788
2020-02-11,253,429.973829988994
2020-02-11,521,284.560279611876
2020-02-11,473,267.713430958242
2020-02-11,221,307.329143167638
2020-02-11,261,365.412152225359
2020-02-11,210,278.133794683205
2020-02-11,249,131.958012882047
2020-02-11,363,186.885738569836
2020-02-11,264,219.577338161444
2020-02-11,357,229.719271747955
2020-02-11,300,228.324262125066
2020-02-11,444,298.925883176402
2020-02-11,213,257.739167223937
2020-02-11,301,362.777313303294
2020-02-11,193,263.524409164562
2020-02-11,334,214.532325650283
2020-02-11,309,203.633273342732
2020-02-11,142,299.294787405929
2020-02-11,303,249.271628548035
2020-02-11,186,204.138862844635
2020-02-11,314,96.0732580186909
2020-02-11,350,342.216405473051
2020-02-11,418,295.623326036259
2020-02-11,191,196.237657737961
2020-02-11,617,359.670336311882
2020-02-11,267,210.393173809604
2020-02-11,775,151.636641907314
2020-02-11,361,447.985069099134
2020-02-11,207,170.01566036868
2020-02-11,526,542.957962396708
2020-02-11,389,218.5195970595
2020-02-11,418,151.299874989055
2020-02-11,840,381.434818312061
2020-02-11,594,555.33896591488
2020-02-11,1331,170.141453257805
2020-02-11,507,251.590360774731
2020-02-11,1108,317.86167908596
2020-02-11,353,357.365652015637
2020-02-11,945,381.889645570811
2020-02-11,312,518.615436397189
2020-02-11,397,354.619119032536
2020-02-11,563,423.890098449682
2020-02-11,960,252.400992164876
2020-02-11,672,401.303642111041
2020-02-11,912,282.656536598068
2020-02-11,154,375.502486785664
2020-02-11,800,241.741224093256
2020-02-11,902,141.96977877134
2020-02-11,0,584.496916497942
2020-02-11,718,330.322017403409
2020-02-11,252,599.123696359634
2020-02-11,92,264.292544188685
2020-02-11,661,214.52238862232
2020-02-11,237,310.3904298583
2020-02-11,356,206.30831398312
2020-02-11,303,348.002904630325
2020-02-11,529,757.738424841024
2020-02-11,661,754.151826738757
2020-02-11,535,405.25938279253
2020-02-11,753,609.203005067725
2020-02-11,677,474.629129493862
2020-02-11,728,383.193015620254
2020-02-11,752,428.529997469018
2020-02-11,1606,544.468827071051
2020-02-11,535,338.107829799657
2020-02-11,742,897.277553325854
2020-02-11,601,676.985788423481
2020-02-11,689,629.239916244785
2020-02-11,1722,651.171333859784
2020-02-11,504,457.837117802652
2020-02-11,603,425.514865299324
2020-02-11,595,327.301701706827
2020-02-11,1391,712.068468014401
2020-02-11,371,668.580900468388
2020-02-11,578,266.370837200471
2020-02-11,620,380.101763866421
2020-02-11,611,707.875291043636
2020-02-11,1145,547.470864409824
2020-02-11,1029,715.716485195579
2020-02-11,0,1459.65579674137
2020-02-11,862,467.283243855444
2020-02-11,150,205.371994829822
2020-02-11,116,230.429080499
2020-02-11,156,168.284144514413
2020-02-11,799,263.82630079824
2020-02-11,597,398.235636203341
2020-02-11,837,291.475076240038
2020-02-11,449,463.223555025822
2020-02-11,246,339.471088146512
2020-02-11,675,307.490771299307
2020-02-11,343,294.050275688662
2020-02-11,263,338.151941289527
2020-02-11,568,451.010689997088
2020-02-11,787,421.861359826329
2020-02-11,242,344.88315992586
2020-02-11,659,306.509086067355
2020-02-11,562,744.371915904893
2020-02-11,614,588.086229427586
2020-02-11,597,387.945362071709
2020-02-11,695,218.471949063953
2020-02-11,196,577.78188478644
2020-02-11,724,563.819049717592
2020-02-11,393,494.88926817992
2020-02-11,289,139.405817039814
2020-02-11,432,655.775115336518
2020-02-11,552,335.081189467824
2020-02-11,1119,450.067318494291
2020-02-11,440,352.649704742054
2020-02-11,824,468.668017533892
2020-02-11,772,310.020267487233
2020-02-11,730,604.328038863472
2020-02-11,580,672.187786847842
2020-02-11,572,171.007253589048
2020-02-11,448,377.549540131378
2020-02-11,968,713.217924162898
2020-02-11,355,877.737060266062
2020-02-11,775,182.555415445948
2020-02-11,1486,437.476920121383
2020-02-11,943,437.130776762319
2020-02-11,717,706.547209919558
2020-02-11,657,591.784273341964
2020-02-11,582,436.501606632599
2020-02-11,418,487.039208966543
2020-02-11,710,196.104464867967
2020-02-11,312,443.182130615309
2020-02-11,691,290.112377444606
2020-02-11,285,319.261146924668
2020-02-11,455,125.122433495386
2020-02-11,273,297.87016309029
2020-02-11,746,180.659816572797
2020-02-11,477,148.418836640806
2020-02-11,306,497.323283005852
2020-02-11,461,82.1250077719202
2020-02-11,282,319.000142262474
2020-02-11,364,418.162560016395
2020-02-11,488,533.404581871511
2020-02-11,163,593.635188420135
2020-02-11,590,229.812975438988
2020-02-11,730,330.564875326222
2020-02-11,574,231.991388126707
2020-02-11,766,478.823039207834
2020-02-11,527,644.01061656698
2020-02-11,676,830.215421554762
2020-02-11,482,518.965220347779
2020-02-11,1046,431.140429976438
2020-02-11,334,868.754615505117
2020-02-11,1634,748.640841973113
2020-02-11,842,408.200291305394
2020-02-11,830,540.663538058599
2020-02-11,388,449.708909826527
2020-02-11,801,783.532762964846
2020-02-11,914,699.41445839744
2020-02-11,588,550.310360464665
2020-02-11,552,386.57460633316
2020-02-11,655,596.765456616045
2020-02-11,1415,510.302530982318
2020-02-11,1086,1161.88515503789
2020-02-11,340,683.591609220168
2020-02-11,1069,1422.32243080825
2020-02-11,765,1109.23982156357
2020-02-11,589,608.388970393148
2020-02-11,972,415.011724811883
2020-02-11,826,757.705656459091
2020-02-11,291,651.229479771536
2020-02-11,900,812.007920850944
2020-02-11,1312,581.611865058682
2020-02-11,691,388.437699393689
2020-02-11,355,423.814656694816
2020-02-11,768,400.101564552309
2020-02-11,534,458.087999799716
2020-02-11,425,616.437291222276
2020-02-11,678,544.744222146365
2020-02-11,591,441.254679612045
2020-02-11,675,479.540501744297
2020-02-11,752,404.473020653489
2020-02-11,845,652.639084513064
2020-02-11,779,530.100813934814
2020-02-11,368,476.256033930805
2020-02-11,946,555.469934376712
2020-02-11,339,382.837559380849
2020-02-11,265,285.160170716256
2020-02-11,484,472.712843509737
2020-02-11,290,523.580194115907
2020-02-11,307,380.838722254434
2020-02-11,507,518.554457858741
2020-02-11,646,353.415147365563
2020-02-11,450,604.705736306182
2020-02-11,573,416.263395784631
2020-02-11,877,635.189749417787
2020-02-11,871,517.517898380233
2020-02-11,766,368.144517546464
2020-02-11,704,616.405852562232
2020-02-11,761,411.533417294421
2020-02-11,352,215.536786500175
2020-02-11,166,232.516432979577
2020-02-11,397,316.849403201073
2020-02-11,406,420.745144363652
2020-02-11,835,400.531664618924
2020-02-11,350,441.307757725319
2020-02-11,324,518.918586078632
2020-02-11,264,517.57847383313
2020-02-11,297,454.292556049064
2020-02-11,419,307.599692447216
2020-02-11,498,295.061862052883
2020-02-11,536,542.238393928629
2020-02-11,407,316.811580084729
2020-02-11,394,386.191278713488
2020-02-11,222,397.700128595594
2020-02-11,309,347.654896618572
2020-02-11,315,293.121173955326
2020-02-11,436,411.96891973491
2020-02-11,419,374.353050689196
2020-02-11,472,306.90188962515
2020-02-11,555,296.448960007352
2020-02-11,641,414.472608551336
2020-02-11,339,485.796821185205
2020-02-11,508,470.150541690319
2020-02-11,473,275.174696973684
2020-02-11,586,283.509396526737
2020-02-11,251,349.94252081708
2020-02-11,675,565.864812247529
2020-02-11,682,438.384770261522
2020-02-11,483,382.400546770909
2020-02-11,699,444.582342337207
2020-02-11,267,600.505399837074
2020-02-11,558,245.785808366412
2020-02-11,196,228.969289631352
2020-02-11,271,233.623136062482
2020-02-11,482,380.180691042656
2020-02-11,256,306.444050063179
2020-02-11,405,526.805203970107
2020-02-11,510,442.324480576225
2020-02-11,492,596.130653591106
2020-02-11,309,368.777295861665
2020-02-11,707,455.188710892856
2020-02-11,317,356.315746811256
2020-02-11,588,648.624460789288
2020-02-11,593,725.640386393567
2020-02-11,1104,318.282126466528
2020-02-11,409,297.835105983281
2020-02-11,283,460.658505745281
2020-02-11,427,388.524599995509
2020-02-11,692,406.813986496761
2020-02-11,665,406.196942834208
2020-02-11,548,450.638819325656
2020-02-11,562,496.338163558453
2020-02-11,332,500.288081507897
2020-02-11,979,392.2396768091
2020-02-11,748,509.689939651423
2020-02-11,678,499.055160263161
2020-02-11,529,512.14123489927
2020-02-11,380,329.37810164932
2020-02-11,509,325.98069194292
2020-02-11,199,505.545550795511
2020-02-11,357,269.017635543217
2020-02-11,442,261.167432691705
2020-02-11,971,518.854844875545
2020-02-11,670,479.110413009354
2020-02-11,448,667.598417882987
2020-02-11,396,545.30915280642
2020-02-11,425,333.626082558434
2020-02-11,705,552.752946183519
2020-02-11,219,354.292106126803
2020-02-11,599,423.146007000427
2020-02-11,219,239.905436459331
2020-02-11,180,223.474973201789
2020-02-11,325,307.144774058391
2020-02-11,164,260.146909071437
2020-02-11,516,298.664559086605
2020-02-11,255,203.675109742312
2020-02-11,403,339.552251728962
2020-02-11,508,409.914233772104
2020-02-11,243,436.049504462046
2020-02-11,407,268.276840804782
2020-02-11,251,277.828395713197
2020-02-11,322,220.56412612755
2020-02-11,179,311.007718044605
2020-02-11,367,215.389858668523
2020-02-11,551,363.030940116423
2020-02-11,337,226.56530195566
2020-02-11,369,236.979664258496
2020-02-11,682,417.821921716888
2020-02-11,546,384.9533148598
2020-02-11,442,390.341536330428
2020-02-11,121,336.485138952806
2020-02-11,377,322.320873358779
2020-02-11,749,591.549898186811
2020-02-11,727,444.059224477286
2020-02-11,316,262.350152959161
2020-02-11,477,451.488836983667
2020-02-11,380,293.881904112457
2020-02-11,628,320.782340416668
2020-02-11,248,295.427874195234
2020-02-11,924,476.928705306134
2020-02-11,691,318.945883118769
2020-02-11,897,368.435469614141
2020-02-11,286,476.413664930455
2020-02-11,262,441.959085912621
2020-02-11,70,261.845317914709
2020-02-11,133,244.755385050878
2020-02-11,539,462.798225449971
2020-02-11,477,440.587335224215
2020-02-11,495,262.674130937733
2020-02-11,456,484.648112457415
2020-02-11,584,339.373946770886
2020-02-11,396,276.842102829824
2020-02-11,407,440.456585113029
2020-02-11,282,327.900269474917
2020-02-11,755,541.143942344184
2020-02-11,190,333.874675450924
2020-02-11,294,438.010833841181
2020-02-11,230,271.763335595292
2020-02-11,505,191.428859883358
2020-02-11,355,436.125870818285
2020-02-11,320,370.801893233731
2020-02-11,214,384.081881505133
2020-02-11,745,273.829781811009
2020-02-11,635,433.086667104563
2020-02-11,408,383.433837475955
2020-02-11,243,225.768064617371
2020-02-11,393,287.542082148717
2020-02-11,325,344.883807014398
2020-02-11,121,118.455780064098
2020-02-11,428,356.825290928707
2020-02-11,288,363.98387920897
2020-02-11,259,228.697199255675
2020-02-11,338,281.917359846403
2020-02-11,439,246.565517863504
2020-02-11,268,262.347637801466
2020-02-11,254,151.623677937399
2020-02-11,90,201.55508268524
2020-02-11,133,152.428505028385
2020-02-11,243,174.923163740823
2020-02-11,547,302.844788194686
2020-02-11,440,369.881439320635
2020-02-11,275,241.568006523999
2020-02-11,184,341.956745277363
2020-02-11,462,242.390538937606
2020-02-11,157,137.870699952326
2020-02-11,258,344.933418739801
2020-02-11,151,292.053674447367
2020-02-11,179,174.404643996167
2020-02-11,331,307.329493755209
2020-02-11,486,242.47867457671
2020-02-11,526,614.297241984415
2020-02-11,306,355.442721101425
2020-02-11,454,383.482219621443
2020-02-11,456,212.909295256248
2020-02-11,481,446.928609286082
2020-02-11,929,535.447804743755
2020-02-11,646,540.706595932131
2020-02-11,737,376.277568331298
2020-02-11,328,250.516908634326
2020-02-11,820,330.331979000454
2020-02-11,324,391.314117044606
2020-02-11,318,483.424662166284
2020-02-11,276,113.139776695618
2020-02-11,165,244.545313666488
2020-02-11,338,197.48653856906
2020-02-11,365,316.896453968223
2020-02-11,407,167.535892947478
2020-02-11,352,227.664629894337
2020-02-11,463,517.052971160743
2020-02-11,479,308.21257188719
2020-02-11,892,303.835661822386
2020-02-11,299,167.663724807357
2020-02-11,354,257.028340059426
2020-02-11,287,276.809935319056
2020-02-11,579,497.050341213985
2020-02-11,482,316.824940494072
2020-02-11,202,207.140940172619
2020-02-11,241,295.454945868378
2020-02-11,202,232.804717114354
2020-02-11,574,276.735537909803
2020-02-11,314,257.022975957126
2020-02-11,750,661.211069230908
2020-02-11,858,407.101798817382
2020-02-11,611,330.713638196458
2020-02-11,417,502.097334965099
2020-02-11,521,447.4467165939
2020-02-11,559,239.694972492951
2020-02-11,389,307.542276251665
2020-02-11,263,274.26087397579
2020-02-11,426,554.189338108668
2020-02-11,1213,439.153019321479
2020-02-11,484,415.266758829052
2020-02-11,571,407.26256913161
2020-02-11,634,431.225874820145
2020-02-11,360,319.368601191229
2020-02-11,304,271.183191226555
2020-02-11,598,459.618830835712
2020-02-11,415,477.18615812451
2020-02-11,507,228.462351599076
2020-02-11,232,170.030555683444
2020-02-11,237,217.594756001008
2020-02-11,234,201.335287849935
2020-02-11,503,610.794206574116
2020-02-11,509,296.194581877698
2020-02-11,590,607.620925182041
2020-02-11,780,404.747936207221
2020-02-11,1196,438.635798582064
2020-02-11,679,246.858956701087
2020-02-11,518,402.44618892236
2020-02-11,439,412.958378908418
2020-02-11,353,429.931421912777
2020-02-11,358,551.866174466843
2020-02-11,165,663.42834455004
2020-02-11,873,724.572989334127
2020-02-11,598,684.842329262022
2020-02-11,481,323.575773476768
2020-02-11,400,271.411821899314
2020-02-11,230,460.936477832573
2020-02-11,474,338.412735891452
2020-02-11,517,310.675383235048
2020-02-11,457,339.242152776791
2020-02-11,423,480.639086998111
2020-02-11,339,315.721835958664
2020-02-11,404,409.091281543134
2020-02-11,359,459.381958024424
2020-02-11,356,385.42724711101
2020-02-11,319,258.876228941154
2020-02-11,517,344.795785740025
2020-02-11,455,323.863680297602
2020-02-11,251,572.390408217482
2020-02-11,910,486.662925149403
2020-02-11,379,497.518162463301
2020-02-11,320,187.486808582823
2020-02-11,390,566.884889425977
2020-02-11,743,848.092158643026
2020-02-11,824,797.96121279834
2020-02-11,401,363.229503206288
2020-02-11,378,339.189929691101
2020-02-11,620,386.307156355506
2020-02-11,505,403.792851352519
2020-02-11,357,368.905481661084
2020-02-11,657,441.867668187691
2020-02-11,279,328.02599926802
2020-02-11,265,352.954191757218
2020-02-11,422,234.417195314839
2020-02-11,408,426.281236811665
2020-02-11,313,304.856025118384
2020-02-11,284,304.96263219104
2020-02-11,501,251.591241582845
2020-02-11,382,415.462412422318
2020-02-11,692,364.464960469312
2020-02-11,203,366.733107478181
2020-02-11,615,319.853259004697
2020-02-11,400,462.546136704833
2020-02-11,276,257.124745818334
2020-02-11,530,246.324695727597
2020-02-11,246,224.201306972299
2020-02-11,198,307.189229457937
2020-02-11,565,610.95898618942
2020-02-11,317,246.300087173747
2020-02-11,584,495.500303343162
2020-02-11,465,398.579754987497
2020-02-11,779,310.600368176448
2020-02-11,259,428.804059267231
2020-02-11,435,558.452365342216
2020-02-11,524,292.466269837942
2020-02-11,608,411.009078437547
2020-02-11,420,324.766573706359
2020-02-11,301,412.668822538443
2020-02-11,259,338.583449595462
2020-02-11,504,185.008536171902
2020-02-11,519,267.493816551663
2020-02-11,397,571.467280891408
2020-02-11,622,331.351397666543
2020-02-11,863,581.951633468962
2020-02-11,598,428.129019193395
2020-02-11,622,346.823179246842
2020-02-11,403,564.874058738944
2020-02-11,246,264.023539444323
2020-02-11,442,386.994820148488
2020-02-11,306,336.324073016871
2020-02-11,460,300.535987239896
2020-02-11,322,308.982411755872
2020-02-11,461,287.462443956293
2020-02-11,307,302.833555487448
2020-02-11,667,455.575454351601
2020-02-11,684,453.670463436684
2020-02-11,612,340.186244500451
2020-02-11,449,431.136562137114
2020-02-11,325,370.295851963862
2020-02-11,370,408.369241919697
2020-02-11,282,473.045214139994
2020-02-11,404,261.525527874784
2020-02-11,680,424.512176392003
2020-02-11,154,263.507309439741
2020-02-11,411,306.605571151877
2020-02-11,369,492.442347542566
2020-02-11,492,456.147020011673
2020-02-11,698,618.865172077268
2020-02-11,496,271.811682058547
2020-02-11,578,631.093280737054
2020-02-11,438,420.195308485985
2020-02-11,602,535.343063462449
2020-02-11,407,519.928961891196
2020-02-11,687,340.774955896522
2020-02-11,339,427.175382673636
2020-02-11,432,404.303769399139
2020-02-11,583,368.765993153145
2020-02-11,330,402.46437873756
2020-02-11,322,446.873292809249
2020-02-11,326,246.073422735031
2020-02-11,302,379.791949577838
2020-02-11,288,333.284380485725
2020-02-11,640,641.641574316607
2020-02-11,682,598.592890890045
2020-02-11,417,347.78100280155
2020-02-11,720,548.505792599112
2020-02-11,305,237.497194009881
2020-02-11,392,570.986530552912
2020-02-11,752,255.946360556538
2020-02-11,276,324.819556009608
2020-02-11,237,381.882646370129
2020-02-11,617,458.984810375921
2020-02-11,422,285.351989246014
2020-02-11,525,410.870939030886
2020-02-11,467,272.46075203275
2020-02-11,340,265.459492464466
2020-02-11,672,322.145573871634
2020-02-11,189,278.909600612864
2020-02-11,523,418.608269285189
2020-02-11,312,401.611673529473
2020-02-11,294,277.23306977121
2020-02-11,329,275.067003604299
2020-02-11,182,186.606740722443
2020-02-11,240,283.622013506884
2020-02-11,458,268.339301216702
2020-02-11,588,376.728120443438
2020-02-11,347,326.69127564781
2020-02-11,411,209.191875624729
2020-02-11,441,266.895688250461
2020-02-11,274,372.951591905267
2020-02-11,401,254.177643260189
2020-02-11,334,142.923356294186
2020-02-11,610,469.103999777223
2020-02-11,413,339.776658029748
2020-02-11,332,377.670331833073
2020-02-11,486,387.816052542352
2020-02-11,281,255.412181539906
2020-02-11,235,315.382508000863
2020-02-11,325,209.96194666235
2020-02-11,416,341.683761014699
2020-02-11,598,341.408159643797
2020-02-11,423,314.451843333016
2020-02-11,440,332.027881731045
2020-02-11,324,305.199603281005
2020-02-11,212,416.002671359912
2020-02-11,463,347.214045831141
2020-02-11,519,453.943496377676
2020-02-11,567,375.365996140851
2020-02-11,366,560.790693544564
2020-02-11,408,288.866058010407
2020-02-11,588,382.639706741802
2020-02-11,496,282.583522845589
2020-02-11,414,395.505385335932
2020-02-11,312,264.587102931907
2020-02-11,426,339.384864297892
2020-02-11,336,261.282757408044
2020-02-11,384,316.4032009695
2020-02-11,581,276.500510726077
2020-02-11,185,454.307904046879
2020-02-11,489,351.351418777561
2020-02-11,279,383.389131449309
2020-02-11,203,369.304129053013
2020-02-11,399,423.299787488033
2020-02-11,559,298.522121364173
2020-02-11,604,412.591109476326
2020-02-11,716,634.573629386656
2020-02-11,452,872.209102347984
2020-02-11,320,465.38381073206
2020-02-11,380,254.245998790369
2020-02-11,431,280.108491703071
2020-02-11,545,374.511292572075
2020-02-11,684,402.527057646859
2020-02-11,267,264.687623829788
2020-02-11,333,357.994858330285
2020-02-11,216,186.550209237043
2020-02-11,351,238.364397013557
2020-02-11,150,212.292410949359
2020-02-11,387,269.824902029724
2020-02-11,245,322.608773825999
2020-02-11,459,240.117721203829
2020-02-11,253,339.702966627279
2020-02-11,562,323.256566928021
2020-02-11,139,177.086747723462
2020-02-11,122,218.219010826205
2020-02-11,347,173.172473144174
2020-02-11,248,173.587099544044
2020-02-11,591,235.513382769895
2020-02-11,84,280.091285979473
2020-02-11,82,223.730888604666
2020-02-11,224,140.531985230054
2020-02-11,299,151.117662661238
2020-02-11,396,118.59758865953
2020-02-11,133,125.899079327655
2020-02-11,189,170.57527848213
2020-02-11,339,191.035167089828
2020-02-11,332,142.431655525698
2020-02-11,168,261.591098790082
2020-02-11,215,166.322992071584
2020-02-11,114,157.434891668011
2020-02-11,342,193.019779714695
2020-02-11,182,438.481116738549
2020-02-11,823,291.872044261374
2020-02-11,104,326.725817931764
2020-02-11,460,369.786150906309
2020-02-11,287,256.248190495024
2020-02-11,464,299.018404094913
2020-02-11,343,300.236016840039
2020-02-11,465,310.155061645415
2020-02-11,200,297.258622034383
2020-02-11,795,310.248025098605
2020-02-11,78,352.550190389378
2020-02-11,185,326.930943772956
2020-02-11,372,89.496490060918
2020-02-11,178,213.42226627673
2020-02-11,537,273.225122911426
2020-02-11,448,246.750383577495
2020-02-11,262,225.299364405033
2020-02-11,96,250.10948587748
2020-02-11,362,249.258640216486
2020-02-11,174,212.475550346486
2020-02-11,412,107.282223896686
2020-02-11,260,148.092890248711
2020-02-11,169,177.788711661543
2020-02-11,73,166.750715605471
2020-02-11,178,287.932987332692
2020-02-11,314,187.996637081868
2020-02-11,11,437.313100306998
2020-02-11,37,230.838293837182
2020-02-11,859,220.973296458949
2020-02-11,304,340.869862978175
2020-02-11,231,725.691172880993
2020-02-11,772,390.902555447362
2020-02-11,962,582.582020731556
2020-02-11,928,498.381061471327
2020-02-11,727,519.508647624507
2020-02-11,781,411.750968375561
2020-02-11,675,821.231364551429
2020-02-11,642,341.932526719749
2020-02-11,742,305.46121926905
2020-02-11,325,266.409839354819
2020-02-11,250,280.252015368077
2020-02-11,267,305.93709649187
2020-02-11,617,245.298792999995
2020-02-11,215,291.791007202974
2020-02-11,538,372.864492162757
2020-02-11,192,450.744658853846
2020-02-11,372,294.467125953684
2020-02-11,510,265.820101258328
2020-02-11,315,573.516807506039
2020-02-11,643,286.66580421909
2020-02-11,365,430.30110035239
2020-02-11,592,477.808563529457
2020-02-11,238,367.209853246074
2020-02-11,405,519.861860556619
2020-02-11,343,310.553422669622
2020-02-11,129,155.268212031942
2020-02-11,244,298.450958767379
2020-02-11,477,334.466075094701
2020-02-11,246,262.069595469293
2020-02-11,53,112.318217852716
2020-02-11,201,124.69716809304
2020-02-11,298,309.68427553965
2020-02-11,460,281.474902309908
2020-02-11,400,240.17748728699
2020-02-11,339,302.940758764744
2020-02-11,265,320.370873848273
2020-02-11,630,516.376760465246
2020-02-11,468,227.363802372718
2020-02-11,359,272.411720303891
2020-02-11,487,400.849381562281
2020-02-11,258,255.9406581061
2020-02-11,421,519.881106369112
2020-02-11,811,404.229882313111
2020-02-11,719,433.614196300917
2020-02-11,621,426.069557788495
2020-02-11,431,267.799885212633
2020-02-11,463,304.745853739671
2020-02-11,573,333.783309741506
2020-02-11,305,459.455933296069
2020-02-11,340,587.744548745009
2020-02-11,931,407.988221346736
2020-02-11,895,555.377714880707
2020-02-11,563,451.580476971928
2020-02-11,700,525.022629152846
2020-02-11,332,325.505558721263
2020-02-11,371,303.533582494466
2020-02-11,178,220.407753083753
2020-02-11,508,346.247470479901
2020-02-11,338,301.793606732428
2020-02-11,371,326.736193703669
2020-02-11,246,320.397468112076
2020-02-11,451,250.691669410292
2020-02-11,637,330.86813273033
2020-02-11,333,233.324549241965
2020-02-11,753,593.723156888425
2020-02-11,161,384.245139361753
2020-02-11,850,421.488447396853
2020-02-11,353,458.814899017258
2020-02-11,349,374.247386540532
2020-02-11,405,368.757023478315
2020-02-11,440,406.317613634687
2020-02-11,336,480.057650719892
2020-02-11,483,426.391852983311
2020-02-11,256,294.330276347667
2020-02-11,379,444.360351133728
2020-02-11,590,352.512917946299
2020-02-11,561,355.800647189452
2020-02-11,751,394.784172929699
2020-02-11,435,366.731408345838
2020-02-11,262,396.549604421692
2020-02-11,412,303.05456994504
2020-02-11,374,325.584803477903
2020-02-11,322,355.785162904464
2020-02-11,229,200.896501871768
2020-02-11,677,335.74054741919
2020-02-11,604,393.599461998343
2020-02-11,321,388.357380213551
2020-02-11,452,472.282945270674
2020-02-11,550,330.673079454809
2020-02-11,664,390.314814789916
2020-02-11,318,431.55930606146
2020-02-11,490,443.86130511779
2020-02-11,251,374.954168534568
2020-02-11,801,406.201942444069
2020-02-11,330,485.884578928919
2020-02-11,528,341.37520820864
2020-02-11,274,320.862205073388
2020-02-11,588,526.042220749566
2020-02-11,313,583.179787517401
2020-02-11,375,392.820983695523
2020-02-11,296,358.370290225109
2020-02-11,485,312.306572394098
2020-02-11,599,645.515754101619
2020-02-11,443,327.262566147005
2020-02-11,381,301.335681003172
2020-02-11,491,330.745260987726
2020-02-11,276,240.076631781855
2020-02-11,313,219.833762960605
2020-02-11,352,353.772119132167
2020-02-11,462,217.225845288464
2020-02-11,285,442.455392567338
2020-02-11,522,309.120472425738
2020-02-11,324,382.293428710512
2020-02-11,141,297.334378046112
2020-02-11,220,175.375769952075
2020-02-11,148,326.277844078294
2020-02-11,115,189.990329953741
2020-02-11,217,171.625786811643
2020-02-11,260,303.328832917841
2020-02-11,553,383.467413650447
2020-02-11,395,514.893738439407
2020-02-11,487,318.179352856355
2020-02-11,408,195.216856946087
2020-02-11,361,468.190408645693
2020-02-11,581,374.005635104427
2020-02-11,308,321.068453728513
2020-02-11,459,296.055620119542
2020-02-11,322,427.214935003219
2020-02-11,882,512.871269740001
2020-02-11,293,368.322108928724
2020-02-11,531,240.860895100195
2020-02-11,639,475.649704869281
2020-02-11,359,533.279559987451
2020-02-11,705,290.015631369766
2020-02-11,442,494.149511477671
2020-02-11,538,262.234591907894
2020-02-11,564,271.136933090871
2020-02-11,241,321.42407303557
2020-02-11,447,344.078618172364
2020-02-11,420,601.522783950959
2020-02-11,305,232.354816526525
2020-02-11,570,407.401092530407
2020-02-11,273,303.649089448415
2020-02-11,716,272.667514851028
2020-02-11,361,366.694306202656
2020-02-11,314,326.100452332883
2020-02-11,667,332.097459548074
2020-02-11,393,344.452128697509
2020-02-11,297,365.116098575465
2020-02-11,252,432.461689636128
2020-02-11,946,325.247586137471
2020-02-11,513,590.192949299273
2020-02-11,510,572.715593036459
2020-02-11,609,484.124231824383
2020-02-11,640,355.259948528368
2020-02-11,410,412.716638847548
2020-02-11,580,481.146526459118
2020-02-11,134,275.661676596107
2020-02-11,384,324.343016585626
2020-02-11,268,442.249540387403
2020-02-11,170,304.722604347757
2020-02-11,269,498.534329054351
2020-02-11,263,389.857034665088
2020-02-11,697,292.842529171025
2020-02-11,509,358.285821100521
2020-02-11,236,325.937140302356
2020-02-11,513,300.650553626364
2020-02-11,251,290.736318922558
2020-02-11,563,489.613463487798
2020-02-11,136,347.157681544165
2020-02-11,413,285.204832903299
2020-02-11,169,207.792256691945
2020-02-11,399,271.200849243235
2020-02-11,265,266.783877548797
2020-02-11,304,317.514937821016
2020-02-11,133,359.075651418731
2020-02-11,242,243.677290965117
2020-02-11,398,224.855546825433
2020-02-11,382,915.149613892218
2020-02-11,450,436.266424358571
2020-02-11,471,453.887732104035
2020-02-11,208,248.967710595077
2020-02-11,814,484.572736091569
2020-02-11,504,451.064363265595
2020-02-11,694,471.731758166219
2020-02-11,329,385.109305035448
2020-02-11,531,611.344018552412
2020-02-11,615,340.164795157428
2020-02-11,205,242.343299615548
2020-02-11,293,229.802629845708
2020-02-11,663,429.480420343628
2020-02-11,275,261.695367929331
2020-02-11,693,360.10214910141
2020-02-11,428,346.533846929618
2020-02-11,428,399.265198654918
2020-02-11,551,421.298278615435
2020-02-11,138,417.241436267521
2020-02-11,241,197.756981675771
2020-02-11,332,335.313812200911
2020-02-11,232,307.431106097014
2020-02-11,729,577.156574061828
2020-02-11,751,512.960176593054
2020-02-11,119,473.063546500549
2020-02-11,819,474.568068826041
2020-02-11,626,539.868749615786
2020-02-11,172,370.009230099156
2020-02-11,438,334.019167743862
2020-02-11,656,493.450087874521
2020-02-11,500,540.874255105393
2020-02-11,571,496.339187234253
2020-02-11,392,323.022537678458
2020-02-11,278,226.558271533657
2020-02-11,260,181.153692397804
2020-02-11,405,211.898986008415
2020-02-11,303,434.216961661154
2020-02-11,273,441.913974130224
2020-02-11,438,377.291512665982
2020-02-11,509,273.213780309253
2020-02-11,258,238.684500809312
2020-02-11,220,403.328889062557
2020-02-11,1035,886.774218573545
2020-02-11,408,356.38644721105
2020-02-11,559,553.437269681929
2020-02-11,616,550.828879128533
2020-02-11,960,785.662401881791
2020-02-11,907,595.387465013881
2020-02-11,677,614.817562449484
2020-02-11,726,1284.54557708257
2020-02-11,432,365.554738307521
2020-02-11,662,672.97598619648
2020-02-11,206,1052.61638920855
2020-02-11,498,534.625855769223
2020-02-11,453,444.156703159974
2020-02-11,1176,434.82201114901
2020-02-11,636,657.720508229713
2020-02-11,174,526.509636647247
2020-02-11,852,1170.07158854549
2020-02-11,304,366.190449354419
2020-02-11,403,474.995366508518
2020-02-11,574,680.069168554832
2020-02-11,647,401.74714222716
2020-02-11,504,438.739503974128
2020-02-11,653,411.904149879957
2020-02-11,261,250.34637516527
2020-02-11,889,505.038795719159
2020-02-11,1076,650.478484149637
2020-02-11,534,702.259691393265
2020-02-11,629,524.754323609985
2020-02-11,384,243.340487971099
2020-02-11,653,530.690143431754
2020-02-11,539,391.188651121251
2020-02-11,541,333.059808329963
2020-02-11,481,592.274020795542
2020-02-11,257,390.994309699363
2020-02-11,335,395.074573381791
2020-02-11,766,564.542730715933
2020-02-11,738,497.401193808504
2020-02-11,652,724.609584468393
2020-02-11,342,858.982638783177
2020-02-11,733,545.104723027885
2020-02-11,385,402.476435922785
2020-02-11,392,305.283024282394
2020-02-11,565,424.391477687359
2020-02-11,443,1015.228701267
2020-02-11,0,338.906246996758
2020-02-11,0,525.307553485609
2020-02-11,0,151.043232975619
2020-02-11,544,586.04708260306
2020-02-11,229,594.735671757943
2020-02-11,398,501.574402005792
2020-02-11,269,325.800372026311
2020-02-11,210,400.467837125015
2020-02-11,190,376.839631591313
2020-02-11,906,311.218143525623
2020-02-11,323,500.597987161933
2020-02-11,280,563.214127679498
2020-02-11,1041,695.03977403011
2020-02-11,1014,335.566104319429
2020-02-11,825,729.273351785295
2020-02-11,292,657.824177475819
2020-02-11,438,873.791345856866
2020-02-11,462,438.700708818983
2020-02-11,677,287.226440150199
2020-02-11,483,425.535289406442
2020-02-11,526,460.24852959926
2020-02-11,547,556.436007706616
2020-02-11,1018,789.445095727133
2020-02-11,758,456.100271372316
2020-02-11,1233,961.59706311282
2020-02-11,407,751.894318198
2020-02-11,1457,775.892434398635
2020-02-11,741,340.287683456286
2020-02-11,667,661.168916916811
2020-02-11,714,850.009655047533
2020-02-11,1105,717.990089011006
2020-02-11,866,403.384714097906
2020-02-11,453,850.874748835371
2020-02-11,351,521.362322716061
2020-02-11,940,772.924061039034
2020-02-11,898,512.611848090373
2020-02-11,830,374.549801793535
2020-02-11,714,1161.94048790357
2020-02-11,709,596.719826273025
2020-02-11,253,1366.07048648088
2020-02-11,411,724.820802680084
2020-02-11,1401,1000.70364546429
2020-02-11,685,557.654012589955
2020-02-11,873,705.572905966319
2020-02-11,1150,464.484449721706
2020-02-11,171,411.145722637786
2020-02-11,497,583.865794644593
2020-02-11,718,692.229327308843
2020-02-11,668,563.006480216495
2020-02-11,603,644.84428115923
2020-02-11,341,323.072983861252
2020-02-11,358,243.844513642287
2020-02-11,440,205.364491747308
2020-02-11,344,651.839281868585
2020-02-11,786,912.258397082236
2020-02-11,893,1001.47610155593
2020-02-11,1217,670.184317690874
2020-02-11,1169,880.421905466863
2020-02-11,1022,835.402275276643
2020-02-11,2176,1644.23338547689
2020-02-11,1949,932.812298657181
2020-02-11,498,514.890167481403
2020-02-11,728,480.154314500939
2020-02-11,551,600.892591460811
2020-02-11,546,357.087283707241
2020-02-11,599,621.107037518622
2020-02-11,714,450.05220450275
2020-02-11,638,532.578567437938
2020-02-11,699,518.342276374352
2020-02-11,840,592.364936990511
2020-02-11,618,344.592792876589
2020-02-11,653,414.55905112789
2020-02-11,414,482.265553167442
2020-02-11,778,728.046040815475
2020-02-11,521,581.393658155496
2020-02-11,404,366.37526011993
2020-02-11,705,901.517676603679
2020-02-11,1538,1465.89349060971
2020-02-11,1876,888.687234924945
2020-02-11,1152,867.054126832192
2020-02-11,1236,803.539303078902
2020-02-11,873,867.98041198083
2020-02-11,3747,1407.46262970792
2020-02-11,1788,745.233360103594
2020-02-11,133,1079.22427476751
2020-02-11,600,212.869104985307
2020-02-11,357,229.955941984296
2020-02-11,344,506.281820999691
2020-02-11,281,502.010624087098
2020-02-11,421,417.74235289735
2020-02-11,636,300.706388901833
2020-02-11,931,663.185743010064
2020-02-11,557,687.653328751483
2020-02-11,575,459.582823561155
2020-02-11,791,480.676876602388
2020-02-11,612,453.396132777491
2020-02-11,512,342.571990967788
2020-02-11,672,741.238420832109
2020-02-11,894,548.230901640808
2020-02-11,386,401.616589243413
2020-02-11,866,457.275562618406
2020-02-11,831,550.806744097919
2020-02-11,948,455.669864343552
2020-02-11,832,649.609509903003
2020-02-11,1214,444.594357054056
2020-02-11,618,499.609343884456
2020-02-11,980,552.47180247746
2020-02-11,760,259.596302160508
2020-02-11,910,655.435933480182
2020-02-11,842,434.861343654084
2020-02-11,1006,751.214823629191
2020-02-11,878,550.768101370667
2020-02-11,455,458.796667380753
2020-02-11,802,513.974673538125
2020-02-11,452,409.528303482845
2020-02-11,485,563.258216429539
2020-02-11,773,740.735486726595
2020-02-11,316,459.704314647779
2020-02-11,682,595.686752277596
2020-02-11,538,407.932897711072
2020-02-11,1089,537.663243036799
2020-02-11,696,973.044386982478
2020-02-11,738,466.26691113448
2020-02-11,391,270.846407560788
2020-02-11,741,413.997697632843
2020-02-11,825,367.500174137799
2020-02-11,605,567.679705325812
2020-02-11,873,401.262022447616
2020-02-11,620,542.669993768079
2020-02-11,574,608.412354130617
2020-02-11,543,330.43670763752
2020-02-11,627,565.751505002081
2020-02-11,1015,921.077005345255
2020-02-11,537,835.756021288747
2020-02-11,1169,643.936358773768
2020-02-11,487,760.158702764168
2020-02-11,424,438.84475175464
2020-02-11,734,488.615794360577
2020-02-11,495,319.674646921638
2020-02-11,660,324.939727669564
2020-02-11,332,589.704010126583
2020-02-11,549,845.741193855861
2020-02-11,820,592.797456033922
2020-02-11,673,660.522741881548
2020-02-11,488,507.206261996083
2020-02-11,815,700.446446908729
2020-02-11,1293,852.603066825159
2020-02-11,1391,1104.92162153745
2020-02-11,1349,876.445115942975
2020-02-11,1317,600.754783608407
2020-02-11,827,534.765586062073
2020-02-11,896,568.32950706899
2020-02-11,871,705.281276491609
2020-02-11,1047,448.982540827746
2020-02-11,389,915.719735982079
2020-02-11,948,1564.80021876586
2020-02-11,287,747.503308211471
2020-02-11,1739,541.093723923782
2020-02-11,1038,438.553742715374
2020-02-11,501,768.093485271743
2020-02-11,862,619.919138029987
2020-02-11,1164,1394.1162258215
2020-02-11,1242,631.245673676344
2020-02-11,635,675.915798746856
2020-02-11,422,393.964082477096
2020-02-11,979,613.000354334495
2020-02-11,976,397.545422910831
2020-02-11,368,710.667609572362
2020-02-11,934,625.254639713445
2020-02-11,17,571.047527950096
2020-02-11,617,237.237044912968
2020-02-11,455,442.275458989011
2020-02-11,838,567.254787411338
2020-02-11,266,624.337176753484
2020-02-11,994,598.250100840898
2020-02-11,395,414.686801705072
2020-02-11,502,461.537400548313
2020-02-11,341,488.001618371894
2020-02-11,463,441.303303620175
2020-02-11,372,303.287756708187
2020-02-11,388,371.808467501406
2020-02-11,787,431.418776633372
2020-02-11,743,457.170249446318
2020-02-11,878,415.441736454745
2020-02-11,641,627.566040995058
2020-02-11,639,368.118428994034
2020-02-11,588,427.343684479024
2020-02-11,851,522.831760773924
2020-02-11,569,452.895388951937
2020-02-11,453,486.750505491777
2020-02-11,1005,410.343532548598
2020-02-11,533,510.705904712235
2020-02-11,540,402.14548055238
2020-02-11,704,459.796277007921
2020-02-11,757,725.247324711307
2020-02-11,658,342.364140651583
2020-02-11,549,194.76749230075
2020-02-11,461,170.180332570686
2020-02-11,391,216.06125733688
2020-02-11,503,417.158479023301
2020-02-11,752,455.200851801106
2020-02-11,418,275.185297532754
2020-02-11,583,679.890876365063
2020-02-11,1478,586.616164421105
2020-02-11,467,841.807897161898
2020-02-11,508,563.074032639949
2020-02-11,858,330.195345349751
2020-02-11,142,800.37422818907
2020-02-11,1067,651.073382472604
2020-02-11,1340,1103.80154360474
2020-02-11,1210,464.582560610243
2020-02-11,792,547.138253914841
2020-02-11,1090,441.952826089564
2020-02-11,1870,641.674195968407
2020-02-11,509,478.426736081509
2020-02-11,573,581.027035946984
2020-02-11,416,525.710327162544
2020-02-11,423,533.635961073994
2020-02-11,918,765.044776750743
2020-02-11,1769,996.457265022548
2020-02-11,718,754.214634654107
2020-02-11,1040,614.360305572618
2020-02-11,503,620.990295359206
2020-02-11,980,547.855425703848
2020-02-11,1017,357.101225553632
2020-02-11,417,730.5747419478
2020-02-11,524,446.123495091559
2020-02-11,357,448.891725563945
2020-02-11,281,241.775379474213
2020-02-11,1193,313.236432625849
2020-02-11,459,481.818118625556
2020-02-11,1098,315.064591930223
2020-02-11,548,246.432074349386
2020-02-11,711,382.753780687144
2020-02-11,706,400.884914335612
2020-02-11,295,444.858123588885
2020-02-11,447,358.476209218824
2020-02-11,524,387.5564994866
2020-02-11,734,531.291722704053
2020-02-11,517,373.316304705895
2020-02-11,450,246.984750473985
2020-02-11,242,477.085833864312
2020-02-11,475,151.133117050186
2020-02-11,306,420.077039393651
2020-02-11,174,268.289379225385
2020-02-11,296,215.057494725847
2020-02-11,403,380.085921405314
2020-02-11,474,431.008961927834
2020-02-11,72,410.491394104317
2020-02-11,216,290.444095659691
2020-02-11,916,252.544117308872
2020-02-11,524,342.851106038265
2020-02-11,293,224.50268344968
2020-02-11,560,217.29178217138
2020-02-11,419,297.161801802759
2020-02-11,47,216.713129870546
2020-02-11,272,126.26739208278
2020-02-11,209,156.770056908325
2020-02-11,171,206.144206250158
2020-02-11,202,196.831955413295
2020-02-11,406,213.900303532486
2020-02-11,115,323.732893850886
2020-02-11,190,167.719590125477
2020-02-11,157,190.169725292613
2020-02-11,578,251.411050996774
2020-02-11,208,198.774036983465
2020-02-11,181,188.333416448784
2020-02-11,224,145.717227241484
2020-02-11,172,215.996991005009
2020-02-11,450,149.919394590748
2020-02-11,491,327.713001502833
2020-02-11,146,198.668158853727
2020-02-11,105,253.865782244532
2020-02-11,103,136.471437740545
2020-02-11,115,222.145624870728
2020-02-11,404,333.446537143487
2020-02-11,572,349.789243006809
2020-02-11,527,390.963074984035
2020-02-11,533,277.491865886553
2020-02-11,354,366.858680883235
2020-02-11,324,346.835091139877
2020-02-11,625,275.56005968591
2020-02-11,388,260.654322402204
2020-02-11,281,344.482588888958
2020-02-11,527,531.460875700559
2020-02-11,192,237.306408341537
2020-02-11,588,411.45834155037
2020-02-11,323,386.844155623
2020-02-11,951,667.255717702695
2020-02-11,467,773.077273098285
2020-02-11,467,462.699302046753
2020-02-11,910,573.23266448428
2020-02-11,422,413.634074488018
2020-02-11,678,570.205520307826
2020-02-11,631,403.34193708598
2020-02-11,890,655.809843613051
2020-02-11,736,518.792264885232
2020-02-11,992,348.188784446391
2020-02-11,575,102.413957253011
2020-02-11,233,193.169753689602
2020-02-11,222,239.814543454466
2020-02-11,585,287.124153619659
2020-02-11,408,223.380160834375
2020-02-11,642,499.566599564766
2020-02-11,798,284.790395048545
2020-02-11,496,277.376590290836
2020-02-11,443,406.447229142192
2020-02-11,419,364.418519654306
2020-02-11,235,296.690520160845
2020-02-11,622,208.893675119351
2020-02-11,340,375.790577546701
2020-02-11,527,581.726654544508
2020-02-11,899,539.156916122853
2020-02-12,203,255.732745378566
2020-02-12,407,105.313230446517
2020-02-12,253,213.235420853607
2020-02-12,433,180.511363789926
2020-02-12,92,226.927209872779
2020-02-12,190,220.747414230504
2020-02-12,151,119.37111757689
2020-02-12,217,171.921114410809
2020-02-12,236,148.177039699528
2020-02-12,134,152.418779467448
2020-02-12,437,271.401301069269
2020-02-12,178,232.060691071038
2020-02-12,627,313.053353920284
2020-02-12,131,417.023740790418
2020-02-12,447,218.598132842646
2020-02-12,209,262.262131041065
2020-02-12,314,224.399372515272
2020-02-12,224,245.168918249099
2020-02-12,231,300.93160643122
2020-02-12,363,199.338433026702
2020-02-12,249,169.910231935977
2020-02-12,211,195.839290356984
2020-02-12,510,329.562788566369
2020-02-12,360,382.981522708434
2020-02-12,204,248.317717056311
2020-02-12,391,268.394231094334
2020-02-12,434,207.663170630555
2020-02-12,297,297.692890985983
2020-02-12,147,234.713658815275
2020-02-12,225,210.6651388649
2020-02-12,311,301.37532688808
2020-02-12,621,216.586615604118
2020-02-12,386,359.952619631803
2020-02-12,367,266.320420612818
2020-02-12,246,364.116234575458
2020-02-12,274,185.48806406462
2020-02-12,176,331.355018479544
2020-02-12,204,316.075784263742
2020-02-12,205,199.167986451327
2020-02-12,375,249.087614248173
2020-02-12,180,307.353390981162
2020-02-12,262,175.080172966284
2020-02-12,269,183.897305614283
2020-02-12,265,148.333991572524
2020-02-12,225,271.404815198803
2020-02-12,323,168.996725880263
2020-02-12,253,208.686482291768
2020-02-12,226,293.942821049569
2020-02-12,374,248.903696937279
2020-02-12,152,161.94028470083
2020-02-12,137,232.497063039924
2020-02-12,398,264.391677129842
2020-02-12,330,234.359062457418
2020-02-12,255,221.566791959768
2020-02-12,384,191.934521075421
2020-02-12,316,172.007121651833
2020-02-12,128,168.040150431713
2020-02-12,147,117.893976747935
2020-02-12,138,165.211551438046
2020-02-12,89,162.689704324374
2020-02-12,120,179.001796249212
2020-02-12,101,161.098531043214
2020-02-12,155,216.304420751299
2020-02-12,243,251.794179327175
2020-02-12,197,259.084766198393
2020-02-12,268,214.858491986191
2020-02-12,229,202.15839444314
2020-02-12,228,217.605777764875
2020-02-12,282,158.633283057352
2020-02-12,126,153.402000911609
2020-02-12,156,198.857670100826
2020-02-12,59,134.179457126201
2020-02-12,282,101.883823453194
2020-02-12,235,161.900206257145
2020-02-12,191,185.102312845666
2020-02-12,409,243.847596430369
2020-02-12,406,195.61517865247
2020-02-12,273,189.827366709973
2020-02-12,191,182.117287501418
2020-02-12,0,579.895499366497
2020-02-12,253,177.824661189665
2020-02-12,97,167.086265931434
2020-02-12,92,145.763131620472
2020-02-12,147,143.753806768329
2020-02-12,129,105.982468168571
2020-02-12,140,120.330304550366
2020-02-12,28,396.171509670617
2020-02-12,144,117.958455072383
2020-02-12,219,157.751652417733
2020-02-12,296,247.716996830107
2020-02-12,485,250.937457169724
2020-02-12,245,408.437689646514
2020-02-12,513,354.041557546428
2020-02-12,120,424.283651625577
2020-02-12,246,293.020282774006
2020-02-12,463,294.467188803321
2020-02-12,319,141.016157988562
2020-02-12,392,235.628263510675
2020-02-12,363,312.771889314201
2020-02-12,413,191.485989375611
2020-02-12,497,306.575606182549
2020-02-12,277,212.301851270307
2020-02-12,335,221.83496901638
2020-02-12,470,288.431217165888
2020-02-12,411,294.701702723093
2020-02-12,371,299.759751410792
2020-02-12,361,235.687397111129
2020-02-12,694,225.453043636058
2020-02-12,385,261.63175646451
2020-02-12,277,238.099023890102
2020-02-12,208,234.205795171785
2020-02-12,487,323.592699714953
2020-02-12,371,262.712537375397
2020-02-12,238,268.555600117458
2020-02-12,211,252.102215577619
2020-02-12,337,261.018354808277
2020-02-12,376,257.887907305967
2020-02-12,338,118.51056536283
2020-02-12,102,208.162315889949
2020-02-12,142,106.505013663683
2020-02-12,160,148.932450813288
2020-02-12,150,132.431573967935
2020-02-12,145,133.121425679869
2020-02-12,168,161.971027713376
2020-02-12,137,174.043677655375
2020-02-12,137,274.545652159568
2020-02-12,120,216.139178025452
2020-02-12,153,213.366632192234
2020-02-12,284,256.277910931138
2020-02-12,507,242.806041845299
2020-02-12,279,330.718247370719
2020-02-12,193,260.277177807995
2020-02-12,368,207.40858163109
2020-02-12,310,252.665795173537
2020-02-12,380,238.494891313255
2020-02-12,400,304.303959851652
2020-02-12,187,256.037819846029
2020-02-12,266,183.917452286859
2020-02-12,271,167.440197703364
2020-02-12,306,340.422190148193
2020-02-12,89,188.134009384627
2020-02-12,407,310.518062352102
2020-02-12,615,295.121411159649
2020-02-12,201,258.544872984199
2020-02-12,304,195.254874649262
2020-02-12,326,330.70460942459
2020-02-12,145,221.351914533868
2020-02-12,420,381.987442896878
2020-02-12,225,191.042576821211
2020-02-12,239,429.808661520232
2020-02-12,552,290.953256769109
2020-02-12,547,275.243253308966
2020-02-12,234,317.370936128394
2020-02-12,258,371.928344397035
2020-02-12,229,280.960744903036
2020-02-12,230,137.785749273527
2020-02-12,342,189.315355218573
2020-02-12,240,224.874021677876
2020-02-12,340,237.82847944534
2020-02-12,321,233.275725549965
2020-02-12,485,309.240169555405
2020-02-12,211,265.852145916806
2020-02-12,289,372.008374915294
2020-02-12,173,283.364725828367
2020-02-12,358,227.534524574192
2020-02-12,356,208.942823830299
2020-02-12,140,319.346886358717
2020-02-12,339,255.089689163921
2020-02-12,187,205.871845111188
2020-02-12,322,94.5215934691797
2020-02-12,337,348.207096015892
2020-02-12,441,296.013471284014
2020-02-12,187,194.203491776801
2020-02-12,625,365.073702803076
2020-02-12,249,214.998017814428
2020-02-12,810,152.804681284908
2020-02-12,383,465.275498853566
2020-02-12,189,173.836534185916
2020-02-12,516,543.525939228118
2020-02-12,408,228.881115445803
2020-02-12,462,159.615046776234
2020-02-12,902,397.356935502008
2020-02-12,621,580.298101549005
2020-02-12,1347,180.308671911536
2020-02-12,565,257.27526483824
2020-02-12,1173,331.868664089191
2020-02-12,360,370.849323917306
2020-02-12,995,402.621336836375
2020-02-12,340,543.187058802473
2020-02-12,416,370.586539229834
2020-02-12,617,438.56890664975
2020-02-12,1005,256.207915639386
2020-02-12,680,412.158112522834
2020-02-12,887,289.015988820393
2020-02-12,151,382.403417454192
2020-02-12,811,246.433446301292
2020-02-12,972,143.10152263299
2020-02-12,0,603.588594743273
2020-02-12,763,340.66891926901
2020-02-12,279,624.357852536755
2020-02-12,83,276.325076548268
2020-02-12,636,226.325331281438
2020-02-12,280,326.874423036092
2020-02-12,415,216.67306522647
2020-02-12,332,371.466314903977
2020-02-12,592,796.727146908656
2020-02-12,711,781.856087856799
2020-02-12,541,422.123990829895
2020-02-12,818,630.064517266761
2020-02-12,690,492.573792916834
2020-02-12,734,397.360633670413
2020-02-12,817,449.3203909678
2020-02-12,1674,572.116935003413
2020-02-12,553,353.179219046688
2020-02-12,800,930.883934934492
2020-02-12,619,708.33276771223
2020-02-12,758,653.609722071413
2020-02-12,1817,678.657450053367
2020-02-12,509,478.239266789986
2020-02-12,621,445.304514488796
2020-02-12,631,345.587146204986
2020-02-12,1457,746.562018055349
2020-02-12,391,700.378561204224
2020-02-12,632,274.311395311072
2020-02-12,629,397.694546015383
2020-02-12,620,738.938460004077
2020-02-12,1184,576.002171933121
2020-02-12,1064,747.689782417861
2020-02-12,0,1512.65594598173
2020-02-12,905,482.049367346099
2020-02-12,137,212.787122464404
2020-02-12,121,234.924643025556
2020-02-12,145,173.100976998624
2020-02-12,857,267.632479478418
2020-02-12,591,409.503291847613
2020-02-12,824,303.316106676903
2020-02-12,488,475.911138684058
2020-02-12,257,338.891194457
2020-02-12,718,316.52877965739
2020-02-12,339,302.40764827263
2020-02-12,267,346.009073935691
2020-02-12,554,476.617355088557
2020-02-12,840,429.992430334589
2020-02-12,213,352.746360268582
2020-02-12,685,307.255018433987
2020-02-12,588,757.862533858388
2020-02-12,637,603.953500133102
2020-02-12,624,402.039678830407
2020-02-12,720,230.352017572045
2020-02-12,209,596.888261263503
2020-02-12,800,576.515259225917
2020-02-12,404,508.706591170789
2020-02-12,277,146.486641259109
2020-02-12,478,673.387896175741
2020-02-12,643,339.840320395186
2020-02-12,1157,467.447703483053
2020-02-12,440,374.132765780589
2020-02-12,816,477.884302479742
2020-02-12,759,311.698635481929
2020-02-12,783,617.771726518293
2020-02-12,581,688.186120017805
2020-02-12,618,177.150096073134
2020-02-12,454,384.747165829855
2020-02-12,1033,722.568649917427
2020-02-12,356,900.494414433172
2020-02-12,778,186.542659612909
2020-02-12,1525,446.893381491888
2020-02-12,919,450.588157324109
2020-02-12,753,726.593973288698
2020-02-12,698,607.282715615114
2020-02-12,621,446.033500794198
2020-02-12,429,506.659222119044
2020-02-12,738,197.769533959303
2020-02-12,336,454.219162499478
2020-02-12,695,299.210704752529
2020-02-12,284,326.978607598681
2020-02-12,439,124.564956341903
2020-02-12,292,301.941044714899
2020-02-12,794,181.259623169044
2020-02-12,459,153.697443441736
2020-02-12,326,505.623183109543
2020-02-12,476,83.0766062589713
2020-02-12,274,324.632951917398
2020-02-12,338,435.063640894129
2020-02-12,467,551.694272929959
2020-02-12,168,607.023997601946
2020-02-12,590,237.273560521542
2020-02-12,731,344.450609292346
2020-02-12,623,236.467428734648
2020-02-12,767,490.417741555696
2020-02-12,534,657.575944426185
2020-02-12,767,839.041362881348
2020-02-12,516,525.149902363681
2020-02-12,1059,437.509762789012
2020-02-12,328,889.95607292538
2020-02-12,1654,748.973257059549
2020-02-12,860,408.79323474999
2020-02-12,820,544.367047075734
2020-02-12,383,459.903506443941
2020-02-12,821,781.299496629362
2020-02-12,942,706.23512554393
2020-02-12,540,551.469205609213
2020-02-12,573,384.203999447507
2020-02-12,644,599.195882348136
2020-02-12,1391,510.28349958003
2020-02-12,1109,1159.53475409316
2020-02-12,330,694.478804034952
2020-02-12,1124,1451.85689477568
2020-02-12,812,1123.11070733409
2020-02-12,577,617.340430664018
2020-02-12,983,417.002234425461
2020-02-12,796,773.016477077305
2020-02-12,294,663.389921337667
2020-02-12,845,836.798885949442
2020-02-12,1425,581.846832860571
2020-02-12,670,398.689432063993
2020-02-12,398,427.447221237162
2020-02-12,802,407.947927771836
2020-02-12,548,451.870531579406
2020-02-12,416,610.940324191166
2020-02-12,647,554.849941199699
2020-02-12,553,442.741062363496
2020-02-12,648,473.216423535249
2020-02-12,726,405.902957781698
2020-02-12,862,651.661872832875
2020-02-12,792,530.098753829947
2020-02-12,404,481.398469474643
2020-02-12,926,548.48564658678
2020-02-12,364,374.39538483736
2020-02-12,261,281.490723441894
2020-02-12,465,471.730036611639
2020-02-12,237,518.916231698112
2020-02-12,317,378.173322773991
2020-02-12,520,527.100194053189
2020-02-12,618,357.515387752413
2020-02-12,439,599.464473222265
2020-02-12,611,410.355535960681
2020-02-12,895,641.536365823428
2020-02-12,900,525.274609132954
2020-02-12,768,379.016351839128
2020-02-12,701,626.428732106436
2020-02-12,760,414.742833035779
2020-02-12,336,216.855020960245
2020-02-12,156,232.198823965337
2020-02-12,425,316.094924968891
2020-02-12,402,431.579193986775
2020-02-12,848,403.297816192671
2020-02-12,327,445.740104781023
2020-02-12,329,522.019099736993
2020-02-12,290,524.186341485809
2020-02-12,324,459.06835130286
2020-02-12,455,315.204377872554
2020-02-12,540,302.432967898748
2020-02-12,520,553.502265652639
2020-02-12,380,323.699959438947
2020-02-12,392,390.5620033997
2020-02-12,221,404.229513079283
2020-02-12,310,346.53196680088
2020-02-12,301,299.500898697407
2020-02-12,437,415.439186566732
2020-02-12,440,377.019359801114
2020-02-12,491,307.244785374873
2020-02-12,572,297.063572082605
2020-02-12,652,422.360513942935
2020-02-12,338,499.056823801122
2020-02-12,512,471.600846890986
2020-02-12,516,269.937392147634
2020-02-12,583,288.61098477142
2020-02-12,262,356.394943554496
2020-02-12,704,573.32920307396
2020-02-12,678,443.394233516084
2020-02-12,477,383.860227306578
2020-02-12,717,448.562818452895
2020-02-12,286,606.063300645662
2020-02-12,563,253.872212647526
2020-02-12,205,233.721895913944
2020-02-12,284,236.747409797728
2020-02-12,506,381.779238189611
2020-02-12,271,307.264850970107
2020-02-12,380,534.031643826002
2020-02-12,519,443.44476214143
2020-02-12,546,598.247912532759
2020-02-12,337,370.737328087364
2020-02-12,726,480.293030764626
2020-02-12,321,366.366521151344
2020-02-12,571,676.328522066823
2020-02-12,589,738.856921529253
2020-02-12,1215,321.652893461355
2020-02-12,409,309.287877099391
2020-02-12,286,476.897080895387
2020-02-12,450,407.702824084952
2020-02-12,704,418.223620330426
2020-02-12,723,418.777853903043
2020-02-12,510,465.14357138715
2020-02-12,619,497.092430609514
2020-02-12,338,510.645844184821
2020-02-12,990,399.205169880646
2020-02-12,780,513.12721843257
2020-02-12,696,510.413014924351
2020-02-12,534,516.492935406759
2020-02-12,399,326.118902206454
2020-02-12,452,332.36313630253
2020-02-12,195,519.964355290488
2020-02-12,322,276.772712378549
2020-02-12,480,259.683710708186
2020-02-12,1026,533.206310926239
2020-02-12,670,498.563440622096
2020-02-12,425,690.136770925091
2020-02-12,429,557.436797443572
2020-02-12,462,347.062193344436
2020-02-12,768,565.006970210952
2020-02-12,272,360.850831076206
2020-02-12,663,434.508268076689
2020-02-12,195,241.281535456478
2020-02-12,193,226.617816897962
2020-02-12,353,307.965975270483
2020-02-12,152,256.195699743719
2020-02-12,535,301.120913735874
2020-02-12,254,209.694309608306
2020-02-12,428,345.295835731347
2020-02-12,515,416.836146354944
2020-02-12,241,441.820508282746
2020-02-12,398,272.278951276345
2020-02-12,265,281.728043933704
2020-02-12,331,220.190749547968
2020-02-12,185,319.081938322521
2020-02-12,380,219.856442099788
2020-02-12,576,371.256129857453
2020-02-12,350,233.969093285699
2020-02-12,368,242.878240940342
2020-02-12,676,428.062807032745
2020-02-12,578,386.106879679498
2020-02-12,443,396.73919895897
2020-02-12,110,339.143849614912
2020-02-12,408,318.840509618666
2020-02-12,732,592.265164892427
2020-02-12,741,442.473144742138
2020-02-12,331,270.613978476674
2020-02-12,504,459.959652260343
2020-02-12,370,297.35609134362
2020-02-12,635,326.072737667881
2020-02-12,233,297.15100601928
2020-02-12,991,486.835996150903
2020-02-12,679,322.021200551192
2020-02-12,944,366.786625437371
2020-02-12,298,490.101262756019
2020-02-12,260,446.696588525589
2020-02-12,61,265.268668529264
2020-02-12,160,244.895965744916
2020-02-12,548,478.221864832504
2020-02-12,497,449.125928387463
2020-02-12,470,261.987076072216
2020-02-12,459,484.234354115118
2020-02-12,556,342.109716653374
2020-02-12,399,277.695790755486
2020-02-12,407,454.414663571489
2020-02-12,277,333.077895422634
2020-02-12,769,535.53542188793
2020-02-12,220,344.663945143489
2020-02-12,298,450.702618889845
2020-02-12,220,280.216708311536
2020-02-12,569,193.396593134653
2020-02-12,368,451.256735690446
2020-02-12,310,373.335466039497
2020-02-12,205,388.998972105122
2020-02-12,752,274.555472370572
2020-02-12,628,437.042124895263
2020-02-12,435,389.655231451028
2020-02-12,315,232.434860476328
2020-02-12,418,301.072873564479
2020-02-12,310,358.539952755281
2020-02-12,107,118.976872665289
2020-02-12,436,366.946804189631
2020-02-12,318,371.674170415031
2020-02-12,264,242.200462327981
2020-02-12,370,291.272368102393
2020-02-12,470,258.040825075352
2020-02-12,269,273.81421143201
2020-02-12,265,154.340013569947
2020-02-12,110,206.856288396759
2020-02-12,138,159.783052291012
2020-02-12,262,181.829162148672
2020-02-12,580,311.936074762875
2020-02-12,416,379.769775479838
2020-02-12,287,243.910126014344
2020-02-12,194,347.910467306374
2020-02-12,464,248.313080083616
2020-02-12,143,141.051257628759
2020-02-12,259,347.737828136796
2020-02-12,164,293.990053076773
2020-02-12,184,175.845735285483
2020-02-12,349,307.642617858305
2020-02-12,488,247.671783808244
2020-02-12,542,613.923227076477
2020-02-12,341,358.981421912316
2020-02-12,435,391.156249133049
2020-02-12,453,216.803681593978
2020-02-12,465,451.432573375362
2020-02-12,913,536.225762389725
2020-02-12,669,537.051105657067
2020-02-12,738,380.866518312672
2020-02-12,330,253.663582049739
2020-02-12,852,326.845084106982
2020-02-12,328,400.419504616559
2020-02-12,334,489.786039821631
2020-02-12,242,121.806167821424
2020-02-12,215,245.849999160336
2020-02-12,371,191.480294340437
2020-02-12,331,323.488000544569
2020-02-12,437,171.758171517646
2020-02-12,362,233.534871157332
2020-02-12,459,516.19011002013
2020-02-12,490,311.398743208952
2020-02-12,940,301.813475191483
2020-02-12,313,171.648019895212
2020-02-12,350,256.690702663527
2020-02-12,258,289.522866406168
2020-02-12,553,499.452239667474
2020-02-12,513,318.300950199994
2020-02-12,224,207.190411792863
2020-02-12,227,301.540180047118
2020-02-12,209,240.666505179526
2020-02-12,637,281.40307639837
2020-02-12,322,261.26774143357
2020-02-12,750,678.030744747159
2020-02-12,853,415.157764437863
2020-02-12,594,333.420552826568
2020-02-12,417,505.173741864106
2020-02-12,543,458.531216114539
2020-02-12,547,242.87587245954
2020-02-12,422,316.388113320897
2020-02-12,255,283.829259471664
2020-02-12,418,569.661319406359
2020-02-12,1258,446.359746947665
2020-02-12,483,423.159637440114
2020-02-12,584,418.01287003854
2020-02-12,643,438.201393869978
2020-02-12,390,321.825505239326
2020-02-12,329,276.650035633512
2020-02-12,621,466.8129687312
2020-02-12,411,490.485531781367
2020-02-12,500,234.376639546941
2020-02-12,242,171.832099667557
2020-02-12,250,225.174869462709
2020-02-12,233,206.934531766509
2020-02-12,524,633.122369914694
2020-02-12,510,306.453069926755
2020-02-12,587,631.398066628087
2020-02-12,826,412.821347696023
2020-02-12,1264,456.005223028053
2020-02-12,709,256.009497197001
2020-02-12,582,414.150653749169
2020-02-12,416,435.952619586779
2020-02-12,368,447.936317121489
2020-02-12,341,578.092875270098
2020-02-12,178,689.938376113404
2020-02-12,879,756.866810840863
2020-02-12,634,708.190661729744
2020-02-12,480,337.991776424359
2020-02-12,447,280.212920900435
2020-02-12,269,480.014374164099
2020-02-12,481,345.153559558099
2020-02-12,504,318.008862752258
2020-02-12,502,350.405624929406
2020-02-12,423,503.445051130718
2020-02-12,374,324.686729492891
2020-02-12,439,421.249629425653
2020-02-12,363,484.729027089869
2020-02-12,389,393.650059428136
2020-02-12,354,267.621989601899
2020-02-12,528,352.69870884997
2020-02-12,417,333.244962410436
2020-02-12,231,596.328608619479
2020-02-12,1013,506.529016812916
2020-02-12,410,518.559401423777
2020-02-12,312,192.633210403406
2020-02-12,400,582.926106979113
2020-02-12,768,886.88773867388
2020-02-12,894,823.478541200585
2020-02-12,388,376.058317327777
2020-02-12,394,358.943250766098
2020-02-12,667,401.393959482781
2020-02-12,569,433.891582886315
2020-02-12,385,389.163005327345
2020-02-12,657,467.855983459749
2020-02-12,298,344.817477364699
2020-02-12,264,374.970987727115
2020-02-12,429,247.145552720356
2020-02-12,445,455.331547991382
2020-02-12,293,333.829811378158
2020-02-12,319,323.168216571459
2020-02-12,530,260.313897061076
2020-02-12,397,453.232515224685
2020-02-12,709,391.439633795522
2020-02-12,235,383.124746488779
2020-02-12,727,339.67639543503
2020-02-12,477,494.261762366612
2020-02-12,278,277.556905406839
2020-02-12,538,253.57994734499
2020-02-12,250,224.751179380665
2020-02-12,199,306.657028369692
2020-02-12,536,627.168458859792
2020-02-12,334,249.132249735027
2020-02-12,599,521.659753396084
2020-02-12,458,415.694602088393
2020-02-12,806,319.705580036328
2020-02-12,262,432.652867049004
2020-02-12,497,577.040999049444
2020-02-12,505,302.75772751006
2020-02-12,614,420.202876464458
2020-02-12,432,325.412722001713
2020-02-12,290,416.751273656299
2020-02-12,277,339.844297826729
2020-02-12,483,185.205315886628
2020-02-12,508,267.015968003558
2020-02-12,408,595.933011812886
2020-02-12,642,339.793138740817
2020-02-12,894,600.114187702617
2020-02-12,627,437.617498023497
2020-02-12,640,357.426496241171
2020-02-12,429,566.401469620774
2020-02-12,234,266.663237384267
2020-02-12,455,392.829194044532
2020-02-12,297,339.654061501457
2020-02-12,467,298.493245083355
2020-02-12,298,313.096626523636
2020-02-12,457,296.742774447279
2020-02-12,336,313.209843645243
2020-02-12,691,471.346435190601
2020-02-12,704,470.658772632709
2020-02-12,607,352.912528300802
2020-02-12,521,437.36228474087
2020-02-12,359,382.16340772598
2020-02-12,352,427.085467916174
2020-02-12,295,476.945238627839
2020-02-12,389,268.509509073417
2020-02-12,719,430.490610208438
2020-02-12,154,271.443899021214
2020-02-12,449,313.210520047521
2020-02-12,380,504.560459195224
2020-02-12,484,465.58472980104
2020-02-12,780,628.714940272807
2020-02-12,500,276.777995799894
2020-02-12,544,654.328783160064
2020-02-12,492,428.410679242159
2020-02-12,639,548.678269791001
2020-02-12,410,535.672041835001
2020-02-12,684,348.249439124
2020-02-12,369,430.357288693041
2020-02-12,437,407.908940220674
2020-02-12,591,380.614775450027
2020-02-12,356,408.769906563327
2020-02-12,302,463.326390806826
2020-02-12,335,245.520995318439
2020-02-12,344,390.963842545256
2020-02-12,299,344.690127469445
2020-02-12,724,663.486637934854
2020-02-12,737,622.248276193331
2020-02-12,454,358.683252709782
2020-02-12,745,578.1373252575
2020-02-12,334,248.104425280365
2020-02-12,418,593.31393531418
2020-02-12,743,274.794611771985
2020-02-12,263,332.197372250342
2020-02-12,233,378.220045979348
2020-02-12,670,467.725213004696
2020-02-12,367,281.984060589763
2020-02-12,520,404.195053481745
2020-02-12,473,263.867728188068
2020-02-12,368,264.249632516171
2020-02-12,673,316.740884377743
2020-02-12,191,276.187177814463
2020-02-12,477,416.481475543601
2020-02-12,328,392.251582885415
2020-02-12,302,274.485905803226
2020-02-12,316,275.91326386071
2020-02-12,208,182.696421219072
2020-02-12,235,286.941071855795
2020-02-12,448,270.607744670477
2020-02-12,618,376.764971829097
2020-02-12,380,329.344504096652
2020-02-12,381,212.375245908302
2020-02-12,449,268.227494367138
2020-02-12,254,385.705984003538
2020-02-12,414,259.927214073078
2020-02-12,344,146.219029749282
2020-02-12,621,484.387771962366
2020-02-12,450,344.054918186511
2020-02-12,349,384.776543004611
2020-02-12,519,385.429523191226
2020-02-12,290,263.975945119123
2020-02-12,217,327.129567854565
2020-02-12,322,206.233708187308
2020-02-12,432,344.180276984516
2020-02-12,595,345.919107534359
2020-02-12,432,316.318801895499
2020-02-12,411,328.995414018892
2020-02-12,346,293.849101618874
2020-02-12,191,411.293784109339
2020-02-12,425,342.318977155398
2020-02-12,503,460.187266793585
2020-02-12,613,386.078377661935
2020-02-12,410,581.387875659304
2020-02-12,411,295.695484022764
2020-02-12,577,404.334550181701
2020-02-12,518,290.719836503175
2020-02-12,422,401.131474074883
2020-02-12,335,277.50663671407
2020-02-12,483,344.85473072258
2020-02-12,348,274.618246407473
2020-02-12,369,326.987242910925
2020-02-12,601,280.961793219516
2020-02-12,179,457.262617382179
2020-02-12,473,353.798522321884
2020-02-12,297,381.072751005113
2020-02-12,181,382.757552766763
2020-02-12,355,440.140514307897
2020-02-12,572,307.965123047057
2020-02-12,640,411.00775450373
2020-02-12,700,638.63777256004
2020-02-12,460,890.035533874459
2020-02-12,335,475.911353130976
2020-02-12,412,249.125934460828
2020-02-12,424,280.70489736612
2020-02-12,549,367.339417357079
2020-02-12,648,403.401433073992
2020-02-12,284,257.796312577746
2020-02-12,346,355.948892435669
2020-02-12,218,188.434240350063
2020-02-12,339,242.106423237167
2020-02-12,148,210.733979009973
2020-02-12,375,271.256324992336
2020-02-12,242,323.836610040531
2020-02-12,457,244.266300586882
2020-02-12,249,347.234419757979
2020-02-12,603,324.918845852325
2020-02-12,148,182.584557971535
2020-02-12,117,223.582159891323
2020-02-12,385,176.799961161427
2020-02-12,244,180.906692553158
2020-02-12,616,238.480728645159
2020-02-12,80,285.3753488364
2020-02-12,83,231.445168407592
2020-02-12,236,145.370788435644
2020-02-12,307,154.660856698823
2020-02-12,444,119.139362236689
2020-02-12,121,129.794178184496
2020-02-12,205,169.499074761132
2020-02-12,341,190.128933569467
2020-02-12,282,145.193576069239
2020-02-12,188,259.528627421544
2020-02-12,212,173.25785898335
2020-02-12,119,161.371691750803
2020-02-12,336,198.005024704962
2020-02-12,205,447.354854579975
2020-02-12,852,304.039882874832
2020-02-12,97,335.500591639977
2020-02-12,460,381.703551726697
2020-02-12,288,253.325162469047
2020-02-12,476,301.704833503547
2020-02-12,364,301.523829235463
2020-02-12,515,322.07094293148
2020-02-12,215,304.671207442338
2020-02-12,845,322.537198110633
2020-02-12,100,357.019053009107
2020-02-12,190,324.545293349859
2020-02-12,359,92.5017291924882
2020-02-12,187,213.23497366897
2020-02-12,467,287.078531585113
2020-02-12,451,247.109982180534
2020-02-12,299,218.324081160839
2020-02-12,88,246.664734743336
2020-02-12,361,259.305124691147
2020-02-12,155,218.073573281655
2020-02-12,409,109.158855070724
2020-02-12,281,149.195950124394
2020-02-12,184,177.440970334475
2020-02-12,73,169.520096680841
2020-02-12,177,290.729633027405
2020-02-12,336,187.220308410916
2020-02-12,7,445.130943564387
2020-02-12,55,234.869906995423
2020-02-12,837,230.159299230906
2020-02-12,317,349.841476550772
2020-02-12,246,754.60801742069
2020-02-12,780,404.968699848145
2020-02-12,1029,596.969470950199
2020-02-12,970,516.030821795858
2020-02-12,737,535.488526096733
2020-02-12,804,431.579346871315
2020-02-12,751,858.44784919236
2020-02-12,647,353.339439015084
2020-02-12,790,319.318072222405
2020-02-12,331,270.149541668088
2020-02-12,251,292.068770079229
2020-02-12,270,304.941477367838
2020-02-12,627,247.37499663591
2020-02-12,190,302.481806706424
2020-02-12,574,381.261699860666
2020-02-12,191,464.132231121679
2020-02-12,402,303.074629166683
2020-02-12,497,276.04629637265
2020-02-12,330,590.693838066764
2020-02-12,667,293.330964327695
2020-02-12,372,439.026738236631
2020-02-12,586,488.036553774255
2020-02-12,257,374.562820943041
2020-02-12,401,522.567012995873
2020-02-12,354,311.00433558124
2020-02-12,113,155.42113085747
2020-02-12,231,308.08721988993
2020-02-12,531,337.769492651459
2020-02-12,266,274.336626092235
2020-02-12,63,114.105234253463
2020-02-12,201,129.710601663824
2020-02-12,308,317.627757235139
2020-02-12,469,286.069550613785
2020-02-12,391,248.035892155297
2020-02-12,349,302.240530386173
2020-02-12,263,321.214546290377
2020-02-12,620,512.876730028951
2020-02-12,437,227.305150772479
2020-02-12,371,272.998969886227
2020-02-12,490,400.68048979159
2020-02-12,282,256.875342883097
2020-02-12,425,528.278748492709
2020-02-12,794,414.819023982634
2020-02-12,778,437.431446581047
2020-02-12,637,441.298146993424
2020-02-12,462,271.237675402908
2020-02-12,460,310.494548988523
2020-02-12,571,339.930923030372
2020-02-12,315,461.691592047299
2020-02-12,341,587.061490127393
2020-02-12,903,412.488170099407
2020-02-12,932,554.475722334276
2020-02-12,570,448.272032151295
2020-02-12,708,525.860176871635
2020-02-12,347,332.156878629857
2020-02-12,411,304.906246447366
2020-02-12,187,224.401620145787
2020-02-12,504,355.508617806672
2020-02-12,335,307.441350159374
2020-02-12,358,328.781653658749
2020-02-12,242,327.948446996581
2020-02-12,485,254.714068133072
2020-02-12,722,336.561958341067
2020-02-12,302,244.497312105685
2020-02-12,801,607.138305006165
2020-02-12,195,388.736279295488
2020-02-12,827,423.306947380618
2020-02-12,331,468.717682893907
2020-02-12,367,375.216266351454
2020-02-12,435,375.299480938629
2020-02-12,462,407.649335032362
2020-02-12,311,495.725982029798
2020-02-12,487,434.408606959643
2020-02-12,255,293.976165668932
2020-02-12,385,440.833350539891
2020-02-12,580,349.005013990157
2020-02-12,561,351.680623588363
2020-02-12,762,390.176980347774
2020-02-12,442,381.147781871308
2020-02-12,278,413.360499756954
2020-02-12,405,312.30521770995
2020-02-12,369,327.092731545961
2020-02-12,329,363.403995037467
2020-02-12,218,209.688292178062
2020-02-12,728,338.100348578131
2020-02-12,644,399.135485266197
2020-02-12,308,398.018620202365
2020-02-12,466,479.503479701179
2020-02-12,558,333.543866891249
2020-02-12,646,383.261040920276
2020-02-12,271,426.512668353657
2020-02-12,498,431.924720420543
2020-02-12,258,365.445306668838
2020-02-12,840,416.533107876209
2020-02-12,324,496.218783920634
2020-02-12,564,342.610047621766
2020-02-12,250,329.610896792961
2020-02-12,602,548.782022649835
2020-02-12,320,596.311714094501
2020-02-12,403,398.394921115754
2020-02-12,315,369.819725425323
2020-02-12,518,321.103100861365
2020-02-12,591,670.434623418999
2020-02-12,428,336.166990697479
2020-02-12,381,307.295330985567
2020-02-12,485,339.965988584478
2020-02-12,283,248.276015821923
2020-02-12,328,222.120346061875
2020-02-12,388,349.130127238779
2020-02-12,476,220.831846946492
2020-02-12,301,444.355987716792
2020-02-12,506,317.306516694401
2020-02-12,299,387.680124988604
2020-02-12,144,305.663074252447
2020-02-12,211,176.732257200353
2020-02-12,176,329.3761081597
2020-02-12,141,193.782892224191
2020-02-12,241,175.680949252394
2020-02-12,273,307.766126251962
2020-02-12,572,391.962529136688
2020-02-12,384,540.206229750685
2020-02-12,529,321.944034861798
2020-02-12,395,208.099236878172
2020-02-12,355,479.598642502188
2020-02-12,564,376.728975812118
2020-02-12,279,322.980958448002
2020-02-12,497,293.586597579024
2020-02-12,326,430.179319120118
2020-02-12,934,518.911896011532
2020-02-12,302,373.125485056069
2020-02-12,556,246.467396637013
2020-02-12,656,488.477623048013
2020-02-12,355,537.193228978637
2020-02-12,667,300.606210325837
2020-02-12,515,499.77028616242
2020-02-12,552,274.051118244806
2020-02-12,630,269.310701638476
2020-02-12,263,328.88995063237
2020-02-12,412,345.528798536215
2020-02-12,445,590.334650784651
2020-02-12,284,233.295160883984
2020-02-12,562,405.713460854442
2020-02-12,271,305.726053693788
2020-02-12,725,277.597582598532
2020-02-12,355,376.355285042054
2020-02-12,344,330.25993857138
2020-02-12,694,328.663341196917
2020-02-12,396,349.253986423512
2020-02-12,284,367.512672694452
2020-02-12,269,426.990159185179
2020-02-12,873,334.159474430872
2020-02-12,533,592.593176442852
2020-02-12,544,578.709210599006
2020-02-12,620,488.830343911106
2020-02-12,661,360.102132456838
2020-02-12,442,412.963547826321
2020-02-12,572,500.060573055554
2020-02-12,122,279.992004950665
2020-02-12,407,328.308533439143
2020-02-12,273,451.437348048844
2020-02-12,153,311.539254292599
2020-02-12,261,502.93539154583
2020-02-12,264,387.900031929309
2020-02-12,734,291.167342821828
2020-02-12,497,368.40727212302
2020-02-12,256,332.011248284838
2020-02-12,528,301.29362255047
2020-02-12,246,292.880032880556
2020-02-12,537,494.009801901579
2020-02-12,132,352.257988563113
2020-02-12,434,281.657446541661
2020-02-12,145,213.251507462957
2020-02-12,398,279.277964619969
2020-02-12,269,271.511578834382
2020-02-12,319,321.671120427642
2020-02-12,125,369.809630234045
2020-02-12,266,244.149173676498
2020-02-12,395,228.317168617631
2020-02-12,394,920.899157849575
2020-02-12,493,438.907931973843
2020-02-12,509,454.390462512814
2020-02-12,219,250.164859230742
2020-02-12,810,488.235602281789
2020-02-12,492,453.794122022391
2020-02-12,705,469.2634993391
2020-02-12,312,391.075200927566
2020-02-12,545,610.386833269097
2020-02-12,667,338.098617286279
2020-02-12,197,247.445789148816
2020-02-12,283,233.196758664906
2020-02-12,676,437.335827145009
2020-02-12,291,263.015855850478
2020-02-12,749,361.874463215297
2020-02-12,396,356.648183764052
2020-02-12,459,406.209111425937
2020-02-12,571,432.174403998933
2020-02-12,133,426.581814587309
2020-02-12,246,209.47554561167
2020-02-12,371,346.938792285197
2020-02-12,231,323.378491330096
2020-02-12,819,585.188712535567
2020-02-12,754,523.231692244178
2020-02-12,117,475.596364190892
2020-02-12,744,491.638175473041
2020-02-12,634,543.692281692708
2020-02-12,159,376.498701756458
2020-02-12,458,338.784891351665
2020-02-12,660,507.111534118672
2020-02-12,505,554.674757040807
2020-02-12,578,494.180728665503
2020-02-12,419,317.671157077013
2020-02-12,290,225.072999185501
2020-02-12,257,181.180452671807
2020-02-12,381,213.227824846034
2020-02-12,306,426.409896478101
2020-02-12,265,440.254510036375
2020-02-12,452,377.398702514284
2020-02-12,573,268.960683283246
2020-02-12,267,246.190836785067
2020-02-12,228,403.51274922035
2020-02-12,1072,908.910771399117
2020-02-12,421,357.746692191965
2020-02-12,576,567.143608422094
2020-02-12,681,560.981653177107
2020-02-12,897,816.911312410214
2020-02-12,965,602.678672227573
2020-02-12,680,633.25039726579
2020-02-12,806,1304.16893048599
2020-02-12,416,365.839929340611
2020-02-12,629,679.774421158532
2020-02-12,209,1077.62827164405
2020-02-12,515,555.43944755194
2020-02-12,476,457.369491777414
2020-02-12,1204,447.659762513329
2020-02-12,644,669.949524625073
2020-02-12,187,535.053031798385
2020-02-12,919,1194.77649771577
2020-02-12,333,373.862309946308
2020-02-12,384,487.086482792163
2020-02-12,588,683.826274551075
2020-02-12,666,407.157851974853
2020-02-12,468,440.735601146424
2020-02-12,634,421.183568964452
2020-02-12,270,248.188808522505
2020-02-12,884,508.95479951917
2020-02-12,1106,657.768536712664
2020-02-12,556,714.408985535914
2020-02-12,646,530.30999177182
2020-02-12,378,247.839508029485
2020-02-12,688,536.234744683896
2020-02-12,530,394.725736035347
2020-02-12,536,334.388137960865
2020-02-12,503,590.795729705084
2020-02-12,250,394.258991837815
2020-02-12,340,399.503021101876
2020-02-12,770,572.60016543338
2020-02-12,749,500.796284906103
2020-02-12,661,740.059194994687
2020-02-12,357,870.731374201357
2020-02-12,773,543.632860563681
2020-02-12,372,405.18759008232
2020-02-12,396,303.75608410554
2020-02-12,536,420.750657100156
2020-02-12,462,1033.59893479202
2020-02-12,0,332.600133095718
2020-02-12,0,546.895068139695
2020-02-12,0,153.416029159928
2020-02-12,573,600.247616902687
2020-02-12,262,612.352406727919
2020-02-12,363,517.073028418475
2020-02-12,279,330.735829095624
2020-02-12,226,411.243836866501
2020-02-12,165,390.899866302472
2020-02-12,892,315.101007607519
2020-02-12,316,512.590473590425
2020-02-12,254,584.468243256307
2020-02-12,1084,714.250939214072
2020-02-12,1106,342.01421442716
2020-02-12,883,746.097764725764
2020-02-12,329,681.51480850417
2020-02-12,470,893.300638194395
2020-02-12,507,459.667056441528
2020-02-12,745,306.077278104346
2020-02-12,499,451.038928596948
2020-02-12,531,482.104175732935
2020-02-12,567,578.563893031064
2020-02-12,1072,813.952068643091
2020-02-12,769,480.847878363343
2020-02-12,1321,997.132284641339
2020-02-12,451,775.423432665713
2020-02-12,1564,793.715782869573
2020-02-12,769,358.204721589501
2020-02-12,700,678.433035523755
2020-02-12,667,860.386015627096
2020-02-12,1097,723.920686983653
2020-02-12,873,410.210932085406
2020-02-12,449,867.027242248903
2020-02-12,327,531.907300259822
2020-02-12,1011,780.130982845795
2020-02-12,929,526.107767962827
2020-02-12,815,385.097442419397
2020-02-12,702,1206.81657109097
2020-02-12,781,611.964163266659
2020-02-12,265,1406.93143091899
2020-02-12,405,722.244377983136
2020-02-12,1369,1026.25319400081
2020-02-12,703,562.090250415501
2020-02-12,880,722.47742471014
2020-02-12,1139,466.975109878297
2020-02-12,152,415.698191308462
2020-02-12,497,568.657789954793
2020-02-12,669,686.925361226185
2020-02-12,730,554.194745555672
2020-02-12,565,645.701986596755
2020-02-12,349,321.741257812451
2020-02-12,367,238.139946066859
2020-02-12,417,202.250043955298
2020-02-12,342,653.485578178401
2020-02-12,836,933.174146074997
2020-02-12,960,1014.15539659576
2020-02-12,1222,679.163295584317
2020-02-12,1178,902.322151833617
2020-02-12,1057,856.932736577238
2020-02-12,2318,1668.07165499335
2020-02-12,1937,954.397346308154
2020-02-12,523,526.095660077481
2020-02-12,789,490.934471965274
2020-02-12,572,607.097182949066
2020-02-12,533,355.552572307114
2020-02-12,586,619.697398728163
2020-02-12,775,459.850095263954
2020-02-12,604,545.777741702182
2020-02-12,692,531.414778053507
2020-02-12,841,597.367278574484
2020-02-12,595,345.426877410956
2020-02-12,648,414.622894854092
2020-02-12,422,486.949338293732
2020-02-12,803,722.772187286738
2020-02-12,538,588.70343382237
2020-02-12,402,368.301579261818
2020-02-12,688,924.63663152747
2020-02-12,1572,1502.33369601018
2020-02-12,1932,913.828634169815
2020-02-12,1197,885.594967651022
2020-02-12,1326,818.681561662561
2020-02-12,820,899.621151860504
2020-02-12,3846,1445.6789880481
2020-02-12,1818,756.084073414859
2020-02-12,126,1112.08648817464
2020-02-12,610,217.452599982731
2020-02-12,381,233.119484303754
2020-02-12,359,519.001272550516
2020-02-12,275,505.580293439036
2020-02-12,436,419.578492906693
2020-02-12,642,298.959806144574
2020-02-12,924,676.238058011196
2020-02-12,581,707.400862900926
2020-02-12,610,476.435847760781
2020-02-12,809,512.996067099732
2020-02-12,681,466.8900362402
2020-02-12,541,356.231391171649
2020-02-12,682,757.856121242514
2020-02-12,889,553.322646326077
2020-02-12,419,405.733466037721
2020-02-12,839,466.630765131366
2020-02-12,832,559.094194950468
2020-02-12,1037,456.095066585466
2020-02-12,817,665.664689247053
2020-02-12,1259,451.84879749908
2020-02-12,660,505.310979962939
2020-02-12,1061,558.727476221912
2020-02-12,685,276.545465606726
2020-02-12,937,669.919754399135
2020-02-12,841,455.012599893215
2020-02-12,987,771.904776337832
2020-02-12,964,566.102229389539
2020-02-12,506,471.220876415373
2020-02-12,792,536.645255710075
2020-02-12,476,416.031767170794
2020-02-12,535,575.893902887664
2020-02-12,860,757.950165681415
2020-02-12,316,477.879642310447
2020-02-12,717,621.619183487908
2020-02-12,510,421.648601995887
2020-02-12,1091,550.94455638337
2020-02-12,739,986.635212458288
2020-02-12,741,488.742198662085
2020-02-12,401,275.715700424882
2020-02-12,756,432.623901027785
2020-02-12,945,375.632113898195
2020-02-12,637,591.228355600054
2020-02-12,879,408.971329097031
2020-02-12,637,556.143798501514
2020-02-12,606,628.637569000226
2020-02-12,542,337.558109495988
2020-02-12,639,571.533503143092
2020-02-12,1100,943.652543660863
2020-02-12,564,852.878584189313
2020-02-12,1147,660.371975371585
2020-02-12,489,773.854900177065
2020-02-12,439,448.05807956606
2020-02-12,734,499.009106940696
2020-02-12,521,326.048044938906
2020-02-12,672,333.017568038008
2020-02-12,316,597.431786910737
2020-02-12,543,867.200220890458
2020-02-12,811,599.415740343712
2020-02-12,700,687.204184061324
2020-02-12,519,527.870583496489
2020-02-12,894,714.150998944222
2020-02-12,1319,875.026093543977
2020-02-12,1406,1130.09835973029
2020-02-12,1360,898.9937506289
2020-02-12,1373,608.92281088254
2020-02-12,851,542.893254477993
2020-02-12,917,576.940146987689
2020-02-12,862,718.597799161974
2020-02-12,1082,452.690871112115
2020-02-12,394,935.184365942212
2020-02-12,954,1618.29148458744
2020-02-12,292,768.534828094926
2020-02-12,1819,554.704383273049
2020-02-12,1125,446.843684957638
2020-02-12,504,787.987349262886
2020-02-12,895,629.710948012178
2020-02-12,1214,1420.46683073581
2020-02-12,1243,654.538645677897
2020-02-12,654,691.997259659136
2020-02-12,431,409.980718083572
2020-02-12,1054,630.931489193652
2020-02-12,1013,409.987890075303
2020-02-12,377,737.381318335315
2020-02-12,966,650.952223281732
2020-02-12,28,583.864647205153
2020-02-12,618,242.897350376553
2020-02-12,464,453.899436561599
2020-02-12,845,586.674953573428
2020-02-12,320,639.482376617423
2020-02-12,984,616.57452081869
2020-02-12,375,422.485447560876
2020-02-12,538,464.671499180288
2020-02-12,366,497.327538548539
2020-02-12,500,452.047003938304
2020-02-12,389,310.792505519245
2020-02-12,384,385.911355410358
2020-02-12,841,437.927919191284
2020-02-12,774,471.498314719132
2020-02-12,864,428.928940308428
2020-02-12,654,637.104069182816
2020-02-12,652,379.168473188183
2020-02-12,638,443.773145007419
2020-02-12,917,533.763276746084
2020-02-12,559,469.541775878364
2020-02-12,479,506.34363716037
2020-02-12,1064,430.420024893007
2020-02-12,559,530.808792559029
2020-02-12,543,418.986084556951
2020-02-12,766,471.410338717106
2020-02-12,759,756.779211016755
2020-02-12,648,361.479182800276
2020-02-12,612,202.905795086
2020-02-12,504,178.027856902357
2020-02-12,361,227.195131294396
2020-02-12,555,426.178342397602
2020-02-12,766,466.590355541481
2020-02-12,427,284.244775451202
2020-02-12,626,676.632818680205
2020-02-12,1411,596.966674355286
2020-02-12,479,848.747396982768
2020-02-12,524,566.777149251099
2020-02-12,852,339.843677158537
2020-02-12,160,816.406367832699
2020-02-12,1069,654.841817926511
2020-02-12,1340,1104.96703738335
2020-02-12,1207,464.423470874967
2020-02-12,808,553.918432598135
2020-02-12,1111,450.832481714008
2020-02-12,1915,641.203848332221
2020-02-12,484,492.167806029714
2020-02-12,629,581.578569328884
2020-02-12,406,532.290204990223
2020-02-12,408,537.681019877938
2020-02-12,882,780.209889789574
2020-02-12,1809,1028.78589624754
2020-02-12,762,766.351106027007
2020-02-12,1074,618.934533752866
2020-02-12,516,634.048766899515
2020-02-12,972,569.705804906664
2020-02-12,1087,368.788171853276
2020-02-12,464,755.945721223935
2020-02-12,562,461.261758307361
2020-02-12,389,464.61483522266
2020-02-12,266,248.762488697782
2020-02-12,1264,326.393468263872
2020-02-12,470,501.004835171253
2020-02-12,1086,326.911546571137
2020-02-12,566,249.133669335065
2020-02-12,769,388.145191521096
2020-02-12,757,412.929964688429
2020-02-12,300,463.716938692985
2020-02-12,432,365.572969861288
2020-02-12,479,401.219829317764
2020-02-12,799,533.738006479365
2020-02-12,523,374.410140413266
2020-02-12,429,243.772186497611
2020-02-12,250,478.655457709358
2020-02-12,472,152.856970762836
2020-02-12,292,421.069344772187
2020-02-12,169,270.181666190097
2020-02-12,297,213.114108156487
2020-02-12,416,386.002814753327
2020-02-12,492,441.245873396776
2020-02-12,74,421.507374886511
2020-02-12,237,292.400314615094
2020-02-12,920,268.081494078932
2020-02-12,553,358.38264649871
2020-02-12,315,234.384386907347
2020-02-12,564,220.760157457557
2020-02-12,400,310.105116093732
2020-02-12,61,225.645336533539
2020-02-12,290,133.802134714293
2020-02-12,234,163.949017427498
2020-02-12,183,207.005199160367
2020-02-12,219,200.404560955974
2020-02-12,402,214.145067387994
2020-02-12,133,322.351611887129
2020-02-12,187,171.410471705694
2020-02-12,147,191.375715565742
2020-02-12,624,253.148292093154
2020-02-12,197,202.858473678067
2020-02-12,188,190.483757550894
2020-02-12,210,145.483857007731
2020-02-12,184,219.071288248492
2020-02-12,472,152.239407099902
2020-02-12,500,340.427115770948
2020-02-12,137,205.231272638885
2020-02-12,98,267.522525873585
2020-02-12,129,142.291243832011
2020-02-12,117,235.64992319997
2020-02-12,403,340.279061268312
2020-02-12,592,353.852619001478
2020-02-12,589,396.806795311082
2020-02-12,578,282.345251316453
2020-02-12,334,381.554392216107
2020-02-12,360,345.540395570998
2020-02-12,654,280.276292524002
2020-02-12,400,266.747516713747
2020-02-12,300,358.13072582074
2020-02-12,561,545.098142868439
2020-02-12,177,246.216578563591
2020-02-12,611,416.984710787319
2020-02-12,335,394.336523960417
2020-02-12,959,680.090523756221
2020-02-12,481,797.562510964685
2020-02-12,484,476.198015788195
2020-02-12,942,595.08464464125
2020-02-12,452,428.78445155363
2020-02-12,686,594.634497514443
2020-02-12,655,416.006144923119
2020-02-12,950,665.919872925624
2020-02-12,749,541.660801099902
2020-02-12,1059,361.509103224694
2020-02-12,584,107.246120092981
2020-02-12,228,198.428689337252
2020-02-12,251,241.315773770818
2020-02-12,606,294.598890302408
2020-02-12,435,223.31851042168
2020-02-12,631,515.275054182037
2020-02-12,796,292.005972849492
2020-02-12,513,284.183138224846
2020-02-12,449,416.823729091106
2020-02-12,449,380.32862048311
2020-02-12,240,313.458866035294
2020-02-12,654,210.852601138186
2020-02-12,367,392.701329514493
2020-02-12,591,602.01151664163
2020-02-12,944,550.650306584493
2020-02-13,190,252.777166196401
2020-02-13,423,104.796798529758
2020-02-13,260,210.326340168827
2020-02-13,437,181.830528817575
2020-02-13,95,226.735400793876
2020-02-13,212,213.797193240845
2020-02-13,146,121.368313864489
2020-02-13,230,167.373915706273
2020-02-13,231,148.542376573691
2020-02-13,140,151.547236676623
2020-02-13,442,266.146770344611
2020-02-13,176,229.272143552862
2020-02-13,615,317.083012392033
2020-02-13,138,416.204463624631
2020-02-13,482,212.218865579186
2020-02-13,202,261.308212916878
2020-02-13,313,225.288877203715
2020-02-13,203,245.984948090489
2020-02-13,215,285.954917286286
2020-02-13,367,194.279490654758
2020-02-13,266,167.306119050187
2020-02-13,228,188.167215853069
2020-02-13,482,316.167910398129
2020-02-13,337,357.942567292701
2020-02-13,197,233.877607314606
2020-02-13,321,245.613516282669
2020-02-13,372,193.28557817925
2020-02-13,311,273.414976268754
2020-02-13,120,223.828664471472
2020-02-13,195,196.622063624407
2020-02-13,340,281.86651660321
2020-02-13,582,207.603881723094
2020-02-13,348,337.354521959685
2020-02-13,380,245.426326433482
2020-02-13,219,333.302326791449
2020-02-13,241,174.923513462895
2020-02-13,171,304.58694327553
2020-02-13,166,302.351551395656
2020-02-13,188,192.33475042245
2020-02-13,333,237.326259942687
2020-02-13,201,293.687647537059
2020-02-13,260,163.278995650669
2020-02-13,241,184.284370443712
2020-02-13,213,141.850875500804
2020-02-13,238,252.828744005937
2020-02-13,316,158.068139175194
2020-02-13,237,206.600723072003
2020-02-13,243,277.664726629429
2020-02-13,370,233.713123513182
2020-02-13,144,151.148489114195
2020-02-13,115,225.021340882266
2020-02-13,371,258.901661673453
2020-02-13,348,227.58237859634
2020-02-13,245,221.285235938582
2020-02-13,374,186.558551354253
2020-02-13,281,169.439509364241
2020-02-13,118,162.474065102366
2020-02-13,145,113.779370866393
2020-02-13,139,156.68007582532
2020-02-13,86,159.641120002366
2020-02-13,120,172.836440610125
2020-02-13,105,155.04072303515
2020-02-13,162,208.463421479513
2020-02-13,260,242.419715755759
2020-02-13,186,256.000400483857
2020-02-13,287,214.02229731867
2020-02-13,220,202.920428798948
2020-02-13,223,215.96197461913
2020-02-13,301,157.122004094171
2020-02-13,122,152.821748957675
2020-02-13,157,199.43192757566
2020-02-13,51,130.846237935455
2020-02-13,271,98.4512546774348
2020-02-13,209,162.045172242386
2020-02-13,207,182.093736620243
2020-02-13,386,242.622297854885
2020-02-13,391,190.566253450846
2020-02-13,278,190.02131415499
2020-02-13,178,181.73406067649
2020-02-13,0,580.197980674703
2020-02-13,246,176.463193767221
2020-02-13,102,162.060839509401
2020-02-13,84,143.841080321922
2020-02-13,155,137.039097104987
2020-02-13,130,99.7150027879645
2020-02-13,127,114.498596474523
2020-02-13,25,366.480084551831
2020-02-13,134,111.667150970365
2020-02-13,195,151.609764649594
2020-02-13,283,229.409010700329
2020-02-13,465,239.786182012213
2020-02-13,244,396.766584094935
2020-02-13,466,336.082450842932
2020-02-13,113,403.273499502336
2020-02-13,255,273.282242615674
2020-02-13,450,272.681236659788
2020-02-13,273,133.223015120903
2020-02-13,366,222.950925098221
2020-02-13,331,294.101023967261
2020-02-13,369,182.640327185357
2020-02-13,421,286.950514616653
2020-02-13,322,191.747983548356
2020-02-13,312,203.814177994206
2020-02-13,423,273.60951940488
2020-02-13,394,275.359106454991
2020-02-13,355,274.972616350931
2020-02-13,303,220.315723845031
2020-02-13,622,209.204610961378
2020-02-13,361,248.408140354483
2020-02-13,260,213.731443913032
2020-02-13,201,217.665595383766
2020-02-13,467,295.505947481327
2020-02-13,385,244.101818089137
2020-02-13,200,249.337781024766
2020-02-13,175,236.156090957201
2020-02-13,305,246.891442716677
2020-02-13,366,238.902613966218
2020-02-13,307,117.421437084037
2020-02-13,113,194.641193646077
2020-02-13,135,101.715358400616
2020-02-13,156,142.16538300873
2020-02-13,146,130.494936549826
2020-02-13,161,130.539401909247
2020-02-13,166,162.880452990184
2020-02-13,133,175.050225484561
2020-02-13,141,265.235693820196
2020-02-13,126,207.366990399232
2020-02-13,151,205.742146410977
2020-02-13,283,244.892477383838
2020-02-13,457,238.16085341581
2020-02-13,257,312.960256850198
2020-02-13,189,237.315430408131
2020-02-13,344,194.212292497652
2020-02-13,321,234.474726793037
2020-02-13,415,224.472823732717
2020-02-13,346,291.468381636171
2020-02-13,185,239.014157186754
2020-02-13,244,174.721473786806
2020-02-13,265,156.844953964061
2020-02-13,298,318.034718864872
2020-02-13,98,177.461990506513
2020-02-13,418,288.557671151411
2020-02-13,556,271.657259582904
2020-02-13,207,243.576607522146
2020-02-13,285,182.772928053538
2020-02-13,353,295.590874984152
2020-02-13,130,197.232216308834
2020-02-13,363,354.871482589435
2020-02-13,208,174.736892138331
2020-02-13,224,404.299603322228
2020-02-13,498,263.983858564467
2020-02-13,452,252.387678428337
2020-02-13,208,287.705543229592
2020-02-13,267,345.315360550422
2020-02-13,213,261.762388909578
2020-02-13,228,129.753543924679
2020-02-13,325,177.830692448835
2020-02-13,202,211.975556002363
2020-02-13,352,222.523632653262
2020-02-13,300,218.721179762927
2020-02-13,454,286.951972305015
2020-02-13,214,247.256756453691
2020-02-13,294,346.555615785127
2020-02-13,179,268.879571875921
2020-02-13,332,219.812143427512
2020-02-13,356,196.42026218987
2020-02-13,139,293.245985140573
2020-02-13,327,238.563037471127
2020-02-13,190,205.559726200699
2020-02-13,332,97.994719470156
2020-02-13,294,324.894223590456
2020-02-13,422,279.752284274681
2020-02-13,213,192.414514930089
2020-02-13,649,349.559165093404
2020-02-13,280,211.62253016346
2020-02-13,802,151.077065037276
2020-02-13,338,444.098450477179
2020-02-13,215,173.585237426005
2020-02-13,468,514.562210663025
2020-02-13,404,225.104098990558
2020-02-13,407,160.788390329334
2020-02-13,938,383.873481662777
2020-02-13,628,576.46027266
2020-02-13,1356,176.119651179047
2020-02-13,536,256.187500235336
2020-02-13,1192,328.251913294613
2020-02-13,369,369.000420917354
2020-02-13,976,400.498589990045
2020-02-13,335,533.943071404211
2020-02-13,426,368.617096578746
2020-02-13,629,430.825671631277
2020-02-13,1025,259.698337808389
2020-02-13,657,422.107768278
2020-02-13,962,286.550819473137
2020-02-13,177,378.675138043133
2020-02-13,790,250.289826313872
2020-02-13,935,142.551807646303
2020-02-13,0,593.874940524611
2020-02-13,717,325.395455061589
2020-02-13,236,599.735220027035
2020-02-13,88,267.08462234303
2020-02-13,611,214.892771482467
2020-02-13,263,313.691776028543
2020-02-13,430,209.019832328203
2020-02-13,331,358.420422501479
2020-02-13,562,771.837739499478
2020-02-13,682,750.086240054289
2020-02-13,554,404.022195986527
2020-02-13,731,607.56110972282
2020-02-13,673,482.999948805996
2020-02-13,748,387.178336423017
2020-02-13,816,427.770172480733
2020-02-13,1629,556.823826097309
2020-02-13,496,337.054513556732
2020-02-13,752,893.596566153489
2020-02-13,595,683.470184194251
2020-02-13,721,633.993949101246
2020-02-13,1758,653.220926916396
2020-02-13,512,457.083549718628
2020-02-13,607,427.66669355052
2020-02-13,611,330.382863536878
2020-02-13,1407,723.99451400344
2020-02-13,377,674.574800030229
2020-02-13,603,263.92552752756
2020-02-13,610,382.883677137941
2020-02-13,626,707.283881892155
2020-02-13,1151,556.024204945846
2020-02-13,1105,718.707914643338
2020-02-13,0,1469.31224706095
2020-02-13,885,481.511259641376
2020-02-13,144,210.92950848889
2020-02-13,144,228.000710001951
2020-02-13,125,169.804269240519
2020-02-13,769,250.927745677622
2020-02-13,580,388.572253868603
2020-02-13,769,283.367269697825
2020-02-13,429,446.653081524835
2020-02-13,280,325.228044242899
2020-02-13,697,317.037729241738
2020-02-13,338,297.910814992626
2020-02-13,275,341.675048790763
2020-02-13,583,463.72265679161
2020-02-13,803,431.661548806795
2020-02-13,219,333.183382580857
2020-02-13,687,290.89002156494
2020-02-13,554,739.976058021484
2020-02-13,594,576.706479400833
2020-02-13,631,389.181400577217
2020-02-13,685,226.352821052505
2020-02-13,200,569.454892615173
2020-02-13,809,561.96442265913
2020-02-13,412,495.979686260707
2020-02-13,294,143.23178280111
2020-02-13,447,674.445407062281
2020-02-13,605,342.851646333992
2020-02-13,1178,471.881361256384
2020-02-13,473,370.297861142925
2020-02-13,858,490.202660703127
2020-02-13,809,319.062909416023
2020-02-13,810,619.414389444964
2020-02-13,621,687.166917740725
2020-02-13,595,181.402814972586
2020-02-13,436,382.43500576116
2020-02-13,1020,722.402198966786
2020-02-13,347,887.877629240132
2020-02-13,757,186.021266460044
2020-02-13,1541,438.018533651983
2020-02-13,866,431.760475904038
2020-02-13,739,707.291376303611
2020-02-13,635,594.969587365177
2020-02-13,626,433.585763815641
2020-02-13,428,503.593058543597
2020-02-13,688,193.260530397741
2020-02-13,357,429.484673657333
2020-02-13,668,283.634434707453
2020-02-13,260,326.110929709602
2020-02-13,464,119.413503602944
2020-02-13,298,293.217753565817
2020-02-13,736,182.490418212543
2020-02-13,472,147.969342659088
2020-02-13,296,478.636820389419
2020-02-13,466,83.1780133808367
2020-02-13,283,318.551575141319
2020-02-13,352,431.044018320994
2020-02-13,460,539.318729926258
2020-02-13,153,601.266781515921
2020-02-13,646,231.641526937245
2020-02-13,764,342.327692933708
2020-02-13,634,238.156937863702
2020-02-13,818,489.419173035762
2020-02-13,543,648.073892967788
2020-02-13,777,826.64835274678
2020-02-13,482,521.514566038299
2020-02-13,1030,430.873785345202
2020-02-13,304,889.947801173845
2020-02-13,1687,743.603539640577
2020-02-13,832,408.771657686643
2020-02-13,824,541.140094282569
2020-02-13,377,452.636041197204
2020-02-13,793,792.854190701749
2020-02-13,904,703.907862359914
2020-02-13,620,550.19042531622
2020-02-13,558,387.996182517862
2020-02-13,644,603.902304733577
2020-02-13,1437,516.489470232446
2020-02-13,1149,1153.22019999691
2020-02-13,320,690.346567560419
2020-02-13,1108,1442.0440094591
2020-02-13,790,1116.71607234251
2020-02-13,607,606.739733525863
2020-02-13,963,414.506079770912
2020-02-13,843,759.162924544333
2020-02-13,287,645.491169045332
2020-02-13,873,818.584046807378
2020-02-13,1356,573.12857261809
2020-02-13,638,388.365093435231
2020-02-13,395,425.070513737937
2020-02-13,779,402.765013356271
2020-02-13,536,435.120701576008
2020-02-13,402,601.069662054982
2020-02-13,672,546.309383859938
2020-02-13,579,430.116477286097
2020-02-13,545,460.289951722957
2020-02-13,728,395.176823905489
2020-02-13,846,628.568845217735
2020-02-13,737,506.451727323352
2020-02-13,364,459.789149681867
2020-02-13,886,525.764372669898
2020-02-13,340,368.409639092318
2020-02-13,244,264.669575447271
2020-02-13,473,451.090995998717
2020-02-13,272,487.244460241855
2020-02-13,285,364.440117574084
2020-02-13,515,512.195661203617
2020-02-13,654,343.767746089152
2020-02-13,429,575.506958670458
2020-02-13,576,395.126635264527
2020-02-13,924,623.952792560579
2020-02-13,877,499.351746651196
2020-02-13,727,359.466203936074
2020-02-13,725,615.842210776469
2020-02-13,765,410.919690744274
2020-02-13,366,209.049970303582
2020-02-13,138,228.565765265798
2020-02-13,423,308.465895438214
2020-02-13,419,418.949801017557
2020-02-13,817,398.88868669643
2020-02-13,343,433.678718604377
2020-02-13,316,500.255737776616
2020-02-13,286,515.903677186486
2020-02-13,323,449.450457452709
2020-02-13,440,304.810394754853
2020-02-13,509,296.38420988768
2020-02-13,520,546.044620060788
2020-02-13,386,322.050603965567
2020-02-13,409,380.269896310698
2020-02-13,203,400.654409136968
2020-02-13,310,345.231397008631
2020-02-13,321,293.781245702049
2020-02-13,451,410.568441057111
2020-02-13,412,373.32103116017
2020-02-13,512,299.901126394676
2020-02-13,558,299.292640060383
2020-02-13,697,409.660894519138
2020-02-13,324,485.513082797654
2020-02-13,483,460.66323908457
2020-02-13,503,265.313414585941
2020-02-13,566,278.037812406363
2020-02-13,266,349.731591866102
2020-02-13,676,564.166140455619
2020-02-13,654,428.80826291986
2020-02-13,482,376.849399796844
2020-02-13,688,441.971793017313
2020-02-13,300,603.114457744523
2020-02-13,570,245.858930604802
2020-02-13,194,230.332199936611
2020-02-13,274,229.418554145262
2020-02-13,500,374.648582513325
2020-02-13,270,300.855273149906
2020-02-13,375,518.085338201413
2020-02-13,509,443.13274499364
2020-02-13,519,589.371293133954
2020-02-13,377,366.607413305099
2020-02-13,762,481.349864341687
2020-02-13,338,364.925891543428
2020-02-13,574,683.961026879547
2020-02-13,584,738.159177144723
2020-02-13,1259,324.266520193626
2020-02-13,379,313.674663077304
2020-02-13,296,480.057290677649
2020-02-13,466,412.233721231612
2020-02-13,717,418.341903084999
2020-02-13,702,422.708404306289
2020-02-13,514,459.957377798665
2020-02-13,654,495.80839041903
2020-02-13,360,500.096907035346
2020-02-13,985,397.958928520886
2020-02-13,740,497.857551114438
2020-02-13,723,495.610031628529
2020-02-13,510,504.946798943319
2020-02-13,373,315.411336905878
2020-02-13,473,315.146089625239
2020-02-13,176,492.864921489204
2020-02-13,305,267.131676855161
2020-02-13,455,254.943318076852
2020-02-13,955,513.048362146271
2020-02-13,649,471.920290429718
2020-02-13,436,662.948345422083
2020-02-13,390,537.066989804606
2020-02-13,454,325.068029515153
2020-02-13,730,532.705404818343
2020-02-13,258,339.281434563592
2020-02-13,607,404.767331024865
2020-02-13,204,224.320788823323
2020-02-13,181,206.407651301998
2020-02-13,282,285.766459564836
2020-02-13,170,233.259681013071
2020-02-13,491,279.785440451297
2020-02-13,247,186.135353297348
2020-02-13,355,309.737443863392
2020-02-13,464,384.462491206366
2020-02-13,246,422.175764282523
2020-02-13,393,247.996645713741
2020-02-13,233,262.726171724837
2020-02-13,302,211.435074863876
2020-02-13,168,302.319781970985
2020-02-13,348,212.601999688606
2020-02-13,605,340.935889966942
2020-02-13,305,223.914486218351
2020-02-13,360,224.517774827834
2020-02-13,648,405.504658993518
2020-02-13,528,374.833835683112
2020-02-13,458,375.108714044125
2020-02-13,106,325.152598376856
2020-02-13,397,312.261340867731
2020-02-13,756,564.892828200795
2020-02-13,743,435.881039950301
2020-02-13,299,251.309673306701
2020-02-13,456,441.161840728457
2020-02-13,391,288.117129937105
2020-02-13,617,310.741566706412
2020-02-13,268,290.130427208098
2020-02-13,948,459.909391349368
2020-02-13,650,314.026357360722
2020-02-13,891,357.867947185356
2020-02-13,270,465.968663514707
2020-02-13,253,433.816722743409
2020-02-13,80,258.233146345906
2020-02-13,131,241.933386103442
2020-02-13,546,454.896615009997
2020-02-13,480,431.799883011355
2020-02-13,422,254.920118706821
2020-02-13,474,458.45873186047
2020-02-13,570,319.453356075439
2020-02-13,357,265.124124027449
2020-02-13,374,424.322463492903
2020-02-13,237,314.490106387311
2020-02-13,710,519.275923921092
2020-02-13,221,331.568262796694
2020-02-13,298,426.19592038435
2020-02-13,218,268.237231990036
2020-02-13,519,180.644918269288
2020-02-13,359,424.283158043322
2020-02-13,304,356.564700099202
2020-02-13,217,368.862535308152
2020-02-13,698,266.620092405227
2020-02-13,615,416.878952493554
2020-02-13,414,377.156971610761
2020-02-13,294,226.467037200671
2020-02-13,434,290.699228248053
2020-02-13,292,352.72852940163
2020-02-13,120,116.223476571261
2020-02-13,452,355.261021548479
2020-02-13,332,361.658434453836
2020-02-13,268,242.147583084464
2020-02-13,350,286.570137403517
2020-02-13,459,255.159914437803
2020-02-13,274,278.634092374241
2020-02-13,286,151.407426080069
2020-02-13,107,204.931860878611
2020-02-13,137,155.748937682359
2020-02-13,247,178.328338308557
2020-02-13,564,301.428174334661
2020-02-13,380,371.47105084656
2020-02-13,294,232.62307199238
2020-02-13,216,338.14653473735
2020-02-13,452,243.594337415182
2020-02-13,149,140.197691589974
2020-02-13,250,356.129674687021
2020-02-13,157,295.744183703779
2020-02-13,179,178.559324229114
2020-02-13,362,314.861269785304
2020-02-13,495,249.193402943523
2020-02-13,572,615.250943783008
2020-02-13,373,364.33690493694
2020-02-13,448,401.79958815382
2020-02-13,513,220.37786031147
2020-02-13,474,445.736909297453
2020-02-13,904,529.417864348753
2020-02-13,664,541.360975054127
2020-02-13,752,385.871310893834
2020-02-13,338,247.304858199338
2020-02-13,814,320.403930864116
2020-02-13,308,391.09873388202
2020-02-13,342,489.36108734405
2020-02-13,242,120.874960557586
2020-02-13,201,241.108427107939
2020-02-13,381,196.722786759085
2020-02-13,371,322.762426052149
2020-02-13,427,172.180640434413
2020-02-13,365,233.126721268752
2020-02-13,506,503.806557592934
2020-02-13,449,291.357453143272
2020-02-13,870,290.675163994529
2020-02-13,313,165.041646610251
2020-02-13,332,254.676568554967
2020-02-13,257,272.347749884355
2020-02-13,559,486.33630281086
2020-02-13,501,317.208051769424
2020-02-13,227,197.461360956639
2020-02-13,249,289.213823966728
2020-02-13,227,240.001636361984
2020-02-13,608,284.172834005979
2020-02-13,343,259.173812194788
2020-02-13,741,657.989378053454
2020-02-13,856,410.79753227634
2020-02-13,609,327.970522849268
2020-02-13,388,484.503918459048
2020-02-13,525,442.131157891386
2020-02-13,531,232.651248618999
2020-02-13,440,310.719625430665
2020-02-13,266,274.628244289719
2020-02-13,422,559.703690957246
2020-02-13,1200,442.064375474368
2020-02-13,468,416.079987968438
2020-02-13,587,410.228394384423
2020-02-13,658,427.040090462325
2020-02-13,331,318.139866931743
2020-02-13,302,274.801834811385
2020-02-13,687,448.160847007779
2020-02-13,411,479.243227339764
2020-02-13,526,223.928832424841
2020-02-13,260,169.180586532583
2020-02-13,238,213.588457384324
2020-02-13,195,200.474138864276
2020-02-13,518,614.344422210774
2020-02-13,516,296.830397929306
2020-02-13,607,601.229640679055
2020-02-13,788,398.890259536872
2020-02-13,1204,445.087164952239
2020-02-13,650,255.739044324435
2020-02-13,586,399.614581780128
2020-02-13,447,415.0995503387
2020-02-13,385,427.477032358149
2020-02-13,354,568.01669065836
2020-02-13,152,677.26504386071
2020-02-13,916,715.054112575365
2020-02-13,611,691.288974043208
2020-02-13,470,324.887885631741
2020-02-13,409,275.750166577164
2020-02-13,267,458.774480480108
2020-02-13,468,330.816530100853
2020-02-13,494,305.956501460277
2020-02-13,495,334.015412548234
2020-02-13,405,475.06437778735
2020-02-13,333,309.500342320127
2020-02-13,411,403.440518716418
2020-02-13,372,456.472570928907
2020-02-13,349,383.914082971734
2020-02-13,354,255.200725622773
2020-02-13,512,335.365720420114
2020-02-13,401,314.926836918295
2020-02-13,230,564.668277623357
2020-02-13,958,480.021982648112
2020-02-13,371,493.909784962838
2020-02-13,317,181.021852864556
2020-02-13,368,564.909173566041
2020-02-13,746,848.99883722937
2020-02-13,835,791.965653543449
2020-02-13,387,351.584128308735
2020-02-13,339,338.503385433737
2020-02-13,630,370.893890245544
2020-02-13,489,396.619614665389
2020-02-13,412,363.606631213107
2020-02-13,658,445.23607453018
2020-02-13,248,329.94546018326
2020-02-13,267,349.148740367056
2020-02-13,388,231.081528801921
2020-02-13,403,424.78755680553
2020-02-13,282,298.658310139599
2020-02-13,286,293.879147358517
2020-02-13,523,245.004192770417
2020-02-13,385,407.475626792993
2020-02-13,658,358.421617747399
2020-02-13,191,353.468185479446
2020-02-13,627,309.804233024464
2020-02-13,433,445.186496677676
2020-02-13,255,249.749536831476
2020-02-13,509,230.704115079968
2020-02-13,220,211.424158399097
2020-02-13,167,287.607462677401
2020-02-13,558,568.570685744545
2020-02-13,315,230.986103865386
2020-02-13,572,492.928427846698
2020-02-13,444,401.924342633312
2020-02-13,801,300.259845874443
2020-02-13,267,424.425275887332
2020-02-13,423,539.533456395423
2020-02-13,500,274.725413332712
2020-02-13,589,397.26859846795
2020-02-13,403,312.379839137078
2020-02-13,304,398.836051073779
2020-02-13,254,333.875063249014
2020-02-13,518,181.747199697043
2020-02-13,516,261.2713977393
2020-02-13,446,554.945065426113
2020-02-13,582,322.119370812086
2020-02-13,806,563.646821839752
2020-02-13,577,407.28174656758
2020-02-13,610,328.172063415576
2020-02-13,364,536.258630033872
2020-02-13,251,250.454632164079
2020-02-13,442,366.991806220348
2020-02-13,294,316.091701490258
2020-02-13,430,282.534040197613
2020-02-13,295,289.618722887411
2020-02-13,416,281.310769747669
2020-02-13,332,291.363978431935
2020-02-13,633,442.199093943089
2020-02-13,667,435.956173431889
2020-02-13,572,330.572863892618
2020-02-13,486,409.056446188419
2020-02-13,338,351.668890081059
2020-02-13,335,399.396783294287
2020-02-13,268,449.428124902029
2020-02-13,382,250.694074822038
2020-02-13,675,403.221348097597
2020-02-13,139,253.867260362449
2020-02-13,446,289.886763571448
2020-02-13,355,470.327048063343
2020-02-13,439,443.267709404408
2020-02-13,691,605.360189443499
2020-02-13,496,261.232358916222
2020-02-13,519,611.580305563539
2020-02-13,470,410.856695380932
2020-02-13,617,505.675851150275
2020-02-13,385,519.312949972968
2020-02-13,642,326.599678387382
2020-02-13,346,422.142468494129
2020-02-13,435,393.895368151322
2020-02-13,558,356.514063146822
2020-02-13,317,385.359061999109
2020-02-13,318,442.251114323623
2020-02-13,338,236.199460617388
2020-02-13,319,366.000743758133
2020-02-13,289,321.606599410549
2020-02-13,640,632.607893397604
2020-02-13,744,589.733020379557
2020-02-13,457,343.887632706965
2020-02-13,678,554.136253281885
2020-02-13,350,231.914929483409
2020-02-13,428,556.527537727207
2020-02-13,707,257.673865359757
2020-02-13,266,312.46700758781
2020-02-13,208,362.710537505532
2020-02-13,608,441.450310870077
2020-02-13,356,273.75312777442
2020-02-13,506,386.547205905844
2020-02-13,481,251.228037716516
2020-02-13,334,252.342082597326
2020-02-13,666,302.562898632639
2020-02-13,214,263.940216095768
2020-02-13,483,402.580766475279
2020-02-13,309,375.558774337856
2020-02-13,294,257.253924564187
2020-02-13,286,260.892345917843
2020-02-13,190,175.157860834066
2020-02-13,228,265.608609488441
2020-02-13,449,248.600811791497
2020-02-13,535,348.571728737698
2020-02-13,344,300.790306832786
2020-02-13,297,198.421650210777
2020-02-13,415,239.555713464449
2020-02-13,263,344.419442508855
2020-02-13,374,226.041325372132
2020-02-13,289,128.216382996702
2020-02-13,533,437.099127248611
2020-02-13,427,309.923599030247
2020-02-13,299,351.182606588099
2020-02-13,455,362.623850517469
2020-02-13,282,243.292601919278
2020-02-13,217,294.245501888964
2020-02-13,311,193.898235817571
2020-02-13,401,321.96463169418
2020-02-13,551,322.699189800746
2020-02-13,419,290.714972252715
2020-02-13,396,314.811517049593
2020-02-13,305,287.786907726221
2020-02-13,200,389.945741695825
2020-02-13,468,320.033625723768
2020-02-13,483,432.248029390598
2020-02-13,570,360.955729605167
2020-02-13,365,555.341771017083
2020-02-13,451,278.71164732419
2020-02-13,594,383.353134364396
2020-02-13,477,284.239958015117
2020-02-13,409,385.304316338293
2020-02-13,329,256.503263660958
2020-02-13,449,324.53101378418
2020-02-13,332,255.368270838824
2020-02-13,406,299.330873837135
2020-02-13,559,270.238774454958
2020-02-13,157,438.847031906455
2020-02-13,495,325.984985638904
2020-02-13,272,359.935472265192
2020-02-13,173,355.067453467457
2020-02-13,341,410.852743758203
2020-02-13,502,288.99920196876
2020-02-13,574,383.382398283475
2020-02-13,691,614.828169936735
2020-02-13,411,850.569282800967
2020-02-13,309,445.409171165338
2020-02-13,389,240.134970344842
2020-02-13,404,273.563453336233
2020-02-13,529,358.987311815978
2020-02-13,656,401.879822053061
2020-02-13,260,253.237801320096
2020-02-13,309,347.38527213958
2020-02-13,214,182.485485714832
2020-02-13,360,227.090146002417
2020-02-13,138,203.666299168613
2020-02-13,371,257.474002756512
2020-02-13,204,309.137839230279
2020-02-13,449,228.421504342145
2020-02-13,257,320.987273390278
2020-02-13,542,313.866633216484
2020-02-13,145,174.686429220017
2020-02-13,119,220.137434173873
2020-02-13,376,168.069182757106
2020-02-13,254,174.568941520968
2020-02-13,599,233.551345405944
2020-02-13,72,275.993764473522
2020-02-13,87,225.775077771155
2020-02-13,235,141.586472992829
2020-02-13,299,153.656840530147
2020-02-13,439,117.19057328432
2020-02-13,120,127.781006201997
2020-02-13,215,168.096861406446
2020-02-13,345,189.517279216525
2020-02-13,307,142.930325463592
2020-02-13,187,254.362036486083
2020-02-13,214,161.742749555148
2020-02-13,106,158.291768723715
2020-02-13,325,186.784954811848
2020-02-13,188,416.032427010572
2020-02-13,737,286.813588054395
2020-02-13,101,319.669049934955
2020-02-13,477,355.676294107469
2020-02-13,266,251.630891988557
2020-02-13,474,294.735670215955
2020-02-13,356,290.121835885338
2020-02-13,466,301.430607218606
2020-02-13,199,288.399751259275
2020-02-13,795,293.572815082831
2020-02-13,106,336.305000956348
2020-02-13,192,316.889516201031
2020-02-13,367,92.4750131027825
2020-02-13,204,215.190507248103
2020-02-13,447,280.730481925147
2020-02-13,454,239.427422601449
2020-02-13,278,214.944802213774
2020-02-13,94,243.295998891963
2020-02-13,380,254.520868234229
2020-02-13,165,212.842500482942
2020-02-13,408,110.076862728047
2020-02-13,297,148.697388825424
2020-02-13,184,179.593013422748
2020-02-13,73,170.922663031689
2020-02-13,181,281.635138838201
2020-02-13,338,178.854204416188
2020-02-13,5,443.184125153208
2020-02-13,62,234.554661291602
2020-02-13,884,219.808668447987
2020-02-13,313,346.941986698464
2020-02-13,255,741.11674951383
2020-02-13,756,397.751530348141
2020-02-13,1014,584.456392643119
2020-02-13,974,500.900338895373
2020-02-13,733,532.031061838477
2020-02-13,785,418.842682963689
2020-02-13,698,840.950117601541
2020-02-13,686,345.732269985005
2020-02-13,747,314.277501084724
2020-02-13,327,256.224587683969
2020-02-13,242,278.869702498481
2020-02-13,285,296.636071804321
2020-02-13,661,231.321196192457
2020-02-13,203,290.882722011309
2020-02-13,537,372.200920638584
2020-02-13,201,445.134066329707
2020-02-13,415,288.701689789936
2020-02-13,521,266.092628438885
2020-02-13,331,573.010591568323
2020-02-13,710,285.206985945909
2020-02-13,396,434.842448940573
2020-02-13,617,472.182361442658
2020-02-13,231,362.372042292782
2020-02-13,386,510.521583979255
2020-02-13,344,303.027335858544
2020-02-13,119,150.470384822885
2020-02-13,237,296.269776981966
2020-02-13,466,325.707259627705
2020-02-13,280,251.15496650085
2020-02-13,63,106.400341039448
2020-02-13,202,122.394395894631
2020-02-13,261,297.71080928383
2020-02-13,423,263.280947182767
2020-02-13,383,233.467028927004
2020-02-13,323,289.662147664967
2020-02-13,266,318.219737057721
2020-02-13,567,514.525717728541
2020-02-13,476,226.714063733017
2020-02-13,409,278.049405923051
2020-02-13,516,402.210557453435
2020-02-13,293,259.866931752736
2020-02-13,434,510.30906254744
2020-02-13,735,395.095826907394
2020-02-13,686,428.652101362024
2020-02-13,636,424.529228599364
2020-02-13,437,266.158057122262
2020-02-13,435,303.607867854985
2020-02-13,533,342.781805375784
2020-02-13,338,457.537209538047
2020-02-13,330,578.623159187201
2020-02-13,896,406.802065358022
2020-02-13,891,543.392056649305
2020-02-13,620,443.221595593667
2020-02-13,700,524.653434353707
2020-02-13,349,324.051284672239
2020-02-13,410,308.311033799114
2020-02-13,185,230.205577447518
2020-02-13,523,359.132550055875
2020-02-13,353,302.041351448359
2020-02-13,372,332.186929784249
2020-02-13,269,324.937953122422
2020-02-13,497,252.017718468944
2020-02-13,667,336.112406418185
2020-02-13,321,240.13050256849
2020-02-13,779,601.599535927386
2020-02-13,192,380.934002683749
2020-02-13,844,410.357565786141
2020-02-13,333,465.424279218452
2020-02-13,374,379.255865568615
2020-02-13,416,376.501646144914
2020-02-13,486,412.862623732935
2020-02-13,332,490.641803541348
2020-02-13,476,443.17912849478
2020-02-13,274,299.627839157068
2020-02-13,384,455.942228627149
2020-02-13,622,357.935650753221
2020-02-13,584,358.894317882829
2020-02-13,766,385.064056412477
2020-02-13,431,379.817563825814
2020-02-13,288,400.40488100695
2020-02-13,421,306.89198786022
2020-02-13,361,333.168968624648
2020-02-13,326,367.198306754849
2020-02-13,230,208.788691872567
2020-02-13,717,340.513150698395
2020-02-13,660,402.983272347815
2020-02-13,334,398.985417648982
2020-02-13,488,485.103304082449
2020-02-13,606,332.861442244361
2020-02-13,658,391.581160797251
2020-02-13,306,430.704727410433
2020-02-13,475,438.533062903178
2020-02-13,269,357.771667585602
2020-02-13,817,413.074163161247
2020-02-13,334,483.471702652029
2020-02-13,577,342.416477887199
2020-02-13,265,328.229972140413
2020-02-13,592,538.442213954249
2020-02-13,332,584.858494414974
2020-02-13,404,403.57907906049
2020-02-13,307,367.825610804406
2020-02-13,528,316.936822902411
2020-02-13,639,651.401761739978
2020-02-13,400,322.950088517071
2020-02-13,350,282.829774301443
2020-02-13,423,314.852200998383
2020-02-13,286,230.636447761773
2020-02-13,323,207.440233528761
2020-02-13,384,342.454687910532
2020-02-13,446,211.438487156523
2020-02-13,287,440.437400269611
2020-02-13,496,305.106707230886
2020-02-13,326,373.784576131425
2020-02-13,161,293.940718928427
2020-02-13,219,171.113946184118
2020-02-13,141,317.143128552529
2020-02-13,125,185.983920178214
2020-02-13,227,164.66267896546
2020-02-13,246,287.157667438564
2020-02-13,530,364.00644874294
2020-02-13,370,495.628445330278
2020-02-13,477,303.739758034122
2020-02-13,378,189.043326583974
2020-02-13,352,457.54462394453
2020-02-13,595,356.406365165227
2020-02-13,276,312.537015980308
2020-02-13,460,286.719374604798
2020-02-13,295,416.30663551337
2020-02-13,884,508.714143752929
2020-02-13,289,365.514443614616
2020-02-13,532,241.746754657915
2020-02-13,641,470.746029276446
2020-02-13,358,515.26544776675
2020-02-13,602,291.933823296483
2020-02-13,483,471.821268748157
2020-02-13,552,253.347240682049
2020-02-13,584,257.044256398796
2020-02-13,223,309.992889796627
2020-02-13,455,349.843336948626
2020-02-13,447,596.726695308684
2020-02-13,298,235.881893454419
2020-02-13,568,417.606834398204
2020-02-13,287,311.521038399818
2020-02-13,742,275.841315770617
2020-02-13,341,372.053341616749
2020-02-13,342,326.06514687647
2020-02-13,688,331.249065804708
2020-02-13,413,349.972541491711
2020-02-13,296,371.587888208812
2020-02-13,287,428.48523434267
2020-02-13,891,330.284453818464
2020-02-13,511,587.575804621217
2020-02-13,537,578.740826122124
2020-02-13,615,482.79732275284
2020-02-13,657,351.449265892237
2020-02-13,416,403.286137144512
2020-02-13,586,483.045744348863
2020-02-13,132,272.014729416645
2020-02-13,407,319.755810224769
2020-02-13,254,439.701260895325
2020-02-13,138,303.662009988345
2020-02-13,274,502.978272053322
2020-02-13,251,386.991579696593
2020-02-13,689,299.327036250273
2020-02-13,547,362.830728729874
2020-02-13,242,330.530177965258
2020-02-13,532,303.69668960737
2020-02-13,252,293.457859046049
2020-02-13,614,477.270663914916
2020-02-13,147,341.236712320436
2020-02-13,420,281.419605435188
2020-02-13,158,209.64279926209
2020-02-13,381,280.351399688906
2020-02-13,239,273.143479719859
2020-02-13,302,315.109579409995
2020-02-13,145,348.925964256567
2020-02-13,273,226.123421266095
2020-02-13,384,222.128179572283
2020-02-13,399,926.396943911658
2020-02-13,496,445.503454803504
2020-02-13,542,455.876034617263
2020-02-13,218,256.23006565311
2020-02-13,848,496.543584540975
2020-02-13,511,457.162018990834
2020-02-13,687,467.777654796833
2020-02-13,344,383.117385495285
2020-02-13,536,589.793258359469
2020-02-13,629,334.528151540463
2020-02-13,209,246.425062391941
2020-02-13,296,231.079990432699
2020-02-13,654,414.317457708461
2020-02-13,258,254.19620893286
2020-02-13,658,344.789239650288
2020-02-13,376,334.520734884452
2020-02-13,400,385.194827706165
2020-02-13,532,412.268700512118
2020-02-13,147,403.554810022516
2020-02-13,253,198.69019740246
2020-02-13,333,340.455489972145
2020-02-13,254,309.473986159295
2020-02-13,783,568.127064802722
2020-02-13,744,508.667885387618
2020-02-13,107,460.455544748744
2020-02-13,743,479.489344722634
2020-02-13,623,537.153035010635
2020-02-13,176,372.147505480953
2020-02-13,459,334.469051951645
2020-02-13,683,495.015505440154
2020-02-13,486,548.701401850955
2020-02-13,594,501.667263883788
2020-02-13,416,323.802401206008
2020-02-13,305,225.795797673672
2020-02-13,249,181.358351764145
2020-02-13,384,212.813769676803
2020-02-13,300,429.510601008048
2020-02-13,291,427.497403277502
2020-02-13,465,374.242895970643
2020-02-13,548,265.805357544755
2020-02-13,262,242.748973400881
2020-02-13,234,405.82762560981
2020-02-13,1047,892.764855824282
2020-02-13,443,357.237783337839
2020-02-13,561,560.537267351264
2020-02-13,635,559.468484539953
2020-02-13,991,799.126743620969
2020-02-13,958,600.305923224102
2020-02-13,672,626.365919539387
2020-02-13,750,1301.90817263648
2020-02-13,425,373.25683142067
2020-02-13,729,677.323523363245
2020-02-13,208,1061.34649489411
2020-02-13,473,541.768636050062
2020-02-13,509,441.419032096614
2020-02-13,1188,438.115715639279
2020-02-13,664,658.481218455243
2020-02-13,201,527.524597621628
2020-02-13,878,1170.83647572364
2020-02-13,311,364.285945335067
2020-02-13,374,481.226991880084
2020-02-13,588,682.136263887513
2020-02-13,655,397.571574235093
2020-02-13,497,442.605660386289
2020-02-13,607,415.123994345106
2020-02-13,297,243.95457079478
2020-02-13,906,508.100612226054
2020-02-13,1105,661.544872450027
2020-02-13,562,706.328961913961
2020-02-13,639,537.177477718076
2020-02-13,390,243.926042686869
2020-02-13,645,539.556792624512
2020-02-13,563,394.841290834896
2020-02-13,545,340.023600535218
2020-02-13,500,597.343715736171
2020-02-13,261,394.838501078686
2020-02-13,343,399.006142939852
2020-02-13,812,570.707519288698
2020-02-13,759,507.866079944419
2020-02-13,696,736.681937218356
2020-02-13,379,861.548777624361
2020-02-13,743,561.79334205557
2020-02-13,407,405.859788591157
2020-02-13,393,307.109460829828
2020-02-13,547,426.033252867164
2020-02-13,442,1031.50258915211
2020-02-13,0,332.311764864737
2020-02-13,0,531.80101536982
2020-02-13,0,149.992594587308
2020-02-13,532,593.80333294978
2020-02-13,234,601.23948542998
2020-02-13,397,502.920502334447
2020-02-13,270,326.843935086216
2020-02-13,238,401.443818912597
2020-02-13,194,383.374155811029
2020-02-13,869,321.558442726652
2020-02-13,344,505.768380036458
2020-02-13,255,575.283187576779
2020-02-13,1092,708.178306456844
2020-02-13,1105,343.354171483993
2020-02-13,901,740.570182147708
2020-02-13,317,676.743381063896
2020-02-13,477,894.143216947934
2020-02-13,479,457.762331694344
2020-02-13,726,293.679895657401
2020-02-13,488,438.772814911344
2020-02-13,532,476.400933508896
2020-02-13,579,577.920189837331
2020-02-13,1040,817.920386995918
2020-02-13,818,471.741785255
2020-02-13,1371,973.999688693925
2020-02-13,454,766.028197793547
2020-02-13,1480,781.959856170224
2020-02-13,789,337.217261698621
2020-02-13,588,676.681434103923
2020-02-13,679,851.631796701031
2020-02-13,1073,725.436295692531
2020-02-13,912,405.276538265753
2020-02-13,474,884.622604941225
2020-02-13,342,526.949011601811
2020-02-13,1025,781.910742855254
2020-02-13,918,530.863330897271
2020-02-13,832,383.707612738784
2020-02-13,757,1207.82721150292
2020-02-13,789,607.364656738503
2020-02-13,246,1403.47049424477
2020-02-13,460,726.637773971974
2020-02-13,1444,1041.57252440023
2020-02-13,685,576.005769742687
2020-02-13,901,717.932463869465
2020-02-13,1240,466.166528593259
2020-02-13,155,424.056751415631
2020-02-13,528,581.82528348623
2020-02-13,703,699.388229266753
2020-02-13,746,563.949838243896
2020-02-13,590,652.202720670554
2020-02-13,338,323.725518091802
2020-02-13,378,235.906907718721
2020-02-13,420,202.02488669999
2020-02-13,319,653.370975038101
2020-02-13,877,943.615657492851
2020-02-13,946,1012.31636271241
2020-02-13,1172,673.89035083553
2020-02-13,1211,903.155380320472
2020-02-13,1124,868.276883091732
2020-02-13,2376,1687.64282648993
2020-02-13,1951,951.899739178644
2020-02-13,501,517.674187605738
2020-02-13,749,484.793998007329
2020-02-13,583,606.30388881411
2020-02-13,539,354.69339496913
2020-02-13,570,610.872347532727
2020-02-13,758,455.549710347211
2020-02-13,653,532.37740460736
2020-02-13,733,522.688269630714
2020-02-13,838,593.101370369943
2020-02-13,567,332.15735919379
2020-02-13,581,405.931190875334
2020-02-13,414,475.853021647542
2020-02-13,796,708.110104725337
2020-02-13,528,580.670729917747
2020-02-13,402,356.040939833721
2020-02-13,705,889.294803384222
2020-02-13,1618,1495.04796571014
2020-02-13,1944,907.899663076423
2020-02-13,1184,883.540723037684
2020-02-13,1293,817.743334197786
2020-02-13,874,884.204221930308
2020-02-13,3871,1438.6143719133
2020-02-13,1772,751.542337621473
2020-02-13,148,1089.92245011007
2020-02-13,618,218.15769406141
2020-02-13,382,232.300026391407
2020-02-13,329,492.754913464666
2020-02-13,288,483.217295245288
2020-02-13,437,400.600701655893
2020-02-13,634,281.648866121262
2020-02-13,931,649.338097403106
2020-02-13,508,674.452759110394
2020-02-13,560,451.043201511666
2020-02-13,785,487.389455035035
2020-02-13,604,456.315285843925
2020-02-13,517,334.365498802651
2020-02-13,661,724.501487373949
2020-02-13,833,526.75380100687
2020-02-13,386,382.988739827863
2020-02-13,757,447.240956856523
2020-02-13,827,528.221994801456
2020-02-13,991,436.552719058138
2020-02-13,825,638.099895247734
2020-02-13,1186,446.880754002997
2020-02-13,615,501.412868737536
2020-02-13,1093,538.830565400791
2020-02-13,702,270.549356519594
2020-02-13,925,652.533542938384
2020-02-13,847,444.066635556934
2020-02-13,982,751.814674591767
2020-02-13,959,550.77750847339
2020-02-13,454,465.379057615652
2020-02-13,832,510.509619842078
2020-02-13,451,407.239823042683
2020-02-13,526,566.004510223903
2020-02-13,814,728.704163835184
2020-02-13,319,460.513572015855
2020-02-13,681,595.0421779951
2020-02-13,521,416.007184568454
2020-02-13,1076,541.885970018535
2020-02-13,728,982.49089920708
2020-02-13,729,478.760643810894
2020-02-13,408,271.504777253896
2020-02-13,742,417.30822615824
2020-02-13,856,367.893562215872
2020-02-13,657,573.403740324488
2020-02-13,879,397.710386658914
2020-02-13,600,545.605557444701
2020-02-13,608,614.908331302252
2020-02-13,574,330.026884136836
2020-02-13,621,568.902277567166
2020-02-13,1061,933.801706079889
2020-02-13,537,838.251281690495
2020-02-13,1178,648.175044071142
2020-02-13,512,766.991992895426
2020-02-13,432,448.81112782652
2020-02-13,794,492.512696082409
2020-02-13,528,326.911305964213
2020-02-13,683,324.562411831875
2020-02-13,335,583.640150173606
2020-02-13,532,850.444559223519
2020-02-13,818,591.847531185939
2020-02-13,675,648.090452375983
2020-02-13,481,509.286808229038
2020-02-13,815,698.814608621895
2020-02-13,1274,848.058687505107
2020-02-13,1449,1114.03960029881
2020-02-13,1367,892.853107656435
2020-02-13,1403,611.79206874324
2020-02-13,911,541.479046921358
2020-02-13,898,581.863757645683
2020-02-13,861,713.374307907481
2020-02-13,1058,443.716204329473
2020-02-13,412,926.943149633855
2020-02-13,963,1587.95376539086
2020-02-13,276,762.844357521481
2020-02-13,1827,547.107429769016
2020-02-13,1080,446.952605945161
2020-02-13,524,776.649866021599
2020-02-13,882,625.875182187159
2020-02-13,1180,1411.54112111495
2020-02-13,1275,644.596597256184
2020-02-13,668,684.47502845745
2020-02-13,401,389.659486502849
2020-02-13,1038,608.96067012648
2020-02-13,908,393.687898484453
2020-02-13,387,702.57330140362
2020-02-13,963,633.15241130916
2020-02-13,21,576.104690395078
2020-02-13,617,235.382151547578
2020-02-13,477,446.523447315056
2020-02-13,874,575.40206842318
2020-02-13,320,631.666539384592
2020-02-13,993,610.708368410739
2020-02-13,362,418.138714201131
2020-02-13,488,461.621722101035
2020-02-13,364,489.317347807359
2020-02-13,500,436.60457425336
2020-02-13,360,303.649269252931
2020-02-13,369,372.729357352645
2020-02-13,794,432.474051842348
2020-02-13,722,455.294093424317
2020-02-13,889,422.789189480666
2020-02-13,653,637.443905232039
2020-02-13,653,375.587394755441
2020-02-13,621,439.935547934964
2020-02-13,907,529.329205837834
2020-02-13,596,453.618386166215
2020-02-13,507,493.674518092366
2020-02-13,1050,424.218002016901
2020-02-13,510,519.100617517247
2020-02-13,547,403.039628530965
2020-02-13,736,467.34910153476
2020-02-13,773,737.82917323188
2020-02-13,656,354.32070043691
2020-02-13,585,199.643110201503
2020-02-13,482,176.734144968266
2020-02-13,393,224.072598177369
2020-02-13,551,423.549738391549
2020-02-13,785,464.225290132726
2020-02-13,443,284.664269827819
2020-02-13,633,672.949388505461
2020-02-13,1504,592.070876932562
2020-02-13,480,843.339438381012
2020-02-13,524,568.858386746564
2020-02-13,854,336.340579185579
2020-02-13,178,806.580996877001
2020-02-13,1111,660.188466099331
2020-02-13,1387,1111.4862187551
2020-02-13,1151,473.739890702661
2020-02-13,808,550.289690641342
2020-02-13,1084,448.60248999191
2020-02-13,1865,649.36933770917
2020-02-13,486,481.867522326367
2020-02-13,620,574.752888042491
2020-02-13,408,531.539383418796
2020-02-13,450,532.553079791669
2020-02-13,996,779.001978413093
2020-02-13,1816,1014.0601521301
2020-02-13,755,753.686419383994
2020-02-13,1066,627.72224326505
2020-02-13,530,619.574949674316
2020-02-13,896,559.656121315589
2020-02-13,1065,351.587735121251
2020-02-13,419,735.138951973285
2020-02-13,562,446.513601323391
2020-02-13,352,454.374427496025
2020-02-13,264,244.19224279139
2020-02-13,1219,313.065148112716
2020-02-13,489,474.643941841412
2020-02-13,1112,306.962761101292
2020-02-13,592,235.771289110493
2020-02-13,642,381.860749411844
2020-02-13,675,396.348500653727
2020-02-13,294,432.083450325478
2020-02-13,426,353.135913010265
2020-02-13,481,375.191278655642
2020-02-13,771,502.785485713273
2020-02-13,490,358.619208447806
2020-02-13,403,234.584242442071
2020-02-13,238,455.560424140818
2020-02-13,461,149.491338026212
2020-02-13,307,407.850253566224
2020-02-13,162,259.524849878315
2020-02-13,277,203.815144038759
2020-02-13,398,365.240736218973
2020-02-13,461,417.570703953048
2020-02-13,80,402.874730725991
2020-02-13,229,280.137309732308
2020-02-13,915,246.230161845003
2020-02-13,472,341.273975553607
2020-02-13,288,219.061441341396
2020-02-13,513,211.257884145405
2020-02-13,414,287.409427271521
2020-02-13,64,212.66971079002
2020-02-13,261,126.225997634939
2020-02-13,192,156.165632198664
2020-02-13,183,207.807192409137
2020-02-13,202,194.262525955372
2020-02-13,442,216.204517977381
2020-02-13,133,318.619205644659
2020-02-13,191,171.498888593038
2020-02-13,182,188.403743509117
2020-02-13,564,258.866336072374
2020-02-13,198,201.430166801051
2020-02-13,201,190.184084580755
2020-02-13,207,152.169088035477
2020-02-13,183,219.839424476931
2020-02-13,476,152.140108973701
2020-02-13,520,329.091769325493
2020-02-13,135,198.317649510733
2020-02-13,98,250.635871464625
2020-02-13,127,128.913948598504
2020-02-13,103,217.237999016486
2020-02-13,397,332.149734375592
2020-02-13,561,344.602849400049
2020-02-13,547,386.287409974574
2020-02-13,564,279.628880480255
2020-02-13,338,368.920828582716
2020-02-13,332,337.366733010788
2020-02-13,561,267.015987761436
2020-02-13,390,242.215263114503
2020-02-13,283,346.680896103815
2020-02-13,559,534.005528264256
2020-02-13,169,240.104431425092
2020-02-13,592,412.575297567202
2020-02-13,337,387.930062743357
2020-02-13,997,666.01368387027
2020-02-13,480,754.622566743256
2020-02-13,489,466.402621354184
2020-02-13,905,573.863920051255
2020-02-13,486,419.53517720882
2020-02-13,732,574.600560936046
2020-02-13,615,404.415228428138
2020-02-13,869,653.147311848616
2020-02-13,712,529.872279071664
2020-02-13,1075,349.855636901163
2020-02-13,575,95.4697921410854
2020-02-13,233,194.174124408661
2020-02-13,229,231.319780030125
2020-02-13,523,283.712192608075
2020-02-13,404,215.980252199011
2020-02-13,653,486.679832031218
2020-02-13,773,277.61523489346
2020-02-13,521,275.105066508253
2020-02-13,414,401.163260901496
2020-02-13,428,362.444277341975
2020-02-13,232,304.923494826096
2020-02-13,655,208.362169868661
2020-02-13,335,383.090827565447
2020-02-13,584,586.192416300133
2020-02-13,876,535.337911972511
2020-02-14,174,260.028473432533
2020-02-14,472,107.967735524775
2020-02-14,251,224.148447816691
2020-02-14,446,194.658959975329
2020-02-14,103,230.334412651422
2020-02-14,197,210.10118067273
2020-02-14,139,121.945618480629
2020-02-14,251,171.964961449678
2020-02-14,236,160.531710133491
2020-02-14,130,162.356539829336
2020-02-14,484,283.143971812375
2020-02-14,176,248.320875141151
2020-02-14,636,336.031600732873
2020-02-14,150,443.387733364576
2020-02-14,444,230.063797842385
2020-02-14,230,273.607177535608
2020-02-14,338,226.467868237718
2020-02-14,212,250.289036611337
2020-02-14,201,297.467769468582
2020-02-14,333,197.426519653903
2020-02-14,273,176.083201217109
2020-02-14,217,200.157827886645
2020-02-14,532,326.79407515345
2020-02-14,356,382.800603963734
2020-02-14,185,238.701567623923
2020-02-14,360,259.199873618146
2020-02-14,388,200.630043511879
2020-02-14,301,284.530842573794
2020-02-14,145,224.816610177774
2020-02-14,178,202.484615036365
2020-02-14,322,281.635817972187
2020-02-14,566,212.205475081396
2020-02-14,375,344.831577216666
2020-02-14,372,247.630526487857
2020-02-14,199,350.24057103674
2020-02-14,256,181.250573339662
2020-02-14,206,322.419717889009
2020-02-14,148,311.944389837232
2020-02-14,180,191.132967503934
2020-02-14,329,240.970433132673
2020-02-14,193,287.593644656562
2020-02-14,233,166.839881275441
2020-02-14,243,177.4385605393
2020-02-14,241,139.468235022046
2020-02-14,232,252.200434702872
2020-02-14,303,163.902012247348
2020-02-14,239,208.226025989216
2020-02-14,250,288.163358893633
2020-02-14,397,247.960453427648
2020-02-14,138,163.453712018912
2020-02-14,105,232.869683626963
2020-02-14,434,266.608405275425
2020-02-14,351,238.422343788433
2020-02-14,245,219.932838237645
2020-02-14,358,184.931255127161
2020-02-14,276,164.133121902522
2020-02-14,105,160.592545563029
2020-02-14,138,110.279058339005
2020-02-14,126,156.509691663381
2020-02-14,80,157.97652793533
2020-02-14,125,166.612615063936
2020-02-14,91,156.977418455809
2020-02-14,146,204.551754645955
2020-02-14,229,245.764123562929
2020-02-14,184,268.366191985474
2020-02-14,320,214.983740717051
2020-02-14,232,210.731021755747
2020-02-14,231,219.596267978132
2020-02-14,297,161.502325544126
2020-02-14,104,150.933667427825
2020-02-14,136,207.200657503224
2020-02-14,42,124.50503981708
2020-02-14,272,93.8015631879994
2020-02-14,176,162.049779319246
2020-02-14,209,183.529950580585
2020-02-14,407,236.572310476997
2020-02-14,380,189.515108296622
2020-02-14,284,199.153636862148
2020-02-14,204,184.899245930539
2020-02-14,0,594.05246867001
2020-02-14,255,179.806749281733
2020-02-14,128,164.001102494966
2020-02-14,73,148.757911174877
2020-02-14,128,138.48561639737
2020-02-14,115,98.8477346029714
2020-02-14,136,113.023219847825
2020-02-14,21,368.674392558845
2020-02-14,137,110.921786820547
2020-02-14,196,153.274905402076
2020-02-14,289,228.280372464349
2020-02-14,455,247.48679675941
2020-02-14,270,406.340484778542
2020-02-14,418,345.909260080532
2020-02-14,107,405.326615963068
2020-02-14,269,278.350485595458
2020-02-14,428,274.777493119959
2020-02-14,295,129.186733643151
2020-02-14,327,225.897916527753
2020-02-14,362,295.852906786706
2020-02-14,373,186.811252236135
2020-02-14,429,291.753937468487
2020-02-14,311,182.335328589946
2020-02-14,284,203.328992736788
2020-02-14,393,270.204029405063
2020-02-14,417,280.134792784261
2020-02-14,338,273.340096705275
2020-02-14,267,217.108565083397
2020-02-14,627,205.382390444784
2020-02-14,344,248.68932513954
2020-02-14,230,218.684410721618
2020-02-14,184,215.072592267514
2020-02-14,436,308.873807297345
2020-02-14,344,249.272299129134
2020-02-14,217,260.304104728154
2020-02-14,176,246.023827791076
2020-02-14,318,252.621940074837
2020-02-14,373,244.893082845974
2020-02-14,326,114.96397621894
2020-02-14,95,195.508314700849
2020-02-14,167,101.106838582467
2020-02-14,139,143.025674093641
2020-02-14,139,130.399625340169
2020-02-14,183,127.029498092975
2020-02-14,148,165.395527834175
2020-02-14,121,176.306681816394
2020-02-14,126,270.222240392315
2020-02-14,147,207.590150792816
2020-02-14,164,205.217126197479
2020-02-14,282,246.596971099107
2020-02-14,456,240.959005854432
2020-02-14,265,320.252681608462
2020-02-14,215,241.284967139567
2020-02-14,335,198.00252835413
2020-02-14,296,236.919425063483
2020-02-14,417,228.995994446698
2020-02-14,350,295.534020606822
2020-02-14,184,250.312894441113
2020-02-14,232,180.250089575916
2020-02-14,242,160.500945180903
2020-02-14,263,332.232077277039
2020-02-14,100,176.888731935589
2020-02-14,426,286.910675426864
2020-02-14,632,281.850631545772
2020-02-14,189,247.490652164476
2020-02-14,296,192.338257847532
2020-02-14,320,305.588825766502
2020-02-14,137,199.639968635738
2020-02-14,355,366.955971842384
2020-02-14,245,184.137037565214
2020-02-14,243,416.647369415702
2020-02-14,540,268.866376056547
2020-02-14,448,258.901142036165
2020-02-14,241,289.339018797794
2020-02-14,261,356.171817515306
2020-02-14,206,263.682395346348
2020-02-14,250,132.884237679869
2020-02-14,336,175.62052291604
2020-02-14,224,210.643033527918
2020-02-14,341,227.028352894319
2020-02-14,247,226.908440455281
2020-02-14,468,292.900288268016
2020-02-14,219,240.710000489504
2020-02-14,274,349.015560234859
2020-02-14,175,274.173497946829
2020-02-14,328,216.016957450099
2020-02-14,361,198.935687403534
2020-02-14,144,288.745648381229
2020-02-14,292,239.938687295629
2020-02-14,199,207.601874451247
2020-02-14,345,99.3035080822002
2020-02-14,328,336.214149918942
2020-02-14,411,283.12071562881
2020-02-14,217,198.150430258299
2020-02-14,616,363.158486347672
2020-02-14,301,212.498264615056
2020-02-14,736,158.087390037342
2020-02-14,359,456.397764358397
2020-02-14,194,183.134459396677
2020-02-14,453,533.785001516859
2020-02-14,459,239.236342652434
2020-02-14,475,171.556771931528
2020-02-14,942,420.018007289334
2020-02-14,700,607.715232543272
2020-02-14,1326,196.030577635455
2020-02-14,596,268.492521750914
2020-02-14,1262,356.827443763918
2020-02-14,407,401.222514838134
2020-02-14,1010,429.25617024607
2020-02-14,338,576.284607434867
2020-02-14,476,393.137501878753
2020-02-14,627,465.046632979367
2020-02-14,1040,273.491086265659
2020-02-14,692,446.057605096257
2020-02-14,988,301.38821762245
2020-02-14,168,402.275863695696
2020-02-14,829,263.2329394786
2020-02-14,977,150.975052806689
2020-02-14,0,631.569115544116
2020-02-14,786,353.423801322703
2020-02-14,257,660.946472478119
2020-02-14,91,298.5393692309
2020-02-14,723,234.907742492016
2020-02-14,290,354.338417721163
2020-02-14,456,228.869129559405
2020-02-14,349,399.800085125242
2020-02-14,656,843.054817682219
2020-02-14,752,817.379998326305
2020-02-14,561,428.930243200578
2020-02-14,739,651.027911501559
2020-02-14,774,531.090106810177
2020-02-14,800,423.214044688681
2020-02-14,832,478.367048123932
2020-02-14,1825,607.516672209257
2020-02-14,558,353.732880089796
2020-02-14,779,973.391691687009
2020-02-14,611,744.166950839737
2020-02-14,843,692.032693110896
2020-02-14,1946,718.556218875179
2020-02-14,534,501.618418260059
2020-02-14,664,475.707277097458
2020-02-14,635,369.806653639827
2020-02-14,1499,803.531710231087
2020-02-14,430,736.889663231957
2020-02-14,626,288.944283569307
2020-02-14,626,421.467839666473
2020-02-14,691,775.496036163854
2020-02-14,1252,605.200699427391
2020-02-14,1127,806.098337610044
2020-02-14,0,1580.70566664486
2020-02-14,968,517.366709206918
2020-02-14,162,224.892927600669
2020-02-14,146,248.398694808323
2020-02-14,144,176.920609967737
2020-02-14,739,266.052955266238
2020-02-14,587,400.867744401093
2020-02-14,760,289.651109049911
2020-02-14,458,468.55792738287
2020-02-14,269,335.479820447335
2020-02-14,764,333.315853173634
2020-02-14,321,316.861904572365
2020-02-14,273,365.771724657145
2020-02-14,595,507.203492722772
2020-02-14,874,470.257501389708
2020-02-14,239,369.731969332178
2020-02-14,703,328.942699102463
2020-02-14,628,810.89936772664
2020-02-14,641,630.692402289198
2020-02-14,677,416.682221365066
2020-02-14,747,244.787233619658
2020-02-14,247,600.670587636725
2020-02-14,824,614.868471151058
2020-02-14,458,527.165310364155
2020-02-14,310,152.228038065211
2020-02-14,511,728.670116985657
2020-02-14,632,376.576505220862
2020-02-14,1275,517.104720029697
2020-02-14,524,403.806417321597
2020-02-14,914,531.644114840961
2020-02-14,832,346.860221789789
2020-02-14,868,677.392052705231
2020-02-14,633,757.981716164508
2020-02-14,636,200.257011972984
2020-02-14,475,415.395515514495
2020-02-14,1089,790.825619315732
2020-02-14,374,978.266525463997
2020-02-14,831,210.586249283032
2020-02-14,1723,480.986776741048
2020-02-14,992,476.071790514334
2020-02-14,795,783.14648581576
2020-02-14,711,648.919802813582
2020-02-14,649,476.754878302871
2020-02-14,463,546.503169110518
2020-02-14,692,207.32398306044
2020-02-14,384,458.255831979078
2020-02-14,683,305.735371677827
2020-02-14,262,350.689490015796
2020-02-14,495,127.646155964504
2020-02-14,307,313.408720185918
2020-02-14,756,195.243306613645
2020-02-14,478,155.576839169873
2020-02-14,266,515.886788323867
2020-02-14,512,87.6480190472329
2020-02-14,290,339.466181395882
2020-02-14,341,469.879276200777
2020-02-14,486,576.846647480324
2020-02-14,169,652.864865922378
2020-02-14,657,254.590509292806
2020-02-14,824,369.074115023324
2020-02-14,640,261.076871981683
2020-02-14,876,535.536211117708
2020-02-14,630,713.634465598082
2020-02-14,841,913.993114598584
2020-02-14,531,576.362171627198
2020-02-14,1099,480.672430767923
2020-02-14,333,971.494909133832
2020-02-14,1821,809.430117879047
2020-02-14,886,452.782072819468
2020-02-14,846,592.109487774715
2020-02-14,438,497.794142887648
2020-02-14,900,853.130464734166
2020-02-14,963,768.149023452533
2020-02-14,640,596.121160971691
2020-02-14,575,424.65385892049
2020-02-14,676,649.590703727117
2020-02-14,1528,563.145001105606
2020-02-14,1180,1258.84367528851
2020-02-14,328,755.76355401821
2020-02-14,1230,1554.07114942506
2020-02-14,838,1214.04530376422
2020-02-14,614,666.186080045406
2020-02-14,1121,437.362930723097
2020-02-14,871,821.236893098546
2020-02-14,308,705.893319444445
2020-02-14,943,895.4852474743
2020-02-14,1508,625.210501397048
2020-02-14,708,426.099279584025
2020-02-14,386,462.072740136003
2020-02-14,874,432.548291151101
2020-02-14,562,464.448283632423
2020-02-14,423,638.294597944193
2020-02-14,720,602.333331731747
2020-02-14,619,464.444557326588
2020-02-14,516,491.909319884998
2020-02-14,818,433.109892522902
2020-02-14,952,676.74418014078
2020-02-14,705,542.215681396597
2020-02-14,428,496.774221046056
2020-02-14,860,563.750590166124
2020-02-14,365,397.797936999087
2020-02-14,271,277.296649742037
2020-02-14,496,467.398397523711
2020-02-14,273,501.219378392696
2020-02-14,261,383.587744717251
2020-02-14,585,548.162696351327
2020-02-14,646,380.010409604998
2020-02-14,486,613.157844509637
2020-02-14,561,419.613531303792
2020-02-14,975,683.667417657716
2020-02-14,882,547.349469035143
2020-02-14,817,383.482468797331
2020-02-14,783,666.171451505024
2020-02-14,806,441.035461761566
2020-02-14,357,226.061800303514
2020-02-14,119,246.934583088926
2020-02-14,464,331.286041022378
2020-02-14,432,462.249994627176
2020-02-14,883,434.437011676149
2020-02-14,346,475.273355261561
2020-02-14,362,523.96454558771
2020-02-14,306,557.40153565162
2020-02-14,310,480.936596446523
2020-02-14,418,324.994895877411
2020-02-14,539,315.467441873088
2020-02-14,523,608.251406740155
2020-02-14,415,352.600306765028
2020-02-14,458,411.433173604246
2020-02-14,231,432.109381130353
2020-02-14,297,377.533752189508
2020-02-14,335,317.466099517729
2020-02-14,493,443.955273412083
2020-02-14,426,403.250191465331
2020-02-14,525,340.560792832631
2020-02-14,642,328.655954745375
2020-02-14,754,451.830028161512
2020-02-14,364,543.641293254486
2020-02-14,485,492.064221002189
2020-02-14,534,283.802997050379
2020-02-14,599,295.63060434873
2020-02-14,280,368.79029170476
2020-02-14,690,607.362407449579
2020-02-14,676,454.814253990733
2020-02-14,517,404.768985711583
2020-02-14,782,485.958531628482
2020-02-14,324,661.788874439387
2020-02-14,593,265.593001342036
2020-02-14,206,240.604473800198
2020-02-14,299,242.711267422787
2020-02-14,558,398.228830462735
2020-02-14,293,320.475878055224
2020-02-14,385,553.421029309474
2020-02-14,539,478.682837596966
2020-02-14,550,647.623230297016
2020-02-14,390,393.034994161239
2020-02-14,763,514.009941015972
2020-02-14,344,383.718923631957
2020-02-14,635,725.121364010537
2020-02-14,607,781.497191753597
2020-02-14,1197,348.038056765106
2020-02-14,427,320.128150801914
2020-02-14,303,503.300299103307
2020-02-14,478,433.33186993368
2020-02-14,802,441.87050322611
2020-02-14,778,459.422306859319
2020-02-14,536,489.366945125167
2020-02-14,625,531.353179494563
2020-02-14,374,531.304735184582
2020-02-14,1019,420.27054292983
2020-02-14,795,539.255075057238
2020-02-14,737,527.544709475639
2020-02-14,579,539.007639434118
2020-02-14,411,341.883289548909
2020-02-14,501,337.276389555404
2020-02-14,188,529.699182012371
2020-02-14,343,288.20959898166
2020-02-14,445,277.199580645209
2020-02-14,997,554.788849499452
2020-02-14,721,497.560185061752
2020-02-14,456,706.432672404825
2020-02-14,427,575.083034417771
2020-02-14,488,350.17893066499
2020-02-14,759,576.958166871544
2020-02-14,273,366.709662017598
2020-02-14,629,421.272456896874
2020-02-14,184,227.156736120655
2020-02-14,175,208.194281384749
2020-02-14,321,278.062033809371
2020-02-14,170,239.276817149034
2020-02-14,479,291.122756593092
2020-02-14,243,189.658734422966
2020-02-14,362,306.455293256365
2020-02-14,492,396.815693462291
2020-02-14,243,445.991953850744
2020-02-14,399,252.211772624606
2020-02-14,194,270.25124035455
2020-02-14,294,216.635408652117
2020-02-14,185,304.779188915495
2020-02-14,360,218.747545797718
2020-02-14,596,364.761886609887
2020-02-14,342,235.420551231888
2020-02-14,357,243.446763984715
2020-02-14,676,426.601803267407
2020-02-14,575,388.090178253969
2020-02-14,471,384.75728612051
2020-02-14,110,336.405548950249
2020-02-14,396,320.934815569813
2020-02-14,813,584.2573631929
2020-02-14,724,464.749555699438
2020-02-14,367,276.215159673813
2020-02-14,462,474.326965763828
2020-02-14,360,302.882188515973
2020-02-14,660,317.464243595338
2020-02-14,246,306.183569816303
2020-02-14,1067,487.704496317516
2020-02-14,676,324.130130677241
2020-02-14,877,375.354381732287
2020-02-14,269,499.625073406588
2020-02-14,247,449.542821401391
2020-02-14,82,267.41071655154
2020-02-14,123,254.186419301346
2020-02-14,542,482.119573783307
2020-02-14,488,465.184288390113
2020-02-14,459,268.571617314123
2020-02-14,466,486.346909323409
2020-02-14,588,335.936773230357
2020-02-14,402,283.131000040486
2020-02-14,402,454.808038882702
2020-02-14,242,324.883444061636
2020-02-14,732,544.172620371076
2020-02-14,214,341.574795325071
2020-02-14,272,440.124650994176
2020-02-14,246,271.746095371437
2020-02-14,474,188.769316682519
2020-02-14,357,447.940291553631
2020-02-14,307,369.958081499273
2020-02-14,215,382.087614534253
2020-02-14,710,275.368869480781
2020-02-14,595,440.072807393136
2020-02-14,423,390.940321946014
2020-02-14,283,230.828095666123
2020-02-14,403,304.147534322457
2020-02-14,296,370.447124696883
2020-02-14,129,122.499410592912
2020-02-14,463,376.993265831097
2020-02-14,329,383.605942197114
2020-02-14,252,262.172988272359
2020-02-14,372,308.083706383503
2020-02-14,516,272.837927886451
2020-02-14,300,290.965110934056
2020-02-14,273,163.110688251372
2020-02-14,95,221.242269153867
2020-02-14,141,169.91638123296
2020-02-14,241,199.868136195143
2020-02-14,651,318.888835073778
2020-02-14,409,390.998623670305
2020-02-14,275,248.352042286945
2020-02-14,188,363.0938687461
2020-02-14,458,262.256261457728
2020-02-14,151,150.55429081129
2020-02-14,293,369.596142018316
2020-02-14,178,310.409684657085
2020-02-14,197,182.714836158377
2020-02-14,387,331.94407569631
2020-02-14,496,267.545560041246
2020-02-14,601,644.893946132733
2020-02-14,376,381.429981899243
2020-02-14,465,421.713613340454
2020-02-14,488,237.392073985304
2020-02-14,524,467.945186410402
2020-02-14,944,565.552589692133
2020-02-14,688,572.289478242971
2020-02-14,707,415.623865265361
2020-02-14,363,265.618493552601
2020-02-14,827,343.466413609862
2020-02-14,316,414.875744726712
2020-02-14,391,510.094228023167
2020-02-14,239,122.979154798718
2020-02-14,196,254.302406051236
2020-02-14,384,208.90388295451
2020-02-14,413,341.377016536355
2020-02-14,460,180.330929791221
2020-02-14,342,247.746265795059
2020-02-14,540,543.472938396979
2020-02-14,483,321.325025181992
2020-02-14,930,320.393340467991
2020-02-14,308,180.319405079917
2020-02-14,376,274.797425751549
2020-02-14,299,295.937130327002
2020-02-14,589,526.990613037438
2020-02-14,516,337.873231817532
2020-02-14,265,217.696224322747
2020-02-14,252,315.985397442078
2020-02-14,207,253.239957668657
2020-02-14,593,302.084231701915
2020-02-14,365,273.495089839399
2020-02-14,821,685.218402459153
2020-02-14,925,435.382122738134
2020-02-14,652,354.09562448688
2020-02-14,417,522.851620241826
2020-02-14,492,466.239510758321
2020-02-14,606,246.845152382666
2020-02-14,449,321.136679934958
2020-02-14,258,287.785484688268
2020-02-14,437,587.324151430399
2020-02-14,1307,465.742506095281
2020-02-14,487,438.221792863811
2020-02-14,612,428.012938796862
2020-02-14,663,456.278083671419
2020-02-14,322,332.968161741336
2020-02-14,312,277.319291865583
2020-02-14,679,484.864193348104
2020-02-14,437,498.942112818626
2020-02-14,518,229.150708075388
2020-02-14,205,176.725447183581
2020-02-14,237,234.346140983315
2020-02-14,217,214.194760123481
2020-02-14,551,662.122744914742
2020-02-14,513,322.014766394019
2020-02-14,603,652.52400337626
2020-02-14,853,427.455002214496
2020-02-14,1321,467.473573683686
2020-02-14,759,272.868388735145
2020-02-14,648,432.247852839157
2020-02-14,452,454.434420782171
2020-02-14,365,469.780150221972
2020-02-14,344,605.678957742409
2020-02-14,166,716.545733231298
2020-02-14,897,768.707331012208
2020-02-14,615,734.738357084108
2020-02-14,525,338.272924286008
2020-02-14,463,296.902460048644
2020-02-14,295,487.104092369637
2020-02-14,429,351.090250900639
2020-02-14,525,313.258897821834
2020-02-14,482,361.567942592318
2020-02-14,403,508.414644771794
2020-02-14,361,324.289540807539
2020-02-14,400,425.571816246037
2020-02-14,368,490.839406709296
2020-02-14,363,402.021060415549
2020-02-14,344,267.693357285237
2020-02-14,525,359.099548093264
2020-02-14,410,328.602169985092
2020-02-14,256,614.684982561855
2020-02-14,1010,510.81173928945
2020-02-14,391,517.922958488301
2020-02-14,300,192.366179330496
2020-02-14,405,599.219055172057
2020-02-14,765,924.585319908333
2020-02-14,959,826.289123275239
2020-02-14,365,381.999837452945
2020-02-14,340,365.475999123006
2020-02-14,652,382.827125066576
2020-02-14,469,403.218606550391
2020-02-14,421,383.652584646989
2020-02-14,696,457.229320113544
2020-02-14,253,333.378170934872
2020-02-14,257,362.994633774911
2020-02-14,409,243.848785794576
2020-02-14,410,444.55994381467
2020-02-14,266,304.960883313311
2020-02-14,298,298.617328312029
2020-02-14,480,254.120192578913
2020-02-14,370,408.531756945727
2020-02-14,661,369.791598917096
2020-02-14,210,365.847292879815
2020-02-14,584,314.98200785778
2020-02-14,446,451.750461484312
2020-02-14,277,256.704331593117
2020-02-14,505,240.708728815566
2020-02-14,235,221.881648339192
2020-02-14,208,298.039659514073
2020-02-14,580,590.320758354749
2020-02-14,309,243.982923300759
2020-02-14,582,501.047446556484
2020-02-14,451,414.869040190298
2020-02-14,786,308.139901888236
2020-02-14,236,441.011672913348
2020-02-14,413,556.013186431974
2020-02-14,483,288.27207380195
2020-02-14,616,399.109366254116
2020-02-14,389,323.692055844136
2020-02-14,300,416.468484186214
2020-02-14,266,349.614664264585
2020-02-14,539,183.183462706591
2020-02-14,500,267.984271557977
2020-02-14,462,595.309711528644
2020-02-14,633,342.49376867892
2020-02-14,870,593.050149229064
2020-02-14,603,428.357646686821
2020-02-14,610,347.421876035778
2020-02-14,386,551.314736884703
2020-02-14,251,257.403994785737
2020-02-14,451,378.12300541272
2020-02-14,277,327.072052758528
2020-02-14,432,293.206552816474
2020-02-14,291,294.351490039877
2020-02-14,426,284.64138187807
2020-02-14,339,300.972974341795
2020-02-14,627,459.842649124241
2020-02-14,689,459.789583111527
2020-02-14,622,347.369851139874
2020-02-14,497,430.3981302228
2020-02-14,353,370.416599118908
2020-02-14,351,424.54431498716
2020-02-14,302,467.170315067426
2020-02-14,420,265.278620335995
2020-02-14,676,435.346015810965
2020-02-14,150,270.96424656913
2020-02-14,473,305.672102061113
2020-02-14,376,501.058316390127
2020-02-14,472,473.189842108135
2020-02-14,718,641.823234880692
2020-02-14,471,273.659774445047
2020-02-14,507,651.552194763625
2020-02-14,422,438.755644372236
2020-02-14,630,537.053306417528
2020-02-14,411,544.505977988841
2020-02-14,705,347.991233132538
2020-02-14,365,448.151600116354
2020-02-14,489,416.604065666708
2020-02-14,575,378.171524881847
2020-02-14,318,409.868758245711
2020-02-14,338,465.576055079266
2020-02-14,317,245.712075986423
2020-02-14,347,383.879175406254
2020-02-14,311,339.901854383359
2020-02-14,668,650.084727745333
2020-02-14,721,616.098421474497
2020-02-14,473,355.364705433679
2020-02-14,663,583.299035733007
2020-02-14,343,243.73093278776
2020-02-14,436,574.12421895245
2020-02-14,732,266.169949312334
2020-02-14,244,334.645061676639
2020-02-14,230,368.721148771059
2020-02-14,601,454.638858131209
2020-02-14,363,265.70933347364
2020-02-14,501,389.920689636464
2020-02-14,388,256.918572831271
2020-02-14,353,276.761513948489
2020-02-14,759,307.807639545858
2020-02-14,198,283.298573784336
2020-02-14,433,420.762573686358
2020-02-14,341,372.484035686112
2020-02-14,272,269.666695364538
2020-02-14,316,261.462683297475
2020-02-14,158,177.994138602625
2020-02-14,213,267.311171949327
2020-02-14,421,249.034946434166
2020-02-14,538,354.302366189401
2020-02-14,332,310.264366676885
2020-02-14,307,205.471773260305
2020-02-14,464,246.078018246437
2020-02-14,236,349.004554280097
2020-02-14,299,220.928560315075
2020-02-14,219,119.248161393616
2020-02-14,475,441.157187976025
2020-02-14,403,312.398976076428
2020-02-14,363,347.389457457024
2020-02-14,469,371.294577638304
2020-02-14,278,258.246095114765
2020-02-14,210,301.780211729305
2020-02-14,311,198.105037970947
2020-02-14,408,334.228909483473
2020-02-14,500,337.123285253333
2020-02-14,429,290.217549774487
2020-02-14,424,314.417157148967
2020-02-14,312,285.643877807193
2020-02-14,212,399.607872564191
2020-02-14,438,331.528150387284
2020-02-14,448,446.090423756862
2020-02-14,589,370.561723125878
2020-02-14,398,585.358735980831
2020-02-14,446,299.658288219262
2020-02-14,626,391.791945052771
2020-02-14,433,290.594197683979
2020-02-14,401,402.754134582946
2020-02-14,357,277.67692869211
2020-02-14,462,349.036528255258
2020-02-14,342,273.584294470884
2020-02-14,393,322.419260196227
2020-02-14,596,282.521503230125
2020-02-14,158,458.730369970668
2020-02-14,536,343.898589722079
2020-02-14,261,386.46860043298
2020-02-14,207,377.842076478137
2020-02-14,380,434.980661143599
2020-02-14,527,305.363278801526
2020-02-14,580,414.50898324251
2020-02-14,701,662.294573140526
2020-02-14,468,903.033973910778
2020-02-14,322,476.682503139142
2020-02-14,378,257.070897553331
2020-02-14,413,289.253483279629
2020-02-14,531,381.899820111246
2020-02-14,654,433.133775000432
2020-02-14,292,270.979484403219
2020-02-14,339,362.8182230399
2020-02-14,224,189.81142625572
2020-02-14,375,241.783069288168
2020-02-14,142,216.579473597653
2020-02-14,396,267.237211536688
2020-02-14,214,323.992393483515
2020-02-14,485,234.647440607525
2020-02-14,234,339.067216373942
2020-02-14,564,320.440059104477
2020-02-14,161,182.020578676535
2020-02-14,112,229.708116377494
2020-02-14,382,173.59015825424
2020-02-14,273,176.794871927271
2020-02-14,580,245.536614149275
2020-02-14,81,291.763323016763
2020-02-14,94,231.080054075885
2020-02-14,253,149.430005290878
2020-02-14,317,158.578153852885
2020-02-14,427,125.713938139317
2020-02-14,117,135.240782400772
2020-02-14,223,167.682605449517
2020-02-14,328,196.933681441319
2020-02-14,296,149.896511400483
2020-02-14,185,259.189744283007
2020-02-14,184,164.405281332449
2020-02-14,107,156.746574797045
2020-02-14,279,194.589222560024
2020-02-14,181,435.01196113454
2020-02-14,791,294.84466602355
2020-02-14,109,330.459258150911
2020-02-14,467,374.933297492386
2020-02-14,294,257.361492060852
2020-02-14,513,309.252095210012
2020-02-14,349,301.054449383287
2020-02-14,444,316.527701943222
2020-02-14,197,298.98655615993
2020-02-14,828,310.034067919663
2020-02-14,113,350.987638163226
2020-02-14,198,330.614263245682
2020-02-14,352,93.7698602930041
2020-02-14,185,223.286323010717
2020-02-14,455,291.872996214995
2020-02-14,476,250.034627206898
2020-02-14,296,228.454489884927
2020-02-14,112,255.294659916696
2020-02-14,376,270.076402957414
2020-02-14,151,230.595236568463
2020-02-14,441,113.469301301161
2020-02-14,277,159.203884971604
2020-02-14,179,188.735354331479
2020-02-14,95,178.054762007364
2020-02-14,207,289.760582821124
2020-02-14,318,186.311993808668
2020-02-14,17,460.853600266068
2020-02-14,77,247.855978200507
2020-02-14,818,234.799200729247
2020-02-14,308,361.631624766141
2020-02-14,258,782.516318611723
2020-02-14,807,417.773084497455
2020-02-14,1057,632.302457917764
2020-02-14,956,535.114460486013
2020-02-14,785,555.292686654272
2020-02-14,799,443.148589545171
2020-02-14,734,891.425814978606
2020-02-14,710,360.819815701709
2020-02-14,787,329.301135561315
2020-02-14,360,269.092368682603
2020-02-14,238,301.241693832499
2020-02-14,309,309.246209208704
2020-02-14,650,243.694388362998
2020-02-14,230,304.77808895495
2020-02-14,545,387.886440511115
2020-02-14,215,467.242416809131
2020-02-14,424,305.848010112972
2020-02-14,508,280.907940360253
2020-02-14,308,607.975754971503
2020-02-14,754,292.315643142829
2020-02-14,402,469.319348005774
2020-02-14,701,511.121441485725
2020-02-14,235,398.039116360838
2020-02-14,366,537.113475103734
2020-02-14,356,318.324535162136
2020-02-14,130,154.84447753211
2020-02-14,233,311.273748597626
2020-02-14,486,351.830027433385
2020-02-14,297,270.670590856884
2020-02-14,63,116.718647826767
2020-02-14,211,133.959132439598
2020-02-14,291,313.491516853359
2020-02-14,438,285.224659659434
2020-02-14,461,249.571178931947
2020-02-14,368,309.077600850064
2020-02-14,280,328.003512947079
2020-02-14,604,542.826385121125
2020-02-14,477,238.905036671996
2020-02-14,390,288.726884086214
2020-02-14,545,418.968226530858
2020-02-14,264,279.200130994393
2020-02-14,487,531.168164080342
2020-02-14,708,426.837512452352
2020-02-14,717,444.025073193162
2020-02-14,640,446.077385816774
2020-02-14,407,282.639319972178
2020-02-14,460,318.990044406879
2020-02-14,552,366.99178245913
2020-02-14,356,492.906611491229
2020-02-14,363,630.638263008173
2020-02-14,927,445.35244570197
2020-02-14,980,580.577917167089
2020-02-14,645,479.449915600636
2020-02-14,735,563.620900659302
2020-02-14,374,343.129624574795
2020-02-14,407,318.657311619554
2020-02-14,172,238.347248784659
2020-02-14,528,373.738724986232
2020-02-14,349,329.575938643027
2020-02-14,454,367.315933752449
2020-02-14,283,362.661077928825
2020-02-14,504,282.854280315521
2020-02-14,699,368.988943371125
2020-02-14,363,266.709297537279
2020-02-14,861,637.840938699322
2020-02-14,174,408.75415648441
2020-02-14,834,434.515924317228
2020-02-14,334,497.443796394808
2020-02-14,419,402.756419020173
2020-02-14,455,408.218290846755
2020-02-14,502,447.587416020907
2020-02-14,359,540.602649588796
2020-02-14,522,477.930348863969
2020-02-14,294,322.985010951736
2020-02-14,400,492.746919250464
2020-02-14,632,388.237921238642
2020-02-14,599,385.174214159394
2020-02-14,808,404.15641451621
2020-02-14,474,414.510254706302
2020-02-14,309,435.780497501762
2020-02-14,467,338.545699066017
2020-02-14,388,372.320447246199
2020-02-14,361,396.408290918206
2020-02-14,228,226.717714448432
2020-02-14,791,368.811017805236
2020-02-14,655,441.661756976124
2020-02-14,367,431.453922451312
2020-02-14,503,526.339928174475
2020-02-14,642,363.256153984129
2020-02-14,708,423.258765428818
2020-02-14,338,463.17959062247
2020-02-14,514,475.364121988665
2020-02-14,301,387.79058433357
2020-02-14,904,436.224960111941
2020-02-14,327,523.032059161655
2020-02-14,596,368.167390177785
2020-02-14,290,348.158878789479
2020-02-14,607,583.536919793539
2020-02-14,382,644.936005040778
2020-02-14,479,441.946020060285
2020-02-14,310,396.1247387007
2020-02-14,546,340.614953899465
2020-02-14,657,691.699277767816
2020-02-14,420,333.944136702532
2020-02-14,346,296.89280635146
2020-02-14,482,328.63575371748
2020-02-14,261,255.898096216342
2020-02-14,348,214.727019558297
2020-02-14,395,356.98136523216
2020-02-14,427,223.144785220274
2020-02-14,331,456.172863245765
2020-02-14,464,321.220259431425
2020-02-14,341,387.02719548067
2020-02-14,161,307.819535326774
2020-02-14,233,181.682393304993
2020-02-14,152,327.327957149274
2020-02-14,149,193.786850793453
2020-02-14,257,174.161783493004
2020-02-14,194,312.417105252938
2020-02-14,596,370.137794051424
2020-02-14,378,525.884093067154
2020-02-14,437,321.96570460008
2020-02-14,370,202.524682847922
2020-02-14,375,470.723186920855
2020-02-14,613,378.131604408135
2020-02-14,277,337.255024412193
2020-02-14,550,302.168796947756
2020-02-14,294,438.926566378279
2020-02-14,865,537.308844287273
2020-02-14,309,374.484516781648
2020-02-14,479,252.544824916908
2020-02-14,686,498.163891150284
2020-02-14,380,540.80106192309
2020-02-14,623,300.457371709707
2020-02-14,464,494.108466400402
2020-02-14,547,266.326685692207
2020-02-14,634,269.298718956079
2020-02-14,248,328.264253942078
2020-02-14,487,377.790895679105
2020-02-14,510,646.911473237383
2020-02-14,294,261.446224666886
2020-02-14,586,457.720407672261
2020-02-14,314,345.957600612265
2020-02-14,810,306.249073525026
2020-02-14,374,404.537645162739
2020-02-14,338,357.658125494595
2020-02-14,696,370.229594719365
2020-02-14,469,381.17813516417
2020-02-14,357,402.002380453178
2020-02-14,292,476.384420662658
2020-02-14,980,362.865817576212
2020-02-14,560,650.658031982672
2020-02-14,556,641.91603909774
2020-02-14,691,524.880875951717
2020-02-14,680,384.469304752315
2020-02-14,453,430.772719540407
2020-02-14,619,517.050141686225
2020-02-14,147,300.161557601482
2020-02-14,491,349.374121150727
2020-02-14,261,478.801357104372
2020-02-14,130,333.285656215161
2020-02-14,305,536.521050801245
2020-02-14,272,413.99196921087
2020-02-14,749,320.961055881529
2020-02-14,564,392.204498525908
2020-02-14,235,359.248535314861
2020-02-14,579,326.973575139
2020-02-14,293,312.369150015538
2020-02-14,638,509.836533819989
2020-02-14,147,365.287286928127
2020-02-14,441,304.097520787224
2020-02-14,153,229.351313182462
2020-02-14,394,303.075556542263
2020-02-14,278,297.083161140307
2020-02-14,314,346.363249336763
2020-02-14,160,368.743179913366
2020-02-14,247,238.385240290877
2020-02-14,393,234.387138882263
2020-02-14,399,996.545357677871
2020-02-14,518,476.282451069009
2020-02-14,591,491.362621282463
2020-02-14,232,275.042316593172
2020-02-14,871,531.330600549682
2020-02-14,520,490.424882507776
2020-02-14,785,490.708732943052
2020-02-14,319,416.106678407745
2020-02-14,579,623.357403050654
2020-02-14,651,350.825206218153
2020-02-14,211,258.996695111881
2020-02-14,300,243.248734417833
2020-02-14,653,444.121624281891
2020-02-14,276,268.49317711626
2020-02-14,641,364.964698999701
2020-02-14,411,346.03205305487
2020-02-14,379,404.477867109215
2020-02-14,537,432.92191505548
2020-02-14,141,427.387167697966
2020-02-14,280,214.252214219434
2020-02-14,353,361.87165223299
2020-02-14,232,332.350134474928
2020-02-14,843,609.27627566839
2020-02-14,802,549.337238408188
2020-02-14,116,492.646151644792
2020-02-14,777,508.49621276985
2020-02-14,623,583.433372380191
2020-02-14,185,405.531260256339
2020-02-14,462,372.441775583391
2020-02-14,735,546.631831971004
2020-02-14,569,606.546544106013
2020-02-14,611,539.467385993365
2020-02-14,465,333.495917305642
2020-02-14,307,239.006671173887
2020-02-14,238,191.54060998666
2020-02-14,374,226.448249320014
2020-02-14,306,452.565971802348
2020-02-14,305,453.128231438452
2020-02-14,482,393.346279306868
2020-02-14,527,279.636298733197
2020-02-14,246,255.453479822143
2020-02-14,270,431.497755082595
2020-02-14,1067,957.001210066288
2020-02-14,497,378.649967323624
2020-02-14,581,606.672107006866
2020-02-14,703,612.401745171775
2020-02-14,1022,867.892857661511
2020-02-14,1102,654.111922045834
2020-02-14,768,679.919545455503
2020-02-14,779,1422.09038133097
2020-02-14,414,409.258307239275
2020-02-14,744,748.507394875784
2020-02-14,204,1166.29682275409
2020-02-14,530,595.75668347136
2020-02-14,545,488.43957314117
2020-02-14,1277,491.751434608876
2020-02-14,711,725.410654784858
2020-02-14,201,579.780133671173
2020-02-14,1007,1271.61237948891
2020-02-14,363,403.714480749145
2020-02-14,401,533.53971885076
2020-02-14,637,748.824499296699
2020-02-14,691,443.782264418628
2020-02-14,518,485.113365082243
2020-02-14,666,460.745173082997
2020-02-14,295,272.565241549588
2020-02-14,963,550.695632583772
2020-02-14,1163,715.036610909806
2020-02-14,598,758.753578693325
2020-02-14,635,585.927174970488
2020-02-14,392,269.085040015178
2020-02-14,734,591.671004091996
2020-02-14,588,436.560533976149
2020-02-14,580,375.001509307776
2020-02-14,565,643.612048681925
2020-02-14,268,424.682945667822
2020-02-14,328,432.646920000628
2020-02-14,842,620.711021973291
2020-02-14,837,567.317580541683
2020-02-14,728,812.362084887188
2020-02-14,404,927.000433930453
2020-02-14,815,606.882116977633
2020-02-14,431,439.627136601365
2020-02-14,435,334.610035261503
2020-02-14,569,466.894918852086
2020-02-14,520,1126.9190685465
2020-02-14,0,358.856221779347
2020-02-14,0,576.816600378366
2020-02-14,0,165.009212124815
2020-02-14,577,651.558010780255
2020-02-14,244,637.898886404726
2020-02-14,434,545.358156963655
2020-02-14,328,358.492922146892
2020-02-14,261,452.223841210801
2020-02-14,232,424.943918920093
2020-02-14,965,351.650587029776
2020-02-14,357,547.448169506116
2020-02-14,283,630.164587772926
2020-02-14,1180,764.880241063199
2020-02-14,1126,371.708248686527
2020-02-14,896,819.314732396177
2020-02-14,344,725.218943564576
2020-02-14,534,963.895534815472
2020-02-14,575,495.625744690415
2020-02-14,720,326.918383602289
2020-02-14,554,476.64365984165
2020-02-14,573,512.609597244703
2020-02-14,629,623.915546248147
2020-02-14,1130,884.163727662028
2020-02-14,878,511.666970772233
2020-02-14,1406,1062.59917187188
2020-02-14,477,795.170723215116
2020-02-14,1531,828.318456922913
2020-02-14,749,351.017662942181
2020-02-14,528,712.295019581331
2020-02-14,741,897.056035758955
2020-02-14,1105,791.511901277384
2020-02-14,927,421.516633769809
2020-02-14,478,929.874232817049
2020-02-14,341,552.003700736347
2020-02-14,1078,814.080820308563
2020-02-14,1039,573.771680984915
2020-02-14,909,420.722996588434
2020-02-14,785,1290.7582364659
2020-02-14,809,663.124839725867
2020-02-14,274,1516.68633574654
2020-02-14,454,800.405990429756
2020-02-14,1492,1100.5240668108
2020-02-14,702,611.069323140353
2020-02-14,951,772.885769535678
2020-02-14,1337,507.69917628362
2020-02-14,196,464.174924259746
2020-02-14,561,627.529562195649
2020-02-14,778,740.190354471013
2020-02-14,742,604.209576536056
2020-02-14,614,700.677934160884
2020-02-14,351,349.473400074451
2020-02-14,399,256.098392504335
2020-02-14,451,219.553877707498
2020-02-14,365,698.492462877345
2020-02-14,920,1004.06894773336
2020-02-14,1068,1098.37886307411
2020-02-14,1305,735.346529582165
2020-02-14,1244,968.740752807881
2020-02-14,1156,924.240328195344
2020-02-14,2374,1812.43302448858
2020-02-14,2034,1025.13701705413
2020-02-14,536,559.999860960786
2020-02-14,751,529.357686276097
2020-02-14,650,659.070226391733
2020-02-14,574,379.149512959716
2020-02-14,557,657.394359678911
2020-02-14,815,495.60202934669
2020-02-14,676,569.050327172997
2020-02-14,785,572.980167408776
2020-02-14,866,644.791881378702
2020-02-14,580,349.581726863623
2020-02-14,575,436.699411663433
2020-02-14,427,506.368671648862
2020-02-14,825,754.298309455299
2020-02-14,557,634.337677288424
2020-02-14,419,380.136314953525
2020-02-14,769,945.237087615397
2020-02-14,1692,1617.96552037473
2020-02-14,2052,992.746712710815
2020-02-14,1272,965.267298760153
2020-02-14,1412,882.248108337529
2020-02-14,930,967.412413285601
2020-02-14,4186,1546.83913259411
2020-02-14,1980,817.945892365545
2020-02-14,148,1191.88921824959
2020-02-14,610,235.316977660135
2020-02-14,423,240.371081287488
2020-02-14,327,526.609568074644
2020-02-14,289,511.66545924249
2020-02-14,443,421.565069969052
2020-02-14,663,293.200158950929
2020-02-14,945,698.53745214348
2020-02-14,520,710.664228750329
2020-02-14,586,477.399065405442
2020-02-14,837,523.839187083514
2020-02-14,652,487.229699027976
2020-02-14,568,355.777417389396
2020-02-14,654,765.009703224502
2020-02-14,863,551.646126169025
2020-02-14,418,399.731499764076
2020-02-14,754,469.230000701806
2020-02-14,840,553.361581978777
2020-02-14,1022,460.30954158099
2020-02-14,856,665.366940143199
2020-02-14,1193,469.220651940357
2020-02-14,630,519.064742957759
2020-02-14,1106,562.98005566362
2020-02-14,732,280.764938035966
2020-02-14,931,695.196129623305
2020-02-14,948,472.097918001608
2020-02-14,962,785.853442633153
2020-02-14,1031,592.94432050867
2020-02-14,534,501.000025524213
2020-02-14,843,547.863505480895
2020-02-14,509,426.910528760535
2020-02-14,525,604.0186908006
2020-02-14,815,782.435869931225
2020-02-14,358,492.659124195547
2020-02-14,724,632.77023984604
2020-02-14,529,442.490743696957
2020-02-14,1152,578.518223284445
2020-02-14,823,1063.16484069942
2020-02-14,737,511.891457574394
2020-02-14,373,292.175808493083
2020-02-14,793,442.502681446364
2020-02-14,890,396.164317219532
2020-02-14,711,602.415231215458
2020-02-14,934,433.163557630607
2020-02-14,623,581.577715979158
2020-02-14,634,655.544805882314
2020-02-14,582,347.555090012333
2020-02-14,648,610.373470389689
2020-02-14,1172,984.387309425894
2020-02-14,564,887.18899536876
2020-02-14,1258,694.825281080943
2020-02-14,472,824.023631380036
2020-02-14,457,483.272659474553
2020-02-14,791,537.929847951814
2020-02-14,562,345.888998304356
2020-02-14,731,342.828661422992
2020-02-14,332,635.40925368802
2020-02-14,610,919.046044493885
2020-02-14,843,631.804174425789
2020-02-14,704,691.225663150812
2020-02-14,433,548.168240967045
2020-02-14,858,755.622094992992
2020-02-14,1385,920.549530975075
2020-02-14,1557,1195.44850603681
2020-02-14,1413,975.350247991024
2020-02-14,1440,656.029928556693
2020-02-14,913,584.693452936602
2020-02-14,956,617.829810249863
2020-02-14,925,773.621219103503
2020-02-14,1160,486.910176764789
2020-02-14,425,1001.72561412926
2020-02-14,1022,1727.11338608995
2020-02-14,293,821.230010901313
2020-02-14,1921,589.342450122632
2020-02-14,1114,479.10970008579
2020-02-14,529,848.85822838802
2020-02-14,952,682.804780967393
2020-02-14,1338,1531.06194774213
2020-02-14,1340,699.891293469522
2020-02-14,708,747.253013682601
2020-02-14,460,415.253027353735
2020-02-14,1048,665.362434694876
2020-02-14,967,416.08310292836
2020-02-14,416,748.573669809579
2020-02-14,963,691.967127435051
2020-02-14,23,623.844876356854
2020-02-14,595,245.738644265232
2020-02-14,446,478.384124930592
2020-02-14,911,615.067577259955
2020-02-14,345,672.897694647989
2020-02-14,1040,653.896885072243
2020-02-14,382,444.315569436169
2020-02-14,537,495.055062603164
2020-02-14,377,526.99240508645
2020-02-14,521,476.871849225967
2020-02-14,399,327.590477544974
2020-02-14,398,401.542240613055
2020-02-14,826,461.319865387413
2020-02-14,781,492.373421149052
2020-02-14,936,462.743604661998
2020-02-14,647,684.716014830525
2020-02-14,699,401.535040204234
2020-02-14,652,468.11018256239
2020-02-14,976,562.410091107227
2020-02-14,642,485.56237682266
2020-02-14,550,522.527546454162
2020-02-14,1060,456.331346927402
2020-02-14,532,567.446296280885
2020-02-14,631,431.085706621984
2020-02-14,771,502.345424927293
2020-02-14,792,787.863924385201
2020-02-14,682,379.828664095849
2020-02-14,644,216.532270881077
2020-02-14,585,189.785536551727
2020-02-14,439,240.278098204166
2020-02-14,533,461.518200407787
2020-02-14,793,493.312744298267
2020-02-14,459,302.588163145085
2020-02-14,686,726.119536543833
2020-02-14,1565,649.266166798279
2020-02-14,533,914.844689874409
2020-02-14,538,621.146237458232
2020-02-14,906,360.350786288561
2020-02-14,226,860.850157516222
2020-02-14,1140,719.930623667983
2020-02-14,1458,1203.20539151274
2020-02-14,1265,510.292509769356
2020-02-14,872,592.418526595056
2020-02-14,1063,495.737391304538
2020-02-14,2066,706.100129219438
2020-02-14,546,522.547182262932
2020-02-14,652,630.879903865417
2020-02-14,469,581.903748077225
2020-02-14,489,582.983592932611
2020-02-14,995,836.532466447474
2020-02-14,1884,1084.87891191439
2020-02-14,774,810.70274820359
2020-02-14,1102,666.853657715138
2020-02-14,559,673.514851156879
2020-02-14,970,602.020279317045
2020-02-14,1165,384.472244620882
2020-02-14,452,790.071803186651
2020-02-14,632,487.36716101734
2020-02-14,356,506.269653145535
2020-02-14,325,266.125008887412
2020-02-14,1298,334.594621243408
2020-02-14,517,502.599587470238
2020-02-14,1123,320.773898461621
2020-02-14,532,244.802422668647
2020-02-14,652,397.680079052443
2020-02-14,755,416.424773817633
2020-02-14,299,459.043504285725
2020-02-14,442,356.111621574315
2020-02-14,476,399.640024329106
2020-02-14,737,531.363639982382
2020-02-14,525,380.380196307103
2020-02-14,435,252.430024308919
2020-02-14,252,486.079136908124
2020-02-14,484,161.299698638261
2020-02-14,344,433.804985903696
2020-02-14,170,275.675325563502
2020-02-14,306,223.49764699746
2020-02-14,446,382.959114780406
2020-02-14,472,437.009401277723
2020-02-14,90,418.832794359921
2020-02-14,220,295.349449297502
2020-02-14,973,254.436457441047
2020-02-14,492,352.228031151525
2020-02-14,294,229.785816720659
2020-02-14,512,224.66398651133
2020-02-14,427,298.485732007819
2020-02-14,55,223.902105488111
2020-02-14,262,133.855602847927
2020-02-14,238,161.673318058906
2020-02-14,191,217.627830610281
2020-02-14,187,205.567650861796
2020-02-14,425,231.029282409923
2020-02-14,123,324.817313364345
2020-02-14,218,173.369373202847
2020-02-14,172,195.103852447966
2020-02-14,570,267.626410262575
2020-02-14,185,210.669190229179
2020-02-14,200,200.274494661437
2020-02-14,222,155.913949494321
2020-02-14,222,222.375734717277
2020-02-14,462,163.692602065653
2020-02-14,551,341.335791087947
2020-02-14,152,205.986380614671
2020-02-14,85,266.261502409957
2020-02-14,127,138.08763341329
2020-02-14,100,231.796375829505
2020-02-14,440,359.318008795343
2020-02-14,560,377.210151500859
2020-02-14,572,415.90453146318
2020-02-14,602,313.229898987288
2020-02-14,361,399.394023651618
2020-02-14,329,361.544416490811
2020-02-14,572,284.362158771381
2020-02-14,438,253.355109426054
2020-02-14,282,374.471306445076
2020-02-14,559,569.477987626705
2020-02-14,208,250.105060911234
2020-02-14,577,439.436472279523
2020-02-14,363,414.767148265571
2020-02-14,1049,703.597273436055
2020-02-14,465,803.326930685192
2020-02-14,453,480.768680863213
2020-02-14,881,610.856727527046
2020-02-14,500,435.971596151091
2020-02-14,696,617.360232970084
2020-02-14,630,420.943616419343
2020-02-14,947,696.9470382512
2020-02-14,720,556.383800802765
2020-02-14,1057,374.442102032903
2020-02-14,604,104.417783947145
2020-02-14,224,203.88434509347
2020-02-14,227,246.089074495723
2020-02-14,588,299.390937983407
2020-02-14,365,226.376082088206
2020-02-14,664,508.249222642975
2020-02-14,798,288.56365957427
2020-02-14,496,285.185441886955
2020-02-14,428,411.794518529124
2020-02-14,417,377.208186627016
2020-02-14,215,315.474104400889
2020-02-14,692,210.206416398757
2020-02-14,334,408.849730930196
2020-02-14,594,627.854271981047
2020-02-14,940,554.724151974002
2020-02-15,154,216.828515718175
2020-02-15,410,87.3051231537883
2020-02-15,185,191.914771735999
2020-02-15,350,165.584518199622
2020-02-15,90,193.509508610729
2020-02-15,170,178.734303266606
2020-02-15,116,101.625860044262
2020-02-15,192,147.334592352259
2020-02-15,239,133.499338169867
2020-02-15,124,137.958461015225
2020-02-15,403,242.424022793726
2020-02-15,161,205.334572226558
2020-02-15,561,282.195706742277
2020-02-15,115,384.451248419427
2020-02-15,368,192.807306595769
2020-02-15,186,233.048611305385
2020-02-15,252,184.614323001198
2020-02-15,176,201.425969308613
2020-02-15,160,239.962192369515
2020-02-15,282,162.419173016555
2020-02-15,206,138.922903126706
2020-02-15,159,157.420746884782
2020-02-15,406,269.939306962062
2020-02-15,259,319.496240485745
2020-02-15,149,201.959321048388
2020-02-15,305,207.295297393252
2020-02-15,314,167.413354926036
2020-02-15,249,229.894045180934
2020-02-15,99,186.348412947442
2020-02-15,169,165.074850521271
2020-02-15,272,236.144931675711
2020-02-15,451,175.462996966804
2020-02-15,295,292.649141778344
2020-02-15,319,210.454204452081
2020-02-15,169,300.590616179909
2020-02-15,243,152.551545636098
2020-02-15,165,282.008307219171
2020-02-15,159,263.54285004086
2020-02-15,154,162.989475132963
2020-02-15,286,200.464570141317
2020-02-15,139,245.174069149961
2020-02-15,198,139.419689626748
2020-02-15,220,146.168184995234
2020-02-15,200,116.466655857128
2020-02-15,191,208.195012818116
2020-02-15,243,137.438346160222
2020-02-15,183,176.343009021765
2020-02-15,222,242.513064013089
2020-02-15,293,218.935264349263
2020-02-15,124,139.163326505474
2020-02-15,76,198.303651945703
2020-02-15,378,220.780943877833
2020-02-15,312,196.287216589994
2020-02-15,207,183.83885600093
2020-02-15,301,150.096993776705
2020-02-15,213,138.115863555869
2020-02-15,80,135.09018985401
2020-02-15,135,90.1465717273231
2020-02-15,95,130.706342178587
2020-02-15,77,133.301584893734
2020-02-15,102,140.233798654222
2020-02-15,89,127.941771095589
2020-02-15,121,169.68770678575
2020-02-15,175,211.104527425859
2020-02-15,150,224.482628892685
2020-02-15,258,177.796058198545
2020-02-15,182,175.186245082103
2020-02-15,195,187.372598303268
2020-02-15,257,133.993574963941
2020-02-15,100,125.379629850325
2020-02-15,125,170.589325890362
2020-02-15,23,106.041380115546
2020-02-15,226,79.5418944893261
2020-02-15,171,130.732507117046
2020-02-15,181,152.021629383697
2020-02-15,324,195.704473449309
2020-02-15,323,152.710345894081
2020-02-15,216,167.274246903084
2020-02-15,198,150.530029812316
2020-02-15,0,493.452740060123
2020-02-15,208,157.209758796203
2020-02-15,92,145.185368866584
2020-02-15,69,124.394799713479
2020-02-15,122,117.1119811436
2020-02-15,118,83.1676591255278
2020-02-15,100,101.358742917075
2020-02-15,14,323.056559697587
2020-02-15,98,102.433841107713
2020-02-15,189,133.311121408822
2020-02-15,281,203.044032689458
2020-02-15,389,223.334126017785
2020-02-15,222,343.489024520441
2020-02-15,364,296.038622202936
2020-02-15,103,353.558220837729
2020-02-15,256,239.262587915088
2020-02-15,376,238.590509455973
2020-02-15,241,114.521845624187
2020-02-15,289,196.444126738842
2020-02-15,317,257.981399845858
2020-02-15,319,161.832739112143
2020-02-15,387,245.487599462737
2020-02-15,270,166.059703283212
2020-02-15,243,179.987843398696
2020-02-15,398,236.213191568313
2020-02-15,320,238.901784113268
2020-02-15,257,240.813641997934
2020-02-15,247,191.149202108956
2020-02-15,589,171.984299371006
2020-02-15,338,207.901597739596
2020-02-15,196,190.237339012809
2020-02-15,188,186.879437174244
2020-02-15,381,256.406769054347
2020-02-15,325,216.425094849354
2020-02-15,178,217.81338670647
2020-02-15,156,210.679763796383
2020-02-15,288,222.058160862498
2020-02-15,309,210.004860716301
2020-02-15,292,100.54587429875
2020-02-15,86,169.604192725729
2020-02-15,129,88.3002178661404
2020-02-15,126,123.350503675383
2020-02-15,90,114.329914928229
2020-02-15,149,106.999259023023
2020-02-15,133,136.909023578624
2020-02-15,103,147.812201110651
2020-02-15,134,225.608998468578
2020-02-15,124,175.502230543072
2020-02-15,136,172.787321734304
2020-02-15,230,209.819699684428
2020-02-15,392,203.685575118581
2020-02-15,205,271.358440528682
2020-02-15,172,207.01134652303
2020-02-15,298,168.131528494412
2020-02-15,252,207.37302541853
2020-02-15,321,189.608058956853
2020-02-15,317,250.677673132805
2020-02-15,162,222.205254023354
2020-02-15,216,150.858526334248
2020-02-15,197,140.935833814121
2020-02-15,259,290.307142967332
2020-02-15,95,154.630311476233
2020-02-15,349,252.580004856049
2020-02-15,567,241.309786091967
2020-02-15,169,216.819457079223
2020-02-15,274,170.378083770237
2020-02-15,286,260.718992157681
2020-02-15,118,174.247792440911
2020-02-15,296,317.910553797579
2020-02-15,197,162.405408223823
2020-02-15,190,343.176877507666
2020-02-15,422,228.683913328273
2020-02-15,393,218.918664016145
2020-02-15,178,246.694455762011
2020-02-15,219,301.995434179784
2020-02-15,193,220.699391443349
2020-02-15,185,112.505228115841
2020-02-15,291,147.212649880833
2020-02-15,181,180.360554770992
2020-02-15,266,193.908961213399
2020-02-15,222,191.46394151261
2020-02-15,371,255.150285971631
2020-02-15,154,212.594577031057
2020-02-15,231,298.983873717014
2020-02-15,185,238.441712340787
2020-02-15,278,194.228740404906
2020-02-15,303,173.956005373409
2020-02-15,105,257.271219021897
2020-02-15,261,209.004932495164
2020-02-15,145,175.139513287185
2020-02-15,278,86.1006229343179
2020-02-15,255,279.027590242407
2020-02-15,332,241.965402732668
2020-02-15,218,164.378932826149
2020-02-15,507,306.04811938793
2020-02-15,250,170.240911133957
2020-02-15,564,131.245669938005
2020-02-15,313,391.210618845125
2020-02-15,161,154.666500566639
2020-02-15,399,442.759742152892
2020-02-15,408,206.90976168524
2020-02-15,411,147.427973365416
2020-02-15,807,351.50547175188
2020-02-15,558,502.861098375074
2020-02-15,1134,158.493909341272
2020-02-15,473,224.107536258568
2020-02-15,1057,289.687931569194
2020-02-15,306,335.503956570059
2020-02-15,790,360.09503017247
2020-02-15,280,483.615467890835
2020-02-15,422,326.091083077758
2020-02-15,537,395.354259768259
2020-02-15,897,225.722527790116
2020-02-15,580,372.087805590444
2020-02-15,780,256.351321593468
2020-02-15,145,335.118303961805
2020-02-15,701,218.056764954194
2020-02-15,841,126.458213159832
2020-02-15,0,525.67433131838
2020-02-15,664,306.243978690815
2020-02-15,240,568.063196970347
2020-02-15,68,246.006611493625
2020-02-15,600,197.726624506118
2020-02-15,244,293.816611744361
2020-02-15,364,187.208256834646
2020-02-15,271,328.579788134649
2020-02-15,521,725.960820978308
2020-02-15,670,706.362466934634
2020-02-15,487,381.294555375051
2020-02-15,669,568.718133754521
2020-02-15,600,463.159474051615
2020-02-15,730,360.827875102387
2020-02-15,787,408.892792811184
2020-02-15,1534,528.269333989408
2020-02-15,462,313.406513860508
2020-02-15,698,840.368655898894
2020-02-15,509,651.907490775881
2020-02-15,697,598.871259861295
2020-02-15,1732,610.532280312603
2020-02-15,484,436.553449975552
2020-02-15,553,413.551952975437
2020-02-15,554,309.923672467709
2020-02-15,1287,681.311917493707
2020-02-15,340,613.529532752395
2020-02-15,523,237.293753604449
2020-02-15,514,351.419125250781
2020-02-15,534,667.503222233358
2020-02-15,1062,519.852449184909
2020-02-15,996,679.742391420064
2020-02-15,0,1304.48899878269
2020-02-15,797,452.362589772063
2020-02-15,116,194.487260121867
2020-02-15,146,211.284953922266
2020-02-15,122,156.422429490917
2020-02-15,693,235.303702680263
2020-02-15,519,359.210591502068
2020-02-15,679,259.80535889285
2020-02-15,403,418.895072545589
2020-02-15,233,294.485481997866
2020-02-15,654,292.576362364211
2020-02-15,295,274.309880795894
2020-02-15,209,317.009497308598
2020-02-15,523,436.940664746286
2020-02-15,758,401.278676749972
2020-02-15,220,321.148314673608
2020-02-15,617,279.18107329228
2020-02-15,486,696.893607802698
2020-02-15,573,545.49349800806
2020-02-15,595,368.709324521978
2020-02-15,669,216.638880994791
2020-02-15,211,537.834627844841
2020-02-15,750,530.1001763114
2020-02-15,367,456.188752894674
2020-02-15,260,132.860810713898
2020-02-15,450,632.85674080333
2020-02-15,567,327.352158482968
2020-02-15,1138,446.353115985952
2020-02-15,449,349.495822775071
2020-02-15,828,453.409775203715
2020-02-15,676,304.315378395589
2020-02-15,683,595.903483346216
2020-02-15,562,643.75018524506
2020-02-15,560,167.166155559014
2020-02-15,361,359.863349045443
2020-02-15,981,668.519283268213
2020-02-15,314,839.75154852455
2020-02-15,661,180.771915634417
2020-02-15,1479,407.732834135672
2020-02-15,831,406.033637663775
2020-02-15,619,680.27056679174
2020-02-15,632,559.411930106181
2020-02-15,570,412.50709917025
2020-02-15,373,478.746003042661
2020-02-15,659,182.677598783682
2020-02-15,326,409.38304324657
2020-02-15,608,273.747357070761
2020-02-15,210,304.686546529847
2020-02-15,416,111.683838573551
2020-02-15,247,274.124529281701
2020-02-15,659,169.540911881716
2020-02-15,465,132.956210996129
2020-02-15,255,445.361550880638
2020-02-15,461,74.0739024715765
2020-02-15,251,296.040542091998
2020-02-15,286,405.611237231018
2020-02-15,442,504.953547295639
2020-02-15,140,560.957073295445
2020-02-15,596,216.681290503582
2020-02-15,684,322.688453321681
2020-02-15,602,222.820522504154
2020-02-15,758,465.343402482389
2020-02-15,567,602.146373178552
2020-02-15,691,776.883266627997
2020-02-15,451,493.33488902002
2020-02-15,999,398.866676180943
2020-02-15,279,825.883210578015
2020-02-15,1575,697.975801649137
2020-02-15,711,392.007553976838
2020-02-15,748,500.878644853789
2020-02-15,351,422.412652998138
2020-02-15,762,733.028798243891
2020-02-15,854,649.990079171589
2020-02-15,545,509.528676166484
2020-02-15,447,359.583394545256
2020-02-15,552,543.731223275485
2020-02-15,1383,481.926727392256
2020-02-15,1008,1087.8571114073
2020-02-15,286,659.867390961898
2020-02-15,1068,1386.35056808146
2020-02-15,721,1068.62128320426
2020-02-15,572,576.174447429677
2020-02-15,954,381.544108105899
2020-02-15,708,725.124134291954
2020-02-15,251,610.095680160004
2020-02-15,829,780.768623998789
2020-02-15,1329,530.484875856412
2020-02-15,568,360.095852061839
2020-02-15,313,406.191725291943
2020-02-15,804,379.693157398155
2020-02-15,518,405.719140159573
2020-02-15,355,536.995599592844
2020-02-15,600,512.166202627624
2020-02-15,526,403.864870713814
2020-02-15,511,413.332295872305
2020-02-15,675,364.804094857764
2020-02-15,764,581.5369518015
2020-02-15,645,468.348019636852
2020-02-15,372,434.013253147427
2020-02-15,743,488.065956407795
2020-02-15,327,335.169347673121
2020-02-15,231,238.743950097893
2020-02-15,405,405.952367106435
2020-02-15,243,441.216939256997
2020-02-15,235,333.982310686652
2020-02-15,496,472.347891124471
2020-02-15,538,320.601189819565
2020-02-15,357,527.786514761362
2020-02-15,515,355.8639223651
2020-02-15,764,577.240277560397
2020-02-15,773,472.537528479593
2020-02-15,653,340.509387595169
2020-02-15,626,559.483194372798
2020-02-15,649,368.870307837284
2020-02-15,319,191.998412095012
2020-02-15,126,209.403611339838
2020-02-15,379,291.763072630006
2020-02-15,371,405.148004877794
2020-02-15,800,377.3207982936
2020-02-15,275,417.413973789297
2020-02-15,306,457.722415127495
2020-02-15,299,468.445496189918
2020-02-15,267,409.092163767992
2020-02-15,358,283.823761243332
2020-02-15,510,271.737398921088
2020-02-15,447,530.323451465565
2020-02-15,360,306.378951549182
2020-02-15,407,357.243846543107
2020-02-15,177,373.007625410006
2020-02-15,245,322.707210119583
2020-02-15,277,274.885801546119
2020-02-15,418,385.034661901341
2020-02-15,388,351.245854857273
2020-02-15,484,297.581222494636
2020-02-15,558,283.198935895855
2020-02-15,607,400.815577190239
2020-02-15,317,470.370963425169
2020-02-15,431,417.384838168051
2020-02-15,453,245.387379397257
2020-02-15,495,250.777811272593
2020-02-15,219,317.516578365921
2020-02-15,642,526.376617388724
2020-02-15,597,411.302601687496
2020-02-15,453,357.891600785295
2020-02-15,700,421.534790921674
2020-02-15,262,562.662879717454
2020-02-15,522,230.611827637202
2020-02-15,182,206.526375579874
2020-02-15,244,216.384801835224
2020-02-15,481,341.956318602171
2020-02-15,235,278.773356021653
2020-02-15,331,468.483247275095
2020-02-15,502,414.933992525606
2020-02-15,515,550.90277888983
2020-02-15,344,328.655577324771
2020-02-15,640,445.714654959238
2020-02-15,309,333.457618647605
2020-02-15,522,624.060445353062
2020-02-15,508,670.085849033165
2020-02-15,1107,297.856014604289
2020-02-15,368,282.462427319329
2020-02-15,259,434.110011539464
2020-02-15,437,372.623196447078
2020-02-15,628,386.905793712173
2020-02-15,671,385.152310950628
2020-02-15,495,418.737806594105
2020-02-15,559,455.799837866492
2020-02-15,289,459.409078669423
2020-02-15,910,346.280154069416
2020-02-15,703,448.984029511557
2020-02-15,680,451.107898974551
2020-02-15,419,458.290559215812
2020-02-15,346,281.206033929
2020-02-15,401,284.881008945885
2020-02-15,140,448.853557137408
2020-02-15,290,239.104033879207
2020-02-15,392,230.135733663638
2020-02-15,832,475.470562630089
2020-02-15,588,426.777409894954
2020-02-15,392,604.297915329741
2020-02-15,344,503.15195941498
2020-02-15,432,295.943251978876
2020-02-15,644,488.417914062035
2020-02-15,227,312.53197383095
2020-02-15,534,369.696781486948
2020-02-15,184,198.545084032662
2020-02-15,164,182.954638801535
2020-02-15,299,249.405733687489
2020-02-15,144,213.928890230591
2020-02-15,414,251.202141351132
2020-02-15,190,171.40948519204
2020-02-15,325,275.867419272909
2020-02-15,429,351.380106803443
2020-02-15,231,380.395414179073
2020-02-15,343,223.906468142519
2020-02-15,184,233.212963131528
2020-02-15,255,189.425975046359
2020-02-15,145,265.013294759555
2020-02-15,317,185.960233369916
2020-02-15,510,300.760277680448
2020-02-15,271,195.272371338504
2020-02-15,318,200.269154409222
2020-02-15,589,360.216405805629
2020-02-15,468,332.896586268989
2020-02-15,400,331.971817949959
2020-02-15,115,290.339098417237
2020-02-15,317,273.218198925704
2020-02-15,700,492.449036384661
2020-02-15,600,392.974145071096
2020-02-15,306,241.355283639831
2020-02-15,409,404.208423525005
2020-02-15,259,257.28207108624
2020-02-15,541,271.421460609011
2020-02-15,210,255.282669258603
2020-02-15,942,424.123986809629
2020-02-15,567,272.483836908248
2020-02-15,751,317.175563183658
2020-02-15,249,428.89588592392
2020-02-15,176,384.135394681392
2020-02-15,66,222.331470527929
2020-02-15,103,215.225923897069
2020-02-15,488,413.042084301232
2020-02-15,428,404.89833347962
2020-02-15,416,224.942045950815
2020-02-15,358,417.334518048344
2020-02-15,475,286.148573417923
2020-02-15,343,238.300242340626
2020-02-15,349,391.982569419413
2020-02-15,209,276.407259636152
2020-02-15,619,462.882532905335
2020-02-15,179,291.37256858173
2020-02-15,254,374.249274245747
2020-02-15,176,240.659226915452
2020-02-15,396,167.393171634358
2020-02-15,341,387.472752481358
2020-02-15,281,315.594700239926
2020-02-15,200,324.031274723963
2020-02-15,603,234.913321407489
2020-02-15,508,378.637120691489
2020-02-15,404,336.151670177573
2020-02-15,244,200.73282224579
2020-02-15,349,266.974453970644
2020-02-15,261,327.063220393476
2020-02-15,102,109.809243162261
2020-02-15,426,330.846468393661
2020-02-15,283,345.128342184261
2020-02-15,242,221.812674097479
2020-02-15,340,266.8032555649
2020-02-15,395,234.202000594904
2020-02-15,229,240.610249367243
2020-02-15,239,137.087090049621
2020-02-15,84,189.142547451708
2020-02-15,115,142.975867349532
2020-02-15,202,164.29446467857
2020-02-15,561,276.24884646225
2020-02-15,358,344.741128994097
2020-02-15,251,208.420224291706
2020-02-15,160,301.683061859544
2020-02-15,418,223.402097988137
2020-02-15,132,126.237608096007
2020-02-15,228,317.75403144324
2020-02-15,161,264.869770838139
2020-02-15,165,151.83593907249
2020-02-15,352,281.166149148626
2020-02-15,425,230.454852911589
2020-02-15,496,563.179216311153
2020-02-15,303,322.110369855086
2020-02-15,399,358.074656220456
2020-02-15,412,198.513994863526
2020-02-15,430,414.221424388704
2020-02-15,865,493.396142399541
2020-02-15,587,493.11492038627
2020-02-15,596,353.312794683329
2020-02-15,315,236.00418513581
2020-02-15,773,302.876566545846
2020-02-15,289,370.963633664473
2020-02-15,344,443.299378598961
2020-02-15,197,102.399535256381
2020-02-15,168,211.992117340681
2020-02-15,293,173.282734024402
2020-02-15,325,278.175872993256
2020-02-15,352,151.477089528581
2020-02-15,311,199.358216750848
2020-02-15,440,447.439435078167
2020-02-15,446,268.470922039824
2020-02-15,797,268.048121018336
2020-02-15,289,147.489460077628
2020-02-15,302,226.938360745459
2020-02-15,221,254.432606608603
2020-02-15,455,440.568584649723
2020-02-15,437,278.751043769254
2020-02-15,210,181.45666187007
2020-02-15,220,260.738925701326
2020-02-15,155,217.804476894068
2020-02-15,540,256.978625687171
2020-02-15,321,237.742749128498
2020-02-15,703,596.430660789202
2020-02-15,801,387.264442979216
2020-02-15,573,300.585724869646
2020-02-15,321,453.349659533465
2020-02-15,463,397.428780765135
2020-02-15,470,214.056428663522
2020-02-15,338,279.108417986112
2020-02-15,213,246.931332218773
2020-02-15,368,491.33312174329
2020-02-15,1139,386.909889669901
2020-02-15,367,382.294552107496
2020-02-15,546,376.720192667024
2020-02-15,640,400.692278337201
2020-02-15,290,288.874979397457
2020-02-15,285,233.167077823858
2020-02-15,575,415.669449556247
2020-02-15,402,437.901876913864
2020-02-15,461,192.245453600803
2020-02-15,163,152.969198751114
2020-02-15,184,192.510933309744
2020-02-15,192,174.450168304656
2020-02-15,439,561.654684786548
2020-02-15,444,278.055246448651
2020-02-15,541,554.415147758851
2020-02-15,672,364.455274163604
2020-02-15,1171,403.49751277234
2020-02-15,611,224.474045684435
2020-02-15,521,362.886504814707
2020-02-15,373,373.700102026281
2020-02-15,303,398.829335952991
2020-02-15,329,513.140089686149
2020-02-15,137,613.626526193503
2020-02-15,798,669.526046237297
2020-02-15,499,639.28028428309
2020-02-15,399,289.748587066122
2020-02-15,393,242.88365393272
2020-02-15,284,418.33502327903
2020-02-15,375,299.608553126509
2020-02-15,469,277.291171768458
2020-02-15,470,314.698714497544
2020-02-15,342,439.670137392492
2020-02-15,309,278.509802530711
2020-02-15,312,375.131916422508
2020-02-15,320,421.483404402249
2020-02-15,294,345.590973840771
2020-02-15,338,221.892221179726
2020-02-15,497,316.281332375974
2020-02-15,358,286.8882866021
2020-02-15,226,532.519657335617
2020-02-15,845,447.874137357868
2020-02-15,341,457.269757011926
2020-02-15,290,169.271154750841
2020-02-15,320,522.22408159167
2020-02-15,700,808.261591553686
2020-02-15,825,725.176055110569
2020-02-15,373,330.04507437411
2020-02-15,276,321.061702111122
2020-02-15,594,339.231931402291
2020-02-15,396,359.575838650971
2020-02-15,371,333.475352503112
2020-02-15,623,395.226692070561
2020-02-15,201,297.98588288451
2020-02-15,213,321.287695987587
2020-02-15,375,220.72391896831
2020-02-15,386,387.025083983347
2020-02-15,256,270.160806290657
2020-02-15,275,261.406952231997
2020-02-15,472,223.331905070032
2020-02-15,344,360.460144828174
2020-02-15,589,317.362295786152
2020-02-15,188,313.584592768663
2020-02-15,533,278.475153999124
2020-02-15,369,397.93851149659
2020-02-15,218,226.613112138225
2020-02-15,481,208.595864715395
2020-02-15,201,193.530498672045
2020-02-15,170,265.529199714786
2020-02-15,480,512.921624445064
2020-02-15,266,211.920584261871
2020-02-15,511,444.205066634041
2020-02-15,400,364.198536957949
2020-02-15,717,270.194648086075
2020-02-15,216,381.363351729217
2020-02-15,358,494.25273478589
2020-02-15,450,254.683879831244
2020-02-15,527,352.896341359437
2020-02-15,357,276.341535611739
2020-02-15,243,365.226137248256
2020-02-15,228,305.647680837164
2020-02-15,464,154.160848587495
2020-02-15,381,234.449056786232
2020-02-15,398,527.310599775161
2020-02-15,565,304.104176140836
2020-02-15,783,517.570888249799
2020-02-15,590,369.809352383952
2020-02-15,489,310.237332005027
2020-02-15,363,474.457892121048
2020-02-15,222,221.856112774063
2020-02-15,383,334.812872543661
2020-02-15,207,281.572863010074
2020-02-15,366,249.403569765014
2020-02-15,244,251.583457514969
2020-02-15,316,248.030611815087
2020-02-15,298,259.39200728576
2020-02-15,558,391.254868811631
2020-02-15,589,394.49981341607
2020-02-15,523,294.965329613113
2020-02-15,420,373.451454834127
2020-02-15,296,315.53047381206
2020-02-15,289,359.249256713495
2020-02-15,236,396.790747904609
2020-02-15,360,235.254185365061
2020-02-15,586,374.657385496316
2020-02-15,122,239.629005245541
2020-02-15,392,259.593924205996
2020-02-15,330,436.198273638485
2020-02-15,487,399.711036754831
2020-02-15,634,558.831490746103
2020-02-15,418,236.217910359896
2020-02-15,451,565.556225742456
2020-02-15,410,384.846279874264
2020-02-15,528,465.006147485379
2020-02-15,353,480.035770091209
2020-02-15,604,302.280958201144
2020-02-15,315,384.209271654608
2020-02-15,420,362.358217452156
2020-02-15,489,319.215576145081
2020-02-15,251,352.325332935191
2020-02-15,255,406.796789577057
2020-02-15,278,211.124763037268
2020-02-15,309,333.351193710572
2020-02-15,257,294.896016124937
2020-02-15,566,569.042229213331
2020-02-15,620,531.628473736561
2020-02-15,402,308.167573022629
2020-02-15,554,501.969959292304
2020-02-15,335,207.32020844204
2020-02-15,313,505.074546169769
2020-02-15,661,224.32363157558
2020-02-15,217,284.44880757716
2020-02-15,191,317.366390078996
2020-02-15,479,403.710388479333
2020-02-15,321,243.057144754633
2020-02-15,463,337.441637869052
2020-02-15,396,217.944450554384
2020-02-15,323,240.657670031037
2020-02-15,625,274.765042301655
2020-02-15,180,237.613950517331
2020-02-15,340,358.274623105576
2020-02-15,261,317.877009751894
2020-02-15,260,228.382973559675
2020-02-15,239,225.752292990998
2020-02-15,149,152.280696994819
2020-02-15,195,232.394073430607
2020-02-15,389,214.522259593083
2020-02-15,457,308.709375910379
2020-02-15,295,271.625010146043
2020-02-15,295,173.401203493991
2020-02-15,358,218.94861373714
2020-02-15,231,310.309192290018
2020-02-15,293,204.121587895857
2020-02-15,211,112.184694773772
2020-02-15,458,394.478297537791
2020-02-15,368,283.882758294629
2020-02-15,300,313.43550321277
2020-02-15,414,331.483932623881
2020-02-15,250,227.634205584932
2020-02-15,208,267.503049958237
2020-02-15,256,179.299909769704
2020-02-15,355,292.707466304301
2020-02-15,493,293.042323659534
2020-02-15,362,261.869223399355
2020-02-15,382,279.243175120006
2020-02-15,267,255.119886278213
2020-02-15,184,351.513063841106
2020-02-15,381,300.143095639195
2020-02-15,437,389.607020515012
2020-02-15,579,319.07336257786
2020-02-15,335,512.230005218009
2020-02-15,403,258.179560371785
2020-02-15,539,343.157851441677
2020-02-15,420,252.81752540058
2020-02-15,347,352.664772198748
2020-02-15,304,236.041712225792
2020-02-15,363,295.575715385193
2020-02-15,304,228.94025428683
2020-02-15,307,272.838732661949
2020-02-15,485,237.134506924384
2020-02-15,133,402.425817534264
2020-02-15,428,300.529413433306
2020-02-15,237,328.237131712883
2020-02-15,150,328.199560231287
2020-02-15,352,374.802970502587
2020-02-15,457,262.093222289908
2020-02-15,554,351.511221006296
2020-02-15,564,558.86738994095
2020-02-15,413,762.633311380865
2020-02-15,270,405.480311045978
2020-02-15,333,210.369869017673
2020-02-15,359,263.29983933249
2020-02-15,502,349.276389514266
2020-02-15,589,386.265718294055
2020-02-15,225,239.800759682862
2020-02-15,330,321.850609456791
2020-02-15,185,170.083279876672
2020-02-15,343,218.324914438588
2020-02-15,141,200.143724716293
2020-02-15,360,247.533824248237
2020-02-15,208,291.914193861815
2020-02-15,408,209.350674784636
2020-02-15,240,299.291721665229
2020-02-15,504,287.282656170344
2020-02-15,149,158.945285222905
2020-02-15,90,199.805266024128
2020-02-15,301,156.157705642946
2020-02-15,243,151.903718153418
2020-02-15,502,217.407440077102
2020-02-15,75,250.637087946176
2020-02-15,80,206.222782492183
2020-02-15,211,135.056136302328
2020-02-15,303,138.592936753105
2020-02-15,401,108.58836676837
2020-02-15,86,122.549002818231
2020-02-15,197,149.725784684891
2020-02-15,290,177.317782278518
2020-02-15,294,131.388582856179
2020-02-15,154,231.676456247889
2020-02-15,167,143.66477752414
2020-02-15,109,134.113090677686
2020-02-15,239,173.84069912523
2020-02-15,177,377.696050793434
2020-02-15,651,263.163336225372
2020-02-15,87,286.583871456233
2020-02-15,368,323.971075932927
2020-02-15,273,219.816555337014
2020-02-15,426,261.632721427122
2020-02-15,283,265.33461340037
2020-02-15,412,270.49504511335
2020-02-15,186,269.305282349276
2020-02-15,740,277.590070078767
2020-02-15,98,318.926027939935
2020-02-15,182,293.453511491507
2020-02-15,288,84.9831127838609
2020-02-15,173,186.880553177558
2020-02-15,463,252.668930220479
2020-02-15,397,215.596725393529
2020-02-15,244,200.186554843368
2020-02-15,94,225.686564809028
2020-02-15,311,234.538635750771
2020-02-15,127,196.407291201456
2020-02-15,369,97.6746491554681
2020-02-15,248,134.404168169207
2020-02-15,172,158.809759501316
2020-02-15,61,153.878849558652
2020-02-15,170,259.023965751378
2020-02-15,303,169.482877952593
2020-02-15,17,390.974760501706
2020-02-15,69,207.976729536702
2020-02-15,705,194.912898839761
2020-02-15,241,300.65835816202
2020-02-15,231,657.793766875607
2020-02-15,771,372.675758383917
2020-02-15,947,554.726805215628
2020-02-15,902,474.588672308527
2020-02-15,668,507.437122043212
2020-02-15,702,403.488992155427
2020-02-15,673,770.117428806887
2020-02-15,620,326.131426835416
2020-02-15,684,296.901918637298
2020-02-15,308,236.396068776708
2020-02-15,201,262.818549716029
2020-02-15,265,267.232544035987
2020-02-15,515,210.84267674003
2020-02-15,187,262.426787184449
2020-02-15,486,335.339458243188
2020-02-15,221,407.673536753235
2020-02-15,359,266.803172871318
2020-02-15,435,245.247238723015
2020-02-15,273,516.931106840447
2020-02-15,660,251.719603142446
2020-02-15,334,395.918444198562
2020-02-15,546,439.298639933849
2020-02-15,202,338.518224086061
2020-02-15,367,475.703826652488
2020-02-15,338,288.997493710269
2020-02-15,118,144.82898090701
2020-02-15,224,277.449924117209
2020-02-15,411,305.728180321816
2020-02-15,250,233.609377582223
2020-02-15,53,103.45795106077
2020-02-15,199,115.744697148338
2020-02-15,264,272.183999322809
2020-02-15,375,248.175303491707
2020-02-15,379,219.85346909322
2020-02-15,321,270.888316461567
2020-02-15,263,305.294974842711
2020-02-15,527,484.521346208447
2020-02-15,468,217.117797276128
2020-02-15,377,260.994074118306
2020-02-15,506,369.852895692458
2020-02-15,243,240.472341579035
2020-02-15,405,462.556773821027
2020-02-15,641,362.029823695012
2020-02-15,602,382.014595255361
2020-02-15,558,386.63010442673
2020-02-15,391,240.092396831534
2020-02-15,381,277.603083158892
2020-02-15,444,315.869309405602
2020-02-15,332,416.413428006976
2020-02-15,279,559.661769166591
2020-02-15,867,395.186106084968
2020-02-15,922,494.539982320158
2020-02-15,635,426.971886975907
2020-02-15,626,505.959735479058
2020-02-15,315,303.59452143241
2020-02-15,386,287.69461399377
2020-02-15,163,212.631744565053
2020-02-15,397,340.708506169284
2020-02-15,355,280.191426962126
2020-02-15,443,320.647952324632
2020-02-15,247,317.525528745966
2020-02-15,445,256.296575226849
2020-02-15,638,331.570341670009
2020-02-15,339,242.470735363428
2020-02-15,755,557.838598365641
2020-02-15,152,358.929586093229
2020-02-15,730,385.781819798025
2020-02-15,319,431.435817262379
2020-02-15,366,352.013672228417
2020-02-15,369,353.146697846368
2020-02-15,434,386.726683181459
2020-02-15,282,464.207045351283
2020-02-15,416,419.988547975189
2020-02-15,265,277.705447832915
2020-02-15,357,435.788779321086
2020-02-15,569,345.381276934482
2020-02-15,539,335.162530898442
2020-02-15,678,362.914540076895
2020-02-15,418,359.616280052851
2020-02-15,280,386.971273142603
2020-02-15,372,292.67485778576
2020-02-15,311,323.481302464929
2020-02-15,309,343.862752619482
2020-02-15,210,200.370798521397
2020-02-15,680,321.140195530854
2020-02-15,627,375.659306994708
2020-02-15,300,381.15477965599
2020-02-15,455,463.181715666905
2020-02-15,578,333.499075705821
2020-02-15,692,371.716234325051
2020-02-15,265,414.664032485771
2020-02-15,449,427.131543898378
2020-02-15,243,340.74539383347
2020-02-15,851,386.910277173476
2020-02-15,298,468.445887885912
2020-02-15,520,331.235752812183
2020-02-15,249,309.770114946281
2020-02-15,564,525.81546813918
2020-02-15,330,595.645777228956
2020-02-15,408,394.726302304957
2020-02-15,290,351.62913998327
2020-02-15,492,302.615270084633
2020-02-15,559,619.979864138598
2020-02-15,379,304.263851893762
2020-02-15,339,270.282938316979
2020-02-15,436,291.56723579949
2020-02-15,225,225.903003806466
2020-02-15,268,199.289726332766
2020-02-15,385,326.362261627806
2020-02-15,418,202.369184724748
2020-02-15,280,412.899407141998
2020-02-15,449,290.698913121309
2020-02-15,325,350.516564222426
2020-02-15,153,274.147433136998
2020-02-15,190,163.275867934104
2020-02-15,121,285.144366472137
2020-02-15,119,171.773897885493
2020-02-15,262,148.927876358328
2020-02-15,169,275.154837433657
2020-02-15,497,340.023382910509
2020-02-15,365,459.977842756121
2020-02-15,418,275.929022540211
2020-02-15,318,180.35884686549
2020-02-15,301,418.084300978042
2020-02-15,501,338.316442631529
2020-02-15,262,291.668203105849
2020-02-15,471,266.803716032796
2020-02-15,274,394.521012346873
2020-02-15,774,478.797211945538
2020-02-15,270,333.254143245966
2020-02-15,422,223.197978202445
2020-02-15,611,438.601108029003
2020-02-15,324,484.218785225096
2020-02-15,570,269.194521445417
2020-02-15,450,437.039389732512
2020-02-15,437,236.452918886509
2020-02-15,551,236.970610299661
2020-02-15,230,296.525649746343
2020-02-15,442,339.353203693559
2020-02-15,426,589.107746373492
2020-02-15,279,234.237914035505
2020-02-15,552,403.831541286332
2020-02-15,266,308.945264294286
2020-02-15,726,278.370567919615
2020-02-15,359,361.538634663995
2020-02-15,276,326.57532390605
2020-02-15,636,329.072187416516
2020-02-15,407,341.735208529606
2020-02-15,295,362.703132530729
2020-02-15,288,424.51133618877
2020-02-15,888,323.849091462665
2020-02-15,482,574.258380082349
2020-02-15,472,564.331550819431
2020-02-15,623,467.749512158253
2020-02-15,653,339.716088563558
2020-02-15,359,396.702728345222
2020-02-15,561,467.513550003312
2020-02-15,126,268.904062818146
2020-02-15,387,309.498031801008
2020-02-15,226,432.192652856252
2020-02-15,130,295.272528960955
2020-02-15,285,477.094866864871
2020-02-15,241,386.20095190615
2020-02-15,692,302.832134586298
2020-02-15,535,361.344837569682
2020-02-15,236,340.286136535981
2020-02-15,589,305.929885607748
2020-02-15,296,301.427264831743
2020-02-15,588,476.367273574894
2020-02-15,127,346.76103857443
2020-02-15,465,287.352616069515
2020-02-15,159,216.411146633524
2020-02-15,379,286.683079288173
2020-02-15,264,277.593127469544
2020-02-15,311,316.685869373086
2020-02-15,137,334.067741311988
2020-02-15,217,220.408600923905
2020-02-15,337,207.427424125158
2020-02-15,349,875.438512893885
2020-02-15,462,433.476331150485
2020-02-15,518,447.928913407661
2020-02-15,201,247.65635237675
2020-02-15,772,479.675943048898
2020-02-15,479,432.598200288508
2020-02-15,665,436.16372040918
2020-02-15,265,374.179752199926
2020-02-15,495,556.773856204199
2020-02-15,646,311.725281666952
2020-02-15,213,231.822816430956
2020-02-15,245,224.102484141077
2020-02-15,656,394.513437844755
2020-02-15,229,251.680440803528
2020-02-15,564,330.253100969397
2020-02-15,381,308.535557744131
2020-02-15,313,365.506223266965
2020-02-15,505,381.254888027696
2020-02-15,124,383.909511183386
2020-02-15,255,190.508986444686
2020-02-15,305,328.683510615799
2020-02-15,243,297.367959623656
2020-02-15,763,540.983336203652
2020-02-15,695,486.988947657811
2020-02-15,99,436.528057050089
2020-02-15,683,458.6896271962
2020-02-15,607,513.253914671614
2020-02-15,172,358.748724645739
2020-02-15,421,319.02942843725
2020-02-15,618,479.853976938956
2020-02-15,451,527.994104751214
2020-02-15,584,478.849551068854
2020-02-15,395,306.809724972251
2020-02-15,272,212.315000015921
2020-02-15,234,170.591550899692
2020-02-15,357,205.012788529137
2020-02-15,269,406.388206568968
2020-02-15,254,407.421562075663
2020-02-15,427,356.44731594527
2020-02-15,506,254.402987204025
2020-02-15,240,233.83203549591
2020-02-15,225,393.107992963092
2020-02-15,971,853.768386109507
2020-02-15,453,341.574061483114
2020-02-15,538,537.888439854418
2020-02-15,568,543.853466570124
2020-02-15,918,772.309169169491
2020-02-15,974,573.437052156408
2020-02-15,674,597.857438359719
2020-02-15,645,1283.94204380681
2020-02-15,372,362.325793681871
2020-02-15,666,650.288382924133
2020-02-15,190,1047.93341617742
2020-02-15,488,529.491345787932
2020-02-15,499,430.784203273746
2020-02-15,1125,439.005213304698
2020-02-15,615,642.86844996364
2020-02-15,187,512.890245822717
2020-02-15,924,1120.15524619305
2020-02-15,304,358.723005869895
2020-02-15,355,472.778289937574
2020-02-15,553,662.93498884697
2020-02-15,602,400.866168086885
2020-02-15,483,432.066263119342
2020-02-15,645,410.825212470027
2020-02-15,294,245.062573972947
2020-02-15,858,486.350604010067
2020-02-15,997,642.571261092503
2020-02-15,532,674.338886077773
2020-02-15,607,518.176640429443
2020-02-15,333,240.739396335482
2020-02-15,654,514.276197409188
2020-02-15,466,379.782440395316
2020-02-15,506,327.820713751549
2020-02-15,514,566.846502842166
2020-02-15,252,374.104645669796
2020-02-15,295,381.733298979238
2020-02-15,765,551.359460473953
2020-02-15,711,496.267981113838
2020-02-15,591,707.292910898378
2020-02-15,342,795.710345326316
2020-02-15,778,530.169540704796
2020-02-15,359,394.072980173527
2020-02-15,385,306.871003150006
2020-02-15,490,424.249559075575
2020-02-15,442,986.11982036028
2020-02-15,0,310.387635882189
2020-02-15,0,512.500755700617
2020-02-15,0,151.579199933077
2020-02-15,532,564.670018072388
2020-02-15,220,552.726861535466
2020-02-15,360,481.739770597601
2020-02-15,252,315.183948689131
2020-02-15,215,392.452291006581
2020-02-15,190,371.876395316387
2020-02-15,860,302.812362353726
2020-02-15,313,478.790390213823
2020-02-15,239,538.467522079581
2020-02-15,961,671.157466589011
2020-02-15,942,321.092002155617
2020-02-15,827,699.44064470065
2020-02-15,287,619.202592061899
2020-02-15,441,823.519820954459
2020-02-15,491,423.527824579412
2020-02-15,588,284.624832821394
2020-02-15,472,414.049495810723
2020-02-15,492,445.538204104166
2020-02-15,542,548.024942455178
2020-02-15,1016,769.042857673307
2020-02-15,755,445.940989758216
2020-02-15,1262,930.840511659019
2020-02-15,415,707.487559009412
2020-02-15,1445,732.703880380145
2020-02-15,636,319.289981076136
2020-02-15,474,638.124256746495
2020-02-15,687,806.471459655444
2020-02-15,978,709.496185703763
2020-02-15,820,369.149250480634
2020-02-15,403,841.802438874654
2020-02-15,297,490.074115006337
2020-02-15,935,747.37991377259
2020-02-15,896,506.488353349316
2020-02-15,830,367.383434055067
2020-02-15,647,1159.86988960518
2020-02-15,724,578.734980225219
2020-02-15,242,1357.02511380087
2020-02-15,398,710.277087123864
2020-02-15,1391,994.927754895162
2020-02-15,646,563.93256408546
2020-02-15,861,704.749872576242
2020-02-15,1205,446.843441296157
2020-02-15,150,412.145858301108
2020-02-15,501,560.698538817285
2020-02-15,643,673.496612729319
2020-02-15,681,547.143293575086
2020-02-15,569,632.620847269546
2020-02-15,356,310.814902081261
2020-02-15,358,237.221106297781
2020-02-15,427,198.541630052685
2020-02-15,328,629.55054147541
2020-02-15,889,915.570350317823
2020-02-15,956,1011.77838714504
2020-02-15,1235,689.620942065336
2020-02-15,1190,889.90911982434
2020-02-15,971,861.381504499571
2020-02-15,2246,1643.16404980725
2020-02-15,1905,961.93033686682
2020-02-15,445,507.339549368425
2020-02-15,728,471.474116021047
2020-02-15,617,588.027166506363
2020-02-15,457,343.9343288299
2020-02-15,504,575.912015283803
2020-02-15,776,447.136716630528
2020-02-15,608,514.454111417719
2020-02-15,739,507.821857128636
2020-02-15,783,569.220312183681
2020-02-15,504,305.370537485079
2020-02-15,484,379.599893425782
2020-02-15,393,452.658607604295
2020-02-15,708,671.500022368094
2020-02-15,511,563.845487066499
2020-02-15,355,332.448846618433
2020-02-15,645,849.855350727018
2020-02-15,1553,1491.27398429574
2020-02-15,1915,899.953146880851
2020-02-15,1177,877.785640805619
2020-02-15,1223,807.682881820497
2020-02-15,877,868.392990959419
2020-02-15,3807,1397.61398789301
2020-02-15,1914,752.835437728986
2020-02-15,128,1078.66451018849
2020-02-15,585,205.591391699186
2020-02-15,371,216.851220518746
2020-02-15,262,457.092791245672
2020-02-15,223,446.916194651596
2020-02-15,356,372.564066331509
2020-02-15,553,260.779689385166
2020-02-15,822,611.612861612888
2020-02-15,489,613.366549873543
2020-02-15,534,412.411839700778
2020-02-15,713,448.888734413828
2020-02-15,559,419.528528952774
2020-02-15,525,305.761085735357
2020-02-15,547,663.54069990309
2020-02-15,832,478.706264039898
2020-02-15,339,357.472113478059
2020-02-15,687,407.780490545824
2020-02-15,749,478.1380526134
2020-02-15,870,391.369135771233
2020-02-15,682,563.815629307565
2020-02-15,967,393.893989708896
2020-02-15,503,426.783419262494
2020-02-15,959,457.244666863595
2020-02-15,586,227.885368853023
2020-02-15,752,569.784403138737
2020-02-15,768,392.006041662362
2020-02-15,833,651.806666819335
2020-02-15,880,498.261129772246
2020-02-15,433,416.762998538788
2020-02-15,738,462.006195041418
2020-02-15,408,358.212433003229
2020-02-15,363,499.474044364117
2020-02-15,677,664.41023801096
2020-02-15,277,423.112655874508
2020-02-15,612,541.565771118055
2020-02-15,426,368.841422902295
2020-02-15,946,483.410346717166
2020-02-15,650,903.52946336644
2020-02-15,665,435.530614744815
2020-02-15,332,252.160931125282
2020-02-15,672,379.896608378399
2020-02-15,765,337.125472339429
2020-02-15,601,510.384040587545
2020-02-15,822,359.48320581461
2020-02-15,522,492.989952481867
2020-02-15,508,555.707375896935
2020-02-15,528,290.989718289251
2020-02-15,557,520.756294356536
2020-02-15,963,855.802760653555
2020-02-15,438,769.185041157519
2020-02-15,1107,579.033518677675
2020-02-15,403,692.701083614141
2020-02-15,369,409.033271318673
2020-02-15,644,446.377740096248
2020-02-15,487,291.935187830894
2020-02-15,622,299.89892319928
2020-02-15,291,544.513701545845
2020-02-15,500,808.775025114757
2020-02-15,685,534.054233016594
2020-02-15,621,598.245558903261
2020-02-15,398,480.605777513608
2020-02-15,757,661.516097669798
2020-02-15,1173,817.571793903597
2020-02-15,1374,1050.72838547126
2020-02-15,1286,842.779239338523
2020-02-15,1252,586.389318929806
2020-02-15,816,517.187605708756
2020-02-15,861,549.834658141854
2020-02-15,826,688.593158739538
2020-02-15,1087,423.47199877405
2020-02-15,402,883.392199379738
2020-02-15,869,1540.3577101808
2020-02-15,272,731.582184826535
2020-02-15,1735,524.42791800092
2020-02-15,1017,431.388892127864
2020-02-15,487,743.508487362723
2020-02-15,784,601.114345049463
2020-02-15,1095,1359.30796187809
2020-02-15,1213,617.463974135604
2020-02-15,610,656.531677263315
2020-02-15,403,355.799271395207
2020-02-15,928,585.333797760881
2020-02-15,779,359.46457680115
2020-02-15,334,656.39295519914
2020-02-15,864,608.632016964611
2020-02-15,31,510.729700462929
2020-02-15,555,211.800038752563
2020-02-15,408,421.396736335556
2020-02-15,752,532.261254023658
2020-02-15,280,577.647336522068
2020-02-15,872,550.782758993423
2020-02-15,310,382.382986646
2020-02-15,480,415.903079250022
2020-02-15,324,450.151079243885
2020-02-15,458,412.284259267264
2020-02-15,293,287.755386466467
2020-02-15,380,346.17750779546
2020-02-15,750,407.659626549863
2020-02-15,704,436.710741951244
2020-02-15,745,398.258743486856
2020-02-15,576,578.699327406731
2020-02-15,600,345.580143624373
2020-02-15,583,403.702812060916
2020-02-15,864,485.766698132994
2020-02-15,538,424.273721302474
2020-02-15,467,455.514525368299
2020-02-15,884,409.421459779268
2020-02-15,463,498.139967348135
2020-02-15,556,387.92016825932
2020-02-15,713,438.161204636399
2020-02-15,758,690.529702540434
2020-02-15,590,334.953888896164
2020-02-15,520,186.057837294661
2020-02-15,475,160.423201061968
2020-02-15,360,205.618923736397
2020-02-15,473,397.626647554888
2020-02-15,676,435.552544025873
2020-02-15,428,255.806755135139
2020-02-15,569,606.942673445625
2020-02-15,1301,543.079568027762
2020-02-15,421,766.013838320292
2020-02-15,416,516.365755256452
2020-02-15,786,297.590235080711
2020-02-15,168,716.095376229052
2020-02-15,980,611.545317775893
2020-02-15,1282,1010.14491201282
2020-02-15,1125,430.920361601491
2020-02-15,696,502.722349445712
2020-02-15,924,407.897429564723
2020-02-15,1720,587.971632224493
2020-02-15,446,436.60180982823
2020-02-15,525,523.05769176104
2020-02-15,361,489.925430799727
2020-02-15,399,492.22829176603
2020-02-15,858,708.589451659823
2020-02-15,1586,920.187082244372
2020-02-15,680,682.696769511018
2020-02-15,905,571.541531370937
2020-02-15,464,566.580925310276
2020-02-15,763,511.97147879084
2020-02-15,976,320.725812594033
2020-02-15,407,666.337645661304
2020-02-15,527,409.32225015111
2020-02-15,304,422.619777973199
2020-02-15,260,220.633467204039
2020-02-15,1048,280.362807178813
2020-02-15,397,427.560804758985
2020-02-15,976,270.185976844643
2020-02-15,447,213.749096393161
2020-02-15,613,331.261295473184
2020-02-15,629,351.757537911589
2020-02-15,246,394.01594455747
2020-02-15,354,313.702671069388
2020-02-15,442,358.815927934192
2020-02-15,703,471.628597309651
2020-02-15,492,338.19511209564
2020-02-15,372,226.4813623149
2020-02-15,243,431.479948874407
2020-02-15,401,141.835503020044
2020-02-15,266,377.205992183663
2020-02-15,126,236.309614004551
2020-02-15,279,192.986440256497
2020-02-15,370,341.397564986244
2020-02-15,442,381.414354050487
2020-02-15,49,372.870168225692
2020-02-15,182,255.98837886198
2020-02-15,802,226.89296740127
2020-02-15,431,316.25504391769
2020-02-15,255,201.710620780581
2020-02-15,443,195.792827082777
2020-02-15,393,256.298410222699
2020-02-15,57,194.116143879445
2020-02-15,231,113.134326378471
2020-02-15,169,138.20541480118
2020-02-15,159,177.60905201094
2020-02-15,160,175.604417856383
2020-02-15,325,196.048111411306
2020-02-15,116,287.300752024612
2020-02-15,175,148.590688899863
2020-02-15,140,167.747973308513
2020-02-15,519,230.170097414909
2020-02-15,169,182.375783151494
2020-02-15,164,171.03455508131
2020-02-15,209,126.455664204254
2020-02-15,158,189.459630673652
2020-02-15,406,135.141489554081
2020-02-15,462,294.527246293637
2020-02-15,117,178.422873882493
2020-02-15,89,219.522145165674
2020-02-15,79,117.284554362591
2020-02-15,89,196.712758948315
2020-02-15,403,334.106056573627
2020-02-15,555,339.387875176863
2020-02-15,479,387.619631907571
2020-02-15,619,277.981890462165
2020-02-15,360,369.092794896257
2020-02-15,277,326.335592210736
2020-02-15,571,252.281322543976
2020-02-15,362,228.437407010893
2020-02-15,244,327.392283234285
2020-02-15,500,487.482574122216
2020-02-15,206,218.701508166194
2020-02-15,535,375.15314631707
2020-02-15,305,357.077894737966
2020-02-15,843,605.923311596331
2020-02-15,403,691.374050794501
2020-02-15,399,410.358427917409
2020-02-15,753,517.341439976528
2020-02-15,404,374.949364430079
2020-02-15,629,528.584392383929
2020-02-15,556,367.164170258902
2020-02-15,884,596.54540719061
2020-02-15,644,485.375406670873
2020-02-15,1016,323.308816614061
2020-02-15,494,83.9038010544004
2020-02-15,203,171.531541984761
2020-02-15,180,201.956311121065
2020-02-15,469,245.011201627739
2020-02-15,307,193.164554469752
2020-02-15,524,433.974149850599
2020-02-15,697,240.883740152167
2020-02-15,421,243.142729340553
2020-02-15,395,344.748688630478
2020-02-15,362,316.57619463916
2020-02-15,156,271.672976039149
2020-02-15,630,172.862927207632
2020-02-15,281,352.631078554181
2020-02-15,488,538.093128498765
2020-02-15,765,470.914166006907
2020-02-16,156,204.670510397596
2020-02-16,401,84.619891194261
2020-02-16,194,181.020028986206
2020-02-16,334,155.4162855578
2020-02-16,69,174.33356825446
2020-02-16,160,167.602683126684
2020-02-16,101,90.4912912396729
2020-02-16,143,132.8805121703
2020-02-16,183,119.083724544156
2020-02-16,97,124.453462387562
2020-02-16,382,226.017297166115
2020-02-16,159,197.312713481052
2020-02-16,552,264.391732337651
2020-02-16,110,357.918907154694
2020-02-16,348,179.155482970546
2020-02-16,180,212.767109576764
2020-02-16,220,171.167022387039
2020-02-16,167,184.500773250136
2020-02-16,155,218.634182682587
2020-02-16,274,146.012943979545
2020-02-16,190,124.906394308486
2020-02-16,161,142.107888888983
2020-02-16,351,254.603051589271
2020-02-16,237,297.314092517622
2020-02-16,152,191.423390145531
2020-02-16,273,191.657804418425
2020-02-16,327,150.015686479449
2020-02-16,238,218.886992046882
2020-02-16,91,179.420368438091
2020-02-16,136,153.242502255719
2020-02-16,219,220.959088756658
2020-02-16,408,166.157073837827
2020-02-16,334,269.37290725031
2020-02-16,304,193.29438250635
2020-02-16,162,276.76326210749
2020-02-16,203,143.961178367798
2020-02-16,135,262.705731893292
2020-02-16,140,239.756083048596
2020-02-16,142,146.65421602271
2020-02-16,235,193.775083684666
2020-02-16,145,220.378669459809
2020-02-16,201,126.998472810236
2020-02-16,188,141.051772245752
2020-02-16,181,110.908394848294
2020-02-16,185,204.761291372526
2020-02-16,254,126.554722874942
2020-02-16,186,169.218611311248
2020-02-16,203,229.897270776478
2020-02-16,322,194.065117040707
2020-02-16,121,126.182093802673
2020-02-16,76,181.248035971106
2020-02-16,352,209.830812517762
2020-02-16,282,191.20050749176
2020-02-16,201,177.488946465325
2020-02-16,302,151.13553142909
2020-02-16,245,135.794201232878
2020-02-16,79,132.260001715918
2020-02-16,128,92.9457532302188
2020-02-16,109,130.454215550857
2020-02-16,91,128.484731101667
2020-02-16,104,138.999011235909
2020-02-16,81,127.907454318532
2020-02-16,122,167.805737410288
2020-02-16,189,200.614395436589
2020-02-16,141,207.789716919226
2020-02-16,234,164.168047372917
2020-02-16,151,160.423356566301
2020-02-16,181,178.420742507526
2020-02-16,269,123.529479712176
2020-02-16,93,120.471990815684
2020-02-16,115,158.725080442623
2020-02-16,27,101.527523296837
2020-02-16,193,75.339203075475
2020-02-16,168,123.139715534422
2020-02-16,149,146.264939833103
2020-02-16,312,189.159101671635
2020-02-16,309,146.421575331354
2020-02-16,208,154.517539230568
2020-02-16,178,136.94722518355
2020-02-16,0,460.541470278899
2020-02-16,179,144.533797908721
2020-02-16,81,130.717998274367
2020-02-16,64,115.797493025311
2020-02-16,99,107.078825052607
2020-02-16,99,73.0985738052916
2020-02-16,90,91.2006217651155
2020-02-16,19,295.120910182367
2020-02-16,85,89.7139230412629
2020-02-16,155,119.861472586849
2020-02-16,264,178.73004718993
2020-02-16,357,197.459453086131
2020-02-16,205,318.57902647283
2020-02-16,312,266.312389097579
2020-02-16,89,320.413152405014
2020-02-16,218,212.142201716708
2020-02-16,359,214.317226287114
2020-02-16,229,104.055649770783
2020-02-16,261,179.942114694221
2020-02-16,290,236.736104454693
2020-02-16,291,138.822655242742
2020-02-16,424,225.578328553816
2020-02-16,234,150.76527669416
2020-02-16,235,170.116111534862
2020-02-16,332,217.895413609801
2020-02-16,341,220.229565888492
2020-02-16,252,227.429370951182
2020-02-16,242,178.83125750598
2020-02-16,473,157.120568494675
2020-02-16,299,183.290992231932
2020-02-16,181,166.544036486874
2020-02-16,160,170.425908789193
2020-02-16,337,233.602930138299
2020-02-16,260,180.442039538829
2020-02-16,182,192.719014840982
2020-02-16,128,182.842912685687
2020-02-16,222,195.788934945387
2020-02-16,264,186.023854983663
2020-02-16,270,86.5777822277303
2020-02-16,72,156.348954132124
2020-02-16,115,79.6659887653254
2020-02-16,96,114.24042221997
2020-02-16,126,98.5533837759652
2020-02-16,153,100.136461923473
2020-02-16,123,126.188112670674
2020-02-16,92,135.363856991568
2020-02-16,86,214.009812606616
2020-02-16,106,162.199155637995
2020-02-16,116,159.577955527969
2020-02-16,225,193.691499705738
2020-02-16,417,182.651610944206
2020-02-16,196,255.364613572151
2020-02-16,152,199.75120846702
2020-02-16,284,160.7401284298
2020-02-16,239,193.766577797557
2020-02-16,279,173.722732601407
2020-02-16,309,234.059769169838
2020-02-16,149,200.866783525991
2020-02-16,195,141.165611977125
2020-02-16,215,129.874769722357
2020-02-16,233,263.80000682981
2020-02-16,76,146.408849157593
2020-02-16,329,225.880162334814
2020-02-16,528,223.73356465193
2020-02-16,133,192.399325442838
2020-02-16,213,156.399268974402
2020-02-16,271,245.82853465389
2020-02-16,107,160.14824194803
2020-02-16,269,295.163781163055
2020-02-16,204,142.961989064451
2020-02-16,166,319.222457448702
2020-02-16,457,206.963147197903
2020-02-16,362,197.469760051024
2020-02-16,165,231.028037838982
2020-02-16,210,268.934860109878
2020-02-16,168,202.367193546993
2020-02-16,138,107.311188860956
2020-02-16,256,137.643543489602
2020-02-16,171,162.006203408662
2020-02-16,260,178.665848866761
2020-02-16,214,179.564214371921
2020-02-16,398,228.284036685955
2020-02-16,141,188.479061042871
2020-02-16,223,269.191290276086
2020-02-16,137,205.312181382134
2020-02-16,212,164.620144382566
2020-02-16,254,150.104958924373
2020-02-16,92,217.801195682725
2020-02-16,235,178.672372832807
2020-02-16,134,161.198920544203
2020-02-16,257,80.6950679996972
2020-02-16,241,266.644403448742
2020-02-16,317,219.525694709035
2020-02-16,194,151.086987411092
2020-02-16,452,282.707188988238
2020-02-16,238,159.835841720139
2020-02-16,555,123.788362539436
2020-02-16,290,365.868701068616
2020-02-16,171,140.422266359437
2020-02-16,384,410.585063107747
2020-02-16,372,190.760332853422
2020-02-16,378,137.368150067267
2020-02-16,768,326.111224456583
2020-02-16,533,478.81435831097
2020-02-16,1042,153.330833178418
2020-02-16,490,207.800351035758
2020-02-16,1054,272.072829912366
2020-02-16,281,316.773612769761
2020-02-16,763,344.303560572732
2020-02-16,282,458.654788805026
2020-02-16,370,314.542059833324
2020-02-16,546,366.651638143373
2020-02-16,846,217.056570005776
2020-02-16,530,352.541544295149
2020-02-16,777,235.016403200466
2020-02-16,129,312.465423155484
2020-02-16,634,206.066933506399
2020-02-16,778,115.326724501574
2020-02-16,0,488.688215235776
2020-02-16,609,283.337441842683
2020-02-16,202,525.590773506066
2020-02-16,65,230.116468431961
2020-02-16,547,183.243942532417
2020-02-16,226,276.443928611321
2020-02-16,350,178.157812364445
2020-02-16,279,311.177145727125
2020-02-16,514,686.898516572189
2020-02-16,598,653.888633696488
2020-02-16,455,347.634063914384
2020-02-16,622,517.599092450284
2020-02-16,562,431.162037366375
2020-02-16,641,331.132604628296
2020-02-16,693,387.865027541523
2020-02-16,1528,483.220839817567
2020-02-16,429,285.553583626642
2020-02-16,630,761.932540185
2020-02-16,473,582.612106657816
2020-02-16,611,550.582629435774
2020-02-16,1523,560.745101580212
2020-02-16,376,391.155614662215
2020-02-16,499,362.584133638155
2020-02-16,558,295.836634486458
2020-02-16,1269,628.092412193434
2020-02-16,315,589.852238297162
2020-02-16,489,225.90437583116
2020-02-16,509,333.070328632327
2020-02-16,513,617.393204506596
2020-02-16,998,477.736165760418
2020-02-16,924,639.098374922387
2020-02-16,0,1237.46700120849
2020-02-16,751,425.371846040321
2020-02-16,105,177.419406581453
2020-02-16,102,191.856855731386
2020-02-16,104,139.500996887651
2020-02-16,631,212.755396842424
2020-02-16,482,327.820468272016
2020-02-16,620,237.972576348359
2020-02-16,368,379.873539939874
2020-02-16,228,267.891563077582
2020-02-16,611,279.133461727342
2020-02-16,297,253.067074991378
2020-02-16,200,296.5705256076
2020-02-16,498,415.167926039767
2020-02-16,694,375.487034995098
2020-02-16,183,299.276564733913
2020-02-16,568,250.338168626361
2020-02-16,440,635.524457052651
2020-02-16,505,504.547627448609
2020-02-16,541,340.952164201222
2020-02-16,562,202.894551147216
2020-02-16,170,493.291227756202
2020-02-16,765,481.843724391887
2020-02-16,349,425.80392567722
2020-02-16,222,124.9642862903
2020-02-16,470,588.961135686435
2020-02-16,552,311.446862026014
2020-02-16,1104,430.850837261086
2020-02-16,435,340.781969654033
2020-02-16,780,430.494107288184
2020-02-16,644,278.760687149105
2020-02-16,696,562.15969309445
2020-02-16,484,598.380958734216
2020-02-16,568,162.635769235437
2020-02-16,345,333.542268662662
2020-02-16,914,619.487470491011
2020-02-16,272,777.159589033997
2020-02-16,645,163.597687408524
2020-02-16,1348,373.563150302911
2020-02-16,757,380.879194322324
2020-02-16,642,627.123673480751
2020-02-16,664,512.896107739227
2020-02-16,521,386.061582581622
2020-02-16,339,451.359206340593
2020-02-16,607,168.962621424416
2020-02-16,319,372.187400376369
2020-02-16,561,249.098663700177
2020-02-16,190,288.315004340544
2020-02-16,391,102.204524441367
2020-02-16,247,244.862947562834
2020-02-16,609,153.858703083037
2020-02-16,387,123.047750916129
2020-02-16,238,403.09031905504
2020-02-16,393,68.8251247984118
2020-02-16,226,267.304303474367
2020-02-16,256,378.413034893567
2020-02-16,404,470.269314148733
2020-02-16,103,517.750532202716
2020-02-16,523,205.974572580364
2020-02-16,637,301.495429621033
2020-02-16,522,214.138241719752
2020-02-16,732,438.103957111823
2020-02-16,426,560.195290205636
2020-02-16,668,715.073293649903
2020-02-16,433,451.809682793422
2020-02-16,900,376.155609799329
2020-02-16,294,769.862546283167
2020-02-16,1469,637.318337042052
2020-02-16,670,352.30933800378
2020-02-16,708,463.105097676902
2020-02-16,308,388.835929329717
2020-02-16,719,671.280323501039
2020-02-16,792,603.774971471095
2020-02-16,517,472.27330685304
2020-02-16,442,330.987689170985
2020-02-16,538,505.033593436775
2020-02-16,1264,444.681717773563
2020-02-16,919,1006.95723811875
2020-02-16,273,601.533147514048
2020-02-16,978,1293.98609467411
2020-02-16,670,989.561063159629
2020-02-16,502,543.468730437565
2020-02-16,923,359.394905002895
2020-02-16,715,671.853822688688
2020-02-16,215,581.881054837953
2020-02-16,718,727.228702713263
2020-02-16,1305,491.036165685097
2020-02-16,581,342.727934640663
2020-02-16,305,376.066895048244
2020-02-16,731,352.381197257646
2020-02-16,472,376.513002963752
2020-02-16,356,503.812467279398
2020-02-16,551,480.42676029368
2020-02-16,521,367.788115042595
2020-02-16,441,382.910384632834
2020-02-16,650,340.038281635665
2020-02-16,741,530.916913179796
2020-02-16,563,442.780982509565
2020-02-16,376,401.016964886706
2020-02-16,689,447.194949261872
2020-02-16,267,314.654077885573
2020-02-16,211,216.04148536082
2020-02-16,357,374.138889803786
2020-02-16,231,402.278010581542
2020-02-16,228,313.536496515853
2020-02-16,469,427.257795903958
2020-02-16,532,298.672861757779
2020-02-16,332,490.832047563236
2020-02-16,479,325.234981517512
2020-02-16,740,547.208426741786
2020-02-16,746,445.82702821688
2020-02-16,625,317.177685155017
2020-02-16,558,523.581389445584
2020-02-16,607,340.420348529967
2020-02-16,299,179.945377457708
2020-02-16,106,200.490083293582
2020-02-16,368,272.303581886294
2020-02-16,360,374.193682953336
2020-02-16,754,350.720365268185
2020-02-16,270,392.721170314371
2020-02-16,306,428.900549614756
2020-02-16,249,432.411426307914
2020-02-16,255,371.661206597559
2020-02-16,319,259.046804799495
2020-02-16,460,247.417115297163
2020-02-16,413,478.339006941165
2020-02-16,321,284.317395445786
2020-02-16,363,328.094010971528
2020-02-16,166,346.452748416453
2020-02-16,240,290.465144931261
2020-02-16,241,254.959760277439
2020-02-16,332,373.58100869572
2020-02-16,387,327.586692025646
2020-02-16,423,280.584016450975
2020-02-16,616,257.857162125591
2020-02-16,633,372.542221792625
2020-02-16,286,451.39931341925
2020-02-16,415,390.497285397551
2020-02-16,415,227.084499233945
2020-02-16,477,232.383979914927
2020-02-16,219,293.347789652292
2020-02-16,614,484.311148045266
2020-02-16,568,381.385318394746
2020-02-16,409,334.750095160544
2020-02-16,639,393.187850605409
2020-02-16,263,523.664758206036
2020-02-16,458,218.93562953703
2020-02-16,177,189.36266109269
2020-02-16,237,198.699856195772
2020-02-16,460,317.451420348979
2020-02-16,230,259.495941636795
2020-02-16,305,442.224289768749
2020-02-16,443,390.276386827991
2020-02-16,474,526.34096208043
2020-02-16,277,315.892698216175
2020-02-16,582,429.830209791603
2020-02-16,284,326.392769018901
2020-02-16,524,586.810150681573
2020-02-16,484,619.150717744997
2020-02-16,1164,278.344132685782
2020-02-16,354,275.32417544346
2020-02-16,251,414.144309985173
2020-02-16,397,357.10583339085
2020-02-16,585,356.625056300612
2020-02-16,618,359.933999572435
2020-02-16,441,382.41909056925
2020-02-16,517,419.058769385705
2020-02-16,279,427.176393153528
2020-02-16,848,324.805708576305
2020-02-16,699,418.278653274723
2020-02-16,595,427.614721280206
2020-02-16,422,429.604867077422
2020-02-16,344,268.684589983518
2020-02-16,372,268.962305963689
2020-02-16,130,414.586427144321
2020-02-16,241,230.896549666353
2020-02-16,378,214.318232621091
2020-02-16,856,433.522612117066
2020-02-16,566,402.062659297451
2020-02-16,377,566.224398308944
2020-02-16,297,465.608670847889
2020-02-16,366,281.281960463515
2020-02-16,563,450.746190244902
2020-02-16,210,278.390817079271
2020-02-16,458,341.367097302776
2020-02-16,170,187.031962014327
2020-02-16,142,174.167649481548
2020-02-16,262,231.384162003854
2020-02-16,137,192.999807614614
2020-02-16,420,235.710589678124
2020-02-16,180,158.522975276444
2020-02-16,285,259.582878855685
2020-02-16,407,325.007255496452
2020-02-16,251,355.895853569403
2020-02-16,335,211.043755359254
2020-02-16,190,221.074884438997
2020-02-16,242,182.954620993035
2020-02-16,138,257.319383799044
2020-02-16,318,181.068749849604
2020-02-16,478,299.754926292148
2020-02-16,286,186.420043277134
2020-02-16,261,199.627813787121
2020-02-16,579,335.702992649425
2020-02-16,521,316.705441141031
2020-02-16,413,320.715792224107
2020-02-16,91,281.809803093207
2020-02-16,305,269.806098792048
2020-02-16,697,464.613126706472
2020-02-16,605,367.847904106675
2020-02-16,279,213.857645728762
2020-02-16,388,373.643297358765
2020-02-16,296,248.039690983234
2020-02-16,559,254.049845001286
2020-02-16,224,248.471995912167
2020-02-16,841,378.450997923063
2020-02-16,530,262.375236480301
2020-02-16,712,294.150973144865
2020-02-16,223,386.988941899338
2020-02-16,173,358.907121034655
2020-02-16,73,212.050136546106
2020-02-16,98,194.803448502965
2020-02-16,377,381.02381017977
2020-02-16,393,360.36212600758
2020-02-16,398,213.959600437582
2020-02-16,372,387.886554090839
2020-02-16,463,258.591340311303
2020-02-16,294,221.597299486598
2020-02-16,304,356.279722199014
2020-02-16,182,254.011052752198
2020-02-16,551,438.856205147041
2020-02-16,165,270.208627853612
2020-02-16,216,346.597599585821
2020-02-16,177,219.62702483728
2020-02-16,395,145.717880780883
2020-02-16,279,358.351796811322
2020-02-16,252,296.117068498727
2020-02-16,185,315.945934001667
2020-02-16,569,225.377604822527
2020-02-16,486,361.638879374445
2020-02-16,320,320.299294981883
2020-02-16,253,179.067073579505
2020-02-16,320,245.185044882015
2020-02-16,234,305.222550308249
2020-02-16,93,100.192200406718
2020-02-16,392,303.863546614453
2020-02-16,268,319.830198446822
2020-02-16,232,205.63722883082
2020-02-16,319,249.396435400415
2020-02-16,386,217.539433180941
2020-02-16,229,222.482352318741
2020-02-16,251,130.040663070365
2020-02-16,93,179.338934124369
2020-02-16,89,136.322290804442
2020-02-16,183,155.14207366784
2020-02-16,537,258.396920974671
2020-02-16,348,319.674084599115
2020-02-16,257,193.20358969728
2020-02-16,136,277.977405716904
2020-02-16,397,211.82085177134
2020-02-16,112,115.168367076586
2020-02-16,212,296.584450848707
2020-02-16,146,247.948427945285
2020-02-16,147,137.393154839031
2020-02-16,314,263.28756152227
2020-02-16,418,214.991775425282
2020-02-16,460,532.084240344221
2020-02-16,248,309.028680341239
2020-02-16,392,331.609929399919
2020-02-16,373,183.292904572101
2020-02-16,391,394.43925867369
2020-02-16,746,469.938592032455
2020-02-16,597,461.229632070422
2020-02-16,602,330.672393757339
2020-02-16,309,221.730901468252
2020-02-16,769,275.835109249232
2020-02-16,251,352.703520395647
2020-02-16,329,414.806233820347
2020-02-16,195,91.0259263241004
2020-02-16,143,199.56933162419
2020-02-16,265,160.035367935624
2020-02-16,323,258.668521627534
2020-02-16,328,140.311111101675
2020-02-16,270,186.946563886264
2020-02-16,390,421.949295716029
2020-02-16,379,248.137865665832
2020-02-16,737,248.304297704161
2020-02-16,281,140.57948679648
2020-02-16,309,217.582299606507
2020-02-16,226,234.534664551788
2020-02-16,474,408.355302002109
2020-02-16,414,264.586638969828
2020-02-16,201,171.126276729514
2020-02-16,197,249.09018900996
2020-02-16,158,213.861854915613
2020-02-16,567,237.208368698114
2020-02-16,312,226.92640737777
2020-02-16,641,550.347299766625
2020-02-16,717,362.644796500859
2020-02-16,559,277.158106615346
2020-02-16,312,409.710033285555
2020-02-16,417,366.907964471315
2020-02-16,421,195.585716241736
2020-02-16,343,265.497966327426
2020-02-16,211,228.671997200721
2020-02-16,363,464.308350220757
2020-02-16,1048,368.596163285749
2020-02-16,379,357.118899242416
2020-02-16,477,353.753331367287
2020-02-16,578,362.390013006586
2020-02-16,255,269.643819951415
2020-02-16,259,223.586822708537
2020-02-16,579,387.64736576931
2020-02-16,376,403.282421863893
2020-02-16,434,183.59687508345
2020-02-16,175,143.805112200066
2020-02-16,176,173.326065786659
2020-02-16,136,165.59696916485
2020-02-16,402,513.469822366172
2020-02-16,395,256.165254434105
2020-02-16,492,513.56733398789
2020-02-16,635,332.979531996947
2020-02-16,1108,364.216582129082
2020-02-16,567,201.453392807864
2020-02-16,446,331.404241021884
2020-02-16,337,341.227556767431
2020-02-16,283,364.725924293996
2020-02-16,291,470.070766142524
2020-02-16,124,569.623231370069
2020-02-16,743,612.181499245865
2020-02-16,470,578.367389360268
2020-02-16,376,266.241408660829
2020-02-16,360,219.678765486072
2020-02-16,230,387.889811150774
2020-02-16,366,272.288750958161
2020-02-16,417,256.256019985791
2020-02-16,392,293.371420967403
2020-02-16,354,417.212252979468
2020-02-16,299,256.876725264521
2020-02-16,297,345.70734161465
2020-02-16,302,397.489483975861
2020-02-16,279,314.948756641467
2020-02-16,305,206.28042525132
2020-02-16,516,286.347300148413
2020-02-16,307,275.099391721354
2020-02-16,224,487.27022442644
2020-02-16,873,416.640480413423
2020-02-16,338,429.16870363364
2020-02-16,282,155.190793949214
2020-02-16,303,485.97807438166
2020-02-16,636,748.424539223564
2020-02-16,755,680.057479239593
2020-02-16,301,310.618821162816
2020-02-16,269,301.375040205408
2020-02-16,523,317.216518233932
2020-02-16,424,331.109614215395
2020-02-16,357,316.149023154202
2020-02-16,540,376.730623719846
2020-02-16,194,277.867474821378
2020-02-16,204,298.150388162541
2020-02-16,313,203.357755382725
2020-02-16,360,369.014445099927
2020-02-16,231,252.306206679556
2020-02-16,249,243.634526949512
2020-02-16,421,205.785000231698
2020-02-16,323,337.319238512214
2020-02-16,524,291.589690796382
2020-02-16,157,283.916183434758
2020-02-16,503,259.138471729857
2020-02-16,346,370.933189509056
2020-02-16,223,204.447407832168
2020-02-16,420,190.760798436417
2020-02-16,172,171.305689661075
2020-02-16,171,229.478170672862
2020-02-16,381,473.814560826279
2020-02-16,255,185.212166916584
2020-02-16,488,403.008805376302
2020-02-16,368,331.104692419746
2020-02-16,639,246.479553507258
2020-02-16,187,347.138250444171
2020-02-16,330,446.63455176951
2020-02-16,389,229.557606136849
2020-02-16,483,318.085272795784
2020-02-16,339,254.121404605252
2020-02-16,236,334.265797799426
2020-02-16,232,274.756776641604
2020-02-16,399,145.074565031428
2020-02-16,376,211.562205414605
2020-02-16,359,480.280653805788
2020-02-16,509,275.877330619871
2020-02-16,693,471.86176243689
2020-02-16,517,341.819117951337
2020-02-16,478,280.766650634298
2020-02-16,314,428.278917094584
2020-02-16,229,200.437606487469
2020-02-16,340,309.20221224544
2020-02-16,182,260.672689290139
2020-02-16,345,223.46626659997
2020-02-16,212,228.160276236448
2020-02-16,308,222.908961888729
2020-02-16,259,235.84600298937
2020-02-16,560,356.763685260147
2020-02-16,524,364.187802294526
2020-02-16,434,276.467056693581
2020-02-16,434,328.072810713023
2020-02-16,263,289.444630545241
2020-02-16,264,330.5681825753
2020-02-16,223,357.081722863824
2020-02-16,309,212.322986436087
2020-02-16,588,330.167300589113
2020-02-16,114,209.907597526395
2020-02-16,315,240.131652989131
2020-02-16,268,386.151408798697
2020-02-16,404,353.306266747374
2020-02-16,596,509.881667058492
2020-02-16,358,218.637123958389
2020-02-16,424,503.884324899098
2020-02-16,337,354.260231054861
2020-02-16,488,421.096694177672
2020-02-16,344,438.842370200642
2020-02-16,541,271.54053811995
2020-02-16,282,358.192877694181
2020-02-16,385,336.216602646049
2020-02-16,499,284.475930938132
2020-02-16,214,316.770222512259
2020-02-16,266,368.627934166042
2020-02-16,242,192.889472779457
2020-02-16,272,296.58992012644
2020-02-16,196,261.521477352333
2020-02-16,472,518.189878561977
2020-02-16,598,486.97437124998
2020-02-16,408,284.921469966946
2020-02-16,544,450.60136526257
2020-02-16,317,176.137112268002
2020-02-16,281,451.703143492792
2020-02-16,533,204.020786383431
2020-02-16,205,253.325375829166
2020-02-16,149,285.249925477304
2020-02-16,492,343.535647151444
2020-02-16,289,217.443200282126
2020-02-16,396,303.021101505998
2020-02-16,364,196.39506235738
2020-02-16,252,213.296126593767
2020-02-16,560,238.403564219791
2020-02-16,189,208.083942005286
2020-02-16,310,320.081377934023
2020-02-16,239,289.305516774135
2020-02-16,223,209.371917321775
2020-02-16,219,204.853219463304
2020-02-16,127,133.663020517253
2020-02-16,166,207.607278343767
2020-02-16,307,194.86988978721
2020-02-16,446,273.997339362361
2020-02-16,258,248.749761276639
2020-02-16,250,162.011948710975
2020-02-16,332,197.704791862678
2020-02-16,199,284.068525078658
2020-02-16,278,186.167683632034
2020-02-16,216,103.718450935315
2020-02-16,430,360.959400847021
2020-02-16,342,258.87513238171
2020-02-16,277,283.39334106634
2020-02-16,405,303.488236512124
2020-02-16,209,205.232401933017
2020-02-16,180,244.311190951012
2020-02-16,265,162.849030602688
2020-02-16,309,277.988961796702
2020-02-16,443,270.54067263697
2020-02-16,339,236.492569633191
2020-02-16,356,258.713770292272
2020-02-16,262,231.049102999247
2020-02-16,176,329.971440079203
2020-02-16,359,269.421647890551
2020-02-16,370,347.771083179768
2020-02-16,490,289.919839118322
2020-02-16,314,460.139615326605
2020-02-16,335,236.232780515689
2020-02-16,528,306.297998724976
2020-02-16,386,233.905639460602
2020-02-16,304,321.294277553458
2020-02-16,254,217.133790253674
2020-02-16,348,270.389474587649
2020-02-16,297,207.413598214875
2020-02-16,316,248.387552507239
2020-02-16,432,228.286416046215
2020-02-16,127,368.231660916235
2020-02-16,453,273.006920084081
2020-02-16,222,303.662035763585
2020-02-16,119,296.23812459562
2020-02-16,307,343.973264687654
2020-02-16,427,241.451147915847
2020-02-16,498,319.709290808836
2020-02-16,545,517.298738259802
2020-02-16,361,699.892619647552
2020-02-16,245,365.340259161125
2020-02-16,289,196.011242734173
2020-02-16,318,251.852622638029
2020-02-16,507,319.368068025513
2020-02-16,496,364.325173843751
2020-02-16,233,220.156205724691
2020-02-16,321,294.653734196372
2020-02-16,172,157.215748021946
2020-02-16,298,202.914422926517
2020-02-16,114,190.718366658909
2020-02-16,370,224.057774080502
2020-02-16,199,273.302157032177
2020-02-16,418,192.569855721443
2020-02-16,192,285.315278272767
2020-02-16,442,266.027735195751
2020-02-16,131,143.897273477363
2020-02-16,101,179.039889766809
2020-02-16,283,139.441144695023
2020-02-16,201,141.778366777563
2020-02-16,460,203.010140655219
2020-02-16,75,235.705650578842
2020-02-16,66,186.815875898364
2020-02-16,186,121.52101495026
2020-02-16,261,125.647052752077
2020-02-16,352,97.8467375391669
2020-02-16,86,109.715689502929
2020-02-16,185,139.524034630769
2020-02-16,278,160.316053316899
2020-02-16,272,122.978092891159
2020-02-16,158,211.36300546122
2020-02-16,158,130.254437419101
2020-02-16,91,124.265078699341
2020-02-16,233,158.485018622679
2020-02-16,158,349.011131898563
2020-02-16,595,240.265818758662
2020-02-16,88,266.148157980284
2020-02-16,359,303.287766219226
2020-02-16,248,208.304278361552
2020-02-16,408,245.192040373541
2020-02-16,309,246.24317835831
2020-02-16,409,250.06852626745
2020-02-16,198,245.070291904948
2020-02-16,620,262.24775750085
2020-02-16,88,290.440848715222
2020-02-16,167,277.599497707162
2020-02-16,297,79.2848020098116
2020-02-16,156,184.812827960164
2020-02-16,391,235.911764232979
2020-02-16,352,201.503096482329
2020-02-16,215,181.431945285701
2020-02-16,87,209.100334820484
2020-02-16,308,217.924493235613
2020-02-16,121,180.744446595875
2020-02-16,356,92.701950025187
2020-02-16,272,125.25708313929
2020-02-16,140,153.718344410767
2020-02-16,59,146.612054597588
2020-02-16,159,231.545272241083
2020-02-16,249,153.964920312994
2020-02-16,12,372.102760999764
2020-02-16,69,193.90302407618
2020-02-16,703,186.963549744803
2020-02-16,243,283.038671124884
2020-02-16,201,625.881666901421
2020-02-16,694,333.761491168607
2020-02-16,861,486.389456772705
2020-02-16,851,417.645040878363
2020-02-16,581,452.371670187298
2020-02-16,615,359.953172912527
2020-02-16,543,704.393086265933
2020-02-16,520,299.683448590822
2020-02-16,681,259.573281569666
2020-02-16,302,216.05433594877
2020-02-16,186,242.635195016776
2020-02-16,225,246.105026488874
2020-02-16,491,187.068535991531
2020-02-16,173,236.160345378586
2020-02-16,441,302.324457622698
2020-02-16,195,372.880335690174
2020-02-16,364,246.296375586439
2020-02-16,408,225.264828069315
2020-02-16,244,470.931628605106
2020-02-16,612,222.300522852836
2020-02-16,308,365.443110531718
2020-02-16,548,399.853037712793
2020-02-16,193,317.646801707642
2020-02-16,343,435.03708142824
2020-02-16,307,266.036072657541
2020-02-16,126,130.845761711326
2020-02-16,183,264.540219670403
2020-02-16,419,278.233391482295
2020-02-16,239,222.862462320325
2020-02-16,50,98.4800724168637
2020-02-16,185,110.654281796827
2020-02-16,260,255.663969989795
2020-02-16,368,227.145572038114
2020-02-16,318,209.34643523678
2020-02-16,292,248.710222030789
2020-02-16,247,277.398066875851
2020-02-16,463,440.79277830644
2020-02-16,398,197.890471111772
2020-02-16,364,241.764601385439
2020-02-16,454,338.092860625282
2020-02-16,234,223.328671115065
2020-02-16,402,418.938971534882
2020-02-16,570,337.006952228488
2020-02-16,533,346.812592637391
2020-02-16,462,353.696881238699
2020-02-16,343,215.012610055071
2020-02-16,362,246.555742082097
2020-02-16,397,290.653467367456
2020-02-16,282,385.115792333982
2020-02-16,238,508.837393730865
2020-02-16,783,360.80442613765
2020-02-16,841,461.065988817702
2020-02-16,543,400.77339376628
2020-02-16,643,461.866560864858
2020-02-16,309,282.981779763627
2020-02-16,370,270.636282764546
2020-02-16,161,200.547456054716
2020-02-16,415,318.653079473401
2020-02-16,330,263.328450170602
2020-02-16,355,312.359403607525
2020-02-16,240,306.08977821081
2020-02-16,420,241.721075779501
2020-02-16,651,319.718872207752
2020-02-16,320,230.520856511545
2020-02-16,693,541.339566885913
2020-02-16,151,334.314889803856
2020-02-16,649,362.632077049378
2020-02-16,275,399.826164220796
2020-02-16,327,326.567036576413
2020-02-16,363,335.357961878233
2020-02-16,445,353.675597331474
2020-02-16,297,449.331581834156
2020-02-16,415,405.604508090683
2020-02-16,225,261.759163803853
2020-02-16,310,399.042808512537
2020-02-16,490,311.733533357348
2020-02-16,461,310.740481755189
2020-02-16,687,321.740465090363
2020-02-16,386,362.585201886831
2020-02-16,309,370.016609207233
2020-02-16,379,282.343018035556
2020-02-16,309,308.998145658391
2020-02-16,309,341.556285956836
2020-02-16,196,203.453924963098
2020-02-16,735,312.025386872846
2020-02-16,631,367.900804299687
2020-02-16,299,364.771829393431
2020-02-16,398,441.139136537614
2020-02-16,522,302.92515206937
2020-02-16,626,332.574463094324
2020-02-16,241,367.732148470771
2020-02-16,421,379.041362251446
2020-02-16,209,305.715629017279
2020-02-16,786,374.498521895315
2020-02-16,280,447.803578225574
2020-02-16,527,312.971346914645
2020-02-16,247,295.623371697111
2020-02-16,536,508.116905017673
2020-02-16,351,559.600898633513
2020-02-16,377,381.339747784464
2020-02-16,272,335.674205377243
2020-02-16,466,285.453123285701
2020-02-16,532,591.050096448522
2020-02-16,383,287.238080232859
2020-02-16,333,257.187291518743
2020-02-16,388,278.568799600306
2020-02-16,218,207.019615844814
2020-02-16,260,185.620938735569
2020-02-16,351,303.888716253977
2020-02-16,400,191.550185124737
2020-02-16,276,385.805356847125
2020-02-16,381,272.644227427217
2020-02-16,276,325.17996705277
2020-02-16,132,257.423111014106
2020-02-16,192,149.051061149527
2020-02-16,117,268.566113752999
2020-02-16,130,156.711271062548
2020-02-16,201,142.760928033054
2020-02-16,183,253.593295616274
2020-02-16,483,311.080467430204
2020-02-16,334,424.362217261351
2020-02-16,417,257.281760411753
2020-02-16,299,169.3026918712
2020-02-16,287,386.478772766782
2020-02-16,491,312.45719613792
2020-02-16,233,272.160076284068
2020-02-16,455,250.603047302627
2020-02-16,234,369.282294329598
2020-02-16,765,446.023787998674
2020-02-16,271,314.874522301795
2020-02-16,405,214.318114390388
2020-02-16,619,408.043725433953
2020-02-16,306,448.561440643503
2020-02-16,539,245.603357861369
2020-02-16,380,407.279233284858
2020-02-16,414,221.122859570427
2020-02-16,512,216.988167262692
2020-02-16,221,266.552801291509
2020-02-16,414,326.150575252774
2020-02-16,434,563.249473020473
2020-02-16,309,224.953157045434
2020-02-16,517,388.806939911443
2020-02-16,253,293.848409414098
2020-02-16,714,262.96505234602
2020-02-16,356,345.015040868908
2020-02-16,269,316.618565359666
2020-02-16,660,323.098192024942
2020-02-16,407,334.022482108365
2020-02-16,276,358.27028791356
2020-02-16,285,422.984929987245
2020-02-16,887,321.332672894922
2020-02-16,484,549.403602481788
2020-02-16,491,531.649456101098
2020-02-16,633,453.21094990357
2020-02-16,557,335.295383379418
2020-02-16,362,374.594774952534
2020-02-16,547,446.17707673863
2020-02-16,122,255.834111496996
2020-02-16,365,305.25891183939
2020-02-16,242,413.208875550011
2020-02-16,115,287.432518164854
2020-02-16,250,441.717425262469
2020-02-16,231,353.286505733733
2020-02-16,664,277.392762793359
2020-02-16,492,335.854922467552
2020-02-16,247,312.407422100929
2020-02-16,517,286.659787189027
2020-02-16,276,277.390975222346
2020-02-16,538,440.177069765199
2020-02-16,128,325.560950417018
2020-02-16,424,266.341990431481
2020-02-16,148,197.902228188462
2020-02-16,349,265.831992298058
2020-02-16,236,260.638198968135
2020-02-16,298,303.192653408381
2020-02-16,146,319.94347675269
2020-02-16,218,211.413706363449
2020-02-16,302,202.444406798021
2020-02-16,343,821.499943736222
2020-02-16,423,407.408603399032
2020-02-16,470,423.167925607331
2020-02-16,179,234.980118179322
2020-02-16,774,446.01074230139
2020-02-16,464,412.594114909689
2020-02-16,645,405.739770347057
2020-02-16,271,360.446669580445
2020-02-16,472,524.711671207776
2020-02-16,668,299.204082178677
2020-02-16,209,228.883957340061
2020-02-16,267,215.541941980992
2020-02-16,603,370.977946084151
2020-02-16,237,237.416885384916
2020-02-16,525,300.155461931079
2020-02-16,327,291.868897303675
2020-02-16,297,335.539496393817
2020-02-16,455,349.880782345979
2020-02-16,111,350.246832932561
2020-02-16,206,189.154495808235
2020-02-16,278,308.997814807955
2020-02-16,206,284.833605811483
2020-02-16,828,500.016437246536
2020-02-16,649,475.321879582201
2020-02-16,120,412.090261128376
2020-02-16,631,447.13274246619
2020-02-16,544,501.027151286984
2020-02-16,148,347.906002367392
2020-02-16,373,313.820466254747
2020-02-16,671,448.61007606197
2020-02-16,411,515.635583933712
2020-02-16,522,467.672150045481
2020-02-16,370,298.248390864187
2020-02-16,257,205.175603872383
2020-02-16,247,163.221450362308
2020-02-16,385,191.360082353753
2020-02-16,231,396.486357112797
2020-02-16,241,394.248206313826
2020-02-16,442,336.921417460607
2020-02-16,517,240.220755363964
2020-02-16,224,227.277360763109
2020-02-16,236,370.770177906195
2020-02-16,882,806.935344078981
2020-02-16,385,319.902825864218
2020-02-16,480,515.828697340156
2020-02-16,579,528.514993278578
2020-02-16,907,734.560502620092
2020-02-16,909,567.936132405612
2020-02-16,592,581.669169596298
2020-02-16,687,1204.75877433088
2020-02-16,361,352.397258156615
2020-02-16,648,621.608956873851
2020-02-16,209,981.035238877221
2020-02-16,430,514.614820884994
2020-02-16,501,413.261784245031
2020-02-16,1155,402.417838278794
2020-02-16,547,617.651404218248
2020-02-16,168,487.841049233134
2020-02-16,853,1042.9562580659
2020-02-16,295,334.767489206397
2020-02-16,320,448.094127742792
2020-02-16,550,628.131099622667
2020-02-16,564,372.238138828609
2020-02-16,432,406.804556662529
2020-02-16,582,379.588405206095
2020-02-16,261,225.566311429077
2020-02-16,894,458.385068230271
2020-02-16,1000,610.512842338058
2020-02-16,481,647.394407630511
2020-02-16,613,499.94485997484
2020-02-16,316,228.710070025565
2020-02-16,649,493.076461319631
2020-02-16,465,366.160366415301
2020-02-16,483,316.366846075977
2020-02-16,478,550.826997128879
2020-02-16,216,365.547432368903
2020-02-16,283,372.01814656275
2020-02-16,789,533.782711165866
2020-02-16,712,470.182100640095
2020-02-16,602,671.581049131616
2020-02-16,316,754.06801561209
2020-02-16,731,491.402651922809
2020-02-16,376,363.713276498462
2020-02-16,353,278.895869580806
2020-02-16,437,389.015685144476
2020-02-16,418,929.56428027058
2020-02-16,0,281.195422999082
2020-02-16,0,488.904890406638
2020-02-16,0,140.133715804309
2020-02-16,485,524.061086649062
2020-02-16,196,498.806348823451
2020-02-16,301,439.915168573591
2020-02-16,257,282.973652809052
2020-02-16,210,352.275829405499
2020-02-16,180,334.797428423888
2020-02-16,792,279.453007878484
2020-02-16,305,444.140229157682
2020-02-16,217,509.576954806247
2020-02-16,867,638.418176530433
2020-02-16,965,294.145651699406
2020-02-16,758,654.73763024694
2020-02-16,262,556.580503537071
2020-02-16,437,752.16575090089
2020-02-16,414,389.788250399884
2020-02-16,553,245.721372085652
2020-02-16,403,368.722228223184
2020-02-16,489,421.776598388186
2020-02-16,552,509.525358278226
2020-02-16,1000,730.427228483671
2020-02-16,745,421.783493907706
2020-02-16,1141,889.090428619357
2020-02-16,425,661.072437133911
2020-02-16,1305,691.328233086719
2020-02-16,639,298.216160800691
2020-02-16,466,593.735286632645
2020-02-16,608,760.183378803296
2020-02-16,993,656.902426012953
2020-02-16,725,355.660686388863
2020-02-16,377,782.650494192005
2020-02-16,291,457.489039516602
2020-02-16,905,689.453170300951
2020-02-16,864,481.458171414255
2020-02-16,751,355.670402655602
2020-02-16,672,1077.80428928349
2020-02-16,660,546.781893307149
2020-02-16,228,1271.70313629128
2020-02-16,404,667.451061615873
2020-02-16,1240,928.789889437013
2020-02-16,609,510.900858274709
2020-02-16,792,636.333429890369
2020-02-16,1129,427.33820349972
2020-02-16,157,384.271290323696
2020-02-16,498,530.853032397098
2020-02-16,648,626.526998177788
2020-02-16,616,504.427797277091
2020-02-16,518,595.043464322192
2020-02-16,363,291.638466899649
2020-02-16,344,219.342842403166
2020-02-16,376,183.900122014633
2020-02-16,305,581.188632354184
2020-02-16,811,840.404110478051
2020-02-16,825,938.135395850505
2020-02-16,1138,639.543913432399
2020-02-16,1103,824.480023987727
2020-02-16,950,784.186969639531
2020-02-16,2092,1536.65733309858
2020-02-16,1813,892.94362379713
2020-02-16,433,473.172490096098
2020-02-16,660,436.552652068711
2020-02-16,608,538.629624698004
2020-02-16,452,314.717741486382
2020-02-16,459,533.202922542407
2020-02-16,703,413.506070702626
2020-02-16,565,475.364192784313
2020-02-16,693,467.307075453887
2020-02-16,674,536.755742653292
2020-02-16,471,281.706761891451
2020-02-16,466,349.607306105886
2020-02-16,380,414.963211050805
2020-02-16,635,616.832053812929
2020-02-16,429,512.48846768599
2020-02-16,341,300.091658042469
2020-02-16,590,777.144147187318
2020-02-16,1430,1403.58363442592
2020-02-16,1798,846.263359142222
2020-02-16,1123,824.476979950678
2020-02-16,1201,759.851953993759
2020-02-16,807,828.369746983288
2020-02-16,3586,1314.68176024259
2020-02-16,1833,694.048771552653
2020-02-16,140,1007.0326839859
2020-02-16,534,177.455945094649
2020-02-16,320,190.7193545849
2020-02-16,249,433.835311172316
2020-02-16,196,418.222591086781
2020-02-16,336,335.777854233568
2020-02-16,514,243.245492414261
2020-02-16,752,568.524659960824
2020-02-16,409,572.83607483089
2020-02-16,423,383.840516763648
2020-02-16,686,410.993235613356
2020-02-16,485,392.130371783521
2020-02-16,424,279.936077472676
2020-02-16,559,596.673777350791
2020-02-16,740,443.912051460807
2020-02-16,327,325.482815273077
2020-02-16,705,376.235948564087
2020-02-16,670,456.09965432271
2020-02-16,870,368.350563099685
2020-02-16,639,536.761818574021
2020-02-16,939,374.060749722605
2020-02-16,461,416.287466789756
2020-02-16,932,438.285001096694
2020-02-16,574,219.419629025728
2020-02-16,762,543.577271503976
2020-02-16,761,377.944988646832
2020-02-16,809,619.194399192631
2020-02-16,864,467.473634240059
2020-02-16,443,399.24222536253
2020-02-16,673,439.401635540167
2020-02-16,370,345.127679317908
2020-02-16,381,475.585547953261
2020-02-16,694,608.573264199859
2020-02-16,276,403.769079618796
2020-02-16,609,510.851503431238
2020-02-16,370,343.192977239816
2020-02-16,872,449.722778124627
2020-02-16,639,838.888675929699
2020-02-16,581,415.537759390442
2020-02-16,371,231.224303391509
2020-02-16,622,369.818821431292
2020-02-16,809,311.877622928191
2020-02-16,546,483.567705219328
2020-02-16,712,341.86394829772
2020-02-16,510,462.081097841327
2020-02-16,490,531.117584005231
2020-02-16,501,276.725817416343
2020-02-16,558,480.39255925682
2020-02-16,967,783.007525630256
2020-02-16,426,726.072365457894
2020-02-16,992,553.131503809674
2020-02-16,356,663.283615235019
2020-02-16,310,378.270172245808
2020-02-16,581,410.506977095925
2020-02-16,455,262.105650443768
2020-02-16,553,287.406230518451
2020-02-16,269,513.936751302906
2020-02-16,502,757.67532651199
2020-02-16,666,502.287900538038
2020-02-16,542,539.920681769442
2020-02-16,356,433.949327380825
2020-02-16,647,604.205294329105
2020-02-16,1076,752.494956413648
2020-02-16,1214,977.055411484895
2020-02-16,1262,780.829046869287
2020-02-16,1154,545.652017273635
2020-02-16,775,468.921442880891
2020-02-16,823,510.159208115041
2020-02-16,719,636.7291655767
2020-02-16,1049,387.941371177607
2020-02-16,369,824.291327476366
2020-02-16,844,1419.14301066074
2020-02-16,257,672.296493152103
2020-02-16,1582,490.035828000751
2020-02-16,953,396.553450527307
2020-02-16,465,689.57401196639
2020-02-16,776,560.831116047278
2020-02-16,1067,1273.89614700307
2020-02-16,1116,577.466435647952
2020-02-16,596,610.000014966785
2020-02-16,365,317.090012884498
2020-02-16,818,537.004479269544
2020-02-16,704,327.540112917963
2020-02-16,310,587.694158069606
2020-02-16,756,563.36125108998
2020-02-16,19,491.742893916727
2020-02-16,430,190.801818727622
2020-02-16,356,366.24103034868
2020-02-16,717,486.80685450826
2020-02-16,258,520.251990012742
2020-02-16,785,504.485124653585
2020-02-16,273,342.855286858878
2020-02-16,431,378.426423480248
2020-02-16,309,414.110193092175
2020-02-16,443,381.203122077555
2020-02-16,285,264.956476707359
2020-02-16,352,320.247087289386
2020-02-16,696,369.243971636928
2020-02-16,625,401.790213343057
2020-02-16,714,362.128444315924
2020-02-16,505,529.104893714284
2020-02-16,558,313.4203098798
2020-02-16,533,367.847602067635
2020-02-16,777,445.730691473763
2020-02-16,475,387.634000366128
2020-02-16,423,418.497635569963
2020-02-16,847,367.276771653167
2020-02-16,465,451.269919513952
2020-02-16,499,354.3671361825
2020-02-16,660,398.732719941447
2020-02-16,653,630.831589974674
2020-02-16,546,297.804891106139
2020-02-16,463,167.673161856022
2020-02-16,424,142.174340670596
2020-02-16,312,186.029729941263
2020-02-16,429,355.123502747972
2020-02-16,628,391.753349528177
2020-02-16,372,235.562619207217
2020-02-16,516,583.713912098726
2020-02-16,1278,519.714954300863
2020-02-16,393,739.770146456327
2020-02-16,441,486.844959104806
2020-02-16,744,278.421242234214
2020-02-16,155,671.813748477474
2020-02-16,901,566.057105397255
2020-02-16,1198,960.286049630126
2020-02-16,1055,401.463706762465
2020-02-16,636,467.794044694749
2020-02-16,832,379.94544416162
2020-02-16,1726,550.437836250038
2020-02-16,410,415.084721600134
2020-02-16,507,493.340487699066
2020-02-16,320,470.681398104341
2020-02-16,398,457.292832636695
2020-02-16,747,662.32882739167
2020-02-16,1453,851.025227286762
2020-02-16,649,644.566365031938
2020-02-16,910,524.553309489318
2020-02-16,449,538.834781228783
2020-02-16,762,478.177904410456
2020-02-16,943,305.974095542471
2020-02-16,384,633.609978862825
2020-02-16,479,393.779802600338
2020-02-16,306,397.911508090555
2020-02-16,230,207.864669088709
2020-02-16,1010,255.133110102642
2020-02-16,346,399.33306187981
2020-02-16,871,254.326561666386
2020-02-16,480,195.035487643774
2020-02-16,604,303.996308255283
2020-02-16,571,326.018889297591
2020-02-16,232,358.55855528776
2020-02-16,319,287.242907034613
2020-02-16,387,324.634975262261
2020-02-16,635,430.253357136769
2020-02-16,419,307.433605127214
2020-02-16,301,208.182120499805
2020-02-16,248,385.74071910119
2020-02-16,372,135.601225846793
2020-02-16,290,343.109673730067
2020-02-16,112,215.570599917586
2020-02-16,254,172.382375485253
2020-02-16,324,313.361381408023
2020-02-16,421,349.708057332059
2020-02-16,54,342.658893331617
2020-02-16,193,235.42138159571
2020-02-16,779,209.328146750432
2020-02-16,410,289.356553937746
2020-02-16,229,186.946545771259
2020-02-16,407,177.386608267975
2020-02-16,317,241.987845376268
2020-02-16,49,179.072432060974
2020-02-16,225,106.130395362632
2020-02-16,171,131.131073150815
2020-02-16,162,169.196222280471
2020-02-16,136,160.778311171572
2020-02-16,347,186.976558502726
2020-02-16,121,264.188148292393
2020-02-16,155,143.622107459428
2020-02-16,148,158.471244700462
2020-02-16,470,214.761419301372
2020-02-16,162,168.564667097377
2020-02-16,137,162.306704117339
2020-02-16,199,121.973771041528
2020-02-16,143,182.42647955871
2020-02-16,408,124.65807755068
2020-02-16,430,275.399370205548
2020-02-16,111,168.773276816991
2020-02-16,91,206.30966120663
2020-02-16,68,112.335824608023
2020-02-16,99,180.163734396475
2020-02-16,395,317.483847068497
2020-02-16,534,330.088294305048
2020-02-16,496,367.050039423906
2020-02-16,547,268.614996738774
2020-02-16,318,354.720032878129
2020-02-16,274,306.138586251167
2020-02-16,548,238.932607941361
2020-02-16,321,219.341741025852
2020-02-16,287,308.244193475188
2020-02-16,498,452.628855173835
2020-02-16,218,210.626828634216
2020-02-16,480,352.413073540686
2020-02-16,306,334.176315296531
2020-02-16,758,551.759599272133
2020-02-16,399,639.371059284545
2020-02-16,374,385.871888120663
2020-02-16,684,480.054296920039
2020-02-16,393,352.399000500657
2020-02-16,595,504.561020463546
2020-02-16,539,350.907537375323
2020-02-16,890,556.453626873614
2020-02-16,534,447.79694597028
2020-02-16,933,294.806629524904
2020-02-16,507,80.9802147064076
2020-02-16,175,158.794509227637
2020-02-16,187,194.353534179988
2020-02-16,445,241.579454023178
2020-02-16,302,187.932735347423
2020-02-16,518,409.168557133941
2020-02-16,682,235.444777971884
2020-02-16,378,227.490169534743
2020-02-16,399,331.181739559111
2020-02-16,343,304.576167508186
2020-02-16,155,248.502899342197
2020-02-16,521,162.950665459714
2020-02-16,265,338.774668663793
2020-02-16,476,516.449801209556
2020-02-16,763,452.594682795873
2020-03-30,77,123.557103449312
2020-03-30,56,49.2938877822948
2020-03-30,83,96.4609290330035
2020-03-30,215,66.7926491713866
2020-03-30,51,107.744543223658
2020-03-30,89,121.840235123445
2020-03-30,73,64.391856159007
2020-03-30,109,86.4989462138879
2020-03-30,124,66.83379452802
2020-03-30,81,67.6863310087541
2020-03-30,143,128.339889513269
2020-03-30,95,93.1536224838798
2020-03-30,197,159.784403499909
2020-03-30,65,203.289031943355
2020-03-30,245,97.012488241251
2020-03-30,89,115.63910440235
2020-03-30,137,114.501062051869
2020-03-30,89,125.250616147439
2020-03-30,113,153.41645399557
2020-03-30,224,103.817900943746
2020-03-30,126,84.1421543547448
2020-03-30,99,95.7951824122194
2020-03-30,246,175.855941920555
2020-03-30,174,214.904443021357
2020-03-30,133,141.673598202074
2020-03-30,168,139.864984634572
2020-03-30,228,111.186513778179
2020-03-30,148,168.773693711955
2020-03-30,75,133.097953523575
2020-03-30,114,114.310561794744
2020-03-30,203,173.528697020138
2020-03-30,357,128.302322541265
2020-03-30,202,198.715464253038
2020-03-30,275,151.146740108315
2020-03-30,146,201.405590208315
2020-03-30,145,114.760762749559
2020-03-30,136,167.591076693223
2020-03-30,101,193.646824713128
2020-03-30,115,124.679791415635
2020-03-30,240,139.486546724575
2020-03-30,109,176.92095594509
2020-03-30,150,101.544873287075
2020-03-30,164,104.764490130097
2020-03-30,118,88.2973644865666
2020-03-30,121,159.436590216803
2020-03-30,185,94.1964782580054
2020-03-30,133,121.161049262156
2020-03-30,124,158.109663418159
2020-03-30,227,132.465495523113
2020-03-30,91,82.4254345114422
2020-03-30,75,119.744175957681
2020-03-30,146,152.526930999906
2020-03-30,134,127.84417126395
2020-03-30,133,126.193733466642
2020-03-30,311,101.972838604439
2020-03-30,173,100.997787216114
2020-03-30,73,90.1824880564017
2020-03-30,67,64.3338721084778
2020-03-30,60,83.6836407523516
2020-03-30,64,74.363313095935
2020-03-30,60,105.899957165687
2020-03-30,57,80.8759420362859
2020-03-30,85,123.807386413609
2020-03-30,121,137.10196224123
2020-03-30,120,145.347009607147
2020-03-30,169,118.045584261855
2020-03-30,116,108.849541035263
2020-03-30,160,110.301171802422
2020-03-30,208,85.7286344118042
2020-03-30,44,86.198159662508
2020-03-30,60,113.102870229754
2020-03-30,23,67.3986792973095
2020-03-30,124,51.4037698799329
2020-03-30,120,84.4194172201313
2020-03-30,108,93.400407022444
2020-03-30,178,91.0301970891353
2020-03-30,146,68.6566474092135
2020-03-30,126,107.33920814404
2020-03-30,100,95.2971105921201
2020-03-30,0,291.117159695383
2020-03-30,158,116.869225627065
2020-03-30,65,96.9324113785962
2020-03-30,40,78.6754556030284
2020-03-30,82,81.6186383654291
2020-03-30,77,64.8865722508214
2020-03-30,75,70.6249775837266
2020-03-30,36,230.098396150708
2020-03-30,80,67.684200375916
2020-03-30,128,91.5851699602901
2020-03-30,158,149.562698945169
2020-03-30,288,157.479199153603
2020-03-30,174,253.047345519143
2020-03-30,310,214.782983602569
2020-03-30,69,255.655796439683
2020-03-30,163,174.303608258516
2020-03-30,265,174.521675716769
2020-03-30,167,83.3470556041512
2020-03-30,225,135.866540653295
2020-03-30,185,187.76458598341
2020-03-30,258,117.719173557616
2020-03-30,295,176.313749914936
2020-03-30,174,123.328253983071
2020-03-30,190,127.607744509285
2020-03-30,281,171.715194032268
2020-03-30,218,176.404317936793
2020-03-30,221,173.114788566325
2020-03-30,187,141.44657674145
2020-03-30,365,131.728188672017
2020-03-30,218,145.852690574733
2020-03-30,168,141.98035530442
2020-03-30,128,139.978290924749
2020-03-30,300,188.856670984606
2020-03-30,211,155.986806618834
2020-03-30,113,163.737264946882
2020-03-30,116,149.963599690215
2020-03-30,202,157.491939260863
2020-03-30,234,152.162776317314
2020-03-30,159,72.6459272292836
2020-03-30,69,121.906347469188
2020-03-30,60,61.4967560428827
2020-03-30,126,82.6383068297677
2020-03-30,76,75.6015052052627
2020-03-30,61,69.7674895294732
2020-03-30,71,86.5479324636123
2020-03-30,88,92.3535770378149
2020-03-30,81,156.677367462267
2020-03-30,70,130.455550374774
2020-03-30,82,119.438124224389
2020-03-30,194,140.968104394887
2020-03-30,348,141.574168484637
2020-03-30,192,196.118413716012
2020-03-30,138,155.551734984939
2020-03-30,192,126.980055945516
2020-03-30,190,145.786780374947
2020-03-30,245,143.80971392389
2020-03-30,234,174.096999829237
2020-03-30,89,131.211932132989
2020-03-30,108,107.861429166435
2020-03-30,144,92.1515371680923
2020-03-30,158,175.929853242308
2020-03-30,40,106.268576756043
2020-03-30,203,167.623625542794
2020-03-30,255,164.670166066248
2020-03-30,86,135.946818745781
2020-03-30,162,97.2843951134879
2020-03-30,181,193.258036223364
2020-03-30,65,124.489233493111
2020-03-30,207,203.149127886153
2020-03-30,146,92.6800282431693
2020-03-30,145,255.594533152719
2020-03-30,272,176.495951483975
2020-03-30,344,156.441417541063
2020-03-30,142,185.956643552858
2020-03-30,155,220.331187010246
2020-03-30,144,163.647163602227
2020-03-30,119,84.2516217368065
2020-03-30,219,109.07944741263
2020-03-30,123,139.064206402998
2020-03-30,205,143.298146683037
2020-03-30,141,143.813772470252
2020-03-30,297,177.560614217714
2020-03-30,127,149.365436496393
2020-03-30,154,212.403668066284
2020-03-30,104,168.985125499082
2020-03-30,181,130.414196271248
2020-03-30,203,118.780135688459
2020-03-30,90,180.824615716772
2020-03-30,156,143.718564841981
2020-03-30,115,102.881495504915
2020-03-30,181,58.1312192945659
2020-03-30,170,193.545357730924
2020-03-30,270,180.374075106833
2020-03-30,153,113.95764625941
2020-03-30,319,216.398510841811
2020-03-30,132,83.3912228681103
2020-03-30,115,73.4402051013362
2020-03-30,226,278.924521025986
2020-03-30,143,105.737508915937
2020-03-30,267,320.848076208841
2020-03-30,282,151.488273505706
2020-03-30,295,108.639873883066
2020-03-30,596,271.089036497633
2020-03-30,435,404.520517229732
2020-03-30,909,127.683050163233
2020-03-30,388,179.531596897941
2020-03-30,850,233.360045179171
2020-03-30,263,267.351857070483
2020-03-30,668,282.958266576937
2020-03-30,239,380.583886310011
2020-03-30,298,264.74596727688
2020-03-30,400,317.787362919137
2020-03-30,772,188.03875826421
2020-03-30,476,307.01884649899
2020-03-30,714,214.008476539258
2020-03-30,105,284.724972113376
2020-03-30,592,186.200058933584
2020-03-30,699,104.68276402763
2020-03-30,0,429.846596575591
2020-03-30,471,224.069313021081
2020-03-30,202,412.434415135254
2020-03-30,60,187.04486303203
2020-03-30,489,149.116219866589
2020-03-30,166,232.509491510799
2020-03-30,265,146.301502919098
2020-03-30,262,247.560902713946
2020-03-30,398,549.25793198763
2020-03-30,429,515.543902941364
2020-03-30,349,269.987384460793
2020-03-30,487,414.346512860957
2020-03-30,446,331.129616341024
2020-03-30,496,265.547131147182
2020-03-30,514,300.252640141043
2020-03-30,1119,374.957939896597
2020-03-30,347,232.990620962941
2020-03-30,528,624.879076263554
2020-03-30,420,473.653411182464
2020-03-30,543,450.647247373866
2020-03-30,1204,474.791348214894
2020-03-30,341,322.351229991133
2020-03-30,401,305.412564096403
2020-03-30,411,244.375727900572
2020-03-30,1058,514.976148615384
2020-03-30,268,489.044448115645
2020-03-30,432,187.402884831982
2020-03-30,446,283.018440010408
2020-03-30,444,512.720137938004
2020-03-30,821,394.287051054628
2020-03-30,731,516.624376391189
2020-03-30,0,988.797482257723
2020-03-30,626,340.983728821078
2020-03-30,97,144.045653662438
2020-03-30,90,159.976540629725
2020-03-30,79,119.309717064354
2020-03-30,478,177.885577422812
2020-03-30,401,273.02788941209
2020-03-30,508,192.06382260903
2020-03-30,279,311.485571953362
2020-03-30,167,224.948072061671
2020-03-30,441,226.580193354055
2020-03-30,230,205.866353178694
2020-03-30,170,235.895767351643
2020-03-30,412,322.230700794013
2020-03-30,563,299.845028688801
2020-03-30,166,243.998580322864
2020-03-30,496,208.971274443955
2020-03-30,382,512.310248250152
2020-03-30,451,412.272246194725
2020-03-30,480,271.024382434534
2020-03-30,453,167.234198042054
2020-03-30,181,396.188256846087
2020-03-30,551,403.872713069466
2020-03-30,286,360.454336857169
2020-03-30,204,96.7774701915358
2020-03-30,304,469.009966720704
2020-03-30,365,241.959376183243
2020-03-30,790,321.237949786702
2020-03-30,345,258.722977744972
2020-03-30,523,330.192915403396
2020-03-30,498,210.791470958611
2020-03-30,589,424.89354265882
2020-03-30,365,470.076156653517
2020-03-30,447,131.104013800807
2020-03-30,274,259.056864492687
2020-03-30,703,486.350571801365
2020-03-30,243,594.440983584085
2020-03-30,431,124.604878289366
2020-03-30,1003,291.983810581115
2020-03-30,585,312.587746555632
2020-03-30,489,479.171200590383
2020-03-30,489,415.296443188899
2020-03-30,475,316.497359521699
2020-03-30,322,349.257962986461
2020-03-30,510,133.718531008782
2020-03-30,213,313.261358683435
2020-03-30,418,207.353058476378
2020-03-30,163,233.469557876119
2020-03-30,277,87.935990249076
2020-03-30,232,210.270480910009
2020-03-30,546,131.027972214505
2020-03-30,304,111.757747692774
2020-03-30,215,336.133897032113
2020-03-30,345,62.4226382686559
2020-03-30,204,231.597908858056
2020-03-30,245,302.250572057973
2020-03-30,358,379.834006136614
2020-03-30,135,406.476296428942
2020-03-30,447,164.592563423031
2020-03-30,515,250.097315854335
2020-03-30,478,164.230584544669
2020-03-30,526,332.849043638501
2020-03-30,329,416.631123663339
2020-03-30,476,530.088081608724
2020-03-30,327,338.93676324931
2020-03-30,619,285.521211584749
2020-03-30,245,586.204080557912
2020-03-30,1042,483.401074540008
2020-03-30,546,261.670302333988
2020-03-30,538,354.742857990104
2020-03-30,233,299.507277799371
2020-03-30,485,516.740799930996
2020-03-30,600,457.945022909613
2020-03-30,395,353.731424246853
2020-03-30,378,259.620924363829
2020-03-30,420,395.828022223724
2020-03-30,857,332.571022355021
2020-03-30,720,752.704277204939
2020-03-30,231,450.202662532616
2020-03-30,723,906.517464137944
2020-03-30,458,696.923625237158
2020-03-30,353,375.259443496687
2020-03-30,542,249.82751528864
2020-03-30,462,447.602569604701
2020-03-30,150,417.743229792173
2020-03-30,472,541.263256754326
2020-03-30,962,352.864593646112
2020-03-30,445,251.234113838302
2020-03-30,235,264.509881365147
2020-03-30,570,242.563857204226
2020-03-30,311,290.853409076398
2020-03-30,269,383.177434407115
2020-03-30,439,346.845746215983
2020-03-30,372,278.124574803975
2020-03-30,337,301.296523997071
2020-03-30,544,252.669962614421
2020-03-30,497,412.845671178229
2020-03-30,494,324.316792485015
2020-03-30,248,294.091973528031
2020-03-30,523,348.377495780392
2020-03-30,262,233.768199710967
2020-03-30,161,173.94147206967
2020-03-30,322,296.327912659041
2020-03-30,239,314.112787157253
2020-03-30,186,239.297847190689
2020-03-30,299,336.780187878563
2020-03-30,433,230.082881983025
2020-03-30,273,373.692281006529
2020-03-30,366,257.269793306939
2020-03-30,501,425.778063086119
2020-03-30,526,314.001147514164
2020-03-30,465,226.524062472358
2020-03-30,522,396.417458836686
2020-03-30,451,273.719445151401
2020-03-30,210,131.677294213704
2020-03-30,65,144.62531479034
2020-03-30,264,184.775823809296
2020-03-30,223,266.734846107185
2020-03-30,491,252.861844491795
2020-03-30,227,261.746559622199
2020-03-30,176,320.124176136335
2020-03-30,212,340.920812782636
2020-03-30,214,302.884272353141
2020-03-30,267,203.503886435151
2020-03-30,359,192.896755042338
2020-03-30,323,353.439527238602
2020-03-30,290,199.226569015492
2020-03-30,242,248.62733024062
2020-03-30,132,253.42468467824
2020-03-30,185,228.274793808274
2020-03-30,155,196.065310484332
2020-03-30,300,251.507791002217
2020-03-30,241,229.75028157383
2020-03-30,301,191.765581015018
2020-03-30,295,194.923148346233
2020-03-30,444,242.153822319597
2020-03-30,198,303.25754761264
2020-03-30,294,302.165647149758
2020-03-30,327,175.528131539756
2020-03-30,319,186.044814724382
2020-03-30,144,221.085920383927
2020-03-30,392,352.581466679091
2020-03-30,385,247.098804239352
2020-03-30,269,223.398740110991
2020-03-30,452,279.939995368527
2020-03-30,181,385.171976397646
2020-03-30,305,159.677392171026
2020-03-30,112,135.395325608329
2020-03-30,172,136.664958609211
2020-03-30,414,225.702711372495
2020-03-30,186,197.106006128774
2020-03-30,271,341.814656175373
2020-03-30,273,259.851128175728
2020-03-30,282,356.711851626571
2020-03-30,234,226.808477892869
2020-03-30,437,307.272855615567
2020-03-30,173,230.538511148289
2020-03-30,334,432.353724809805
2020-03-30,321,476.422178340271
2020-03-30,813,195.469820185437
2020-03-30,237,194.49885247405
2020-03-30,172,300.780171894193
2020-03-30,288,262.055758382636
2020-03-30,439,276.2891860051
2020-03-30,459,263.41565622252
2020-03-30,391,301.864521114702
2020-03-30,463,323.380781938288
2020-03-30,226,341.296345070343
2020-03-30,609,261.473209187045
2020-03-30,509,337.42572537168
2020-03-30,494,336.553938597517
2020-03-30,316,336.251622655942
2020-03-30,253,203.769234772173
2020-03-30,270,211.087389076856
2020-03-30,131,335.007454939195
2020-03-30,253,178.418270908096
2020-03-30,298,169.969382770131
2020-03-30,593,358.686517458556
2020-03-30,444,318.690357163093
2020-03-30,252,442.60810101797
2020-03-30,276,356.332211453471
2020-03-30,336,223.4827301532
2020-03-30,513,369.077938226783
2020-03-30,205,242.423991633915
2020-03-30,404,289.280864217845
2020-03-30,160,144.239571280026
2020-03-30,123,136.05482586176
2020-03-30,197,194.331630704789
2020-03-30,118,158.928960827837
2020-03-30,301,181.585013035445
2020-03-30,149,124.823013572896
2020-03-30,238,212.781189334832
2020-03-30,347,261.821863929134
2020-03-30,178,274.337408800629
2020-03-30,235,172.10880453026
2020-03-30,147,169.016746109051
2020-03-30,225,128.821439232399
2020-03-30,102,190.140448594754
2020-03-30,207,129.42351055296
2020-03-30,366,207.761340281281
2020-03-30,196,138.109712235388
2020-03-30,220,140.515473365448
2020-03-30,408,244.794209240148
2020-03-30,350,232.380540138474
2020-03-30,232,243.74129432138
2020-03-30,66,210.764398876156
2020-03-30,220,197.143725997136
2020-03-30,537,371.410486664242
2020-03-30,427,284.290888036143
2020-03-30,193,170.645377141311
2020-03-30,287,290.43916450677
2020-03-30,221,180.151078951395
2020-03-30,407,195.41168668254
2020-03-30,119,188.204255640928
2020-03-30,608,305.25869286436
2020-03-30,407,216.140147489756
2020-03-30,668,237.675129963584
2020-03-30,198,311.889506090474
2020-03-30,170,293.189480851903
2020-03-30,51,162.494115019792
2020-03-30,96,154.975659286217
2020-03-30,344,305.800295063358
2020-03-30,295,288.62410790096
2020-03-30,281,167.624851160571
2020-03-30,273,315.885895009025
2020-03-30,357,203.162755857517
2020-03-30,238,175.387609762132
2020-03-30,266,268.284905008798
2020-03-30,127,196.283701992997
2020-03-30,440,332.014870034411
2020-03-30,122,197.854241826008
2020-03-30,155,264.682621134806
2020-03-30,136,166.892364608813
2020-03-30,265,115.263282073219
2020-03-30,234,270.853766058667
2020-03-30,205,227.392233756306
2020-03-30,127,234.031416405449
2020-03-30,429,171.36526040812
2020-03-30,401,259.083170800541
2020-03-30,239,232.18083233863
2020-03-30,171,132.7837112245
2020-03-30,226,175.771899753624
2020-03-30,181,212.372209771287
2020-03-30,89,70.9707396729436
2020-03-30,264,214.779601770213
2020-03-30,197,216.676732194172
2020-03-30,140,139.479889293538
2020-03-30,208,167.31620345167
2020-03-30,229,149.387690422102
2020-03-30,156,149.621367604065
2020-03-30,157,84.7056885148791
2020-03-30,64,116.153917384587
2020-03-30,62,92.7661290135963
2020-03-30,154,99.6453212568416
2020-03-30,333,174.907114549728
2020-03-30,241,217.325817525998
2020-03-30,157,136.247404409107
2020-03-30,96,183.732808359279
2020-03-30,244,139.764817435783
2020-03-30,67,75.3078190179196
2020-03-30,133,187.132452451688
2020-03-30,99,139.316510933703
2020-03-30,107,89.6167448136854
2020-03-30,169,167.634006551619
2020-03-30,228,122.77290124404
2020-03-30,330,316.878003941101
2020-03-30,210,194.007536608032
2020-03-30,242,213.835815588555
2020-03-30,232,120.039561490026
2020-03-30,273,247.549784476533
2020-03-30,499,303.814181873722
2020-03-30,416,300.726738780665
2020-03-30,354,223.702744274018
2020-03-30,186,140.155500295888
2020-03-30,398,187.822800650136
2020-03-30,195,225.194531918715
2020-03-30,201,278.474425619277
2020-03-30,207,79.1174935503879
2020-03-30,114,164.660607628342
2020-03-30,226,135.918115244993
2020-03-30,227,208.917116487588
2020-03-30,245,113.084687025553
2020-03-30,267,149.698019101763
2020-03-30,323,327.308298278924
2020-03-30,321,205.649732013656
2020-03-30,559,200.07428981785
2020-03-30,207,108.941624185124
2020-03-30,223,167.929699245392
2020-03-30,180,183.057419878119
2020-03-30,353,319.692121657589
2020-03-30,308,208.412859424385
2020-03-30,138,133.759339202347
2020-03-30,170,188.617668791753
2020-03-30,148,170.238874558088
2020-03-30,461,187.100440656319
2020-03-30,218,180.749433405629
2020-03-30,497,439.514367698533
2020-03-30,548,276.72509810682
2020-03-30,420,226.308519525497
2020-03-30,324,334.840499220088
2020-03-30,339,298.199108836394
2020-03-30,385,163.102755498123
2020-03-30,296,216.091271553112
2020-03-30,194,185.109052774058
2020-03-30,309,357.151233489942
2020-03-30,701,292.317573940485
2020-03-30,344,262.882157698462
2020-03-30,361,276.707974799737
2020-03-30,375,280.802483944649
2020-03-30,218,209.904853185883
2020-03-30,210,182.056833444119
2020-03-30,427,299.978671518944
2020-03-30,269,311.138756715421
2020-03-30,276,156.367497457143
2020-03-30,167,110.136083104677
2020-03-30,140,129.798824101508
2020-03-30,121,128.374949551774
2020-03-30,293,383.833353790578
2020-03-30,297,184.041443912119
2020-03-30,361,374.753234759178
2020-03-30,455,250.459933742583
2020-03-30,741,281.006019211005
2020-03-30,399,159.016683034471
2020-03-30,379,254.039842660546
2020-03-30,272,270.031889898448
2020-03-30,216,275.875201625016
2020-03-30,224,375.466400797595
2020-03-30,123,469.187219136549
2020-03-30,607,481.982487206544
2020-03-30,370,456.529687430051
2020-03-30,290,216.300817550053
2020-03-30,276,176.691751237348
2020-03-30,197,296.146806561474
2020-03-30,315,219.736138470358
2020-03-30,319,207.482325947449
2020-03-30,310,224.075418368292
2020-03-30,222,318.92917714119
2020-03-30,225,207.167890403863
2020-03-30,265,267.465920276509
2020-03-30,230,297.27981016538
2020-03-30,263,251.655633158085
2020-03-30,222,170.401385593443
2020-03-30,389,218.775354878541
2020-03-30,274,214.869842474425
2020-03-30,167,382.196372216464
2020-03-30,589,307.933559800863
2020-03-30,240,314.771744002269
2020-03-30,215,121.824833865928
2020-03-30,227,372.528885281527
2020-03-30,458,577.588544895116
2020-03-30,538,522.321546615216
2020-03-30,292,232.197472638418
2020-03-30,205,224.402529179129
2020-03-30,368,234.62953807335
2020-03-30,317,249.475566213019
2020-03-30,233,233.252444398581
2020-03-30,430,287.495941022687
2020-03-30,158,211.683857333396
2020-03-30,141,222.567787876968
2020-03-30,243,145.981248783438
2020-03-30,252,265.75801952284
2020-03-30,164,193.136898421431
2020-03-30,181,190.334957920908
2020-03-30,338,166.037597287681
2020-03-30,249,271.961157452232
2020-03-30,401,231.033969353509
2020-03-30,138,223.378902288719
2020-03-30,415,196.521509339116
2020-03-30,249,295.945222202026
2020-03-30,129,162.598059341111
2020-03-30,301,149.410581638197
2020-03-30,160,132.519900456579
2020-03-30,100,184.090299752263
2020-03-30,329,371.700607851787
2020-03-30,202,145.883713387055
2020-03-30,423,317.175413380937
2020-03-30,263,265.220054270914
2020-03-30,480,196.598654509505
2020-03-30,142,268.305624986847
2020-03-30,299,344.183119351627
2020-03-30,299,177.508631197984
2020-03-30,345,253.790161990521
2020-03-30,253,204.092778558329
2020-03-30,212,261.384310902282
2020-03-30,166,219.270668897098
2020-03-30,329,116.25734896956
2020-03-30,314,166.117054897652
2020-03-30,274,366.014655532913
2020-03-30,425,211.184304318527
2020-03-30,539,377.025559116772
2020-03-30,330,283.433400817676
2020-03-30,400,217.782454840894
2020-03-30,249,343.511943214038
2020-03-30,155,166.931617038271
2020-03-30,301,241.712332268991
2020-03-30,170,211.587351530156
2020-03-30,288,175.568716125417
2020-03-30,183,183.031129649112
2020-03-30,255,179.046406661705
2020-03-30,184,194.737964423492
2020-03-30,450,286.600633927164
2020-03-30,416,298.245663893342
2020-03-30,333,227.779635696798
2020-03-30,362,261.548706157428
2020-03-30,191,242.745072403069
2020-03-30,203,272.612724596383
2020-03-30,183,301.500638452921
2020-03-30,268,180.819341515256
2020-03-30,503,273.05115715694
2020-03-30,77,180.2568961795
2020-03-30,278,196.001331390211
2020-03-30,225,328.351833753421
2020-03-30,339,307.350704666683
2020-03-30,449,394.594406061463
2020-03-30,279,172.749102482207
2020-03-30,359,408.007177147838
2020-03-30,257,276.329112076018
2020-03-30,434,333.011353417669
2020-03-30,245,346.487993349675
2020-03-30,490,215.456248997071
2020-03-30,254,271.193863602291
2020-03-30,293,270.883669547898
2020-03-30,393,237.047583596792
2020-03-30,157,270.409166239054
2020-03-30,217,276.894273766082
2020-03-30,180,158.718968127811
2020-03-30,207,251.302179499261
2020-03-30,201,224.561928474734
2020-03-30,414,422.223039483119
2020-03-30,485,387.59119418437
2020-03-30,237,235.582336866352
2020-03-30,493,360.922866675301
2020-03-30,255,156.277703663427
2020-03-30,271,384.623999178821
2020-03-30,482,172.709153473957
2020-03-30,171,218.352624081941
2020-03-30,169,240.574719012727
2020-03-30,376,298.937592956273
2020-03-30,239,182.599474336073
2020-03-30,361,256.389792977873
2020-03-30,301,170.6611726013
2020-03-30,233,179.03686701792
2020-03-30,457,213.676748417315
2020-03-30,139,182.242367395902
2020-03-30,305,273.092275187084
2020-03-30,194,244.456997784252
2020-03-30,221,169.54920644731
2020-03-30,183,161.637577169729
2020-03-30,106,99.4162816730842
2020-03-30,150,164.889395296545
2020-03-30,205,147.923699528678
2020-03-30,355,214.93316310204
2020-03-30,245,205.424379263432
2020-03-30,217,127.180542552801
2020-03-30,280,170.470418496047
2020-03-30,181,242.82312048486
2020-03-30,256,157.52445038523
2020-03-30,191,90.6736791463069
2020-03-30,352,323.891424709413
2020-03-30,271,230.677527206858
2020-03-30,250,241.003930364235
2020-03-30,447,272.563963514422
2020-03-30,194,187.537663271569
2020-03-30,147,222.380395983738
2020-03-30,209,136.69439386717
2020-03-30,231,264.855895356814
2020-03-30,365,225.782532776626
2020-03-30,240,201.929364113523
2020-03-30,284,218.008398814314
2020-03-30,208,195.746693425655
2020-03-30,155,301.089262287207
2020-03-30,306,219.461312442926
2020-03-30,272,296.406595547552
2020-03-30,375,237.256387389639
2020-03-30,227,371.723281798839
2020-03-30,272,187.470511452415
2020-03-30,367,250.767973692278
2020-03-30,282,188.737215239321
2020-03-30,269,260.248787714859
2020-03-30,209,177.671373218289
2020-03-30,319,229.679386673227
2020-03-30,219,179.725547485824
2020-03-30,244,217.694086835125
2020-03-30,437,206.013601337583
2020-03-30,84,325.820967143281
2020-03-30,578,240.039337220525
2020-03-30,169,277.060015054589
2020-03-30,146,247.476813645424
2020-03-30,236,323.132624022037
2020-03-30,352,197.07237812608
2020-03-30,342,266.16938112489
2020-03-30,403,402.095187246866
2020-03-30,304,566.015972330877
2020-03-30,193,302.345123240875
2020-03-30,243,153.759844951165
2020-03-30,244,159.171937051802
2020-03-30,314,205.942892542471
2020-03-30,305,232.454551508299
2020-03-30,163,124.189488617682
2020-03-30,183,195.705139289753
2020-03-30,110,108.145760300161
2020-03-30,219,138.18700748035
2020-03-30,72,123.015336571779
2020-03-30,222,154.344050135827
2020-03-30,129,182.004479204335
2020-03-30,230,130.358829287226
2020-03-30,118,195.927483581663
2020-03-30,348,187.194842955497
2020-03-30,100,105.318513067281
2020-03-30,77,126.14474922457
2020-03-30,180,109.911774823258
2020-03-30,140,102.187344505536
2020-03-30,330,135.839784185279
2020-03-30,41,153.981670719773
2020-03-30,58,127.6300364792
2020-03-30,142,82.6334503705275
2020-03-30,136,93.7751164665634
2020-03-30,272,66.2490924646463
2020-03-30,60,76.7860152575275
2020-03-30,157,96.1035825132227
2020-03-30,175,116.210272404402
2020-03-30,207,87.0737467858055
2020-03-30,81,161.560339009082
2020-03-30,129,99.9088480336163
2020-03-30,111,87.4079800325445
2020-03-30,178,120.575839383586
2020-03-30,114,268.776791022008
2020-03-30,541,191.524724199928
2020-03-30,72,194.379170938223
2020-03-30,269,233.49294463519
2020-03-30,171,153.741452062759
2020-03-30,276,179.680982687834
2020-03-30,230,182.180885667835
2020-03-30,335,200.586129369533
2020-03-30,132,191.573958549669
2020-03-30,530,203.377424030956
2020-03-30,52,220.265852532376
2020-03-30,121,189.626709749237
2020-03-30,171,55.7025449892366
2020-03-30,94,123.607045858599
2020-03-30,294,169.22252281437
2020-03-30,231,149.350018438724
2020-03-30,156,128.885917985929
2020-03-30,79,142.297379911081
2020-03-30,214,165.198225048553
2020-03-30,86,128.345846860084
2020-03-30,256,61.8019740975551
2020-03-30,147,90.7700254724202
2020-03-30,95,106.870713779514
2020-03-30,47,100.899633894772
2020-03-30,104,175.806212653786
2020-03-30,201,116.761322606639
2020-03-30,18,250.155751590105
2020-03-30,57,146.610975396914
2020-03-30,630,159.916142057192
2020-03-30,242,248.35500574057
2020-03-30,187,515.691928680046
2020-03-30,517,301.773716754054
2020-03-30,758,437.073954230567
2020-03-30,708,372.894409623587
2020-03-30,550,396.307710952909
2020-03-30,589,312.218331512355
2020-03-30,547,610.215374260216
2020-03-30,471,262.740359014737
2020-03-30,546,234.145438206788
2020-03-30,181,170.762665374176
2020-03-30,142,176.55514898975
2020-03-30,196,181.587055490466
2020-03-30,361,152.639930413299
2020-03-30,127,186.090177276401
2020-03-30,356,232.902732160111
2020-03-30,124,277.627369646267
2020-03-30,220,184.567281593048
2020-03-30,280,170.962595099902
2020-03-30,217,369.756456048247
2020-03-30,447,178.711688449172
2020-03-30,219,282.096833701067
2020-03-30,366,315.407883065159
2020-03-30,178,245.857581624366
2020-03-30,242,330.276953051359
2020-03-30,207,199.267823075938
2020-03-30,88,94.9729004160136
2020-03-30,131,193.616569336307
2020-03-30,293,206.127501739062
2020-03-30,194,160.11284606103
2020-03-30,47,69.6930037754625
2020-03-30,127,82.2449715835835
2020-03-30,200,189.024468072958
2020-03-30,248,171.388619438439
2020-03-30,214,151.807563195753
2020-03-30,219,184.649577278271
2020-03-30,204,201.718425216908
2020-03-30,352,324.012979636775
2020-03-30,272,144.568389750782
2020-03-30,265,172.526921707979
2020-03-30,278,251.314377723138
2020-03-30,144,161.599906573214
2020-03-30,307,321.054727884644
2020-03-30,459,255.741713461392
2020-03-30,452,274.580975426406
2020-03-30,396,279.019300638047
2020-03-30,282,166.598181952553
2020-03-30,265,195.289693905266
2020-03-30,298,217.362037355514
2020-03-30,221,281.962383024504
2020-03-30,214,373.488362134003
2020-03-30,537,272.856484049959
2020-03-30,639,352.118260185016
2020-03-30,390,280.657566909765
2020-03-30,448,339.218861986065
2020-03-30,236,198.996249763452
2020-03-30,264,197.99563353736
2020-03-30,138,139.628337044309
2020-03-30,274,231.357890659855
2020-03-30,226,192.980796166968
2020-03-30,246,221.274489087129
2020-03-30,163,199.65109737493
2020-03-30,306,166.135398249032
2020-03-30,466,223.429318634828
2020-03-30,204,170.75213055655
2020-03-30,450,371.461372321109
2020-03-30,103,240.105326535752
2020-03-30,511,263.51058563299
2020-03-30,202,282.538799999242
2020-03-30,221,236.73143730755
2020-03-30,260,225.627822947555
2020-03-30,300,256.5182211802
2020-03-30,191,296.360612305234
2020-03-30,316,269.546530401816
2020-03-30,158,190.715297669186
2020-03-30,226,288.53754945015
2020-03-30,417,219.369317973522
2020-03-30,322,226.468016333748
2020-03-30,460,238.729037765116
2020-03-30,261,234.204978141618
2020-03-30,192,248.461327220482
2020-03-30,219,190.336128283308
2020-03-30,193,213.762501560114
2020-03-30,226,219.233055277832
2020-03-30,120,129.495073373782
2020-03-30,365,218.326909928109
2020-03-30,443,243.770187765977
2020-03-30,207,252.961214913409
2020-03-30,285,306.709758971498
2020-03-30,357,212.416430171207
2020-03-30,419,249.183744790094
2020-03-30,181,273.547634222454
2020-03-30,314,278.275952160882
2020-03-30,179,228.112419985253
2020-03-30,585,257.878296839951
2020-03-30,222,316.495131484218
2020-03-30,323,222.837208784613
2020-03-30,151,207.616706993832
2020-03-30,345,362.664756976341
2020-03-30,323,381.633513220784
2020-03-30,281,269.96293434972
2020-03-30,175,226.639156233412
2020-03-30,319,192.630541652894
2020-03-30,356,411.549416063115
2020-03-30,293,208.787260341844
2020-03-30,207,190.173698063241
2020-03-30,304,189.534935390361
2020-03-30,168,149.765389211869
2020-03-30,192,138.889847555462
2020-03-30,250,229.726857318953
2020-03-30,337,137.45638558735
2020-03-30,202,277.111078138005
2020-03-30,306,200.145515206549
2020-03-30,207,242.415550567696
2020-03-30,92,192.396135486924
2020-03-30,127,111.003417672172
2020-03-30,86,197.6042046395
2020-03-30,77,119.088483936422
2020-03-30,167,102.182687666693
2020-03-30,142,170.860205731629
2020-03-30,308,236.264605954652
2020-03-30,288,318.655748278994
2020-03-30,285,193.516251200921
2020-03-30,239,119.384788025331
2020-03-30,223,290.924657471351
2020-03-30,378,241.203491409794
2020-03-30,186,204.155873546932
2020-03-30,290,193.49027371911
2020-03-30,212,270.609220657934
2020-03-30,527,325.92251747448
2020-03-30,185,227.890443974746
2020-03-30,333,148.827140945792
2020-03-30,439,295.972114591882
2020-03-30,235,346.820220047355
2020-03-30,471,192.742081138264
2020-03-30,331,312.058536459948
2020-03-30,285,169.145948721074
2020-03-30,379,167.507986348594
2020-03-30,152,206.771610322877
2020-03-30,250,202.586399077297
2020-03-30,262,361.191886439086
2020-03-30,145,138.770722306624
2020-03-30,314,242.291528173742
2020-03-30,157,185.397964932039
2020-03-30,452,165.730764046351
2020-03-30,211,223.690959550543
2020-03-30,207,190.39664750286
2020-03-30,364,200.30429018792
2020-03-30,210,207.674891933368
2020-03-30,158,211.328338069598
2020-03-30,171,251.386144074235
2020-03-30,595,193.7730738084
2020-03-30,311,361.312558892601
2020-03-30,321,366.447080423573
2020-03-30,340,299.457542108991
2020-03-30,398,219.744057747496
2020-03-30,242,259.096356533966
2020-03-30,380,309.490578332768
2020-03-30,106,164.005628511939
2020-03-30,236,197.975291768545
2020-03-30,148,276.789801242619
2020-03-30,77,192.302362432137
2020-03-30,147,277.036805106444
2020-03-30,129,218.115090309882
2020-03-30,362,173.087776132614
2020-03-30,307,207.170965620512
2020-03-30,139,190.629103142363
2020-03-30,304,174.523431605192
2020-03-30,153,179.928560028973
2020-03-30,363,276.225507875942
2020-03-30,94,209.170230530283
2020-03-30,309,169.428708860667
2020-03-30,112,134.531592839091
2020-03-30,209,179.252965802492
2020-03-30,141,176.105577888866
2020-03-30,166,199.751566729788
2020-03-30,77,211.686924964364
2020-03-30,145,145.960874732172
2020-03-30,234,142.562854601845
2020-03-30,213,538.802847952059
2020-03-30,287,257.797509784205
2020-03-30,364,265.297910890022
2020-03-30,132,149.464244487053
2020-03-30,431,296.370375014154
2020-03-30,291,264.781983511723
2020-03-30,385,286.492671718355
2020-03-30,232,219.006364468144
2020-03-30,298,376.205796033022
2020-03-30,303,214.405486299715
2020-03-30,133,141.878980579049
2020-03-30,160,142.613054785913
2020-03-30,464,251.628804620943
2020-03-30,158,160.0711465811
2020-03-30,393,225.765737930809
2020-03-30,252,210.205344935304
2020-03-30,218,243.322495180659
2020-03-30,360,254.915012894962
2020-03-30,94,250.285828834131
2020-03-30,135,118.409210880399
2020-03-30,198,206.880342645211
2020-03-30,162,187.553848827393
2020-03-30,441,339.827407351806
2020-03-30,406,303.805701153089
2020-03-30,50,279.114311127041
2020-03-30,479,289.227123281824
2020-03-30,408,318.240423081979
2020-03-30,100,223.198740890469
2020-03-30,226,205.843181113152
2020-03-30,386,295.288904806311
2020-03-30,306,335.577502291903
2020-03-30,352,296.345274288049
2020-03-30,206,201.303675584672
2020-03-30,188,139.823425503713
2020-03-30,158,114.562632238865
2020-03-30,249,131.222996935965
2020-03-30,232,263.69568953585
2020-03-30,182,262.013191048438
2020-03-30,267,230.260488137338
2020-03-30,296,166.051815255273
2020-03-30,138,147.013149074824
2020-03-30,132,249.33126731816
2020-03-30,628,552.746049724024
2020-03-30,242,211.278942187946
2020-03-30,299,327.381348722263
2020-03-30,342,326.160298699202
2020-03-30,532,493.893908888502
2020-03-30,581,361.733005566518
2020-03-30,427,389.565721477239
2020-03-30,519,791.53046678368
2020-03-30,264,238.543921501949
2020-03-30,461,437.274478115649
2020-03-30,130,657.103520121296
2020-03-30,301,352.883380008954
2020-03-30,409,272.1433592394
2020-03-30,621,298.431705103224
2020-03-30,420,407.159626933127
2020-03-30,134,332.50854428804
2020-03-30,600,763.85429065454
2020-03-30,204,244.011692432877
2020-03-30,256,316.30561691746
2020-03-30,412,437.872843985825
2020-03-30,388,267.470945840758
2020-03-30,300,288.172578830767
2020-03-30,405,267.743300093876
2020-03-30,172,159.299012948026
2020-03-30,532,318.563394920253
2020-03-30,580,419.623099369262
2020-03-30,366,426.926235894923
2020-03-30,372,323.9936140372
2020-03-30,240,151.443587509026
2020-03-30,399,339.31617728547
2020-03-30,370,249.672008490996
2020-03-30,328,216.97894129151
2020-03-30,292,366.359848690546
2020-03-30,157,236.087722287786
2020-03-30,209,244.11518572311
2020-03-30,535,337.823980953404
2020-03-30,487,335.662234515699
2020-03-30,389,473.246304525965
2020-03-30,215,540.678741859539
2020-03-30,475,345.820212161968
2020-03-30,224,258.26050307951
2020-03-30,261,193.596633232569
2020-03-30,326,272.422972396668
2020-03-30,268,680.222386116008
2020-03-30,0,205.950087119961
2020-03-30,0,333.248140246528
2020-03-30,0,82.7906983596827
2020-03-30,370,390.351564662425
2020-03-30,163,414.828785650652
2020-03-30,270,363.180629116122
2020-03-30,192,241.479754039703
2020-03-30,181,301.971436365816
2020-03-30,136,282.445877456871
2020-03-30,611,227.641038381926
2020-03-30,221,358.934894590124
2020-03-30,171,387.449255939316
2020-03-30,726,472.270877969408
2020-03-30,808,233.880333897996
2020-03-30,602,524.972585445233
2020-03-30,239,472.170742201851
2020-03-30,349,609.298288547081
2020-03-30,363,333.469311565782
2020-03-30,514,225.522516782295
2020-03-30,396,329.875677026159
2020-03-30,367,326.964782328894
2020-03-30,384,391.035801903633
2020-03-30,626,540.344708545924
2020-03-30,513,313.42766618522
2020-03-30,856,642.12099451472
2020-03-30,292,479.115896647058
2020-03-30,880,498.868441984001
2020-03-30,472,209.246704087164
2020-03-30,335,425.661388379221
2020-03-30,477,512.101016183364
2020-03-30,626,452.304597638038
2020-03-30,522,254.283805373168
2020-03-30,255,530.004812491243
2020-03-30,246,325.794911441785
2020-03-30,636,465.043268096587
2020-03-30,613,333.869233332925
2020-03-30,503,246.702559476565
2020-03-30,477,744.73368857318
2020-03-30,468,406.659276993423
2020-03-30,197,851.284295974842
2020-03-30,280,464.482035688807
2020-03-30,810,618.614246686912
2020-03-30,416,348.166500622791
2020-03-30,547,454.8620523
2020-03-30,722,294.549433715427
2020-03-30,108,268.082193593982
2020-03-30,295,361.862866801309
2020-03-30,385,428.826107484123
2020-03-30,430,341.781585871853
2020-03-30,378,410.286673866932
2020-03-30,243,215.726071821236
2020-03-30,258,159.268773495051
2020-03-30,273,135.999894040767
2020-03-30,235,430.89258774499
2020-03-30,503,561.51214109735
2020-03-30,604,621.338562912922
2020-03-30,767,410.428522554883
2020-03-30,646,546.854719922165
2020-03-30,619,508.98284358311
2020-03-30,1285,1013.54160452248
2020-03-30,1190,568.685425016153
2020-03-30,344,344.600861671406
2020-03-30,479,320.941752923576
2020-03-30,347,384.263550829279
2020-03-30,344,227.017321132712
2020-03-30,399,387.435607814207
2020-03-30,442,297.654172984423
2020-03-30,444,346.634289548543
2020-03-30,436,327.310750383241
2020-03-30,471,366.721741171191
2020-03-30,371,215.547058855904
2020-03-30,371,259.34755163316
2020-03-30,298,321.003805549199
2020-03-30,515,467.121320514678
2020-03-30,335,375.325529302457
2020-03-30,246,232.200364352286
2020-03-30,436,571.31119211071
2020-03-30,987,885.920745995604
2020-03-30,1114,539.161864061694
2020-03-30,700,515.095856312239
2020-03-30,728,504.745722739434
2020-03-30,491,531.794612901899
2020-03-30,2173,882.948900114137
2020-03-30,1068,475.665226235673
2020-03-30,131,676.979786858237
2020-03-30,484,164.058986225723
2020-03-30,308,175.702082576023
2020-03-30,223,341.965666982148
2020-03-30,169,322.308634475094
2020-03-30,308,268.509019304227
2020-03-30,341,194.277585043079
2020-03-30,590,441.832596174357
2020-03-30,379,480.445855577503
2020-03-30,442,339.544853078651
2020-03-30,632,352.317241970126
2020-03-30,420,318.767913368629
2020-03-30,381,248.626819034274
2020-03-30,456,493.237377866664
2020-03-30,593,346.456514091484
2020-03-30,240,266.421421279613
2020-03-30,490,299.180885161784
2020-03-30,497,362.484559690326
2020-03-30,716,286.525544625432
2020-03-30,504,428.293157274952
2020-03-30,697,287.696399038546
2020-03-30,343,312.930302416696
2020-03-30,600,346.673934580231
2020-03-30,410,163.465970619559
2020-03-30,535,425.441557054622
2020-03-30,529,287.761111751715
2020-03-30,656,468.201315025028
2020-03-30,594,377.366649578656
2020-03-30,296,297.09252953243
2020-03-30,511,344.012391114022
2020-03-30,303,260.935919307648
2020-03-30,348,354.661627925552
2020-03-30,699,495.325882518629
2020-03-30,188,302.24528540336
2020-03-30,454,408.206546410519
2020-03-30,294,279.583599564284
2020-03-30,668,362.089198598695
2020-03-30,453,620.339458112201
2020-03-30,442,297.099679829896
2020-03-30,213,171.904473018909
2020-03-30,480,264.364584320489
2020-03-30,550,234.866730061941
2020-03-30,375,382.502185570544
2020-03-30,571,253.510621313638
2020-03-30,374,372.425972571405
2020-03-30,403,427.851926053698
2020-03-30,356,215.83657230708
2020-03-30,371,370.559332761993
2020-03-30,664,614.17066927453
2020-03-30,351,569.115635027523
2020-03-30,768,420.83143362626
2020-03-30,322,494.182862655772
2020-03-30,236,278.413329691053
2020-03-30,445,306.696809603856
2020-03-30,327,197.728065562599
2020-03-30,469,223.310055977307
2020-03-30,237,401.215418062162
2020-03-30,396,583.688112372989
2020-03-30,501,396.30748121985
2020-03-30,442,436.279142807535
2020-03-30,272,335.997909248199
2020-03-30,529,450.443875337619
2020-03-30,849,568.761409493383
2020-03-30,880,715.711696783802
2020-03-30,855,572.617654178639
2020-03-30,839,391.664240999096
2020-03-30,524,344.322282645767
2020-03-30,584,368.309785257598
2020-03-30,542,466.012003710182
2020-03-30,706,301.165627266201
2020-03-30,275,614.830925431954
2020-03-30,592,1002.57128311386
2020-03-30,218,477.508216195798
2020-03-30,1104,341.730421531039
2020-03-30,649,277.228554678966
2020-03-30,336,483.825085325461
2020-03-30,539,397.722811080189
2020-03-30,732,881.510920399645
2020-03-30,699,406.702802053101
2020-03-30,431,423.380075263126
2020-03-30,298,264.79164604254
2020-03-30,712,400.657310892189
2020-03-30,596,260.173513800879
2020-03-30,264,476.63135710742
2020-03-30,728,416.636314069011
2020-03-30,19,386.410939770957
2020-03-30,359,170.174610260212
2020-03-30,339,325.867200371523
2020-03-30,604,402.762342094801
2020-03-30,216,436.545959453982
2020-03-30,596,431.238260863198
2020-03-30,219,296.854336328072
2020-03-30,364,321.349802186264
2020-03-30,316,346.408843961698
2020-03-30,413,321.375212870836
2020-03-30,281,223.822311766482
2020-03-30,240,271.992443631375
2020-03-30,492,310.843104748012
2020-03-30,545,330.108689387994
2020-03-30,572,308.45196347849
2020-03-30,473,437.044792908608
2020-03-30,453,266.603565912719
2020-03-30,395,319.714663768437
2020-03-30,686,376.790636902179
2020-03-30,430,330.399137460617
2020-03-30,344,354.722997247594
2020-03-30,736,307.799764243506
2020-03-30,343,392.167580849918
2020-03-30,398,302.529708814272
2020-03-30,542,337.618553491812
2020-03-30,556,536.099286569748
2020-03-30,513,265.496344560931
2020-03-30,473,151.921618650982
2020-03-30,378,133.075488999014
2020-03-30,281,161.010012376574
2020-03-30,378,317.862394673913
2020-03-30,516,326.87520751984
2020-03-30,281,199.501269468651
2020-03-30,414,444.368505024727
2020-03-30,1076,380.674595754993
2020-03-30,309,561.494625739255
2020-03-30,367,391.062626709017
2020-03-30,555,223.086060226065
2020-03-30,135,535.93555139888
2020-03-30,703,432.719808518968
2020-03-30,898,714.255603105035
2020-03-30,722,307.623267785696
2020-03-30,492,356.426492771852
2020-03-30,641,303.559128256024
2020-03-30,1073,442.691748247173
2020-03-30,374,301.46291637039
2020-03-30,408,361.730955074338
2020-03-30,239,338.438752784414
2020-03-30,288,344.219352809311
2020-03-30,574,524.475950190687
2020-03-30,1182,697.140825319372
2020-03-30,443,509.882497066809
2020-03-30,670,408.222274281255
2020-03-30,336,419.611448510933
2020-03-30,670,374.303734707239
2020-03-30,732,249.003632035649
2020-03-30,287,503.805950746735
2020-03-30,416,303.769832788159
2020-03-30,235,313.101274926674
2020-03-30,172,170.32551055597
2020-03-30,874,225.382180666856
2020-03-30,311,350.077406654503
2020-03-30,799,222.576769321129
2020-03-30,433,171.04656652981
2020-03-30,461,276.017906424186
2020-03-30,509,284.055826095307
2020-03-30,196,308.007045358375
2020-03-30,298,249.687406112051
2020-03-30,299,251.827538883482
2020-03-30,468,353.130790850166
2020-03-30,375,238.594182354307
2020-03-30,285,157.207484813503
2020-03-30,123,305.178091763005
2020-03-30,264,91.7249759958055
2020-03-30,168,263.970834529329
2020-03-30,82,166.26166809016
2020-03-30,225,142.962712331063
2020-03-30,305,248.854297257525
2020-03-30,371,266.071958395319
2020-03-30,56,254.466231396621
2020-03-30,123,185.016554945474
2020-03-30,566,167.539461006795
2020-03-30,280,229.850542492565
2020-03-30,185,142.680211301762
2020-03-30,336,141.499558359321
2020-03-30,216,189.382814579813
2020-03-30,33,132.920659002128
2020-03-30,161,81.8141630277396
2020-03-30,125,99.9000694005665
2020-03-30,117,115.735009039922
2020-03-30,114,118.020832227065
2020-03-30,191,131.463277816521
2020-03-30,89,187.020097437401
2020-03-30,95,103.433508577277
2020-03-30,97,113.274336876945
2020-03-30,394,158.835662852655
2020-03-30,107,137.09393202352
2020-03-30,134,126.007708238536
2020-03-30,146,85.559284018203
2020-03-30,102,135.181693389939
2020-03-30,315,99.9105897903995
2020-03-30,372,213.769561809788
2020-03-30,62,135.01986339003
2020-03-30,71,157.037270756545
2020-03-30,69,84.7514873162661
2020-03-30,58,136.666343591701
2020-03-30,244,223.221534159235
2020-03-30,345,232.848459826031
2020-03-30,345,252.718784299511
2020-03-30,358,192.404251058427
2020-03-30,221,245.705166059487
2020-03-30,170,198.573306658304
2020-03-30,355,160.201978096963
2020-03-30,189,147.714098322435
2020-03-30,154,244.533879502558
2020-03-30,390,362.083810836213
2020-03-30,132,161.860409486506
2020-03-30,377,285.967603757107
2020-03-30,231,269.082766701909
2020-03-30,680,452.602467527903
2020-03-30,300,514.345593132204
2020-03-30,379,303.699449957531
2020-03-30,494,390.384276336226
2020-03-30,333,271.612413789074
2020-03-30,435,402.750462457417
2020-03-30,449,278.152005701193
2020-03-30,643,445.629218997735
2020-03-30,466,351.4311352297
2020-03-30,687,239.630218332808
2020-03-30,354,68.2684848858769
2020-03-30,145,127.926543361074
2020-03-30,165,152.110449954019
2020-03-30,366,193.651241457038
2020-03-30,272,140.711527296829
2020-03-30,406,328.26114887088
2020-03-30,536,186.301416302848
2020-03-30,303,174.944179423442
2020-03-30,219,273.096858345228
2020-03-30,276,243.601535219243
2020-03-30,136,202.725785030574
2020-03-30,412,132.732006287786
2020-03-30,241,253.365223348663
2020-03-30,407,395.962702885207
2020-03-30,636,365.428811754505
2020-03-31,69,110.760757611317
2020-03-31,47,46.3201011053596
2020-03-31,76,88.7611568274905
2020-03-31,205,61.0325798922564
2020-03-31,46,97.4670480607844
2020-03-31,79,113.968922488702
2020-03-31,76,59.2650952954468
2020-03-31,95,81.439025042825
2020-03-31,102,61.3669443819114
2020-03-31,66,62.4540890617715
2020-03-31,137,121.743333528827
2020-03-31,91,88.2296696157759
2020-03-31,209,142.75395380708
2020-03-31,64,193.751947017765
2020-03-31,205,91.0575507692313
2020-03-31,87,106.138290808709
2020-03-31,139,99.8055402259793
2020-03-31,88,115.236681927363
2020-03-31,99,145.141598420978
2020-03-31,218,97.316035407872
2020-03-31,112,76.5511729418484
2020-03-31,96,88.3063426406979
2020-03-31,229,156.007456216226
2020-03-31,170,191.777465069168
2020-03-31,100,126.125296752921
2020-03-31,170,128.690134593901
2020-03-31,209,107.538725745273
2020-03-31,147,156.275608909403
2020-03-31,65,120.127955448793
2020-03-31,100,109.336243288782
2020-03-31,213,163.523162611968
2020-03-31,340,121.985479990035
2020-03-31,183,181.862733272515
2020-03-31,272,142.160275905066
2020-03-31,135,184.11630499686
2020-03-31,131,108.925492343484
2020-03-31,126,151.997630756734
2020-03-31,87,185.121709058747
2020-03-31,117,118.178645187416
2020-03-31,211,136.103016885617
2020-03-31,101,168.294143516257
2020-03-31,145,96.5255029817613
2020-03-31,168,97.7576681885777
2020-03-31,122,83.860242761554
2020-03-31,114,154.834908600173
2020-03-31,192,87.687759756831
2020-03-31,114,118.938418593622
2020-03-31,122,146.828041143494
2020-03-31,232,120.29691081944
2020-03-31,75,74.3971987087169
2020-03-31,59,108.582709595994
2020-03-31,124,142.386757590378
2020-03-31,126,118.866146761483
2020-03-31,118,121.290278730193
2020-03-31,332,93.5134433428919
2020-03-31,165,96.6570592867883
2020-03-31,55,87.0069020432579
2020-03-31,66,59.1204244101528
2020-03-31,66,74.3919446611591
2020-03-31,53,67.4522802923032
2020-03-31,54,101.562953899725
2020-03-31,43,73.908224746277
2020-03-31,76,117.909911231481
2020-03-31,115,129.362094267076
2020-03-31,116,129.621244025378
2020-03-31,142,110.932398793071
2020-03-31,113,97.445526445248
2020-03-31,146,104.291841879391
2020-03-31,198,79.655424192248
2020-03-31,40,84.0165416007315
2020-03-31,76,105.322326735988
2020-03-31,21,64.4052560405521
2020-03-31,132,50.020628803124
2020-03-31,112,79.8805013158156
2020-03-31,93,84.4574375975698
2020-03-31,156,79.5208925311507
2020-03-31,128,60.743002099165
2020-03-31,115,101.324020471362
2020-03-31,93,86.7438740010381
2020-03-31,0,266.272882126302
2020-03-31,152,106.580548108695
2020-03-31,48,89.5527909334926
2020-03-31,41,70.7627483264891
2020-03-31,72,76.9786976084868
2020-03-31,79,60.7394600983275
2020-03-31,71,68.1448482171901
2020-03-31,28,223.276649136338
2020-03-31,66,66.4868164347329
2020-03-31,120,86.1726115498833
2020-03-31,181,137.315192893675
2020-03-31,269,146.95033028586
2020-03-31,158,233.6484314848
2020-03-31,296,189.861100271446
2020-03-31,60,238.090400483325
2020-03-31,142,156.067028457803
2020-03-31,222,159.877536563836
2020-03-31,158,73.1993983128288
2020-03-31,193,125.851212308797
2020-03-31,172,168.999533333507
2020-03-31,238,105.131407724075
2020-03-31,303,158.047068379427
2020-03-31,179,114.796691973252
2020-03-31,182,121.944017579719
2020-03-31,261,164.294275906149
2020-03-31,169,161.542604250705
2020-03-31,198,161.447835944732
2020-03-31,193,134.67270206496
2020-03-31,366,122.887704207704
2020-03-31,199,132.029107239244
2020-03-31,174,135.465743720337
2020-03-31,119,134.012856861219
2020-03-31,266,179.851144090928
2020-03-31,187,141.620242652701
2020-03-31,119,152.38912702325
2020-03-31,101,137.283060447653
2020-03-31,165,140.129881157019
2020-03-31,223,139.281731824828
2020-03-31,163,69.4375815248235
2020-03-31,60,118.046430539208
2020-03-31,69,58.3020000926223
2020-03-31,131,78.6556260030274
2020-03-31,64,70.9822352885401
2020-03-31,56,62.8272827273515
2020-03-31,65,77.3120450493112
2020-03-31,74,82.5365551075369
2020-03-31,72,142.236067408695
2020-03-31,58,117.672246356084
2020-03-31,72,106.427599616105
2020-03-31,159,131.694980960834
2020-03-31,291,132.567932291576
2020-03-31,202,174.645115727713
2020-03-31,127,144.147279599667
2020-03-31,189,116.626931632671
2020-03-31,183,135.372026490714
2020-03-31,226,133.234168660999
2020-03-31,201,163.33078449747
2020-03-31,75,120.869395057409
2020-03-31,112,94.9657027977907
2020-03-31,141,82.4494134985576
2020-03-31,144,161.225547985773
2020-03-31,46,94.3299444434922
2020-03-31,185,153.256709190039
2020-03-31,210,150.991912544777
2020-03-31,89,124.621517223222
2020-03-31,152,87.8375340237551
2020-03-31,159,167.010578230567
2020-03-31,63,107.588442498696
2020-03-31,186,182.726229414612
2020-03-31,141,82.9735335039575
2020-03-31,164,233.77659210708
2020-03-31,257,168.542483018505
2020-03-31,333,148.440574045438
2020-03-31,137,176.446800452039
2020-03-31,135,195.984358824556
2020-03-31,127,143.449571439497
2020-03-31,134,71.0848427714905
2020-03-31,172,97.0845192186387
2020-03-31,113,123.782727327363
2020-03-31,178,127.333510999079
2020-03-31,114,123.927587410786
2020-03-31,234,158.744845166586
2020-03-31,115,142.150349313464
2020-03-31,141,192.420073668372
2020-03-31,84,151.408667307977
2020-03-31,197,115.27671062042
2020-03-31,177,107.221522609399
2020-03-31,73,172.00634645246
2020-03-31,145,135.613910335441
2020-03-31,116,96.2605649163423
2020-03-31,195,52.2435046464551
2020-03-31,170,173.734190523122
2020-03-31,255,159.737939721731
2020-03-31,135,107.030159428329
2020-03-31,286,193.837574552217
2020-03-31,112,75.1719092929167
2020-03-31,94,65.0243883996215
2020-03-31,217,245.221114116422
2020-03-31,129,99.3185708269759
2020-03-31,267,298.848120956998
2020-03-31,243,128.746554005531
2020-03-31,256,92.3808955646207
2020-03-31,512,226.079821418948
2020-03-31,359,340.892680048399
2020-03-31,765,106.871525364493
2020-03-31,328,150.206199360098
2020-03-31,732,193.753839214322
2020-03-31,218,227.090099459922
2020-03-31,550,238.134623761322
2020-03-31,199,316.164542483569
2020-03-31,259,223.874296370343
2020-03-31,342,263.693737195677
2020-03-31,647,160.193823644552
2020-03-31,410,258.749456443186
2020-03-31,616,180.342058228034
2020-03-31,80,244.59138902373
2020-03-31,506,159.453382488463
2020-03-31,616,87.7863787572279
2020-03-31,0,363.432026179588
2020-03-31,402,193.535084155742
2020-03-31,173,357.414514189036
2020-03-31,50,168.1027601223
2020-03-31,421,132.962060096592
2020-03-31,156,202.441168081525
2020-03-31,251,130.215360431918
2020-03-31,220,220.72629401238
2020-03-31,367,463.47734012591
2020-03-31,329,430.294977572782
2020-03-31,267,224.787782341878
2020-03-31,449,339.203405693628
2020-03-31,375,269.579029197632
2020-03-31,377,218.392729640634
2020-03-31,438,254.816926574447
2020-03-31,945,312.323852576444
2020-03-31,276,199.075306862884
2020-03-31,458,523.879552125271
2020-03-31,353,395.868843236259
2020-03-31,456,381.137380236169
2020-03-31,1066,397.045552039783
2020-03-31,307,276.108983758269
2020-03-31,345,262.157155662162
2020-03-31,372,207.629771916668
2020-03-31,877,443.390449312846
2020-03-31,223,422.531339448001
2020-03-31,360,164.928288560979
2020-03-31,391,237.110322831205
2020-03-31,381,432.609149336403
2020-03-31,644,337.74273536131
2020-03-31,600,432.571280810288
2020-03-31,0,892.888528452727
2020-03-31,567,283.400803293679
2020-03-31,84,119.246051036344
2020-03-31,74,136.238735754174
2020-03-31,78,107.243133491686
2020-03-31,409,150.69049647174
2020-03-31,335,232.004420191537
2020-03-31,417,168.295147402301
2020-03-31,248,270.865359281444
2020-03-31,152,193.487459093373
2020-03-31,376,189.383296451177
2020-03-31,202,170.297443663048
2020-03-31,144,198.101288639253
2020-03-31,353,273.264682360096
2020-03-31,438,258.070104475736
2020-03-31,132,208.806014682637
2020-03-31,417,179.554012753899
2020-03-31,336,436.429406456764
2020-03-31,423,348.895249683535
2020-03-31,362,231.444116454896
2020-03-31,377,139.303132862597
2020-03-31,159,333.874677895121
2020-03-31,479,342.81464450247
2020-03-31,244,314.64526155259
2020-03-31,164,84.0082463360537
2020-03-31,261,395.159848583151
2020-03-31,314,207.918270065549
2020-03-31,673,273.488313832269
2020-03-31,316,220.510278717432
2020-03-31,459,277.258313877762
2020-03-31,415,180.425786549159
2020-03-31,501,363.739690540223
2020-03-31,322,397.413996925952
2020-03-31,391,113.308327488098
2020-03-31,245,217.938097264985
2020-03-31,586,411.456604978985
2020-03-31,205,501.100745402511
2020-03-31,359,102.004371550433
2020-03-31,816,248.242911032467
2020-03-31,485,265.611803351638
2020-03-31,387,416.587085958776
2020-03-31,404,359.741071317053
2020-03-31,370,272.853785125325
2020-03-31,285,303.099119135892
2020-03-31,459,114.644095111487
2020-03-31,183,270.524665782829
2020-03-31,361,180.077869673485
2020-03-31,157,203.656785775356
2020-03-31,252,76.763438415093
2020-03-31,230,180.639282235323
2020-03-31,447,117.404295132429
2020-03-31,273,97.5729500275895
2020-03-31,219,290.797693698908
2020-03-31,285,57.5242090981993
2020-03-31,185,199.903843866828
2020-03-31,223,256.232123626056
2020-03-31,305,327.174894633219
2020-03-31,138,343.314564100659
2020-03-31,336,144.294117977655
2020-03-31,424,215.19728592712
2020-03-31,391,144.29526628178
2020-03-31,421,282.030478202883
2020-03-31,257,347.25022959255
2020-03-31,385,441.909530319773
2020-03-31,281,282.287970227326
2020-03-31,534,239.699577327352
2020-03-31,207,491.038544917479
2020-03-31,871,407.806613744922
2020-03-31,452,215.880049761037
2020-03-31,443,297.127850154987
2020-03-31,191,246.063395768992
2020-03-31,448,435.00981974105
2020-03-31,509,388.822936796528
2020-03-31,338,304.194261220918
2020-03-31,325,221.582551814045
2020-03-31,356,339.139877160576
2020-03-31,737,283.473762072893
2020-03-31,618,636.68659356068
2020-03-31,202,380.727273478397
2020-03-31,613,792.568597399534
2020-03-31,418,586.852004269689
2020-03-31,267,313.136007218178
2020-03-31,439,201.644943629651
2020-03-31,376,382.942257158585
2020-03-31,132,352.375111516715
2020-03-31,382,462.80965034195
2020-03-31,805,300.715626913185
2020-03-31,350,216.400199212211
2020-03-31,186,221.547012902941
2020-03-31,480,202.237320880981
2020-03-31,288,249.699274109773
2020-03-31,240,322.918271214639
2020-03-31,377,293.842081490711
2020-03-31,353,238.157262675719
2020-03-31,294,257.649681334913
2020-03-31,462,213.925275045664
2020-03-31,419,350.376673144877
2020-03-31,409,275.441507869845
2020-03-31,214,244.313407174636
2020-03-31,464,299.102373948916
2020-03-31,211,203.322745024924
2020-03-31,124,150.386121917765
2020-03-31,289,248.529007501056
2020-03-31,203,270.790533992749
2020-03-31,146,201.157674093558
2020-03-31,262,280.851791555676
2020-03-31,358,196.473253726927
2020-03-31,238,317.502378534894
2020-03-31,316,219.284440207772
2020-03-31,463,355.923553210201
2020-03-31,422,258.786327025991
2020-03-31,383,185.828664439727
2020-03-31,447,336.517493776564
2020-03-31,363,234.1676215465
2020-03-31,174,114.136941317843
2020-03-31,61,124.282799854741
2020-03-31,233,156.005248411234
2020-03-31,180,228.565081465967
2020-03-31,414,209.096637755089
2020-03-31,172,214.490304399843
2020-03-31,164,265.620216399879
2020-03-31,163,286.174646838279
2020-03-31,160,254.737168261617
2020-03-31,235,170.139434976557
2020-03-31,284,160.251954551236
2020-03-31,267,295.318173873205
2020-03-31,230,168.596284761096
2020-03-31,209,208.495960271424
2020-03-31,111,213.709508035835
2020-03-31,167,188.042376723598
2020-03-31,141,164.995279137511
2020-03-31,232,215.845991047992
2020-03-31,200,194.123836238107
2020-03-31,244,160.589862766852
2020-03-31,267,160.020456953728
2020-03-31,395,199.923497148057
2020-03-31,153,255.400670252259
2020-03-31,254,250.476348430568
2020-03-31,286,146.001929854659
2020-03-31,246,158.132655415375
2020-03-31,130,190.710223051611
2020-03-31,335,299.903502371335
2020-03-31,330,210.615247987691
2020-03-31,224,192.043212035321
2020-03-31,375,240.823935475506
2020-03-31,163,323.816749711124
2020-03-31,292,137.04032271763
2020-03-31,110,116.832454142169
2020-03-31,133,119.720083084152
2020-03-31,364,190.526808687852
2020-03-31,147,167.612264178261
2020-03-31,211,286.388766047842
2020-03-31,231,219.690032243702
2020-03-31,228,294.79494576778
2020-03-31,194,189.88416802995
2020-03-31,353,250.521600414996
2020-03-31,159,192.424919053493
2020-03-31,273,359.329641392902
2020-03-31,265,401.856423372992
2020-03-31,682,161.468338285049
2020-03-31,213,162.283563481322
2020-03-31,134,253.285108895482
2020-03-31,224,218.764015915199
2020-03-31,414,223.382226101983
2020-03-31,363,219.360011055445
2020-03-31,297,255.055897555085
2020-03-31,396,275.400209509533
2020-03-31,199,290.843036786291
2020-03-31,540,231.145579581413
2020-03-31,396,290.573462329498
2020-03-31,409,281.906764242839
2020-03-31,289,291.571598492947
2020-03-31,214,175.705800048407
2020-03-31,225,179.082717876761
2020-03-31,108,285.155295196982
2020-03-31,216,152.463525236471
2020-03-31,268,149.018647888614
2020-03-31,543,298.246259348382
2020-03-31,395,275.990309746197
2020-03-31,217,377.282815607458
2020-03-31,217,301.755077792845
2020-03-31,280,189.190288426118
2020-03-31,430,323.87214088026
2020-03-31,182,209.468117832852
2020-03-31,366,241.995006231614
2020-03-31,141,121.331301358369
2020-03-31,111,115.08659406096
2020-03-31,172,166.085967591831
2020-03-31,94,131.394024005317
2020-03-31,238,161.327767843047
2020-03-31,125,107.536883537965
2020-03-31,221,177.452477093969
2020-03-31,297,222.416829140505
2020-03-31,137,238.235405985134
2020-03-31,193,146.228557970128
2020-03-31,127,144.062100507553
2020-03-31,180,110.391026423014
2020-03-31,87,163.544740789459
2020-03-31,183,111.645995445383
2020-03-31,340,181.473255318644
2020-03-31,166,123.267911482407
2020-03-31,186,122.316106026562
2020-03-31,344,209.742703162311
2020-03-31,305,200.092062326934
2020-03-31,201,210.688544532063
2020-03-31,60,177.677679887798
2020-03-31,191,170.050633116535
2020-03-31,437,307.160652181627
2020-03-31,361,236.13698623984
2020-03-31,154,140.86969295897
2020-03-31,252,246.59222314103
2020-03-31,178,157.790997782989
2020-03-31,369,167.14287660264
2020-03-31,115,159.963188162312
2020-03-31,525,252.906726309733
2020-03-31,330,178.364510027976
2020-03-31,542,193.728193247243
2020-03-31,146,257.15950726064
2020-03-31,153,240.886598786693
2020-03-31,42,137.473602725078
2020-03-31,91,129.023147766179
2020-03-31,281,254.431025279614
2020-03-31,242,236.117114101426
2020-03-31,243,136.627726765864
2020-03-31,223,257.304539484345
2020-03-31,290,168.034364458961
2020-03-31,198,141.411667450999
2020-03-31,216,225.83717348805
2020-03-31,110,161.029919363032
2020-03-31,359,275.450222854559
2020-03-31,122,165.539329668665
2020-03-31,137,222.945312677941
2020-03-31,115,140.373287908459
2020-03-31,211,99.0170796674752
2020-03-31,217,229.948969949955
2020-03-31,170,196.795608537836
2020-03-31,114,199.272997376682
2020-03-31,369,147.652274718393
2020-03-31,337,220.763724996644
2020-03-31,193,195.414992565902
2020-03-31,148,113.747158491797
2020-03-31,200,150.366753487397
2020-03-31,145,180.257078047762
2020-03-31,70,58.7541291652689
2020-03-31,221,179.400979096159
2020-03-31,167,183.486423301189
2020-03-31,111,119.565201934929
2020-03-31,176,141.685670653516
2020-03-31,206,125.50107780318
2020-03-31,129,129.848017576092
2020-03-31,133,72.7434855082682
2020-03-31,56,100.475151959877
2020-03-31,63,79.0932942615145
2020-03-31,129,86.9313254776145
2020-03-31,293,147.962993206485
2020-03-31,183,184.213856860356
2020-03-31,132,115.321834880136
2020-03-31,76,159.001440239745
2020-03-31,214,117.72575201995
2020-03-31,56,63.4601928249344
2020-03-31,115,163.340303251424
2020-03-31,81,126.367178134746
2020-03-31,82,78.2395765805118
2020-03-31,176,146.673783312856
2020-03-31,205,114.676927208641
2020-03-31,284,298.460111160734
2020-03-31,170,169.407636888469
2020-03-31,205,190.514638032858
2020-03-31,208,104.509517427742
2020-03-31,225,217.306937497099
2020-03-31,441,258.338024519423
2020-03-31,393,261.740500217898
2020-03-31,322,195.437752371262
2020-03-31,150,119.991139984335
2020-03-31,333,160.658674678483
2020-03-31,174,190.799437504984
2020-03-31,182,236.634977747195
2020-03-31,168,69.2653886285812
2020-03-31,108,137.547712423984
2020-03-31,215,117.212726618513
2020-03-31,217,178.621791212793
2020-03-31,190,98.21233443784
2020-03-31,212,130.244312271403
2020-03-31,285,292.600248932624
2020-03-31,286,172.002298194992
2020-03-31,434,173.350524345426
2020-03-31,208,92.5851410543525
2020-03-31,199,144.403355332409
2020-03-31,141,157.429325936952
2020-03-31,309,276.919126838711
2020-03-31,261,180.831797730211
2020-03-31,119,108.595933609348
2020-03-31,132,158.640437780388
2020-03-31,141,150.353106303714
2020-03-31,410,162.999285920442
2020-03-31,197,156.796435219867
2020-03-31,405,381.644823004928
2020-03-31,446,241.7253512135
2020-03-31,379,191.226922983984
2020-03-31,265,290.812025367577
2020-03-31,328,255.375094485926
2020-03-31,317,140.202627675543
2020-03-31,261,191.943053212709
2020-03-31,155,164.502573360432
2020-03-31,299,312.463020601883
2020-03-31,657,250.784195073755
2020-03-31,298,232.250211319798
2020-03-31,334,233.819217738688
2020-03-31,322,238.90161268146
2020-03-31,187,180.811647745463
2020-03-31,173,160.617510992238
2020-03-31,355,263.792330875847
2020-03-31,209,270.357936239092
2020-03-31,256,136.425922545624
2020-03-31,136,99.2770764242994
2020-03-31,97,112.322993835866
2020-03-31,107,113.411230145067
2020-03-31,231,327.225610102875
2020-03-31,272,154.075209646343
2020-03-31,300,326.523949409318
2020-03-31,416,217.469390893257
2020-03-31,626,242.842713162587
2020-03-31,362,128.496360643227
2020-03-31,304,217.348699990117
2020-03-31,217,229.891796270397
2020-03-31,165,237.27394775054
2020-03-31,195,311.936737395706
2020-03-31,97,389.598723834938
2020-03-31,502,403.573974981223
2020-03-31,315,380.650586364811
2020-03-31,222,187.860683072779
2020-03-31,267,143.676562412692
2020-03-31,192,255.375571870225
2020-03-31,283,182.844373820688
2020-03-31,234,177.126993495846
2020-03-31,276,182.042376908119
2020-03-31,227,267.527867847163
2020-03-31,226,181.865835039144
2020-03-31,217,235.790875461175
2020-03-31,188,257.849472867813
2020-03-31,241,215.474883324197
2020-03-31,185,145.087053012369
2020-03-31,302,186.711902942321
2020-03-31,245,185.178159182465
2020-03-31,151,321.576886200852
2020-03-31,486,262.078163479552
2020-03-31,198,259.345429691055
2020-03-31,194,97.6200933363148
2020-03-31,192,322.159758974848
2020-03-31,374,484.204406459862
2020-03-31,452,434.413691159473
2020-03-31,194,196.889730540617
2020-03-31,165,182.03427932658
2020-03-31,327,201.669017811367
2020-03-31,268,218.283125056811
2020-03-31,190,199.412056471174
2020-03-31,391,241.411299565948
2020-03-31,153,179.672551897505
2020-03-31,132,192.219394387972
2020-03-31,187,123.586301885378
2020-03-31,203,223.740349254318
2020-03-31,140,171.837792935922
2020-03-31,151,168.202041030329
2020-03-31,276,143.125604575087
2020-03-31,199,234.677404595947
2020-03-31,352,198.844997422729
2020-03-31,89,194.440014385009
2020-03-31,393,167.257378514134
2020-03-31,223,251.511622804104
2020-03-31,120,135.31007362116
2020-03-31,246,127.871611676961
2020-03-31,131,114.606106090722
2020-03-31,95,155.305998067117
2020-03-31,290,326.408684778604
2020-03-31,175,122.702378890573
2020-03-31,352,269.708559367837
2020-03-31,210,231.963035662776
2020-03-31,420,167.332194297997
2020-03-31,134,233.957959824441
2020-03-31,247,290.782519444877
2020-03-31,256,150.376098130876
2020-03-31,314,215.161203120249
2020-03-31,203,176.488175050353
2020-03-31,174,227.935646985343
2020-03-31,141,188.850488458138
2020-03-31,293,100.691739368163
2020-03-31,274,144.124419301515
2020-03-31,267,310.834179891689
2020-03-31,343,185.939039039676
2020-03-31,447,325.332809769619
2020-03-31,331,237.835244581304
2020-03-31,345,190.070915670926
2020-03-31,193,298.777981630778
2020-03-31,165,137.156274367641
2020-03-31,245,210.732556392975
2020-03-31,137,183.056498846412
2020-03-31,260,150.20507542273
2020-03-31,160,158.487416392855
2020-03-31,219,156.474617015241
2020-03-31,162,168.895630692306
2020-03-31,396,249.252935811869
2020-03-31,357,254.944209965124
2020-03-31,295,195.268248453946
2020-03-31,322,229.769984515091
2020-03-31,183,219.889070881389
2020-03-31,194,243.484614539179
2020-03-31,171,275.068098655106
2020-03-31,215,165.882993956737
2020-03-31,459,245.166102237532
2020-03-31,71,164.829988090708
2020-03-31,259,174.47125858467
2020-03-31,207,288.318301785287
2020-03-31,334,270.127348141791
2020-03-31,392,333.344214996525
2020-03-31,237,147.231298366443
2020-03-31,296,347.203355026539
2020-03-31,225,231.801538928179
2020-03-31,349,284.64043730888
2020-03-31,232,290.308561147121
2020-03-31,406,186.617599404206
2020-03-31,199,235.466945852233
2020-03-31,255,226.697707016852
2020-03-31,327,209.657543808226
2020-03-31,146,229.578009622166
2020-03-31,177,240.640191192996
2020-03-31,162,131.672024004153
2020-03-31,163,217.431632582111
2020-03-31,181,194.954139739543
2020-03-31,375,372.583540422966
2020-03-31,448,339.206065512136
2020-03-31,230,204.341196382752
2020-03-31,403,316.459072368356
2020-03-31,210,138.118631900422
2020-03-31,224,341.973021671436
2020-03-31,433,151.998240836916
2020-03-31,139,195.485980302913
2020-03-31,131,213.463781421163
2020-03-31,353,260.8338176275
2020-03-31,225,159.578148206327
2020-03-31,312,229.650989861037
2020-03-31,276,152.132643491596
2020-03-31,216,160.901027758537
2020-03-31,417,188.433818130457
2020-03-31,115,162.377608158316
2020-03-31,267,245.417000114711
2020-03-31,161,224.74949763035
2020-03-31,168,153.545034431883
2020-03-31,172,143.232409917423
2020-03-31,72,91.6554225656104
2020-03-31,145,142.570325171027
2020-03-31,193,131.594725526199
2020-03-31,318,184.563481537602
2020-03-31,210,171.788672773697
2020-03-31,169,107.602697404225
2020-03-31,210,141.639085236118
2020-03-31,151,197.066644406991
2020-03-31,237,131.405884345764
2020-03-31,173,74.2110840524665
2020-03-31,261,270.540840054341
2020-03-31,216,184.039073499354
2020-03-31,186,198.437043977451
2020-03-31,303,230.332736309217
2020-03-31,157,156.953457437297
2020-03-31,133,178.975851085294
2020-03-31,221,118.117384534432
2020-03-31,204,218.39018276638
2020-03-31,320,193.514129381819
2020-03-31,208,175.507267470768
2020-03-31,260,189.176500100712
2020-03-31,203,170.033342307326
2020-03-31,130,255.382841136534
2020-03-31,241,196.985457826412
2020-03-31,236,261.455272541605
2020-03-31,346,209.257183788573
2020-03-31,206,336.314685424549
2020-03-31,288,164.689353463974
2020-03-31,335,225.268584149561
2020-03-31,241,169.158039614593
2020-03-31,215,234.831180462268
2020-03-31,194,156.649801779902
2020-03-31,284,200.626064092733
2020-03-31,184,160.289598436557
2020-03-31,199,192.640313710129
2020-03-31,384,177.939038772779
2020-03-31,79,282.709064709769
2020-03-31,498,202.235362366293
2020-03-31,157,241.292549638792
2020-03-31,122,217.607723931077
2020-03-31,220,270.823816909706
2020-03-31,313,173.877075601426
2020-03-31,314,237.880513397821
2020-03-31,382,352.449456510838
2020-03-31,273,497.460067329495
2020-03-31,190,263.292494756346
2020-03-31,197,136.780302319063
2020-03-31,208,145.12699236951
2020-03-31,272,194.350409794781
2020-03-31,329,214.14219943789
2020-03-31,163,122.043994543659
2020-03-31,194,179.534449914748
2020-03-31,96,98.2406553549281
2020-03-31,188,126.078455415662
2020-03-31,70,111.451244596628
2020-03-31,196,138.968288046284
2020-03-31,126,161.603246865245
2020-03-31,203,119.299845643055
2020-03-31,116,174.763178597315
2020-03-31,306,168.020252089456
2020-03-31,78,94.071522139424
2020-03-31,76,109.782355315493
2020-03-31,164,98.8090567236522
2020-03-31,129,92.1407999689667
2020-03-31,277,127.482830089642
2020-03-31,41,143.053147343136
2020-03-31,53,114.213013118115
2020-03-31,136,73.8849730447848
2020-03-31,114,87.3927317149973
2020-03-31,238,60.0964753350119
2020-03-31,57,69.3309032606485
2020-03-31,130,85.5836116058376
2020-03-31,172,101.157152026564
2020-03-31,172,83.2263420709303
2020-03-31,78,145.401064218684
2020-03-31,122,90.2957019462609
2020-03-31,108,79.8991538518607
2020-03-31,162,112.057318446457
2020-03-31,98,235.980262522714
2020-03-31,457,164.957306430293
2020-03-31,66,176.355637676997
2020-03-31,241,204.132935194789
2020-03-31,185,138.29891145059
2020-03-31,257,162.186907303342
2020-03-31,164,161.705103940607
2020-03-31,279,170.815113454117
2020-03-31,111,165.717692633238
2020-03-31,459,178.68711521541
2020-03-31,49,194.566786549159
2020-03-31,139,167.781178027319
2020-03-31,147,53.6865037997004
2020-03-31,91,118.643681040608
2020-03-31,257,150.684655271189
2020-03-31,219,129.264382283759
2020-03-31,135,119.819560272107
2020-03-31,85,130.534997663424
2020-03-31,192,155.643180165832
2020-03-31,85,116.553678411702
2020-03-31,210,59.579846196639
2020-03-31,147,81.4908170667951
2020-03-31,92,99.1497578711863
2020-03-31,50,92.9043892612896
2020-03-31,119,155.049717420514
2020-03-31,155,106.311654385147
2020-03-31,16,229.487212345284
2020-03-31,62,134.855918278726
2020-03-31,575,148.75258465893
2020-03-31,221,227.643552066991
2020-03-31,166,476.694687988218
2020-03-31,476,276.113804829601
2020-03-31,707,397.81642086953
2020-03-31,639,342.789622784518
2020-03-31,507,357.456009294771
2020-03-31,544,286.145219933207
2020-03-31,507,560.125505511741
2020-03-31,434,238.529382722224
2020-03-31,510,213.62885125234
2020-03-31,159,157.422705042623
2020-03-31,131,155.41417369153
2020-03-31,185,165.21939246705
2020-03-31,325,141.906720750552
2020-03-31,113,165.89690901466
2020-03-31,314,211.454823035935
2020-03-31,101,243.965483116626
2020-03-31,200,159.846200731234
2020-03-31,266,150.192322195007
2020-03-31,204,335.928667889412
2020-03-31,423,170.963951405916
2020-03-31,215,264.675992735856
2020-03-31,354,289.584528979897
2020-03-31,136,227.169898505871
2020-03-31,218,296.938087328707
2020-03-31,181,176.655224320375
2020-03-31,82,85.670776102598
2020-03-31,130,173.284540277574
2020-03-31,268,192.953130403635
2020-03-31,164,145.209602224349
2020-03-31,42,62.8576246163529
2020-03-31,108,73.7904584094153
2020-03-31,186,176.117222267517
2020-03-31,260,158.546579645017
2020-03-31,200,140.667614512612
2020-03-31,183,175.516767595088
2020-03-31,160,182.006171264335
2020-03-31,311,292.947743747529
2020-03-31,250,129.98733568723
2020-03-31,266,154.112898975381
2020-03-31,249,234.037265807918
2020-03-31,144,149.932284003725
2020-03-31,272,301.504085003102
2020-03-31,456,232.813974045962
2020-03-31,405,252.705992879829
2020-03-31,369,256.038494291288
2020-03-31,266,160.165410907157
2020-03-31,255,184.549722119024
2020-03-31,323,204.742995861953
2020-03-31,205,266.308876906525
2020-03-31,189,345.228583209441
2020-03-31,511,250.632139232022
2020-03-31,575,328.292192991951
2020-03-31,360,260.895795352265
2020-03-31,418,313.911852570366
2020-03-31,214,183.177232745024
2020-03-31,218,182.79948375575
2020-03-31,119,129.487133266774
2020-03-31,281,210.360815458494
2020-03-31,213,174.940925695317
2020-03-31,247,199.736061450583
2020-03-31,155,180.324325447361
2020-03-31,284,151.295362252883
2020-03-31,408,203.293049724075
2020-03-31,194,155.87315203667
2020-03-31,423,339.11058563326
2020-03-31,98,217.791856018988
2020-03-31,465,238.356268157699
2020-03-31,181,260.141800787679
2020-03-31,219,210.225173938546
2020-03-31,234,207.324995400131
2020-03-31,273,228.886241497596
2020-03-31,175,268.440169422002
2020-03-31,267,247.057139088988
2020-03-31,160,165.761458092975
2020-03-31,198,256.282660354985
2020-03-31,333,201.687973358836
2020-03-31,298,204.602885165483
2020-03-31,423,216.889601441598
2020-03-31,226,212.727465395775
2020-03-31,175,225.322020520315
2020-03-31,198,172.856243131413
2020-03-31,160,195.370943059891
2020-03-31,195,201.092277948622
2020-03-31,127,117.098539460733
2020-03-31,336,197.08260022417
2020-03-31,410,221.211446774796
2020-03-31,187,228.558435783503
2020-03-31,272,273.273388465676
2020-03-31,308,188.039116285537
2020-03-31,359,223.59602371311
2020-03-31,183,246.763232911501
2020-03-31,292,258.654357425818
2020-03-31,181,209.535116027881
2020-03-31,521,235.117608610642
2020-03-31,191,291.438821930861
2020-03-31,318,202.463118395713
2020-03-31,148,192.105209523873
2020-03-31,315,326.305504753319
2020-03-31,293,349.411176347849
2020-03-31,270,241.024505308131
2020-03-31,176,207.22067956665
2020-03-31,283,178.839141460779
2020-03-31,341,375.781015774721
2020-03-31,298,188.053238693842
2020-03-31,193,175.159612188631
2020-03-31,274,174.483464888682
2020-03-31,170,134.207522674287
2020-03-31,171,126.090762077024
2020-03-31,230,210.815093660284
2020-03-31,301,126.422299505682
2020-03-31,185,255.750287747228
2020-03-31,270,185.807999726662
2020-03-31,210,217.94358626741
2020-03-31,65,178.290246236291
2020-03-31,108,101.574942962256
2020-03-31,91,183.019936487389
2020-03-31,61,110.075557023903
2020-03-31,158,94.3929619052973
2020-03-31,114,156.413946089367
2020-03-31,290,215.309975862011
2020-03-31,227,291.933424720478
2020-03-31,297,177.884624647391
2020-03-31,221,113.546669008062
2020-03-31,221,265.860325709029
2020-03-31,354,217.519447370622
2020-03-31,163,190.126245043648
2020-03-31,258,176.024472040387
2020-03-31,197,246.204550686734
2020-03-31,489,296.574228588653
2020-03-31,176,206.539944089863
2020-03-31,270,138.647126050657
2020-03-31,389,271.459259529265
2020-03-31,222,313.222794177356
2020-03-31,433,172.166757726572
2020-03-31,288,283.624052600385
2020-03-31,286,153.273057296446
2020-03-31,319,154.930849452092
2020-03-31,161,181.446001053125
2020-03-31,234,181.619070273619
2020-03-31,235,327.733126203866
2020-03-31,136,124.376600302851
2020-03-31,277,217.831658063255
2020-03-31,147,164.548129592512
2020-03-31,410,149.216461719749
2020-03-31,194,202.491598198903
2020-03-31,177,167.314100204177
2020-03-31,315,176.52800934977
2020-03-31,187,185.99854805538
2020-03-31,152,188.239930250021
2020-03-31,153,222.802131860305
2020-03-31,525,170.890351268399
2020-03-31,283,321.439613865598
2020-03-31,290,331.939028208495
2020-03-31,288,264.73639895859
2020-03-31,348,197.937245312236
2020-03-31,237,234.048956244933
2020-03-31,347,279.566373710139
2020-03-31,97,145.103839976078
2020-03-31,202,177.957329353022
2020-03-31,140,244.951640373033
2020-03-31,80,175.245573969075
2020-03-31,143,259.328086748413
2020-03-31,123,204.844835364287
2020-03-31,355,157.741216397199
2020-03-31,275,192.189128846882
2020-03-31,124,175.538250444687
2020-03-31,273,160.829122289695
2020-03-31,135,164.272640427653
2020-03-31,330,257.226985228316
2020-03-31,88,192.300197597261
2020-03-31,284,155.445718082157
2020-03-31,90,120.819003852694
2020-03-31,199,159.246850990309
2020-03-31,133,157.403099374585
2020-03-31,166,183.280048512152
2020-03-31,71,194.131138977741
2020-03-31,144,132.824993950855
2020-03-31,181,134.437419366689
2020-03-31,210,479.464717906549
2020-03-31,269,232.274475916595
2020-03-31,303,240.34200749831
2020-03-31,121,131.150144336151
2020-03-31,383,267.392545167962
2020-03-31,276,235.650698867452
2020-03-31,355,257.793779735357
2020-03-31,191,199.164887997997
2020-03-31,270,339.222684722689
2020-03-31,289,191.999368613531
2020-03-31,122,125.614278827423
2020-03-31,161,128.550667756338
2020-03-31,399,231.597565357813
2020-03-31,137,145.761738510092
2020-03-31,358,208.904608859372
2020-03-31,232,190.857254455591
2020-03-31,220,224.83460005771
2020-03-31,345,237.344705315248
2020-03-31,79,232.384929120812
2020-03-31,119,104.568291884129
2020-03-31,167,186.40178089337
2020-03-31,118,171.397888687908
2020-03-31,391,302.986325787551
2020-03-31,362,271.65793369971
2020-03-31,47,251.731619739529
2020-03-31,412,263.319966994261
2020-03-31,390,286.488752396049
2020-03-31,96,201.965652526274
2020-03-31,205,183.638853761737
2020-03-31,347,262.161589412332
2020-03-31,257,298.971206319802
2020-03-31,319,263.765902949023
2020-03-31,171,178.595408629976
2020-03-31,152,127.413538507046
2020-03-31,147,97.7333852966071
2020-03-31,211,116.169308497727
2020-03-31,202,235.802219597315
2020-03-31,184,232.622692415489
2020-03-31,224,209.849939821758
2020-03-31,292,147.800884935451
2020-03-31,125,135.898835871023
2020-03-31,129,224.54280044939
2020-03-31,605,503.97879382726
2020-03-31,221,194.354134594664
2020-03-31,255,299.871119652375
2020-03-31,313,288.519051992038
2020-03-31,502,445.473485658174
2020-03-31,481,325.171613062565
2020-03-31,395,358.629168318593
2020-03-31,475,738.028227288006
2020-03-31,267,207.130331242111
2020-03-31,402,391.830035777568
2020-03-31,120,605.836416664049
2020-03-31,289,325.370603460265
2020-03-31,406,250.589025532576
2020-03-31,569,276.241379351253
2020-03-31,385,371.272114819784
2020-03-31,131,301.69283753172
2020-03-31,549,693.170522228762
2020-03-31,195,219.309314264268
2020-03-31,255,284.108977617003
2020-03-31,330,402.134975137315
2020-03-31,353,240.166377684221
2020-03-31,280,255.372944300821
2020-03-31,369,243.691029290627
2020-03-31,150,145.318716671864
2020-03-31,481,286.681424553571
2020-03-31,511,378.820144211851
2020-03-31,352,389.942997595923
2020-03-31,323,290.209607378174
2020-03-31,189,134.185344029873
2020-03-31,369,291.588271461062
2020-03-31,344,219.13019346572
2020-03-31,272,192.410391697091
2020-03-31,240,326.554737824019
2020-03-31,154,205.216906635599
2020-03-31,179,216.968601850606
2020-03-31,481,299.181463145451
2020-03-31,433,305.400003436605
2020-03-31,360,426.858731771945
2020-03-31,197,492.169110710309
2020-03-31,420,315.957506958632
2020-03-31,206,238.066145186229
2020-03-31,219,173.927527488813
2020-03-31,333,244.735390992917
2020-03-31,257,607.136403762106
2020-03-31,0,189.831972954015
2020-03-31,0,308.861626704973
2020-03-31,0,78.9165698829285
2020-03-31,334,360.433926217326
2020-03-31,179,377.268432394116
2020-03-31,283,334.671325787894
2020-03-31,167,227.109311969995
2020-03-31,162,279.424153518151
2020-03-31,133,257.253086646721
2020-03-31,584,210.112690299213
2020-03-31,232,324.443607748068
2020-03-31,149,348.518657205252
2020-03-31,653,424.673569137911
2020-03-31,694,212.298874460653
2020-03-31,524,480.49689446563
2020-03-31,227,433.813726970934
2020-03-31,303,562.047796611256
2020-03-31,361,298.108815680865
2020-03-31,461,207.650540519073
2020-03-31,338,305.272976995091
2020-03-31,329,294.804366771419
2020-03-31,352,349.874618503967
2020-03-31,615,491.796175032081
2020-03-31,447,291.288469086634
2020-03-31,818,561.660351471119
2020-03-31,259,430.270137055537
2020-03-31,754,447.783929453475
2020-03-31,437,182.844951605032
2020-03-31,300,377.58940533918
2020-03-31,450,454.265593282324
2020-03-31,553,398.568272040241
2020-03-31,481,227.474261935252
2020-03-31,235,482.425013187448
2020-03-31,204,292.857195154099
2020-03-31,538,427.826961867462
2020-03-31,560,305.826684916544
2020-03-31,462,228.101714077839
2020-03-31,427,686.624224096603
2020-03-31,426,369.90521997708
2020-03-31,172,781.168387368768
2020-03-31,239,415.480026180073
2020-03-31,757,564.463733480143
2020-03-31,392,317.904540721876
2020-03-31,508,416.737126875915
2020-03-31,639,257.386629448137
2020-03-31,91,232.856789604135
2020-03-31,278,324.615780589754
2020-03-31,348,387.489773604734
2020-03-31,356,316.368107646931
2020-03-31,365,369.428818507851
2020-03-31,231,194.519927808155
2020-03-31,229,146.920732987555
2020-03-31,238,125.392908568311
2020-03-31,220,393.510077483221
2020-03-31,460,522.80796527537
2020-03-31,557,572.529687732246
2020-03-31,684,377.555960293834
2020-03-31,576,505.146299811183
2020-03-31,596,468.588155502002
2020-03-31,1219,926.9189732106
2020-03-31,1092,523.904984699498
2020-03-31,306,306.583659772293
2020-03-31,432,283.542294064175
2020-03-31,334,335.383320971905
2020-03-31,320,204.33829593695
2020-03-31,363,352.757344329012
2020-03-31,398,262.967666739087
2020-03-31,395,318.541686119871
2020-03-31,353,287.516360696417
2020-03-31,416,328.564633732333
2020-03-31,333,195.786396930653
2020-03-31,321,239.003979947797
2020-03-31,288,291.120879637295
2020-03-31,491,425.495494378029
2020-03-31,305,346.638992907745
2020-03-31,223,213.368701224182
2020-03-31,416,522.692757142651
2020-03-31,914,819.795388291247
2020-03-31,1008,498.802944082744
2020-03-31,644,474.853455526306
2020-03-31,674,463.589446570954
2020-03-31,457,491.438441332381
2020-03-31,2036,807.334497482965
2020-03-31,1010,435.199593573401
2020-03-31,124,627.620430338011
2020-03-31,429,149.446788750471
2020-03-31,276,156.385857238426
2020-03-31,229,308.215400810541
2020-03-31,145,302.404868902707
2020-03-31,270,251.46974576814
2020-03-31,356,173.805457757778
2020-03-31,576,401.038942792761
2020-03-31,364,438.60830677265
2020-03-31,395,302.736628578511
2020-03-31,498,317.52809603391
2020-03-31,389,278.456870224549
2020-03-31,322,219.404494682141
2020-03-31,430,446.913885574381
2020-03-31,520,325.770557302705
2020-03-31,225,244.248820603241
2020-03-31,451,278.24646524901
2020-03-31,460,331.723789550338
2020-03-31,669,263.264679796493
2020-03-31,463,389.450041623243
2020-03-31,612,264.083105789474
2020-03-31,306,291.301907158572
2020-03-31,577,315.728446644402
2020-03-31,389,153.550984152339
2020-03-31,486,384.49059149715
2020-03-31,482,256.347272814548
2020-03-31,603,424.035931970975
2020-03-31,536,330.29742423374
2020-03-31,273,265.608024820778
2020-03-31,451,312.228144645659
2020-03-31,264,236.027903406204
2020-03-31,350,323.717874698904
2020-03-31,652,442.785853758947
2020-03-31,188,277.058438776437
2020-03-31,409,378.287738842581
2020-03-31,249,257.492841701213
2020-03-31,609,332.288441947731
2020-03-31,405,570.121352024685
2020-03-31,374,268.875525345264
2020-03-31,188,152.964562973919
2020-03-31,431,238.698441736847
2020-03-31,506,211.777452613031
2020-03-31,346,345.262062745401
2020-03-31,521,234.17513264781
2020-03-31,365,341.883280677543
2020-03-31,362,381.111074040786
2020-03-31,337,195.545914936927
2020-03-31,364,337.352290296417
2020-03-31,592,557.172871005113
2020-03-31,320,506.324088458334
2020-03-31,725,375.166192883905
2020-03-31,252,452.885549089136
2020-03-31,217,251.225275386561
2020-03-31,434,275.398770757868
2020-03-31,285,179.760278035943
2020-03-31,404,197.772890078622
2020-03-31,188,363.203673622004
2020-03-31,363,525.520100871614
2020-03-31,458,354.505729825444
2020-03-31,411,394.897181598113
2020-03-31,279,304.078800917552
2020-03-31,459,410.931203313571
2020-03-31,746,520.419290812467
2020-03-31,801,650.985420885924
2020-03-31,817,514.267869469479
2020-03-31,786,353.613296163395
2020-03-31,459,312.516574225928
2020-03-31,496,339.370610355491
2020-03-31,506,419.616401614594
2020-03-31,688,271.45294609462
2020-03-31,254,562.105903898683
2020-03-31,539,917.400567883821
2020-03-31,211,433.762330344728
2020-03-31,1002,312.642894807666
2020-03-31,592,251.517506232313
2020-03-31,310,436.265129342167
2020-03-31,481,362.494830325003
2020-03-31,644,808.036625351638
2020-03-31,625,369.591320409167
2020-03-31,414,381.05249527952
2020-03-31,261,239.520268859749
2020-03-31,656,364.580021715984
2020-03-31,543,234.920143005061
2020-03-31,224,427.213193562208
2020-03-31,639,376.305554893392
2020-03-31,18,352.874864543442
2020-03-31,325,152.820371040138
2020-03-31,276,304.015692640137
2020-03-31,567,374.925082412988
2020-03-31,226,405.739635255814
2020-03-31,594,396.355419904651
2020-03-31,198,273.887290212263
2020-03-31,330,297.065613245346
2020-03-31,268,322.418741047492
2020-03-31,369,290.373130382377
2020-03-31,238,206.412455311615
2020-03-31,230,248.119141964491
2020-03-31,458,295.550155143618
2020-03-31,493,306.6533013641
2020-03-31,520,281.744263547745
2020-03-31,426,403.403039669378
2020-03-31,379,244.815085326084
2020-03-31,382,289.355130149526
2020-03-31,614,355.863621883437
2020-03-31,422,297.915175346255
2020-03-31,323,326.665898811992
2020-03-31,685,290.169153442922
2020-03-31,298,357.334873675195
2020-03-31,354,281.488995994315
2020-03-31,490,318.751068660801
2020-03-31,591,497.54697383478
2020-03-31,515,249.266962913642
2020-03-31,388,151.13592655693
2020-03-31,372,124.150136351754
2020-03-31,270,156.31828753871
2020-03-31,393,303.106575360768
2020-03-31,485,315.099388653097
2020-03-31,263,188.861865148618
2020-03-31,348,408.978942828024
2020-03-31,1007,347.192718341657
2020-03-31,287,515.808871688093
2020-03-31,363,354.721898352832
2020-03-31,516,204.37913538692
2020-03-31,116,497.161388606115
2020-03-31,683,394.813457736192
2020-03-31,818,659.342079820998
2020-03-31,676,283.124112653027
2020-03-31,446,331.709374415826
2020-03-31,606,271.609689057384
2020-03-31,983,401.47227749144
2020-03-31,304,275.428886301035
2020-03-31,386,327.574750786524
2020-03-31,222,308.977813234541
2020-03-31,256,316.456995781361
2020-03-31,537,481.408879786303
2020-03-31,1092,641.558165498348
2020-03-31,420,465.125442119968
2020-03-31,604,376.183646618324
2020-03-31,297,388.227342055413
2020-03-31,618,344.360466643439
2020-03-31,684,228.455850532904
2020-03-31,260,463.303097077243
2020-03-31,388,282.488572046129
2020-03-31,229,288.254230675926
2020-03-31,171,156.859489704761
2020-03-31,812,209.020932609664
2020-03-31,289,319.127266578997
2020-03-31,727,197.487570180131
2020-03-31,348,152.884990361989
2020-03-31,404,247.296931851646
2020-03-31,483,257.41840770045
2020-03-31,173,282.931457746245
2020-03-31,263,219.951574910492
2020-03-31,273,229.314996531276
2020-03-31,391,324.956194583018
2020-03-31,353,212.305666750089
2020-03-31,253,143.909062047482
2020-03-31,138,272.675133231455
2020-03-31,213,87.1351794276929
2020-03-31,140,248.126833379597
2020-03-31,85,155.59090508121
2020-03-31,194,128.94626481964
2020-03-31,268,227.533171007853
2020-03-31,351,243.534598565392
2020-03-31,50,234.048790200558
2020-03-31,121,174.254809890463
2020-03-31,522,155.050405825983
2020-03-31,253,208.876023768129
2020-03-31,192,128.503076239566
2020-03-31,335,132.303587568167
2020-03-31,216,177.540208707966
2020-03-31,26,122.872420906099
2020-03-31,150,73.66418525076
2020-03-31,114,89.1743201396038
2020-03-31,123,111.113744544097
2020-03-31,104,113.297435592388
2020-03-31,221,121.097585124808
2020-03-31,83,169.686385512346
2020-03-31,67,98.6416476220902
2020-03-31,99,105.082179202234
2020-03-31,344,145.157110311908
2020-03-31,93,125.984799248495
2020-03-31,104,121.971082611889
2020-03-31,147,81.9907829837592
2020-03-31,99,132.736671550595
2020-03-31,325,93.2327542720771
2020-03-31,354,196.774429223325
2020-03-31,72,127.716895934071
2020-03-31,66,149.018808622319
2020-03-31,57,77.1986584668821
2020-03-31,47,122.200314931639
2020-03-31,256,200.758745282226
2020-03-31,309,212.718480238861
2020-03-31,297,227.170094060302
2020-03-31,327,176.834165415594
2020-03-31,188,224.364121401332
2020-03-31,166,180.184776778023
2020-03-31,320,149.59523138277
2020-03-31,187,132.667277365556
2020-03-31,148,222.725009951194
2020-03-31,316,334.198185757459
2020-03-31,120,147.211691846974
2020-03-31,356,259.345887102636
2020-03-31,230,246.819203706009
2020-03-31,627,414.721860305767
2020-03-31,289,458.651826631892
2020-03-31,334,272.253391455736
2020-03-31,456,348.662670987582
2020-03-31,322,242.454328239011
2020-03-31,384,356.947423764622
2020-03-31,360,250.802014678695
2020-03-31,582,392.554132607153
2020-03-31,380,318.530439481301
2020-03-31,668,209.404745781303
2020-03-31,310,65.1785957991581
2020-03-31,150,118.513728951515
2020-03-31,156,141.828945446989
2020-03-31,355,179.091588333795
2020-03-31,242,134.449818428975
2020-03-31,370,313.841914339236
2020-03-31,493,177.221732553604
2020-03-31,306,168.555157069168
2020-03-31,249,257.401845310889
2020-03-31,286,234.137854187154
2020-03-31,122,194.633333625267
2020-03-31,383,126.527280853126
2020-03-31,228,238.767685953018
2020-03-31,388,368.035630237188
2020-03-31,605,344.923949974674
2020-04-01,77,125.360656188712
2020-04-01,53,55.4963446410375
2020-04-01,97,102.141383805811
2020-04-01,278,66.3938656412792
2020-04-01,60,111.007035993937
2020-04-01,93,127.570244723424
2020-04-01,83,69.2237081231782
2020-04-01,102,94.7094817978468
2020-04-01,124,64.9806942843941
2020-04-01,71,72.0713121609247
2020-04-01,145,133.859552887682
2020-04-01,107,97.169500837587
2020-04-01,260,147.080829038523
2020-04-01,63,198.902586958839
2020-04-01,234,102.411002340281
2020-04-01,91,118.055640532301
2020-04-01,149,117.431513874694
2020-04-01,115,131.105663755387
2020-04-01,133,162.197076392278
2020-04-01,291,107.33519658279
2020-04-01,140,84.6612682564687
2020-04-01,128,98.9134836449684
2020-04-01,252,176.908116913899
2020-04-01,194,215.816824729817
2020-04-01,145,148.061251642476
2020-04-01,181,150.529458620466
2020-04-01,257,120.183215113817
2020-04-01,180,198.611432097327
2020-04-01,75,158.671178001264
2020-04-01,124,117.038788871594
2020-04-01,188,196.309820057137
2020-04-01,599,125.256173735497
2020-04-01,247,216.025109277273
2020-04-01,235,171.730439411565
2020-04-01,142,219.94085965015
2020-04-01,126,111.747096019345
2020-04-01,122,168.14872458308
2020-04-01,119,191.984883748715
2020-04-01,119,116.131912353665
2020-04-01,201,148.218524664894
2020-04-01,108,180.41229596094
2020-04-01,142,106.073029177766
2020-04-01,197,111.207574438568
2020-04-01,142,82.3295147920937
2020-04-01,160,178.798143109531
2020-04-01,132,108.908512661078
2020-04-01,145,155.399164808635
2020-04-01,260,155.00782975029
2020-04-01,252,136.481385073986
2020-04-01,86,85.8143563005684
2020-04-01,64,128.978193511558
2020-04-01,153,171.357722705373
2020-04-01,146,152.086216204454
2020-04-01,167,164.93770119846
2020-04-01,553,106.890331961041
2020-04-01,153,124.851960664356
2020-04-01,69,95.0691710606958
2020-04-01,69,62.9814837635557
2020-04-01,69,79.7852707870953
2020-04-01,58,73.4686977261913
2020-04-01,51,129.91707435095
2020-04-01,55,77.8123469788405
2020-04-01,99,149.725833769751
2020-04-01,126,177.080941461158
2020-04-01,135,152.229297361736
2020-04-01,184,124.472849589113
2020-04-01,159,112.703404257804
2020-04-01,238,115.363187834107
2020-04-01,153,102.254326452466
2020-04-01,80,96.4082730259184
2020-04-01,93,123.531986982805
2020-04-01,24,81.3568003092102
2020-04-01,174,60.9218942447194
2020-04-01,167,90.0539799394104
2020-04-01,105,100.426333341887
2020-04-01,182,88.8733683311648
2020-04-01,162,63.9730009252496
2020-04-01,146,108.82252198929
2020-04-01,105,101.983214350836
2020-04-01,0,299.557967813212
2020-04-01,203,121.37700509546
2020-04-01,60,107.699843076361
2020-04-01,38,83.6934749092351
2020-04-01,79,91.3526861070407
2020-04-01,77,70.4775902463237
2020-04-01,82,74.563409930793
2020-04-01,36,263.241801613748
2020-04-01,85,78.4894702476255
2020-04-01,229,92.7987466325378
2020-04-01,189,166.696740003446
2020-04-01,301,181.456401056873
2020-04-01,197,260.664482806845
2020-04-01,316,241.220996013851
2020-04-01,100,279.593883420404
2020-04-01,173,193.316854267287
2020-04-01,311,191.499712784779
2020-04-01,214,90.9142200238462
2020-04-01,234,161.740504362968
2020-04-01,256,204.043150670697
2020-04-01,324,122.194111547742
2020-04-01,313,194.003561896184
2020-04-01,201,140.122822903268
2020-04-01,280,137.666378918403
2020-04-01,337,182.861776317175
2020-04-01,191,190.768548149866
2020-04-01,247,180.445242478227
2020-04-01,207,157.842689960954
2020-04-01,845,137.533372033578
2020-04-01,245,165.135762918706
2020-04-01,228,180.278578273112
2020-04-01,115,157.592862469262
2020-04-01,327,212.981691448711
2020-04-01,315,170.186176117139
2020-04-01,132,176.055788888307
2020-04-01,112,168.736528804726
2020-04-01,200,169.575902241148
2020-04-01,291,167.476918413969
2020-04-01,217,83.900642008492
2020-04-01,83,144.428310307755
2020-04-01,80,68.8195475274781
2020-04-01,163,89.9543538083919
2020-04-01,59,81.1652675958305
2020-04-01,55,68.2291742241749
2020-04-01,80,88.0395244538212
2020-04-01,93,93.338936625672
2020-04-01,77,190.58916128606
2020-04-01,72,153.936716239736
2020-04-01,110,124.347635069945
2020-04-01,206,151.477128907903
2020-04-01,614,144.412602032747
2020-04-01,179,230.697425361696
2020-04-01,123,189.731762854372
2020-04-01,216,161.39575637282
2020-04-01,240,184.394179867874
2020-04-01,279,152.47780623468
2020-04-01,266,183.927903276146
2020-04-01,83,129.10192957772
2020-04-01,147,105.293914659037
2020-04-01,160,97.3029685078763
2020-04-01,140,188.348046190294
2020-04-01,55,106.437067162814
2020-04-01,237,182.570127962981
2020-04-01,240,166.951346046792
2020-04-01,117,142.002742008139
2020-04-01,149,96.0088158354093
2020-04-01,182,195.826374787901
2020-04-01,71,124.555697525666
2020-04-01,261,208.217037790342
2020-04-01,156,94.5423480364538
2020-04-01,173,276.902440901888
2020-04-01,355,188.336949206693
2020-04-01,305,216.254399296988
2020-04-01,146,207.532656504989
2020-04-01,191,239.67525682813
2020-04-01,181,181.243515007491
2020-04-01,149,95.2853089988722
2020-04-01,216,125.971879169738
2020-04-01,175,147.139476429958
2020-04-01,230,154.729453059526
2020-04-01,191,156.013381505386
2020-04-01,363,192.56362943807
2020-04-01,123,203.462147753777
2020-04-01,172,263.301224423769
2020-04-01,118,183.321005102669
2020-04-01,235,150.690116955032
2020-04-01,220,132.373509113976
2020-04-01,101,239.531884734901
2020-04-01,205,194.984318069388
2020-04-01,115,116.695720280969
2020-04-01,213,57.0135485593687
2020-04-01,255,196.894128765885
2020-04-01,310,193.435073569973
2020-04-01,179,117.470215674161
2020-04-01,344,245.607217339949
2020-04-01,165,78.7743017763904
2020-04-01,80,76.1013628648758
2020-04-01,288,282.609653682364
2020-04-01,120,114.486146502277
2020-04-01,366,338.623648726298
2020-04-01,255,140.695850950835
2020-04-01,308,96.3641808742424
2020-04-01,555,254.577748033209
2020-04-01,459,373.831991460119
2020-04-01,857,121.882589692244
2020-04-01,400,165.445735989003
2020-04-01,873,216.482401675146
2020-04-01,239,251.302758941286
2020-04-01,640,267.477618973398
2020-04-01,235,354.062835763627
2020-04-01,297,244.939432379221
2020-04-01,391,289.731791501578
2020-04-01,756,172.104147296791
2020-04-01,429,285.718158577076
2020-04-01,713,194.297408826788
2020-04-01,106,257.872104456466
2020-04-01,561,170.862177888387
2020-04-01,647,94.9622705325292
2020-04-01,0,392.972115332605
2020-04-01,509,215.84398652878
2020-04-01,187,397.029985510536
2020-04-01,53,182.305666918727
2020-04-01,495,141.315035895114
2020-04-01,148,219.392520982715
2020-04-01,285,139.493465485487
2020-04-01,255,235.894362596547
2020-04-01,396,511.15225148629
2020-04-01,386,506.113464181754
2020-04-01,328,260.578550108676
2020-04-01,557,395.430914677836
2020-04-01,431,315.900669509543
2020-04-01,502,252.37413698433
2020-04-01,488,287.533718345473
2020-04-01,1146,352.858354678053
2020-04-01,349,227.889979494739
2020-04-01,566,588.857076985569
2020-04-01,460,460.596744206024
2020-04-01,542,419.01345875384
2020-04-01,1145,442.107712346796
2020-04-01,359,308.103139225018
2020-04-01,421,289.022528656738
2020-04-01,442,216.840205524675
2020-04-01,930,485.698073295516
2020-04-01,256,455.559825860758
2020-04-01,434,176.316032202116
2020-04-01,415,254.92247368604
2020-04-01,441,465.778158269017
2020-04-01,771,368.193941611037
2020-04-01,755,484.767639139563
2020-04-01,0,1014.36205625788
2020-04-01,517,329.758284546819
2020-04-01,115,127.990927072912
2020-04-01,80,147.78247051793
2020-04-01,87,115.857302336175
2020-04-01,540,167.756279178091
2020-04-01,376,263.375588531626
2020-04-01,548,187.091829857669
2020-04-01,272,301.505740156874
2020-04-01,163,217.736819115518
2020-04-01,442,208.563200696566
2020-04-01,215,187.433771250265
2020-04-01,177,214.39187120653
2020-04-01,388,302.58068106545
2020-04-01,489,280.538389947627
2020-04-01,153,221.519179985877
2020-04-01,481,187.200883376425
2020-04-01,386,466.403405652268
2020-04-01,425,377.369645519561
2020-04-01,409,258.252965027302
2020-04-01,463,153.773965477029
2020-04-01,176,371.757320475634
2020-04-01,598,361.60281504901
2020-04-01,273,332.105868675976
2020-04-01,199,88.2083946770075
2020-04-01,413,421.528701045374
2020-04-01,339,233.52446986859
2020-04-01,758,299.186569267179
2020-04-01,341,236.799992431342
2020-04-01,532,297.527338557576
2020-04-01,478,197.633608485249
2020-04-01,522,393.91415075898
2020-04-01,388,426.422579658395
2020-04-01,485,115.492671669673
2020-04-01,254,225.253113289603
2020-04-01,641,432.718305023867
2020-04-01,221,532.077607528306
2020-04-01,422,110.750075403175
2020-04-01,936,266.052535164998
2020-04-01,530,282.896715750882
2020-04-01,412,451.26299569827
2020-04-01,486,376.181854871779
2020-04-01,398,283.313086886953
2020-04-01,267,332.277591746778
2020-04-01,526,119.553524528387
2020-04-01,205,282.764378378806
2020-04-01,402,191.878002687507
2020-04-01,179,221.11376649493
2020-04-01,319,79.1841699537479
2020-04-01,234,194.629950083659
2020-04-01,539,122.574595628905
2020-04-01,312,105.560787675048
2020-04-01,254,315.597659150977
2020-04-01,289,59.2877834027115
2020-04-01,206,213.755288601892
2020-04-01,245,284.236904852022
2020-04-01,316,358.034352618385
2020-04-01,165,381.650804645999
2020-04-01,482,153.843460995896
2020-04-01,475,224.96914923609
2020-04-01,448,154.321654130042
2020-04-01,466,317.130540899845
2020-04-01,311,374.555859708952
2020-04-01,413,480.123543203525
2020-04-01,343,298.105600341017
2020-04-01,487,270.1525645686
2020-04-01,202,528.451591105291
2020-04-01,982,446.316470019945
2020-04-01,494,247.413614191146
2020-04-01,618,312.52417102287
2020-04-01,242,269.211524774242
2020-04-01,478,479.495849714925
2020-04-01,587,448.137110437542
2020-04-01,375,333.858445207528
2020-04-01,410,243.175198575035
2020-04-01,418,378.998981464197
2020-04-01,900,298.6056751638
2020-04-01,652,698.38107844316
2020-04-01,222,403.905364906575
2020-04-01,669,885.715653903144
2020-04-01,411,661.821189032497
2020-04-01,287,351.179237459548
2020-04-01,548,215.58703834458
2020-04-01,437,394.620871399183
2020-04-01,150,394.962343897196
2020-04-01,439,509.992304482835
2020-04-01,1123,324.629349659141
2020-04-01,380,261.737443409372
2020-04-01,203,247.065050521642
2020-04-01,703,208.374294664442
2020-04-01,375,267.301316317112
2020-04-01,296,362.955627838245
2020-04-01,470,310.904531573824
2020-04-01,397,263.907744270029
2020-04-01,350,276.628593512975
2020-04-01,551,227.574106123777
2020-04-01,523,368.871355292703
2020-04-01,487,305.051959051777
2020-04-01,235,282.012670476948
2020-04-01,472,332.693125967775
2020-04-01,233,222.639420141603
2020-04-01,152,164.617805631824
2020-04-01,327,277.549859500371
2020-04-01,194,302.8625432195
2020-04-01,190,222.043327017685
2020-04-01,302,311.636580362719
2020-04-01,413,217.256046169211
2020-04-01,265,350.423213392088
2020-04-01,366,242.900966311949
2020-04-01,585,413.057879061544
2020-04-01,483,294.282536034247
2020-04-01,493,205.021038081779
2020-04-01,558,378.177612707626
2020-04-01,411,271.13468888038
2020-04-01,234,124.003629855748
2020-04-01,74,139.413916738574
2020-04-01,235,174.302757706931
2020-04-01,180,253.786241806718
2020-04-01,463,238.582199929562
2020-04-01,191,238.31452948619
2020-04-01,209,293.448681527818
2020-04-01,184,321.663946946582
2020-04-01,211,289.66964497704
2020-04-01,283,192.913199125129
2020-04-01,371,175.724163300874
2020-04-01,277,324.381510018353
2020-04-01,309,210.152518170981
2020-04-01,247,237.470799898593
2020-04-01,149,233.390285156686
2020-04-01,188,212.889263613922
2020-04-01,172,182.086074304118
2020-04-01,291,247.177124763603
2020-04-01,226,201.499590094887
2020-04-01,290,206.722756691009
2020-04-01,562,168.962299146763
2020-04-01,300,245.447596403442
2020-04-01,187,296.632580020624
2020-04-01,285,279.191199008889
2020-04-01,318,168.472983285658
2020-04-01,304,180.406120044513
2020-04-01,133,215.187950804241
2020-04-01,353,328.329974683727
2020-04-01,402,231.717683244251
2020-04-01,253,197.263495381732
2020-04-01,447,271.784677757577
2020-04-01,207,353.930776160391
2020-04-01,299,152.489352345047
2020-04-01,138,121.700758036501
2020-04-01,157,124.483192327255
2020-04-01,479,201.780195801341
2020-04-01,130,188.527749633772
2020-04-01,265,317.489309779035
2020-04-01,261,225.247153041014
2020-04-01,255,318.711984477821
2020-04-01,205,207.645834450763
2020-04-01,398,275.228691046931
2020-04-01,182,210.617610721566
2020-04-01,313,393.551598481713
2020-04-01,312,431.110908273726
2020-04-01,791,179.758999915916
2020-04-01,244,178.993682072191
2020-04-01,166,276.224177263048
2020-04-01,289,236.172507499003
2020-04-01,432,243.395032877195
2020-04-01,414,234.08738088781
2020-04-01,320,276.356394374452
2020-04-01,422,300.418949516906
2020-04-01,244,323.224737599178
2020-04-01,624,257.028578348102
2020-04-01,504,325.651465488915
2020-04-01,486,314.587405001311
2020-04-01,358,328.942324340659
2020-04-01,246,205.268763538307
2020-04-01,257,206.57712313413
2020-04-01,133,317.90236955448
2020-04-01,238,174.430610785067
2020-04-01,295,167.288873129026
2020-04-01,650,333.890646903296
2020-04-01,441,298.49076870693
2020-04-01,265,415.843881513149
2020-04-01,267,336.277832354185
2020-04-01,317,214.594618248585
2020-04-01,490,355.428814226175
2020-04-01,199,227.347558098968
2020-04-01,392,270.152702052809
2020-04-01,128,141.89711355657
2020-04-01,119,127.619109808552
2020-04-01,191,187.355542523065
2020-04-01,123,148.877453413269
2020-04-01,325,179.229878888646
2020-04-01,150,117.574270796584
2020-04-01,247,200.757161054736
2020-04-01,324,248.29356195443
2020-04-01,122,261.556145708814
2020-04-01,254,153.028711911247
2020-04-01,133,156.890481978856
2020-04-01,205,118.468664073925
2020-04-01,106,176.773704042768
2020-04-01,226,120.245751546578
2020-04-01,343,218.285214263002
2020-04-01,225,140.03968535924
2020-04-01,231,143.78319673552
2020-04-01,392,238.695721400924
2020-04-01,429,216.30030691963
2020-04-01,190,234.662986181625
2020-04-01,61,190.691293345361
2020-04-01,245,183.245276329344
2020-04-01,504,345.301285710797
2020-04-01,388,259.682113120389
2020-04-01,203,163.131441599368
2020-04-01,301,271.32247811255
2020-04-01,194,171.868291892142
2020-04-01,369,193.316412703897
2020-04-01,120,173.615446162138
2020-04-01,627,285.43483095338
2020-04-01,392,198.483367020667
2020-04-01,686,216.753583171508
2020-04-01,188,295.595289681943
2020-04-01,162,270.353221381225
2020-04-01,55,146.068515975635
2020-04-01,102,139.934286966867
2020-04-01,322,287.087729697212
2020-04-01,272,263.037017562099
2020-04-01,263,154.514094936428
2020-04-01,279,293.224007938581
2020-04-01,338,195.208159729843
2020-04-01,239,165.126775625471
2020-04-01,278,255.574722001666
2020-04-01,140,183.785971967809
2020-04-01,430,310.71807802564
2020-04-01,147,179.703441684143
2020-04-01,175,243.085764222449
2020-04-01,129,150.238351248609
2020-04-01,250,111.675758144948
2020-04-01,228,256.706646393856
2020-04-01,193,219.860353416822
2020-04-01,119,232.216474703733
2020-04-01,525,157.028977706199
2020-04-01,387,251.658673747656
2020-04-01,216,207.676748725634
2020-04-01,125,124.57664279598
2020-04-01,221,157.77558589117
2020-04-01,161,192.649104040331
2020-04-01,66,61.3736284508918
2020-04-01,231,199.365746462434
2020-04-01,204,189.218904905824
2020-04-01,124,124.561117967971
2020-04-01,208,157.060773727162
2020-04-01,222,144.75810346257
2020-04-01,156,141.496600703938
2020-04-01,142,85.0086953872624
2020-04-01,71,119.285231659651
2020-04-01,77,94.8506124391562
2020-04-01,165,100.503287838141
2020-04-01,397,164.745871576819
2020-04-01,205,209.78802008039
2020-04-01,157,126.682431581074
2020-04-01,97,178.538622460823
2020-04-01,284,134.390945068189
2020-04-01,62,71.583325775925
2020-04-01,134,183.457494224976
2020-04-01,95,140.937581925054
2020-04-01,108,85.8433085653504
2020-04-01,215,153.745446621581
2020-04-01,221,122.034935663918
2020-04-01,298,305.316876245863
2020-04-01,190,179.487457109436
2020-04-01,245,199.216040247711
2020-04-01,225,116.161069409145
2020-04-01,259,229.979940792802
2020-04-01,490,277.49041868531
2020-04-01,293,281.06402470369
2020-04-01,398,189.505248162939
2020-04-01,199,132.706604252882
2020-04-01,494,175.499544668564
2020-04-01,186,215.867295693667
2020-04-01,143,260.353364412789
2020-04-01,272,72.8690473226373
2020-04-01,102,166.202802331916
2020-04-01,237,133.06951453756
2020-04-01,225,201.936819026177
2020-04-01,247,106.126746646043
2020-04-01,241,150.593565781399
2020-04-01,313,331.471914453145
2020-04-01,336,203.675400739483
2020-04-01,566,201.840214233954
2020-04-01,227,106.029495320422
2020-04-01,223,168.321814288803
2020-04-01,198,179.238642731391
2020-04-01,374,317.968478965874
2020-04-01,322,200.666008232522
2020-04-01,149,130.500200923182
2020-04-01,169,185.628803330561
2020-04-01,145,163.594483819838
2020-04-01,531,191.793873538089
2020-04-01,239,183.281076593021
2020-04-01,501,452.456400587914
2020-04-01,647,278.668047285413
2020-04-01,362,230.620213309568
2020-04-01,331,325.187045576504
2020-04-01,389,300.647595102049
2020-04-01,363,163.256427734131
2020-04-01,262,221.700641076574
2020-04-01,182,187.286980081746
2020-04-01,332,354.243660333261
2020-04-01,763,292.886704683928
2020-04-01,359,268.903721109866
2020-04-01,418,283.069274174248
2020-04-01,419,291.0620403294
2020-04-01,250,212.274607632862
2020-04-01,223,178.577180019728
2020-04-01,457,299.537581460177
2020-04-01,260,323.443679892328
2020-04-01,315,156.414652537132
2020-04-01,155,112.458059889601
2020-04-01,110,127.404841749144
2020-04-01,122,123.951001796175
2020-04-01,295,384.285549820083
2020-04-01,338,197.933754146378
2020-04-01,354,398.834251355063
2020-04-01,478,244.991856635918
2020-04-01,984,278.413882668019
2020-04-01,373,147.972477855014
2020-04-01,328,244.530612866853
2020-04-01,276,252.965955492004
2020-04-01,203,288.270663838343
2020-04-01,231,346.315250834139
2020-04-01,125,436.072318882717
2020-04-01,595,465.779504597165
2020-04-01,384,424.771070405024
2020-04-01,270,209.777665496181
2020-04-01,310,161.394371339
2020-04-01,244,309.918787650968
2020-04-01,316,203.793338351863
2020-04-01,271,201.4353745193
2020-04-01,318,209.450225414045
2020-04-01,241,319.801762300667
2020-04-01,267,205.272612961744
2020-04-01,255,265.000731606427
2020-04-01,252,297.030041210329
2020-04-01,265,246.467887814581
2020-04-01,221,160.847137947499
2020-04-01,420,203.144562831131
2020-04-01,269,209.813750732414
2020-04-01,161,368.301641766929
2020-04-01,733,285.130617691373
2020-04-01,216,305.607592566981
2020-04-01,221,112.130731329465
2020-04-01,251,352.301889751276
2020-04-01,493,549.731062069567
2020-04-01,505,516.457400723768
2020-04-01,257,216.44716101302
2020-04-01,184,217.776561658824
2020-04-01,369,228.816961509344
2020-04-01,282,253.30826271469
2020-04-01,218,231.014202902311
2020-04-01,431,282.296797666903
2020-04-01,149,200.612059895565
2020-04-01,162,206.738351042696
2020-04-01,217,136.610057027066
2020-04-01,235,260.477159001881
2020-04-01,170,200.109765194183
2020-04-01,172,210.707457671588
2020-04-01,340,152.734119440324
2020-04-01,243,271.767851453639
2020-04-01,418,252.681034569799
2020-04-01,140,236.151266963055
2020-04-01,557,187.872032705797
2020-04-01,261,300.797730898749
2020-04-01,177,168.851018534454
2020-04-01,341,161.447526143262
2020-04-01,171,141.134913660653
2020-04-01,124,195.506938566868
2020-04-01,385,390.435748567888
2020-04-01,205,156.968328486981
2020-04-01,354,314.283546958479
2020-04-01,278,257.844363073788
2020-04-01,463,204.585524750842
2020-04-01,153,287.453098254399
2020-04-01,367,350.145956299109
2020-04-01,336,197.288285118152
2020-04-01,473,262.498151554985
2020-04-01,247,228.223027388593
2020-04-01,257,280.105670711575
2020-04-01,178,227.956565054826
2020-04-01,397,126.079878522789
2020-04-01,384,184.095498484918
2020-04-01,300,385.055102189324
2020-04-01,416,224.682928114376
2020-04-01,541,387.812523922812
2020-04-01,440,281.669998112811
2020-04-01,401,234.900339663271
2020-04-01,268,373.869670904942
2020-04-01,225,170.505848656639
2020-04-01,283,265.651900603104
2020-04-01,192,225.759754322606
2020-04-01,317,185.65320941259
2020-04-01,208,197.995032287374
2020-04-01,295,192.385543078274
2020-04-01,223,200.007563036822
2020-04-01,508,302.137605359128
2020-04-01,518,295.173623748806
2020-04-01,380,229.894763465649
2020-04-01,340,282.993618662911
2020-04-01,219,248.306577771653
2020-04-01,227,281.410363189592
2020-04-01,228,309.497195520752
2020-04-01,255,183.303938605679
2020-04-01,520,279.879617963324
2020-04-01,85,183.049403360828
2020-04-01,347,200.309731575779
2020-04-01,250,329.780628111397
2020-04-01,330,312.892658758737
2020-04-01,467,413.311388759805
2020-04-01,321,178.387448983833
2020-04-01,366,408.66219015938
2020-04-01,304,271.664843897262
2020-04-01,427,344.997103735964
2020-04-01,284,340.141736499948
2020-04-01,445,220.56539160637
2020-04-01,243,278.977544976591
2020-04-01,301,262.791763607009
2020-04-01,401,246.701894573325
2020-04-01,214,266.130931418663
2020-04-01,262,281.570797752619
2020-04-01,232,159.666338125901
2020-04-01,211,250.278910030082
2020-04-01,241,216.824860722952
2020-04-01,438,439.041948137089
2020-04-01,474,400.672422822393
2020-04-01,426,227.746637778875
2020-04-01,469,378.607511641722
2020-04-01,216,157.036461017636
2020-04-01,262,386.872347890716
2020-04-01,520,174.71975705619
2020-04-01,193,222.558396083077
2020-04-01,141,270.356015525058
2020-04-01,486,313.305183189816
2020-04-01,267,206.358192420491
2020-04-01,368,287.694916781747
2020-04-01,349,178.563363625508
2020-04-01,269,180.556162676502
2020-04-01,523,210.09042539901
2020-04-01,136,187.94951771317
2020-04-01,298,286.269215417653
2020-04-01,198,264.220262502745
2020-04-01,216,171.290657120648
2020-04-01,192,170.757025526909
2020-04-01,124,104.402623862517
2020-04-01,143,170.623220868538
2020-04-01,251,155.857009800077
2020-04-01,368,219.634395549349
2020-04-01,269,204.702024812386
2020-04-01,201,125.269320069654
2020-04-01,287,163.835328030628
2020-04-01,191,231.939206582604
2020-04-01,264,154.967172522597
2020-04-01,230,87.0458988820724
2020-04-01,360,314.230738729479
2020-04-01,251,229.056469338946
2020-04-01,221,237.341852018866
2020-04-01,504,250.801437684406
2020-04-01,195,185.827484069897
2020-04-01,184,212.263938806452
2020-04-01,195,129.730038342061
2020-04-01,233,245.324477561258
2020-04-01,431,208.3365053533
2020-04-01,274,195.982269710397
2020-04-01,222,222.435707728536
2020-04-01,304,188.785574893668
2020-04-01,145,283.858590371648
2020-04-01,274,241.046988841684
2020-04-01,485,298.271668357449
2020-04-01,396,261.754131252068
2020-04-01,255,379.416970680626
2020-04-01,308,186.73029101525
2020-04-01,381,250.014314287726
2020-04-01,279,185.688245135921
2020-04-01,256,263.990497960422
2020-04-01,276,177.192155063656
2020-04-01,326,222.015038104503
2020-04-01,222,182.503599614131
2020-04-01,251,206.512071150308
2020-04-01,406,195.938361670128
2020-04-01,129,319.506700703783
2020-04-01,447,240.25436493344
2020-04-01,196,261.941164234996
2020-04-01,124,254.572894882301
2020-04-01,251,316.834576377355
2020-04-01,288,212.104374978239
2020-04-01,532,259.975155431407
2020-04-01,486,406.752892541526
2020-04-01,337,577.003791259597
2020-04-01,209,309.654162551692
2020-04-01,216,155.622725247796
2020-04-01,201,156.792343086373
2020-04-01,291,199.465913633903
2020-04-01,342,217.201744220635
2020-04-01,156,126.080728029221
2020-04-01,207,187.740818007124
2020-04-01,117,106.298476549756
2020-04-01,224,141.277541395781
2020-04-01,69,121.26064978125
2020-04-01,269,142.03953793352
2020-04-01,107,173.181436915853
2020-04-01,242,134.098236994194
2020-04-01,112,198.547609464291
2020-04-01,332,188.578349244204
2020-04-01,91,107.9837231555
2020-04-01,87,168.264616015452
2020-04-01,220,147.616841059677
2020-04-01,655,97.7470002043325
2020-04-01,256,204.628156973561
2020-04-01,52,154.739092966082
2020-04-01,78,129.064188536361
2020-04-01,150,84.1369026199156
2020-04-01,144,102.491824750975
2020-04-01,267,70.2845276547727
2020-04-01,78,78.201303327163
2020-04-01,262,99.0022048686623
2020-04-01,233,124.819730863277
2020-04-01,208,111.723501065722
2020-04-01,115,210.588331757007
2020-04-01,102,101.715561071701
2020-04-01,88,138.293481333882
2020-04-01,189,121.493566549241
2020-04-01,114,268.049232769257
2020-04-01,580,191.937922085793
2020-04-01,80,200.473195454839
2020-04-01,252,245.655055565488
2020-04-01,207,162.418221534156
2020-04-01,320,184.407838906028
2020-04-01,219,189.112499202323
2020-04-01,405,197.567475999803
2020-04-01,115,201.363290622198
2020-04-01,569,212.652502149529
2020-04-01,58,234.108290789374
2020-04-01,164,199.961861297384
2020-04-01,185,60.0268872762371
2020-04-01,102,134.663447863968
2020-04-01,317,174.313955811535
2020-04-01,265,149.46018264904
2020-04-01,167,138.570851064117
2020-04-01,102,153.69076293392
2020-04-01,242,169.365364292829
2020-04-01,106,137.232962671014
2020-04-01,304,65.3002256449953
2020-04-01,171,96.1808952544154
2020-04-01,103,116.480726356136
2020-04-01,48,109.418189755495
2020-04-01,127,187.139242853989
2020-04-01,208,125.770700686808
2020-04-01,21,262.880517998441
2020-04-01,48,145.651270852951
2020-04-01,702,155.617640513024
2020-04-01,243,246.318083806203
2020-04-01,214,503.651308036615
2020-04-01,680,292.716049284888
2020-04-01,734,436.626260907211
2020-04-01,744,373.317249251453
2020-04-01,590,396.830773857315
2020-04-01,597,312.99165359544
2020-04-01,524,596.660354331672
2020-04-01,503,254.579588194174
2020-04-01,508,228.874662319894
2020-04-01,223,177.008013197564
2020-04-01,137,182.027066926839
2020-04-01,219,190.952104005943
2020-04-01,407,162.456274497455
2020-04-01,146,190.497964159644
2020-04-01,357,234.297922200051
2020-04-01,129,266.459982126737
2020-04-01,213,176.834522790484
2020-04-01,285,166.615066840873
2020-04-01,234,376.41468038684
2020-04-01,539,184.400735604006
2020-04-01,240,302.486912162048
2020-04-01,548,301.371533841204
2020-04-01,148,246.516376910765
2020-04-01,273,324.974715652243
2020-04-01,205,197.517559194233
2020-04-01,109,93.9890511973778
2020-04-01,143,191.265832816617
2020-04-01,308,216.352709045636
2020-04-01,223,164.43927326712
2020-04-01,48,73.1224842802525
2020-04-01,123,88.4513410577764
2020-04-01,213,207.072701619812
2020-04-01,365,177.601447512618
2020-04-01,241,164.246472643959
2020-04-01,223,214.889068242311
2020-04-01,185,218.335591621179
2020-04-01,387,324.708428774788
2020-04-01,311,156.205911026046
2020-04-01,399,178.610005637405
2020-04-01,311,269.557903971006
2020-04-01,160,175.166422356553
2020-04-01,390,342.826546910623
2020-04-01,520,282.491549695766
2020-04-01,503,288.863030245803
2020-04-01,408,296.976328599105
2020-04-01,311,177.34217161326
2020-04-01,284,206.410459960714
2020-04-01,339,239.760885515541
2020-04-01,215,311.652967432401
2020-04-01,230,379.960175763138
2020-04-01,519,263.543898157374
2020-04-01,547,366.905036672536
2020-04-01,383,278.067324995964
2020-04-01,459,325.979885284743
2020-04-01,178,216.307051128886
2020-04-01,285,212.57125622289
2020-04-01,132,158.39463021416
2020-04-01,336,253.256706588554
2020-04-01,326,200.757201466585
2020-04-01,264,207.835635462939
2020-04-01,179,214.564534573722
2020-04-01,321,164.842832153369
2020-04-01,504,204.612901969855
2020-04-01,201,158.08380504161
2020-04-01,480,377.058960996198
2020-04-01,104,233.351072958303
2020-04-01,496,264.127408255456
2020-04-01,190,277.420050628443
2020-04-01,236,227.576079044541
2020-04-01,268,219.41083741212
2020-04-01,289,246.565083492249
2020-04-01,185,308.320580992075
2020-04-01,308,272.044095266976
2020-04-01,167,180.452462497168
2020-04-01,223,281.066656450577
2020-04-01,418,217.786819462771
2020-04-01,310,221.626032273305
2020-04-01,495,232.527754326818
2020-04-01,254,251.302415914756
2020-04-01,201,243.940698952862
2020-04-01,217,187.769361664924
2020-04-01,215,208.724073687001
2020-04-01,206,232.116543858771
2020-04-01,152,135.826994750582
2020-04-01,611,200.259107301231
2020-04-01,348,259.320858114395
2020-04-01,204,237.383316632462
2020-04-01,303,282.342619703703
2020-04-01,300,210.477201263669
2020-04-01,493,242.415088369782
2020-04-01,196,277.844705246188
2020-04-01,357,280.964842910928
2020-04-01,204,227.250979108719
2020-04-01,554,254.831330969086
2020-04-01,222,319.755186303058
2020-04-01,345,217.069867532487
2020-04-01,172,211.455531834615
2020-04-01,344,342.98085181646
2020-04-01,187,388.771728252567
2020-04-01,200,266.026809219965
2020-04-01,173,223.605583442107
2020-04-01,354,186.789898349479
2020-04-01,371,411.417078146236
2020-04-01,309,212.443109577381
2020-04-01,237,182.782205200961
2020-04-01,334,198.209820623354
2020-04-01,190,149.156607159824
2020-04-01,202,135.73124806387
2020-04-01,383,212.565299326046
2020-04-01,278,148.371052791593
2020-04-01,148,297.301482999476
2020-04-01,300,220.365778194323
2020-04-01,205,254.516269145309
2020-04-01,86,195.731291439456
2020-04-01,112,105.652793150186
2020-04-01,98,201.923741626921
2020-04-01,77,123.000741128477
2020-04-01,141,113.086839885795
2020-04-01,186,174.85095927603
2020-04-01,348,242.761554642015
2020-04-01,268,333.192610122984
2020-04-01,303,204.449348245732
2020-04-01,339,118.30225054895
2020-04-01,251,292.808890179401
2020-04-01,387,236.757396515637
2020-04-01,156,203.520021251595
2020-04-01,261,191.745901140303
2020-04-01,267,270.70163925797
2020-04-01,697,315.855954617237
2020-04-01,208,230.48443944559
2020-04-01,312,161.178991484593
2020-04-01,454,302.758467271175
2020-04-01,243,340.31645797422
2020-04-01,471,193.819816560188
2020-04-01,331,321.447192814419
2020-04-01,319,167.571847720553
2020-04-01,383,171.671530958121
2020-04-01,189,209.806460516707
2020-04-01,237,204.078375598792
2020-04-01,251,354.777083593012
2020-04-01,166,134.393552845794
2020-04-01,342,242.531496931029
2020-04-01,146,176.633148889222
2020-04-01,452,159.448986741855
2020-04-01,212,217.907519599794
2020-04-01,219,181.606415293616
2020-04-01,401,186.390885172609
2020-04-01,150,202.913445117216
2020-04-01,163,202.634276811049
2020-04-01,170,238.919535718266
2020-04-01,561,190.038219958691
2020-04-01,313,357.863715841632
2020-04-01,346,368.638268472468
2020-04-01,364,294.448354905095
2020-04-01,391,221.522839247164
2020-04-01,286,254.941691365251
2020-04-01,392,309.192386187004
2020-04-01,105,168.712213599267
2020-04-01,274,200.437053645911
2020-04-01,183,279.10858452178
2020-04-01,109,201.016048168513
2020-04-01,152,269.600006241544
2020-04-01,137,214.512223583775
2020-04-01,418,168.522648134838
2020-04-01,326,202.612533662763
2020-04-01,154,192.971671458681
2020-04-01,319,175.415834182573
2020-04-01,172,176.964561258244
2020-04-01,339,282.196106846038
2020-04-01,92,214.976002763222
2020-04-01,339,166.667031484033
2020-04-01,94,135.975897791767
2020-04-01,222,176.771644909898
2020-04-01,158,174.588006036522
2020-04-01,208,198.885352987256
2020-04-01,81,217.320753344813
2020-04-01,137,145.862318994135
2020-04-01,239,141.842265941231
2020-04-01,206,506.034490999035
2020-04-01,280,258.533511133328
2020-04-01,376,267.036303128585
2020-04-01,159,154.660145385664
2020-04-01,534,282.479540817186
2020-04-01,286,261.909165605389
2020-04-01,415,276.251072456287
2020-04-01,225,229.269920764046
2020-04-01,329,384.142662894899
2020-04-01,440,210.767777132084
2020-04-01,139,145.172889304464
2020-04-01,159,151.126271888511
2020-04-01,418,269.667237551321
2020-04-01,189,169.091202158935
2020-04-01,420,230.119782071311
2020-04-01,288,212.722466372232
2020-04-01,278,246.031130503423
2020-04-01,411,257.394179207055
2020-04-01,84,259.349771319694
2020-04-01,143,122.544367029842
2020-04-01,217,207.163380429118
2020-04-01,147,191.744554350989
2020-04-01,518,333.991868750334
2020-04-01,394,311.470810974228
2020-04-01,54,289.250414752074
2020-04-01,505,293.168610105615
2020-04-01,489,306.180604400715
2020-04-01,110,221.387357806629
2020-04-01,237,200.637615790785
2020-04-01,401,289.899447956172
2020-04-01,289,330.320506733456
2020-04-01,346,294.309871051203
2020-04-01,216,191.746243314017
2020-04-01,149,139.87252421972
2020-04-01,141,112.080233770111
2020-04-01,298,124.852909283879
2020-04-01,243,257.826162895878
2020-04-01,226,268.099564017129
2020-04-01,241,228.674505657804
2020-04-01,282,166.601686496224
2020-04-01,138,144.510419528271
2020-04-01,138,241.609544921681
2020-04-01,670,547.443487298714
2020-04-01,252,207.302218758823
2020-04-01,304,327.192577598664
2020-04-01,361,319.981306838084
2020-04-01,545,479.011707387418
2020-04-01,567,358.157014179178
2020-04-01,451,404.794678663825
2020-04-01,472,767.690058676545
2020-04-01,268,230.783041786979
2020-04-01,468,418.484252107752
2020-04-01,125,643.937767188664
2020-04-01,324,367.212509108106
2020-04-01,285,301.8786976702
2020-04-01,1068,285.738511342469
2020-04-01,464,444.05242846786
2020-04-01,150,335.97725564445
2020-04-01,656,789.816641661706
2020-04-01,197,245.583525593402
2020-04-01,290,317.128952764494
2020-04-01,403,435.60135828851
2020-04-01,407,262.069809593321
2020-04-01,297,277.270354785409
2020-04-01,400,266.888229344932
2020-04-01,171,152.332053075868
2020-04-01,562,318.289497266664
2020-04-01,581,420.302069572634
2020-04-01,390,414.906493724791
2020-04-01,382,315.162014354079
2020-04-01,223,149.683103604182
2020-04-01,461,323.393930937181
2020-04-01,365,248.213190835202
2020-04-01,353,211.425305920745
2020-04-01,294,361.216753672181
2020-04-01,172,226.513207023484
2020-04-01,193,242.11984092223
2020-04-01,568,327.933916830313
2020-04-01,510,308.4969652594
2020-04-01,418,450.066598500288
2020-04-01,226,536.121337931527
2020-04-01,478,335.074226278364
2020-04-01,234,253.186765230118
2020-04-01,256,192.235269806245
2020-04-01,384,271.791391855381
2020-04-01,290,658.684977326327
2020-04-01,0,206.367121406468
2020-04-01,0,314.635378915363
2020-04-01,0,83.8403086532641
2020-04-01,404,387.939300825371
2020-04-01,176,413.575630530263
2020-04-01,291,361.041051977451
2020-04-01,194,238.615820588409
2020-04-01,186,295.594144263222
2020-04-01,151,279.435622491392
2020-04-01,682,227.314315973492
2020-04-01,258,366.672025106579
2020-04-01,180,390.242422613685
2020-04-01,713,465.881721386452
2020-04-01,898,229.276632578647
2020-04-01,637,525.400686711429
2020-04-01,244,466.689592049491
2020-04-01,339,596.691981104051
2020-04-01,398,329.050392996706
2020-04-01,625,211.432035472166
2020-04-01,352,327.65358316987
2020-04-01,359,311.233244157964
2020-04-01,419,370.417830574041
2020-04-01,636,537.100250830237
2020-04-01,505,310.618046991434
2020-04-01,981,597.051320901715
2020-04-01,283,473.097099652666
2020-04-01,895,487.708262901449
2020-04-01,489,202.336297167805
2020-04-01,369,411.168252173114
2020-04-01,512,501.026352616624
2020-04-01,632,439.879471561617
2020-04-01,514,248.966347047461
2020-04-01,289,530.877654568556
2020-04-01,246,319.430130308439
2020-04-01,616,480.430515646414
2020-04-01,675,324.929975676037
2020-04-01,530,242.640651339362
2020-04-01,465,758.038749218963
2020-04-01,493,399.930610161489
2020-04-01,180,860.52380279748
2020-04-01,294,491.353368636228
2020-04-01,821,634.771335315969
2020-04-01,486,393.470583790306
2020-04-01,696,487.899953662764
2020-04-01,773,281.882780060023
2020-04-01,104,259.189621384589
2020-04-01,314,398.239114482235
2020-04-01,379,461.786972496841
2020-04-01,413,391.912855913755
2020-04-01,829,417.358339828269
2020-04-01,256,254.167260656405
2020-04-01,263,199.983560512916
2020-04-01,289,175.428338794169
2020-04-01,249,476.304086804325
2020-04-01,538,589.273700965074
2020-04-01,623,618.888138477296
2020-04-01,774,398.182625535389
2020-04-01,615,556.964113365286
2020-04-01,627,516.65030104788
2020-04-01,1569,983.908103431402
2020-04-01,1230,567.404811271273
2020-04-01,365,335.631480363393
2020-04-01,500,315.962938170627
2020-04-01,374,368.348363168679
2020-04-01,344,217.680592768881
2020-04-01,436,378.713098382946
2020-04-01,623,275.634394337795
2020-04-01,389,358.792576875444
2020-04-01,393,305.067660949906
2020-04-01,477,348.103569722211
2020-04-01,409,215.565116858894
2020-04-01,409,260.236487154808
2020-04-01,333,314.622284667752
2020-04-01,494,482.439040020675
2020-04-01,333,383.475000218906
2020-04-01,272,228.195360794757
2020-04-01,473,563.758841029761
2020-04-01,991,884.829726374052
2020-04-01,1131,528.612149646769
2020-04-01,768,498.87407528489
2020-04-01,692,486.504159498085
2020-04-01,471,516.545807658806
2020-04-01,2272,876.24858893311
2020-04-01,1068,463.961774555534
2020-04-01,140,651.413104327164
2020-04-01,480,162.528261931813
2020-04-01,293,173.503486552501
2020-04-01,223,340.906341694262
2020-04-01,205,318.182604531955
2020-04-01,308,272.574291492029
2020-04-01,350,196.766906748614
2020-04-01,687,427.775022330512
2020-04-01,398,490.251773193962
2020-04-01,422,342.640483459154
2020-04-01,583,359.825893671683
2020-04-01,444,306.540198485083
2020-04-01,385,238.642644505356
2020-04-01,488,492.75764241273
2020-04-01,590,359.364924904076
2020-04-01,277,266.216207134502
2020-04-01,561,307.178543063879
2020-04-01,542,379.724238132523
2020-04-01,850,293.15616540824
2020-04-01,584,433.868448975717
2020-04-01,708,304.133560944402
2020-04-01,401,338.094157164344
2020-04-01,797,352.355989135202
2020-04-01,438,190.060768106219
2020-04-01,609,426.976840213987
2020-04-01,562,286.187113667154
2020-04-01,669,488.858600151812
2020-04-01,633,360.124335419005
2020-04-01,289,294.892124833394
2020-04-01,487,339.482518671799
2020-04-01,288,258.058228139495
2020-04-01,453,370.47069483135
2020-04-01,865,486.007845327663
2020-04-01,227,320.283505573061
2020-04-01,448,446.285205110245
2020-04-01,321,293.835667814571
2020-04-01,721,365.163547558162
2020-04-01,461,607.650333648012
2020-04-01,417,316.003415558317
2020-04-01,222,166.67223810794
2020-04-01,498,277.071709187211
2020-04-01,763,234.185946227089
2020-04-01,433,401.10875434996
2020-04-01,576,250.520158422112
2020-04-01,376,384.160213292394
2020-04-01,429,428.562714857376
2020-04-01,393,209.390093272608
2020-04-01,391,358.192695063099
2020-04-01,649,601.388272826038
2020-04-01,331,563.392249690675
2020-04-01,767,406.4245887256
2020-04-01,296,499.367015808538
2020-04-01,259,267.138453277638
2020-04-01,450,309.643304856902
2020-04-01,318,197.578603667703
2020-04-01,436,231.612262742512
2020-04-01,244,400.12100856375
2020-04-01,358,596.355240901754
2020-04-01,563,377.802978500147
2020-04-01,449,438.788962146481
2020-04-01,324,330.290638666876
2020-04-01,549,446.614571342258
2020-04-01,938,558.948388137969
2020-04-01,899,685.720326091238
2020-04-01,755,561.710792604513
2020-04-01,832,369.49588032201
2020-04-01,508,326.829782611806
2020-04-01,574,344.684709809699
2020-04-01,526,456.356141602685
2020-04-01,687,295.793406515526
2020-04-01,339,575.400485424516
2020-04-01,601,1008.11286332814
2020-04-01,224,466.03967233084
2020-04-01,1277,320.984701959611
2020-04-01,576,281.20865859406
2020-04-01,319,467.998874730118
2020-04-01,570,375.970947371239
2020-04-01,809,847.689626670302
2020-04-01,710,400.677519224619
2020-04-01,415,428.361184829537
2020-04-01,265,266.643462703613
2020-04-01,763,397.985701440702
2020-04-01,650,257.08508387727
2020-04-01,287,476.692474687878
2020-04-01,718,410.592180686576
2020-04-01,5,388.631378872176
2020-04-01,454,165.135433954692
2020-04-01,344,324.318791148596
2020-04-01,617,414.215321279103
2020-04-01,205,433.858127615072
2020-04-01,687,422.100688225075
2020-04-01,229,292.916065673166
2020-04-01,399,319.71176378637
2020-04-01,282,367.492412214645
2020-04-01,631,314.809847997366
2020-04-01,288,243.568726096087
2020-04-01,262,285.285205078824
2020-04-01,455,313.00652096134
2020-04-01,610,338.180624499455
2020-04-01,573,311.435530800501
2020-04-01,518,433.520486856513
2020-04-01,534,255.478888130449
2020-04-01,407,316.662000053804
2020-04-01,631,378.451263337206
2020-04-01,456,327.949939770839
2020-04-01,365,352.943224660817
2020-04-01,761,298.467961696338
2020-04-01,338,410.099279321835
2020-04-01,404,320.217865264825
2020-04-01,569,334.048646785551
2020-04-01,583,529.820923357157
2020-04-01,545,256.004448982681
2020-04-01,450,153.333896597199
2020-04-01,367,133.190772865284
2020-04-01,295,161.153019390963
2020-04-01,449,309.240769306945
2020-04-01,539,324.028475493599
2020-04-01,303,194.39145708286
2020-04-01,402,444.669286851762
2020-04-01,856,401.660879508263
2020-04-01,301,564.70434391272
2020-04-01,370,360.285512924171
2020-04-01,600,215.424539821459
2020-04-01,126,533.190920751927
2020-04-01,723,425.13154678601
2020-04-01,910,723.836955376787
2020-04-01,811,304.160547458355
2020-04-01,513,362.61580601932
2020-04-01,678,294.097578038027
2020-04-01,1461,401.359475888043
2020-04-01,329,327.365648228182
2020-04-01,430,386.465494168603
2020-04-01,240,365.864074317046
2020-04-01,335,343.254648107163
2020-04-01,569,512.570825536402
2020-04-01,1236,700.437314209981
2020-04-01,544,514.754101695588
2020-04-01,668,407.62201828597
2020-04-01,347,431.298695873164
2020-04-01,874,368.332576587829
2020-04-01,682,267.662731470364
2020-04-01,292,518.098206329326
2020-04-01,462,298.532748502667
2020-04-01,278,305.41830707735
2020-04-01,208,170.484867079834
2020-04-01,850,223.573150530407
2020-04-01,325,353.449257245332
2020-04-01,839,230.373342523671
2020-04-01,426,182.425776488073
2020-04-01,592,272.06145452089
2020-04-01,533,286.826752840194
2020-04-01,185,319.335790580533
2020-04-01,318,261.977154799908
2020-04-01,314,277.124905348756
2020-04-01,499,401.344364262911
2020-04-01,581,245.386689010971
2020-04-01,271,184.487222546563
2020-04-01,171,330.511195062903
2020-04-01,278,105.155596199527
2020-04-01,230,287.966917821478
2020-04-01,93,169.028179110619
2020-04-01,243,162.847748724314
2020-04-01,284,303.118421049215
2020-04-01,715,269.300585186161
2020-04-01,54,257.596032528394
2020-04-01,126,214.304130736323
2020-04-01,598,201.752348527057
2020-04-01,356,261.502421235957
2020-04-01,200,149.823946331881
2020-04-01,336,171.354246753755
2020-04-01,226,217.835947875847
2020-04-01,31,137.403907880299
2020-04-01,180,85.0297987750753
2020-04-01,153,102.630183405062
2020-04-01,118,125.569423358437
2020-04-01,105,124.042573339402
2020-04-01,214,139.497104857825
2020-04-01,91,200.98929063936
2020-04-01,105,110.15349351727
2020-04-01,83,124.21625708205
2020-04-01,488,157.182397856898
2020-04-01,134,139.628901223184
2020-04-01,176,139.134886295551
2020-04-01,149,93.1952227131467
2020-04-01,120,154.872453783532
2020-04-01,516,97.4569484010518
2020-04-01,303,252.490035763977
2020-04-01,76,149.703540973969
2020-04-01,65,183.159085608036
2020-04-01,70,92.3509271007417
2020-04-01,69,139.425128310116
2020-04-01,300,223.447926242175
2020-04-01,394,223.53263808783
2020-04-01,370,247.341561650829
2020-04-01,525,169.179654631161
2020-04-01,202,249.681860883041
2020-04-01,262,188.845804513096
2020-04-01,347,170.783715609672
2020-04-01,228,156.593583451702
2020-04-01,164,237.904230715809
2020-04-01,381,352.476648522237
2020-04-01,127,153.556801426591
2020-04-01,334,284.877860571262
2020-04-01,259,262.074020648558
2020-04-01,707,450.817313962108
2020-04-01,294,527.827556873631
2020-04-01,389,297.031419193794
2020-04-01,578,382.631216121614
2020-04-01,379,266.139334844913
2020-04-01,430,400.569488949972
2020-04-01,408,284.795089180418
2020-04-01,863,421.077430188021
2020-04-01,448,346.857954627188
2020-04-01,721,225.39494519253
2020-04-01,339,73.6459655153391
2020-04-01,158,133.022975108276
2020-04-01,225,150.921684527001
2020-04-01,395,192.72168875549
2020-04-01,306,150.739410797914
2020-04-01,422,346.489346589696
2020-04-01,523,198.947858524913
2020-04-01,339,190.228182236704
2020-04-01,376,272.106095282381
2020-04-01,307,253.943964801873
2020-04-01,146,205.07756708032
2020-04-01,436,135.707063931513
2020-04-01,272,246.180690364313
2020-04-01,397,388.415303080361
2020-04-01,633,378.906991537154
2020-04-02,84,121.445380455468
2020-04-02,50,52.8098778589883
2020-04-02,82,101.726151476314
2020-04-02,267,65.3847661157375
2020-04-02,56,113.377146316271
2020-04-02,91,127.544646325962
2020-04-02,73,71.1638616354536
2020-04-02,118,94.2341009031326
2020-04-02,130,66.9138198870692
2020-04-02,94,70.8334893577621
2020-04-02,134,134.149131120108
2020-04-02,96,94.2896345014389
2020-04-02,266,145.448444038631
2020-04-02,56,197.441400015581
2020-04-02,231,102.691668081754
2020-04-02,82,120.443027099292
2020-04-02,153,113.261448798055
2020-04-02,115,130.235908056662
2020-04-02,125,164.461797453961
2020-04-02,292,108.366200186025
2020-04-02,127,83.9869600968499
2020-04-02,100,99.473982013667
2020-04-02,259,173.302500160049
2020-04-02,192,219.143895523833
2020-04-02,145,150.355477530116
2020-04-02,181,152.702762487201
2020-04-02,236,124.498967753236
2020-04-02,179,201.283123241987
2020-04-02,84,159.262719909858
2020-04-02,136,116.626875314599
2020-04-02,187,198.945975456052
2020-04-02,623,124.012105457921
2020-04-02,222,218.008144645631
2020-04-02,220,174.399975204107
2020-04-02,145,219.083470706802
2020-04-02,136,109.761215938286
2020-04-02,111,169.14836989635
2020-04-02,110,195.754968097667
2020-04-02,120,117.121831451032
2020-04-02,211,152.062779279236
2020-04-02,114,183.768050553476
2020-04-02,146,106.445368918118
2020-04-02,191,110.869270881936
2020-04-02,142,83.0353995667676
2020-04-02,135,181.540986196662
2020-04-02,136,110.163182808986
2020-04-02,132,159.900324825175
2020-04-02,285,153.281516057863
2020-04-02,246,139.745559908852
2020-04-02,64,85.2332434023288
2020-04-02,62,125.918837866953
2020-04-02,146,172.376479593759
2020-04-02,144,153.095987090143
2020-04-02,149,170.674009267566
2020-04-02,595,103.244444519466
2020-04-02,146,128.092988914444
2020-04-02,61,93.2304256871859
2020-04-02,76,61.0888581672963
2020-04-02,67,77.7876577113644
2020-04-02,46,74.173966704938
2020-04-02,47,135.112168551755
2020-04-02,60,75.7361165614549
2020-04-02,104,153.056175626235
2020-04-02,133,179.70210916405
2020-04-02,128,148.421654149382
2020-04-02,169,120.443670059285
2020-04-02,158,109.743616403522
2020-04-02,243,111.593698627941
2020-04-02,129,99.6953128306615
2020-04-02,73,91.9318183739607
2020-04-02,81,118.264363358401
2020-04-02,21,79.511622381356
2020-04-02,140,59.9410345534104
2020-04-02,166,89.4007427247265
2020-04-02,110,99.4718313590527
2020-04-02,168,87.7216494111515
2020-04-02,152,63.935598657062
2020-04-02,146,104.00149616116
2020-04-02,91,101.474087492669
2020-04-02,0,296.410706299173
2020-04-02,179,116.409079746563
2020-04-02,57,104.484222939049
2020-04-02,36,85.2546820828067
2020-04-02,79,91.2489518952284
2020-04-02,93,66.982232575529
2020-04-02,64,74.2072852994889
2020-04-02,33,260.324216642474
2020-04-02,72,78.3464798556128
2020-04-02,231,87.8355909869157
2020-04-02,180,161.416122332186
2020-04-02,267,176.869699048357
2020-04-02,190,251.746391590915
2020-04-02,293,243.570858087914
2020-04-02,85,274.363284394859
2020-04-02,179,192.17657580019
2020-04-02,311,191.076656081156
2020-04-02,212,91.8738497837521
2020-04-02,253,162.386618142984
2020-04-02,260,210.850229605798
2020-04-02,306,121.986773285403
2020-04-02,320,202.572328367746
2020-04-02,185,143.790605941742
2020-04-02,301,141.377042811033
2020-04-02,330,181.406770553754
2020-04-02,212,195.336314461469
2020-04-02,268,186.54762378441
2020-04-02,210,162.520561568802
2020-04-02,827,136.269351476997
2020-04-02,251,166.076077213387
2020-04-02,221,176.537232425922
2020-04-02,128,157.88623298321
2020-04-02,302,206.536291172316
2020-04-02,282,169.276299785402
2020-04-02,121,176.263578785612
2020-04-02,99,171.215625346093
2020-04-02,211,170.729728810533
2020-04-02,295,164.702997671229
2020-04-02,214,83.3457067389821
2020-04-02,100,138.658750041762
2020-04-02,79,70.2378625562853
2020-04-02,152,94.0778863683253
2020-04-02,73,79.962479440329
2020-04-02,57,68.7897662624168
2020-04-02,86,86.4602146360697
2020-04-02,77,95.6134219323916
2020-04-02,78,193.723125286635
2020-04-02,77,159.39627164897
2020-04-02,105,120.620381273865
2020-04-02,193,153.086272012747
2020-04-02,669,145.002472828569
2020-04-02,200,231.796601647514
2020-04-02,132,194.165722842331
2020-04-02,217,162.875925228095
2020-04-02,214,189.180684717757
2020-04-02,281,148.615518940337
2020-04-02,258,183.374955098259
2020-04-02,85,129.84913507268
2020-04-02,149,102.641347782686
2020-04-02,168,96.3694223078355
2020-04-02,136,183.791624098054
2020-04-02,54,105.993412307243
2020-04-02,230,173.695412731106
2020-04-02,253,162.900859391431
2020-04-02,97,138.138962598954
2020-04-02,145,95.9800131712066
2020-04-02,170,192.294351133518
2020-04-02,78,121.414277136053
2020-04-02,236,206.471775208555
2020-04-02,161,91.8713415629743
2020-04-02,158,274.239559489576
2020-04-02,355,177.810318701269
2020-04-02,262,214.03268230555
2020-04-02,140,198.220143064566
2020-04-02,198,248.446205066193
2020-04-02,198,182.310989420844
2020-04-02,176,98.1224518191442
2020-04-02,234,120.538948946442
2020-04-02,177,149.347465316383
2020-04-02,184,154.55426284682
2020-04-02,157,158.03051661821
2020-04-02,348,206.112008369843
2020-04-02,118,208.033700860524
2020-04-02,184,268.349831802066
2020-04-02,111,183.62878136374
2020-04-02,223,148.432359271907
2020-04-02,199,133.696493739601
2020-04-02,111,229.906743595132
2020-04-02,206,196.308846410724
2020-04-02,122,111.822026756164
2020-04-02,206,56.1979923340923
2020-04-02,271,197.776323973913
2020-04-02,296,188.794183214052
2020-04-02,171,111.99914879253
2020-04-02,327,249.24572453982
2020-04-02,146,79.2498876735744
2020-04-02,83,72.7968667498901
2020-04-02,306,276.756213363805
2020-04-02,119,110.621208308821
2020-04-02,324,337.725913576174
2020-04-02,264,140.788943194323
2020-04-02,279,98.6984876751135
2020-04-02,557,254.138399466255
2020-04-02,442,370.590672819932
2020-04-02,848,119.882990024506
2020-04-02,377,165.336520871284
2020-04-02,824,214.879142876606
2020-04-02,224,247.034191836607
2020-04-02,649,263.449603094577
2020-04-02,233,353.970934220789
2020-04-02,273,243.566929429402
2020-04-02,402,292.441691296006
2020-04-02,757,173.445070276854
2020-04-02,436,283.869987099269
2020-04-02,684,199.882684162167
2020-04-02,105,261.856105688625
2020-04-02,587,170.614730472777
2020-04-02,654,98.1404930372412
2020-04-02,0,395.210491285289
2020-04-02,520,226.452528868921
2020-04-02,181,415.055100553704
2020-04-02,54,185.388336330359
2020-04-02,494,145.831530635933
2020-04-02,144,224.612710359474
2020-04-02,267,144.430170199025
2020-04-02,260,246.367361348926
2020-04-02,411,532.083567275882
2020-04-02,372,514.163900674354
2020-04-02,355,268.496847052157
2020-04-02,518,408.317284739436
2020-04-02,427,316.423571123847
2020-04-02,460,252.736160460573
2020-04-02,514,301.71725424593
2020-04-02,1177,362.854188933633
2020-04-02,329,232.551939876718
2020-04-02,547,602.571358449704
2020-04-02,458,454.638960783475
2020-04-02,536,431.152152473008
2020-04-02,1187,454.369426493291
2020-04-02,380,312.1630967337
2020-04-02,394,298.285573352862
2020-04-02,430,234.984660886401
2020-04-02,1010,498.505039117194
2020-04-02,303,474.735646161773
2020-04-02,452,185.991530437797
2020-04-02,413,273.618539077042
2020-04-02,447,487.336411556868
2020-04-02,778,376.529241015709
2020-04-02,724,499.328901987463
2020-04-02,0,1043.10551755455
2020-04-02,519,337.738034504792
2020-04-02,108,126.412603911247
2020-04-02,67,149.43350555984
2020-04-02,95,114.311862172671
2020-04-02,532,168.320381297147
2020-04-02,380,264.336761661182
2020-04-02,526,188.067864497075
2020-04-02,279,301.142171118974
2020-04-02,155,217.452732911516
2020-04-02,423,211.877495826803
2020-04-02,245,185.916010890254
2020-04-02,156,217.942065527937
2020-04-02,397,303.796307937611
2020-04-02,492,281.964385404583
2020-04-02,144,223.085553496438
2020-04-02,450,187.65657914937
2020-04-02,364,471.680867391149
2020-04-02,410,382.628392336567
2020-04-02,416,258.895939248186
2020-04-02,447,154.581944884558
2020-04-02,171,372.882171089555
2020-04-02,574,366.329514966633
2020-04-02,298,336.477262866746
2020-04-02,186,88.1949342761637
2020-04-02,444,422.6993277871
2020-04-02,309,240.474301507479
2020-04-02,753,303.579484873472
2020-04-02,355,237.699022122647
2020-04-02,526,299.93475147871
2020-04-02,472,197.576960206899
2020-04-02,540,395.334570204431
2020-04-02,386,429.101449417658
2020-04-02,479,119.766020566076
2020-04-02,251,225.941355439778
2020-04-02,604,444.245670770714
2020-04-02,232,538.473423569638
2020-04-02,426,113.744591730164
2020-04-02,954,265.758605358774
2020-04-02,543,281.730825860727
2020-04-02,411,458.73511192352
2020-04-02,500,383.34617749681
2020-04-02,430,291.181342999402
2020-04-02,288,346.368171725588
2020-04-02,530,120.149294080424
2020-04-02,205,288.190198738806
2020-04-02,418,192.211273462848
2020-04-02,192,221.929833190625
2020-04-02,322,79.1075387226361
2020-04-02,228,204.79789801627
2020-04-02,553,128.349644977996
2020-04-02,316,110.167352694597
2020-04-02,242,316.305735624617
2020-04-02,294,62.1554905422363
2020-04-02,226,220.994690048923
2020-04-02,251,291.077339219309
2020-04-02,282,370.321488604297
2020-04-02,163,383.42061371243
2020-04-02,477,159.690877728419
2020-04-02,525,235.027829230386
2020-04-02,431,165.501141706793
2020-04-02,444,322.647633996098
2020-04-02,322,380.525923440034
2020-04-02,440,481.91696883045
2020-04-02,308,310.908006354319
2020-04-02,510,273.04619061007
2020-04-02,196,537.015930087987
2020-04-02,986,461.294816695284
2020-04-02,512,252.356192051536
2020-04-02,628,317.692306459924
2020-04-02,225,278.857701560996
2020-04-02,534,487.196625345002
2020-04-02,592,450.267405167449
2020-04-02,386,343.730621880888
2020-04-02,417,250.395711983546
2020-04-02,403,381.811225847012
2020-04-02,913,309.480468555544
2020-04-02,645,716.267677769654
2020-04-02,233,410.946929351822
2020-04-02,682,894.542929600792
2020-04-02,441,675.024921398192
2020-04-02,317,357.621504752647
2020-04-02,523,225.080165859849
2020-04-02,447,403.854669956387
2020-04-02,142,403.992754010737
2020-04-02,458,522.417869814684
2020-04-02,1121,330.458489319465
2020-04-02,379,260.128332545215
2020-04-02,194,258.669871903836
2020-04-02,713,216.981659314202
2020-04-02,402,270.436174045721
2020-04-02,273,373.24503957154
2020-04-02,452,317.691272213167
2020-04-02,392,268.220682580856
2020-04-02,321,285.999732694514
2020-04-02,592,225.650207442313
2020-04-02,497,381.22595479194
2020-04-02,478,316.54423720266
2020-04-02,219,287.495968670982
2020-04-02,502,334.945226466663
2020-04-02,233,224.869000965508
2020-04-02,155,167.314143573884
2020-04-02,371,281.84618731386
2020-04-02,207,312.29553230637
2020-04-02,207,226.151008323149
2020-04-02,306,311.117524845967
2020-04-02,398,220.167007238183
2020-04-02,262,355.128436773259
2020-04-02,347,249.109287986279
2020-04-02,543,418.302636831055
2020-04-02,511,293.615201509027
2020-04-02,476,209.917244188852
2020-04-02,543,389.339443392294
2020-04-02,437,273.56042367932
2020-04-02,213,128.129343231227
2020-04-02,79,141.084078162513
2020-04-02,270,175.195521490319
2020-04-02,182,264.279414508226
2020-04-02,463,247.412712935771
2020-04-02,180,244.970725227206
2020-04-02,203,302.636840174777
2020-04-02,184,332.333533452116
2020-04-02,227,296.286640280894
2020-04-02,303,197.130369016433
2020-04-02,344,182.501107573701
2020-04-02,272,334.392447210389
2020-04-02,321,219.952143053991
2020-04-02,259,249.524083960249
2020-04-02,151,240.005062382183
2020-04-02,199,220.339857434481
2020-04-02,173,186.815573797623
2020-04-02,282,252.161133019401
2020-04-02,216,202.650311345934
2020-04-02,313,211.202112754389
2020-04-02,568,174.146485779417
2020-04-02,297,250.491976493293
2020-04-02,190,298.94958799463
2020-04-02,317,288.417226496565
2020-04-02,346,175.340453041385
2020-04-02,310,185.500600196987
2020-04-02,162,218.051428954778
2020-04-02,341,333.652568039858
2020-04-02,387,235.62282486745
2020-04-02,263,198.173114617659
2020-04-02,423,280.545911934747
2020-04-02,190,359.875487926161
2020-04-02,294,156.833984186587
2020-04-02,126,127.955388436203
2020-04-02,172,123.867925142906
2020-04-02,479,206.781698300811
2020-04-02,154,189.554471528441
2020-04-02,232,337.385312577367
2020-04-02,272,230.294694622961
2020-04-02,259,324.444285568974
2020-04-02,211,211.952080545503
2020-04-02,412,281.474797646525
2020-04-02,188,214.45079950657
2020-04-02,329,399.791133553135
2020-04-02,300,439.996873263115
2020-04-02,802,183.016257650987
2020-04-02,232,181.59527196534
2020-04-02,154,282.88211373955
2020-04-02,283,243.101002681685
2020-04-02,461,245.38679326449
2020-04-02,406,244.933599328101
2020-04-02,344,280.70247927445
2020-04-02,412,309.648593875809
2020-04-02,273,324.820897979789
2020-04-02,614,262.315343537732
2020-04-02,538,326.186125271308
2020-04-02,477,322.827257470104
2020-04-02,336,339.723461484127
2020-04-02,252,208.451612046024
2020-04-02,256,211.587549181158
2020-04-02,110,323.101165650736
2020-04-02,237,179.308315617436
2020-04-02,280,169.816970839595
2020-04-02,625,338.287180796866
2020-04-02,427,307.383538854021
2020-04-02,254,420.660688005065
2020-04-02,264,338.433968648598
2020-04-02,321,216.972813772694
2020-04-02,498,351.788676936289
2020-04-02,197,231.03681068988
2020-04-02,384,280.334094467227
2020-04-02,109,142.519796432364
2020-04-02,107,128.023570734691
2020-04-02,193,188.661934362419
2020-04-02,117,147.54433820026
2020-04-02,337,181.303238695311
2020-04-02,130,120.980099593527
2020-04-02,259,207.875251667918
2020-04-02,374,253.048757502042
2020-04-02,129,270.413233548963
2020-04-02,260,160.972442850866
2020-04-02,133,160.504663274204
2020-04-02,204,124.180120880333
2020-04-02,110,181.058572393007
2020-04-02,239,124.097666235568
2020-04-02,331,228.966098560447
2020-04-02,224,142.711788977583
2020-04-02,218,148.690118174122
2020-04-02,396,243.347110902138
2020-04-02,455,219.950205217886
2020-04-02,203,243.554574538511
2020-04-02,71,200.103900990239
2020-04-02,235,192.678054013312
2020-04-02,527,355.204841865395
2020-04-02,397,270.093163214977
2020-04-02,197,169.96380408096
2020-04-02,299,275.251157867305
2020-04-02,206,173.950569362177
2020-04-02,355,200.31611759764
2020-04-02,147,175.141366274456
2020-04-02,603,292.036330227428
2020-04-02,413,203.765264511977
2020-04-02,683,226.020223054997
2020-04-02,200,301.992076563231
2020-04-02,156,276.612639310596
2020-04-02,52,147.239838838327
2020-04-02,86,140.393652906372
2020-04-02,313,288.80267721589
2020-04-02,279,266.375433376622
2020-04-02,265,161.625940948596
2020-04-02,296,307.778200135865
2020-04-02,381,205.676673123203
2020-04-02,270,176.297800583059
2020-04-02,299,263.636572199418
2020-04-02,125,196.445790103742
2020-04-02,424,328.291933746239
2020-04-02,163,189.269748192475
2020-04-02,197,254.515616684713
2020-04-02,133,158.520381872057
2020-04-02,262,117.04553405166
2020-04-02,230,264.027755063649
2020-04-02,203,228.773525626113
2020-04-02,115,243.437913751624
2020-04-02,547,160.060451955936
2020-04-02,398,263.288334395698
2020-04-02,222,214.643513537443
2020-04-02,124,133.079416443233
2020-04-02,230,164.411488773505
2020-04-02,157,197.06661579261
2020-04-02,78,62.5608941842791
2020-04-02,238,201.636705797069
2020-04-02,192,192.817580027663
2020-04-02,119,125.074829652312
2020-04-02,214,155.493387411869
2020-04-02,219,142.375820032553
2020-04-02,154,139.795051085102
2020-04-02,141,86.1610963634986
2020-04-02,78,117.758929792651
2020-04-02,74,92.4458620201477
2020-04-02,147,98.6963158548425
2020-04-02,371,166.596359831298
2020-04-02,203,210.192084697639
2020-04-02,136,129.161514932873
2020-04-02,96,177.424809816164
2020-04-02,285,133.640197698258
2020-04-02,65,71.4258052384036
2020-04-02,136,179.576960960256
2020-04-02,99,139.561279443976
2020-04-02,97,87.0873234854695
2020-04-02,189,151.911162744722
2020-04-02,222,119.931658276541
2020-04-02,289,301.733413683525
2020-04-02,194,174.839771623683
2020-04-02,227,195.193039432569
2020-04-02,206,113.626900259378
2020-04-02,258,230.06710300776
2020-04-02,482,284.001434960614
2020-04-02,302,281.384076982029
2020-04-02,376,190.322778763399
2020-04-02,185,136.07985148666
2020-04-02,497,176.164423037101
2020-04-02,205,214.218851218433
2020-04-02,143,258.091214825577
2020-04-02,282,75.4436206687772
2020-04-02,123,176.458177740001
2020-04-02,227,139.829011675945
2020-04-02,231,210.679519148758
2020-04-02,283,111.603479022225
2020-04-02,233,160.809030469882
2020-04-02,349,333.322864673617
2020-04-02,367,211.323392956966
2020-04-02,569,209.877023862019
2020-04-02,236,114.641666662282
2020-04-02,236,174.138304450909
2020-04-02,215,189.367697092759
2020-04-02,361,330.425149791637
2020-04-02,337,210.140922083248
2020-04-02,144,136.285424846846
2020-04-02,168,190.989162742762
2020-04-02,148,162.529298697685
2020-04-02,501,190.724135570142
2020-04-02,216,182.962487640914
2020-04-02,523,447.703053151093
2020-04-02,628,276.977107433456
2020-04-02,379,232.031799732045
2020-04-02,338,331.895407176227
2020-04-02,358,303.861368840719
2020-04-02,367,165.123138391227
2020-04-02,264,218.873186185687
2020-04-02,171,186.447953503978
2020-04-02,341,355.106824539952
2020-04-02,762,299.528718542311
2020-04-02,357,270.230595262119
2020-04-02,418,277.635981453695
2020-04-02,383,291.477947991755
2020-04-02,236,209.528501938166
2020-04-02,193,177.615265720185
2020-04-02,450,300.686628938882
2020-04-02,280,314.813016437525
2020-04-02,290,155.472358375786
2020-04-02,155,109.832927961717
2020-04-02,134,132.667396337943
2020-04-02,144,129.776571663247
2020-04-02,283,402.500398784386
2020-04-02,329,205.1004792392
2020-04-02,365,409.245156986102
2020-04-02,491,253.994326301507
2020-04-02,1017,283.802713219602
2020-04-02,388,152.110476850899
2020-04-02,351,248.178901916796
2020-04-02,263,263.433612663058
2020-04-02,216,293.600339279558
2020-04-02,232,356.963962442561
2020-04-02,109,447.842035139321
2020-04-02,644,478.232968972861
2020-04-02,361,450.869568334749
2020-04-02,287,214.566769588793
2020-04-02,312,166.254736608114
2020-04-02,214,321.741387913962
2020-04-02,355,211.59421714595
2020-04-02,291,212.893316829661
2020-04-02,309,225.497928347277
2020-04-02,252,339.479999619227
2020-04-02,275,207.732817152458
2020-04-02,235,274.807625015755
2020-04-02,219,319.597260311244
2020-04-02,267,255.946363075229
2020-04-02,211,168.501380385991
2020-04-02,459,219.250470687715
2020-04-02,294,224.820202911585
2020-04-02,164,386.149328305264
2020-04-02,770,308.070695895352
2020-04-02,238,319.215330971063
2020-04-02,232,114.944353617334
2020-04-02,229,371.369503725761
2020-04-02,532,573.032561223517
2020-04-02,582,534.939426954709
2020-04-02,244,231.815214981461
2020-04-02,194,234.937770443897
2020-04-02,362,237.52002375834
2020-04-02,290,257.256348541383
2020-04-02,245,248.50927836598
2020-04-02,484,294.571595874103
2020-04-02,154,216.304328420386
2020-04-02,172,219.377267303227
2020-04-02,233,142.296162251314
2020-04-02,242,276.191746335143
2020-04-02,162,203.31130406011
2020-04-02,199,214.502223790803
2020-04-02,366,163.494229695084
2020-04-02,252,277.129090936525
2020-04-02,480,252.898954721527
2020-04-02,137,243.631875457916
2020-04-02,512,200.934791043024
2020-04-02,265,308.542425644388
2020-04-02,169,170.853053153025
2020-04-02,328,164.576846994862
2020-04-02,169,142.821962259557
2020-04-02,126,200.475008211362
2020-04-02,365,406.34767401475
2020-04-02,222,155.935298796382
2020-04-02,373,325.875295576985
2020-04-02,273,265.816193816726
2020-04-02,475,213.000294136267
2020-04-02,158,304.760068607156
2020-04-02,340,367.327436735626
2020-04-02,350,205.015746741686
2020-04-02,519,275.828635900209
2020-04-02,250,245.219432817253
2020-04-02,223,297.034849850671
2020-04-02,187,232.004408469661
2020-04-02,383,133.577360274432
2020-04-02,446,188.649455927134
2020-04-02,326,392.060052629343
2020-04-02,426,228.586532772428
2020-04-02,507,405.036211707323
2020-04-02,458,291.8878677689
2020-04-02,441,243.387950552137
2020-04-02,296,383.857139463221
2020-04-02,218,176.240777029336
2020-04-02,325,272.388340949752
2020-04-02,170,238.913708351131
2020-04-02,303,194.707572176437
2020-04-02,216,202.315454786931
2020-04-02,287,197.540232270034
2020-04-02,233,205.278236729384
2020-04-02,534,319.12676176256
2020-04-02,557,302.955840237318
2020-04-02,374,236.992294282337
2020-04-02,353,296.832708427641
2020-04-02,231,254.653145909496
2020-04-02,248,286.386906254627
2020-04-02,248,309.517846205128
2020-04-02,256,184.299124560934
2020-04-02,508,285.954399183717
2020-04-02,87,184.776910999045
2020-04-02,363,198.929029545348
2020-04-02,237,331.921748423839
2020-04-02,333,310.782821952924
2020-04-02,472,422.645059613093
2020-04-02,320,182.515513270745
2020-04-02,355,406.755520977556
2020-04-02,274,274.305225917007
2020-04-02,418,346.815063606668
2020-04-02,263,337.60359930043
2020-04-02,436,216.303095846154
2020-04-02,231,281.199262619619
2020-04-02,282,262.228173585331
2020-04-02,368,250.555739712028
2020-04-02,202,264.389785127299
2020-04-02,278,286.366030310306
2020-04-02,237,160.863087567564
2020-04-02,214,247.42052176666
2020-04-02,243,217.688659143602
2020-04-02,473,454.678479437576
2020-04-02,456,409.457088058519
2020-04-02,411,228.635079125521
2020-04-02,473,380.874890929611
2020-04-02,224,165.602678268135
2020-04-02,244,392.453809740909
2020-04-02,561,175.429175914984
2020-04-02,168,225.315304972639
2020-04-02,170,281.758035024589
2020-04-02,428,335.291347050521
2020-04-02,241,223.067287469169
2020-04-02,358,303.401517180558
2020-04-02,356,176.189741861282
2020-04-02,233,188.537346592302
2020-04-02,546,210.529241326931
2020-04-02,147,191.008466241295
2020-04-02,294,295.598249105643
2020-04-02,192,259.431889333954
2020-04-02,222,169.737325247579
2020-04-02,164,168.562457968124
2020-04-02,125,99.9897485795569
2020-04-02,144,167.718453620813
2020-04-02,232,152.707852940441
2020-04-02,372,214.373246463283
2020-04-02,257,209.825997624809
2020-04-02,189,125.441719558888
2020-04-02,284,164.120278077293
2020-04-02,198,236.36230621942
2020-04-02,270,157.03748918198
2020-04-02,205,89.742492913918
2020-04-02,346,337.404855964755
2020-04-02,279,247.489585452113
2020-04-02,218,246.230514605131
2020-04-02,632,257.618554893666
2020-04-02,217,199.168116166037
2020-04-02,181,232.941374262559
2020-04-02,213,137.436452866208
2020-04-02,238,267.637993658468
2020-04-02,459,216.140729106659
2020-04-02,262,203.530728680498
2020-04-02,247,229.654983113692
2020-04-02,283,194.029896329963
2020-04-02,133,309.265694425114
2020-04-02,286,254.219217544622
2020-04-02,637,297.730349354187
2020-04-02,372,279.814324211073
2020-04-02,267,390.005504758036
2020-04-02,367,189.345113806799
2020-04-02,385,261.08866465037
2020-04-02,292,182.247235558344
2020-04-02,223,274.958494397155
2020-04-02,266,183.575527735802
2020-04-02,343,221.912997046973
2020-04-02,214,185.848014747269
2020-04-02,233,210.819437033535
2020-04-02,381,200.314643029546
2020-04-02,117,337.358060989038
2020-04-02,456,252.994672905033
2020-04-02,193,264.700824097139
2020-04-02,118,256.993674288997
2020-04-02,236,338.282382493008
2020-04-02,292,218.817759133215
2020-04-02,559,261.736067189222
2020-04-02,473,416.058898273851
2020-04-02,345,593.7295729774
2020-04-02,188,316.473888793476
2020-04-02,228,153.216271815343
2020-04-02,187,156.990624998531
2020-04-02,280,197.305004255591
2020-04-02,334,213.168429552156
2020-04-02,146,123.014472917741
2020-04-02,187,187.268625886441
2020-04-02,113,105.318144374515
2020-04-02,245,140.565763692013
2020-04-02,71,121.64923167434
2020-04-02,269,144.614448536946
2020-04-02,104,172.698838920888
2020-04-02,237,132.633522444245
2020-04-02,120,199.363940832457
2020-04-02,328,189.533414717235
2020-04-02,100,109.093274517751
2020-04-02,87,165.580440685409
2020-04-02,208,147.361287539886
2020-04-02,611,96.7858721007892
2020-04-02,238,197.290332680536
2020-04-02,62,146.546864555453
2020-04-02,65,126.015335228962
2020-04-02,137,84.6932408241186
2020-04-02,143,97.930277703756
2020-04-02,274,67.6293857512197
2020-04-02,72,78.5847789061489
2020-04-02,252,94.5242606040779
2020-04-02,210,119.389808421441
2020-04-02,191,107.874872132275
2020-04-02,123,199.902480831096
2020-04-02,116,100.184945368276
2020-04-02,93,134.678678248672
2020-04-02,173,121.491918834915
2020-04-02,103,271.247941096695
2020-04-02,572,199.768978024291
2020-04-02,61,196.909766095514
2020-04-02,254,240.488629775169
2020-04-02,194,156.381540835647
2020-04-02,289,179.344711701415
2020-04-02,192,189.36123904169
2020-04-02,444,198.251798253991
2020-04-02,127,202.015234450773
2020-04-02,588,219.417464997714
2020-04-02,50,240.271949922208
2020-04-02,141,204.614873327493
2020-04-02,222,56.5283871652922
2020-04-02,89,135.733698032693
2020-04-02,293,172.135190901711
2020-04-02,246,143.482195292081
2020-04-02,163,135.117262655175
2020-04-02,96,146.336477124516
2020-04-02,241,169.883295705345
2020-04-02,112,136.37597584493
2020-04-02,300,66.4899673072762
2020-04-02,170,96.6373714051473
2020-04-02,102,119.335958873244
2020-04-02,48,111.822081447213
2020-04-02,148,184.322192748475
2020-04-02,210,123.743793888087
2020-04-02,23,259.973356042781
2020-04-02,54,143.995303235751
2020-04-02,727,161.238965792851
2020-04-02,241,246.653405395097
2020-04-02,194,513.717810348336
2020-04-02,729,302.164078559861
2020-04-02,793,452.212663262144
2020-04-02,745,387.222059451687
2020-04-02,561,414.908781166916
2020-04-02,613,330.7627307483
2020-04-02,548,614.755750930755
2020-04-02,529,254.863490167344
2020-04-02,504,238.419553156316
2020-04-02,212,177.260288114479
2020-04-02,131,182.353787972421
2020-04-02,206,191.548572350829
2020-04-02,399,162.101791738547
2020-04-02,140,193.091398702847
2020-04-02,376,239.341583543
2020-04-02,135,272.8224757642
2020-04-02,213,183.22837146718
2020-04-02,275,171.426658939043
2020-04-02,236,387.243091182007
2020-04-02,565,190.657016887927
2020-04-02,230,311.788023315303
2020-04-02,569,309.055455511796
2020-04-02,186,254.113079859863
2020-04-02,254,334.030240813224
2020-04-02,215,194.538595417725
2020-04-02,90,94.6855881318426
2020-04-02,140,188.607157930433
2020-04-02,310,217.992946288195
2020-04-02,205,167.871628253569
2020-04-02,53,73.7085661682598
2020-04-02,130,87.6094085782845
2020-04-02,216,206.433750928009
2020-04-02,344,180.788764068645
2020-04-02,239,163.076700219208
2020-04-02,231,213.533044876901
2020-04-02,203,211.015791849545
2020-04-02,392,330.02658073516
2020-04-02,286,154.360390187414
2020-04-02,344,175.772561036297
2020-04-02,301,263.514246421988
2020-04-02,162,174.049947730482
2020-04-02,385,346.744047183516
2020-04-02,518,281.11803663009
2020-04-02,492,295.739567098816
2020-04-02,437,305.575936752102
2020-04-02,327,185.211358968865
2020-04-02,286,211.329476101472
2020-04-02,337,247.033926550072
2020-04-02,192,316.475500321705
2020-04-02,225,389.189213548764
2020-04-02,551,269.699933482828
2020-04-02,553,380.39031193299
2020-04-02,383,287.807467993716
2020-04-02,472,336.799276271295
2020-04-02,163,216.494538883984
2020-04-02,261,208.627599825536
2020-04-02,116,152.331986412484
2020-04-02,341,244.146964284236
2020-04-02,314,199.963492355288
2020-04-02,247,213.19755247061
2020-04-02,191,220.866097840588
2020-04-02,328,166.873834150677
2020-04-02,471,212.03615217321
2020-04-02,203,156.270620629555
2020-04-02,496,383.784113192323
2020-04-02,106,242.840808230033
2020-04-02,497,271.710041472618
2020-04-02,202,290.539743138534
2020-04-02,256,244.081539310024
2020-04-02,275,232.758677554011
2020-04-02,325,262.285258114614
2020-04-02,197,320.63640600169
2020-04-02,307,283.054670191469
2020-04-02,181,193.607055855884
2020-04-02,242,295.164626208324
2020-04-02,450,231.146953749018
2020-04-02,323,238.233296653133
2020-04-02,527,240.001887327953
2020-04-02,282,252.635433293201
2020-04-02,196,250.800978206194
2020-04-02,212,196.97367879814
2020-04-02,227,214.887549274298
2020-04-02,234,236.319391274065
2020-04-02,137,139.400708840165
2020-04-02,588,210.506343531026
2020-04-02,351,264.4408055932
2020-04-02,213,243.152333894197
2020-04-02,286,296.353564056619
2020-04-02,337,214.162767719834
2020-04-02,490,252.832446833988
2020-04-02,196,288.53757937106
2020-04-02,359,287.532533744901
2020-04-02,206,235.015549473448
2020-04-02,568,260.160735432706
2020-04-02,204,326.409314984761
2020-04-02,347,222.95778885733
2020-04-02,189,213.098887395112
2020-04-02,361,346.42360181732
2020-04-02,174,396.745473415607
2020-04-02,185,262.285319343041
2020-04-02,177,229.048944836939
2020-04-02,339,193.797828736386
2020-04-02,370,420.178848164543
2020-04-02,337,211.636555515768
2020-04-02,222,187.444199937373
2020-04-02,310,198.761910019784
2020-04-02,187,152.359135669926
2020-04-02,198,137.35531675065
2020-04-02,388,220.220184114905
2020-04-02,305,151.964091785273
2020-04-02,128,301.531896905755
2020-04-02,298,220.527456909849
2020-04-02,215,258.186001447096
2020-04-02,91,203.759472765173
2020-04-02,132,111.916356369577
2020-04-02,90,210.447133043816
2020-04-02,85,126.179668899188
2020-04-02,148,115.412006124304
2020-04-02,177,173.994840711073
2020-04-02,364,242.615720210312
2020-04-02,280,338.874115093499
2020-04-02,301,208.627497988844
2020-04-02,325,122.474493846881
2020-04-02,247,298.708513749185
2020-04-02,400,242.290123419781
2020-04-02,186,210.849511846477
2020-04-02,298,197.113517412714
2020-04-02,249,279.133619725436
2020-04-02,662,324.807794089537
2020-04-02,216,232.234726942638
2020-04-02,331,161.536265112034
2020-04-02,473,306.730495014402
2020-04-02,225,348.520902961732
2020-04-02,452,197.502194169644
2020-04-02,344,320.513721719235
2020-04-02,325,170.21063688193
2020-04-02,380,174.556675911431
2020-04-02,180,214.901371539201
2020-04-02,254,211.834043068598
2020-04-02,286,365.731377923801
2020-04-02,170,139.485354196936
2020-04-02,342,254.349439477364
2020-04-02,158,183.737677987314
2020-04-02,463,166.586121191994
2020-04-02,236,221.701682476502
2020-04-02,225,187.07558432148
2020-04-02,394,189.590102115706
2020-04-02,160,209.212838883134
2020-04-02,162,210.698385251021
2020-04-02,156,246.742282957756
2020-04-02,564,197.311531154478
2020-04-02,354,359.657879546405
2020-04-02,299,369.957384803558
2020-04-02,355,299.130018135608
2020-04-02,401,224.66920508561
2020-04-02,263,262.070357402558
2020-04-02,403,315.039930946621
2020-04-02,96,168.22103206333
2020-04-02,252,200.196406150669
2020-04-02,174,284.287610922997
2020-04-02,101,200.565452953877
2020-04-02,147,266.5971730598
2020-04-02,130,212.500196923263
2020-04-02,394,168.901982296274
2020-04-02,317,202.408688928972
2020-04-02,155,191.959448572779
2020-04-02,318,172.127461373228
2020-04-02,148,180.169020109389
2020-04-02,345,275.721137385736
2020-04-02,87,214.259977595319
2020-04-02,331,167.208879228077
2020-04-02,95,140.375496861766
2020-04-02,241,178.208937899729
2020-04-02,152,178.740309857619
2020-04-02,198,202.112305543597
2020-04-02,84,217.019320075946
2020-04-02,135,147.465367156735
2020-04-02,219,143.609724279112
2020-04-02,196,514.91355736982
2020-04-02,280,263.989635988619
2020-04-02,396,273.995692398442
2020-04-02,152,159.76656549943
2020-04-02,532,290.919996735519
2020-04-02,293,262.894073975636
2020-04-02,408,279.821895526568
2020-04-02,214,232.05459785137
2020-04-02,336,381.289701132222
2020-04-02,464,206.697538133631
2020-04-02,139,145.462461293221
2020-04-02,168,151.337430220381
2020-04-02,394,273.206485161312
2020-04-02,160,171.794353827922
2020-04-02,415,226.803732177549
2020-04-02,317,203.323477318599
2020-04-02,240,247.360118924607
2020-04-02,397,253.776086333664
2020-04-02,83,256.843865950499
2020-04-02,150,118.727978126724
2020-04-02,200,205.439597137829
2020-04-02,135,188.599555371484
2020-04-02,492,333.213599428151
2020-04-02,387,312.276402595604
2020-04-02,45,288.461692130205
2020-04-02,518,295.213382364805
2020-04-02,496,319.237374325051
2020-04-02,107,230.882412148437
2020-04-02,235,201.389391513882
2020-04-02,388,289.59390075819
2020-04-02,298,322.193925581915
2020-04-02,355,301.906987304754
2020-04-02,194,190.656072396939
2020-04-02,139,135.945480215502
2020-04-02,118,108.287866562443
2020-04-02,277,123.266359434457
2020-04-02,235,260.032031227903
2020-04-02,203,275.103005897901
2020-04-02,264,234.440389434305
2020-04-02,304,174.306764885198
2020-04-02,150,152.337519533317
2020-04-02,139,254.084798284454
2020-04-02,655,543.797719125436
2020-04-02,262,208.900962964236
2020-04-02,313,325.572108464394
2020-04-02,337,318.667423463488
2020-04-02,549,482.173571788059
2020-04-02,540,357.819719654999
2020-04-02,445,400.011336947073
2020-04-02,483,773.629743777591
2020-04-02,288,227.537883251235
2020-04-02,446,412.627329028887
2020-04-02,131,661.420277742122
2020-04-02,311,370.424150527467
2020-04-02,277,299.255990644964
2020-04-02,1001,289.624039460089
2020-04-02,454,442.332202000487
2020-04-02,146,338.799070433834
2020-04-02,686,794.472927449235
2020-04-02,206,247.487064346819
2020-04-02,282,323.017129856254
2020-04-02,402,438.546249612844
2020-04-02,367,270.273658561134
2020-04-02,296,274.385326439778
2020-04-02,410,268.221783622658
2020-04-02,161,155.044685293472
2020-04-02,560,314.134439175385
2020-04-02,550,420.431081072601
2020-04-02,383,417.867627095846
2020-04-02,408,312.394859533216
2020-04-02,227,142.585262375528
2020-04-02,415,319.551038948569
2020-04-02,325,241.4540893149
2020-04-02,351,200.854851423332
2020-04-02,268,355.637229498956
2020-04-02,151,224.348548800076
2020-04-02,197,235.533663342483
2020-04-02,564,324.905118103533
2020-04-02,505,309.634887261948
2020-04-02,430,462.639400960876
2020-04-02,224,558.042213472069
2020-04-02,489,343.803980211636
2020-04-02,244,259.646029304458
2020-04-02,239,198.973337245661
2020-04-02,370,277.66824927579
2020-04-02,274,678.278947776446
2020-04-02,0,215.720205364507
2020-04-02,0,314.608501159818
2020-04-02,0,82.0711653550442
2020-04-02,426,392.672388533419
2020-04-02,161,417.708421609855
2020-04-02,287,369.803820626025
2020-04-02,213,245.447930906594
2020-04-02,196,307.875085386682
2020-04-02,149,284.702919383781
2020-04-02,640,232.568014746609
2020-04-02,250,365.603940448104
2020-04-02,167,393.578068553247
2020-04-02,720,466.418157372894
2020-04-02,859,231.083835840643
2020-04-02,625,534.100734781862
2020-04-02,222,486.077536749451
2020-04-02,369,612.98034894216
2020-04-02,421,337.359544953482
2020-04-02,621,220.779109315582
2020-04-02,372,343.614965856823
2020-04-02,373,317.890394769276
2020-04-02,447,377.135353803935
2020-04-02,599,548.108403843372
2020-04-02,482,316.660941701971
2020-04-02,955,612.009887505634
2020-04-02,300,480.249910146767
2020-04-02,882,499.616661195999
2020-04-02,487,207.946781773842
2020-04-02,386,419.329767678294
2020-04-02,527,510.092893170472
2020-04-02,637,445.147735292773
2020-04-02,531,255.870328487706
2020-04-02,285,539.109384710463
2020-04-02,238,329.657712689086
2020-04-02,610,488.901468863423
2020-04-02,707,327.402422096247
2020-04-02,527,247.079495278186
2020-04-02,470,770.565899053016
2020-04-02,522,407.050407872884
2020-04-02,183,879.51512465077
2020-04-02,292,496.596550429473
2020-04-02,835,640.020295655912
2020-04-02,460,396.943456093782
2020-04-02,693,489.667034393296
2020-04-02,722,288.669068672885
2020-04-02,103,259.927478291676
2020-04-02,319,400.574787376032
2020-04-02,391,469.473527643969
2020-04-02,407,395.908870270496
2020-04-02,813,420.307713639481
2020-04-02,242,259.147840489844
2020-04-02,268,199.916889523346
2020-04-02,281,177.56205591065
2020-04-02,251,483.782084085379
2020-04-02,523,593.774551652342
2020-04-02,608,622.694686688241
2020-04-02,756,398.847682458225
2020-04-02,631,557.392038472228
2020-04-02,639,521.555051132638
2020-04-02,1542,1000.37919387808
2020-04-02,1197,571.713897443593
2020-04-02,389,341.770094617343
2020-04-02,500,323.144999230712
2020-04-02,332,373.092717210317
2020-04-02,349,216.869124714028
2020-04-02,450,379.761492855913
2020-04-02,609,277.180571923458
2020-04-02,382,361.143306453375
2020-04-02,391,309.68971023769
2020-04-02,468,352.59746382153
2020-04-02,365,219.321826747695
2020-04-02,393,257.410033790528
2020-04-02,342,321.569279300357
2020-04-02,496,482.713340607889
2020-04-02,357,383.553113849415
2020-04-02,256,230.185958783546
2020-04-02,457,562.121653641068
2020-04-02,998,887.205248621447
2020-04-02,1121,536.375788718201
2020-04-02,762,507.634348784587
2020-04-02,673,493.054867318221
2020-04-02,495,525.222119587587
2020-04-02,2295,890.433887399461
2020-04-02,1051,462.987435573156
2020-04-02,117,653.925661684902
2020-04-02,462,167.358216282744
2020-04-02,311,171.792826003859
2020-04-02,216,350.045548018091
2020-04-02,196,325.219075153663
2020-04-02,305,283.771231765916
2020-04-02,380,202.847405147795
2020-04-02,678,443.504359530706
2020-04-02,396,501.732116222535
2020-04-02,398,353.271287062713
2020-04-02,606,365.533134578966
2020-04-02,434,310.725912461693
2020-04-02,405,238.703516848535
2020-04-02,460,497.810586728618
2020-04-02,649,366.083075701419
2020-04-02,258,276.77389040963
2020-04-02,546,320.480290539612
2020-04-02,577,380.033522641114
2020-04-02,836,298.001896951143
2020-04-02,542,444.919873474307
2020-04-02,730,307.966116303176
2020-04-02,402,343.104186956047
2020-04-02,799,363.87123049351
2020-04-02,453,194.002596254363
2020-04-02,580,434.725814333149
2020-04-02,554,287.876064680812
2020-04-02,678,489.081282819787
2020-04-02,612,367.165877922293
2020-04-02,275,294.074015735042
2020-04-02,487,338.787468170616
2020-04-02,289,258.385458545421
2020-04-02,459,377.602489236196
2020-04-02,897,501.579451885328
2020-04-02,219,329.705585561004
2020-04-02,467,458.341689898265
2020-04-02,324,308.028345582794
2020-04-02,767,378.634700569882
2020-04-02,468,632.730720770353
2020-04-02,414,329.69322152422
2020-04-02,243,174.922538440647
2020-04-02,549,282.098408100395
2020-04-02,730,245.500175363179
2020-04-02,446,412.293598500153
2020-04-02,601,260.678878387857
2020-04-02,375,398.758045952278
2020-04-02,432,438.651630481104
2020-04-02,376,216.163895022607
2020-04-02,389,369.63242459869
2020-04-02,708,611.457887200753
2020-04-02,368,583.662667317563
2020-04-02,777,421.841672693184
2020-04-02,321,500.951824325807
2020-04-02,269,276.398817301467
2020-04-02,454,325.198028946361
2020-04-02,339,204.510140866501
2020-04-02,457,239.198733998098
2020-04-02,207,421.503616149664
2020-04-02,386,607.276795023073
2020-04-02,548,389.086171934437
2020-04-02,465,445.413124301722
2020-04-02,311,340.382001648719
2020-04-02,549,454.851288012664
2020-04-02,875,585.788825630068
2020-04-02,922,699.107685185992
2020-04-02,746,579.161698017913
2020-04-02,861,381.630983961211
2020-04-02,533,340.358759987028
2020-04-02,608,354.105864970372
2020-04-02,530,468.849008416772
2020-04-02,719,298.629938071838
2020-04-02,331,594.61672237762
2020-04-02,620,1026.89288593776
2020-04-02,215,480.70436072225
2020-04-02,1265,330.034386863961
2020-04-02,624,281.71066381793
2020-04-02,312,481.021181152869
2020-04-02,590,382.656030885386
2020-04-02,796,865.332039825643
2020-04-02,696,408.211482957316
2020-04-02,405,434.516249580251
2020-04-02,299,273.221618527423
2020-04-02,770,411.510088732894
2020-04-02,657,264.812853177863
2020-04-02,283,489.573189648982
2020-04-02,743,424.913755012096
2020-04-02,7,398.32675948718
2020-04-02,406,166.818682036116
2020-04-02,338,328.726547458793
2020-04-02,648,424.17918293456
2020-04-02,212,445.302007952942
2020-04-02,656,437.8421296598
2020-04-02,253,306.399677375414
2020-04-02,378,335.153636462281
2020-04-02,300,382.686307533124
2020-04-02,691,326.337461007542
2020-04-02,259,257.164679504819
2020-04-02,272,298.110678570923
2020-04-02,484,319.84754032312
2020-04-02,608,355.174563027293
2020-04-02,566,321.832925159032
2020-04-02,563,450.386547754637
2020-04-02,530,267.943016045439
2020-04-02,424,333.435431457532
2020-04-02,653,389.969770576669
2020-04-02,483,346.283151376297
2020-04-02,367,377.830353340631
2020-04-02,808,311.221088659199
2020-04-02,357,431.103147087147
2020-04-02,426,336.815561181563
2020-04-02,603,351.817336498743
2020-04-02,581,552.518388060243
2020-04-02,544,267.17261139826
2020-04-02,462,158.088196256267
2020-04-02,361,140.92202699344
2020-04-02,314,163.212339397291
2020-04-02,480,313.99204134926
2020-04-02,502,340.516080978683
2020-04-02,298,199.440959052894
2020-04-02,379,470.525895227928
2020-04-02,879,422.861278011103
2020-04-02,338,593.588299392916
2020-04-02,373,373.841314234409
2020-04-02,612,222.530960865969
2020-04-02,115,553.422757527455
2020-04-02,743,438.40178639555
2020-04-02,949,755.43156092822
2020-04-02,790,314.10517107038
2020-04-02,491,368.98439746915
2020-04-02,726,294.873260189711
2020-04-02,1549,414.146429093146
2020-04-02,358,339.829035736201
2020-04-02,390,404.832452692516
2020-04-02,231,380.631477912777
2020-04-02,326,346.431127344289
2020-04-02,594,531.974649590514
2020-04-02,1239,723.371691698533
2020-04-02,555,533.56682905565
2020-04-02,696,423.591721543606
2020-04-02,382,447.172134133453
2020-04-02,879,377.347856552685
2020-04-02,663,274.498943452781
2020-04-02,276,529.197739923149
2020-04-02,442,303.716899266731
2020-04-02,289,313.347275524209
2020-04-02,199,173.275242443631
2020-04-02,828,219.162097573841
2020-04-02,301,354.481054522026
2020-04-02,827,231.462101116662
2020-04-02,446,186.228591028081
2020-04-02,645,268.688087355709
2020-04-02,486,291.094762524583
2020-04-02,201,314.782775023031
2020-04-02,301,267.402391270513
2020-04-02,298,287.660780442704
2020-04-02,481,415.752547848523
2020-04-02,680,246.808316340967
2020-04-02,269,196.520302645761
2020-04-02,168,343.555532726328
2020-04-02,279,106.205798169415
2020-04-02,245,293.919074958206
2020-04-02,81,175.316661488304
2020-04-02,252,174.978663536158
2020-04-02,280,319.155379555328
2020-04-02,748,272.698379684836
2020-04-02,60,263.885616182061
2020-04-02,127,224.27962616543
2020-04-02,608,207.159226453597
2020-04-02,324,270.450508400979
2020-04-02,208,151.090545113264
2020-04-02,338,178.842999794184
2020-04-02,251,224.344857386697
2020-04-02,38,140.64394542377
2020-04-02,182,86.8929298513942
2020-04-02,159,102.579025916695
2020-04-02,108,124.02163325411
2020-04-02,108,126.470426854998
2020-04-02,186,138.782937255281
2020-04-02,85,196.149448456492
2020-04-02,102,106.232224383779
2020-04-02,85,119.570809328424
2020-04-02,464,158.663508524481
2020-04-02,130,136.270817059554
2020-04-02,164,136.959803175005
2020-04-02,143,88.8330788829395
2020-04-02,104,152.997945379844
2020-04-02,516,94.4520183900756
2020-04-02,290,251.4845049499
2020-04-02,67,152.16029008721
2020-04-02,73,184.668715920591
2020-04-02,67,95.7734392085582
2020-04-02,69,141.858763320011
2020-04-02,318,225.125856988111
2020-04-02,426,228.370313957024
2020-04-02,373,258.704170696463
2020-04-02,525,168.546218453883
2020-04-02,227,257.826657544791
2020-04-02,263,187.483098259252
2020-04-02,348,167.721629198375
2020-04-02,212,155.187081537194
2020-04-02,181,241.012397933669
2020-04-02,387,362.901314015646
2020-04-02,129,159.92329121571
2020-04-02,334,301.976817887165
2020-04-02,268,270.712470061412
2020-04-02,738,462.621814542438
2020-04-02,297,544.897668488577
2020-04-02,395,301.738609082118
2020-04-02,549,393.436379662468
2020-04-02,350,272.909735782235
2020-04-02,397,426.123100363264
2020-04-02,453,296.934465186561
2020-04-02,931,428.831752264791
2020-04-02,436,360.589300487086
2020-04-02,751,235.858373011385
2020-04-02,322,77.2381464802762
2020-04-02,162,140.133227242251
2020-04-02,244,154.836621627516
2020-04-02,393,203.856000223501
2020-04-02,312,155.64964441213
2020-04-02,452,355.558644467435
2020-04-02,518,210.532589596856
2020-04-02,307,196.372867858086
2020-04-02,375,280.943988376691
2020-04-02,303,259.000963383784
2020-04-02,147,204.254826051982
2020-04-02,439,138.643624237651
2020-04-02,260,248.436782722422
2020-04-02,398,392.727757490968
2020-04-02,689,385.847073925074
2020-04-03,80,125.37312319792
2020-04-03,46,54.5789279004992
2020-04-03,88,102.866328700291
2020-04-03,254,68.6183938606871
2020-04-03,55,113.184086811453
2020-04-03,101,126.267781394286
2020-04-03,73,72.1384083901116
2020-04-03,107,97.3586060311537
2020-04-03,132,68.3728539736895
2020-04-03,88,71.9987769625522
2020-04-03,144,141.629295803525
2020-04-03,112,99.6958252468439
2020-04-03,264,151.525946655853
2020-04-03,69,208.498468937809
2020-04-03,223,104.755370448758
2020-04-03,91,122.105520602992
2020-04-03,151,116.776337964634
2020-04-03,122,132.308756827311
2020-04-03,132,167.744948489216
2020-04-03,299,108.806428426035
2020-04-03,146,84.8178365532899
2020-04-03,106,103.00594554299
2020-04-03,257,177.295965587886
2020-04-03,170,219.139941539615
2020-04-03,139,151.830200798188
2020-04-03,190,152.269374338533
2020-04-03,255,125.170833351249
2020-04-03,164,206.285957619301
2020-04-03,71,164.596129713042
2020-04-03,136,122.292629854438
2020-04-03,210,202.112835729647
2020-04-03,612,129.838673152007
2020-04-03,258,225.484595706592
2020-04-03,229,183.102693115488
2020-04-03,144,231.968887591865
2020-04-03,136,115.413498989972
2020-04-03,132,176.773401406491
2020-04-03,106,207.165247086516
2020-04-03,142,122.213291580002
2020-04-03,228,154.438843436833
2020-04-03,105,191.728212811543
2020-04-03,142,110.074527233516
2020-04-03,173,114.751693906029
2020-04-03,144,87.221328424228
2020-04-03,166,178.810670778721
2020-04-03,129,115.145739792862
2020-04-03,135,160.139945176522
2020-04-03,277,156.372338761684
2020-04-03,257,142.313372533697
2020-04-03,73,89.5627795176588
2020-04-03,71,127.983601673192
2020-04-03,143,174.459572172546
2020-04-03,126,154.518022138625
2020-04-03,161,170.272944573137
2020-04-03,576,107.717681861478
2020-04-03,146,128.233691025752
2020-04-03,51,95.8069961068202
2020-04-03,75,61.643543421772
2020-04-03,64,78.0309787322322
2020-04-03,49,74.8722030505111
2020-04-03,52,132.905690296255
2020-04-03,48,78.0158492429563
2020-04-03,104,153.238135839589
2020-04-03,129,176.09645449629
2020-04-03,123,152.408667224667
2020-04-03,171,121.598011818294
2020-04-03,124,113.872458098133
2020-04-03,226,112.841856445566
2020-04-03,156,98.2825088351441
2020-04-03,59,95.5814313682334
2020-04-03,95,119.205894166318
2020-04-03,23,78.8968965692074
2020-04-03,151,59.8569074612228
2020-04-03,159,91.015244712444
2020-04-03,111,101.698317494226
2020-04-03,176,89.9443612386034
2020-04-03,152,66.4353642273234
2020-04-03,143,107.744702463132
2020-04-03,109,100.32995468891
2020-04-03,0,306.78837905487
2020-04-03,206,127.1153577067
2020-04-03,53,110.228110279433
2020-04-03,32,87.0087388572617
2020-04-03,85,92.7724872963695
2020-04-03,90,70.6127007783912
2020-04-03,68,78.4776558289426
2020-04-03,31,272.239663437776
2020-04-03,82,81.0104809164574
2020-04-03,224,94.1898480401782
2020-04-03,194,170.359708017508
2020-04-03,292,186.714633631927
2020-04-03,194,271.921676291691
2020-04-03,360,259.09429004377
2020-04-03,90,296.631231757412
2020-04-03,192,208.307301384454
2020-04-03,330,209.055746049445
2020-04-03,209,99.7306889787935
2020-04-03,279,169.260726501768
2020-04-03,251,223.384348986075
2020-04-03,324,135.998310102318
2020-04-03,315,209.864149331569
2020-04-03,210,150.962189292199
2020-04-03,294,149.047243282228
2020-04-03,334,191.604501501472
2020-04-03,235,201.444137263679
2020-04-03,228,198.17708481054
2020-04-03,231,163.541954698772
2020-04-03,898,143.686821010142
2020-04-03,260,176.049310364082
2020-04-03,218,193.208679128043
2020-04-03,143,160.992596940746
2020-04-03,311,214.074024092583
2020-04-03,276,175.774620787934
2020-04-03,120,180.435776260707
2020-04-03,121,171.056874152509
2020-04-03,210,171.27724924551
2020-04-03,318,165.809025440395
2020-04-03,235,83.2357932929528
2020-04-03,83,147.886650560693
2020-04-03,80,71.701488744403
2020-04-03,154,96.3923254023456
2020-04-03,70,80.9121991881714
2020-04-03,61,70.4643143349815
2020-04-03,86,88.8660331012695
2020-04-03,79,96.6925595288871
2020-04-03,70,194.381417917798
2020-04-03,81,154.904108003666
2020-04-03,114,124.596897449755
2020-04-03,209,157.066879381553
2020-04-03,611,146.930673401687
2020-04-03,187,238.234599560376
2020-04-03,146,193.795196620009
2020-04-03,199,166.118806658911
2020-04-03,228,187.940656791566
2020-04-03,271,157.144418509937
2020-04-03,277,194.330434578945
2020-04-03,86,142.022326434866
2020-04-03,146,111.231489304325
2020-04-03,173,102.078348937815
2020-04-03,152,200.241817667852
2020-04-03,53,113.965369030842
2020-04-03,240,190.751100240065
2020-04-03,291,177.384821864571
2020-04-03,109,150.850030928328
2020-04-03,163,107.071033632427
2020-04-03,191,205.272536865996
2020-04-03,71,132.205950269347
2020-04-03,244,225.326657555771
2020-04-03,183,101.521417379669
2020-04-03,156,282.308491246988
2020-04-03,355,190.686711448784
2020-04-03,300,223.650913384322
2020-04-03,156,209.641039100783
2020-04-03,213,260.114063467237
2020-04-03,177,194.694566992328
2020-04-03,160,102.767568247579
2020-04-03,246,128.773451098954
2020-04-03,164,164.215618038388
2020-04-03,235,161.456112530206
2020-04-03,152,165.775720004448
2020-04-03,383,204.723225905432
2020-04-03,132,218.342442203835
2020-04-03,192,282.528503371352
2020-04-03,117,185.576106056375
2020-04-03,227,154.90214994002
2020-04-03,224,138.285721957221
2020-04-03,87,246.614675073527
2020-04-03,232,206.884520197802
2020-04-03,117,117.186751337308
2020-04-03,214,62.1780113271696
2020-04-03,247,199.128319903211
2020-04-03,346,206.307567761253
2020-04-03,193,121.442848460049
2020-04-03,332,247.71620663844
2020-04-03,169,81.6949610754353
2020-04-03,90,76.9064517146201
2020-04-03,280,292.238293759252
2020-04-03,145,118.876016437768
2020-04-03,364,348.085361571091
2020-04-03,296,146.116963523507
2020-04-03,304,103.675808884494
2020-04-03,562,267.376036923799
2020-04-03,465,386.135900498627
2020-04-03,900,127.66511073022
2020-04-03,415,174.786899418659
2020-04-03,839,224.796796794761
2020-04-03,227,259.375631452316
2020-04-03,653,272.804463216373
2020-04-03,233,373.461115907487
2020-04-03,304,253.403785667394
2020-04-03,432,311.360163758916
2020-04-03,788,181.677914243251
2020-04-03,453,298.907788403618
2020-04-03,695,206.223376092918
2020-04-03,108,270.037495807115
2020-04-03,575,177.5303833447
2020-04-03,680,99.6485394475054
2020-04-03,0,414.092838496241
2020-04-03,544,234.103405679796
2020-04-03,184,438.480841720827
2020-04-03,75,197.324726446643
2020-04-03,531,154.182969974726
2020-04-03,170,241.007009039554
2020-04-03,298,153.377898473635
2020-04-03,277,258.467401032664
2020-04-03,429,558.458074684552
2020-04-03,429,547.511889083144
2020-04-03,364,278.795621932248
2020-04-03,523,431.531242432165
2020-04-03,476,341.0688831535
2020-04-03,516,276.003453388504
2020-04-03,569,314.226242238075
2020-04-03,1218,391.877919055196
2020-04-03,340,240.486528703218
2020-04-03,598,636.61210920039
2020-04-03,495,491.893906604572
2020-04-03,578,457.747765939291
2020-04-03,1282,479.959750215048
2020-04-03,401,338.618337143809
2020-04-03,431,322.38408295425
2020-04-03,445,239.957723695877
2020-04-03,990,529.224783556913
2020-04-03,296,488.640298730519
2020-04-03,448,190.676028698524
2020-04-03,426,277.141166268429
2020-04-03,450,514.229587648601
2020-04-03,848,399.863824950568
2020-04-03,774,528.853123038339
2020-04-03,0,1065.55682913847
2020-04-03,578,352.715267584948
2020-04-03,101,134.236459870705
2020-04-03,86,152.09147675452
2020-04-03,104,118.691199962519
2020-04-03,560,176.90123866584
2020-04-03,389,276.550390294958
2020-04-03,557,197.416774546344
2020-04-03,297,312.868563489543
2020-04-03,167,227.922332538701
2020-04-03,481,218.532960904709
2020-04-03,232,199.733741540805
2020-04-03,173,227.576161279654
2020-04-03,409,322.925851539521
2020-04-03,490,299.739759847358
2020-04-03,135,231.303713035702
2020-04-03,464,199.417600816343
2020-04-03,393,495.043409729831
2020-04-03,451,392.598011856773
2020-04-03,430,273.247388103908
2020-04-03,496,159.511919388156
2020-04-03,171,394.186486460686
2020-04-03,572,396.485946649027
2020-04-03,312,360.785618878186
2020-04-03,203,95.6907427281957
2020-04-03,461,443.239708689996
2020-04-03,330,251.998137737585
2020-04-03,738,325.715940573941
2020-04-03,374,250.504121952642
2020-04-03,564,312.529336323164
2020-04-03,493,206.268878239743
2020-04-03,577,419.323127857012
2020-04-03,379,457.778861750239
2020-04-03,521,127.964431534036
2020-04-03,252,247.054775327649
2020-04-03,683,467.231906706575
2020-04-03,235,575.108290760164
2020-04-03,422,120.12539665064
2020-04-03,996,281.388884162587
2020-04-03,577,293.911502446926
2020-04-03,460,476.051397413725
2020-04-03,462,403.636210737205
2020-04-03,438,298.555500171364
2020-04-03,278,352.102275385987
2020-04-03,553,125.277810491233
2020-04-03,186,305.371129426907
2020-04-03,406,204.059473288933
2020-04-03,185,237.203876707647
2020-04-03,341,85.6715004799302
2020-04-03,242,217.987682481681
2020-04-03,584,138.257193437224
2020-04-03,355,116.735714413183
2020-04-03,246,333.534435978789
2020-04-03,312,65.9139686530532
2020-04-03,232,239.109680622245
2020-04-03,283,310.872169931718
2020-04-03,342,378.964896126286
2020-04-03,137,404.845934288085
2020-04-03,501,172.67975235487
2020-04-03,512,240.72512632578
2020-04-03,438,168.363696425416
2020-04-03,484,331.433272549546
2020-04-03,347,411.774205340903
2020-04-03,472,511.595348981796
2020-04-03,359,326.244745826497
2020-04-03,530,292.589789894214
2020-04-03,212,577.934358059135
2020-04-03,1059,487.848772676585
2020-04-03,522,270.879635990311
2020-04-03,648,341.718691862998
2020-04-03,247,296.227431215334
2020-04-03,526,520.236093805609
2020-04-03,591,465.152072458965
2020-04-03,418,360.146306174042
2020-04-03,428,259.851707239889
2020-04-03,404,401.923644900708
2020-04-03,951,330.447933611446
2020-04-03,715,747.491042560303
2020-04-03,226,434.64399524474
2020-04-03,721,907.512263526069
2020-04-03,430,698.409402139054
2020-04-03,321,374.011739433793
2020-04-03,556,233.904328978648
2020-04-03,441,419.461692039412
2020-04-03,145,416.235853118755
2020-04-03,434,540.485091590219
2020-04-03,1115,339.417711410201
2020-04-03,409,268.494459054092
2020-04-03,196,267.169177712985
2020-04-03,766,224.536314836171
2020-04-03,355,284.698531441692
2020-04-03,309,378.928802944537
2020-04-03,469,336.003243846296
2020-04-03,426,276.1594906256
2020-04-03,336,299.37992002487
2020-04-03,612,239.656466600328
2020-04-03,533,400.655221292808
2020-04-03,479,321.845996473889
2020-04-03,231,295.032711591784
2020-04-03,522,346.649761324468
2020-04-03,223,238.762842539011
2020-04-03,176,173.736209548679
2020-04-03,335,293.524519019798
2020-04-03,209,314.520121167882
2020-04-03,184,235.240869778327
2020-04-03,345,329.041265869596
2020-04-03,361,240.33345222011
2020-04-03,298,372.812329733422
2020-04-03,371,255.919280004354
2020-04-03,575,429.943064095276
2020-04-03,526,305.224091099953
2020-04-03,495,218.096198853779
2020-04-03,544,400.1679045075
2020-04-03,454,280.53771596584
2020-04-03,211,132.452843934279
2020-04-03,86,145.026239617522
2020-04-03,249,183.916956371578
2020-04-03,200,273.791380292741
2020-04-03,494,258.245538274322
2020-04-03,201,256.595820664677
2020-04-03,206,313.387626373127
2020-04-03,207,342.633434192369
2020-04-03,204,305.316500367093
2020-04-03,289,203.385011179513
2020-04-03,363,191.679789633962
2020-04-03,301,357.053373663756
2020-04-03,332,228.22797611064
2020-04-03,261,256.297955184464
2020-04-03,138,246.946589510321
2020-04-03,201,231.403319649543
2020-04-03,168,197.317280589963
2020-04-03,330,260.391071278038
2020-04-03,215,212.204280034124
2020-04-03,331,219.746812238903
2020-04-03,565,187.634586758669
2020-04-03,324,259.199867746938
2020-04-03,201,314.614765930199
2020-04-03,308,295.904950148519
2020-04-03,335,182.833061260109
2020-04-03,303,193.424425636651
2020-04-03,134,231.050459517985
2020-04-03,359,348.138224293808
2020-04-03,368,242.044722694483
2020-04-03,255,202.267353536144
2020-04-03,460,288.35247754633
2020-04-03,211,376.332776814056
2020-04-03,326,160.516637489533
2020-04-03,129,132.670498506602
2020-04-03,172,131.811705001124
2020-04-03,498,214.428702641569
2020-04-03,148,199.985850627038
2020-04-03,278,340.140187847945
2020-04-03,259,238.804921196472
2020-04-03,276,337.321690678809
2020-04-03,196,217.741937957244
2020-04-03,398,292.957342000704
2020-04-03,179,219.301912117331
2020-04-03,337,410.482549875344
2020-04-03,308,453.843568861184
2020-04-03,790,187.802946382449
2020-04-03,242,184.206306384728
2020-04-03,169,287.494676600479
2020-04-03,296,246.479358432123
2020-04-03,467,253.069682906926
2020-04-03,419,253.781712967484
2020-04-03,369,289.814781793486
2020-04-03,382,319.493171415258
2020-04-03,263,330.139805762535
2020-04-03,616,264.731492098692
2020-04-03,514,338.327630485576
2020-04-03,501,327.891026004326
2020-04-03,353,341.452319025831
2020-04-03,239,211.187500030475
2020-04-03,249,215.256572662573
2020-04-03,122,335.63594069503
2020-04-03,246,181.569867278018
2020-04-03,299,172.67811932995
2020-04-03,660,350.764331341509
2020-04-03,439,321.063113325558
2020-04-03,264,434.607962213637
2020-04-03,266,358.600177330346
2020-04-03,341,225.47953389088
2020-04-03,528,372.543452266226
2020-04-03,217,242.274013563926
2020-04-03,416,292.203097738561
2020-04-03,127,149.371450157147
2020-04-03,111,134.175222462842
2020-04-03,206,200.78921194303
2020-04-03,131,160.435620150076
2020-04-03,339,180.983654918376
2020-04-03,140,126.212116247136
2020-04-03,264,221.1814221639
2020-04-03,372,266.146435128098
2020-04-03,130,276.156800564475
2020-04-03,259,164.996976173369
2020-04-03,144,162.214196975279
2020-04-03,190,125.492098742199
2020-04-03,105,180.117827683389
2020-04-03,210,124.848821820491
2020-04-03,337,218.91273446993
2020-04-03,216,137.780406639262
2020-04-03,214,143.671753226127
2020-04-03,400,242.926127013459
2020-04-03,414,222.576503014446
2020-04-03,200,240.567668609968
2020-04-03,76,198.944224250618
2020-04-03,222,188.425192909572
2020-04-03,534,365.11677487513
2020-04-03,387,275.26058192796
2020-04-03,202,176.240314635015
2020-04-03,286,282.234533122184
2020-04-03,182,172.695061585292
2020-04-03,349,195.874288157545
2020-04-03,125,177.009385509482
2020-04-03,655,299.822306137725
2020-04-03,450,204.885601764619
2020-04-03,683,231.466305335868
2020-04-03,187,315.344893128745
2020-04-03,148,284.796293413125
2020-04-03,53,149.646080739829
2020-04-03,93,144.226947531891
2020-04-03,320,301.142251560001
2020-04-03,326,277.264895708368
2020-04-03,273,165.201431017747
2020-04-03,287,312.471801780198
2020-04-03,364,211.546904598715
2020-04-03,271,176.386202345045
2020-04-03,304,269.327798711226
2020-04-03,137,199.871614582454
2020-04-03,443,335.114556282143
2020-04-03,167,191.94977087655
2020-04-03,204,257.792918114867
2020-04-03,136,160.859665198941
2020-04-03,258,120.490485849876
2020-04-03,226,270.431915648364
2020-04-03,200,231.115976862155
2020-04-03,114,238.946384842221
2020-04-03,532,160.411167622719
2020-04-03,420,258.675112810102
2020-04-03,210,223.219193821685
2020-04-03,119,136.388122237494
2020-04-03,244,166.474491179134
2020-04-03,167,204.880702510412
2020-04-03,80,66.2437647989642
2020-04-03,252,209.443048755772
2020-04-03,204,201.580523469831
2020-04-03,126,132.012223771505
2020-04-03,201,165.764819046297
2020-04-03,242,148.115039485247
2020-04-03,155,148.22095991292
2020-04-03,154,86.5733604491277
2020-04-03,75,120.642605746018
2020-04-03,64,96.9106851946395
2020-04-03,159,103.403494565818
2020-04-03,390,171.879418518631
2020-04-03,227,213.869150871294
2020-04-03,144,132.60714665269
2020-04-03,93,182.495644266583
2020-04-03,272,140.454688816234
2020-04-03,65,71.8709813522501
2020-04-03,132,189.892685847313
2020-04-03,94,143.141538045685
2020-04-03,92,87.1017706068693
2020-04-03,211,160.829307330567
2020-04-03,232,125.866612940918
2020-04-03,292,320.96984687737
2020-04-03,201,189.318543833553
2020-04-03,261,206.959070260911
2020-04-03,234,121.22048316463
2020-04-03,260,239.585592579408
2020-04-03,501,284.585441144785
2020-04-03,306,292.998524044926
2020-04-03,393,200.426371476627
2020-04-03,200,139.925247119859
2020-04-03,497,179.979470967946
2020-04-03,206,221.642523839684
2020-04-03,156,273.057155221666
2020-04-03,277,85.1154459395938
2020-04-03,127,184.208624223982
2020-04-03,274,143.903277898035
2020-04-03,239,222.013510224704
2020-04-03,280,119.547569693091
2020-04-03,273,168.56061922747
2020-04-03,331,344.696122968762
2020-04-03,369,214.667674751717
2020-04-03,615,215.51808092918
2020-04-03,262,114.897847876935
2020-04-03,216,184.991018354495
2020-04-03,194,199.586597463216
2020-04-03,370,340.535162601143
2020-04-03,351,222.285008535367
2020-04-03,168,141.887672737044
2020-04-03,205,200.007015230929
2020-04-03,126,163.850157482745
2020-04-03,491,186.559521056771
2020-04-03,231,180.021192463024
2020-04-03,558,458.980487886488
2020-04-03,615,284.007636739769
2020-04-03,374,235.543841534948
2020-04-03,329,344.94495652209
2020-04-03,358,322.912877106509
2020-04-03,382,170.628303075087
2020-04-03,265,213.962065094104
2020-04-03,154,186.745980992698
2020-04-03,337,360.429931588338
2020-04-03,735,303.8147910215
2020-04-03,363,272.940675695658
2020-04-03,367,284.128283352192
2020-04-03,448,289.679890002925
2020-04-03,247,210.131731843061
2020-04-03,218,181.130918428617
2020-04-03,449,304.120931690074
2020-04-03,278,322.561438375389
2020-04-03,312,161.28863440371
2020-04-03,172,114.733421050445
2020-04-03,146,136.461272595061
2020-04-03,143,132.521812439149
2020-04-03,304,413.48527825974
2020-04-03,355,211.486560403458
2020-04-03,378,417.834647066129
2020-04-03,493,258.713416577535
2020-04-03,1026,298.714165864869
2020-04-03,383,161.241206120959
2020-04-03,360,258.584633864937
2020-04-03,298,272.578086975883
2020-04-03,214,309.660544782982
2020-04-03,236,368.215936069137
2020-04-03,106,466.335906403338
2020-04-03,612,497.626042759402
2020-04-03,372,462.676737269654
2020-04-03,311,226.075683579334
2020-04-03,315,175.936453842267
2020-04-03,251,333.959119281803
2020-04-03,348,223.927410769131
2020-04-03,289,218.347203290443
2020-04-03,309,229.869525444088
2020-04-03,271,351.824049578313
2020-04-03,283,225.209838687744
2020-04-03,278,286.437295707769
2020-04-03,237,326.405423718838
2020-04-03,288,272.901135216344
2020-04-03,243,175.646803804503
2020-04-03,467,224.214361142968
2020-04-03,306,233.178145048614
2020-04-03,169,399.34148473106
2020-04-03,782,311.382906661126
2020-04-03,237,328.125757666669
2020-04-03,224,119.830161946504
2020-04-03,248,376.956649691074
2020-04-03,545,597.092880367785
2020-04-03,565,554.78471944742
2020-04-03,260,237.720748557376
2020-04-03,222,238.508712230746
2020-04-03,393,237.310189348456
2020-04-03,296,268.331850561131
2020-04-03,244,248.980991069143
2020-04-03,441,308.188916668245
2020-04-03,170,214.395178429319
2020-04-03,170,221.759605546355
2020-04-03,249,144.473105002801
2020-04-03,224,285.387975259446
2020-04-03,160,210.477340894797
2020-04-03,208,219.477011081449
2020-04-03,344,167.513670052916
2020-04-03,254,292.341419117654
2020-04-03,463,273.894812305178
2020-04-03,154,260.087213323102
2020-04-03,536,207.748206952814
2020-04-03,303,322.115989008588
2020-04-03,169,186.543149667902
2020-04-03,345,176.741919366215
2020-04-03,192,153.550137864262
2020-04-03,116,215.837741545694
2020-04-03,402,430.726534474309
2020-04-03,253,168.679803847971
2020-04-03,406,335.85954123592
2020-04-03,283,278.941498150991
2020-04-03,473,218.280177807998
2020-04-03,162,302.113394504786
2020-04-03,373,380.341295186819
2020-04-03,374,208.851148449355
2020-04-03,459,286.662304395202
2020-04-03,272,238.727501710498
2020-04-03,242,295.013707820759
2020-04-03,187,237.754264590638
2020-04-03,401,132.93209699321
2020-04-03,411,191.049204461178
2020-04-03,309,409.920254308104
2020-04-03,420,237.110842403306
2020-04-03,560,412.443229732849
2020-04-03,463,296.428914252671
2020-04-03,423,249.990440929043
2020-04-03,322,390.848299508512
2020-04-03,184,184.368253657008
2020-04-03,308,278.655894036631
2020-04-03,182,239.682924062229
2020-04-03,314,207.238884258363
2020-04-03,207,214.226332002824
2020-04-03,313,200.557740185037
2020-04-03,225,209.11047288676
2020-04-03,517,321.039979066658
2020-04-03,555,309.699078482477
2020-04-03,383,246.943560152883
2020-04-03,335,297.740018366662
2020-04-03,219,258.260527730359
2020-04-03,235,294.138456219527
2020-04-03,224,320.427493104124
2020-04-03,265,186.356874540589
2020-04-03,522,293.08348317101
2020-04-03,93,187.072875791865
2020-04-03,349,212.614625577163
2020-04-03,238,343.814778267091
2020-04-03,321,320.852019973117
2020-04-03,502,435.532864338161
2020-04-03,326,184.318106951461
2020-04-03,364,428.350007287788
2020-04-03,267,287.955659034153
2020-04-03,439,369.989121053399
2020-04-03,243,357.161170614854
2020-04-03,479,226.796161043104
2020-04-03,236,281.956822903182
2020-04-03,321,268.97740110393
2020-04-03,456,257.376042621864
2020-04-03,225,281.799629596297
2020-04-03,259,289.660252343306
2020-04-03,201,164.372378935132
2020-04-03,228,253.946682192137
2020-04-03,234,225.032164821043
2020-04-03,505,470.849898905666
2020-04-03,458,430.317020007391
2020-04-03,422,237.440083563892
2020-04-03,486,394.009963847322
2020-04-03,252,170.62583647442
2020-04-03,261,405.823819135823
2020-04-03,537,188.010178559917
2020-04-03,199,227.009330658026
2020-04-03,151,290.495368440352
2020-04-03,456,347.186633943922
2020-04-03,237,228.001769669958
2020-04-03,372,305.651550133464
2020-04-03,351,183.180759922969
2020-04-03,253,184.553085950329
2020-04-03,511,217.967186690082
2020-04-03,139,192.755136329658
2020-04-03,320,291.93978378358
2020-04-03,198,269.712212455744
2020-04-03,214,182.141597234161
2020-04-03,187,180.03617100061
2020-04-03,138,110.265893506995
2020-04-03,171,179.010042400087
2020-04-03,254,165.113713460259
2020-04-03,386,233.062203243457
2020-04-03,285,226.295027553975
2020-04-03,224,132.579769444305
2020-04-03,283,181.680927542067
2020-04-03,210,257.393904849335
2020-04-03,299,168.557184465519
2020-04-03,218,98.9149179640343
2020-04-03,382,363.463727869499
2020-04-03,289,273.693341631371
2020-04-03,254,265.354247151309
2020-04-03,717,268.902060846817
2020-04-03,193,216.692753642205
2020-04-03,179,249.456617859343
2020-04-03,193,148.868661109723
2020-04-03,247,289.535612966899
2020-04-03,513,229.511094480183
2020-04-03,275,219.74157973328
2020-04-03,259,240.645304805896
2020-04-03,294,198.544918175523
2020-04-03,141,330.700955151518
2020-04-03,289,266.760190123748
2020-04-03,632,312.73753246495
2020-04-03,416,290.892098010554
2020-04-03,269,408.734959758163
2020-04-03,355,198.273690389983
2020-04-03,388,278.167716243507
2020-04-03,335,191.667741802822
2020-04-03,288,279.292497097522
2020-04-03,275,190.824012380477
2020-04-03,337,232.289435598495
2020-04-03,275,191.119311915264
2020-04-03,252,213.152791052034
2020-04-03,389,214.020509823632
2020-04-03,128,355.911515780376
2020-04-03,472,271.512327399597
2020-04-03,197,274.932866337857
2020-04-03,130,268.750238103324
2020-04-03,249,356.707458162332
2020-04-03,290,221.896418064757
2020-04-03,553,268.840418790624
2020-04-03,484,420.534485513179
2020-04-03,320,613.907186498397
2020-04-03,192,327.063005767457
2020-04-03,247,157.327398134564
2020-04-03,218,168.382342525809
2020-04-03,289,211.010112172111
2020-04-03,330,232.581043067187
2020-04-03,188,130.044585356133
2020-04-03,201,194.870746608552
2020-04-03,106,108.768005149132
2020-04-03,231,146.232305007982
2020-04-03,67,125.770928153408
2020-04-03,274,148.182595669143
2020-04-03,110,184.088432284084
2020-04-03,274,138.37848104197
2020-04-03,112,211.141945485692
2020-04-03,345,193.779661787736
2020-04-03,109,110.428946444144
2020-04-03,87,169.192666621723
2020-04-03,201,152.936749187535
2020-04-03,636,99.2000344585595
2020-04-03,254,201.52961716202
2020-04-03,64,156.502029857637
2020-04-03,57,132.510992365749
2020-04-03,140,86.4576049846535
2020-04-03,150,100.876024879964
2020-04-03,275,68.6239734092614
2020-04-03,72,80.8299414592653
2020-04-03,220,101.631035438615
2020-04-03,228,121.871014572492
2020-04-03,212,109.102140135369
2020-04-03,127,205.917532876187
2020-04-03,106,101.905729775148
2020-04-03,93,136.533427884284
2020-04-03,164,126.093263469972
2020-04-03,123,282.301171541384
2020-04-03,594,200.823252931374
2020-04-03,79,203.533927398363
2020-04-03,273,248.350092526591
2020-04-03,194,163.616913933347
2020-04-03,280,190.248304455664
2020-04-03,198,194.009936453125
2020-04-03,411,203.071376374921
2020-04-03,133,201.027521765261
2020-04-03,554,220.078927289796
2020-04-03,60,235.293126532987
2020-04-03,150,205.357822540413
2020-04-03,209,59.7458498700895
2020-04-03,91,138.36380545777
2020-04-03,302,182.743398708506
2020-04-03,277,148.671191070989
2020-04-03,170,140.526621794693
2020-04-03,103,151.540932089879
2020-04-03,242,173.802709492432
2020-04-03,113,138.978867300026
2020-04-03,296,68.4682800710911
2020-04-03,171,98.370897445706
2020-04-03,112,120.817978103816
2020-04-03,50,113.968967433021
2020-04-03,148,191.709672615514
2020-04-03,227,128.538935242298
2020-04-03,18,265.944280615215
2020-04-03,56,147.96174951008
2020-04-03,680,162.745779382483
2020-04-03,250,250.782815073436
2020-04-03,195,521.58704642928
2020-04-03,713,319.535073901716
2020-04-03,802,467.008521983628
2020-04-03,769,402.077592144997
2020-04-03,641,424.682778533881
2020-04-03,647,337.182109851699
2020-04-03,546,644.331940812807
2020-04-03,501,275.605980013894
2020-04-03,535,242.887748591221
2020-04-03,214,173.36648790318
2020-04-03,123,184.789458508774
2020-04-03,223,188.684255324709
2020-04-03,403,164.074600683402
2020-04-03,147,196.885001260991
2020-04-03,360,244.665532457942
2020-04-03,125,280.120621031084
2020-04-03,218,185.221725787666
2020-04-03,274,173.958325098025
2020-04-03,232,399.77338183661
2020-04-03,580,195.117960974192
2020-04-03,270,317.561469218511
2020-04-03,546,319.121437233146
2020-04-03,161,254.743304443362
2020-04-03,258,338.12460515655
2020-04-03,200,202.494061389409
2020-04-03,109,95.9719001946681
2020-04-03,153,193.50606816284
2020-04-03,321,217.762354110053
2020-04-03,189,167.324293480231
2020-04-03,53,73.312882850816
2020-04-03,128,85.9733446594551
2020-04-03,208,204.109796209163
2020-04-03,350,178.514037641246
2020-04-03,228,166.031795585004
2020-04-03,244,206.081536802431
2020-04-03,213,217.843918949532
2020-04-03,389,338.307492378353
2020-04-03,309,162.036135745771
2020-04-03,385,184.84239293331
2020-04-03,312,280.421077893533
2020-04-03,163,178.468910623985
2020-04-03,348,353.548750743148
2020-04-03,475,285.974725100778
2020-04-03,522,290.908058122402
2020-04-03,437,307.636466648791
2020-04-03,321,188.650429077501
2020-04-03,292,211.997207096969
2020-04-03,334,254.841747181057
2020-04-03,221,321.835760563243
2020-04-03,249,395.112103301754
2020-04-03,558,271.62553639306
2020-04-03,547,377.549235646787
2020-04-03,397,291.535387367191
2020-04-03,428,343.307680744276
2020-04-03,181,217.239427511753
2020-04-03,255,218.774085343682
2020-04-03,141,159.882434884181
2020-04-03,355,250.021003032079
2020-04-03,292,202.019431145216
2020-04-03,246,211.010214828379
2020-04-03,169,219.254740102844
2020-04-03,324,165.423570538016
2020-04-03,487,211.074134298379
2020-04-03,209,157.161071933379
2020-04-03,548,394.176256948211
2020-04-03,113,245.657559902306
2020-04-03,487,274.339041409967
2020-04-03,179,299.858135177578
2020-04-03,265,245.498447687244
2020-04-03,271,240.848944316409
2020-04-03,309,269.253495028952
2020-04-03,193,330.468484742547
2020-04-03,326,284.82624307799
2020-04-03,188,196.834925550121
2020-04-03,228,303.497475021263
2020-04-03,473,233.859148421981
2020-04-03,332,241.085150715233
2020-04-03,521,242.240324856256
2020-04-03,252,257.523712697662
2020-04-03,195,260.659003493674
2020-04-03,242,200.656288526505
2020-04-03,219,213.084641370614
2020-04-03,228,236.431346465291
2020-04-03,152,139.763841626579
2020-04-03,596,209.571640801335
2020-04-03,344,269.782708372643
2020-04-03,194,251.712138645379
2020-04-03,315,298.295264169777
2020-04-03,321,221.405112848996
2020-04-03,488,258.534821129497
2020-04-03,209,294.837864623219
2020-04-03,360,296.949439772795
2020-04-03,209,241.517364325266
2020-04-03,613,270.347416910648
2020-04-03,209,344.156883081632
2020-04-03,369,232.442543833578
2020-04-03,187,224.218408063684
2020-04-03,355,360.372255595811
2020-04-03,173,391.636369687099
2020-04-03,180,263.905998041542
2020-04-03,186,237.878449463549
2020-04-03,336,203.911944141918
2020-04-03,385,442.45903272319
2020-04-03,347,221.434116995155
2020-04-03,230,196.625850295475
2020-04-03,337,207.852943694283
2020-04-03,205,160.180711741323
2020-04-03,196,145.321106004751
2020-04-03,394,230.927415180866
2020-04-03,299,158.402208965343
2020-04-03,158,314.750385145955
2020-04-03,310,230.894785634973
2020-04-03,227,267.801419172614
2020-04-03,105,208.118910375865
2020-04-03,122,113.964706051774
2020-04-03,85,207.576010116176
2020-04-03,88,127.311801482829
2020-04-03,152,118.119437859974
2020-04-03,168,187.260313205348
2020-04-03,378,251.603646949474
2020-04-03,299,338.469293832292
2020-04-03,319,207.452106754246
2020-04-03,301,127.094786289063
2020-04-03,239,294.25734353271
2020-04-03,379,240.486620327008
2020-04-03,167,207.678118104131
2020-04-03,290,194.71298098327
2020-04-03,230,287.939348546885
2020-04-03,719,335.117834947259
2020-04-03,212,245.289641901623
2020-04-03,323,170.858316380022
2020-04-03,454,319.718239694888
2020-04-03,255,340.340741500974
2020-04-03,434,195.237457702647
2020-04-03,314,319.349771750663
2020-04-03,302,172.271022052145
2020-04-03,369,173.458453177887
2020-04-03,163,212.569347335599
2020-04-03,248,219.889221501912
2020-04-03,288,382.298867151391
2020-04-03,184,146.859918151943
2020-04-03,348,263.438748769066
2020-04-03,166,189.362138960763
2020-04-03,470,170.402535016183
2020-04-03,217,232.796868447271
2020-04-03,240,193.237326529657
2020-04-03,430,199.280805403525
2020-04-03,170,220.284903741242
2020-04-03,179,223.07538403723
2020-04-03,179,258.562700392481
2020-04-03,578,208.170336123999
2020-04-03,374,369.836094676586
2020-04-03,310,380.014331383942
2020-04-03,354,313.681461520564
2020-04-03,408,230.544920794378
2020-04-03,288,268.655882264458
2020-04-03,400,327.634001799
2020-04-03,96,171.246517816075
2020-04-03,251,206.380124742893
2020-04-03,176,287.313129943873
2020-04-03,97,200.07501068313
2020-04-03,163,278.298793044943
2020-04-03,146,223.515446812222
2020-04-03,386,182.356972961468
2020-04-03,337,210.859255522764
2020-04-03,151,199.041444758167
2020-04-03,338,182.371019451762
2020-04-03,161,188.799910420243
2020-04-03,389,286.956850555718
2020-04-03,84,226.939709374817
2020-04-03,330,178.739851912542
2020-04-03,111,142.803636022911
2020-04-03,245,182.355272541552
2020-04-03,161,183.515693499564
2020-04-03,207,207.961593658517
2020-04-03,89,226.854260391168
2020-04-03,150,155.063934606546
2020-04-03,230,152.124803671755
2020-04-03,228,531.836369099495
2020-04-03,274,275.008665055293
2020-04-03,384,284.752333315709
2020-04-03,167,163.262842700566
2020-04-03,542,304.012653652329
2020-04-03,316,278.605556115486
2020-04-03,436,284.184242275699
2020-04-03,219,239.175450903736
2020-04-03,304,393.998381644824
2020-04-03,454,215.889309904008
2020-04-03,139,154.060889829412
2020-04-03,177,155.937952677096
2020-04-03,455,272.093035621501
2020-04-03,180,174.674282574386
2020-04-03,430,233.108686820964
2020-04-03,268,218.76913122611
2020-04-03,252,249.895602392588
2020-04-03,404,261.58208073689
2020-04-03,98,259.94574392787
2020-04-03,162,127.40268061169
2020-04-03,212,214.022656182406
2020-04-03,128,196.944021385652
2020-04-03,541,339.943878885323
2020-04-03,420,319.30067019946
2020-04-03,46,296.634144350407
2020-04-03,482,306.261942161589
2020-04-03,510,323.104501073121
2020-04-03,105,238.198742950712
2020-04-03,250,206.442073849811
2020-04-03,374,304.247151129132
2020-04-03,300,337.400619598836
2020-04-03,395,307.41943507928
2020-04-03,215,202.458139520294
2020-04-03,176,140.30134543039
2020-04-03,117,114.572192829157
2020-04-03,275,130.222332002755
2020-04-03,231,265.678971151783
2020-04-03,212,274.486547699973
2020-04-03,243,237.626885168264
2020-04-03,298,173.410652849113
2020-04-03,154,151.902722768323
2020-04-03,127,260.926701490694
2020-04-03,647,564.802027529749
2020-04-03,259,213.126694091052
2020-04-03,307,340.647357496763
2020-04-03,368,331.351178287465
2020-04-03,564,494.105715827602
2020-04-03,562,365.799195582385
2020-04-03,460,408.940074927242
2020-04-03,493,789.182224859182
2020-04-03,310,235.439073572385
2020-04-03,473,424.75679798165
2020-04-03,110,666.969000388074
2020-04-03,325,368.308470588348
2020-04-03,290,303.516324435932
2020-04-03,973,294.041312197085
2020-04-03,465,446.540089459447
2020-04-03,128,346.090566130228
2020-04-03,643,801.06540524687
2020-04-03,208,248.857266237429
2020-04-03,300,323.780660668768
2020-04-03,387,452.361770846501
2020-04-03,392,266.50639910405
2020-04-03,299,282.123494272577
2020-04-03,389,271.992499617748
2020-04-03,175,156.342882809163
2020-04-03,592,321.678227735852
2020-04-03,571,430.799285281902
2020-04-03,408,427.499806085252
2020-04-03,397,324.063517494854
2020-04-03,221,147.15882100035
2020-04-03,418,332.001666467624
2020-04-03,388,247.032942287971
2020-04-03,341,213.501659883382
2020-04-03,276,368.498213253381
2020-04-03,151,232.741327891502
2020-04-03,201,240.902575393619
2020-04-03,565,334.346001895058
2020-04-03,498,314.196470649466
2020-04-03,420,469.978192173783
2020-04-03,223,560.528626747574
2020-04-03,522,347.999816636678
2020-04-03,245,263.331078260419
2020-04-03,245,203.60448408819
2020-04-03,382,286.259187893477
2020-04-03,285,685.617720437081
2020-04-03,0,219.793115566231
2020-04-03,0,321.900653868433
2020-04-03,0,85.1954926600973
2020-04-03,388,405.008674862919
2020-04-03,188,416.003076148236
2020-04-03,264,378.527259739331
2020-04-03,220,249.738158909158
2020-04-03,202,316.124058597188
2020-04-03,168,289.797305421972
2020-04-03,656,237.063432015683
2020-04-03,255,367.356220797626
2020-04-03,175,398.839156467296
2020-04-03,714,483.266174287153
2020-04-03,860,235.673168903651
2020-04-03,632,543.164706096456
2020-04-03,264,505.957827575511
2020-04-03,381,637.257371840663
2020-04-03,413,352.590658672971
2020-04-03,646,228.21758018659
2020-04-03,369,354.261250024335
2020-04-03,386,326.478194064541
2020-04-03,451,388.053425719012
2020-04-03,630,563.857006222904
2020-04-03,475,325.36575864068
2020-04-03,998,625.194414632657
2020-04-03,297,492.521495887808
2020-04-03,851,514.663650943624
2020-04-03,521,208.126599881386
2020-04-03,390,423.92176502643
2020-04-03,493,520.933844256826
2020-04-03,652,447.567619922081
2020-04-03,535,261.038777316973
2020-04-03,277,553.596086320859
2020-04-03,233,333.199945902006
2020-04-03,642,493.245113112874
2020-04-03,715,336.785301638152
2020-04-03,531,256.37784879521
2020-04-03,495,786.239741285667
2020-04-03,529,413.79753023987
2020-04-03,187,891.151089191
2020-04-03,264,503.318702460845
2020-04-03,888,643.934473138863
2020-04-03,477,400.171815972082
2020-04-03,668,493.333988206162
2020-04-03,724,293.584879269487
2020-04-03,90,264.643745094728
2020-04-03,324,397.346503734434
2020-04-03,378,473.742020513197
2020-04-03,416,400.339505677986
2020-04-03,796,420.229522576771
2020-04-03,256,256.068319563564
2020-04-03,258,199.820284186906
2020-04-03,263,176.878534368598
2020-04-03,260,475.918586866163
2020-04-03,507,605.352615032667
2020-04-03,617,639.937022488637
2020-04-03,794,417.369106196441
2020-04-03,652,570.939093245113
2020-04-03,657,531.845925877139
2020-04-03,1517,1028.06021822636
2020-04-03,1233,591.503758692087
2020-04-03,381,347.939486058349
2020-04-03,508,324.652827828277
2020-04-03,362,379.825333298459
2020-04-03,363,217.114242404376
2020-04-03,405,386.354278902011
2020-04-03,582,285.471504510081
2020-04-03,360,363.35594965224
2020-04-03,407,320.363166679152
2020-04-03,477,363.569512314842
2020-04-03,386,216.92636095381
2020-04-03,410,261.818459601163
2020-04-03,337,319.938602373361
2020-04-03,506,480.801791916942
2020-04-03,315,390.789847106849
2020-04-03,266,232.034385881316
2020-04-03,467,574.530394461139
2020-04-03,1012,908.246912542567
2020-04-03,1123,545.631759862689
2020-04-03,775,513.159639784741
2020-04-03,679,503.63381495209
2020-04-03,495,531.709806699811
2020-04-03,2296,905.101913125292
2020-04-03,1146,476.902077591746
2020-04-03,123,675.333610413974
2020-04-03,514,175.703068275348
2020-04-03,325,186.548933485466
2020-04-03,199,348.122274546866
2020-04-03,175,333.095619988991
2020-04-03,330,287.739673706589
2020-04-03,387,207.501328466228
2020-04-03,700,444.977135128415
2020-04-03,400,516.427567873904
2020-04-03,420,360.489013445381
2020-04-03,609,375.035970904223
2020-04-03,446,322.216264760786
2020-04-03,421,247.494322124288
2020-04-03,484,514.032994845884
2020-04-03,650,379.225926617611
2020-04-03,285,283.02699202495
2020-04-03,574,315.485412778694
2020-04-03,578,386.686667573013
2020-04-03,777,304.944831608044
2020-04-03,544,452.874657429981
2020-04-03,746,313.319915445476
2020-04-03,432,345.449977555404
2020-04-03,775,375.077093450481
2020-04-03,440,197.273411043525
2020-04-03,568,451.733498182062
2020-04-03,568,296.268473936944
2020-04-03,703,500.512734932894
2020-04-03,642,377.506998132218
2020-04-03,300,303.518913188301
2020-04-03,492,356.370220762954
2020-04-03,314,265.937291619327
2020-04-03,463,383.349158595549
2020-04-03,878,510.170521803024
2020-04-03,223,335.274264310465
2020-04-03,469,464.683979555777
2020-04-03,320,309.633881426859
2020-04-03,757,383.97166093505
2020-04-03,472,642.84120621541
2020-04-03,433,330.810194177289
2020-04-03,235,175.045351433685
2020-04-03,510,290.472358360683
2020-04-03,776,246.408102326748
2020-04-03,450,420.273746653009
2020-04-03,624,263.589015700448
2020-04-03,379,405.623728311806
2020-04-03,426,450.54382153593
2020-04-03,409,219.694701464241
2020-04-03,392,383.004367240387
2020-04-03,710,640.630677872208
2020-04-03,413,596.503221318904
2020-04-03,805,432.773069591325
2020-04-03,329,514.253629990296
2020-04-03,249,282.344638838161
2020-04-03,457,326.791352028748
2020-04-03,340,206.74984219655
2020-04-03,447,250.146930566797
2020-04-03,214,426.696260977327
2020-04-03,387,612.19725508623
2020-04-03,531,403.254455064829
2020-04-03,459,456.742162434084
2020-04-03,338,340.204053181517
2020-04-03,555,460.994587522591
2020-04-03,893,588.820716330507
2020-04-03,905,710.222392752832
2020-04-03,837,575.583265918303
2020-04-03,841,387.228393357579
2020-04-03,529,337.20998634981
2020-04-03,577,361.948738449654
2020-04-03,531,467.456610058693
2020-04-03,712,302.092061319301
2020-04-03,313,603.213627304598
2020-04-03,609,1040.61561136927
2020-04-03,229,484.856942652269
2020-04-03,1308,332.880795477327
2020-04-03,594,291.277192191967
2020-04-03,321,484.038635149658
2020-04-03,544,398.10862312644
2020-04-03,843,876.261985240762
2020-04-03,706,419.998200620332
2020-04-03,422,446.35840356634
2020-04-03,320,273.833464591318
2020-04-03,732,416.682496970578
2020-04-03,672,273.788453662695
2020-04-03,283,496.614869638034
2020-04-03,772,431.334658671736
2020-04-03,8,405.883190564482
2020-04-03,344,174.774688351128
2020-04-03,348,337.252326262056
2020-04-03,652,437.860979377261
2020-04-03,212,463.546730509504
2020-04-03,676,459.487573860642
2020-04-03,263,319.828282813464
2020-04-03,425,349.323781087518
2020-04-03,317,394.843823728633
2020-04-03,652,337.904193920774
2020-04-03,273,256.915364677989
2020-04-03,274,301.817841302135
2020-04-03,513,329.802805273288
2020-04-03,595,369.732437640017
2020-04-03,650,332.262046193639
2020-04-03,580,470.228731029195
2020-04-03,551,281.20073433259
2020-04-03,416,346.247478875668
2020-04-03,653,413.994360378993
2020-04-03,487,360.624525352185
2020-04-03,383,386.380964945819
2020-04-03,838,317.328423763433
2020-04-03,394,436.510873932615
2020-04-03,440,340.669529270038
2020-04-03,557,370.520202198563
2020-04-03,632,563.311486684099
2020-04-03,572,278.574425435157
2020-04-03,505,164.743487907009
2020-04-03,397,146.616419994425
2020-04-03,326,169.845722859686
2020-04-03,462,335.356785799324
2020-04-03,521,353.968882818885
2020-04-03,316,205.503575046984
2020-04-03,396,487.646330171644
2020-04-03,925,443.292852616728
2020-04-03,312,620.392739352821
2020-04-03,421,383.970909593326
2020-04-03,608,235.239428087755
2020-04-03,124,572.261159087946
2020-04-03,749,463.07960017861
2020-04-03,1038,773.971135777795
2020-04-03,827,327.981499174642
2020-04-03,502,383.220257279374
2020-04-03,749,302.787155636957
2020-04-03,1585,432.241477879224
2020-04-03,336,353.781460230978
2020-04-03,412,414.837036016091
2020-04-03,242,398.542889544461
2020-04-03,320,366.763389373473
2020-04-03,624,559.988755235021
2020-04-03,1307,750.726430442733
2020-04-03,551,557.289285625743
2020-04-03,695,447.661098951003
2020-04-03,361,458.317043652234
2020-04-03,882,388.452942669108
2020-04-03,642,282.601857892849
2020-04-03,307,546.144631986073
2020-04-03,461,317.458122256779
2020-04-03,288,319.419631991896
2020-04-03,207,185.260948914358
2020-04-03,847,231.974689479126
2020-04-03,343,364.681497184704
2020-04-03,846,243.609286329455
2020-04-03,479,189.173245454348
2020-04-03,632,284.7418214309
2020-04-03,527,300.206560985116
2020-04-03,205,319.850909945165
2020-04-03,308,268.94645315198
2020-04-03,305,280.461676136179
2020-04-03,473,409.118099269855
2020-04-03,694,242.245431728248
2020-04-03,237,197.495550409764
2020-04-03,145,342.532429561671
2020-04-03,264,106.351673262685
2020-04-03,242,293.709901512415
2020-04-03,96,174.021085017959
2020-04-03,254,173.911127291014
2020-04-03,281,317.963304925619
2020-04-03,709,267.781431574292
2020-04-03,67,259.178248958371
2020-04-03,125,216.554289037823
2020-04-03,562,202.598428199377
2020-04-03,330,259.823096653605
2020-04-03,201,145.268858481344
2020-04-03,336,175.813376663002
2020-04-03,232,225.375201432272
2020-04-03,40,139.788907580208
2020-04-03,180,83.6172399347203
2020-04-03,144,100.189325106525
2020-04-03,101,129.142146393584
2020-04-03,116,125.963724395436
2020-04-03,195,144.80761931472
2020-04-03,99,202.723498269667
2020-04-03,108,111.031473406457
2020-04-03,89,125.013372325655
2020-04-03,471,164.731019296833
2020-04-03,132,138.799762712744
2020-04-03,139,139.060913382521
2020-04-03,163,90.4330363264844
2020-04-03,125,149.241556656581
2020-04-03,477,94.6667948028372
2020-04-03,294,250.469710265048
2020-04-03,75,147.22609216902
2020-04-03,55,183.196418456443
2020-04-03,69,92.5848026277486
2020-04-03,74,142.509648289842
2020-04-03,315,220.044226151562
2020-04-03,381,233.219071658633
2020-04-03,407,260.314492706575
2020-04-03,479,171.047492926339
2020-04-03,222,254.482305109254
2020-04-03,259,205.06553376677
2020-04-03,371,177.030552655981
2020-04-03,226,165.236458018126
2020-04-03,184,251.741243308126
2020-04-03,423,378.297403431473
2020-04-03,114,167.431124203827
2020-04-03,333,314.179479003189
2020-04-03,266,284.710744263549
2020-04-03,758,488.472427585525
2020-04-03,330,553.870074587957
2020-04-03,416,319.026573131204
2020-04-03,566,406.681655566723
2020-04-03,351,288.109427678106
2020-04-03,477,429.750191679762
2020-04-03,427,312.850162733355
2020-04-03,883,447.657780308883
2020-04-03,456,371.674777657477
2020-04-03,769,244.236441508949
2020-04-03,367,78.2421039038012
2020-04-03,154,142.606040363026
2020-04-03,224,164.144613179979
2020-04-03,418,207.217086303597
2020-04-03,309,162.859224985853
2020-04-03,468,363.257325869306
2020-04-03,547,212.16973900911
2020-04-03,344,204.445830493397
2020-04-03,388,289.96386901754
2020-04-03,324,266.976688671889
2020-04-03,157,214.663266570123
2020-04-03,444,145.783026423553
2020-04-03,283,258.94740453447
2020-04-03,397,404.633754665497
2020-04-03,659,396.702631647269
2020-04-04,83,119.055956026408
2020-04-04,45,53.372586944566
2020-04-04,74,102.585499844413
2020-04-04,275,64.4828578873971
2020-04-04,51,110.973491793444
2020-04-04,87,128.3896561248
2020-04-04,83,69.0912435504207
2020-04-04,91,95.8539689995019
2020-04-04,116,66.2185474313121
2020-04-04,85,72.1905906893285
2020-04-04,143,140.270178646556
2020-04-04,89,100.639996624163
2020-04-04,275,153.943173435619
2020-04-04,65,213.760274759564
2020-04-04,213,106.715618743657
2020-04-04,89,119.371590996532
2020-04-04,136,117.920696167635
2020-04-04,111,130.339161423998
2020-04-04,129,163.799695362507
2020-04-04,296,107.199669134076
2020-04-04,132,85.1027042286986
2020-04-04,123,98.0250404997987
2020-04-04,241,177.305945753365
2020-04-04,181,210.291876688117
2020-04-04,136,150.50753695845
2020-04-04,163,150.359133342662
2020-04-04,232,122.155711980127
2020-04-04,162,203.762907675239
2020-04-04,77,162.318704734784
2020-04-04,138,116.929287656733
2020-04-04,197,200.342795778822
2020-04-04,655,121.086708349998
2020-04-04,215,218.534905422081
2020-04-04,200,178.830049976485
2020-04-04,139,218.68544193716
2020-04-04,126,106.471771391643
2020-04-04,107,165.589042338454
2020-04-04,109,190.945362773859
2020-04-04,126,116.707458519707
2020-04-04,208,147.569762316584
2020-04-04,108,186.733104502255
2020-04-04,136,106.976755923802
2020-04-04,189,112.37604101195
2020-04-04,124,85.4424708604035
2020-04-04,160,172.292930447585
2020-04-04,147,107.730534367634
2020-04-04,130,151.854262718168
2020-04-04,255,147.106606123155
2020-04-04,228,131.386596801251
2020-04-04,87,81.1310422250599
2020-04-04,69,121.990945115642
2020-04-04,125,164.978754504337
2020-04-04,109,143.516683311516
2020-04-04,135,162.256265202831
2020-04-04,539,102.696407334515
2020-04-04,123,126.49007066015
2020-04-04,58,93.4661033120305
2020-04-04,78,57.9748917482434
2020-04-04,61,76.9464812860791
2020-04-04,39,74.4717084023773
2020-04-04,59,127.37309180735
2020-04-04,47,76.4754919213783
2020-04-04,109,145.47712965226
2020-04-04,121,165.339299332147
2020-04-04,130,143.483606538424
2020-04-04,163,117.785162513689
2020-04-04,129,108.866813897277
2020-04-04,215,106.929163351107
2020-04-04,145,95.2888714184372
2020-04-04,53,93.5049653361407
2020-04-04,97,112.805490118906
2020-04-04,30,76.5899751134961
2020-04-04,156,56.5381187201061
2020-04-04,146,90.5712959569313
2020-04-04,122,96.9007455762382
2020-04-04,185,82.4411017063174
2020-04-04,131,63.852307740048
2020-04-04,129,104.547459505075
2020-04-04,117,95.634867733385
2020-04-04,0,290.078581529452
2020-04-04,184,121.135542590141
2020-04-04,55,103.944632670379
2020-04-04,27,82.8779252673583
2020-04-04,82,84.6003683269499
2020-04-04,80,63.532497277967
2020-04-04,69,68.2331077420706
2020-04-04,24,247.781474458549
2020-04-04,69,72.4300289440382
2020-04-04,210,85.407792798508
2020-04-04,139,158.176846611886
2020-04-04,287,169.872309602463
2020-04-04,189,257.292436034088
2020-04-04,325,232.580205771931
2020-04-04,78,268.188990462276
2020-04-04,153,187.487504270802
2020-04-04,278,187.479162379049
2020-04-04,206,88.657817693839
2020-04-04,246,160.74868619932
2020-04-04,218,208.638068218965
2020-04-04,299,120.696781365717
2020-04-04,308,196.887355959467
2020-04-04,184,144.677571726495
2020-04-04,353,135.105794009473
2020-04-04,303,172.967095029703
2020-04-04,209,184.740936211083
2020-04-04,211,183.704168535199
2020-04-04,200,159.845928124525
2020-04-04,863,128.418073353758
2020-04-04,247,159.335734066329
2020-04-04,190,181.741947664935
2020-04-04,124,146.399820182731
2020-04-04,329,195.38228630126
2020-04-04,247,169.485198136875
2020-04-04,129,167.927640481765
2020-04-04,109,161.312634753872
2020-04-04,233,155.557714025714
2020-04-04,246,161.18544125479
2020-04-04,184,78.5088827485497
2020-04-04,88,131.143669096967
2020-04-04,90,62.9071803371592
2020-04-04,124,88.6581511211274
2020-04-04,64,77.6960980792808
2020-04-04,58,68.2287063685953
2020-04-04,83,85.3868443481001
2020-04-04,87,93.7056387846799
2020-04-04,66,188.231260316676
2020-04-04,103,150.251417873204
2020-04-04,103,120.306585133818
2020-04-04,196,144.722310576747
2020-04-04,623,136.236558734458
2020-04-04,162,229.173819891285
2020-04-04,134,182.439750531055
2020-04-04,167,159.072137501111
2020-04-04,201,177.075635049953
2020-04-04,231,140.830763079491
2020-04-04,244,183.050045786861
2020-04-04,96,126.121824827731
2020-04-04,127,105.352521316805
2020-04-04,152,95.7352549552666
2020-04-04,153,183.330314427737
2020-04-04,56,106.981875950244
2020-04-04,245,172.431880468157
2020-04-04,238,164.086138000494
2020-04-04,103,139.161146338747
2020-04-04,124,99.8724030596161
2020-04-04,184,188.412628497301
2020-04-04,55,120.496190511398
2020-04-04,228,203.945192571721
2020-04-04,172,89.6161709093417
2020-04-04,135,263.735670607532
2020-04-04,347,176.526379147581
2020-04-04,261,216.148320944399
2020-04-04,134,197.352056041506
2020-04-04,211,237.496858933524
2020-04-04,172,182.813798177306
2020-04-04,158,96.8438416097754
2020-04-04,215,121.054375995958
2020-04-04,145,149.867025556166
2020-04-04,223,151.454043850249
2020-04-04,176,154.721352143642
2020-04-04,345,194.327756086146
2020-04-04,148,197.491031798141
2020-04-04,159,263.232862131897
2020-04-04,101,174.11199535353
2020-04-04,232,139.828546705923
2020-04-04,207,128.38058749875
2020-04-04,94,231.616290388584
2020-04-04,158,200.932560459626
2020-04-04,94,113.427286781281
2020-04-04,206,59.067611953346
2020-04-04,251,193.619849031741
2020-04-04,286,188.672760665462
2020-04-04,172,116.79653525855
2020-04-04,301,245.62563160742
2020-04-04,142,78.2502911691111
2020-04-04,61,72.7934847470954
2020-04-04,256,288.677395585239
2020-04-04,146,112.007865341884
2020-04-04,332,319.378112237001
2020-04-04,266,142.23878564431
2020-04-04,278,101.111060073402
2020-04-04,563,256.107984916105
2020-04-04,433,375.155671938988
2020-04-04,788,121.648490409847
2020-04-04,382,161.43443799772
2020-04-04,839,218.751966230793
2020-04-04,236,248.707573701411
2020-04-04,665,265.980859233172
2020-04-04,226,356.270335273066
2020-04-04,274,245.639873886591
2020-04-04,391,287.297146822367
2020-04-04,712,170.301474605536
2020-04-04,416,280.260923542968
2020-04-04,658,192.520430840536
2020-04-04,98,255.948356539346
2020-04-04,551,167.979281083979
2020-04-04,639,95.0265147739647
2020-04-04,0,388.763930440809
2020-04-04,508,216.308050806754
2020-04-04,159,397.128746304405
2020-04-04,53,175.953789534794
2020-04-04,437,139.494466237284
2020-04-04,139,213.816789681619
2020-04-04,259,139.856282499938
2020-04-04,257,234.920120303704
2020-04-04,377,516.471582261357
2020-04-04,402,513.306260385384
2020-04-04,345,260.949937204317
2020-04-04,473,401.183078579474
2020-04-04,455,321.384915504532
2020-04-04,509,251.654469575696
2020-04-04,489,292.41933948169
2020-04-04,1165,357.280741354306
2020-04-04,307,228.009968051759
2020-04-04,578,583.360492378523
2020-04-04,411,452.264179652781
2020-04-04,468,418.916405952808
2020-04-04,1184,434.502740118738
2020-04-04,358,311.892009419914
2020-04-04,386,288.285003310484
2020-04-04,445,220.009346790507
2020-04-04,920,477.532729085842
2020-04-04,266,447.407269381318
2020-04-04,383,174.143167498169
2020-04-04,361,251.264752724347
2020-04-04,380,474.301946882108
2020-04-04,750,372.266033551405
2020-04-04,685,488.26874194615
2020-04-04,0,984.756954209485
2020-04-04,551,335.834368306259
2020-04-04,105,127.143771002297
2020-04-04,74,146.958442852444
2020-04-04,94,112.076316952396
2020-04-04,514,166.204577717693
2020-04-04,395,258.447107538569
2020-04-04,505,186.126327544536
2020-04-04,259,294.79325273798
2020-04-04,146,214.912695345496
2020-04-04,425,212.702479930551
2020-04-04,204,191.421624089524
2020-04-04,157,212.050032266546
2020-04-04,351,314.449293440889
2020-04-04,482,283.990882754078
2020-04-04,111,219.42816709147
2020-04-04,424,185.152440714868
2020-04-04,355,470.408563938789
2020-04-04,412,374.723457809511
2020-04-04,437,260.685624068936
2020-04-04,443,159.712287982046
2020-04-04,149,376.065835065006
2020-04-04,612,365.710561627683
2020-04-04,277,342.62258623006
2020-04-04,182,88.7107440108329
2020-04-04,448,422.015101598275
2020-04-04,313,240.002305747409
2020-04-04,755,306.73250645462
2020-04-04,322,245.307523988162
2020-04-04,527,302.914501388476
2020-04-04,459,197.960389235085
2020-04-04,541,399.832020364043
2020-04-04,368,432.377628330407
2020-04-04,509,118.894570501547
2020-04-04,240,228.898863583007
2020-04-04,621,442.074722635929
2020-04-04,227,543.742841958859
2020-04-04,397,115.095487916252
2020-04-04,948,265.408332607865
2020-04-04,530,277.105522037338
2020-04-04,422,461.917198397544
2020-04-04,462,385.398540780345
2020-04-04,446,283.009983306058
2020-04-04,242,345.424668869159
2020-04-04,497,117.582370963948
2020-04-04,209,282.634017768378
2020-04-04,374,188.147138545341
2020-04-04,183,220.844415053029
2020-04-04,266,79.0971740232317
2020-04-04,228,200.813805020133
2020-04-04,542,128.3165069619
2020-04-04,325,109.046206962411
2020-04-04,230,313.833049363555
2020-04-04,263,61.7331644424163
2020-04-04,213,218.598456784209
2020-04-04,238,292.882934161407
2020-04-04,280,362.90879146196
2020-04-04,138,385.446836333859
2020-04-04,450,164.416499123349
2020-04-04,492,228.630975864913
2020-04-04,412,159.639929698963
2020-04-04,452,323.281793911137
2020-04-04,318,382.942832530409
2020-04-04,442,481.79828333342
2020-04-04,336,301.862996994324
2020-04-04,460,273.001097732631
2020-04-04,181,542.138962892142
2020-04-04,974,453.34390140368
2020-04-04,457,252.893623384908
2020-04-04,608,314.323363296393
2020-04-04,225,274.847994436418
2020-04-04,491,480.409199660535
2020-04-04,530,436.967635061538
2020-04-04,378,335.003906499774
2020-04-04,380,238.768302838476
2020-04-04,369,368.310351687171
2020-04-04,889,306.651993434695
2020-04-04,654,698.632981233648
2020-04-04,198,415.26210902597
2020-04-04,685,896.534325108573
2020-04-04,439,690.501859529434
2020-04-04,316,373.130943052447
2020-04-04,552,230.254419856264
2020-04-04,428,418.537243959009
2020-04-04,140,409.382833668786
2020-04-04,424,517.514937072777
2020-04-04,1066,328.582037892424
2020-04-04,418,256.227452594007
2020-04-04,188,269.750639470705
2020-04-04,791,221.142947324189
2020-04-04,345,269.593752707165
2020-04-04,291,368.914426288277
2020-04-04,436,315.478249243057
2020-04-04,378,263.374425056489
2020-04-04,304,282.076708426385
2020-04-04,538,221.630927875124
2020-04-04,498,370.34586931319
2020-04-04,430,313.579155601734
2020-04-04,240,282.28837485131
2020-04-04,487,324.690129129069
2020-04-04,237,222.510402564885
2020-04-04,161,162.376068704564
2020-04-04,345,277.141348813682
2020-04-04,203,300.684281944781
2020-04-04,182,227.681758418694
2020-04-04,316,307.440552586215
2020-04-04,359,218.924778985968
2020-04-04,245,348.10841107512
2020-04-04,340,241.995447227311
2020-04-04,522,405.100018927814
2020-04-04,515,296.453394449213
2020-04-04,452,212.61445959791
2020-04-04,473,371.793645351026
2020-04-04,408,265.261061002389
2020-04-04,216,128.085180633839
2020-04-04,70,143.832510483415
2020-04-04,246,180.106468141474
2020-04-04,188,274.768377052561
2020-04-04,465,259.09453049243
2020-04-04,189,253.918653054232
2020-04-04,216,300.890129849121
2020-04-04,189,317.05155620598
2020-04-04,209,285.975711870113
2020-04-04,277,194.003862557073
2020-04-04,329,182.095565619254
2020-04-04,284,331.658653791992
2020-04-04,312,223.085918460079
2020-04-04,240,239.319402042826
2020-04-04,131,235.728537236085
2020-04-04,181,220.909666098215
2020-04-04,187,192.449025125648
2020-04-04,316,264.647551328666
2020-04-04,232,207.80771072296
2020-04-04,278,220.210755294185
2020-04-04,644,176.813332567677
2020-04-04,303,265.574575527466
2020-04-04,193,309.790835968572
2020-04-04,284,269.325062038372
2020-04-04,301,170.259352953634
2020-04-04,288,179.684840509392
2020-04-04,146,220.9976257736
2020-04-04,345,348.635499943189
2020-04-04,350,246.242416813333
2020-04-04,254,201.161155400433
2020-04-04,440,271.446425198591
2020-04-04,176,359.759295752543
2020-04-04,303,159.784723870416
2020-04-04,131,131.762127937882
2020-04-04,172,129.742141655502
2020-04-04,479,208.511610631861
2020-04-04,154,191.633118631016
2020-04-04,234,316.58327749152
2020-04-04,254,236.068236810772
2020-04-04,267,329.7432455844
2020-04-04,214,207.749075790763
2020-04-04,410,288.954956666459
2020-04-04,182,215.818807149027
2020-04-04,334,401.781026776935
2020-04-04,277,434.479919576557
2020-04-04,825,184.385635272008
2020-04-04,212,185.395227245905
2020-04-04,177,280.657959911993
2020-04-04,272,247.820843103258
2020-04-04,430,247.019353264945
2020-04-04,404,245.313978231764
2020-04-04,370,271.902898275912
2020-04-04,391,297.160455625688
2020-04-04,229,310.125485561302
2020-04-04,552,248.681085358608
2020-04-04,470,324.324677321117
2020-04-04,449,317.620727135182
2020-04-04,327,318.454221836642
2020-04-04,253,198.101062183257
2020-04-04,250,203.441676896902
2020-04-04,109,315.491401170541
2020-04-04,237,168.259891713478
2020-04-04,271,159.67570924757
2020-04-04,662,322.845822507132
2020-04-04,400,294.89381218486
2020-04-04,251,404.894030122428
2020-04-04,260,337.185969130409
2020-04-04,320,210.37038432469
2020-04-04,444,345.270909071159
2020-04-04,158,219.010401471548
2020-04-04,374,259.415992377412
2020-04-04,140,139.694139281686
2020-04-04,92,129.821871855473
2020-04-04,195,183.829916569574
2020-04-04,110,146.081971290942
2020-04-04,324,174.871739391882
2020-04-04,146,115.26938888578
2020-04-04,217,200.411304146111
2020-04-04,320,244.262899638418
2020-04-04,128,258.853127066028
2020-04-04,260,151.948779729303
2020-04-04,121,155.331879380117
2020-04-04,184,124.130621283668
2020-04-04,98,172.134231743156
2020-04-04,179,123.3926107626
2020-04-04,330,219.160405186374
2020-04-04,183,143.374842125975
2020-04-04,202,146.754484706976
2020-04-04,383,244.735355169693
2020-04-04,478,214.761167161661
2020-04-04,206,237.587650233109
2020-04-04,79,192.243173255105
2020-04-04,210,185.299487810281
2020-04-04,465,336.678839572674
2020-04-04,382,258.466965488138
2020-04-04,177,166.542634357081
2020-04-04,260,263.877252071015
2020-04-04,164,163.713609988749
2020-04-04,323,187.166575071374
2020-04-04,124,166.606276762591
2020-04-04,592,277.147917292058
2020-04-04,430,189.297081189038
2020-04-04,616,213.099376970835
2020-04-04,197,286.180665425614
2020-04-04,139,262.36793580299
2020-04-04,48,142.677009483259
2020-04-04,89,132.751624647951
2020-04-04,268,279.299617280939
2020-04-04,272,262.397851523677
2020-04-04,256,146.364978374098
2020-04-04,254,288.394092208384
2020-04-04,350,193.63368231078
2020-04-04,273,164.223396339213
2020-04-04,274,249.890713317289
2020-04-04,128,181.210060033046
2020-04-04,358,312.65195927078
2020-04-04,167,181.354197119089
2020-04-04,196,239.273812262729
2020-04-04,136,155.86699969857
2020-04-04,220,112.731229191953
2020-04-04,208,249.368503007925
2020-04-04,181,223.040935012493
2020-04-04,123,241.27849189149
2020-04-04,538,153.311594116788
2020-04-04,385,264.491089278233
2020-04-04,221,214.657281238665
2020-04-04,123,135.087503295002
2020-04-04,244,164.647008712965
2020-04-04,168,201.790533226111
2020-04-04,70,63.2018238065776
2020-04-04,213,210.466531093181
2020-04-04,194,201.467573306297
2020-04-04,119,133.666645696005
2020-04-04,221,162.712245573023
2020-04-04,240,150.13589016354
2020-04-04,182,141.806644087037
2020-04-04,120,91.8360265461576
2020-04-04,70,122.557481584087
2020-04-04,58,97.8642739107906
2020-04-04,133,106.572055680587
2020-04-04,401,166.50244816735
2020-04-04,197,215.694723350923
2020-04-04,152,129.026218894094
2020-04-04,104,181.404058783818
2020-04-04,289,137.825822891327
2020-04-04,70,76.7365811460012
2020-04-04,145,190.095416134339
2020-04-04,109,146.221049073148
2020-04-04,104,88.3911874758072
2020-04-04,195,163.640584450905
2020-04-04,238,128.664085545801
2020-04-04,301,324.160906652686
2020-04-04,192,190.268085669672
2020-04-04,240,208.98213498979
2020-04-04,218,121.901001154773
2020-04-04,279,242.660527955849
2020-04-04,489,288.248537773307
2020-04-04,312,295.419811106214
2020-04-04,396,203.868512880206
2020-04-04,186,146.694353235081
2020-04-04,520,180.279100405622
2020-04-04,217,221.029539778674
2020-04-04,165,271.602814886847
2020-04-04,246,75.8175625511266
2020-04-04,93,168.644239593127
2020-04-04,244,132.725112443095
2020-04-04,227,201.942476417036
2020-04-04,259,107.644500284116
2020-04-04,250,151.838503227282
2020-04-04,303,316.455802629131
2020-04-04,353,197.103753632109
2020-04-04,568,194.939940140506
2020-04-04,232,104.470642626806
2020-04-04,207,164.925718789807
2020-04-04,188,180.940637609334
2020-04-04,325,313.601308747196
2020-04-04,309,201.72716209611
2020-04-04,125,132.049644652997
2020-04-04,177,180.947573601326
2020-04-04,128,166.076604289725
2020-04-04,503,185.276597535531
2020-04-04,231,183.637597285395
2020-04-04,497,433.84427234032
2020-04-04,604,279.386757685164
2020-04-04,409,223.043967772372
2020-04-04,285,323.104204768363
2020-04-04,345,291.797632278635
2020-04-04,331,157.449118170723
2020-04-04,237,218.336896011592
2020-04-04,150,184.462026205507
2020-04-04,355,340.516798895357
2020-04-04,732,288.113311412456
2020-04-04,324,262.992176548641
2020-04-04,388,271.346193333289
2020-04-04,403,278.281528806528
2020-04-04,218,203.351720003632
2020-04-04,220,172.126115437642
2020-04-04,415,292.452138933582
2020-04-04,242,305.626012775494
2020-04-04,297,152.968477047406
2020-04-04,134,114.457265682066
2020-04-04,116,126.297737459329
2020-04-04,105,128.56621620995
2020-04-04,255,395.503094283258
2020-04-04,319,202.309400236673
2020-04-04,328,403.034761091798
2020-04-04,477,243.227101785128
2020-04-04,1036,274.158108735656
2020-04-04,343,152.43585008515
2020-04-04,364,239.141660389914
2020-04-04,288,250.9647297809
2020-04-04,198,289.744520152233
2020-04-04,225,351.396910315871
2020-04-04,93,449.027333842126
2020-04-04,593,467.374469637084
2020-04-04,349,434.095183050113
2020-04-04,266,202.05362501731
2020-04-04,270,166.862268943293
2020-04-04,207,315.105287217695
2020-04-04,312,197.936220755921
2020-04-04,270,203.233176467965
2020-04-04,315,217.555213899635
2020-04-04,257,332.926507693788
2020-04-04,240,204.305338452413
2020-04-04,217,271.771271842261
2020-04-04,243,312.375265014419
2020-04-04,244,241.035466926687
2020-04-04,161,160.049340903674
2020-04-04,427,213.306171136068
2020-04-04,259,213.429819434133
2020-04-04,164,373.20672265235
2020-04-04,805,300.013039578645
2020-04-04,227,316.871447395572
2020-04-04,208,113.916729054157
2020-04-04,229,360.899657983483
2020-04-04,481,563.22508354483
2020-04-04,544,530.930467390007
2020-04-04,234,226.434616584819
2020-04-04,190,234.454498894612
2020-04-04,377,231.894250141633
2020-04-04,260,258.86685388683
2020-04-04,221,247.688813142479
2020-04-04,432,295.089618498861
2020-04-04,157,202.108393644224
2020-04-04,167,213.301476423987
2020-04-04,210,143.139815149306
2020-04-04,237,275.278471693044
2020-04-04,183,196.563944725983
2020-04-04,163,208.619241092239
2020-04-04,319,158.447918593498
2020-04-04,221,272.496186830088
2020-04-04,413,251.176718785673
2020-04-04,145,234.230984321534
2020-04-04,512,189.352960470396
2020-04-04,263,298.357510278789
2020-04-04,147,172.258574422635
2020-04-04,340,160.884256845455
2020-04-04,172,140.376218694746
2020-04-04,110,195.809518309053
2020-04-04,351,390.22333097817
2020-04-04,208,155.507172190646
2020-04-04,374,313.957545718643
2020-04-04,281,258.715333064808
2020-04-04,455,208.713279562426
2020-04-04,165,286.488575548073
2020-04-04,348,351.976481001376
2020-04-04,343,194.6366305187
2020-04-04,448,261.672784037867
2020-04-04,232,217.441293728333
2020-04-04,198,273.075935304479
2020-04-04,165,224.982432986866
2020-04-04,381,120.451285688077
2020-04-04,352,179.066779347306
2020-04-04,302,389.590017752031
2020-04-04,377,220.983874226804
2020-04-04,508,393.416760100251
2020-04-04,437,271.303866912092
2020-04-04,399,231.903924846468
2020-04-04,249,365.299333073902
2020-04-04,184,164.076987395168
2020-04-04,293,251.093447368698
2020-04-04,174,218.802023755632
2020-04-04,281,185.171894867321
2020-04-04,201,193.239411520479
2020-04-04,284,184.876059019309
2020-04-04,189,194.064363655758
2020-04-04,454,298.964514731233
2020-04-04,521,288.368993611575
2020-04-04,348,232.098856329301
2020-04-04,288,278.74884931114
2020-04-04,214,237.993008938566
2020-04-04,220,270.82300047328
2020-04-04,217,287.827948798153
2020-04-04,237,167.486041431849
2020-04-04,463,271.660399652979
2020-04-04,97,170.041896569304
2020-04-04,338,191.585834267571
2020-04-04,220,311.080849984891
2020-04-04,268,286.401495138437
2020-04-04,468,422.157362749726
2020-04-04,342,173.215687199715
2020-04-04,348,401.736572927362
2020-04-04,256,263.001088845184
2020-04-04,450,340.831671891373
2020-04-04,240,326.361222455217
2020-04-04,425,208.360788976514
2020-04-04,234,267.292245924304
2020-04-04,285,253.441182895929
2020-04-04,405,239.264201204893
2020-04-04,163,266.681255511418
2020-04-04,232,280.035414001055
2020-04-04,176,159.661364423051
2020-04-04,203,232.053535013187
2020-04-04,195,202.230311373826
2020-04-04,422,422.11736267742
2020-04-04,432,388.266643899084
2020-04-04,398,218.860407916082
2020-04-04,423,360.95222610533
2020-04-04,234,150.521823307637
2020-04-04,239,360.677922237005
2020-04-04,473,167.238489620977
2020-04-04,173,198.87258081185
2020-04-04,138,249.770622286973
2020-04-04,401,305.562730252938
2020-04-04,211,200.958841045661
2020-04-04,342,262.7002209251
2020-04-04,307,164.596232563426
2020-04-04,224,162.599817784717
2020-04-04,416,192.277016572914
2020-04-04,124,168.555812542022
2020-04-04,256,260.888175937423
2020-04-04,177,243.094309895257
2020-04-04,211,165.745321109266
2020-04-04,159,166.733162183443
2020-04-04,118,99.5486981561727
2020-04-04,139,162.168485449038
2020-04-04,211,152.865535853798
2020-04-04,357,206.300094757131
2020-04-04,257,203.859689369645
2020-04-04,174,120.207888613116
2020-04-04,244,161.205799376607
2020-04-04,181,229.101795567067
2020-04-04,254,152.263393559619
2020-04-04,240,84.2795477654199
2020-04-04,310,321.552948798833
2020-04-04,275,234.147818045988
2020-04-04,223,236.704408451615
2020-04-04,540,248.049254698404
2020-04-04,187,184.976575116914
2020-04-04,176,213.521062591292
2020-04-04,198,135.928598228009
2020-04-04,211,260.006777859011
2020-04-04,466,210.902551905277
2020-04-04,241,202.962272989173
2020-04-04,253,221.104328136526
2020-04-04,280,180.830744801623
2020-04-04,123,297.145169129008
2020-04-04,245,240.072095372674
2020-04-04,513,280.227442640639
2020-04-04,373,255.242530154918
2020-04-04,240,369.385991956779
2020-04-04,346,178.674721707009
2020-04-04,353,249.400818714889
2020-04-04,274,177.32238208893
2020-04-04,245,256.014403842398
2020-04-04,247,167.244656843125
2020-04-04,284,210.441852817446
2020-04-04,200,173.674452708997
2020-04-04,260,193.545445226566
2020-04-04,353,196.149589599939
2020-04-04,129,315.355872583779
2020-04-04,464,237.663141888321
2020-04-04,193,253.726704621611
2020-04-04,107,240.436164208738
2020-04-04,229,313.213883036324
2020-04-04,261,203.26313550393
2020-04-04,485,246.720449932701
2020-04-04,443,390.644419080336
2020-04-04,281,563.335346007394
2020-04-04,178,296.357518434478
2020-04-04,242,147.81226897967
2020-04-04,201,166.90913894142
2020-04-04,333,211.491734772868
2020-04-04,362,233.10519816052
2020-04-04,175,132.168340752681
2020-04-04,196,204.513782492336
2020-04-04,119,110.196305360091
2020-04-04,232,146.999334492863
2020-04-04,74,131.119569355025
2020-04-04,280,153.433229638419
2020-04-04,112,185.003245214128
2020-04-04,246,135.307164563881
2020-04-04,116,200.748438531956
2020-04-04,340,191.27603024327
2020-04-04,85,112.208701399838
2020-04-04,87,168.303585201045
2020-04-04,217,147.247088366459
2020-04-04,600,99.5446101727767
2020-04-04,258,201.224547491316
2020-04-04,70,153.048932609384
2020-04-04,64,134.239848507142
2020-04-04,134,89.1623767874304
2020-04-04,167,98.3682326418676
2020-04-04,279,69.1058176413827
2020-04-04,63,80.5590760252452
2020-04-04,235,98.5485170951956
2020-04-04,219,122.600426875984
2020-04-04,190,106.221953577954
2020-04-04,117,200.252682191623
2020-04-04,115,100.510119119804
2020-04-04,79,134.197621465718
2020-04-04,152,123.581589315488
2020-04-04,99,264.895222172585
2020-04-04,538,183.173737527385
2020-04-04,80,193.725827267817
2020-04-04,244,233.014743691953
2020-04-04,186,153.932104825012
2020-04-04,276,180.032481104199
2020-04-04,205,180.87688895655
2020-04-04,363,188.199236657065
2020-04-04,105,190.266889185368
2020-04-04,507,202.369418483965
2020-04-04,55,221.094592466011
2020-04-04,135,197.231779543076
2020-04-04,197,56.8831985529108
2020-04-04,97,131.766931546161
2020-04-04,304,171.442551926395
2020-04-04,255,143.609649583751
2020-04-04,153,135.983561819244
2020-04-04,83,148.193430843209
2020-04-04,226,167.896858356684
2020-04-04,107,134.919191499424
2020-04-04,302,66.148668934337
2020-04-04,155,97.3939963956254
2020-04-04,104,118.115296287056
2020-04-04,62,109.832546580043
2020-04-04,136,183.937047584093
2020-04-04,223,121.414077197754
2020-04-04,15,258.544760120756
2020-04-04,58,144.121279882089
2020-04-04,634,154.649529578998
2020-04-04,231,238.137574422079
2020-04-04,168,504.857511688651
2020-04-04,661,290.162997305018
2020-04-04,718,431.364030590225
2020-04-04,691,364.734440263828
2020-04-04,595,393.973220582047
2020-04-04,558,305.867433480787
2020-04-04,455,587.016064581398
2020-04-04,477,252.763541466462
2020-04-04,462,220.835975772278
2020-04-04,207,159.554704140858
2020-04-04,126,174.997134563423
2020-04-04,192,181.637923143394
2020-04-04,388,147.928378626662
2020-04-04,135,181.230821250807
2020-04-04,324,230.008974343028
2020-04-04,130,266.963523737878
2020-04-04,216,179.156042622798
2020-04-04,294,164.181396263026
2020-04-04,214,368.269474149579
2020-04-04,500,182.473597243322
2020-04-04,251,293.14784519609
2020-04-04,507,300.542581715039
2020-04-04,170,240.455716366167
2020-04-04,233,311.996427249305
2020-04-04,184,186.828398702746
2020-04-04,86,90.8162070103882
2020-04-04,159,181.383945597216
2020-04-04,316,208.208961685567
2020-04-04,156,158.62859323109
2020-04-04,45,68.9175279521496
2020-04-04,94,80.9024037067886
2020-04-04,209,190.585094213301
2020-04-04,339,170.739817530731
2020-04-04,224,160.253478218888
2020-04-04,218,201.863017965778
2020-04-04,182,202.073982297403
2020-04-04,341,315.346145771037
2020-04-04,322,145.863061812106
2020-04-04,332,173.367726869811
2020-04-04,295,257.234635962442
2020-04-04,143,171.459659615711
2020-04-04,383,322.603805789526
2020-04-04,437,271.684645990874
2020-04-04,435,277.301685221038
2020-04-04,391,286.046074187569
2020-04-04,303,172.304340182763
2020-04-04,276,202.233099505438
2020-04-04,311,236.135379809049
2020-04-04,199,305.73450276094
2020-04-04,224,362.548336763943
2020-04-04,488,251.667619404086
2020-04-04,529,351.396033043676
2020-04-04,360,272.395681738722
2020-04-04,414,316.575756654745
2020-04-04,178,207.506972929505
2020-04-04,237,202.260639455923
2020-04-04,114,147.539774062129
2020-04-04,318,237.395167058817
2020-04-04,280,194.841701258429
2020-04-04,240,204.627671175071
2020-04-04,164,215.163120268527
2020-04-04,313,163.532374137799
2020-04-04,487,206.800653018316
2020-04-04,194,157.787715680271
2020-04-04,499,376.529525243581
2020-04-04,123,231.97623615329
2020-04-04,465,252.063954296035
2020-04-04,188,283.893469163195
2020-04-04,237,236.365268011509
2020-04-04,275,228.963697316725
2020-04-04,277,258.750814426312
2020-04-04,178,320.192713367055
2020-04-04,305,278.748035986595
2020-04-04,167,189.400423349602
2020-04-04,218,293.560902531742
2020-04-04,467,219.787864276842
2020-04-04,305,228.07369427614
2020-04-04,482,226.66315836121
2020-04-04,256,254.551575698409
2020-04-04,187,249.662779083546
2020-04-04,232,193.529634537007
2020-04-04,194,206.605367264903
2020-04-04,194,238.409155642026
2020-04-04,158,140.279453524821
2020-04-04,612,205.138997234465
2020-04-04,363,264.955542423191
2020-04-04,196,246.654681865658
2020-04-04,285,297.959162900893
2020-04-04,348,216.251540713711
2020-04-04,484,249.710818672429
2020-04-04,183,277.094031266352
2020-04-04,306,274.273325627794
2020-04-04,164,218.445740799381
2020-04-04,581,256.915142113447
2020-04-04,182,322.619547446567
2020-04-04,346,220.312944367346
2020-04-04,149,214.244429490165
2020-04-04,321,350.996105156997
2020-04-04,198,377.948630592735
2020-04-04,182,264.191240291719
2020-04-04,160,228.618285048685
2020-04-04,344,191.701252875244
2020-04-04,384,411.009037715547
2020-04-04,309,207.812327382988
2020-04-04,234,178.486996855479
2020-04-04,293,193.688341608471
2020-04-04,177,143.788130881587
2020-04-04,164,132.67153137875
2020-04-04,390,206.509013686954
2020-04-04,251,149.054837260275
2020-04-04,134,293.525488169417
2020-04-04,267,218.23380720724
2020-04-04,210,250.100477720656
2020-04-04,96,191.702913631745
2020-04-04,111,108.264089993137
2020-04-04,92,197.153819696753
2020-04-04,74,118.205003730801
2020-04-04,149,104.071368888637
2020-04-04,174,170.918229572592
2020-04-04,318,234.931128425371
2020-04-04,264,315.927741587762
2020-04-04,314,192.383850778347
2020-04-04,264,119.237672613739
2020-04-04,222,280.485659229561
2020-04-04,334,224.616004318214
2020-04-04,170,194.869236152536
2020-04-04,257,179.047455955463
2020-04-04,241,260.009684010865
2020-04-04,643,312.096438522252
2020-04-04,213,222.483162439364
2020-04-04,275,161.877782865646
2020-04-04,390,298.407514115316
2020-04-04,205,316.478663478971
2020-04-04,401,180.178099901867
2020-04-04,291,299.495094171055
2020-04-04,307,161.760412916741
2020-04-04,332,163.0148301683
2020-04-04,156,196.699164069418
2020-04-04,225,211.420718903287
2020-04-04,245,367.723122940272
2020-04-04,173,141.468821665099
2020-04-04,345,250.178058292406
2020-04-04,166,184.623910639893
2020-04-04,445,169.426377318888
2020-04-04,202,220.890610586188
2020-04-04,220,188.278811175904
2020-04-04,420,193.658549817965
2020-04-04,180,213.062877627047
2020-04-04,154,219.142339531168
2020-04-04,199,246.814570484221
2020-04-04,539,201.784238345839
2020-04-04,347,355.684050709578
2020-04-04,312,366.914020575016
2020-04-04,351,300.266370093346
2020-04-04,377,219.343256153479
2020-04-04,245,254.109741787928
2020-04-04,396,304.545447726295
2020-04-04,86,163.940838480402
2020-04-04,240,199.437901464445
2020-04-04,165,273.319946168375
2020-04-04,86,190.382628188451
2020-04-04,153,284.452457580399
2020-04-04,140,229.024571764287
2020-04-04,410,175.762954938725
2020-04-04,329,210.543553402374
2020-04-04,139,197.742423748727
2020-04-04,318,181.957389296816
2020-04-04,173,179.580208483436
2020-04-04,359,291.776021010843
2020-04-04,89,218.368679856418
2020-04-04,309,175.251444210333
2020-04-04,109,138.01522290727
2020-04-04,209,180.638945260021
2020-04-04,171,178.109668901726
2020-04-04,204,197.773506072655
2020-04-04,76,216.390528805146
2020-04-04,152,146.506140162317
2020-04-04,221,139.345784972518
2020-04-04,224,529.816973290245
2020-04-04,278,268.051831655663
2020-04-04,377,276.866234594487
2020-04-04,143,160.794580958833
2020-04-04,530,294.820117265489
2020-04-04,308,272.138256753494
2020-04-04,421,279.610002720742
2020-04-04,181,246.011933235105
2020-04-04,326,379.372983973447
2020-04-04,490,210.046906804825
2020-04-04,150,155.576064307525
2020-04-04,175,159.771289517115
2020-04-04,424,264.006007981374
2020-04-04,155,174.494341089029
2020-04-04,357,224.030065319817
2020-04-04,256,206.39739605476
2020-04-04,249,232.667193466747
2020-04-04,381,243.763208327442
2020-04-04,83,249.995057530269
2020-04-04,160,123.759713832317
2020-04-04,209,204.357803963661
2020-04-04,134,187.879153556828
2020-04-04,512,334.774948908474
2020-04-04,422,315.230301009038
2020-04-04,53,289.90305293218
2020-04-04,463,297.443181793187
2020-04-04,491,308.202865354796
2020-04-04,98,228.830923925078
2020-04-04,237,202.562934133897
2020-04-04,380,298.807981878956
2020-04-04,287,325.913151260913
2020-04-04,354,300.899860432605
2020-04-04,240,194.859073836959
2020-04-04,167,143.871045483241
2020-04-04,118,114.989252235268
2020-04-04,267,128.139807336627
2020-04-04,225,259.832198686084
2020-04-04,217,271.394330530042
2020-04-04,242,225.222677255323
2020-04-04,241,167.480969118322
2020-04-04,128,145.010839570651
2020-04-04,133,246.392943410666
2020-04-04,583,548.202320659032
2020-04-04,251,204.77828677714
2020-04-04,304,331.665866810487
2020-04-04,385,326.261689765299
2020-04-04,548,476.878650842519
2020-04-04,546,355.99362785211
2020-04-04,457,405.36444692396
2020-04-04,483,773.497308073715
2020-04-04,266,225.692585096589
2020-04-04,473,403.686960765784
2020-04-04,120,658.885400637295
2020-04-04,312,368.76489191938
2020-04-04,276,307.126163013119
2020-04-04,1031,283.532876694091
2020-04-04,423,441.712644267264
2020-04-04,135,331.011754567754
2020-04-04,621,772.512228235854
2020-04-04,204,237.818867386392
2020-04-04,273,310.031761003946
2020-04-04,360,433.025847182958
2020-04-04,363,259.245535262875
2020-04-04,296,271.072902740601
2020-04-04,380,262.730021170301
2020-04-04,160,152.120033540628
2020-04-04,537,308.423147202194
2020-04-04,573,408.790781873217
2020-04-04,374,413.766052401916
2020-04-04,330,317.023022657746
2020-04-04,214,142.102422472926
2020-04-04,405,317.886386180386
2020-04-04,326,243.544935213111
2020-04-04,332,204.323587344162
2020-04-04,262,355.84742296274
2020-04-04,149,223.510483643461
2020-04-04,185,236.459598184387
2020-04-04,547,322.404009328698
2020-04-04,457,310.608781909862
2020-04-04,433,446.901322690158
2020-04-04,200,529.782292368786
2020-04-04,495,339.692959552294
2020-04-04,243,248.646481745126
2020-04-04,267,199.883693577051
2020-04-04,350,273.982253053085
2020-04-04,270,656.16281611988
2020-04-04,0,200.217448446354
2020-04-04,0,313.917941411376
2020-04-04,0,87.1393150512544
2020-04-04,375,396.997421205127
2020-04-04,165,400.052037578499
2020-04-04,268,355.845965182275
2020-04-04,204,233.995419225048
2020-04-04,188,292.418697724382
2020-04-04,166,274.799363095289
2020-04-04,610,232.072139107412
2020-04-04,241,359.142059931312
2020-04-04,181,390.103269846379
2020-04-04,711,472.400933815559
2020-04-04,824,234.270100454956
2020-04-04,631,525.138499892599
2020-04-04,230,465.632881508289
2020-04-04,381,600.390413055743
2020-04-04,352,335.45247051634
2020-04-04,565,205.267228892941
2020-04-04,350,319.260159628805
2020-04-04,357,310.643840321751
2020-04-04,408,375.133224717119
2020-04-04,595,555.389326948569
2020-04-04,515,314.6722589252
2020-04-04,988,603.285621565389
2020-04-04,286,477.159891055817
2020-04-04,834,497.788075705214
2020-04-04,461,202.882796893309
2020-04-04,360,409.481896044383
2020-04-04,465,507.056007424224
2020-04-04,636,435.522469478548
2020-04-04,533,253.7199900968
2020-04-04,296,546.045029862441
2020-04-04,199,327.205582526881
2020-04-04,619,486.313566142286
2020-04-04,700,337.186276478375
2020-04-04,563,249.998651405219
2020-04-04,467,783.745897657315
2020-04-04,514,408.379184960087
2020-04-04,192,882.40495509221
2020-04-04,282,478.245941783872
2020-04-04,882,639.286481420346
2020-04-04,458,384.653164645583
2020-04-04,614,473.136911418663
2020-04-04,717,287.311680359163
2020-04-04,87,261.237921629439
2020-04-04,304,378.06646539112
2020-04-04,357,456.392964012851
2020-04-04,425,377.485457789271
2020-04-04,638,409.539532699677
2020-04-04,247,239.449241083144
2020-04-04,246,181.709323469675
2020-04-04,271,157.426641758556
2020-04-04,224,456.712003309832
2020-04-04,537,590.46067386645
2020-04-04,565,617.599859074178
2020-04-04,710,407.181778209235
2020-04-04,615,557.626041833835
2020-04-04,642,525.508695531549
2020-04-04,1500,1022.53401083674
2020-04-04,1230,577.500804211848
2020-04-04,392,336.563306340556
2020-04-04,482,324.923487883502
2020-04-04,340,381.824400481819
2020-04-04,344,216.34311682732
2020-04-04,378,387.233607030469
2020-04-04,595,281.298956241668
2020-04-04,392,354.5754393075
2020-04-04,433,315.54915391552
2020-04-04,468,360.835854266905
2020-04-04,393,210.529737994598
2020-04-04,345,262.315368407127
2020-04-04,311,315.306367748272
2020-04-04,506,463.791915138352
2020-04-04,317,374.468756839567
2020-04-04,285,221.720075556311
2020-04-04,436,548.483026525716
2020-04-04,998,905.549907365204
2020-04-04,1151,543.2213518569
2020-04-04,752,514.893109310903
2020-04-04,688,499.387880925566
2020-04-04,471,529.8151808196
2020-04-04,2262,901.337484184503
2020-04-04,1107,462.691498612719
2020-04-04,103,657.8389167931
2020-04-04,490,164.095735017157
2020-04-04,291,176.566646912179
2020-04-04,199,330.121776255426
2020-04-04,176,305.765834762623
2020-04-04,281,266.692010411992
2020-04-04,378,188.662819515258
2020-04-04,599,421.006001302023
2020-04-04,362,473.308504692621
2020-04-04,388,325.695581010259
2020-04-04,525,350.392218062857
2020-04-04,414,293.987536412014
2020-04-04,370,222.72070319511
2020-04-04,401,471.621505569203
2020-04-04,603,341.344157131114
2020-04-04,267,255.134205121887
2020-04-04,485,300.72337189056
2020-04-04,494,357.296576785304
2020-04-04,779,275.968680165247
2020-04-04,496,414.724400271264
2020-04-04,687,287.050574367764
2020-04-04,361,322.917313440579
2020-04-04,713,342.830285227794
2020-04-04,451,176.537154282936
2020-04-04,562,417.9340939026
2020-04-04,552,283.055748991443
2020-04-04,609,462.280207772944
2020-04-04,601,356.781451990685
2020-04-04,291,289.074308338917
2020-04-04,485,322.892288008318
2020-04-04,259,252.128340235622
2020-04-04,390,363.128122685061
2020-04-04,818,471.93202567949
2020-04-04,222,309.813454203967
2020-04-04,455,428.234173250188
2020-04-04,332,285.962791026749
2020-04-04,668,360.245603125504
2020-04-04,440,607.986365663472
2020-04-04,361,308.939024988214
2020-04-04,221,160.778191494985
2020-04-04,478,269.718676524836
2020-04-04,699,230.176999143341
2020-04-04,412,391.635392671909
2020-04-04,543,245.104245932939
2020-04-04,337,375.845879869598
2020-04-04,396,422.523346523019
2020-04-04,388,206.596948877379
2020-04-04,371,359.068355185642
2020-04-04,677,605.284205313854
2020-04-04,398,572.880767207492
2020-04-04,759,415.440197175797
2020-04-04,314,493.595939646336
2020-04-04,247,260.378025016836
2020-04-04,429,306.527823288744
2020-04-04,301,191.577294834592
2020-04-04,428,242.487149506573
2020-04-04,191,418.251660968562
2020-04-04,386,597.665303661468
2020-04-04,527,389.344240996942
2020-04-04,434,433.570717108314
2020-04-04,292,334.360638711203
2020-04-04,582,445.769218825527
2020-04-04,800,584.189403289005
2020-04-04,894,692.962489566042
2020-04-04,784,567.225592550007
2020-04-04,830,377.442808492661
2020-04-04,502,332.720905618855
2020-04-04,553,352.709454426473
2020-04-04,515,454.465153951943
2020-04-04,709,291.696558717352
2020-04-04,308,594.009868397007
2020-04-04,627,1015.22182087172
2020-04-04,205,476.864971371977
2020-04-04,1251,330.090712528896
2020-04-04,557,287.537112378692
2020-04-04,316,475.410757355368
2020-04-04,520,388.929781093018
2020-04-04,799,870.263289188488
2020-04-04,736,405.920678266558
2020-04-04,394,442.563415808157
2020-04-04,290,257.275906082049
2020-04-04,658,401.07066852679
2020-04-04,651,257.910289903584
2020-04-04,237,468.228846660466
2020-04-04,657,414.947297189511
2020-04-04,14,389.567370732738
2020-04-04,293,163.999055278736
2020-04-04,331,311.65174042928
2020-04-04,598,426.19000949193
2020-04-04,201,431.879571353555
2020-04-04,675,430.654551399153
2020-04-04,219,300.129870703581
2020-04-04,388,331.190264709745
2020-04-04,326,377.26494688462
2020-04-04,658,320.991196356209
2020-04-04,276,247.184619022159
2020-04-04,266,289.797170133879
2020-04-04,471,310.999337569233
2020-04-04,554,352.252905509357
2020-04-04,591,313.925516857287
2020-04-04,559,438.135643945192
2020-04-04,513,266.141149684379
2020-04-04,405,325.658370221931
2020-04-04,613,382.314079451385
2020-04-04,450,342.481960839973
2020-04-04,364,365.27769186972
2020-04-04,760,302.800324096324
2020-04-04,349,419.887887670857
2020-04-04,401,325.613530399666
2020-04-04,542,344.409285786249
2020-04-04,585,525.532252345104
2020-04-04,474,266.052454958601
2020-04-04,496,146.448725512425
2020-04-04,324,138.812856668684
2020-04-04,273,157.260490247281
2020-04-04,450,304.639265667704
2020-04-04,488,331.003203192266
2020-04-04,296,193.770704421491
2020-04-04,374,456.774569431894
2020-04-04,855,418.341414861253
2020-04-04,318,583.250850966788
2020-04-04,340,364.34887096087
2020-04-04,575,210.63972606846
2020-04-04,114,526.080963772722
2020-04-04,680,437.918638070313
2020-04-04,922,748.883952521852
2020-04-04,778,307.825628453954
2020-04-04,472,357.998022378198
2020-04-04,620,293.720081344899
2020-04-04,1541,411.340898900315
2020-04-04,357,334.257165482797
2020-04-04,409,396.211869017451
2020-04-04,221,383.497380026899
2020-04-04,330,345.36678599363
2020-04-04,599,524.712198818604
2020-04-04,1180,716.013880393001
2020-04-04,540,525.036670825588
2020-04-04,692,419.14063220538
2020-04-04,355,438.896351580803
2020-04-04,834,371.226897331651
2020-04-04,647,268.525607856153
2020-04-04,281,519.827335383168
2020-04-04,430,301.206445607796
2020-04-04,270,308.979168246085
2020-04-04,188,174.260464882819
2020-04-04,824,219.337316318474
2020-04-04,303,349.254044916925
2020-04-04,787,227.188344663529
2020-04-04,422,176.505411792645
2020-04-04,592,265.722216985847
2020-04-04,524,283.965216794618
2020-04-04,195,302.971240616684
2020-04-04,271,248.965855352472
2020-04-04,272,262.117717466791
2020-04-04,462,374.638125487079
2020-04-04,562,231.354018669949
2020-04-04,253,176.065187951579
2020-04-04,154,315.237723212407
2020-04-04,259,101.352732537444
2020-04-04,234,272.278535649915
2020-04-04,72,165.961235991774
2020-04-04,204,159.848608405236
2020-04-04,262,288.901370566043
2020-04-04,664,254.360964180869
2020-04-04,60,247.713947872927
2020-04-04,126,203.693216597802
2020-04-04,527,193.52722022688
2020-04-04,318,246.679277484834
2020-04-04,198,137.752923130907
2020-04-04,300,165.141519868851
2020-04-04,220,213.063521797734
2020-04-04,29,133.198941932079
2020-04-04,166,77.8403034743112
2020-04-04,117,99.0433365977639
2020-04-04,102,124.09786330708
2020-04-04,119,119.080225065956
2020-04-04,194,139.079428568533
2020-04-04,85,195.104429030099
2020-04-04,98,104.051973753005
2020-04-04,79,119.046748577394
2020-04-04,422,159.415650920364
2020-04-04,126,134.207785331601
2020-04-04,137,142.048222077408
2020-04-04,163,87.7941884599016
2020-04-04,112,153.706857873748
2020-04-04,517,94.4222418321057
2020-04-04,301,244.931964757611
2020-04-04,79,149.686497735774
2020-04-04,61,181.593340188409
2020-04-04,82,89.4407363166275
2020-04-04,87,136.912194180209
2020-04-04,283,217.988799869005
2020-04-04,341,224.379638185047
2020-04-04,375,246.859780172924
2020-04-04,513,167.075956633513
2020-04-04,198,247.484454857798
2020-04-04,240,195.796084829723
2020-04-04,350,168.413118690192
2020-04-04,220,154.488452167296
2020-04-04,164,238.101537315998
2020-04-04,405,352.162716287129
2020-04-04,127,155.642184160875
2020-04-04,294,296.312303768888
2020-04-04,244,268.697011869283
2020-04-04,697,459.352056971177
2020-04-04,307,531.598520194646
2020-04-04,367,304.754403588171
2020-04-04,548,382.350413916328
2020-04-04,314,273.815069507733
2020-04-04,444,412.823934209243
2020-04-04,410,300.752013695035
2020-04-04,882,427.125134010015
2020-04-04,430,347.840494028749
2020-04-04,743,226.69013180607
2020-04-04,334,77.8875640785368
2020-04-04,152,135.625296078868
2020-04-04,223,156.377290273347
2020-04-04,417,195.959671412618
2020-04-04,305,155.407119088895
2020-04-04,422,351.588352458567
2020-04-04,526,202.803663959848
2020-04-04,308,195.474317337641
2020-04-04,374,276.543886817577
2020-04-04,320,252.274500184075
2020-04-04,145,203.24115615144
2020-04-04,421,136.492459484739
2020-04-04,240,250.144007634713
2020-04-04,381,390.397672997228
2020-04-04,623,380.425434490254
2020-04-05,82,119.803886113437
2020-04-05,38,55.1506723334168
2020-04-05,86,101.065972136926
2020-04-05,280,67.0827256828302
2020-04-05,51,114.483141518625
2020-04-05,94,124.602368061492
2020-04-05,77,69.9166882004113
2020-04-05,98,96.0901184583067
2020-04-05,139,66.8425010642018
2020-04-05,98,74.6043469660199
2020-04-05,152,142.818723785775
2020-04-05,100,98.4807923212878
2020-04-05,312,144.068652457826
2020-04-05,61,204.140160186157
2020-04-05,230,106.743636752476
2020-04-05,74,126.19651322472
2020-04-05,146,116.458271296147
2020-04-05,118,130.589890370373
2020-04-05,136,157.942247307505
2020-04-05,301,105.060735017588
2020-04-05,138,80.2059439741959
2020-04-05,122,96.3220507535827
2020-04-05,220,170.9700063666
2020-04-05,181,203.977928128249
2020-04-05,130,139.261913815219
2020-04-05,189,139.608061197925
2020-04-05,209,114.320175722495
2020-04-05,166,185.85234886238
2020-04-05,81,146.831191201667
2020-04-05,95,111.17251195871
2020-04-05,160,183.015354740831
2020-04-05,585,113.229068329662
2020-04-05,204,201.466578966847
2020-04-05,199,160.487514611531
2020-04-05,137,201.051733818806
2020-04-05,108,100.348998247731
2020-04-05,105,153.159448135442
2020-04-05,103,181.353521412045
2020-04-05,122,109.739814209195
2020-04-05,219,143.940533167122
2020-04-05,108,174.879458249126
2020-04-05,125,103.063363813244
2020-04-05,174,107.271286540747
2020-04-05,145,80.3270647869127
2020-04-05,134,166.055772431587
2020-04-05,142,106.581922580664
2020-04-05,114,146.108451571856
2020-04-05,281,139.966667532935
2020-04-05,212,128.657865926709
2020-04-05,66,77.9146835264607
2020-04-05,65,114.877343380335
2020-04-05,128,156.760589844433
2020-04-05,106,139.219078373338
2020-04-05,139,153.14190648714
2020-04-05,515,95.0523011846743
2020-04-05,132,116.315904713654
2020-04-05,60,87.4926481265106
2020-04-05,70,58.2848657205093
2020-04-05,55,75.7881390803288
2020-04-05,52,72.4711630365743
2020-04-05,47,123.509072071448
2020-04-05,55,74.2719962294225
2020-04-05,92,140.910531935621
2020-04-05,117,159.851079733027
2020-04-05,117,135.295036297808
2020-04-05,139,110.921016265782
2020-04-05,124,100.113899830634
2020-04-05,213,101.304816730536
2020-04-05,138,88.968065909051
2020-04-05,64,87.8292683911251
2020-04-05,84,108.307281140551
2020-04-05,21,75.5457360590611
2020-04-05,156,55.6574410389679
2020-04-05,166,84.1765966435246
2020-04-05,118,95.0699440395487
2020-04-05,179,84.9988033129147
2020-04-05,142,61.7726527711035
2020-04-05,130,94.6811574794502
2020-04-05,93,90.9830510293977
2020-04-05,0,272.566511059135
2020-04-05,161,109.138730879246
2020-04-05,59,96.1170963487118
2020-04-05,28,77.9665178868897
2020-04-05,90,79.505464859018
2020-04-05,74,61.9636585336242
2020-04-05,71,65.6454196042362
2020-04-05,33,224.411335452209
2020-04-05,65,69.0974444999315
2020-04-05,186,82.793716250744
2020-04-05,145,146.063688060341
2020-04-05,274,155.04559154411
2020-04-05,164,236.943424849683
2020-04-05,294,216.800585553834
2020-04-05,73,252.170505670061
2020-04-05,157,170.211185331488
2020-04-05,282,175.693024187343
2020-04-05,201,84.4572094406605
2020-04-05,240,151.192121617511
2020-04-05,207,190.88802998041
2020-04-05,262,109.437280063764
2020-04-05,256,176.960335954058
2020-04-05,181,133.769304371023
2020-04-05,328,123.846141740285
2020-04-05,274,163.043854090398
2020-04-05,163,163.939329481176
2020-04-05,197,161.001785800406
2020-04-05,196,143.218094286316
2020-04-05,828,115.011218895348
2020-04-05,209,140.862582560522
2020-04-05,157,169.247071939807
2020-04-05,123,131.380666955201
2020-04-05,261,177.535126410759
2020-04-05,213,144.710271295495
2020-04-05,112,147.166558300473
2020-04-05,92,139.913648559859
2020-04-05,177,138.355513911483
2020-04-05,231,138.396947827661
2020-04-05,190,74.0147684309912
2020-04-05,64,123.831984476783
2020-04-05,74,62.5102590297221
2020-04-05,130,82.8941582066532
2020-04-05,65,74.4224945646244
2020-04-05,52,65.0125998874578
2020-04-05,77,80.4131836747396
2020-04-05,83,87.8143912839628
2020-04-05,71,178.081501098969
2020-04-05,80,143.673224217944
2020-04-05,94,110.986416908119
2020-04-05,171,136.440944425477
2020-04-05,597,129.448847352732
2020-04-05,171,205.645440794732
2020-04-05,116,166.866468134767
2020-04-05,162,146.07990889752
2020-04-05,213,162.487474566669
2020-04-05,220,128.068061965209
2020-04-05,210,163.664699325913
2020-04-05,83,119.359825514945
2020-04-05,135,95.2513937149434
2020-04-05,156,85.4024240401875
2020-04-05,136,162.34773997061
2020-04-05,51,95.2727006765632
2020-04-05,202,156.348433998038
2020-04-05,230,149.223362907178
2020-04-05,89,124.167267212707
2020-04-05,131,87.1500449200143
2020-04-05,151,179.184594156104
2020-04-05,69,111.818026499607
2020-04-05,217,187.655201027655
2020-04-05,130,84.0285901646212
2020-04-05,128,236.049569089031
2020-04-05,329,156.579544352212
2020-04-05,256,193.379876226447
2020-04-05,126,174.090985871025
2020-04-05,181,220.327412462454
2020-04-05,169,169.415027296381
2020-04-05,123,92.922606523262
2020-04-05,210,111.744605706806
2020-04-05,163,138.010954854731
2020-04-05,179,141.652067454356
2020-04-05,143,148.144788563037
2020-04-05,372,175.887349731078
2020-04-05,117,183.366269678515
2020-04-05,150,235.284897367804
2020-04-05,104,149.907077831885
2020-04-05,200,124.763862315067
2020-04-05,188,110.881036747652
2020-04-05,80,209.279040090857
2020-04-05,170,178.70464441604
2020-04-05,95,110.446012677104
2020-04-05,173,53.0023347871471
2020-04-05,262,182.022346951468
2020-04-05,286,173.635241850587
2020-04-05,166,103.943933501216
2020-04-05,301,224.642491465544
2020-04-05,150,75.4137568561561
2020-04-05,74,71.0600737827921
2020-04-05,267,265.681468600533
2020-04-05,112,100.299001496204
2020-04-05,277,297.18017754652
2020-04-05,239,133.052846723641
2020-04-05,269,92.5283264375906
2020-04-05,537,231.487234580118
2020-04-05,420,341.318177244614
2020-04-05,763,110.292212769963
2020-04-05,332,151.900978544594
2020-04-05,788,200.171500155243
2020-04-05,204,233.677710343884
2020-04-05,580,245.732448348807
2020-04-05,222,321.989733637353
2020-04-05,284,226.474028413038
2020-04-05,375,265.859209327104
2020-04-05,686,157.42529288176
2020-04-05,397,260.909116266559
2020-04-05,610,180.164935244519
2020-04-05,92,237.189592002778
2020-04-05,516,155.170191254943
2020-04-05,609,87.2114401820506
2020-04-05,0,359.655486221728
2020-04-05,448,188.076739658618
2020-04-05,136,346.942194053924
2020-04-05,44,154.217515891383
2020-04-05,379,122.776464520556
2020-04-05,130,182.044182130266
2020-04-05,226,121.470931669398
2020-04-05,205,206.594226521186
2020-04-05,324,461.978303712946
2020-04-05,377,457.438987464344
2020-04-05,324,230.409376920435
2020-04-05,459,352.024181468023
2020-04-05,388,290.570907025068
2020-04-05,466,225.543864695789
2020-04-05,445,256.640434044038
2020-04-05,1064,315.564250882794
2020-04-05,264,199.905744962033
2020-04-05,503,522.579477741592
2020-04-05,382,409.813325896703
2020-04-05,452,378.829638511997
2020-04-05,1101,389.425995492013
2020-04-05,325,280.085270045388
2020-04-05,356,263.431050510943
2020-04-05,435,193.533835730283
2020-04-05,828,436.306796523897
2020-04-05,233,403.731975398917
2020-04-05,387,154.750685362968
2020-04-05,340,228.351470895936
2020-04-05,367,422.697534126316
2020-04-05,667,338.248126984084
2020-04-05,639,435.825352468746
2020-04-05,0,882.708235386114
2020-04-05,520,305.60976182948
2020-04-05,112,118.377047184209
2020-04-05,69,137.036243808583
2020-04-05,85,100.987857785156
2020-04-05,454,147.713614089296
2020-04-05,330,232.90844701653
2020-04-05,448,166.255141201242
2020-04-05,253,270.519554447774
2020-04-05,135,192.010363344765
2020-04-05,368,192.529700200382
2020-04-05,189,168.651218355014
2020-04-05,140,196.425973835557
2020-04-05,337,284.352789420553
2020-04-05,490,259.356052506181
2020-04-05,130,210.344660896737
2020-04-05,414,179.295734107001
2020-04-05,355,440.911388273071
2020-04-05,404,355.550912149086
2020-04-05,411,232.299179544212
2020-04-05,446,142.831834221683
2020-04-05,137,343.152612578884
2020-04-05,543,333.448648849708
2020-04-05,229,312.784825394288
2020-04-05,165,85.3635538736253
2020-04-05,389,397.306198055655
2020-04-05,331,220.355017086549
2020-04-05,712,287.777134443627
2020-04-05,319,230.592969179906
2020-04-05,506,283.770003271693
2020-04-05,447,183.423353593945
2020-04-05,509,372.378721302647
2020-04-05,351,403.197312881132
2020-04-05,482,111.574593493819
2020-04-05,236,210.144872173932
2020-04-05,575,412.418992517373
2020-04-05,216,507.093642323658
2020-04-05,427,107.100156678565
2020-04-05,898,252.608252263884
2020-04-05,521,266.971162351848
2020-04-05,413,432.57042854915
2020-04-05,457,363.632062529749
2020-04-05,407,267.600970873123
2020-04-05,244,321.744332381912
2020-04-05,476,110.100716330363
2020-04-05,195,265.426906291364
2020-04-05,374,173.892947531062
2020-04-05,155,199.31267472255
2020-04-05,271,70.7101859846929
2020-04-05,207,181.269543009093
2020-04-05,517,114.259431171204
2020-04-05,311,99.752130523873
2020-04-05,218,285.933692273656
2020-04-05,244,55.2837897638674
2020-04-05,194,199.389862184864
2020-04-05,231,266.673689773362
2020-04-05,265,330.842264838107
2020-04-05,108,361.707722140059
2020-04-05,420,149.387100240981
2020-04-05,467,214.745164539549
2020-04-05,379,151.509562108512
2020-04-05,437,300.525626681087
2020-04-05,319,354.336168861236
2020-04-05,419,444.354101123341
2020-04-05,318,280.848572289347
2020-04-05,476,248.799177124709
2020-04-05,169,500.750898452988
2020-04-05,928,422.580536696419
2020-04-05,443,234.390367550003
2020-04-05,567,291.089022418534
2020-04-05,192,256.467304084889
2020-04-05,443,443.031823386296
2020-04-05,567,414.63951606173
2020-04-05,324,309.108431333213
2020-04-05,335,215.837829867296
2020-04-05,350,341.634662044716
2020-04-05,866,279.955165493443
2020-04-05,606,659.15177952892
2020-04-05,198,388.022944165834
2020-04-05,644,838.222342249183
2020-04-05,396,655.811287587131
2020-04-05,334,348.58301601042
2020-04-05,507,216.103003036207
2020-04-05,408,393.160621261414
2020-04-05,136,383.29320576154
2020-04-05,455,489.855565882757
2020-04-05,1076,311.5005162977
2020-04-05,360,241.997931679509
2020-04-05,179,254.859137266449
2020-04-05,764,213.154494403306
2020-04-05,308,254.565248595983
2020-04-05,239,331.80711459198
2020-04-05,407,292.779302443382
2020-04-05,343,245.066114040472
2020-04-05,316,257.78914729157
2020-04-05,481,207.524714230076
2020-04-05,460,346.690397156181
2020-04-05,416,290.114511653479
2020-04-05,245,260.832929736625
2020-04-05,471,300.248009295
2020-04-05,217,204.955833356174
2020-04-05,150,148.748339009979
2020-04-05,304,248.974250751298
2020-04-05,201,274.900291624682
2020-04-05,171,204.423456562294
2020-04-05,301,278.961200883077
2020-04-05,325,199.524701673877
2020-04-05,231,320.43187379829
2020-04-05,310,220.246487385019
2020-04-05,496,380.858239952739
2020-04-05,449,279.827626939036
2020-04-05,451,197.274460218561
2020-04-05,446,343.140909724311
2020-04-05,384,236.549655608274
2020-04-05,185,115.465078646541
2020-04-05,58,127.070420232528
2020-04-05,241,169.555120849011
2020-04-05,212,258.379872319683
2020-04-05,470,247.475102643819
2020-04-05,175,236.299182608905
2020-04-05,191,275.812389595294
2020-04-05,171,283.955264434761
2020-04-05,165,253.256369874016
2020-04-05,235,170.908744134867
2020-04-05,282,161.750090029695
2020-04-05,272,303.446990556045
2020-04-05,222,207.302263120474
2020-04-05,239,221.30854952061
2020-04-05,133,220.962105461024
2020-04-05,186,196.106812545708
2020-04-05,169,179.114158128287
2020-04-05,272,239.938530957435
2020-04-05,191,200.18007753619
2020-04-05,274,197.796459607872
2020-04-05,587,157.13580585384
2020-04-05,301,243.757946095488
2020-04-05,171,294.903149546391
2020-04-05,277,254.655039868658
2020-04-05,292,152.548350543328
2020-04-05,286,165.439024202536
2020-04-05,151,202.654576946345
2020-04-05,357,322.431250560772
2020-04-05,374,231.58609841073
2020-04-05,258,191.798230067751
2020-04-05,436,251.760462906022
2020-04-05,166,333.052682331115
2020-04-05,293,152.64917164582
2020-04-05,131,126.351029643763
2020-04-05,182,125.422576954916
2020-04-05,433,198.11505525361
2020-04-05,154,177.648516944647
2020-04-05,200,301.723372835402
2020-04-05,256,224.858321312214
2020-04-05,275,305.399746949361
2020-04-05,187,193.576892986957
2020-04-05,356,267.533665641787
2020-04-05,177,201.122381939103
2020-04-05,309,369.156643453967
2020-04-05,269,400.10561165393
2020-04-05,786,168.743203204109
2020-04-05,212,172.643050326731
2020-04-05,163,258.529043969342
2020-04-05,261,224.948492841067
2020-04-05,390,226.534221506762
2020-04-05,373,222.638473834243
2020-04-05,332,249.669027862458
2020-04-05,365,272.788362018409
2020-04-05,228,284.149414659879
2020-04-05,529,227.262672435417
2020-04-05,433,294.270249214508
2020-04-05,412,289.458049125326
2020-04-05,297,292.767371007644
2020-04-05,239,179.451713339081
2020-04-05,252,184.260132288963
2020-04-05,101,289.593360284966
2020-04-05,218,154.736320541556
2020-04-05,264,147.647721712199
2020-04-05,570,298.988039820086
2020-04-05,391,270.134809809326
2020-04-05,260,372.497054339163
2020-04-05,242,307.412572480758
2020-04-05,289,188.450008150496
2020-04-05,413,319.761180457115
2020-04-05,150,203.582379026354
2020-04-05,340,238.867938281072
2020-04-05,126,127.585511978067
2020-04-05,92,117.786421652249
2020-04-05,192,167.427877035051
2020-04-05,106,134.627967027243
2020-04-05,281,168.551663330367
2020-04-05,115,109.269599573218
2020-04-05,207,187.731509124354
2020-04-05,311,223.540732788004
2020-04-05,119,242.956423918125
2020-04-05,250,140.894100841227
2020-04-05,121,144.964426203248
2020-04-05,191,114.392622344982
2020-04-05,100,161.870692025689
2020-04-05,185,113.32680281841
2020-04-05,316,208.555353080837
2020-04-05,187,137.640056088388
2020-04-05,214,139.2813690925
2020-04-05,357,235.39296067945
2020-04-05,456,204.937228756264
2020-04-05,188,227.085319206052
2020-04-05,61,180.975618649016
2020-04-05,204,174.694582868769
2020-04-05,455,316.468781570318
2020-04-05,368,242.031200473804
2020-04-05,201,147.403683816845
2020-04-05,257,245.612646594865
2020-04-05,182,157.251947449581
2020-04-05,326,175.726127643438
2020-04-05,129,159.723897352723
2020-04-05,541,258.536845404366
2020-04-05,386,182.296363059514
2020-04-05,612,196.771248420282
2020-04-05,161,269.516557025786
2020-04-05,149,246.538814320843
2020-04-05,45,135.43688797596
2020-04-05,89,124.118439291004
2020-04-05,249,261.315135098958
2020-04-05,268,237.076096425511
2020-04-05,233,139.625313609527
2020-04-05,245,268.601558229046
2020-04-05,322,178.079533369162
2020-04-05,240,151.533285777079
2020-04-05,239,234.936809796953
2020-04-05,115,171.144988926053
2020-04-05,363,288.30074179037
2020-04-05,143,172.747227047301
2020-04-05,177,225.78843634864
2020-04-05,126,148.211574835291
2020-04-05,251,100.178371292932
2020-04-05,182,235.2167374736
2020-04-05,176,208.26705575304
2020-04-05,110,227.265315340367
2020-04-05,493,147.655284650503
2020-04-05,393,243.823453028537
2020-04-05,205,205.369332403066
2020-04-05,129,122.578064672808
2020-04-05,219,157.307808979715
2020-04-05,171,194.593439662573
2020-04-05,63,61.5950665276152
2020-04-05,214,199.497220361776
2020-04-05,195,190.542938541546
2020-04-05,116,126.164215481698
2020-04-05,222,154.262665758178
2020-04-05,222,143.429038905016
2020-04-05,158,138.867647256496
2020-04-05,137,84.534299400255
2020-04-05,61,116.461596759399
2020-04-05,67,91.526196158681
2020-04-05,151,98.4360103211168
2020-04-05,371,162.978310609752
2020-04-05,212,200.234458746761
2020-04-05,139,121.000492486807
2020-04-05,83,175.475797901063
2020-04-05,279,130.673443242732
2020-04-05,74,70.7499268092397
2020-04-05,136,180.426539503954
2020-04-05,98,145.245376177145
2020-04-05,102,86.2313610276909
2020-04-05,203,149.829226963905
2020-04-05,209,124.675563450216
2020-04-05,270,305.764216224429
2020-04-05,195,175.245011867218
2020-04-05,225,195.4612899064
2020-04-05,216,114.670041891916
2020-04-05,263,227.236720949112
2020-04-05,471,277.00267150335
2020-04-05,294,273.568879780955
2020-04-05,374,188.060619784684
2020-04-05,174,135.624478534364
2020-04-05,512,170.54359566442
2020-04-05,185,213.951912159259
2020-04-05,141,255.929229333933
2020-04-05,233,66.2972706065232
2020-04-05,90,149.635227413789
2020-04-05,225,118.027052188544
2020-04-05,200,181.221584423039
2020-04-05,226,93.9744715671022
2020-04-05,204,136.045147990903
2020-04-05,285,290.129438897428
2020-04-05,326,180.173913871609
2020-04-05,503,184.137193969104
2020-04-05,224,94.3341917635862
2020-04-05,199,153.492629066749
2020-04-05,171,165.664927301146
2020-04-05,322,284.005537196871
2020-04-05,274,184.083247400458
2020-04-05,128,120.192797997806
2020-04-05,179,164.843198541568
2020-04-05,114,143.451594884172
2020-04-05,419,167.815107003213
2020-04-05,192,160.346950125567
2020-04-05,430,392.974307326684
2020-04-05,572,241.102285076339
2020-04-05,347,199.557690860124
2020-04-05,279,285.065861215898
2020-04-05,293,262.566702836485
2020-04-05,290,139.003573697776
2020-04-05,244,191.2573894528
2020-04-05,153,166.485956870071
2020-04-05,318,304.365605482424
2020-04-05,622,260.544411560301
2020-04-05,301,235.599773977453
2020-04-05,344,250.159746555224
2020-04-05,378,251.788562227316
2020-04-05,204,187.442487567775
2020-04-05,201,156.790442897067
2020-04-05,369,262.06342988004
2020-04-05,258,274.33556965102
2020-04-05,283,135.54374937632
2020-04-05,100,103.08345876739
2020-04-05,98,115.377235802971
2020-04-05,103,113.420114758412
2020-04-05,258,356.617949350554
2020-04-05,276,188.807125881669
2020-04-05,317,360.959969183236
2020-04-05,430,217.31997500223
2020-04-05,991,243.31758843292
2020-04-05,331,132.570643781527
2020-04-05,291,217.368481293847
2020-04-05,242,222.442089777907
2020-04-05,173,266.229433090544
2020-04-05,236,307.48302972254
2020-04-05,73,399.04498756781
2020-04-05,498,412.199633924734
2020-04-05,301,378.353178627212
2020-04-05,255,179.026408405728
2020-04-05,252,142.555281307053
2020-04-05,186,284.513118304634
2020-04-05,277,180.286341525109
2020-04-05,245,179.995652630509
2020-04-05,260,189.49915395944
2020-04-05,242,292.728927644606
2020-04-05,204,185.806957536476
2020-04-05,209,239.951605324364
2020-04-05,218,272.01852273071
2020-04-05,229,216.557515382832
2020-04-05,172,141.165418902762
2020-04-05,408,185.209604618247
2020-04-05,257,190.94961778835
2020-04-05,129,323.252980216851
2020-04-05,708,262.450090801197
2020-04-05,206,281.506244152336
2020-04-05,195,98.4203446434166
2020-04-05,198,318.80236047068
2020-04-05,427,495.540387050579
2020-04-05,452,462.443109335262
2020-04-05,198,195.813507801658
2020-04-05,187,200.5196734814
2020-04-05,356,212.784522806273
2020-04-05,259,228.02779948517
2020-04-05,189,218.084715225661
2020-04-05,395,259.024773253898
2020-04-05,140,183.508427074568
2020-04-05,159,190.71185819833
2020-04-05,193,128.557951771918
2020-04-05,198,246.59898739591
2020-04-05,162,180.947918723825
2020-04-05,170,191.451240920882
2020-04-05,285,141.491208504666
2020-04-05,227,238.492039498282
2020-04-05,381,224.994898163417
2020-04-05,123,208.35502334527
2020-04-05,425,174.881061221625
2020-04-05,224,266.571184433121
2020-04-05,137,151.660448552332
2020-04-05,314,142.133414768732
2020-04-05,157,124.624695692325
2020-04-05,106,174.123824084854
2020-04-05,317,346.609173106661
2020-04-05,178,138.188446059918
2020-04-05,318,285.800382664074
2020-04-05,261,228.940591311594
2020-04-05,448,183.256059306642
2020-04-05,126,255.116624825446
2020-04-05,323,316.548383639541
2020-04-05,288,177.672769193065
2020-04-05,417,232.602085214958
2020-04-05,199,194.519015256384
2020-04-05,190,236.498187376754
2020-04-05,157,195.10009589763
2020-04-05,310,105.993844064238
2020-04-05,314,154.710780593102
2020-04-05,253,348.377664626248
2020-04-05,353,191.425766878765
2020-04-05,425,347.33836461966
2020-04-05,388,237.353166437686
2020-04-05,344,203.352228347528
2020-04-05,249,321.063148561885
2020-04-05,151,147.442040081032
2020-04-05,256,223.760600266217
2020-04-05,169,191.170037359317
2020-04-05,256,163.099970681061
2020-04-05,169,172.134361997762
2020-04-05,236,163.205067671258
2020-04-05,172,168.897851484353
2020-04-05,416,262.546483476255
2020-04-05,483,247.366864200307
2020-04-05,309,201.093760077345
2020-04-05,268,245.688690939062
2020-04-05,194,213.428901136279
2020-04-05,202,239.981642015657
2020-04-05,192,267.488432273698
2020-04-05,250,156.966261939833
2020-04-05,471,240.146426864519
2020-04-05,79,155.575949433911
2020-04-05,275,173.607614217017
2020-04-05,200,282.015048882365
2020-04-05,265,263.228547010928
2020-04-05,427,373.498952822126
2020-04-05,284,157.471303008969
2020-04-05,350,349.670240928748
2020-04-05,248,235.738046507174
2020-04-05,362,302.945237013138
2020-04-05,210,295.26041470634
2020-04-05,373,188.578707237956
2020-04-05,223,236.985915541165
2020-04-05,262,229.953209614088
2020-04-05,336,212.142180108022
2020-04-05,164,229.261429479822
2020-04-05,214,246.031877092824
2020-04-05,161,143.213466986381
2020-04-05,175,207.260197107834
2020-04-05,174,180.003315127257
2020-04-05,401,370.504669600383
2020-04-05,405,347.125321605969
2020-04-05,388,192.682269483071
2020-04-05,387,322.308504002072
2020-04-05,200,131.728195160937
2020-04-05,193,323.196423775394
2020-04-05,410,146.121130458959
2020-04-05,159,180.626154835893
2020-04-05,140,221.643648339194
2020-04-05,349,268.012257622408
2020-04-05,195,172.743504838736
2020-04-05,305,235.454537925348
2020-04-05,282,148.903396679611
2020-04-05,203,155.200244722935
2020-04-05,412,177.684506618793
2020-04-05,132,158.45353692726
2020-04-05,244,242.774999321324
2020-04-05,192,216.837266500779
2020-04-05,165,154.609197235029
2020-04-05,174,147.564713122989
2020-04-05,120,91.5484626664247
2020-04-05,130,152.687719244317
2020-04-05,205,139.696646202564
2020-04-05,355,190.141758818777
2020-04-05,196,191.524651178901
2020-04-05,173,114.295928451222
2020-04-05,250,146.369966567283
2020-04-05,161,209.75064399663
2020-04-05,265,137.740555139282
2020-04-05,203,79.8204771945757
2020-04-05,278,307.240248581757
2020-04-05,235,229.556248710694
2020-04-05,205,215.226056779484
2020-04-05,657,227.926549290313
2020-04-05,163,183.47806184951
2020-04-05,153,209.019586039716
2020-04-05,198,126.654073042688
2020-04-05,225,253.980227324728
2020-04-05,428,193.30944977317
2020-04-05,243,179.758892599334
2020-04-05,224,199.665655368497
2020-04-05,238,160.919350849897
2020-04-05,125,286.671238397758
2020-04-05,208,211.743562281369
2020-04-05,422,250.494043605204
2020-04-05,339,222.283965407588
2020-04-05,212,340.909221915771
2020-04-05,325,164.771955671693
2020-04-05,355,223.932918991361
2020-04-05,247,159.925370650323
2020-04-05,211,236.230821514705
2020-04-05,237,157.095848638745
2020-04-05,301,198.803019101988
2020-04-05,184,164.634620381193
2020-04-05,214,189.825617193477
2020-04-05,370,183.11620411811
2020-04-05,109,287.622495700242
2020-04-05,453,238.649356388338
2020-04-05,187,243.549340482408
2020-04-05,115,226.382400676728
2020-04-05,215,306.819554841288
2020-04-05,270,191.894773778811
2020-04-05,473,233.260803794922
2020-04-05,383,369.498220813909
2020-04-05,284,518.625429582524
2020-04-05,184,274.69749694159
2020-04-05,235,135.84347798068
2020-04-05,190,154.795142724307
2020-04-05,296,197.579546304761
2020-04-05,346,215.821664633444
2020-04-05,167,126.747154587598
2020-04-05,193,188.685114371774
2020-04-05,109,104.105633625597
2020-04-05,206,138.836862542941
2020-04-05,83,118.781680217297
2020-04-05,257,139.113029592317
2020-04-05,94,168.599101225951
2020-04-05,227,126.509694940873
2020-04-05,110,184.899652237426
2020-04-05,313,176.582610601127
2020-04-05,92,105.035675061892
2020-04-05,99,154.549747541146
2020-04-05,223,132.670307059049
2020-04-05,524,96.231709695347
2020-04-05,257,184.467833416218
2020-04-05,54,151.121159866325
2020-04-05,60,128.041798711086
2020-04-05,148,84.8962868482799
2020-04-05,157,95.9824520552087
2020-04-05,275,68.1613036365482
2020-04-05,60,79.0959590666215
2020-04-05,236,91.8923062106165
2020-04-05,204,118.54480255227
2020-04-05,188,99.2612247782409
2020-04-05,97,187.046803998434
2020-04-05,83,95.8274948328507
2020-04-05,82,120.390377047657
2020-04-05,159,110.179619391101
2020-04-05,105,242.361167061041
2020-04-05,457,177.784888499021
2020-04-05,72,180.811124804268
2020-04-05,212,218.519418974269
2020-04-05,172,145.201184759405
2020-04-05,288,169.174232400401
2020-04-05,184,172.127014069722
2020-04-05,368,171.170278652575
2020-04-05,105,180.585203639884
2020-04-05,512,189.372310415059
2020-04-05,46,211.003331427251
2020-04-05,141,184.291065320322
2020-04-05,202,54.9328503754756
2020-04-05,93,124.891295040374
2020-04-05,270,161.341591255264
2020-04-05,259,131.304841367367
2020-04-05,139,129.548852250716
2020-04-05,91,142.271760026958
2020-04-05,261,156.391255760898
2020-04-05,119,128.434324570217
2020-04-05,301,68.9103630279427
2020-04-05,207,95.9643878975966
2020-04-05,97,120.55819656982
2020-04-05,46,112.206337173627
2020-04-05,116,170.577561090333
2020-04-05,207,108.017172369347
2020-04-05,20,260.194221658233
2020-04-05,44,139.084533100746
2020-04-05,608,136.528678217105
2020-04-05,218,211.130964230098
2020-04-05,163,443.190812007939
2020-04-05,609,250.727120316588
2020-04-05,636,377.592629896192
2020-04-05,639,319.602195956833
2020-04-05,468,341.317941566857
2020-04-05,505,274.579377400651
2020-04-05,440,523.615425590012
2020-04-05,376,219.683173588584
2020-04-05,464,193.364902189841
2020-04-05,212,153.778888216815
2020-04-05,111,167.872099860954
2020-04-05,189,167.180410689782
2020-04-05,332,139.844123400646
2020-04-05,124,166.862250614561
2020-04-05,299,211.891921131197
2020-04-05,125,247.23608025923
2020-04-05,229,160.972473209906
2020-04-05,289,148.743782887532
2020-04-05,185,336.636114793537
2020-04-05,524,158.478427729311
2020-04-05,220,271.917144112375
2020-04-05,494,271.37908159823
2020-04-05,152,219.366856330488
2020-04-05,203,288.078769240293
2020-04-05,205,169.266486410302
2020-04-05,86,82.3882153110679
2020-04-05,123,169.524454876805
2020-04-05,274,192.964497475048
2020-04-05,161,151.395031511501
2020-04-05,46,69.085574569965
2020-04-05,115,79.3981162388152
2020-04-05,212,178.716479456415
2020-04-05,297,157.243096491658
2020-04-05,203,144.831039548833
2020-04-05,198,186.88071100069
2020-04-05,165,188.193358494719
2020-04-05,322,282.987822020372
2020-04-05,266,135.118368369484
2020-04-05,332,154.420004844231
2020-04-05,271,232.476679518023
2020-04-05,149,154.743332517378
2020-04-05,371,295.692656419802
2020-04-05,421,251.846794463269
2020-04-05,433,248.388611277934
2020-04-05,325,267.509002548341
2020-04-05,263,159.458831917962
2020-04-05,256,181.382856244177
2020-04-05,287,220.470046014857
2020-04-05,190,280.68840101804
2020-04-05,190,336.980289534181
2020-04-05,467,231.185677202348
2020-04-05,521,316.304022755171
2020-04-05,350,251.990190740461
2020-04-05,372,294.901416314974
2020-04-05,163,189.952925208072
2020-04-05,247,186.01848245844
2020-04-05,111,135.876177546019
2020-04-05,261,225.860754677197
2020-04-05,280,177.478980865604
2020-04-05,244,193.94258638663
2020-04-05,153,205.841279876452
2020-04-05,293,157.81084075473
2020-04-05,478,197.151171101315
2020-04-05,185,150.564656584599
2020-04-05,472,354.560154545155
2020-04-05,91,218.482428934074
2020-04-05,431,232.919918386242
2020-04-05,172,257.150742326277
2020-04-05,213,219.786102085749
2020-04-05,268,213.22510021778
2020-04-05,292,242.870739127441
2020-04-05,193,302.530008203298
2020-04-05,286,269.4013594048
2020-04-05,150,184.166410968269
2020-04-05,222,278.704306792781
2020-04-05,456,207.874500660019
2020-04-05,272,213.128966795996
2020-04-05,428,204.888714968532
2020-04-05,261,242.476499696263
2020-04-05,191,237.633036537193
2020-04-05,210,186.342098921902
2020-04-05,197,193.737787611802
2020-04-05,182,223.311662446047
2020-04-05,140,133.836068287423
2020-04-05,589,196.18543339879
2020-04-05,367,245.568698769951
2020-04-05,193,231.159083423699
2020-04-05,274,280.185568772831
2020-04-05,320,204.000661591583
2020-04-05,475,232.87564798832
2020-04-05,188,259.320788423618
2020-04-05,285,256.830551339542
2020-04-05,148,201.632718779439
2020-04-05,556,239.834673963443
2020-04-05,171,308.245800304877
2020-04-05,323,205.531256807114
2020-04-05,142,195.813378465319
2020-04-05,321,328.63983772865
2020-04-05,180,369.428438244911
2020-04-05,188,251.882989745708
2020-04-05,163,212.170298728714
2020-04-05,308,179.190902901018
2020-04-05,339,386.88364863984
2020-04-05,302,197.556768973788
2020-04-05,183,174.273698333389
2020-04-05,268,185.089926327576
2020-04-05,186,137.702652158723
2020-04-05,181,123.565380285068
2020-04-05,366,196.70587186677
2020-04-05,259,139.292419788219
2020-04-05,136,272.188531074242
2020-04-05,252,201.970985339469
2020-04-05,201,235.290229466708
2020-04-05,95,185.74491791309
2020-04-05,119,101.671843588606
2020-04-05,84,185.420655995603
2020-04-05,76,114.507715757534
2020-04-05,134,103.165339032563
2020-04-05,153,161.09173860262
2020-04-05,322,219.514840251354
2020-04-05,273,298.916326795702
2020-04-05,264,185.383801916252
2020-04-05,270,109.617639309459
2020-04-05,193,265.5651856279
2020-04-05,329,211.392013571922
2020-04-05,160,179.930729489337
2020-04-05,240,171.087599703066
2020-04-05,195,250.80877087891
2020-04-05,638,288.964962714832
2020-04-05,177,209.724295897094
2020-04-05,273,148.77850196639
2020-04-05,410,276.117241229262
2020-04-05,227,293.009959102764
2020-04-05,389,171.105662960909
2020-04-05,264,284.651554684962
2020-04-05,309,151.844348400574
2020-04-05,353,155.889673563048
2020-04-05,171,190.938086954628
2020-04-05,231,198.287660288791
2020-04-05,263,347.063167952601
2020-04-05,164,133.845346414551
2020-04-05,319,238.015617886411
2020-04-05,137,172.738832093724
2020-04-05,439,156.845148284721
2020-04-05,210,211.947851042777
2020-04-05,202,177.352994256269
2020-04-05,384,179.035698284331
2020-04-05,149,199.055150995749
2020-04-05,160,200.406401488237
2020-04-05,176,232.007433529516
2020-04-05,515,189.315741652779
2020-04-05,331,342.390944958257
2020-04-05,317,349.309683522416
2020-04-05,331,284.484836926006
2020-04-05,389,211.382968651841
2020-04-05,260,246.355315834331
2020-04-05,387,293.764108607941
2020-04-05,97,157.692496045907
2020-04-05,233,191.341729580418
2020-04-05,162,264.786779879222
2020-04-05,86,186.144091793133
2020-04-05,152,262.802101471461
2020-04-05,126,216.762306640013
2020-04-05,420,166.811808007606
2020-04-05,309,198.835037970961
2020-04-05,156,187.133293956056
2020-04-05,307,175.245131294929
2020-04-05,171,174.358398515867
2020-04-05,347,278.758316601409
2020-04-05,93,211.30984631298
2020-04-05,314,166.760792402972
2020-04-05,97,131.783374991728
2020-04-05,205,171.445219997013
2020-04-05,162,170.014174685172
2020-04-05,199,193.968055925108
2020-04-05,75,213.228203334489
2020-04-05,155,137.912922432523
2020-04-05,225,135.150177937505
2020-04-05,196,490.296744907744
2020-04-05,245,251.517963744895
2020-04-05,361,257.05543813718
2020-04-05,150,148.950407436371
2020-04-05,499,273.161756713974
2020-04-05,284,253.220931588153
2020-04-05,431,250.712819905282
2020-04-05,189,223.344961573206
2020-04-05,275,350.657139048461
2020-04-05,461,191.120880392561
2020-04-05,126,145.560640762827
2020-04-05,167,147.888388248704
2020-04-05,379,240.490239284446
2020-04-05,169,157.858715861032
2020-04-05,326,202.162856680218
2020-04-05,236,187.190499171711
2020-04-05,222,216.669129484904
2020-04-05,357,225.145611195975
2020-04-05,70,235.61700233091
2020-04-05,146,114.439320162275
2020-04-05,229,191.078068325239
2020-04-05,141,178.609504066102
2020-04-05,462,317.724665800118
2020-04-05,387,292.872827583387
2020-04-05,45,264.174520585544
2020-04-05,449,277.088681630682
2020-04-05,476,294.364929977815
2020-04-05,114,217.08366370324
2020-04-05,225,194.256112440713
2020-04-05,355,281.377125530566
2020-04-05,286,310.218478117338
2020-04-05,333,284.028869685005
2020-04-05,207,182.91337645902
2020-04-05,173,130.838700067797
2020-04-05,113,108.029726337897
2020-04-05,262,118.301192333899
2020-04-05,222,244.377678452343
2020-04-05,198,255.577244056374
2020-04-05,228,213.431543178882
2020-04-05,250,158.504039970415
2020-04-05,129,138.436644298055
2020-04-05,127,236.232643656483
2020-04-05,596,506.901211451544
2020-04-05,218,196.460917020112
2020-04-05,298,307.493013866418
2020-04-05,348,303.83814344109
2020-04-05,534,449.065245116977
2020-04-05,519,338.370998665259
2020-04-05,437,374.322867608823
2020-04-05,454,731.207459168889
2020-04-05,226,204.330305447383
2020-04-05,427,378.839985365135
2020-04-05,109,611.492860677121
2020-04-05,287,338.166851912046
2020-04-05,258,284.762023096199
2020-04-05,973,256.919570481072
2020-04-05,383,404.872191509911
2020-04-05,119,300.637523867036
2020-04-05,565,700.083068216211
2020-04-05,174,216.94571533207
2020-04-05,266,275.550762908839
2020-04-05,309,395.892841287052
2020-04-05,376,229.65632942077
2020-04-05,277,249.98646079832
2020-04-05,342,244.510221177332
2020-04-05,169,138.84580253378
2020-04-05,496,280.003642794414
2020-04-05,531,382.536626221222
2020-04-05,357,392.588733111334
2020-04-05,354,295.23869350824
2020-04-05,217,135.980189599716
2020-04-05,408,301.091074864693
2020-04-05,323,231.05465059623
2020-04-05,320,191.925322684346
2020-04-05,251,330.323202735065
2020-04-05,152,207.667725381151
2020-04-05,183,223.396206765059
2020-04-05,512,307.636261014856
2020-04-05,461,288.570931040541
2020-04-05,382,425.391620242678
2020-04-05,213,485.60956959735
2020-04-05,486,313.266030577497
2020-04-05,216,234.006950624149
2020-04-05,224,189.202098590242
2020-04-05,338,255.487143588957
2020-04-05,263,599.498380405071
2020-04-05,0,182.092662243606
2020-04-05,0,295.574741540778
2020-04-05,0,84.4158093937005
2020-04-05,339,357.685379716155
2020-04-05,141,355.15117949089
2020-04-05,231,315.458304303253
2020-04-05,190,205.146116185334
2020-04-05,176,254.554423499508
2020-04-05,125,242.0016306525
2020-04-05,553,203.49073750299
2020-04-05,238,318.926506263317
2020-04-05,171,357.495302817188
2020-04-05,673,428.705401466298
2020-04-05,766,211.707962839658
2020-04-05,553,469.849444758242
2020-04-05,183,417.607678854656
2020-04-05,312,532.284267848046
2020-04-05,327,288.743135588147
2020-04-05,524,180.833439811487
2020-04-05,295,284.363083538221
2020-04-05,366,282.573162200302
2020-04-05,398,350.011096347668
2020-04-05,568,506.904502433453
2020-04-05,449,285.677653109122
2020-04-05,921,564.165057125779
2020-04-05,270,444.086300921804
2020-04-05,797,460.556047362641
2020-04-05,448,189.026865698762
2020-04-05,346,384.003273049768
2020-04-05,429,477.274140144627
2020-04-05,584,412.417215159531
2020-04-05,493,234.881887397025
2020-04-05,270,509.578812897755
2020-04-05,220,302.217067414397
2020-04-05,593,455.639370269428
2020-04-05,676,303.71499913469
2020-04-05,521,230.292431772855
2020-04-05,416,726.380405085961
2020-04-05,467,366.607192967669
2020-04-05,161,816.288913222209
2020-04-05,246,441.8923759947
2020-04-05,799,606.408441006585
2020-04-05,455,342.454001786964
2020-04-05,538,426.526439083406
2020-04-05,710,264.348911342936
2020-04-05,83,242.54440167367
2020-04-05,311,345.072491086748
2020-04-05,378,410.326231816015
2020-04-05,395,340.60412948379
2020-04-05,520,380.55590827182
2020-04-05,223,210.856442281358
2020-04-05,232,159.346331497727
2020-04-05,266,136.613892370315
2020-04-05,210,400.688872112873
2020-04-05,522,550.042718968815
2020-04-05,537,576.246007667208
2020-04-05,681,386.499827766869
2020-04-05,609,527.188574056095
2020-04-05,638,493.490546849224
2020-04-05,1472,952.642726862217
2020-04-05,1173,547.83956094362
2020-04-05,365,305.111135591052
2020-04-05,443,297.776375446503
2020-04-05,335,345.515132622065
2020-04-05,291,195.071286808178
2020-04-05,352,341.260011679116
2020-04-05,585,256.278781604391
2020-04-05,339,319.855860965516
2020-04-05,389,290.727307849585
2020-04-05,423,330.223229351463
2020-04-05,346,186.159321332887
2020-04-05,343,226.756113517372
2020-04-05,283,279.595630621679
2020-04-05,427,411.95303200489
2020-04-05,271,332.585873800593
2020-04-05,221,197.618191260285
2020-04-05,409,495.307137513375
2020-04-05,921,858.050570728866
2020-04-05,1097,511.327817067622
2020-04-05,739,488.21054235506
2020-04-05,662,468.867889832198
2020-04-05,485,499.196286452773
2020-04-05,2187,838.811514322997
2020-04-05,1095,429.366459873852
2020-04-05,86,617.812650490734
2020-04-05,400,133.172024812374
2020-04-05,253,145.064306924888
2020-04-05,162,300.536122683069
2020-04-05,157,276.270800172143
2020-04-05,231,239.570620245124
2020-04-05,343,168.500248808481
2020-04-05,551,380.241173822306
2020-04-05,326,432.088758222225
2020-04-05,335,303.306463320797
2020-04-05,492,320.308481027347
2020-04-05,366,274.283009795119
2020-04-05,323,203.332791568167
2020-04-05,409,425.273026782717
2020-04-05,545,309.897557832704
2020-04-05,255,234.015514853808
2020-04-05,465,269.642459924748
2020-04-05,471,328.218355557725
2020-04-05,714,250.297875806433
2020-04-05,462,383.283938918335
2020-04-05,680,260.625904013915
2020-04-05,345,291.631216549478
2020-04-05,673,313.281077492827
2020-04-05,393,162.852881764233
2020-04-05,503,375.981162525002
2020-04-05,491,257.127621112583
2020-04-05,572,427.625412043166
2020-04-05,613,316.974105196384
2020-04-05,270,263.831441266441
2020-04-05,442,301.43490502048
2020-04-05,241,228.148376016397
2020-04-05,364,323.402960006265
2020-04-05,827,417.588419811761
2020-04-05,197,285.429541408286
2020-04-05,396,396.994024420017
2020-04-05,292,265.877067222815
2020-04-05,606,334.752115033492
2020-04-05,432,552.6823104558
2020-04-05,362,290.224590322795
2020-04-05,214,150.197375121365
2020-04-05,428,253.506023898005
2020-04-05,694,207.887584303514
2020-04-05,377,368.432378036537
2020-04-05,506,221.382971950269
2020-04-05,313,335.639849074377
2020-04-05,329,387.81322435354
2020-04-05,298,182.622345620931
2020-04-05,320,321.933462174799
2020-04-05,648,547.300934687701
2020-04-05,375,520.461783990031
2020-04-05,679,376.658030768842
2020-04-05,297,434.363601395528
2020-04-05,237,246.080046171009
2020-04-05,403,281.437349515256
2020-04-05,299,178.49467003941
2020-04-05,425,224.46507947673
2020-04-05,182,376.851423812672
2020-04-05,334,539.54366032551
2020-04-05,456,347.858150609648
2020-04-05,417,390.609027870757
2020-04-05,291,297.874412446156
2020-04-05,508,411.956857717214
2020-04-05,783,529.457043415019
2020-04-05,851,634.924190289366
2020-04-05,733,525.198265598572
2020-04-05,758,350.645667076193
2020-04-05,471,306.902915720976
2020-04-05,550,320.570861585024
2020-04-05,464,425.457739909139
2020-04-05,674,264.925649814578
2020-04-05,288,540.406999492137
2020-04-05,541,944.162386273422
2020-04-05,230,442.351657112174
2020-04-05,1219,302.456350381411
2020-04-05,545,269.191997818319
2020-04-05,305,441.046151469021
2020-04-05,497,359.556599308537
2020-04-05,750,800.657961574902
2020-04-05,643,383.809464832438
2020-04-05,392,403.028307354532
2020-04-05,266,230.782371395049
2020-04-05,585,364.570965678501
2020-04-05,580,233.819899065778
2020-04-05,227,416.258974067096
2020-04-05,595,375.624184340013
2020-04-05,7,340.983115463163
2020-04-05,298,144.448653601521
2020-04-05,294,268.414266720038
2020-04-05,548,377.072160994676
2020-04-05,174,387.003244559484
2020-04-05,604,386.060843481899
2020-04-05,240,267.990382094584
2020-04-05,344,298.755218984092
2020-04-05,296,336.829888782494
2020-04-05,621,290.335735442145
2020-04-05,229,226.185216102969
2020-04-05,256,259.251645840362
2020-04-05,409,279.758803508671
2020-04-05,523,315.498506616912
2020-04-05,506,280.481963754556
2020-04-05,513,395.699775250674
2020-04-05,529,232.785706196708
2020-04-05,363,295.566267303783
2020-04-05,541,343.835659256869
2020-04-05,380,309.930256572488
2020-04-05,324,325.373872740764
2020-04-05,695,265.657774465487
2020-04-05,334,375.593201427788
2020-04-05,381,293.35974360343
2020-04-05,483,306.679393481536
2020-04-05,516,470.698502871395
2020-04-05,448,230.507380823236
2020-04-05,408,134.166534573244
2020-04-05,318,120.21903445212
2020-04-05,255,141.702113142944
2020-04-05,406,270.981953443052
2020-04-05,445,290.922702036165
2020-04-05,248,172.350006481684
2020-04-05,369,408.099255893336
2020-04-05,758,381.687179268241
2020-04-05,274,524.768913826837
2020-04-05,326,324.274109055415
2020-04-05,534,189.281838514782
2020-04-05,103,464.070998774476
2020-04-05,613,390.417065809811
2020-04-05,849,678.588813226609
2020-04-05,750,274.357002821869
2020-04-05,411,323.041282382389
2020-04-05,544,261.880922426324
2020-04-05,1441,367.746879073347
2020-04-05,291,304.032415540787
2020-04-05,376,354.971494743064
2020-04-05,226,348.525278022964
2020-04-05,310,314.209586437159
2020-04-05,539,466.804142506218
2020-04-05,1095,638.468817822767
2020-04-05,502,476.554161016627
2020-04-05,639,378.079335633873
2020-04-05,325,393.963368052009
2020-04-05,784,334.62611504343
2020-04-05,582,240.247345696636
2020-04-05,268,465.677216936365
2020-04-05,372,264.613333836258
2020-04-05,233,271.750322990413
2020-04-05,153,149.759239835104
2020-04-05,712,193.551807650313
2020-04-05,265,307.538401795862
2020-04-05,683,207.016579362416
2020-04-05,420,158.034200204966
2020-04-05,562,236.409641346483
2020-04-05,455,249.792130428227
2020-04-05,182,270.391361815323
2020-04-05,257,227.884347786139
2020-04-05,257,249.484068952939
2020-04-05,440,352.900921663785
2020-04-05,530,219.207773892503
2020-04-05,251,164.682559195029
2020-04-05,138,302.538709123997
2020-04-05,252,94.2167567348892
2020-04-05,210,260.73887038317
2020-04-05,82,156.860648990042
2020-04-05,212,150.386940168034
2020-04-05,263,273.634948270238
2020-04-05,651,244.624502207886
2020-04-05,57,229.213887252153
2020-04-05,117,197.628646991125
2020-04-05,543,180.415672102006
2020-04-05,303,234.816660581168
2020-04-05,180,131.773414391178
2020-04-05,282,160.857375617678
2020-04-05,234,197.80495518731
2020-04-05,23,125.202702459667
2020-04-05,159,75.9187363228454
2020-04-05,135,92.5236872316427
2020-04-05,98,114.520550013077
2020-04-05,110,113.526170172609
2020-04-05,179,128.069645337291
2020-04-05,95,179.104778959897
2020-04-05,107,93.2535317330427
2020-04-05,72,107.029889179861
2020-04-05,355,155.850144028585
2020-04-05,129,122.197351165961
2020-04-05,160,130.118226027729
2020-04-05,135,83.1077614110454
2020-04-05,91,144.526907599576
2020-04-05,487,90.4156600545581
2020-04-05,291,231.713244873602
2020-04-05,78,142.06869379323
2020-04-05,61,171.726970587111
2020-04-05,73,87.369325145017
2020-04-05,81,130.24167617179
2020-04-05,265,214.364013769659
2020-04-05,363,212.376184208843
2020-04-05,349,239.59584352024
2020-04-05,524,160.100009359398
2020-04-05,200,238.811685633201
2020-04-05,245,186.392864035356
2020-04-05,347,158.617140429011
2020-04-05,220,144.826774908729
2020-04-05,168,211.082879420003
2020-04-05,349,322.138748630544
2020-04-05,115,139.861126107174
2020-04-05,293,267.824707407572
2020-04-05,206,239.788846580418
2020-04-05,641,415.511449589968
2020-04-05,268,485.948463880057
2020-04-05,313,277.109803624398
2020-04-05,505,340.492119923941
2020-04-05,273,250.117228580786
2020-04-05,437,377.514332998051
2020-04-05,383,273.417362864845
2020-04-05,831,393.386987278322
2020-04-05,377,314.829654745826
2020-04-05,667,204.740944197237
2020-04-05,312,67.6169661196368
2020-04-05,166,120.073296934518
2020-04-05,197,142.962437350614
2020-04-05,363,175.063550527482
2020-04-05,307,139.976681443747
2020-04-05,396,316.857206662745
2020-04-05,454,185.805192354104
2020-04-05,306,176.058022797874
2020-04-05,365,249.020725209218
2020-04-05,286,226.376735718869
2020-04-05,137,179.524898655312
2020-04-05,363,128.253502211311
2020-04-05,218,227.882716910429
2020-04-05,315,353.212358267529
2020-04-05,546,340.789723810157
