"day","empirical","homo","power","exp","err_tag"
2019-08-26,95,11.5920192234445,901,0.172895626452943,"srmspe"
2019-08-26,0,11.5994319483604,1703,0.326948660751229,"srmspe"
2019-08-26,167,11.5864011582451,914,0.175370968543084,"srmspe"
2019-08-26,198,11.583982269062,1148,0.220272914060296,"srmspe"
2019-08-26,154,11.5874155311283,908,0.174200949958825,"srmspe"
2019-08-26,95,11.5920192234445,726,0.139272246701244,"srmspe"
2019-08-26,62,11.5945941699942,533,0.10227516648117,"srmspe"
2019-08-26,112,11.590692735828,1155,0.221622491800018,"srmspe"
2019-08-26,70,11.5939699405276,544,0.10437258259562,"srmspe"
2019-08-26,111,11.5907707645113,460,0.0882668417268603,"srmspe"
2019-08-26,138,11.5886639900615,618,0.118579305736183,"srmspe"
2019-08-26,95,11.5920192234445,976,0.187253077213396,"srmspe"
2019-08-26,78,11.593345711061,511,0.098043548543953,"srmspe"
2019-08-26,39,11.5963888297107,574,0.110148861977752,"srmspe"
2019-08-26,129,11.5893662482114,800,0.153520469525369,"srmspe"
2019-08-26,142,11.5883518753282,724,0.13894287436727,"srmspe"
2019-08-26,242,11.5805490069957,2637,0.505947766411137,"srmspe"
2019-08-26,65,11.5943600839442,2387,0.458088729570773,"srmspe"
2019-08-26,664,11.5476209026326,4620,0.886388663041126,"srmspe"
2019-08-26,174,11.5858549574618,2251,0.431923052670472,"srmspe"
2019-08-26,471,11.5626804385143,1843,0.353681923341963,"srmspe"
2019-08-26,101,11.5915510513445,629,0.120692159955852,"srmspe"
2019-08-26,271,11.5782861751793,1950,0.374191280397221,"srmspe"
2019-08-26,109,11.5909268218779,882,0.169261500005633,"srmspe"
2019-08-26,429,11.5659576432139,3624,0.695244894033846,"srmspe"
2019-08-26,92,11.5922533094945,1744,0.334674844093835,"srmspe"
2019-08-26,64,11.5944381126276,1163,0.223211951858491,"srmspe"
2019-08-26,61,11.5946721986775,641,0.122968844105122,"srmspe"
2019-08-26,98,11.5917851373945,546,0.104769740273057,"srmspe"
2019-08-26,90,11.5924093668611,399,0.0765898553270437,"srmspe"
2019-08-26,163,11.5867132729784,938,0.179988587237544,"srmspe"
2019-08-26,147,11.5879617319116,626,0.120098176357422,"srmspe"
2019-08-26,141,11.5884299040115,678,0.130097826710756,"srmspe"
2019-08-26,86,11.5927214815944,1102,0.211424837338023,"srmspe"
2019-08-26,310,11.5752430565296,1267,0.24308364895281,"srmspe"
2019-08-26,55,11.5951403707775,516,0.099015492091512,"srmspe"
2019-08-26,79,11.5932676823777,279,0.0536130301151449,"srmspe"
2019-08-26,291,11.5767256015128,2227,0.427321144303662,"srmspe"
2019-08-26,65,11.5943600839442,1172,0.224935313000807,"srmspe"
2019-08-26,432,11.565723557164,2316,0.444372470558883,"srmspe"
2019-08-26,105,11.5912389366112,264,0.0506581772645213,"srmspe"
2019-08-26,1005,11.5210131216187,6962,1.33581572091741,"srmspe"
2019-08-26,99,11.5917071087112,611,0.117266590165691,"srmspe"
2019-08-26,105,11.5912389366112,865,0.165991160061752,"srmspe"
2019-08-26,85,11.5927995102777,272,0.0521999433699428,"srmspe"
2019-08-26,32,11.596935030494,398,0.0763679183649188,"srmspe"
2019-08-26,36,11.5966229157607,501,0.0961177983540479,"srmspe"
2019-08-26,53,11.5952964281441,574,0.110183617260791,"srmspe"
2019-08-26,149,11.5878056745449,1652,0.31695497635924,"srmspe"
2019-08-26,163,11.5867132729784,1949,0.373900527609655,"srmspe"
2019-08-26,549,11.5565942012149,1914,0.367149489941443,"srmspe"
2019-08-26,296,11.5763354580962,1888,0.362208245216564,"srmspe"
2019-08-26,272,11.578208146496,2017,0.387063857280499,"srmspe"
2019-08-26,44,11.5959986862941,732,0.140447389754896,"srmspe"
2019-08-26,61,11.5946721986775,188,0.0360922165763203,"srmspe"
2019-08-26,54,11.5952183994608,294,0.0564309668582444,"srmspe"
2019-08-26,37,11.5965448870773,184,0.0353410681039262,"srmspe"
2019-08-26,126,11.5896003342614,914,0.175377888897661,"srmspe"
2019-08-26,196,11.5841383264287,982,0.188427178272201,"srmspe"
2019-08-26,81,11.593111625011,1062,0.203768604142367,"srmspe"
2019-08-26,71,11.5938919118443,768,0.147357066910586,"srmspe"
2019-08-26,37,11.5965448870773,615,0.117991565935947,"srmspe"
2019-08-26,122,11.5899124489947,527,0.101104221203559,"srmspe"
2019-08-26,115,11.590458649778,668,0.128149411895264,"srmspe"
2019-08-26,256,11.5794566054292,2268,0.43522794420554,"srmspe"
2019-08-26,231,11.5814073225123,957,0.18365382671587,"srmspe"
2019-08-26,294,11.5764915154628,1886,0.361795761911123,"srmspe"
2019-08-26,13,11.5984175754771,857,0.164426973860823,"srmspe"
2019-08-26,179,11.5854648140452,1564,0.300135664643792,"srmspe"
2019-08-26,156,11.5872594737617,2203,0.422717767473176,"srmspe"
2019-08-26,47,11.5957646002441,1866,0.358103693132253,"srmspe"
2019-08-26,349,11.5721999378799,2053,0.393888836021937,"srmspe"
2019-08-26,255,11.5795346341125,904,0.173505813823064,"srmspe"
2019-08-26,223,11.5820315519789,1064,0.204198095451956,"srmspe"
2019-08-26,205,11.5834360682787,1888,0.362260722273456,"srmspe"
2019-08-26,112,11.590692735828,1428,0.273998796002167,"srmspe"
2019-08-26,203,11.5835921256454,1697,0.325638063123795,"srmspe"
2019-08-26,101,11.5915510513445,1216,0.233359370816628,"srmspe"
2019-08-26,72,11.593813883161,771,0.147946164641561,"srmspe"
2019-08-26,88,11.5925654242278,766,0.146968474912631,"srmspe"
2019-08-26,151,11.5876496171783,799,0.153307616667671,"srmspe"
2019-08-26,66,11.5942820552609,618,0.118561673838602,"srmspe"
2019-08-26,62,11.5945941699942,369,0.0708059212838728,"srmspe"
2019-08-26,64,11.5944381126276,447,0.0857676531924986,"srmspe"
2019-08-26,288,11.5769596875628,1059,0.203157325983483,"srmspe"
2019-08-26,87,11.5926434529111,508,0.0974557801160546,"srmspe"
2019-08-26,73,11.5937358544776,903,0.173271593187154,"srmspe"
2019-08-26,110,11.5908487931946,1021,0.195885456507618,"srmspe"
2019-08-26,27,11.5973251739106,183,0.0351485554105763,"srmspe"
2019-08-26,97,11.5918631660778,568,0.108996643996459,"srmspe"
2019-08-26,127,11.5895223055781,434,0.0833006291432975,"srmspe"
2019-08-26,42,11.5961547436607,452,0.0867231919596225,"srmspe"
2019-08-26,20,11.5978713746939,354,0.0679411069454984,"srmspe"
2019-08-26,35,11.596700944444,354,0.0679106059005645,"srmspe"
2019-08-26,125,11.5896783629447,667,0.127992249492944,"srmspe"
2019-08-26,49,11.5956085428774,978,0.187645529758319,"srmspe"
2019-08-26,103,11.5913949939779,473,0.0907632539686504,"srmspe"
2019-08-26,147,11.5879617319116,564,0.108222867675356,"srmspe"
2019-08-26,124,11.5897563916281,1561,0.299440995169741,"srmspe"
2019-08-26,86,11.5927214815944,233,0.0447245892312427,"srmspe"
2019-08-26,48,11.5956865715608,488,0.0936272222091633,"srmspe"
2019-08-26,146,11.5880397605949,601,0.115321995912728,"srmspe"
2019-08-26,41,11.596232772344,509,0.0976410848926924,"srmspe"
2019-08-26,97,11.5918631660778,330,0.0633203051315173,"srmspe"
2019-08-26,79,11.5932676823777,414,0.0794341783056212,"srmspe"
2019-08-26,35,11.596700944444,329,0.063123088001254,"srmspe"
2019-08-26,85,11.5927995102777,197,0.0378019829531536,"srmspe"
2019-08-26,51,11.5954524855108,433,0.0830798293050902,"srmspe"
2019-08-26,47,11.5957646002441,503,0.0965073766857434,"srmspe"
2019-08-26,189,11.5846845272119,285,0.0547123619756483,"srmspe"
2019-08-26,30,11.5970910878606,565,0.108393791418739,"srmspe"
2019-08-26,265,11.5787543472792,1262,0.242144740638974,"srmspe"
2019-08-26,262,11.5789884333292,2025,0.388499038258619,"srmspe"
2019-08-26,583,11.5539412259819,1853,0.35547523081721,"srmspe"
2019-08-26,358,11.57149767973,1640,0.314621732209571,"srmspe"
2019-08-26,249,11.5800028062124,2445,0.469023745815352,"srmspe"
2019-08-26,473,11.5625243811476,1794,0.344149598103757,"srmspe"
2019-08-26,40,11.5963108010274,406,0.0779242772364499,"srmspe"
2019-08-26,45,11.5959206576107,429,0.0823025640967334,"srmspe"
2019-08-26,78,11.593345711061,432,0.082897403767116,"srmspe"
2019-08-26,57,11.5949843134108,356,0.068312556391343,"srmspe"
2019-08-26,45,11.5959206576107,285,0.0546917163901482,"srmspe"
2019-08-26,37,11.5965448870773,557,0.106851186546707,"srmspe"
2019-08-26,93,11.5921752808111,402,0.0771428517502723,"srmspe"
2019-08-26,123,11.5898344203114,288,0.0552571887911702,"srmspe"
2019-08-26,41,11.596232772344,300,0.0575611696966215,"srmspe"
2019-08-26,252,11.5797687201625,894,0.17154180989376,"srmspe"
2019-08-26,146,11.5880397605949,839,0.161007542852581,"srmspe"
2019-08-26,31,11.5970130591773,1441,0.276477389045919,"srmspe"
2019-08-26,16,11.5981834894272,263,0.0504975163938713,"srmspe"
2019-08-26,139,11.5885859613782,2078,0.398680464097947,"srmspe"
2019-08-26,165,11.5865572156117,971,0.186326724492475,"srmspe"
2019-08-26,190,11.5846064985286,1318,0.252868399275291,"srmspe"
2019-08-26,187,11.5848405845786,550,0.105569330217268,"srmspe"
2019-08-26,93,11.5921752808111,534,0.102477159421026,"srmspe"
2019-08-26,78,11.593345711061,545,0.104587780195771,"srmspe"
2019-08-26,100,11.5916290800279,3141,0.602660392196203,"srmspe"
2019-08-26,177,11.5856208714118,1084,0.20801623545602,"srmspe"
2019-08-26,610,11.5518344515321,2400,0.460483555362018,"srmspe"
2019-08-26,78,11.593345711061,2157,0.413876122329187,"srmspe"
2019-08-26,137,11.5887420187448,1391,0.266881076339821,"srmspe"
2019-08-26,219,11.5823436667122,1250,0.239856081808627,"srmspe"
2019-08-26,493,11.5609638074811,4015,0.770441616793047,"srmspe"
2019-08-26,258,11.5793005480625,1257,0.241216562850088,"srmspe"
2019-08-26,245,11.5803149209457,4010,0.769471180473462,"srmspe"
2019-08-26,49,11.5956085428774,408,0.0782952819224828,"srmspe"
2019-08-26,78,11.593345711061,372,0.0713791204071042,"srmspe"
2019-08-26,105,11.5912389366112,969,0.18594553922254,"srmspe"
2019-08-26,405,11.5678303316137,2620,0.502646355553484,"srmspe"
2019-08-26,213,11.5828118388121,1992,0.382118345920788,"srmspe"
2019-08-26,182,11.5852307279952,908,0.174210584808689,"srmspe"
2019-08-26,62,11.5945941699942,923,0.177120466741384,"srmspe"
2019-08-26,80,11.5931896536944,682,0.130843638484393,"srmspe"
2019-08-26,45,11.5959206576107,362,0.0694579237537951,"srmspe"
2019-08-26,47,11.5957646002441,860,0.164984453587749,"srmspe"
2019-08-26,90,11.5924093668611,741,0.14217466647429,"srmspe"
2019-08-26,38,11.596466858394,536,0.102894619337141,"srmspe"
2019-08-26,110,11.5908487931946,580,0.111330697987398,"srmspe"
2019-08-26,74,11.5936578257943,1105,0.212007822978781,"srmspe"
2019-08-26,396,11.5685325897637,3115,0.597660589830962,"srmspe"
2019-08-26,70,11.5939699405276,1091,0.209452423844636,"srmspe"
2019-08-26,373,11.5703272494801,3023,0.580016877998421,"srmspe"
2019-08-26,164,11.5866352442951,1270,0.243652351001442,"srmspe"
2019-08-26,288,11.5769596875628,1783,0.342019710727055,"srmspe"
2019-08-26,71,11.5938919118443,771,0.147910110449858,"srmspe"
2019-08-26,200,11.5838262116954,751,0.144102699202017,"srmspe"
2019-08-26,154,11.5874155311283,1423,0.27300479580179,"srmspe"
2019-08-26,303,11.5757892573129,4599,0.882462991591123,"srmspe"
2019-08-26,563,11.5555017996484,2734,0.524601075440017,"srmspe"
2019-08-26,160,11.5869473590284,3046,0.58455238539226,"srmspe"
2019-08-26,442,11.5649432703307,2442,0.468529334410219,"srmspe"
2019-08-26,326,11.5739945975964,1667,0.319838570827784,"srmspe"
2019-08-26,244,11.5803929496291,3427,0.657623206489378,"srmspe"
2019-08-26,43,11.5960767149774,980,0.188141696998873,"srmspe"
2019-08-26,93,11.5921752808111,603,0.115807047026533,"srmspe"
2019-08-26,0,11.5994319483604,812,0.155905479281713,"srmspe"
2019-08-26,313,11.5750089704796,849,0.162895584905201,"srmspe"
2019-08-26,318,11.574618827063,549,0.105412212311369,"srmspe"
2019-08-26,318,11.574618827063,3982,0.764257412043753,"srmspe"
2019-08-26,279,11.5776619457127,773,0.148331320390619,"srmspe"
2019-08-26,99,11.5917071087112,4920,0.943941309196647,"srmspe"
2019-08-26,210,11.5830459248621,585,0.112221921928363,"srmspe"
2019-08-26,118,11.590224563728,894,0.171517565359252,"srmspe"
2019-08-26,1875,11.453128167126,9343,1.79260020735131,"srmspe"
2019-08-26,235,11.581095207779,1456,0.279433119251134,"srmspe"
2019-08-26,87,11.5926434529111,997,0.191264621365296,"srmspe"
2019-08-26,135,11.5888980761115,1213,0.232699145259679,"srmspe"
2019-08-26,75,11.593579797111,621,0.119145324932059,"srmspe"
2019-08-26,172,11.5860110148285,2960,0.567875728681342,"srmspe"
2019-08-26,204,11.5835140969621,1095,0.210128718985513,"srmspe"
2019-08-26,383,11.5695469626469,275,0.0527825631885921,"srmspe"
2019-08-26,31,11.5970130591773,551,0.105735253786759,"srmspe"
2019-08-26,345,11.5725120526132,2291,0.439789579629543,"srmspe"
2019-08-26,286,11.5771157449294,1075,0.206360037264669,"srmspe"
2019-08-26,123,11.5898344203114,1262,0.242224789777279,"srmspe"
2019-08-26,497,11.5606516927478,4429,0.84986770370925,"srmspe"
2019-08-26,2199,11.4278468737287,3638,0.698009939233925,"srmspe"
2019-08-26,152,11.587571588495,646,0.123960867992073,"srmspe"
2019-08-26,116,11.5903806210947,1921,0.368504228381374,"srmspe"
2019-08-26,94,11.5920972521278,1081,0.207410092140242,"srmspe"
2019-08-26,103,11.5913949939779,573,0.110001986735362,"srmspe"
2019-08-26,186,11.5849186132619,1567,0.300701625169701,"srmspe"
2019-08-26,279,11.5776619457127,1973,0.378480148740499,"srmspe"
2019-08-26,262,11.5789884333292,1588,0.304614562703558,"srmspe"
2019-08-26,68,11.5941259978943,481,0.0922826434252465,"srmspe"
2019-08-26,36,11.5966229157607,407,0.078101747473751,"srmspe"
2019-08-26,119,11.5901465350447,936,0.179646125773403,"srmspe"
2019-08-26,213,11.5828118388121,1282,0.246073464682983,"srmspe"
2019-08-26,249,11.5800028062124,950,0.182285936372986,"srmspe"
2019-08-26,156,11.5872594737617,290,0.0556437273542183,"srmspe"
2019-08-26,41,11.596232772344,547,0.104942604980156,"srmspe"
2019-08-26,664,11.5476209026326,2808,0.538700603357049,"srmspe"
2019-08-26,114,11.5905366784613,1098,0.210637825619274,"srmspe"
2019-08-26,27,11.5973251739106,215,0.0412699071815853,"srmspe"
2019-08-26,37,11.5965448870773,239,0.0458618607803737,"srmspe"
2019-08-26,381,11.5697030200135,2516,0.482713396379349,"srmspe"
2019-08-26,327,11.5739165689131,1869,0.358576921958738,"srmspe"
2019-08-26,194,11.5842943837953,5749,1.1027817768439,"srmspe"
2019-08-26,53,11.5952964281441,717,0.137585651130737,"srmspe"
2019-08-26,157,11.5871814450783,813,0.155985958116427,"srmspe"
2019-08-26,200,11.5838262116954,905,0.173641847405099,"srmspe"
2019-08-26,90,11.5924093668611,728,0.139751704625252,"srmspe"
2019-08-26,69,11.5940479692109,1201,0.230450758763548,"srmspe"
2019-08-26,38,11.596466858394,2901,0.556771130993202,"srmspe"
2019-08-26,88,11.5925654242278,1573,0.301804000162022,"srmspe"
2019-08-26,61,11.5946721986775,293,0.0562864550210833,"srmspe"
2019-08-26,520,11.5588570330314,2063,0.395724426745211,"srmspe"
2019-08-26,63,11.5945161413109,638,0.122444500053002,"srmspe"
2019-08-26,38,11.596466858394,469,0.0899695906153821,"srmspe"
2019-08-26,183,11.5851526993119,1252,0.240229606019777,"srmspe"
2019-08-26,383,11.5695469626469,2001,0.383908661611889,"srmspe"
2019-08-26,100,11.5916290800279,803,0.154081491322735,"srmspe"
2019-08-26,153,11.5874935598116,904,0.17344693302325,"srmspe"
2019-08-26,119,11.5901465350447,4879,0.93595538563664,"srmspe"
2019-08-26,46,11.5958426289274,453,0.0869548882773708,"srmspe"
2019-08-26,56,11.5950623420942,773,0.148373361882989,"srmspe"
2019-08-26,294,11.5764915154628,2360,0.452809759612749,"srmspe"
2019-08-26,78,11.593345711061,1578,0.302883988292662,"srmspe"
2019-08-26,110,11.5908487931946,707,0.135676387203362,"srmspe"
2019-08-26,89,11.5924873955444,676,0.129741656980438,"srmspe"
2019-08-26,79,11.5932676823777,660,0.126667781176968,"srmspe"
2019-08-26,233,11.5812512651456,1292,0.247938938885007,"srmspe"
2019-08-26,103,11.5913949939779,316,0.0606234659436778,"srmspe"
2019-08-26,55,11.5951403707775,477,0.0915252029898916,"srmspe"
2019-08-26,56,11.5950623420942,458,0.0878751155588977,"srmspe"
2019-08-26,1001,11.521325236352,2518,0.483144784084862,"srmspe"
2019-08-26,162,11.5867913016617,2058,0.394923094243892,"srmspe"
2019-08-26,37,11.5965448870773,908,0.174231156937978,"srmspe"
2019-08-26,168,11.5863231295618,961,0.184444013420263,"srmspe"
2019-08-26,142,11.5883518753282,640,0.122838045007602,"srmspe"
2019-08-26,83,11.5929555676444,438,0.0840798086984206,"srmspe"
2019-08-26,47,11.5957646002441,512,0.0982399537403705,"srmspe"
2019-08-26,66,11.5942820552609,437,0.083847669633006,"srmspe"
2019-08-26,73,11.5937358544776,1304,0.250254954213739,"srmspe"
2019-08-26,127,11.5895223055781,983,0.188609875163055,"srmspe"
2019-08-26,517,11.5590911190813,2049,0.393141489646657,"srmspe"
2019-08-26,499,11.5604956353812,2930,0.562022603220975,"srmspe"
2019-08-26,259,11.5792225193792,3179,0.609774752008156,"srmspe"
2019-08-26,92,11.5922533094945,769,0.147571168261282,"srmspe"
2019-08-26,152,11.587571588495,934,0.179189298705041,"srmspe"
2019-08-26,185,11.5849966419452,1015,0.194746031374021,"srmspe"
2019-08-26,281,11.577505888346,1153,0.221217142995746,"srmspe"
2019-08-26,183,11.5851526993119,1012,0.194231363046348,"srmspe"
2019-08-26,171,11.5860890435118,2122,0.407280081496436,"srmspe"
2019-08-26,306,11.5755551712629,1236,0.237132504400746,"srmspe"
2019-08-26,122,11.5899124489947,641,0.123004895033627,"srmspe"
2019-08-26,185,11.5849966419452,1666,0.319603635679384,"srmspe"
2019-08-26,174,11.5858549574618,877,0.168231113097006,"srmspe"
2019-08-26,192,11.584450441162,1231,0.236167785534008,"srmspe"
2019-08-26,216,11.5825777527622,437,0.0838513019077802,"srmspe"
2019-08-26,63,11.5945161413109,978,0.187601006341562,"srmspe"
2019-08-26,82,11.5930335963277,889,0.170529068268451,"srmspe"
2019-08-26,214,11.5827338101288,799,0.153298421989053,"srmspe"
2019-08-26,121,11.589990477678,688,0.132042807029025,"srmspe"
2019-08-26,226,11.5817974659289,1338,0.256629128480682,"srmspe"
2019-08-26,374,11.5702492207968,1276,0.244732569662981,"srmspe"
2019-08-26,171,11.5860890435118,1405,0.269486925733031,"srmspe"
2019-08-26,165,11.5865572156117,970,0.186212743016336,"srmspe"
2019-08-26,405,11.5678303316137,1045,0.200445395676508,"srmspe"
2019-08-26,0,11.5994319483604,1918,0.368076729698938,"srmspe"
2019-08-26,255,11.5795346341125,845,0.162177651586573,"srmspe"
2019-08-26,114,11.5905366784613,1033,0.19823383178229,"srmspe"
2019-08-26,176,11.5856989000952,1540,0.295474032208682,"srmspe"
2019-08-26,363,11.5711075363134,1235,0.236950593208314,"srmspe"
2019-08-26,171,11.5860890435118,984,0.188794111453085,"srmspe"
2019-08-26,84,11.5928775389611,646,0.123941203974085,"srmspe"
2019-08-26,146,11.5880397605949,1129,0.216610515782212,"srmspe"
2019-08-26,210,11.5830459248621,1073,0.20590178588174,"srmspe"
2019-08-26,108,11.5910048505613,2027,0.38891472290088,"srmspe"
2019-08-26,148,11.5878837032283,1769,0.339347851358204,"srmspe"
2019-08-26,329,11.5737605115464,1775,0.340614586665947,"srmspe"
2019-08-26,264,11.5788323759626,1332,0.255618421359402,"srmspe"
2019-08-26,223,11.5820315519789,4136,0.793521096975868,"srmspe"
2019-08-26,140,11.5885079326949,1410,0.270629262143251,"srmspe"
2019-08-26,137,11.5887420187448,1618,0.310388700911976,"srmspe"
2019-08-26,149,11.5878056745449,1016,0.194956169810744,"srmspe"
2019-08-26,127,11.5895223055781,308,0.0591270687992194,"srmspe"
2019-08-26,131,11.5892101908448,506,0.0970867263939536,"srmspe"
2019-08-26,84,11.5928775389611,841,0.16138946312894,"srmspe"
2019-08-26,243,11.5804709783124,2387,0.45802295147019,"srmspe"
2019-08-26,134,11.5889761047948,1575,0.302317676371368,"srmspe"
2019-08-26,255,11.5795346341125,983,0.188598651492023,"srmspe"
2019-08-26,273,11.5781301178126,3951,0.758180955298777,"srmspe"
2019-08-26,111,11.5907707645113,2066,0.396476547144728,"srmspe"
2019-08-26,235,11.581095207779,854,0.163961053531879,"srmspe"
2019-08-26,161,11.586869330345,1949,0.374059422295742,"srmspe"
2019-08-26,182,11.5852307279952,1338,0.256736469810771,"srmspe"
2019-08-26,32,11.596935030494,334,0.0640995932142212,"srmspe"
2019-08-26,236,11.5810171790957,2436,0.467459021582427,"srmspe"
2019-08-26,388,11.5691568192303,1218,0.233697159370924,"srmspe"
2019-08-26,530,11.5580767461981,2804,0.538076751013646,"srmspe"
2019-08-26,261,11.5790664620125,1211,0.232508704080998,"srmspe"
2019-08-26,222,11.5821095806622,1353,0.259593687593244,"srmspe"
2019-08-26,530,11.5580767461981,1519,0.291532288051707,"srmspe"
2019-08-26,145,11.5881177892782,1199,0.230071414463797,"srmspe"
2019-08-26,270,11.5783642038626,3163,0.606856265893347,"srmspe"
2019-08-26,183,11.5851526993119,628,0.120524476990405,"srmspe"
2019-08-26,171,11.5860890435118,603,0.115689191889627,"srmspe"
2019-08-26,399,11.5682985037137,3110,0.596638947464962,"srmspe"
2019-08-26,217,11.5824997240788,1296,0.248637258101004,"srmspe"
2019-08-26,253,11.5796906914791,639,0.12273293926418,"srmspe"
2019-08-26,13,11.5984175754771,1308,0.251059407158402,"srmspe"
2019-08-26,122,11.5899124489947,983,0.188563877472679,"srmspe"
2019-08-26,155,11.587337502445,525,0.100786796363633,"srmspe"
2019-08-26,106,11.5911609079279,532,0.102084667683038,"srmspe"
2019-08-26,205,11.5834360682787,533,0.102260850665015,"srmspe"
2019-08-26,56,11.5950623420942,731,0.140230989511456,"srmspe"
2019-08-26,79,11.5932676823777,575,0.110327222537261,"srmspe"
2019-08-26,114,11.5905366784613,1865,0.357807670592268,"srmspe"
2019-08-26,174,11.5858549574618,2328,0.446591247189824,"srmspe"
2019-08-26,192,11.584450441162,2134,0.40943143040345,"srmspe"
2019-08-26,360,11.5713416223634,1809,0.347069499914677,"srmspe"
2019-08-26,24,11.5975592599606,494,0.0947877763608515,"srmspe"
2019-08-26,74,11.5936578257943,595,0.114159524410614,"srmspe"
2019-08-26,79,11.5932676823777,777,0.149067765211516,"srmspe"
2019-08-26,112,11.590692735828,943,0.180894295963216,"srmspe"
2019-08-26,63,11.5945161413109,301,0.0577637260245639,"srmspe"
2019-08-26,33,11.5968570018106,342,0.0656425403241809,"srmspe"
2019-08-26,705,11.5444217266162,5668,1.08734787104888,"srmspe"
2019-08-26,197,11.5840602977453,1715,0.329000295901722,"srmspe"
2019-08-26,85,11.5927995102777,452,0.0867299993585456,"srmspe"
2019-08-26,111,11.5907707645113,820,0.157327585304265,"srmspe"
2019-08-26,134,11.5889761047948,1090,0.209093632802848,"srmspe"
2019-08-26,69,11.5940479692109,877,0.168305437676333,"srmspe"
2019-08-26,65,11.5943600839442,682,0.130847983734084,"srmspe"
2019-08-26,99,11.5917071087112,776,0.148919685391046,"srmspe"
2019-08-26,118,11.590224563728,775,0.148687561024575,"srmspe"
2019-08-26,78,11.593345711061,1858,0.356585747114891,"srmspe"
2019-08-26,278,11.577739974396,3612,0.692962933628975,"srmspe"
2019-08-26,269,11.5784422325459,2196,0.421325714811743,"srmspe"
2019-08-26,481,11.561900151681,1725,0.330950474679419,"srmspe"
2019-08-26,48,11.5956865715608,705,0.135343974202956,"srmspe"
2019-08-26,586,11.5537071399319,2214,0.424729259225117,"srmspe"
2019-08-26,106,11.5911609079279,529,0.101488187764751,"srmspe"
2019-08-26,72,11.593813883161,788,0.151181184072157,"srmspe"
2019-08-26,217,11.5824997240788,570,0.109363380990415,"srmspe"
2019-08-26,61,11.5946721986775,949,0.182039030183112,"srmspe"
2019-08-26,100,11.5916290800279,694,0.133140993999727,"srmspe"
2019-08-26,107,11.5910828792446,585,0.112250494508691,"srmspe"
2019-08-26,50,11.5955305141941,728,0.139685708784166,"srmspe"
2019-08-26,81,11.593111625011,324,0.0621994444605617,"srmspe"
2019-08-26,212,11.5828898674955,630,0.120881256032233,"srmspe"
2019-08-26,228,11.5816414085623,4172,0.800364316806224,"srmspe"
2019-08-26,203,11.5835921256454,2007,0.385288547553058,"srmspe"
2019-08-26,295,11.5764134867795,2200,0.422112609690772,"srmspe"
2019-08-26,2289,11.4208242922294,5628,1.07983021607784,"srmspe"
2019-08-26,691,11.5455141281828,2670,0.512445842256839,"srmspe"
2019-08-26,256,11.5794566054292,1048,0.201075763317554,"srmspe"
2019-08-26,140,11.5885079326949,449,0.0862020190494451,"srmspe"
2019-08-26,118,11.590224563728,720,0.138147380766713,"srmspe"
2019-08-26,155,11.587337502445,1030,0.197774717715192,"srmspe"
2019-08-26,93,11.5921752808111,929,0.178262805692073,"srmspe"
2019-08-26,56,11.5950623420942,667,0.128039773587099,"srmspe"
2019-08-26,64,11.5944381126276,1693,0.324872544512317,"srmspe"
2019-08-26,159,11.5870253877117,2216,0.425158740467057,"srmspe"
2019-08-26,97,11.5918631660778,818,0.156936622467842,"srmspe"
2019-08-26,137,11.5887420187448,562,0.107881485805246,"srmspe"
2019-08-26,1282,11.4993991763377,11851,2.27328149594691,"srmspe"
2019-08-26,292,11.5766475728295,2588,0.496755876813845,"srmspe"
2019-08-26,97,11.5918631660778,945,0.181320657382253,"srmspe"
2019-08-26,378,11.5699371060635,2435,0.467075154324313,"srmspe"
2019-08-26,92,11.5922533094945,1413,0.271083722710687,"srmspe"
2019-08-26,405,11.5678303316137,1943,0.372740310312746,"srmspe"
2019-08-26,293,11.5765695441461,1818,0.348838858937518,"srmspe"
2019-08-26,116,11.5903806210947,1525,0.292621295123528,"srmspe"
2019-08-26,462,11.5633826966642,2192,0.420493740845457,"srmspe"
2019-08-26,1150,11.5096989625366,4763,0.913919219337193,"srmspe"
2019-08-26,1207,11.5052513275871,5644,1.08269588654977,"srmspe"
2019-08-26,374,11.5702492207968,92,0.0176817606965477,"srmspe"
2019-08-26,29,11.5971691165439,799,0.153328004075259,"srmspe"
2019-08-26,114,11.5905366784613,486,0.0932763775809859,"srmspe"
2019-08-26,51,11.5954524855108,709,0.136031566357428,"srmspe"
2019-08-26,154,11.5874155311283,604,0.115916049230832,"srmspe"
2019-08-26,357,11.5715757084133,3854,0.739337491585588,"srmspe"
2019-08-26,344,11.5725900812966,1841,0.35326793711575,"srmspe"
2019-08-26,95,11.5920192234445,1902,0.364960856266304,"srmspe"
2019-08-26,127,11.5895223055781,674,0.12932530783315,"srmspe"
2019-08-26,226,11.5817974659289,785,0.150632049831396,"srmspe"
2019-08-26,130,11.5892882195281,1050,0.201512220708467,"srmspe"
2019-08-26,238,11.580861121729,2669,0.512067888500358,"srmspe"
2019-08-26,171,11.5860890435118,2908,0.55789638025007,"srmspe"
2019-08-26,617,11.5512882507488,4219,0.809434010887022,"srmspe"
2019-08-26,70,11.5939699405276,847,0.162578012469661,"srmspe"
2019-08-26,199,11.5839042403787,3880,0.74459328782343,"srmspe"
2019-08-26,95,11.5920192234445,1498,0.287406919724055,"srmspe"
2019-08-26,76,11.5935017684277,763,0.146415235671748,"srmspe"
2019-08-26,107,11.5910828792446,1070,0.205403699058158,"srmspe"
2019-08-26,113,11.5906147071446,1749,0.335701750194978,"srmspe"
2019-08-26,190,11.5846064985286,1029,0.197410299224781,"srmspe"
2019-08-26,121,11.589990477678,1026,0.196833016672406,"srmspe"
2019-08-26,241,11.580627035679,3604,0.691460642278457,"srmspe"
2019-08-26,159,11.5870253877117,360,0.0690799753797629,"srmspe"
2019-08-26,130,11.5892882195281,839,0.160979496091329,"srmspe"
2019-08-26,57,11.5949843134108,736,0.141220071429471,"srmspe"
2019-08-26,61,11.5946721986775,863,0.165565327872309,"srmspe"
2019-08-26,242,11.5805490069957,1261,0.241923895676746,"srmspe"
2019-08-26,44,11.5959986862941,638,0.122441514176122,"srmspe"
2019-08-26,150,11.5877276458616,775,0.148710878047011,"srmspe"
2019-08-26,97,11.5918631660778,810,0.15539954589448,"srmspe"
2019-08-26,1291,11.4986969181878,5228,1.00308197352171,"srmspe"
2019-08-26,440,11.5650993276974,1199,0.230086370024231,"srmspe"
2019-08-26,264,11.5788323759626,2598,0.498509716093825,"srmspe"
2019-08-26,226,11.5817974659289,1708,0.327686049176169,"srmspe"
2019-08-26,95,11.5920192234445,2131,0.408971388392665,"srmspe"
2019-08-26,44,11.5959986862941,538,0.103253073917796,"srmspe"
2019-08-26,206,11.5833580395954,1798,0.344869503992872,"srmspe"
2019-08-26,133,11.5890541334781,960,0.184283831961935,"srmspe"
2019-08-26,300,11.5760233433629,940,0.180367434261133,"srmspe"
2019-08-26,100,11.5916290800279,1532,0.293902042654745,"srmspe"
2019-08-26,146,11.5880397605949,2068,0.39679001423584,"srmspe"
2019-08-26,148,11.5878837032283,1105,0.212076510145586,"srmspe"
2019-08-26,44,11.5959986862941,487,0.0934305910118499,"srmspe"
2019-08-26,482,11.5618221229977,2912,0.558753682813908,"srmspe"
2019-08-26,342,11.5727461386632,1348,0.25864646054639,"srmspe"
2019-08-26,321,11.574384741013,1106,0.212236895474036,"srmspe"
2019-08-26,117,11.5903025924113,360,0.0691141611742836,"srmspe"
2019-08-26,118,11.590224563728,1319,0.253050359701457,"srmspe"
2019-08-26,91,11.5923313381778,719,0.137967998033897,"srmspe"
2019-08-26,85,11.5927995102777,359,0.0688944809688988,"srmspe"
2019-08-26,85,11.5927995102777,662,0.127020892178053,"srmspe"
2019-08-26,115,11.590458649778,985,0.188996253890998,"srmspe"
2019-08-26,120,11.5900685063614,650,0.124742854698414,"srmspe"
2019-08-26,116,11.5903806210947,942,0.180745517408158,"srmspe"
2019-08-26,101,11.5915510513445,645,0.123775871457667,"srmspe"
2019-08-26,83,11.5929555676444,1170,0.224483543289276,"srmspe"
2019-08-26,136,11.5888200474282,603,0.115697636057003,"srmspe"
2019-08-26,145,11.5881177892782,2461,0.472233875854144,"srmspe"
2019-08-26,99,11.5917071087112,718,0.137774080642623,"srmspe"
2019-08-26,146,11.5880397605949,1268,0.243262808699334,"srmspe"
2019-08-26,238,11.580861121729,1078,0.206865556648803,"srmspe"
2019-08-26,126,11.5896003342614,1386,0.265945987542304,"srmspe"
2019-08-26,127,11.5895223055781,575,0.110301155557195,"srmspe"
2019-08-26,293,11.5765695441461,2239,0.429574515064373,"srmspe"
2019-08-26,111,11.5907707645113,432,0.082894008331861,"srmspe"
2019-08-26,328,11.5738385402298,1216,0.23339605805642,"srmspe"
2019-08-26,483,11.5617440943144,2465,0.473024445933437,"srmspe"
2019-08-26,254,11.5796126627958,1101,0.211454539668405,"srmspe"
2019-08-26,134,11.5889761047948,767,0.147287642275873,"srmspe"
2019-08-26,1258,11.5012718647375,2181,0.418447040667196,"srmspe"
2019-08-26,37,11.5965448870773,1666,0.319630954199626,"srmspe"
2019-08-26,68,11.5941259978943,744,0.142748120640347,"srmspe"
2019-08-26,201,11.583748183012,757,0.145229132708487,"srmspe"
2019-08-26,23,11.5976372886439,505,0.0969547466981467,"srmspe"
2019-08-26,389,11.5690787905469,964,0.185038843669439,"srmspe"
2019-08-26,158,11.587103416395,1700,0.326222552996068,"srmspe"
2019-08-26,249,11.5800028062124,1539,0.29526601492793,"srmspe"
2019-08-26,116,11.5903806210947,1127,0.216272347268285,"srmspe"
2019-08-26,134,11.5889761047948,1084,0.20807503850884,"srmspe"
2019-08-26,153,11.5874935598116,1176,0.225638758875501,"srmspe"
2019-08-26,475,11.562368323781,2833,0.543427139569193,"srmspe"
2019-08-26,253,11.5796906914791,1516,0.290812500234288,"srmspe"
2019-08-26,520,11.5588570330314,3847,0.737968148431144,"srmspe"
2019-08-26,289,11.5768816588794,1472,0.28238162125035,"srmspe"
2019-08-26,270,11.5783642038626,1700,0.32614778204185,"srmspe"
2019-08-26,65,11.5943600839442,603,0.115687848752264,"srmspe"
2019-08-26,126,11.5896003342614,1108,0.212816472982461,"srmspe"
2019-08-26,154,11.5874155311283,960,0.184186103358271,"srmspe"
2019-08-26,63,11.5945161413109,553,0.10609798213387,"srmspe"
2019-08-26,44,11.5959986862941,179,0.0343840422408044,"srmspe"
2019-08-26,692,11.5454360994995,1931,0.370627430539478,"srmspe"
2019-08-26,249,11.5800028062124,2213,0.42451670780536,"srmspe"
2019-08-26,234,11.5811732364623,1259,0.241514619185702,"srmspe"
2019-08-26,341,11.5728241673465,903,0.173233520954749,"srmspe"
2019-08-26,115,11.590458649778,1356,0.260161878942473,"srmspe"
2019-08-26,134,11.5889761047948,862,0.165392389922241,"srmspe"
2019-08-26,204,11.5835140969621,740,0.142103377303752,"srmspe"
2019-08-26,201,11.583748183012,1223,0.234671133846053,"srmspe"
2019-08-26,211,11.5829678961788,1199,0.230015102808092,"srmspe"
2019-08-26,109,11.5909268218779,2685,0.515231796679577,"srmspe"
2019-08-26,1581,11.4760686000235,3785,0.726014715142843,"srmspe"
2019-08-26,1169,11.5082164175534,5413,1.03840363913935,"srmspe"
2019-08-26,291,11.5767256015128,5493,1.05378767723501,"srmspe"
2019-08-26,871,11.5314689651843,11191,2.14674179841938,"srmspe"
2019-08-26,75,11.593579797111,1140,0.218765421634167,"srmspe"
2019-08-26,342,11.5727461386632,1084,0.207999191834968,"srmspe"
2019-08-26,969,11.5238221542184,4867,0.933802481372504,"srmspe"
2019-08-26,61,11.5946721986775,1163,0.223139739026649,"srmspe"
2019-08-26,421,11.5665818726805,1866,0.358273961694912,"srmspe"
2019-08-26,200,11.5838262116954,2190,0.420175407565036,"srmspe"
2019-08-26,122,11.5899124489947,1339,0.256901809437353,"srmspe"
2019-08-26,193,11.5843724124786,754,0.144678695333819,"srmspe"
2019-08-26,170,11.5861670721951,1669,0.320162625904819,"srmspe"
2019-08-26,0,11.5994319483604,5019,0.963273076584142,"srmspe"
2019-08-26,573,11.5547215128151,3182,0.610707077553348,"srmspe"
2019-08-26,22,11.5977153173272,837,0.160641710524499,"srmspe"
2019-08-26,287,11.5770377162461,3893,0.746762967944899,"srmspe"
2019-08-26,2334,11.4173130014798,4090,0.784571802048616,"srmspe"
2019-08-26,206,11.5833580395954,1214,0.232932968034813,"srmspe"
2019-08-26,178,11.5855428427285,1181,0.226622456375756,"srmspe"
2019-08-26,278,11.577739974396,1462,0.280583985179389,"srmspe"
2019-08-26,525,11.5584668896147,4437,0.85115006404327,"srmspe"
2019-08-26,773,11.5391157761501,5553,1.06516796793756,"srmspe"
2019-08-26,84,11.5928775389611,3720,0.713746013195076,"srmspe"
2019-08-26,1187,11.5068119012536,2145,0.411556968218661,"srmspe"
2019-08-26,293,11.5765695441461,3874,0.743073985196844,"srmspe"
2019-08-26,419,11.5667379300472,3171,0.608349509974895,"srmspe"
2019-08-26,210,11.5830459248621,2040,0.391370140920242,"srmspe"
2019-08-26,181,11.5853087566785,933,0.179008111404008,"srmspe"
2019-08-26,33,11.5968570018106,1335,0.256262719858856,"srmspe"
2019-08-26,120,11.5900685063614,4983,0.955974761371569,"srmspe"
2019-08-26,267,11.5785982899126,3105,0.595714122003709,"srmspe"
2019-08-26,43,11.5960767149774,469,0.0899846346372318,"srmspe"
2019-08-26,163,11.5867132729784,308,0.0591377369652475,"srmspe"
2019-08-26,118,11.590224563728,1207,0.231616189467413,"srmspe"
2019-08-26,729,11.5425490382164,3028,0.580871452637584,"srmspe"
2019-08-26,620,11.5510541646989,2660,0.510292930889767,"srmspe"
2019-08-26,272,11.578208146496,916,0.175826783841035,"srmspe"
2019-08-26,419,11.5667379300472,2533,0.486252380490389,"srmspe"
2019-08-26,59,11.5948282560442,201,0.0386038188452431,"srmspe"
2019-08-26,36,11.5966229157607,1587,0.304444324652115,"srmspe"
2019-08-26,77,11.5934237397443,208,0.0399035566867478,"srmspe"
2019-08-26,116,11.5903806210947,3309,0.63482270973707,"srmspe"
2019-08-26,291,11.5767256015128,1622,0.311170601371856,"srmspe"
2019-08-26,713,11.5437974971496,3115,0.597555838414962,"srmspe"
2019-08-26,288,11.5769596875628,1261,0.241940537458772,"srmspe"
2019-08-26,184,11.5850746706286,2987,0.573128635540376,"srmspe"
2019-08-26,581,11.5540972833485,3472,0.666159123692379,"srmspe"
2019-08-26,1419,11.4887092467222,4171,0.800098974255946,"srmspe"
2019-08-26,117,11.5903025924113,1631,0.313072988982514,"srmspe"
2019-08-26,191,11.5845284698453,1334,0.255907134496543,"srmspe"
2019-08-26,530,11.5580767461981,1042,0.199959425128405,"srmspe"
2019-08-26,191,11.5845284698453,2780,0.533214442318318,"srmspe"
2019-08-26,287,11.5770377162461,2099,0.402621045245593,"srmspe"
2019-08-26,302,11.5758672859962,1398,0.268202575173882,"srmspe"
2019-08-26,226,11.5817974659289,2953,0.566497106694764,"srmspe"
2019-08-26,81,11.593111625011,1145,0.21980186554779,"srmspe"
2019-08-26,148,11.5878837032283,2876,0.551728653340184,"srmspe"
2019-08-26,228,11.5816414085623,267,0.0513104461350563,"srmspe"
2019-08-26,54,11.5952183994608,247,0.0473779467771884,"srmspe"
2019-08-26,134,11.5889761047948,1629,0.312643185223877,"srmspe"
2019-08-26,381,11.5697030200135,777,0.149164528865613,"srmspe"
2019-08-26,102,11.5914730226612,1115,0.214096938147164,"srmspe"
2019-08-26,149,11.5878056745449,1089,0.209029745789463,"srmspe"
2019-08-26,64,11.5944381126276,686,0.131663737895949,"srmspe"
2019-08-26,133,11.5890541334781,938,0.180012225423427,"srmspe"
2019-08-26,246,11.5802368922624,1744,0.334565896762893,"srmspe"
2019-08-26,291,11.5767256015128,982,0.188430632658828,"srmspe"
2019-08-26,230,11.5814853511956,1456,0.279422405283043,"srmspe"
2019-08-26,85,11.5927995102777,961,0.184388609217696,"srmspe"
2019-08-26,263,11.5789104046459,1376,0.263959695171385,"srmspe"
2019-08-26,282,11.5774278596627,1705,0.327132086561493,"srmspe"
2019-08-26,161,11.586869330345,1759,0.337467125752905,"srmspe"
2019-08-26,71,11.5938919118443,527,0.10126569069987,"srmspe"
2019-08-26,151,11.5876496171783,2274,0.436323527194934,"srmspe"
2019-08-26,76,11.5935017684277,1940,0.372292132520291,"srmspe"
2019-08-26,128,11.5894442768948,1543,0.295981618241996,"srmspe"
2019-08-26,112,11.590692735828,542,0.103986811804032,"srmspe"
2019-08-26,60,11.5947502273609,1621,0.310980506655893,"srmspe"
2019-08-26,37,11.5965448870773,436,0.0836380508110079,"srmspe"
2019-08-26,118,11.590224563728,563,0.108027120483009,"srmspe"
2019-08-26,265,11.5787543472792,791,0.151812816127092,"srmspe"
2019-08-26,422,11.5665038439972,1693,0.324907393451432,"srmspe"
2019-08-26,177,11.5856208714118,832,0.159663253572109,"srmspe"
2019-08-26,154,11.5874155311283,1356,0.260180382286414,"srmspe"
2019-08-26,176,11.5856989000952,1274,0.244482712794463,"srmspe"
2019-08-26,392,11.568844704497,1293,0.248126479707516,"srmspe"
2019-08-26,604,11.5523026236321,3249,0.623222961432594,"srmspe"
2019-08-26,351,11.5720438805133,1828,0.350822388175236,"srmspe"
2019-08-26,370,11.5705613355301,2284,0.438223012764662,"srmspe"
2019-08-26,76,11.5935017684277,565,0.108413621542308,"srmspe"
2019-08-26,72,11.593813883161,533,0.102271849596238,"srmspe"
2019-08-26,87,11.5926434529111,613,0.117612210419215,"srmspe"
2019-08-26,86,11.5927214815944,348,0.0667758754071873,"srmspe"
2019-08-26,125,11.5896783629447,1108,0.212617643110017,"srmspe"
2019-08-26,104,11.5913169652946,918,0.1761741128405,"srmspe"
2019-08-26,139,11.5885859613782,951,0.182439989928257,"srmspe"
2019-08-26,209,11.5831239535454,1324,0.25404747003251,"srmspe"
2019-08-26,591,11.5533169965153,2043,0.392019830492297,"srmspe"
2019-08-26,191,11.5845284698453,1135,0.217763153274014,"srmspe"
2019-08-26,212,11.5828898674955,1417,0.27200579811849,"srmspe"
2019-08-26,47,11.5957646002441,433,0.0830777321488101,"srmspe"
2019-08-26,115,11.590458649778,703,0.135050276150555,"srmspe"
2019-08-26,327,11.5739165689131,3915,0.751255601821193,"srmspe"
2019-08-26,437,11.5653334137473,1748,0.335429692098238,"srmspe"
2019-08-26,415,11.5670500447805,3625,0.69560492839659,"srmspe"
2019-08-26,249,11.5800028062124,1402,0.269034085013645,"srmspe"
2019-08-26,125,11.5896783629447,2190,0.420139079429568,"srmspe"
2019-08-26,258,11.5793005480625,824,0.158099382827634,"srmspe"
2019-08-26,152,11.587571588495,1170,0.22449819184403,"srmspe"
2019-08-26,312,11.575086999163,1196,0.229461058157044,"srmspe"
2019-08-26,119,11.5901465350447,779,0.149455077845427,"srmspe"
2019-08-26,35,11.596700944444,388,0.074471441116832,"srmspe"
2019-08-26,66,11.5942820552609,437,0.0838767019041744,"srmspe"
2019-08-26,94,11.5920972521278,1118,0.214480582381447,"srmspe"
2019-08-26,91,11.5923313381778,380,0.0729392401711078,"srmspe"
2019-08-26,31,11.5970130591773,423,0.0811905652469378,"srmspe"
2019-08-26,170,11.5861670721951,1810,0.347377735815545,"srmspe"
2019-08-26,286,11.5771157449294,981,0.188223979482918,"srmspe"
2019-08-26,46,11.5958426289274,950,0.182283819531108,"srmspe"
2019-08-26,99,11.5917071087112,357,0.0684948788545299,"srmspe"
2019-08-26,144,11.5881958179616,816,0.156588806955911,"srmspe"
2019-08-26,104,11.5913169652946,1239,0.237667059864794,"srmspe"
2019-08-26,92,11.5922533094945,383,0.0735006295906438,"srmspe"
2019-08-26,68,11.5941259978943,488,0.0936230639905281,"srmspe"
2019-08-26,35,11.596700944444,230,0.0441400197533189,"srmspe"
2019-08-26,59,11.5948282560442,285,0.0546919393329915,"srmspe"
2019-08-26,60,11.5947502273609,387,0.0742522477098336,"srmspe"
2019-08-26,204,11.5835140969621,1102,0.211456550822205,"srmspe"
2019-08-26,336,11.5732143107632,1438,0.275922491346502,"srmspe"
2019-08-26,89,11.5924873955444,647,0.124131218318169,"srmspe"
2019-08-26,247,11.5801588635791,1531,0.293755874941901,"srmspe"
2019-08-26,132,11.5891321621615,823,0.157899017216082,"srmspe"
2019-08-26,369,11.5706393642134,1095,0.210091735914245,"srmspe"
2019-08-26,191,11.5845284698453,1095,0.210058149901243,"srmspe"
2019-08-26,95,11.5920192234445,685,0.131441592683602,"srmspe"
2019-08-26,122,11.5899124489947,473,0.0907698756282288,"srmspe"
2019-08-26,95,11.5920192234445,451,0.0865266366199365,"srmspe"
2019-08-26,117,11.5903025924113,539,0.10341015376659,"srmspe"
2019-08-26,130,11.5892882195281,583,0.111862821663911,"srmspe"
2019-08-26,36,11.5966229157607,809,0.155235205889857,"srmspe"
2019-08-26,57,11.5949843134108,405,0.0777027372104362,"srmspe"
2019-08-26,103,11.5913949939779,514,0.0986205010813627,"srmspe"
2019-08-26,32,11.596935030494,400,0.0767622076735378,"srmspe"
2019-08-26,64,11.5944381126276,557,0.106856884140326,"srmspe"
2019-08-26,54,11.5952183994608,380,0.0729105053374027,"srmspe"
2019-08-26,31,11.5970130591773,406,0.0778982641957527,"srmspe"
2019-08-26,45,11.5959206576107,253,0.0485413365725056,"srmspe"
2019-08-26,84,11.5928775389611,603,0.115680306690047,"srmspe"
2019-08-26,91,11.5923313381778,645,0.123742875448499,"srmspe"
2019-08-26,102,11.5914730226612,640,0.12281679077937,"srmspe"
2019-08-26,109,11.5909268218779,929,0.178270165726029,"srmspe"
2019-08-26,227,11.5817194372456,1345,0.258155016625016,"srmspe"
2019-08-26,174,11.5858549574618,2092,0.401337717580761,"srmspe"
2019-08-26,135,11.5888980761115,1127,0.216222261155707,"srmspe"
2019-08-26,142,11.5883518753282,1966,0.377198181719145,"srmspe"
2019-08-26,243,11.5804709783124,1059,0.2032749445069,"srmspe"
2019-08-26,100,11.5916290800279,1683,0.322871201159727,"srmspe"
2019-08-26,77,11.5934237397443,408,0.0782619931892095,"srmspe"
2019-08-26,513,11.5594032338146,3757,0.720654605998699,"srmspe"
2019-08-26,132,11.5891321621615,703,0.134885869808046,"srmspe"
2019-08-26,113,11.5906147071446,297,0.0570686716011885,"srmspe"
2019-08-26,136,11.5888200474282,853,0.16365668616718,"srmspe"
2019-08-26,344,11.5725900812966,2581,0.495272222077546,"srmspe"
2019-08-26,50,11.5955305141941,336,0.064468652753921,"srmspe"
2019-08-26,137,11.5887420187448,2302,0.441563418455595,"srmspe"
2019-08-26,364,11.5710295076301,2269,0.435330506548878,"srmspe"
2019-08-26,435,11.565489471114,2123,0.407397013305189,"srmspe"
2019-08-26,152,11.587571588495,682,0.130857543740169,"srmspe"
2019-08-26,190,11.5846064985286,1086,0.208387925708013,"srmspe"
2019-08-26,697,11.5450459560828,3114,0.59741720319779,"srmspe"
2019-08-26,135,11.5888980761115,1867,0.358199978842046,"srmspe"
2019-08-26,191,11.5845284698453,1290,0.247491752178565,"srmspe"
2019-08-26,216,11.5825777527622,616,0.118191582948942,"srmspe"
2019-08-26,184,11.5850746706286,1344,0.257799313240092,"srmspe"
2019-08-26,185,11.5849966419452,715,0.137174290300194,"srmspe"
2019-08-26,131,11.5892101908448,1255,0.240789327956395,"srmspe"
2019-08-26,142,11.5883518753282,783,0.150244474377164,"srmspe"
2019-08-26,220,11.5822656380289,766,0.146968513573654,"srmspe"
2019-08-26,309,11.5753210852129,740,0.142002206052328,"srmspe"
2019-08-26,182,11.5852307279952,1121,0.215109081565448,"srmspe"
2019-08-26,302,11.5758672859962,649,0.124555259013972,"srmspe"
2019-08-26,49,11.5956085428774,1016,0.194935423512352,"srmspe"
2019-08-26,434,11.5655674997973,1694,0.325075804570012,"srmspe"
2019-08-26,98,11.5917851373945,2354,0.4515808397891,"srmspe"
2019-08-26,171,11.5860890435118,1379,0.264682415259351,"srmspe"
2019-08-26,116,11.5903806210947,1070,0.205323328207383,"srmspe"
2019-08-26,142,11.5883518753282,1190,0.228305339017569,"srmspe"
2019-08-26,160,11.5869473590284,1193,0.228917114924186,"srmspe"
2019-08-26,60,11.5947502273609,554,0.106295682324779,"srmspe"
2019-08-26,755,11.54052029245,2209,0.423807564192088,"srmspe"
2019-08-26,670,11.5471527305326,2047,0.392837127162247,"srmspe"
2019-08-26,47,11.5957646002441,408,0.0782744622855003,"srmspe"
2019-08-26,18,11.5980274320605,273,0.0523889121712694,"srmspe"
2019-08-26,69,11.5940479692109,1730,0.331905146291241,"srmspe"
2019-08-26,390,11.5690007618636,981,0.188367783508883,"srmspe"
2019-08-26,581,11.5540972833485,5692,1.0917937530331,"srmspe"
2019-08-26,30,11.5970910878606,154,0.0295656669119915,"srmspe"
2019-08-26,134,11.5889761047948,2007,0.385025266855527,"srmspe"
2019-08-26,68,11.5941259978943,459,0.0880765667614341,"srmspe"
2019-08-26,45,11.5959206576107,736,0.141210086592816,"srmspe"
2019-08-26,141,11.5884299040115,891,0.171074502221877,"srmspe"
2019-08-26,89,11.5924873955444,393,0.0754182512839681,"srmspe"
2019-08-26,92,11.5922533094945,936,0.179571123611025,"srmspe"
2019-08-26,181,11.5853087566785,1990,0.381790379788181,"srmspe"
2019-08-26,44,11.5959986862941,904,0.173451647567766,"srmspe"
2019-08-26,82,11.5930335963277,865,0.16596728245424,"srmspe"
2019-08-26,114,11.5905366784613,472,0.0905750752548675,"srmspe"
2019-08-26,286,11.5771157449294,943,0.180932728401787,"srmspe"
2019-08-26,183,11.5851526993119,1969,0.377766335390533,"srmspe"
2019-08-26,316,11.5747748844297,2221,0.426090755040529,"srmspe"
2019-08-26,227,11.5817194372456,1279,0.245443463715419,"srmspe"
2019-08-26,69,11.5940479692109,471,0.0904075150279802,"srmspe"
2019-08-26,505,11.5600274632812,1691,0.324425624594806,"srmspe"
2019-08-26,378,11.5699371060635,1153,0.221276207564246,"srmspe"
2019-08-26,87,11.5926434529111,1004,0.192671036992266,"srmspe"
2019-08-27,77,11.7967664884893,946,0.171535835132148,"srmspe"
2019-08-27,0,11.8027746971053,1735,0.31475363751781,"srmspe"
2019-08-27,157,11.7905241938233,855,0.155033275704504,"srmspe"
2019-08-27,176,11.7890416488401,1112,0.20163106256801,"srmspe"
2019-08-27,127,11.792865054323,910,0.164983051430976,"srmspe"
2019-08-27,91,11.7956740869227,753,0.13650350032213,"srmspe"
2019-08-27,71,11.7972346605892,568,0.102992173601501,"srmspe"
2019-08-27,155,11.7906802511899,1232,0.223381820559532,"srmspe"
2019-08-27,86,11.7960642303393,615,0.111497925545574,"srmspe"
2019-08-27,133,11.7923968822231,517,0.0937411700519469,"srmspe"
2019-08-27,123,11.7931771690563,658,0.119305752731384,"srmspe"
2019-08-27,81,11.796454373756,971,0.176050208434165,"srmspe"
2019-08-27,82,11.7963763450726,521,0.0944644103930347,"srmspe"
2019-08-27,44,11.799341435039,604,0.109526333618281,"srmspe"
2019-08-27,142,11.7916946240731,761,0.138009781082253,"srmspe"
2019-08-27,131,11.7925529395897,733,0.132928521558517,"srmspe"
2019-08-27,263,11.7822531533908,2652,0.480833487881949,"srmspe"
2019-08-27,81,11.796454373756,2418,0.438502094588503,"srmspe"
2019-08-27,674,11.7501833645442,4790,0.868436647342155,"srmspe"
2019-08-27,186,11.7882613620068,2298,0.416680149758959,"srmspe"
2019-08-27,461,11.7668034740925,1911,0.346547589915458,"srmspe"
2019-08-27,105,11.7945816853562,605,0.109702101116307,"srmspe"
2019-08-27,240,11.7840478131073,1924,0.348899103979454,"srmspe"
2019-08-27,117,11.7936453411563,915,0.165927977127915,"srmspe"
2019-08-27,453,11.7674277035591,3731,0.676389333071031,"srmspe"
2019-08-27,108,11.7943475993062,1778,0.322422183913392,"srmspe"
2019-08-27,74,11.7970005745392,1246,0.225966310836486,"srmspe"
2019-08-27,86,11.7960642303393,662,0.120009939200349,"srmspe"
2019-08-27,118,11.7935673124729,492,0.089220484656122,"srmspe"
2019-08-27,89,11.7958301442894,425,0.0770842457421892,"srmspe"
2019-08-27,171,11.7894317922567,972,0.176247329457968,"srmspe"
2019-08-27,146,11.7913825093398,652,0.11820479287095,"srmspe"
2019-08-27,114,11.7938794272062,734,0.133087021809581,"srmspe"
2019-08-27,90,11.795752115606,1042,0.188918565262943,"srmspe"
2019-08-27,275,11.7813168091909,1263,0.2289826837892,"srmspe"
2019-08-27,48,11.7990293203057,500,0.0906655626189394,"srmspe"
2019-08-27,95,11.7953619721894,321,0.0582714291148769,"srmspe"
2019-08-27,298,11.7795221494744,2277,0.412878427284646,"srmspe"
2019-08-27,58,11.7982490334724,1192,0.216184203352171,"srmspe"
2019-08-27,491,11.7644626135927,2367,0.429167023484552,"srmspe"
2019-08-27,111,11.7941135132562,280,0.0507700327080532,"srmspe"
2019-08-27,1051,11.7207665509307,7088,1.28515640999747,"srmspe"
2019-08-27,116,11.7937233698396,609,0.110449931481662,"srmspe"
2019-08-27,106,11.7945036566728,866,0.157038671712426,"srmspe"
2019-08-27,76,11.7968445171726,285,0.0516828582612205,"srmspe"
2019-08-27,24,11.8009020087055,390,0.0707160154442147,"srmspe"
2019-08-27,39,11.7997315784556,488,0.0884741491411054,"srmspe"
2019-08-27,79,11.7966104311226,581,0.105385421697696,"srmspe"
2019-08-27,172,11.7893537635734,1663,0.301508486155463,"srmspe"
2019-08-27,194,11.7876371325402,1979,0.358769072286764,"srmspe"
2019-08-27,533,11.7611854088931,1960,0.355292069281259,"srmspe"
2019-08-27,284,11.780614551041,1956,0.354607732940672,"srmspe"
2019-08-27,347,11.7756987439915,2147,0.389321723378854,"srmspe"
2019-08-27,45,11.7992634063557,715,0.129642144080211,"srmspe"
2019-08-27,51,11.7987952342557,186,0.0337437570464263,"srmspe"
2019-08-27,39,11.7997315784556,299,0.0542315521991532,"srmspe"
2019-08-27,50,11.798873262939,211,0.0382917313103645,"srmspe"
2019-08-27,151,11.7909923659232,860,0.155945049352528,"srmspe"
2019-08-27,173,11.7892757348901,1029,0.186577550598182,"srmspe"
2019-08-27,93,11.7955180295561,1061,0.192376075933581,"srmspe"
2019-08-27,48,11.7990293203057,790,0.143236134933131,"srmspe"
2019-08-27,40,11.7996535497723,567,0.102803280112822,"srmspe"
2019-08-27,122,11.7932551977396,503,0.0911933523870337,"srmspe"
2019-08-27,114,11.7938794272062,645,0.116932009560166,"srmspe"
2019-08-27,281,11.780848637091,2281,0.413639981455437,"srmspe"
2019-08-27,250,11.783267526274,992,0.179892029390889,"srmspe"
2019-08-27,292,11.7799903215744,1979,0.358748166900731,"srmspe"
2019-08-27,9,11.8020724389554,841,0.152479995103573,"srmspe"
2019-08-27,188,11.7881053046402,1547,0.280534502330392,"srmspe"
2019-08-27,140,11.7918506814398,2112,0.382967516562136,"srmspe"
2019-08-27,38,11.7998096071389,1829,0.331694437376513,"srmspe"
2019-08-27,309,11.7786638339579,2097,0.380193939421974,"srmspe"
2019-08-27,281,11.780848637091,849,0.153988416898656,"srmspe"
2019-08-27,207,11.786622759657,995,0.180456437760308,"srmspe"
2019-08-27,199,11.7872469891236,1819,0.329829158942603,"srmspe"
2019-08-27,94,11.7954400008727,1404,0.254574482937653,"srmspe"
2019-08-27,191,11.7878712185902,1731,0.313883296687601,"srmspe"
2019-08-27,118,11.7935673124729,1211,0.219610973784187,"srmspe"
2019-08-27,80,11.7965324024393,823,0.149226342877806,"srmspe"
2019-08-27,103,11.7947377427228,874,0.158459571508098,"srmspe"
2019-08-27,160,11.7902901077733,839,0.152126093893064,"srmspe"
2019-08-27,71,11.7972346605892,634,0.114940703114098,"srmspe"
2019-08-27,48,11.7990293203057,444,0.0805049559601375,"srmspe"
2019-08-27,110,11.7941915419395,444,0.0805071556264127,"srmspe"
2019-08-27,275,11.7813168091909,1075,0.194880974172301,"srmspe"
2019-08-27,74,11.7970005745392,523,0.0948110689780658,"srmspe"
2019-08-27,56,11.7984050908391,961,0.174248734000997,"srmspe"
2019-08-27,104,11.7946597140395,1045,0.189459991831645,"srmspe"
2019-08-27,34,11.8001217218722,160,0.0290458511009642,"srmspe"
2019-08-27,98,11.7951278861394,577,0.104635203403005,"srmspe"
2019-08-27,161,11.79021207909,513,0.0930370342783264,"srmspe"
2019-08-27,48,11.7990293203057,517,0.0937338667103612,"srmspe"
2019-08-27,31,11.8003558079222,406,0.0736301860085853,"srmspe"
2019-08-27,41,11.799575521089,358,0.0649015147197159,"srmspe"
2019-08-27,106,11.7945036566728,744,0.134901794159964,"srmspe"
2019-08-27,52,11.7987172055724,964,0.174785368023673,"srmspe"
2019-08-27,105,11.7945816853562,481,0.0872187699532494,"srmspe"
2019-08-27,133,11.7923968822231,568,0.102993017549326,"srmspe"
2019-08-27,146,11.7913825093398,1552,0.281338516900592,"srmspe"
2019-08-27,77,11.7967664884893,273,0.0495176782423543,"srmspe"
2019-08-27,51,11.7987952342557,518,0.0939175972003398,"srmspe"
2019-08-27,147,11.7913044806565,687,0.12456288649945,"srmspe"
2019-08-27,41,11.799575521089,524,0.094989507919906,"srmspe"
2019-08-27,109,11.7942695706229,368,0.0667231165937271,"srmspe"
2019-08-27,71,11.7972346605892,407,0.0737953182563262,"srmspe"
2019-08-27,41,11.799575521089,312,0.0565707574170375,"srmspe"
2019-08-27,87,11.795986201656,197,0.035723849226017,"srmspe"
2019-08-27,69,11.7973907179559,460,0.0834043839396415,"srmspe"
2019-08-27,48,11.7990293203057,472,0.0855810868782389,"srmspe"
2019-08-27,183,11.7884954480568,282,0.0511576602146684,"srmspe"
2019-08-27,46,11.7991853776723,560,0.101525469376262,"srmspe"
2019-08-27,271,11.7816289239242,1277,0.231541432172165,"srmspe"
2019-08-27,248,11.7834235836407,2002,0.362957635718417,"srmspe"
2019-08-27,543,11.7604051220598,1830,0.331753379429478,"srmspe"
2019-08-27,374,11.7735919695417,1593,0.288793810458926,"srmspe"
2019-08-27,266,11.7820190673408,2462,0.446302600205266,"srmspe"
2019-08-27,456,11.7671936175091,1795,0.325399976839881,"srmspe"
2019-08-27,47,11.799107348989,378,0.0685631870651878,"srmspe"
2019-08-27,34,11.8001217218722,437,0.0792265521109334,"srmspe"
2019-08-27,77,11.7967664884893,443,0.0803305673576993,"srmspe"
2019-08-27,55,11.7984831195224,339,0.0614760714396908,"srmspe"
2019-08-27,34,11.8001217218722,297,0.05385958721609,"srmspe"
2019-08-27,46,11.7991853776723,583,0.105686744646797,"srmspe"
2019-08-27,100,11.7949718287728,460,0.0834091431578497,"srmspe"
2019-08-27,123,11.7931771690563,352,0.0638172818893179,"srmspe"
2019-08-27,38,11.7998096071389,332,0.0601941843664464,"srmspe"
2019-08-27,254,11.7829554115407,943,0.170983005173171,"srmspe"
2019-08-27,164,11.78997799304,865,0.156857428508557,"srmspe"
2019-08-27,42,11.7994974924056,1503,0.272501411600047,"srmspe"
2019-08-27,13,11.8017603242221,287,0.0520627562766456,"srmspe"
2019-08-27,143,11.7916165953898,2121,0.384541062829321,"srmspe"
2019-08-27,164,11.78997799304,999,0.181149119313255,"srmspe"
2019-08-27,181,11.7886515054235,1352,0.245120200971886,"srmspe"
2019-08-27,182,11.7885734767401,586,0.10628194684862,"srmspe"
2019-08-27,97,11.7952059148228,511,0.0926704303057385,"srmspe"
2019-08-27,55,11.7984831195224,554,0.100463018967202,"srmspe"
2019-08-27,108,11.7943475993062,3201,0.580378930458929,"srmspe"
2019-08-27,192,11.7877931899069,1084,0.196570281117637,"srmspe"
2019-08-27,625,11.7540067700272,2526,0.457980694321395,"srmspe"
2019-08-27,95,11.7953619721894,2173,0.394004828203401,"srmspe"
2019-08-27,139,11.7919287101231,1354,0.24549696034276,"srmspe"
2019-08-27,191,11.7878712185902,1274,0.231012471119791,"srmspe"
2019-08-27,479,11.7653989577926,4130,0.748896805706712,"srmspe"
2019-08-27,237,11.7842818991573,1332,0.241538903302896,"srmspe"
2019-08-27,271,11.7816289239242,4231,0.767185427464077,"srmspe"
2019-08-27,61,11.7980149474225,465,0.0843194021319683,"srmspe"
2019-08-27,80,11.7965324024393,408,0.0739780925921864,"srmspe"
2019-08-27,79,11.7966104311226,999,0.181151926324183,"srmspe"
2019-08-27,449,11.7677398182924,2583,0.468290014850248,"srmspe"
2019-08-27,201,11.787090931757,2026,0.367260668926549,"srmspe"
2019-08-27,168,11.7896658783067,954,0.172961006735513,"srmspe"
2019-08-27,73,11.7970786032226,854,0.154870668236988,"srmspe"
2019-08-27,80,11.7965324024393,695,0.126001783610257,"srmspe"
2019-08-27,49,11.7989512916224,365,0.0661808726556768,"srmspe"
2019-08-27,69,11.7973907179559,837,0.151739984685195,"srmspe"
2019-08-27,101,11.7948938000895,771,0.139787536371936,"srmspe"
2019-08-27,47,11.799107348989,563,0.102125979784088,"srmspe"
2019-08-27,102,11.7948157714061,606,0.10991771470637,"srmspe"
2019-08-27,95,11.7953619721894,1089,0.197445930216026,"srmspe"
2019-08-27,408,11.7709389943087,3024,0.548292855532083,"srmspe"
2019-08-27,52,11.7987172055724,1040,0.188683597151979,"srmspe"
2019-08-27,374,11.7735919695417,3097,0.561520257822964,"srmspe"
2019-08-27,160,11.7902901077733,1325,0.240217264266411,"srmspe"
2019-08-27,306,11.7788979200078,1849,0.335169451026224,"srmspe"
2019-08-27,81,11.796454373756,738,0.133794440228211,"srmspe"
2019-08-27,161,11.79021207909,770,0.139617634179966,"srmspe"
2019-08-27,164,11.78997799304,1396,0.253091344743425,"srmspe"
2019-08-27,299,11.7794441207911,4692,0.850767586419836,"srmspe"
2019-08-27,532,11.7612634375764,2773,0.502808625740518,"srmspe"
2019-08-27,171,11.7894317922567,3094,0.56108969608208,"srmspe"
2019-08-27,500,11.7637603554428,2457,0.445473834413297,"srmspe"
2019-08-27,308,11.7787418626412,1693,0.306958982143865,"srmspe"
2019-08-27,253,11.7830334402241,3486,0.632137700865896,"srmspe"
2019-08-27,56,11.7984050908391,1043,0.18920817360857,"srmspe"
2019-08-27,91,11.7956740869227,663,0.120309014618649,"srmspe"
2019-08-27,0,11.8027746971053,826,0.1498657784081,"srmspe"
2019-08-27,310,11.7785858052745,862,0.156293260471024,"srmspe"
2019-08-27,317,11.7780396044913,563,0.102149125215674,"srmspe"
2019-08-27,313,11.7783517192246,4105,0.744497636884141,"srmspe"
2019-08-27,308,11.7787418626412,801,0.145241389883282,"srmspe"
2019-08-27,102,11.7948157714061,4953,0.897996400924265,"srmspe"
2019-08-27,203,11.7869348743903,571,0.103512839573667,"srmspe"
2019-08-27,127,11.792865054323,884,0.160270292659208,"srmspe"
2019-08-27,1967,11.649292277005,9538,1.72931800814972,"srmspe"
2019-08-27,256,11.7827993541741,1521,0.275835813730942,"srmspe"
2019-08-27,77,11.7967664884893,1011,0.183283037416334,"srmspe"
2019-08-27,112,11.7940354845729,1387,0.251430202972377,"srmspe"
2019-08-27,90,11.795752115606,609,0.110413753343533,"srmspe"
2019-08-27,175,11.7891196775234,2922,0.529751410129783,"srmspe"
2019-08-27,211,11.7863106449237,1109,0.201097849561247,"srmspe"
2019-08-27,335,11.7766350881914,320,0.0580341114186319,"srmspe"
2019-08-27,52,11.7987172055724,520,0.0942989523608225,"srmspe"
2019-08-27,359,11.7747623997916,2158,0.391483738810879,"srmspe"
2019-08-27,298,11.7795221494744,1135,0.205876161135823,"srmspe"
2019-08-27,128,11.7927870256397,1294,0.234694528011071,"srmspe"
2019-08-27,524,11.761887667043,4531,0.821598073403536,"srmspe"
2019-08-27,2178,11.6328282248235,3672,0.66577455451223,"srmspe"
2019-08-27,164,11.78997799304,653,0.118408717188742,"srmspe"
2019-08-27,144,11.7915385667065,1915,0.347142944744377,"srmspe"
2019-08-27,98,11.7951278861394,1067,0.193460565656276,"srmspe"
2019-08-27,117,11.7936453411563,568,0.103040850362622,"srmspe"
2019-08-27,163,11.7900560217233,1579,0.286336907390433,"srmspe"
2019-08-27,307,11.7788198913245,2074,0.375966620165789,"srmspe"
2019-08-27,251,11.7831894975907,1712,0.310332150734426,"srmspe"
2019-08-27,82,11.7963763450726,531,0.096267614061989,"srmspe"
2019-08-27,28,11.8005898939722,451,0.0817795198513336,"srmspe"
2019-08-27,129,11.7927089969564,926,0.16794843825481,"srmspe"
2019-08-27,256,11.7827993541741,1293,0.234523442064586,"srmspe"
2019-08-27,307,11.7788198913245,905,0.16410329664251,"srmspe"
2019-08-27,150,11.7910703946065,311,0.0563898542376284,"srmspe"
2019-08-27,50,11.798873262939,618,0.112037598862441,"srmspe"
2019-08-27,645,11.7524461963607,2815,0.510334139616473,"srmspe"
2019-08-27,106,11.7945036566728,1124,0.203759467235781,"srmspe"
2019-08-27,29,11.8005118652889,273,0.0495114030500892,"srmspe"
2019-08-27,40,11.7996535497723,262,0.0475074843236793,"srmspe"
2019-08-27,337,11.7764790308248,2482,0.449999340184219,"srmspe"
2019-08-27,316,11.7781176331746,1805,0.327252145567144,"srmspe"
2019-08-27,232,11.7846720425739,5802,1.05172471176603,"srmspe"
2019-08-27,58,11.7982490334724,746,0.135268529076141,"srmspe"
2019-08-27,134,11.7923188535397,816,0.147949188069363,"srmspe"
2019-08-27,195,11.7875591038569,894,0.162095982712583,"srmspe"
2019-08-27,103,11.7947377427228,744,0.134961023299734,"srmspe"
2019-08-27,79,11.7966104311226,1210,0.219398420112903,"srmspe"
2019-08-27,34,11.8001217218722,2969,0.538461194721553,"srmspe"
2019-08-27,94,11.7954400008727,1517,0.275047207205844,"srmspe"
2019-08-27,59,11.7981710047891,298,0.0540926937692506,"srmspe"
2019-08-27,515,11.7625899251929,2081,0.377216357153914,"srmspe"
2019-08-27,66,11.7976248040058,656,0.118967333188486,"srmspe"
2019-08-27,42,11.7994974924056,469,0.0850213400425003,"srmspe"
2019-08-27,185,11.7883393906902,1239,0.224658242925024,"srmspe"
2019-08-27,380,11.7731237974418,2061,0.373663836850491,"srmspe"
2019-08-27,91,11.7956740869227,839,0.152133417173245,"srmspe"
2019-08-27,194,11.7876371325402,974,0.176593830166531,"srmspe"
2019-08-27,111,11.7941135132562,4910,0.890092848607288,"srmspe"
2019-08-27,52,11.7987172055724,482,0.0874283165049867,"srmspe"
2019-08-27,59,11.7981710047891,792,0.1436544926612,"srmspe"
2019-08-27,329,11.7771032602914,2503,0.453812247997218,"srmspe"
2019-08-27,103,11.7947377427228,1666,0.302164656368359,"srmspe"
2019-08-27,104,11.7946597140395,705,0.127848236480953,"srmspe"
2019-08-27,76,11.7968445171726,675,0.122421664626643,"srmspe"
2019-08-27,104,11.7946597140395,662,0.120059367330728,"srmspe"
2019-08-27,228,11.7849841573072,1315,0.238467783297765,"srmspe"
2019-08-27,122,11.7932551977396,327,0.0592828407005279,"srmspe"
2019-08-27,59,11.7981710047891,520,0.0942823844117388,"srmspe"
2019-08-27,47,11.799107348989,477,0.0864851750431538,"srmspe"
2019-08-27,1022,11.7230293827471,2582,0.468157331430063,"srmspe"
2019-08-27,174,11.7891977062067,2129,0.386058655621551,"srmspe"
2019-08-27,39,11.7997315784556,903,0.163739178950763,"srmspe"
2019-08-27,168,11.7896658783067,985,0.178647275955856,"srmspe"
2019-08-27,136,11.7921627961731,633,0.114811892358501,"srmspe"
2019-08-27,71,11.7972346605892,450,0.0816261796781165,"srmspe"
2019-08-27,30,11.8004338366055,538,0.097544832184749,"srmspe"
2019-08-27,96,11.7952839435061,475,0.0861204737789478,"srmspe"
2019-08-27,66,11.7976248040058,1366,0.247717287479766,"srmspe"
2019-08-27,124,11.793099140373,968,0.175513980790039,"srmspe"
2019-08-27,506,11.7632921833428,2024,0.366982248016393,"srmspe"
2019-08-27,530,11.761419494943,2997,0.543247057648985,"srmspe"
2019-08-27,288,11.7803024363077,3196,0.579316802605054,"srmspe"
2019-08-27,118,11.7935673124729,739,0.134015707715618,"srmspe"
2019-08-27,147,11.7913044806565,936,0.16969425904341,"srmspe"
2019-08-27,171,11.7894317922567,1045,0.189468256138816,"srmspe"
2019-08-27,316,11.7781176331746,1172,0.212492300167809,"srmspe"
2019-08-27,163,11.7900560217233,1027,0.186264385237075,"srmspe"
2019-08-27,185,11.7883393906902,2210,0.400820245311814,"srmspe"
2019-08-27,296,11.7796782068411,1277,0.231522200881556,"srmspe"
2019-08-27,130,11.792630968273,668,0.121133163006936,"srmspe"
2019-08-27,203,11.7869348743903,1733,0.314167433623848,"srmspe"
2019-08-27,167,11.78974390699,952,0.172574782227105,"srmspe"
2019-08-27,241,11.783969784424,1302,0.236046674201596,"srmspe"
2019-08-27,307,11.7788198913245,471,0.0854030650729861,"srmspe"
2019-08-27,63,11.7978588900558,1131,0.20501259454408,"srmspe"
2019-08-27,91,11.7956740869227,968,0.175468502005534,"srmspe"
2019-08-27,249,11.7833455549574,797,0.14450882572282,"srmspe"
2019-08-27,128,11.7927870256397,743,0.134746892166408,"srmspe"
2019-08-27,232,11.7846720425739,1423,0.257923977220836,"srmspe"
2019-08-27,408,11.7709389943087,1444,0.261720268349119,"srmspe"
2019-08-27,165,11.7898999643567,1545,0.280037417028913,"srmspe"
2019-08-27,170,11.78950982094,1004,0.182129771794603,"srmspe"
2019-08-27,434,11.7689102485422,1137,0.20609728967614,"srmspe"
2019-08-27,0,11.8027746971053,2008,0.3641341692212,"srmspe"
2019-08-27,201,11.787090931757,901,0.163404937913565,"srmspe"
2019-08-27,112,11.7940354845729,1010,0.18315798185553,"srmspe"
2019-08-27,169,11.7895878496234,1563,0.283387010724915,"srmspe"
2019-08-27,429,11.7693003919589,1188,0.21539544713212,"srmspe"
2019-08-27,181,11.7886515054235,982,0.17804588758836,"srmspe"
2019-08-27,70,11.7973126892725,642,0.116399953517093,"srmspe"
2019-08-27,140,11.7918506814398,1094,0.198355101989862,"srmspe"
2019-08-27,202,11.7870129030736,1132,0.20526780116695,"srmspe"
2019-08-27,103,11.7947377427228,2092,0.379302599225222,"srmspe"
2019-08-27,150,11.7910703946065,1859,0.336993914995116,"srmspe"
2019-08-27,346,11.7757767726748,1845,0.334565625768897,"srmspe"
2019-08-27,263,11.7822531533908,1368,0.248082067359274,"srmspe"
2019-08-27,209,11.7864667022904,4235,0.767812315427389,"srmspe"
2019-08-27,147,11.7913044806565,1430,0.259364122792855,"srmspe"
2019-08-27,142,11.7916946240731,1629,0.295306529442001,"srmspe"
2019-08-27,122,11.7932551977396,1040,0.188580634865978,"srmspe"
2019-08-27,122,11.7932551977396,278,0.0504379271735645,"srmspe"
2019-08-27,166,11.7898219356733,427,0.0774285754041892,"srmspe"
2019-08-27,80,11.7965324024393,846,0.153418235981266,"srmspe"
2019-08-27,272,11.7815508952409,2492,0.451852281750183,"srmspe"
2019-08-27,144,11.7915385667065,1654,0.299996861312289,"srmspe"
2019-08-27,250,11.783267526274,1022,0.185290345473328,"srmspe"
2019-08-27,285,11.7805365223577,4081,0.740029451309637,"srmspe"
2019-08-27,112,11.7940354845729,2120,0.384450993145986,"srmspe"
2019-08-27,230,11.7848280999405,850,0.154213016051993,"srmspe"
2019-08-27,174,11.7891977062067,1942,0.352213583912119,"srmspe"
2019-08-27,178,11.7888855914734,1369,0.248231379863985,"srmspe"
2019-08-27,30,11.8004338366055,324,0.0587628678892487,"srmspe"
2019-08-27,247,11.783501612324,2393,0.433947886164965,"srmspe"
2019-08-27,446,11.7679739043423,1253,0.227181361230831,"srmspe"
2019-08-27,543,11.7604051220598,2821,0.511554450085093,"srmspe"
2019-08-27,259,11.7825652681241,1196,0.216995400702008,"srmspe"
2019-08-27,212,11.7862326162404,1405,0.25473815103909,"srmspe"
2019-08-27,548,11.7600149786432,1517,0.275130544415665,"srmspe"
2019-08-27,139,11.7919287101231,1259,0.228286518484592,"srmspe"
2019-08-27,274,11.7813948378742,3241,0.587607736648979,"srmspe"
2019-08-27,175,11.7891196775234,696,0.126214419004163,"srmspe"
2019-08-27,184,11.7884174193735,603,0.109326746507187,"srmspe"
2019-08-27,437,11.7686761624923,3115,0.564726105496394,"srmspe"
2019-08-27,215,11.7859985301904,1336,0.242208581749821,"srmspe"
2019-08-27,248,11.7834235836407,602,0.109271506031405,"srmspe"
2019-08-27,11,11.8019163815887,1231,0.223285589593704,"srmspe"
2019-08-27,130,11.792630968273,993,0.180002716939189,"srmspe"
2019-08-27,176,11.7890416488401,558,0.10121985999674,"srmspe"
2019-08-27,126,11.7929430830063,520,0.0942938207891452,"srmspe"
2019-08-27,189,11.7880272759569,562,0.101892334385995,"srmspe"
2019-08-27,66,11.7976248040058,746,0.135236759477644,"srmspe"
2019-08-27,65,11.7977028326892,583,0.105710151331463,"srmspe"
2019-08-27,119,11.7934892837896,1800,0.32634710116272,"srmspe"
2019-08-27,179,11.7888075627901,2334,0.423110294367835,"srmspe"
2019-08-27,210,11.786388673607,2147,0.389262573350115,"srmspe"
2019-08-27,357,11.7749184571583,1874,0.339757086824147,"srmspe"
2019-08-27,20,11.8012141234388,531,0.0962781891116032,"srmspe"
2019-08-27,67,11.7975467753225,581,0.105342327584244,"srmspe"
2019-08-27,90,11.795752115606,828,0.150113636366849,"srmspe"
2019-08-27,121,11.793333226423,857,0.155358583366182,"srmspe"
2019-08-27,62,11.7979369187391,292,0.0529522208804617,"srmspe"
2019-08-27,52,11.7987172055724,365,0.066203249631695,"srmspe"
2019-08-27,739,11.7451115001281,5804,1.0521827415047,"srmspe"
2019-08-27,195,11.7875591038569,1711,0.310181185512365,"srmspe"
2019-08-27,77,11.7967664884893,441,0.0799657632690037,"srmspe"
2019-08-27,120,11.7934112551063,860,0.155919091218646,"srmspe"
2019-08-27,129,11.7927089969564,1074,0.194692611799624,"srmspe"
2019-08-27,71,11.7972346605892,895,0.162305756700017,"srmspe"
2019-08-27,73,11.7970786032226,688,0.124735144411875,"srmspe"
2019-08-27,97,11.7952059148228,791,0.143442594557454,"srmspe"
2019-08-27,113,11.7939574558896,803,0.14558326852266,"srmspe"
2019-08-27,76,11.7968445171726,1921,0.348382710653043,"srmspe"
2019-08-27,243,11.7838137270573,3694,0.669702446712439,"srmspe"
2019-08-27,262,11.7823311820741,2283,0.413911344565078,"srmspe"
2019-08-27,454,11.7673496748757,1689,0.306223148469879,"srmspe"
2019-08-27,41,11.799575521089,694,0.125903621193169,"srmspe"
2019-08-27,567,11.75853243366,2238,0.40571660890116,"srmspe"
2019-08-27,121,11.793333226423,558,0.101157690409931,"srmspe"
2019-08-27,65,11.7977028326892,828,0.150114625462766,"srmspe"
2019-08-27,227,11.7850621859905,578,0.104794123682838,"srmspe"
2019-08-27,73,11.7970786032226,909,0.164778493879342,"srmspe"
2019-08-27,109,11.7942695706229,674,0.122190519913688,"srmspe"
2019-08-27,105,11.7945816853562,587,0.106436304569303,"srmspe"
2019-08-27,55,11.7984831195224,676,0.122577028246043,"srmspe"
2019-08-27,104,11.7946597140395,349,0.0633073682788704,"srmspe"
2019-08-27,195,11.7875591038569,688,0.124742403295785,"srmspe"
2019-08-27,265,11.7820970960242,4323,0.7837001620823,"srmspe"
2019-08-27,201,11.787090931757,1914,0.347230727108066,"srmspe"
2019-08-27,258,11.7826432968074,2104,0.381493992454528,"srmspe"
2019-08-27,2328,11.6211239223247,5888,1.06753818484285,"srmspe"
2019-08-27,700,11.7481546187778,2648,0.480263110719642,"srmspe"
2019-08-27,258,11.7826432968074,1085,0.196717388358448,"srmspe"
2019-08-27,141,11.7917726527565,465,0.0843575173033429,"srmspe"
2019-08-27,125,11.7930211116897,692,0.125474459718243,"srmspe"
2019-08-27,156,11.7906022225066,1045,0.189605625333744,"srmspe"
2019-08-27,93,11.7955180295561,921,0.167005646655092,"srmspe"
2019-08-27,68,11.7974687466392,632,0.114651366376203,"srmspe"
2019-08-27,53,11.7986391768891,1687,0.30591474297773,"srmspe"
2019-08-27,157,11.7905241938233,2227,0.403766844903478,"srmspe"
2019-08-27,97,11.7952059148228,830,0.150479006324635,"srmspe"
2019-08-27,139,11.7919287101231,544,0.0986831484217486,"srmspe"
2019-08-27,1336,11.6985283761831,11979,2.17143977078311,"srmspe"
2019-08-27,275,11.7813168091909,2596,0.470872032021457,"srmspe"
2019-08-27,98,11.7951278861394,954,0.172974405406361,"srmspe"
2019-08-27,376,11.7734359121751,2365,0.428696171498581,"srmspe"
2019-08-27,76,11.7968445171726,1425,0.258340930830739,"srmspe"
2019-08-27,414,11.7704708222087,1844,0.334291818571245,"srmspe"
2019-08-27,298,11.7795221494744,1858,0.336898026066078,"srmspe"
2019-08-27,103,11.7947377427228,1548,0.280687815368747,"srmspe"
2019-08-27,427,11.7694564493255,2191,0.39717803765936,"srmspe"
2019-08-27,1148,11.7131977686482,4859,0.881038790472654,"srmspe"
2019-08-27,1176,11.7110129655151,5685,1.03057462019419,"srmspe"
2019-08-27,374,11.7735919695417,76,0.0138080602860803,"srmspe"
2019-08-27,24,11.8009020087055,797,0.14452995521275,"srmspe"
2019-08-27,90,11.795752115606,485,0.0879646531185356,"srmspe"
2019-08-27,58,11.7982490334724,686,0.124379679089217,"srmspe"
2019-08-27,138,11.7920067388064,597,0.108270198644558,"srmspe"
2019-08-27,363,11.7744502850583,3885,0.704288329349692,"srmspe"
2019-08-27,373,11.7736699982251,1860,0.337275292279945,"srmspe"
2019-08-27,107,11.7944256279895,1953,0.35412518029379,"srmspe"
2019-08-27,149,11.7911484232899,703,0.127465586454173,"srmspe"
2019-08-27,235,11.7844379565239,820,0.148686402670491,"srmspe"
2019-08-27,138,11.7920067388064,1099,0.199302550278152,"srmspe"
2019-08-27,250,11.783267526274,2629,0.476649627395973,"srmspe"
2019-08-27,172,11.7893537635734,2882,0.522495218939481,"srmspe"
2019-08-27,612,11.7550211429104,4293,0.778317235719084,"srmspe"
2019-08-27,61,11.7980149474225,877,0.159067621071706,"srmspe"
2019-08-27,176,11.7890416488401,3994,0.724290005385557,"srmspe"
2019-08-27,96,11.7952839435061,1458,0.264344769653631,"srmspe"
2019-08-27,57,11.7983270621558,738,0.133825667534407,"srmspe"
2019-08-27,109,11.7942695706229,982,0.178154427434287,"srmspe"
2019-08-27,127,11.792865054323,1702,0.308707957705674,"srmspe"
2019-08-27,181,11.7886515054235,1080,0.195795181504602,"srmspe"
2019-08-27,110,11.7941915419395,1047,0.189813979794143,"srmspe"
2019-08-27,255,11.7828773828574,3607,0.653965867419188,"srmspe"
2019-08-27,162,11.7901340504066,365,0.0661859442969002,"srmspe"
2019-08-27,130,11.792630968273,873,0.158285379722157,"srmspe"
2019-08-27,70,11.7973126892725,716,0.129828974620752,"srmspe"
2019-08-27,58,11.7982490334724,961,0.174218873305417,"srmspe"
2019-08-27,274,11.7813948378742,1297,0.235142549407188,"srmspe"
2019-08-27,51,11.7987952342557,650,0.117879846538769,"srmspe"
2019-08-27,124,11.793099140373,860,0.155934201671993,"srmspe"
2019-08-27,97,11.7952059148228,802,0.145401901451971,"srmspe"
2019-08-27,1281,11.702819953766,5337,0.967655304619647,"srmspe"
2019-08-27,456,11.7671936175091,1226,0.222321956989065,"srmspe"
2019-08-27,269,11.7817849812909,2649,0.480327801799046,"srmspe"
2019-08-27,265,11.7820970960242,1781,0.32288935277506,"srmspe"
2019-08-27,111,11.7941135132562,2215,0.40169269493885,"srmspe"
2019-08-27,45,11.7992634063557,519,0.0941301421987644,"srmspe"
2019-08-27,214,11.7860765588737,1834,0.332426636251074,"srmspe"
2019-08-27,141,11.7917726527565,995,0.18048776630805,"srmspe"
2019-08-27,312,11.7784297479079,963,0.174614414890927,"srmspe"
2019-08-27,84,11.796220287706,1596,0.289337405587339,"srmspe"
2019-08-27,154,11.7907582798732,2159,0.391452163408239,"srmspe"
2019-08-27,142,11.7916946240731,1123,0.203670257870679,"srmspe"
2019-08-27,50,11.798873262939,474,0.0859358329296715,"srmspe"
2019-08-27,522,11.7620437244096,2836,0.514239616556516,"srmspe"
2019-08-27,376,11.7734359121751,1368,0.248037712381603,"srmspe"
2019-08-27,304,11.7790539773745,1070,0.194039270971074,"srmspe"
2019-08-27,124,11.793099140373,344,0.0624139807164166,"srmspe"
2019-08-27,95,11.7953619721894,1421,0.257614376742885,"srmspe"
2019-08-27,98,11.7951278861394,777,0.140890196502172,"srmspe"
2019-08-27,85,11.7961422590227,394,0.0714460616408999,"srmspe"
2019-08-27,81,11.796454373756,593,0.107531933634475,"srmspe"
2019-08-27,120,11.7934112551063,928,0.168272929637443,"srmspe"
2019-08-27,124,11.793099140373,712,0.129116218265918,"srmspe"
2019-08-27,117,11.7936453411563,984,0.178412283048574,"srmspe"
2019-08-27,116,11.7937233698396,690,0.125125067850475,"srmspe"
2019-08-27,75,11.7969225458559,1216,0.220464840824389,"srmspe"
2019-08-27,131,11.7925529395897,694,0.125825089338767,"srmspe"
2019-08-27,159,11.7903681364566,2549,0.462202894303513,"srmspe"
2019-08-27,102,11.7948157714061,701,0.127110983900248,"srmspe"
2019-08-27,127,11.792865054323,1223,0.221727973583272,"srmspe"
2019-08-27,223,11.7853743007238,1063,0.192765905519389,"srmspe"
2019-08-27,133,11.7923968822231,1385,0.25113836548519,"srmspe"
2019-08-27,111,11.7941135132562,601,0.108946133775551,"srmspe"
2019-08-27,264,11.7821751247075,2395,0.434219399033721,"srmspe"
2019-08-27,144,11.7915385667065,429,0.0777900779115273,"srmspe"
2019-08-27,328,11.7771812889747,1310,0.237593020912309,"srmspe"
2019-08-27,458,11.7670375601424,2486,0.450807140303935,"srmspe"
2019-08-27,280,11.7809266657743,1162,0.210869407371393,"srmspe"
2019-08-27,141,11.7917726527565,805,0.146071543216979,"srmspe"
2019-08-27,1300,11.7013374087828,2210,0.400680373023856,"srmspe"
2019-08-27,38,11.7998096071389,1791,0.324699524600584,"srmspe"
2019-08-27,62,11.7979369187391,776,0.140694836526695,"srmspe"
2019-08-27,223,11.7853743007238,761,0.137964820474505,"srmspe"
2019-08-27,33,11.8001997505556,498,0.0903488876053998,"srmspe"
2019-08-27,380,11.7731237974418,1043,0.189175734792447,"srmspe"
2019-08-27,194,11.7876371325402,1734,0.314439401399276,"srmspe"
2019-08-27,266,11.7820190673408,1561,0.283013955743025,"srmspe"
2019-08-27,132,11.7924749109064,1132,0.20528301951998,"srmspe"
2019-08-27,144,11.7915385667065,1158,0.210034876804587,"srmspe"
2019-08-27,180,11.7887295341068,1250,0.226636622770066,"srmspe"
2019-08-27,461,11.7668034740925,2826,0.512267268476831,"srmspe"
2019-08-27,267,11.7819410386575,1498,0.271554217492208,"srmspe"
2019-08-27,536,11.7609513228431,3840,0.696106994462541,"srmspe"
2019-08-27,305,11.7789759486912,1504,0.272643583069825,"srmspe"
2019-08-27,280,11.7809266657743,1691,0.306573016275541,"srmspe"
2019-08-27,72,11.7971566319059,639,0.115848403617067,"srmspe"
2019-08-27,123,11.7931771690563,1073,0.194758605066909,"srmspe"
2019-08-27,124,11.793099140373,960,0.174055811060153,"srmspe"
2019-08-27,54,11.7985611482057,576,0.104431402132102,"srmspe"
2019-08-27,58,11.7982490334724,192,0.0348481062674762,"srmspe"
2019-08-27,661,11.7511977374275,1961,0.355670164853913,"srmspe"
2019-08-27,236,11.7843599278406,2223,0.402977365166592,"srmspe"
2019-08-27,249,11.7833455549574,1271,0.23040285492171,"srmspe"
2019-08-27,352,11.7753086005749,932,0.168958291906673,"srmspe"
2019-08-27,124,11.793099140373,1407,0.255090689344412,"srmspe"
2019-08-27,139,11.7919287101231,936,0.169701155943642,"srmspe"
2019-08-27,209,11.7864667022904,747,0.13554799856014,"srmspe"
2019-08-27,180,11.7887295341068,1297,0.235173840816263,"srmspe"
2019-08-27,206,11.7867007883403,1226,0.222257526328675,"srmspe"
2019-08-27,104,11.7946597140395,2835,0.514069269860861,"srmspe"
2019-08-27,1692,11.6707501649194,3904,0.707644094186349,"srmspe"
2019-08-27,1209,11.7084380189654,5450,0.987991901854421,"srmspe"
2019-08-27,293,11.7799122928911,5459,0.989664677328492,"srmspe"
2019-08-27,862,11.7355139720791,11363,2.05982856763056,"srmspe"
2019-08-27,82,11.7963763450726,1151,0.208720623109892,"srmspe"
2019-08-27,371,11.7738260555917,1014,0.183864682247941,"srmspe"
2019-08-27,967,11.72732096033,5006,0.907624317143192,"srmspe"
2019-08-27,68,11.7974687466392,1194,0.216480752247651,"srmspe"
2019-08-27,422,11.7698465927421,1868,0.338916749987109,"srmspe"
2019-08-27,174,11.7891977062067,2041,0.370056916267196,"srmspe"
2019-08-27,125,11.7930211116897,1287,0.233345021863545,"srmspe"
2019-08-27,182,11.7885734767401,719,0.130374906902507,"srmspe"
2019-08-27,167,11.78974390699,1651,0.299288481427107,"srmspe"
2019-08-27,0,11.8027746971053,5153,0.934550736697363,"srmspe"
2019-08-27,466,11.7664133306758,3165,0.574027673799398,"srmspe"
2019-08-27,23,11.8009800373888,838,0.151975922026502,"srmspe"
2019-08-27,328,11.7771812889747,3977,0.720910472856835,"srmspe"
2019-08-27,2388,11.6164422013252,4135,0.749573859612232,"srmspe"
2019-08-27,192,11.7877931899069,1248,0.226281461067013,"srmspe"
2019-08-27,181,11.7886515054235,1293,0.234452745701013,"srmspe"
2019-08-27,278,11.7810827231409,1627,0.295047126684479,"srmspe"
2019-08-27,549,11.7599369499599,4563,0.827165706299194,"srmspe"
2019-08-27,784,11.7416002093785,5684,1.0303240895634,"srmspe"
2019-08-27,92,11.7955960582394,3849,0.697861422820251,"srmspe"
2019-08-27,1167,11.711715223665,2238,0.405769260170641,"srmspe"
2019-08-27,326,11.7773373463413,3989,0.723045290845628,"srmspe"
2019-08-27,425,11.7696125066922,3157,0.572347872853823,"srmspe"
2019-08-27,218,11.7857644441404,2097,0.380172926729917,"srmspe"
2019-08-27,166,11.7898219356733,918,0.166444126269245,"srmspe"
2019-08-27,36,11.7999656645056,1328,0.240894857067228,"srmspe"
2019-08-27,112,11.7940354845729,5010,0.908284323689807,"srmspe"
2019-08-27,270,11.7817069526075,3097,0.561494701986291,"srmspe"
2019-08-27,48,11.7990293203057,505,0.0915613429290549,"srmspe"
2019-08-27,175,11.7891196775234,356,0.0645827840704955,"srmspe"
2019-08-27,127,11.792865054323,1327,0.240620905784926,"srmspe"
2019-08-27,712,11.7472182745779,3100,0.561972143333739,"srmspe"
2019-08-27,635,11.7532264831939,2714,0.492006990974695,"srmspe"
2019-08-27,279,11.7810046944576,966,0.175213481925723,"srmspe"
2019-08-27,423,11.7697685640588,2554,0.463305294985332,"srmspe"
2019-08-27,64,11.7977808613725,227,0.0411907608356364,"srmspe"
2019-08-27,37,11.7998876358223,1666,0.302018850888011,"srmspe"
2019-08-27,59,11.7981710047891,238,0.0431461275446892,"srmspe"
2019-08-27,112,11.7940354845729,3412,0.618567159466308,"srmspe"
2019-08-27,262,11.7823311820741,1754,0.317974810154691,"srmspe"
2019-08-27,768,11.7428486683117,3118,0.565232391067516,"srmspe"
2019-08-27,359,11.7747623997916,1261,0.22863334026805,"srmspe"
2019-08-27,210,11.786388673607,3063,0.555375766864183,"srmspe"
2019-08-27,575,11.7579082041934,3518,0.637854918017532,"srmspe"
2019-08-27,1432,11.6910376225839,4246,0.769685101542801,"srmspe"
2019-08-27,126,11.7929430830063,1675,0.303822800258296,"srmspe"
2019-08-27,201,11.787090931757,1375,0.249263785013038,"srmspe"
2019-08-27,531,11.7613414662597,1118,0.202734038630681,"srmspe"
2019-08-27,228,11.7849841573072,2837,0.514216779440149,"srmspe"
2019-08-27,292,11.7799903215744,2166,0.392617527495096,"srmspe"
2019-08-27,348,11.7756207153082,1423,0.257978438852342,"srmspe"
2019-08-27,234,11.7845159852072,3047,0.552370034874157,"srmspe"
2019-08-27,90,11.795752115606,1173,0.212783164462258,"srmspe"
2019-08-27,145,11.7914605380232,2897,0.525184784564292,"srmspe"
2019-08-27,213,11.7861545875571,270,0.0490270235021721,"srmspe"
2019-08-27,46,11.7991853776723,267,0.0483971148160418,"srmspe"
2019-08-27,142,11.7916946240731,1714,0.310845879383311,"srmspe"
2019-08-27,423,11.7697685640588,792,0.143679031817083,"srmspe"
2019-08-27,130,11.792630968273,1146,0.207932400539634,"srmspe"
2019-08-27,144,11.7915385667065,1151,0.208765780811064,"srmspe"
2019-08-27,72,11.7971566319059,774,0.140363068936201,"srmspe"
2019-08-27,113,11.7939574558896,1013,0.183699122971446,"srmspe"
2019-08-27,263,11.7822531533908,1813,0.328666647910007,"srmspe"
2019-08-27,327,11.777259317658,1014,0.183864674061939,"srmspe"
2019-08-27,255,11.7828773828574,1468,0.266223585398941,"srmspe"
2019-08-27,101,11.7948938000895,969,0.175695219408354,"srmspe"
2019-08-27,265,11.7820970960242,1420,0.257412004504824,"srmspe"
2019-08-27,251,11.7831894975907,1719,0.311671647886506,"srmspe"
2019-08-27,178,11.7888855914734,1842,0.333940661171899,"srmspe"
2019-08-27,70,11.7973126892725,560,0.101670810557035,"srmspe"
2019-08-27,159,11.7903681364566,2276,0.412687003276757,"srmspe"
2019-08-27,82,11.7963763450726,1940,0.351811257733967,"srmspe"
2019-08-27,149,11.7911484232899,1563,0.283327496588267,"srmspe"
2019-08-27,123,11.7931771690563,531,0.0962747120825207,"srmspe"
2019-08-27,55,11.7984831195224,1640,0.297318915371465,"srmspe"
2019-08-27,48,11.7990293203057,467,0.0846553533254874,"srmspe"
2019-08-27,123,11.7931771690563,552,0.100091721234966,"srmspe"
2019-08-27,241,11.783969784424,819,0.14853622377287,"srmspe"
2019-08-27,408,11.7709389943087,1772,0.321346325740311,"srmspe"
2019-08-27,166,11.7898219356733,849,0.153956089887843,"srmspe"
2019-08-27,175,11.7891196775234,1360,0.246589506748055,"srmspe"
2019-08-27,195,11.7875591038569,1281,0.232299306670413,"srmspe"
2019-08-27,362,11.7745283137416,1384,0.250968121882798,"srmspe"
2019-08-27,612,11.7550211429104,3268,0.592388420575833,"srmspe"
2019-08-27,294,11.7798342642077,1803,0.326986700238722,"srmspe"
2019-08-27,391,11.7722654819252,2318,0.420276740081684,"srmspe"
2019-08-27,82,11.7963763450726,574,0.104079716732736,"srmspe"
2019-08-27,63,11.7978588900558,555,0.100631867737959,"srmspe"
2019-08-27,97,11.7952059148228,652,0.1182086413662,"srmspe"
2019-08-27,104,11.7946597140395,379,0.0687180720948624,"srmspe"
2019-08-27,133,11.7923968822231,1095,0.198563849806934,"srmspe"
2019-08-27,105,11.7945816853562,939,0.170285671775847,"srmspe"
2019-08-27,157,11.7905241938233,916,0.166063406813764,"srmspe"
2019-08-27,217,11.7858424728238,1302,0.236081708847015,"srmspe"
2019-08-27,610,11.755177200277,2160,0.391654064661166,"srmspe"
2019-08-27,195,11.7875591038569,1076,0.195093038233531,"srmspe"
2019-08-27,223,11.7853743007238,1443,0.26175128926251,"srmspe"
2019-08-27,52,11.7987172055724,462,0.0837649723987006,"srmspe"
2019-08-27,137,11.7920847674898,708,0.128518534552822,"srmspe"
2019-08-27,345,11.7758548013582,4120,0.747072945682658,"srmspe"
2019-08-27,412,11.7706268795754,1822,0.330390666088951,"srmspe"
2019-08-27,448,11.7678178469757,3769,0.683434364311911,"srmspe"
2019-08-27,259,11.7825652681241,1427,0.258764978408953,"srmspe"
2019-08-27,125,11.7930211116897,2253,0.408447854395855,"srmspe"
2019-08-27,232,11.7846720425739,873,0.158284496949097,"srmspe"
2019-08-27,154,11.7907582798732,1214,0.220120550910659,"srmspe"
2019-08-27,338,11.7764010021414,1204,0.218286803021309,"srmspe"
2019-08-27,116,11.7937233698396,862,0.156277386210594,"srmspe"
2019-08-27,51,11.7987952342557,400,0.0725495076758182,"srmspe"
2019-08-27,73,11.7970786032226,491,0.0890483551987999,"srmspe"
2019-08-27,104,11.7946597140395,1059,0.191986276988839,"srmspe"
2019-08-27,84,11.796220287706,410,0.0743612518450911,"srmspe"
2019-08-27,34,11.8001217218722,441,0.079982324818427,"srmspe"
2019-08-27,178,11.7888855914734,1879,0.340765006964448,"srmspe"
2019-08-27,285,11.7805365223577,991,0.179685547364885,"srmspe"
2019-08-27,58,11.7982490334724,1109,0.201073332044145,"srmspe"
2019-08-27,99,11.7950498574561,372,0.0674458399303746,"srmspe"
2019-08-27,126,11.7929430830063,824,0.1494214700649,"srmspe"
2019-08-27,109,11.7942695706229,1209,0.219154420606223,"srmspe"
2019-08-27,97,11.7952059148228,349,0.0632964621380862,"srmspe"
2019-08-27,65,11.7977028326892,491,0.0890188190319173,"srmspe"
2019-08-27,39,11.7997315784556,250,0.045338137003251,"srmspe"
2019-08-27,46,11.7991853776723,313,0.0567575059368057,"srmspe"
2019-08-27,64,11.7977808613725,408,0.0739757895101463,"srmspe"
2019-08-27,209,11.7864667022904,1073,0.194564114452918,"srmspe"
2019-08-27,337,11.7764790308248,1458,0.264369078988823,"srmspe"
2019-08-27,113,11.7939574558896,628,0.113860264069987,"srmspe"
2019-08-27,256,11.7827993541741,1546,0.280316016018901,"srmspe"
2019-08-27,160,11.7902901077733,805,0.145953805667161,"srmspe"
2019-08-27,366,11.7742161990083,1200,0.217563639652361,"srmspe"
2019-08-27,236,11.7843599278406,1116,0.202310407903901,"srmspe"
2019-08-27,129,11.7927089969564,668,0.121131320804945,"srmspe"
2019-08-27,109,11.7942695706229,485,0.0879487511408239,"srmspe"
2019-08-27,67,11.7975467753225,462,0.0837587305749403,"srmspe"
2019-08-27,99,11.7950498574561,517,0.0937370892835749,"srmspe"
2019-08-27,128,11.7927870256397,593,0.107521521401317,"srmspe"
2019-08-27,51,11.7987952342557,751,0.136180195151499,"srmspe"
2019-08-27,49,11.7989512916224,385,0.0698044341202395,"srmspe"
2019-08-27,113,11.7939574558896,532,0.0964602142047512,"srmspe"
2019-08-27,27,11.8006679226555,396,0.0718124921264477,"srmspe"
2019-08-27,78,11.7966884598059,637,0.115475656961162,"srmspe"
2019-08-27,36,11.7999656645056,397,0.071980907606357,"srmspe"
2019-08-27,44,11.799341435039,391,0.0708950017887424,"srmspe"
2019-08-27,47,11.799107348989,246,0.0446038844450984,"srmspe"
2019-08-27,68,11.7974687466392,642,0.116386543768846,"srmspe"
2019-08-27,74,11.7970005745392,641,0.116210508369366,"srmspe"
2019-08-27,104,11.7946597140395,603,0.10935648815676,"srmspe"
2019-08-27,97,11.7952059148228,942,0.170817178228589,"srmspe"
2019-08-27,251,11.7831894975907,1355,0.245763427713776,"srmspe"
2019-08-27,161,11.79021207909,2181,0.395391996161822,"srmspe"
2019-08-27,129,11.7927089969564,1186,0.215019553765832,"srmspe"
2019-08-27,155,11.7906802511899,2068,0.374927363876467,"srmspe"
2019-08-27,239,11.7841258417906,1079,0.195714709422496,"srmspe"
2019-08-27,111,11.7941135132562,1663,0.301485851869855,"srmspe"
2019-08-27,85,11.7961422590227,417,0.0755910983426629,"srmspe"
2019-08-27,495,11.7641504988594,3782,0.685548567937215,"srmspe"
2019-08-27,120,11.7934112551063,735,0.133266156385956,"srmspe"
2019-08-27,125,11.7930211116897,347,0.0629868122564172,"srmspe"
2019-08-27,152,11.7909143372399,856,0.155198112402894,"srmspe"
2019-08-27,327,11.777259317658,2589,0.469475274771312,"srmspe"
2019-08-27,60,11.7980929761058,316,0.0572986003700506,"srmspe"
2019-08-27,126,11.7929430830063,2301,0.417095806521309,"srmspe"
2019-08-27,342,11.7760888874081,2317,0.420079849387974,"srmspe"
2019-08-27,415,11.7703927935254,2223,0.403100798709015,"srmspe"
2019-08-27,167,11.78974390699,738,0.133806557772781,"srmspe"
2019-08-27,171,11.7894317922567,1202,0.21794207098257,"srmspe"
2019-08-27,664,11.7509636513775,3207,0.581403820935252,"srmspe"
2019-08-27,123,11.7931771690563,1828,0.331426353821531,"srmspe"
2019-08-27,213,11.7861545875571,1256,0.227710471212306,"srmspe"
2019-08-27,215,11.7859985301904,627,0.113681550216179,"srmspe"
2019-08-27,154,11.7907582798732,1384,0.250869834850116,"srmspe"
2019-08-27,151,11.7909923659232,728,0.131982235939031,"srmspe"
2019-08-27,130,11.792630968273,1266,0.229539267910428,"srmspe"
2019-08-27,150,11.7910703946065,734,0.133099608866895,"srmspe"
2019-08-27,217,11.7858424728238,747,0.135438689537301,"srmspe"
2019-08-27,296,11.7796782068411,741,0.134366948653908,"srmspe"
2019-08-27,185,11.7883393906902,1034,0.187508147554791,"srmspe"
2019-08-27,303,11.7791320060578,640,0.116068624348364,"srmspe"
2019-08-27,57,11.7983270621558,990,0.179502515339885,"srmspe"
2019-08-27,419,11.7700806787921,1700,0.308284311197854,"srmspe"
2019-08-27,91,11.7956740869227,2428,0.440150037063384,"srmspe"
2019-08-27,180,11.7887295341068,1445,0.262081188015827,"srmspe"
2019-08-27,111,11.7941135132562,1083,0.196385597768741,"srmspe"
2019-08-27,159,11.7903681364566,1196,0.216832379382236,"srmspe"
2019-08-27,151,11.7909923659232,1181,0.214150931740701,"srmspe"
2019-08-27,66,11.7976248040058,516,0.0935600974906848,"srmspe"
2019-08-27,782,11.7417562667451,2217,0.401942436559714,"srmspe"
2019-08-27,682,11.7495591350776,2050,0.371766310540037,"srmspe"
2019-08-27,58,11.7982490334724,413,0.0748767851688141,"srmspe"
2019-08-27,20,11.8012141234388,290,0.0525866026234308,"srmspe"
2019-08-27,94,11.7954400008727,1659,0.300781151602834,"srmspe"
2019-08-27,423,11.7697685640588,1002,0.181802513265376,"srmspe"
2019-08-27,545,11.7602490646932,5826,1.05603079666434,"srmspe"
2019-08-27,33,11.8001997505556,151,0.0273943382836712,"srmspe"
2019-08-27,126,11.7929430830063,2039,0.369644901830335,"srmspe"
2019-08-27,68,11.7974687466392,536,0.0971867484408995,"srmspe"
2019-08-27,51,11.7987952342557,749,0.13579771055706,"srmspe"
2019-08-27,130,11.792630968273,902,0.163654701748956,"srmspe"
2019-08-27,81,11.796454373756,410,0.0743481717505833,"srmspe"
2019-08-27,98,11.7951278861394,953,0.172775637586568,"srmspe"
2019-08-27,182,11.7885734767401,1963,0.355893834103651,"srmspe"
2019-08-27,56,11.7984050908391,956,0.173328859769259,"srmspe"
2019-08-27,74,11.7970005745392,837,0.15176169286494,"srmspe"
2019-08-27,95,11.7953619721894,485,0.0879478912707335,"srmspe"
2019-08-27,290,11.780146378941,948,0.171883706605006,"srmspe"
2019-08-27,186,11.7882613620068,1916,0.34737978216184,"srmspe"
2019-08-27,379,11.7732018261251,2176,0.394496046800973,"srmspe"
2019-08-27,224,11.7852962720405,1233,0.223604530656867,"srmspe"
2019-08-27,72,11.7971566319059,481,0.0872465326122094,"srmspe"
2019-08-27,507,11.7632141546595,1744,0.316182486806885,"srmspe"
2019-08-27,387,11.7725775966585,1121,0.203301530039954,"srmspe"
2019-08-27,87,11.795986201656,1083,0.196384927179826,"srmspe"
2019-08-28,98,12.987562224712,1028,0.14514665038132,"srmspe"
2019-08-28,0,12.9952090356779,1917,0.270764254210745,"srmspe"
2019-08-28,170,12.9819441595126,942,0.132998134105562,"srmspe"
2019-08-28,182,12.9810078153127,1199,0.169285028105795,"srmspe"
2019-08-28,159,12.9828024750292,954,0.134679005767356,"srmspe"
2019-08-28,92,12.988030396812,827,0.116739676528077,"srmspe"
2019-08-28,78,12.9891227983785,593,0.0837252583530756,"srmspe"
2019-08-28,131,12.9849872781623,1255,0.177191262093582,"srmspe"
2019-08-28,91,12.9881084254953,590,0.083295031205354,"srmspe"
2019-08-28,121,12.9857675649955,541,0.0763812419526212,"srmspe"
2019-08-28,148,12.9836607905458,706,0.0996769062011118,"srmspe"
2019-08-28,116,12.9861577084122,1113,0.157127322908694,"srmspe"
2019-08-28,93,12.9879523681286,587,0.082871770898461,"srmspe"
2019-08-28,40,12.9920878883449,652,0.0920581572255833,"srmspe"
2019-08-28,142,12.9841289626457,864,0.122000220020085,"srmspe"
2019-08-28,157,12.9829585323958,773,0.109154706708329,"srmspe"
2019-08-28,253,12.9754677787966,2901,0.409561391961078,"srmspe"
2019-08-28,80,12.9889667410119,2801,0.39550391518451,"srmspe"
2019-08-28,762,12.9357511789842,5453,0.769824613466689,"srmspe"
2019-08-28,196,12.9799154137462,2657,0.375132653174315,"srmspe"
2019-08-28,568,12.9508887435493,2159,0.304851485589132,"srmspe"
2019-08-28,125,12.9854554502622,647,0.0913505197894823,"srmspe"
2019-08-28,237,12.9767162377298,2064,0.291435064002795,"srmspe"
2019-08-28,132,12.984909249479,898,0.126804390348422,"srmspe"
2019-08-28,503,12.9559606079654,4012,0.566367231854415,"srmspe"
2019-08-28,87,12.9884205402286,1994,0.281546048883253,"srmspe"
2019-08-28,85,12.9885765975952,1274,0.179905433079713,"srmspe"
2019-08-28,74,12.9894349131118,701,0.0989573581012324,"srmspe"
2019-08-28,127,12.9852993928956,617,0.0871168038715451,"srmspe"
2019-08-28,112,12.9864698231455,458,0.0646805208741327,"srmspe"
2019-08-28,184,12.9808517579461,1058,0.149378152077358,"srmspe"
2019-08-28,137,12.9845191060623,727,0.102630073287711,"srmspe"
2019-08-28,133,12.9848312207956,763,0.107725064869133,"srmspe"
2019-08-28,87,12.9884205402286,1186,0.16743036841845,"srmspe"
2019-08-28,296,12.9721125454137,1386,0.195667861904115,"srmspe"
2019-08-28,65,12.9901371712617,524,0.0739869152722105,"srmspe"
2019-08-28,126,12.9853774215789,347,0.0490341337549868,"srmspe"
2019-08-28,298,12.971956488047,2363,0.333638774261056,"srmspe"
2019-08-28,68,12.9899030852118,1288,0.181883332964396,"srmspe"
2019-08-28,516,12.9549462350822,2597,0.366649402224377,"srmspe"
2019-08-28,108,12.9867819378788,282,0.0398169043088807,"srmspe"
2019-08-28,1201,12.9014965870045,8075,1.14004461303691,"srmspe"
2019-08-28,142,12.9841289626457,671,0.0947554596301538,"srmspe"
2019-08-28,102,12.9872501099787,995,0.140488422850303,"srmspe"
2019-08-28,95,12.987796310762,335,0.0473007215861983,"srmspe"
2019-08-28,41,12.9920098596615,442,0.0624050214989695,"srmspe"
2019-08-28,50,12.9913076015116,566,0.079903641639671,"srmspe"
2019-08-28,67,12.9899811138951,647,0.0913712999091615,"srmspe"
2019-08-28,175,12.981554016096,1773,0.250307690859547,"srmspe"
2019-08-28,162,12.9825683889792,2145,0.302804924651319,"srmspe"
2019-08-28,606,12.9479236535829,2007,0.283305944258267,"srmspe"
2019-08-28,301,12.971722401997,2081,0.293776328785716,"srmspe"
2019-08-28,351,12.9678209678308,2252,0.317976137000049,"srmspe"
2019-08-28,42,12.9919318309782,738,0.104197770740734,"srmspe"
2019-08-28,46,12.9916197162449,200,0.0282483161610725,"srmspe"
2019-08-28,58,12.990683372045,283,0.0399693144206076,"srmspe"
2019-08-28,44,12.9917757736116,226,0.0319279025491542,"srmspe"
2019-08-28,170,12.9819441595126,1074,0.151630253844931,"srmspe"
2019-08-28,219,12.9781207540297,1115,0.157422934602563,"srmspe"
2019-08-28,133,12.9848312207956,1098,0.155022657028985,"srmspe"
2019-08-28,67,12.9899811138951,910,0.128473026612791,"srmspe"
2019-08-28,58,12.990683372045,669,0.0944485673523267,"srmspe"
2019-08-28,149,12.9835827618624,588,0.0830094741883033,"srmspe"
2019-08-28,124,12.9855334789456,753,0.106299822430675,"srmspe"
2019-08-28,316,12.9705519717472,2611,0.368667292274328,"srmspe"
2019-08-28,257,12.9751556640633,1101,0.155462265650129,"srmspe"
2019-08-28,345,12.9682891399307,2146,0.302930986812609,"srmspe"
2019-08-28,13,12.9941946627946,916,0.129319069522738,"srmspe"
2019-08-28,204,12.9792911842796,1770,0.249917808719538,"srmspe"
2019-08-28,198,12.9797593563795,2401,0.338996519347951,"srmspe"
2019-08-28,48,12.9914636588783,1996,0.281849940897084,"srmspe"
2019-08-28,342,12.9685232259807,2282,0.322165454957194,"srmspe"
2019-08-28,260,12.9749215780134,963,0.135992112148029,"srmspe"
2019-08-28,221,12.977964696663,1148,0.162106755019064,"srmspe"
2019-08-28,206,12.9791351269129,2069,0.292113494361853,"srmspe"
2019-08-28,115,12.9862357370955,1487,0.209948007369003,"srmspe"
2019-08-28,199,12.9796813276962,1936,0.273348490385402,"srmspe"
2019-08-28,118,12.9860016510455,1445,0.204028954899563,"srmspe"
2019-08-28,68,12.9899030852118,946,0.133559594867592,"srmspe"
2019-08-28,94,12.9878743394453,932,0.131574721328035,"srmspe"
2019-08-28,160,12.9827244463459,851,0.120151147237564,"srmspe"
2019-08-28,88,12.9883425115453,643,0.0907730225695351,"srmspe"
2019-08-28,65,12.9901371712617,416,0.0587356084516799,"srmspe"
2019-08-28,74,12.9894349131118,506,0.0714392301216209,"srmspe"
2019-08-28,321,12.9701618283305,1243,0.175468548826245,"srmspe"
2019-08-28,85,12.9885765975952,620,0.0875216517496501,"srmspe"
2019-08-28,71,12.9896689991618,1095,0.154600350298105,"srmspe"
2019-08-28,142,12.9841289626457,1210,0.170820223397889,"srmspe"
2019-08-28,43,12.9918538022949,213,0.0300946829535506,"srmspe"
2019-08-28,111,12.9865478518288,627,0.0885311510565069,"srmspe"
2019-08-28,178,12.981319930046,512,0.0723003457852905,"srmspe"
2019-08-28,33,12.9926340891281,499,0.0704492150343335,"srmspe"
2019-08-28,27,12.9931022612281,362,0.0511227350907104,"srmspe"
2019-08-28,47,12.9915416875616,391,0.0551942223585828,"srmspe"
2019-08-28,145,12.9838948765957,752,0.106178611290173,"srmspe"
2019-08-28,55,12.990917458095,1148,0.162071956781714,"srmspe"
2019-08-28,84,12.9886546262786,530,0.0748329124166434,"srmspe"
2019-08-28,134,12.9847531921123,653,0.0921983644024424,"srmspe"
2019-08-28,145,12.9838948765957,1825,0.257611093483486,"srmspe"
2019-08-28,52,12.991151544145,290,0.0409541267193543,"srmspe"
2019-08-28,63,12.9902932286284,493,0.0696036202741986,"srmspe"
2019-08-28,134,12.9847531921123,673,0.095020510963377,"srmspe"
2019-08-28,52,12.991151544145,575,0.0811678686195695,"srmspe"
2019-08-28,126,12.9853774215789,373,0.0526622945630612,"srmspe"
2019-08-28,79,12.9890447696952,470,0.0663563116162413,"srmspe"
2019-08-28,60,12.9905273146784,376,0.053083221970578,"srmspe"
2019-08-28,93,12.9879523681286,175,0.0247127833194285,"srmspe"
2019-08-28,77,12.9892008270618,461,0.0650872611793625,"srmspe"
2019-08-28,47,12.9915416875616,554,0.0782150947650475,"srmspe"
2019-08-28,181,12.981085843996,339,0.0478771215163047,"srmspe"
2019-08-28,48,12.9914636588783,586,0.0827294223039682,"srmspe"
2019-08-28,341,12.968601254664,1327,0.187357576677209,"srmspe"
2019-08-28,302,12.9716443733137,2250,0.317636096001242,"srmspe"
2019-08-28,637,12.9455047643998,2114,0.298418310917642,"srmspe"
2019-08-28,432,12.9615006444815,1850,0.261155727852193,"srmspe"
2019-08-28,250,12.9757018648466,2747,0.387767276690966,"srmspe"
2019-08-28,561,12.9514349443325,1940,0.273857967577039,"srmspe"
2019-08-28,46,12.9916197162449,427,0.0603016068311861,"srmspe"
2019-08-28,50,12.9913076015116,436,0.0615518314799985,"srmspe"
2019-08-28,75,12.9893568844285,535,0.075535108270532,"srmspe"
2019-08-28,53,12.9910735154616,439,0.0619817210188396,"srmspe"
2019-08-28,58,12.990683372045,341,0.0481481055806627,"srmspe"
2019-08-28,44,12.9917757736116,648,0.09147216956099,"srmspe"
2019-08-28,115,12.9862357370955,506,0.0714404846709036,"srmspe"
2019-08-28,135,12.984675163429,341,0.0481409537205815,"srmspe"
2019-08-28,44,12.9917757736116,338,0.04771859525463,"srmspe"
2019-08-28,269,12.9742193198634,978,0.138084316188142,"srmspe"
2019-08-28,195,12.9799934424295,915,0.129199459724589,"srmspe"
2019-08-28,35,12.9924780317615,1611,0.227437873164349,"srmspe"
2019-08-28,15,12.994038605428,330,0.0466066125600479,"srmspe"
2019-08-28,159,12.9828024750292,2388,0.337122974379478,"srmspe"
2019-08-28,181,12.981085843996,1103,0.155735533132359,"srmspe"
2019-08-28,204,12.9792911842796,1392,0.196520397641295,"srmspe"
2019-08-28,216,12.9783548400797,624,0.088121380106551,"srmspe"
2019-08-28,79,12.9890447696952,528,0.0745578964963418,"srmspe"
2019-08-28,78,12.9891227983785,513,0.0724407796918532,"srmspe"
2019-08-28,92,12.988030396812,3616,0.510502451993952,"srmspe"
2019-08-28,186,12.9806957005794,1157,0.1633658609868,"srmspe"
2019-08-28,666,12.9432419325834,2643,0.373140083333459,"srmspe"
2019-08-28,107,12.9868599665621,2273,0.320920515046576,"srmspe"
2019-08-28,153,12.9832706471291,1406,0.198501985688023,"srmspe"
2019-08-28,205,12.9792131555962,1341,0.189337535521594,"srmspe"
2019-08-28,504,12.9558825792821,4557,0.643415896839709,"srmspe"
2019-08-28,272,12.9739852338135,1415,0.199796460009892,"srmspe"
2019-08-28,253,12.9754677787966,4687,0.661753997761211,"srmspe"
2019-08-28,65,12.9901371712617,436,0.0615644599131471,"srmspe"
2019-08-28,73,12.9895129417951,430,0.060709861371757,"srmspe"
2019-08-28,111,12.9865478518288,1062,0.149951208662193,"srmspe"
2019-08-28,534,12.9535417187823,2738,0.386532692825904,"srmspe"
2019-08-28,204,12.9792911842796,2256,0.318452677333812,"srmspe"
2019-08-28,198,12.9797593563795,1017,0.143576348970896,"srmspe"
2019-08-28,87,12.9884205402286,1003,0.141621620062121,"srmspe"
2019-08-28,93,12.9879523681286,804,0.113502886143266,"srmspe"
2019-08-28,48,12.9914636588783,414,0.0584522286855106,"srmspe"
2019-08-28,61,12.990449285995,920,0.129876081527234,"srmspe"
2019-08-28,134,12.9847531921123,885,0.124941983447297,"srmspe"
2019-08-28,56,12.9908394294117,634,0.0895367328641295,"srmspe"
2019-08-28,92,12.988030396812,645,0.0910901803872903,"srmspe"
2019-08-28,104,12.9870940526121,1156,0.163204877995268,"srmspe"
2019-08-28,458,12.959471898715,3303,0.466326266858382,"srmspe"
2019-08-28,61,12.990449285995,1153,0.162861043951901,"srmspe"
2019-08-28,467,12.9587696405651,3376,0.476624813370954,"srmspe"
2019-08-28,149,12.9835827618624,1409,0.198913552090107,"srmspe"
2019-08-28,335,12.969069426764,1967,0.27765715622594,"srmspe"
2019-08-28,102,12.9872501099787,810,0.114347588044701,"srmspe"
2019-08-28,166,12.9822562742459,899,0.126922728040326,"srmspe"
2019-08-28,151,12.9834267044958,1477,0.208517256215346,"srmspe"
2019-08-28,318,12.9703959143805,5228,0.73813086951215,"srmspe"
2019-08-28,618,12.946987309383,3090,0.436266581812226,"srmspe"
2019-08-28,202,12.9794472416462,3552,0.501544157734171,"srmspe"
2019-08-28,532,12.953697776149,2684,0.378925544950886,"srmspe"
2019-08-28,345,12.9682891399307,1909,0.269511968245567,"srmspe"
2019-08-28,285,12.9729708609302,3937,0.55588353613904,"srmspe"
2019-08-28,57,12.9907614007283,1140,0.161014618361819,"srmspe"
2019-08-28,119,12.9859236223622,729,0.102987303280191,"srmspe"
2019-08-28,0,12.9952090356779,841,0.118805360490287,"srmspe"
2019-08-28,368,12.9664944802143,962,0.135814442957818,"srmspe"
2019-08-28,337,12.9689133693973,625,0.0882864145037667,"srmspe"
2019-08-28,368,12.9664944802143,4557,0.643508848470638,"srmspe"
2019-08-28,302,12.9716443733137,909,0.128339440390822,"srmspe"
2019-08-28,115,12.9862357370955,5289,0.74669423895147,"srmspe"
2019-08-28,233,12.9770283524631,615,0.0868169530763863,"srmspe"
2019-08-28,129,12.9851433355289,963,0.135952372850087,"srmspe"
2019-08-28,2247,12.8198785842466,10621,1.49946356676152,"srmspe"
2019-08-28,281,12.9732829756635,1659,0.234258188226845,"srmspe"
2019-08-28,98,12.987562224712,1081,0.15260301284497,"srmspe"
2019-08-28,139,12.9843630486957,1452,0.204966465135351,"srmspe"
2019-08-28,82,12.9888106836452,651,0.0919062829105709,"srmspe"
2019-08-28,162,12.9825683889792,3451,0.487179215576307,"srmspe"
2019-08-28,216,12.9783548400797,1257,0.177477369496805,"srmspe"
2019-08-28,340,12.9686792833474,349,0.0492813506173825,"srmspe"
2019-08-28,47,12.9915416875616,548,0.0773801573212659,"srmspe"
2019-08-28,395,12.9643877057645,2386,0.337005217473848,"srmspe"
2019-08-28,325,12.9698497135972,1247,0.17610919441282,"srmspe"
2019-08-28,149,12.9835827618624,1434,0.202507337217554,"srmspe"
2019-08-28,657,12.9439441907333,5080,0.717250926085157,"srmspe"
2019-08-28,2444,12.8045069336316,4246,0.599448827904114,"srmspe"
2019-08-28,186,12.9806957005794,738,0.10419855481948,"srmspe"
2019-08-28,142,12.9841289626457,2109,0.297706304852127,"srmspe"
2019-08-28,109,12.9867039091954,1154,0.162922455545381,"srmspe"
2019-08-28,130,12.9850653068456,676,0.0954710142903741,"srmspe"
2019-08-28,166,12.9822562742459,1747,0.246673969677403,"srmspe"
2019-08-28,296,12.9721125454137,2212,0.312246430153531,"srmspe"
2019-08-28,296,12.9721125454137,1752,0.247305832134049,"srmspe"
2019-08-28,55,12.990917458095,593,0.0837142778469794,"srmspe"
2019-08-28,28,12.9930242325448,479,0.067630903735013,"srmspe"
2019-08-28,148,12.9836607905458,1020,0.14404191617216,"srmspe"
2019-08-28,250,12.9757018648466,1396,0.197150555150567,"srmspe"
2019-08-28,284,12.9730488896136,1033,0.145847740449192,"srmspe"
2019-08-28,150,12.9835047331791,350,0.0494118398576984,"srmspe"
2019-08-28,39,12.9921659170282,628,0.0886545509558688,"srmspe"
2019-08-28,750,12.9366875231841,3184,0.449477874122656,"srmspe"
2019-08-28,102,12.9872501099787,1181,0.166714409419846,"srmspe"
2019-08-28,33,12.9926340891281,241,0.0340356362179087,"srmspe"
2019-08-28,48,12.9914636588783,240,0.0338891845692201,"srmspe"
2019-08-28,402,12.9638415049812,2837,0.400511470434953,"srmspe"
2019-08-28,352,12.9677429391475,1960,0.276707904665198,"srmspe"
2019-08-28,227,12.9774965245631,6430,0.907627588542306,"srmspe"
2019-08-28,64,12.9902151999451,869,0.122692397484517,"srmspe"
2019-08-28,168,12.9821002168793,906,0.127910932587145,"srmspe"
2019-08-28,220,12.9780427253464,952,0.134406167494949,"srmspe"
2019-08-28,113,12.9863917944621,817,0.115385489930627,"srmspe"
2019-08-28,100,12.9874061673454,1299,0.183405363862097,"srmspe"
2019-08-28,57,12.9907614007283,3385,0.477990928401669,"srmspe"
2019-08-28,113,12.9863917944621,1617,0.228295277838755,"srmspe"
2019-08-28,66,12.9900591425784,327,0.0462069817662373,"srmspe"
2019-08-28,607,12.9478456248996,2296,0.324089604212923,"srmspe"
2019-08-28,60,12.9905273146784,725,0.102374466299433,"srmspe"
2019-08-28,46,12.9916197162449,542,0.076509126305797,"srmspe"
2019-08-28,230,12.9772624385131,1368,0.19314172980129,"srmspe"
2019-08-28,390,12.9647778491811,2263,0.319480529390361,"srmspe"
2019-08-28,106,12.9869379952454,904,0.127635717368654,"srmspe"
2019-08-28,181,12.981085843996,1021,0.14414478047638,"srmspe"
2019-08-28,123,12.9856115076289,5376,0.758891677931776,"srmspe"
2019-08-28,53,12.9910735154616,463,0.0653917578139902,"srmspe"
2019-08-28,87,12.9884205402286,857,0.121028207359109,"srmspe"
2019-08-28,372,12.966182365481,2687,0.379351191529216,"srmspe"
2019-08-28,120,12.9858455936789,1802,0.254474361697951,"srmspe"
2019-08-28,120,12.9858455936789,768,0.108442465936865,"srmspe"
2019-08-28,86,12.9884985689119,740,0.104497186912769,"srmspe"
2019-08-28,91,12.9881084254953,735,0.103787387864177,"srmspe"
2019-08-28,267,12.9743753772301,1401,0.197822771639677,"srmspe"
2019-08-28,118,12.9860016510455,322,0.045458333266538,"srmspe"
2019-08-28,68,12.9899030852118,558,0.0787804767043159,"srmspe"
2019-08-28,44,12.9917757736116,531,0.0749656379776534,"srmspe"
2019-08-28,1128,12.9071926808873,2720,0.384027516294258,"srmspe"
2019-08-28,166,12.9822562742459,2290,0.323340864370532,"srmspe"
2019-08-28,54,12.9909954867783,970,0.136956939660159,"srmspe"
2019-08-28,190,12.9803835858461,1099,0.155192125173169,"srmspe"
2019-08-28,131,12.9849872781623,678,0.0957497235517222,"srmspe"
2019-08-28,64,12.9902151999451,479,0.0676502274988462,"srmspe"
2019-08-28,42,12.9919318309782,507,0.0715828508767471,"srmspe"
2019-08-28,86,12.9884985689119,517,0.0729891702814703,"srmspe"
2019-08-28,83,12.9887326549619,1518,0.214339037132835,"srmspe"
2019-08-28,114,12.9863137657788,1032,0.145703811477336,"srmspe"
2019-08-28,545,12.9526834032657,2216,0.312862309613161,"srmspe"
2019-08-28,525,12.9542439769322,3250,0.458745588291765,"srmspe"
2019-08-28,311,12.9709421151638,3373,0.476108114680765,"srmspe"
2019-08-28,138,12.984441077379,879,0.1241148482872,"srmspe"
2019-08-28,187,12.9806176718961,1053,0.148655623067983,"srmspe"
2019-08-28,215,12.978432868763,1112,0.156992236938515,"srmspe"
2019-08-28,313,12.9707860577971,1290,0.182117961803757,"srmspe"
2019-08-28,192,12.9802275284795,1135,0.160274767763998,"srmspe"
2019-08-28,195,12.9799934424295,2358,0.332990751575783,"srmspe"
2019-08-28,340,12.9686792833474,1372,0.193690414420365,"srmspe"
2019-08-28,113,12.9863917944621,691,0.0975678935262163,"srmspe"
2019-08-28,209,12.9789010408629,1802,0.254382868700838,"srmspe"
2019-08-28,190,12.9803835858461,1032,0.145675292780992,"srmspe"
2019-08-28,192,12.9802275284795,1431,0.202016249620669,"srmspe"
2019-08-28,323,12.9700057709639,521,0.0735572991782307,"srmspe"
2019-08-28,65,12.9901371712617,1214,0.171360159982992,"srmspe"
2019-08-28,78,12.9891227983785,1004,0.141721154439254,"srmspe"
2019-08-28,245,12.9760920082632,879,0.124099035971454,"srmspe"
2019-08-28,152,12.9833486758125,713,0.100689994536819,"srmspe"
2019-08-28,266,12.9744534059134,1551,0.218915468791708,"srmspe"
2019-08-28,456,12.9596279560817,1528,0.215664021201105,"srmspe"
2019-08-28,168,12.9821002168793,1615,0.227952542415196,"srmspe"
2019-08-28,190,12.9803835858461,1086,0.153384796367666,"srmspe"
2019-08-28,492,12.956818923482,1160,0.163737885765704,"srmspe"
2019-08-28,0,12.9952090356779,2117,0.298924656408644,"srmspe"
2019-08-28,242,12.9763260943132,1063,0.150096669076677,"srmspe"
2019-08-28,153,12.9832706471291,1127,0.159133129091214,"srmspe"
2019-08-28,193,12.9801494997961,1729,0.244097831797951,"srmspe"
2019-08-28,431,12.9615786731648,1327,0.187345522127419,"srmspe"
2019-08-28,211,12.9787449834963,1156,0.163201953374084,"srmspe"
2019-08-28,72,12.9895909704785,785,0.110820747414823,"srmspe"
2019-08-28,144,12.9839729052791,1314,0.18550473021861,"srmspe"
2019-08-28,204,12.9792911842796,1212,0.171128650746184,"srmspe"
2019-08-28,123,12.9856115076289,2287,0.322882465715827,"srmspe"
2019-08-28,176,12.9814759874127,1975,0.278791374104824,"srmspe"
2019-08-28,367,12.9665725088976,2010,0.283806650448985,"srmspe"
2019-08-28,296,12.9721125454137,1551,0.219001755064823,"srmspe"
2019-08-28,249,12.9757798935299,4881,0.689069491734495,"srmspe"
2019-08-28,152,12.9833486758125,1690,0.238650836895844,"srmspe"
2019-08-28,160,12.9827244463459,1737,0.245201440795156,"srmspe"
2019-08-28,167,12.9821782455626,1196,0.168860647380177,"srmspe"
2019-08-28,141,12.984206991329,364,0.051409780475322,"srmspe"
2019-08-28,160,12.9827244463459,515,0.072712986872343,"srmspe"
2019-08-28,90,12.9881864541786,952,0.134418739582458,"srmspe"
2019-08-28,248,12.9758579222133,2817,0.397716802112895,"srmspe"
2019-08-28,149,12.9835827618624,1787,0.252365056715855,"srmspe"
2019-08-28,258,12.97507763538,1092,0.154164790969425,"srmspe"
2019-08-28,330,12.9694595701806,4580,0.646673722953509,"srmspe"
2019-08-28,126,12.9853774215789,2408,0.34001250529995,"srmspe"
2019-08-28,302,12.9716443733137,956,0.135037579272603,"srmspe"
2019-08-28,187,12.9806176718961,2263,0.319561406230107,"srmspe"
2019-08-28,201,12.9795252703295,1549,0.218697687165963,"srmspe"
2019-08-28,41,12.9920098596615,350,0.0494250270669632,"srmspe"
2019-08-28,268,12.9742973485468,2584,0.364861072993729,"srmspe"
2019-08-28,451,12.9600180994983,1344,0.189750169250338,"srmspe"
2019-08-28,593,12.9489380264661,3090,0.436296792992461,"srmspe"
2019-08-28,283,12.9731269182969,1325,0.187161519602654,"srmspe"
2019-08-28,243,12.9762480656299,1496,0.211207104754516,"srmspe"
2019-08-28,609,12.9476895675329,1704,0.240624348957789,"srmspe"
2019-08-28,140,12.9842850200124,1398,0.197379301129664,"srmspe"
2019-08-28,293,12.9723466314636,3540,0.499764922845193,"srmspe"
2019-08-28,190,12.9803835858461,770,0.10872438275817,"srmspe"
2019-08-28,183,12.9809297866294,718,0.101361290521068,"srmspe"
2019-08-28,500,12.9561946940154,3425,0.483503283892288,"srmspe"
2019-08-28,229,12.9773404671964,1492,0.210624876875985,"srmspe"
2019-08-28,275,12.9737511477635,625,0.0883191212930415,"srmspe"
2019-08-28,13,12.9941946627946,1374,0.194042460196059,"srmspe"
2019-08-28,159,12.9828024750292,1023,0.144405050893417,"srmspe"
2019-08-28,172,12.981788102146,574,0.0810696170823937,"srmspe"
2019-08-28,107,12.9868599665621,573,0.0809025970627857,"srmspe"
2019-08-28,233,12.9770283524631,599,0.0845664283637019,"srmspe"
2019-08-28,75,12.9893568844285,828,0.116884215168885,"srmspe"
2019-08-28,77,12.9892008270618,660,0.0931820562456243,"srmspe"
2019-08-28,111,12.9865478518288,1981,0.279668702764186,"srmspe"
2019-08-28,223,12.9778086392964,2672,0.377185085388923,"srmspe"
2019-08-28,178,12.981319930046,2343,0.330779007218195,"srmspe"
2019-08-28,469,12.9586135831984,2005,0.28305610728389,"srmspe"
2019-08-28,28,12.9930242325448,595,0.0840040504096909,"srmspe"
2019-08-28,79,12.9890447696952,666,0.0940242220562183,"srmspe"
2019-08-28,87,12.9884205402286,870,0.122820222519147,"srmspe"
2019-08-28,130,12.9850653068456,930,0.131282717911221,"srmspe"
2019-08-28,71,12.9896689991618,313,0.0441964737949904,"srmspe"
2019-08-28,79,12.9890447696952,365,0.0515456347443415,"srmspe"
2019-08-28,814,12.9316936874513,6382,0.900920290421044,"srmspe"
2019-08-28,236,12.9767942664132,1834,0.258897736724164,"srmspe"
2019-08-28,74,12.9894349131118,432,0.0609975031843323,"srmspe"
2019-08-28,100,12.9874061673454,961,0.135668900734218,"srmspe"
2019-08-28,137,12.9845191060623,1100,0.155279676566082,"srmspe"
2019-08-28,75,12.9893568844285,1009,0.14247225690351,"srmspe"
2019-08-28,81,12.9888887123285,738,0.104186849792209,"srmspe"
2019-08-28,103,12.9871720812954,874,0.123408813091278,"srmspe"
2019-08-28,134,12.9847531921123,864,0.121972915207459,"srmspe"
2019-08-28,85,12.9885765975952,2092,0.295406918355392,"srmspe"
2019-08-28,274,12.9738291764468,4003,0.565110487113833,"srmspe"
2019-08-28,314,12.9707080291138,2402,0.339107719506688,"srmspe"
2019-08-28,492,12.956818923482,1855,0.261881006478127,"srmspe"
2019-08-28,48,12.9914636588783,755,0.106639789296026,"srmspe"
2019-08-28,622,12.9466751946497,2429,0.342889771365276,"srmspe"
2019-08-28,141,12.984206991329,602,0.0849819367657134,"srmspe"
2019-08-28,100,12.9874061673454,857,0.120986685400997,"srmspe"
2019-08-28,226,12.9775745532464,601,0.0848489899450203,"srmspe"
2019-08-28,67,12.9899811138951,982,0.138617488726584,"srmspe"
2019-08-28,77,12.9892008270618,733,0.103476844973322,"srmspe"
2019-08-28,133,12.9848312207956,551,0.077799687987492,"srmspe"
2019-08-28,50,12.9913076015116,728,0.102785389957923,"srmspe"
2019-08-28,107,12.9868599665621,382,0.0539498955047206,"srmspe"
2019-08-28,209,12.9789010408629,735,0.103768732436689,"srmspe"
2019-08-28,286,12.9728928322469,4580,0.646550624212249,"srmspe"
2019-08-28,213,12.9785889261296,2176,0.307341684864616,"srmspe"
2019-08-28,335,12.969069426764,2313,0.326558432185231,"srmspe"
2019-08-28,2566,12.7949874342659,6372,0.899608885931823,"srmspe"
2019-08-28,805,12.9323959456012,3012,0.425335708506122,"srmspe"
2019-08-28,275,12.9737511477635,1202,0.169697658471372,"srmspe"
2019-08-28,157,12.9829585323958,514,0.0725990843961986,"srmspe"
2019-08-28,150,12.9835047331791,766,0.108148522770227,"srmspe"
2019-08-28,181,12.981085843996,1128,0.159345959326862,"srmspe"
2019-08-28,96,12.9877182820787,1028,0.145145422421475,"srmspe"
2019-08-28,52,12.991151544145,662,0.093506339606865,"srmspe"
2019-08-28,67,12.9899811138951,1843,0.26022998278212,"srmspe"
2019-08-28,205,12.9792131555962,2460,0.347298971755516,"srmspe"
2019-08-28,109,12.9867039091954,903,0.127481408931347,"srmspe"
2019-08-28,159,12.9828024750292,631,0.0891166399250304,"srmspe"
2019-08-28,1481,12.8796485556735,13671,1.92973406920853,"srmspe"
2019-08-28,280,12.9733610043469,2935,0.414491639780843,"srmspe"
2019-08-28,89,12.9882644828619,1067,0.150640611223835,"srmspe"
2019-08-28,453,12.9598620421316,2652,0.374338952247953,"srmspe"
2019-08-28,100,12.9874061673454,1569,0.221494998139989,"srmspe"
2019-08-28,448,12.9602521855483,2159,0.304771772592997,"srmspe"
2019-08-28,321,12.9701618283305,2056,0.29028621969502,"srmspe"
2019-08-28,115,12.9862357370955,1752,0.247358553532113,"srmspe"
2019-08-28,454,12.9597840134483,2548,0.359670936193953,"srmspe"
2019-08-28,1380,12.8875294526894,5451,0.769604902037505,"srmspe"
2019-08-28,1377,12.8877635387393,6402,0.903718728329139,"srmspe"
2019-08-28,408,12.9633733328813,100,0.0141363215857552,"srmspe"
2019-08-28,27,12.9931022612281,922,0.130182850617301,"srmspe"
2019-08-28,101,12.987328138662,538,0.0759741377724303,"srmspe"
2019-08-28,90,12.9881864541786,702,0.0991109822327987,"srmspe"
2019-08-28,141,12.984206991329,696,0.098278396554287,"srmspe"
2019-08-28,411,12.9631392468313,4407,0.622109061060188,"srmspe"
2019-08-28,430,12.9616567018481,2066,0.291707115360926,"srmspe"
2019-08-28,119,12.9859236223622,2120,0.299325592081373,"srmspe"
2019-08-28,164,12.9824123316126,765,0.108006607677081,"srmspe"
2019-08-28,268,12.9742973485468,946,0.133562168376016,"srmspe"
2019-08-28,135,12.984675163429,1258,0.177633916156725,"srmspe"
2019-08-28,241,12.9764041229965,3096,0.437076916883407,"srmspe"
2019-08-28,214,12.9785108974463,3285,0.463747615848162,"srmspe"
2019-08-28,733,12.9380140108006,4882,0.689208901933829,"srmspe"
2019-08-28,90,12.9881864541786,947,0.133737081600686,"srmspe"
2019-08-28,199,12.9796813276962,4353,0.614651920748097,"srmspe"
2019-08-28,117,12.9860796797288,1546,0.21826138064858,"srmspe"
2019-08-28,72,12.9895909704785,808,0.114085016599811,"srmspe"
2019-08-28,117,12.9860796797288,1059,0.149582779182656,"srmspe"
2019-08-28,136,12.9845971347457,1924,0.271710165904712,"srmspe"
2019-08-28,196,12.9799154137462,1078,0.152184103244594,"srmspe"
2019-08-28,101,12.987328138662,1122,0.158392471394245,"srmspe"
2019-08-28,300,12.9718004306804,4189,0.591384774575543,"srmspe"
2019-08-28,198,12.9797593563795,419,0.0591579349712826,"srmspe"
2019-08-28,117,12.9860796797288,917,0.12946549669541,"srmspe"
2019-08-28,64,12.9902151999451,766,0.108151208095606,"srmspe"
2019-08-28,50,12.9913076015116,1029,0.145261721873992,"srmspe"
2019-08-28,284,12.9730488896136,1464,0.206673397869256,"srmspe"
2019-08-28,67,12.9899811138951,698,0.0985626076501873,"srmspe"
2019-08-28,137,12.9845191060623,946,0.133560169512781,"srmspe"
2019-08-28,123,12.9856115076289,920,0.129875819483594,"srmspe"
2019-08-28,1505,12.8777758672737,6044,0.853293151722001,"srmspe"
2019-08-28,476,12.9580673824152,1388,0.195981835295024,"srmspe"
2019-08-28,317,12.9704739430638,2964,0.418481564098661,"srmspe"
2019-08-28,260,12.9749215780134,1998,0.282060425264224,"srmspe"
2019-08-28,140,12.9842850200124,2491,0.35173756956574,"srmspe"
2019-08-28,43,12.9918538022949,617,0.0871253134168502,"srmspe"
2019-08-28,204,12.9792911842796,2053,0.289776719275851,"srmspe"
2019-08-28,164,12.9824123316126,1082,0.15281174807949,"srmspe"
2019-08-28,348,12.9680550538808,1056,0.149093774348399,"srmspe"
2019-08-28,95,12.987796310762,1738,0.2453478227939,"srmspe"
2019-08-28,160,12.9827244463459,2377,0.335585546265288,"srmspe"
2019-08-28,167,12.9821782455626,1311,0.185123367354733,"srmspe"
2019-08-28,47,12.9915416875616,510,0.0719966290567964,"srmspe"
2019-08-28,549,12.9523712885324,3174,0.448136360722636,"srmspe"
2019-08-28,462,12.9591597839817,1465,0.206835486340715,"srmspe"
2019-08-28,326,12.9697716849139,1211,0.170991194424692,"srmspe"
2019-08-28,146,12.9838168479124,357,0.0504291984146779,"srmspe"
2019-08-28,139,12.9843630486957,1506,0.21259911939123,"srmspe"
2019-08-28,104,12.9870940526121,818,0.115492522915651,"srmspe"
2019-08-28,86,12.9884985689119,433,0.0611370651859899,"srmspe"
2019-08-28,131,12.9849872781623,688,0.0971367683594293,"srmspe"
2019-08-28,138,12.984441077379,1011,0.1427427870364,"srmspe"
2019-08-28,112,12.9864698231455,768,0.108441843970462,"srmspe"
2019-08-28,113,12.9863917944621,1069,0.150923356351827,"srmspe"
2019-08-28,138,12.984441077379,718,0.101380447444306,"srmspe"
2019-08-28,85,12.9885765975952,1312,0.185223602042313,"srmspe"
2019-08-28,167,12.9821782455626,680,0.0960028931616637,"srmspe"
2019-08-28,174,12.9816320447793,2740,0.386867079095814,"srmspe"
2019-08-28,102,12.9872501099787,807,0.113938634924366,"srmspe"
2019-08-28,153,12.9832706471291,1313,0.185360911518457,"srmspe"
2019-08-28,239,12.9765601803632,1110,0.156735684177547,"srmspe"
2019-08-28,137,12.9845191060623,1555,0.219548065946162,"srmspe"
2019-08-28,120,12.9858455936789,662,0.093446819768449,"srmspe"
2019-08-28,319,12.9703178856972,2673,0.377362098332891,"srmspe"
2019-08-28,155,12.9831145897625,511,0.0721464248261467,"srmspe"
2019-08-28,341,12.968601254664,1509,0.213089771119663,"srmspe"
2019-08-28,503,12.9559606079654,2955,0.417220830128861,"srmspe"
2019-08-28,315,12.9706300004305,1294,0.182817744889625,"srmspe"
2019-08-28,155,12.9831145897625,891,0.125870209892543,"srmspe"
2019-08-28,1368,12.8884657968893,2554,0.360562221310353,"srmspe"
2019-08-28,42,12.9919318309782,1964,0.277264332450433,"srmspe"
2019-08-28,94,12.9878743394453,815,0.115062929552064,"srmspe"
2019-08-28,227,12.9774965245631,840,0.118583819290003,"srmspe"
2019-08-28,31,12.9927901464948,510,0.0720414824375663,"srmspe"
2019-08-28,413,12.9629831894646,1107,0.156334727515142,"srmspe"
2019-08-28,198,12.9797593563795,1924,0.271659705339602,"srmspe"
2019-08-28,311,12.9709421151638,1683,0.237599677732472,"srmspe"
2019-08-28,134,12.9847531921123,1262,0.178194034345418,"srmspe"
2019-08-28,160,12.9827244463459,1205,0.17017845233275,"srmspe"
2019-08-28,176,12.9814759874127,1338,0.188902543839701,"srmspe"
2019-08-28,504,12.9558825792821,3240,0.457341778761219,"srmspe"
2019-08-28,275,12.9737511477635,1681,0.23728876936647,"srmspe"
2019-08-28,593,12.9489380264661,4135,0.583701112179736,"srmspe"
2019-08-28,314,12.9707080291138,1754,0.247595288626364,"srmspe"
2019-08-28,324,12.9699277422806,1979,0.27937623306836,"srmspe"
2019-08-28,80,12.9889667410119,696,0.0982573363458129,"srmspe"
2019-08-28,172,12.981788102146,1269,0.179298231184202,"srmspe"
2019-08-28,176,12.9814759874127,1108,0.156424107601733,"srmspe"
2019-08-28,68,12.9899030852118,622,0.0878137564639498,"srmspe"
2019-08-28,52,12.991151544145,230,0.032494452034324,"srmspe"
2019-08-28,729,12.9383261255339,2119,0.299246323745276,"srmspe"
2019-08-28,290,12.9725807175136,2408,0.339916623278503,"srmspe"
2019-08-28,262,12.9747655206467,1399,0.197484045185278,"srmspe"
2019-08-28,400,12.9639975623479,971,0.137075335409916,"srmspe"
2019-08-28,117,12.9860796797288,1629,0.229968065368802,"srmspe"
2019-08-28,160,12.9827244463459,1039,0.146682704597819,"srmspe"
2019-08-28,259,12.9749996066967,847,0.119652707003114,"srmspe"
2019-08-28,233,12.9770283524631,1427,0.201471966539933,"srmspe"
2019-08-28,247,12.9759359508966,1318,0.186058592284659,"srmspe"
2019-08-28,123,12.9856115076289,3029,0.427679947791521,"srmspe"
2019-08-28,1686,12.8636526755919,4288,0.605255899023893,"srmspe"
2019-08-28,1321,12.8921331450055,5815,0.820880688669063,"srmspe"
2019-08-28,355,12.9675088530975,6236,0.88032062451063,"srmspe"
2019-08-28,941,12.921784044669,12799,1.80668928043109,"srmspe"
2019-08-28,89,12.9882644828619,1281,0.180873390546724,"srmspe"
2019-08-28,380,12.9655581360144,1216,0.171680821193089,"srmspe"
2019-08-28,1047,12.9135130042366,5761,0.81331762574552,"srmspe"
2019-08-28,66,12.9900591425784,1329,0.187625227129978,"srmspe"
2019-08-28,501,12.956116665332,1994,0.281675602805083,"srmspe"
2019-08-28,197,12.9798373850628,2276,0.321328441123028,"srmspe"
2019-08-28,120,12.9858455936789,1497,0.211343218270659,"srmspe"
2019-08-28,246,12.9760139795799,796,0.112389231605757,"srmspe"
2019-08-28,222,12.9778866679797,1844,0.260299067580951,"srmspe"
2019-08-28,0,12.9952090356779,5908,0.834255552461658,"srmspe"
2019-08-28,507,12.9556484932321,3517,0.496652105241806,"srmspe"
2019-08-28,24,12.9933363472781,921,0.130052816091246,"srmspe"
2019-08-28,361,12.9670406809975,4349,0.613889617927544,"srmspe"
2019-08-28,2614,12.7912420574663,4544,0.641427513229507,"srmspe"
2019-08-28,241,12.9764041229965,1343,0.189610958898922,"srmspe"
2019-08-28,203,12.9793692129629,1444,0.203875224742438,"srmspe"
2019-08-28,317,12.9704739430638,1767,0.249506896429473,"srmspe"
2019-08-28,576,12.9502645140827,5079,0.716953224426527,"srmspe"
2019-08-28,857,12.9283384540683,6314,0.891246004824969,"srmspe"
2019-08-28,107,12.9868599665621,4142,0.584775550590152,"srmspe"
2019-08-28,1238,12.8986095257215,2424,0.342223887047043,"srmspe"
2019-08-28,367,12.9665725088976,4372,0.617112896770178,"srmspe"
2019-08-28,496,12.9565068087487,3600,0.508211498254745,"srmspe"
2019-08-28,233,12.9770283524631,2335,0.329630906410004,"srmspe"
2019-08-28,195,12.9799934424295,1089,0.153742601842077,"srmspe"
2019-08-28,51,12.9912295728283,1548,0.218622596160847,"srmspe"
2019-08-28,157,12.9829585323958,5525,0.779973166215701,"srmspe"
2019-08-28,331,12.9693815414973,3373,0.476189087407378,"srmspe"
2019-08-28,51,12.9912295728283,607,0.0856934352982716,"srmspe"
2019-08-28,241,12.9764041229965,396,0.0559312606918313,"srmspe"
2019-08-28,144,12.9839729052791,1510,0.21319388070991,"srmspe"
2019-08-28,844,12.9293528269516,3480,0.4912449028996,"srmspe"
2019-08-28,690,12.9413692441836,3102,0.437890580849023,"srmspe"
2019-08-28,295,12.972190574097,1034,0.146026578365745,"srmspe"
2019-08-28,468,12.9586916118818,2817,0.397866171471073,"srmspe"
2019-08-28,61,12.990449285995,246,0.0347536267097707,"srmspe"
2019-08-28,46,12.9916197162449,1864,0.263130898454804,"srmspe"
2019-08-28,67,12.9899811138951,251,0.0354339077496297,"srmspe"
2019-08-28,143,12.9840509339624,3736,0.527405517706287,"srmspe"
2019-08-28,322,12.9700837996472,1888,0.26652144003423,"srmspe"
2019-08-28,788,12.9337224332178,3491,0.492794327637904,"srmspe"
2019-08-28,425,12.9620468452647,1382,0.19511449546107,"srmspe"
2019-08-28,202,12.9794472416462,3576,0.504864601911727,"srmspe"
2019-08-28,728,12.9384041542173,3935,0.555544401198947,"srmspe"
2019-08-28,1551,12.8741865478408,4718,0.665980038990526,"srmspe"
2019-08-28,128,12.9852213642123,1834,0.259009865703353,"srmspe"
2019-08-28,204,12.9792911842796,1481,0.209064986782529,"srmspe"
2019-08-28,581,12.949874370666,1203,0.169859969267929,"srmspe"
2019-08-28,233,12.9770283524631,3046,0.429934002034577,"srmspe"
2019-08-28,305,12.9714102872637,2332,0.329168666378322,"srmspe"
2019-08-28,393,12.9645437631311,1561,0.220364968387028,"srmspe"
2019-08-28,308,12.9711762012138,3241,0.457518900327583,"srmspe"
2019-08-28,85,12.9885765975952,1279,0.180641077182562,"srmspe"
2019-08-28,142,12.9841289626457,3168,0.447215314401775,"srmspe"
2019-08-28,237,12.9767162377298,331,0.0467771378176574,"srmspe"
2019-08-28,45,12.9916977449282,283,0.0399470589413809,"srmspe"
2019-08-28,153,12.9832706471291,1853,0.261662899863303,"srmspe"
2019-08-28,448,12.9602521855483,918,0.129655642326356,"srmspe"
2019-08-28,130,12.9850653068456,1329,0.18772539012962,"srmspe"
2019-08-28,165,12.9823343029292,1262,0.178218991950934,"srmspe"
2019-08-28,93,12.9879523681286,848,0.119739451662808,"srmspe"
2019-08-28,153,12.9832706471291,1023,0.144451137192499,"srmspe"
2019-08-28,278,12.9735170617135,1912,0.269908397747994,"srmspe"
2019-08-28,316,12.9705519717472,1100,0.155308665128032,"srmspe"
2019-08-28,288,12.9727367748803,1578,0.222826634404618,"srmspe"
2019-08-28,106,12.9869379952454,1021,0.144148496660957,"srmspe"
2019-08-28,282,12.9732049469802,1427,0.201439029550722,"srmspe"
2019-08-28,287,12.9728148035636,1916,0.270495420038125,"srmspe"
2019-08-28,198,12.9797593563795,1965,0.277400237770021,"srmspe"
2019-08-28,74,12.9894349131118,620,0.0876200848759907,"srmspe"
2019-08-28,182,12.9810078153127,2451,0.346056241779191,"srmspe"
2019-08-28,81,12.9888887123285,2088,0.294838552921278,"srmspe"
2019-08-28,153,12.9832706471291,1716,0.242224137356207,"srmspe"
2019-08-28,147,12.9837388192291,599,0.0845661697052944,"srmspe"
2019-08-28,80,12.9889667410119,1765,0.249162948497782,"srmspe"
2019-08-28,45,12.9916977449282,445,0.0628179333298808,"srmspe"
2019-08-28,144,12.9839729052791,675,0.0952990045991791,"srmspe"
2019-08-28,270,12.9741412911801,870,0.122856130449335,"srmspe"
2019-08-28,422,12.9622809313147,1910,0.269701782472524,"srmspe"
2019-08-28,186,12.9806957005794,864,0.121998240912591,"srmspe"
2019-08-28,178,12.981319930046,1433,0.202317708231801,"srmspe"
2019-08-28,215,12.978432868763,1437,0.202901190423324,"srmspe"
2019-08-28,424,12.9621248739481,1473,0.207982613374838,"srmspe"
2019-08-28,621,12.946753223333,3640,0.513805420277812,"srmspe"
2019-08-28,369,12.9664164515309,1995,0.281707607591511,"srmspe"
2019-08-28,405,12.9636074189312,2464,0.347873029194388,"srmspe"
2019-08-28,76,12.9892788557452,675,0.0953029103875945,"srmspe"
2019-08-28,80,12.9889667410119,661,0.0933231993544166,"srmspe"
2019-08-28,101,12.987328138662,760,0.1072934439005,"srmspe"
2019-08-28,104,12.9870940526121,446,0.0629681323273467,"srmspe"
2019-08-28,148,12.9836607905458,1279,0.180585703844785,"srmspe"
2019-08-28,116,12.9861577084122,1070,0.151086531719841,"srmspe"
2019-08-28,169,12.9820221881959,1026,0.144836716488655,"srmspe"
2019-08-28,247,12.9759359508966,1432,0.202179027076617,"srmspe"
2019-08-28,635,12.9456608217665,2353,0.332215573335204,"srmspe"
2019-08-28,214,12.9785108974463,1230,0.173648647013663,"srmspe"
2019-08-28,208,12.9789790695463,1619,0.228651048172681,"srmspe"
2019-08-28,52,12.991151544145,513,0.0724237285002592,"srmspe"
2019-08-28,117,12.9860796797288,769,0.108669238587192,"srmspe"
2019-08-28,349,12.9679770251974,4630,0.653713707099831,"srmspe"
2019-08-28,431,12.9615786731648,1998,0.282107180470978,"srmspe"
2019-08-28,498,12.956350751382,4191,0.59173619246027,"srmspe"
2019-08-28,264,12.9746094632801,1644,0.232116443512107,"srmspe"
2019-08-28,171,12.9818661308293,2409,0.340076778751885,"srmspe"
2019-08-28,232,12.9771063811465,952,0.134404019310015,"srmspe"
2019-08-28,168,12.9821002168793,1312,0.185235258055955,"srmspe"
2019-08-28,332,12.969303512814,1333,0.188184729306221,"srmspe"
2019-08-28,123,12.9856115076289,901,0.127196628195404,"srmspe"
2019-08-28,33,12.9926340891281,468,0.0660855261862986,"srmspe"
2019-08-28,77,12.9892008270618,501,0.0707489529943037,"srmspe"
2019-08-28,98,12.987562224712,1204,0.169964923062094,"srmspe"
2019-08-28,102,12.9872501099787,412,0.0581845886622843,"srmspe"
2019-08-28,33,12.9926340891281,485,0.0684885316601079,"srmspe"
2019-08-28,171,12.9818661308293,2103,0.29696093296154,"srmspe"
2019-08-28,316,12.9705519717472,1134,0.160099309047885,"srmspe"
2019-08-28,63,12.9902932286284,1125,0.158828175623921,"srmspe"
2019-08-28,105,12.9870160239287,441,0.0622587254390633,"srmspe"
2019-08-28,142,12.9841289626457,877,0.123830718373282,"srmspe"
2019-08-28,115,12.9862357370955,1269,0.179127845043404,"srmspe"
2019-08-28,89,12.9882644828619,422,0.0595896119151248,"srmspe"
2019-08-28,69,12.9898250565284,545,0.076939310700441,"srmspe"
2019-08-28,48,12.9914636588783,252,0.0355832452527151,"srmspe"
2019-08-28,47,12.9915416875616,309,0.043631667676021,"srmspe"
2019-08-28,51,12.9912295728283,433,0.061130426866806,"srmspe"
2019-08-28,239,12.9765601803632,1131,0.159690527170189,"srmspe"
2019-08-28,362,12.9669626523142,1599,0.225758442549242,"srmspe"
2019-08-28,125,12.9854554502622,659,0.093036796804124,"srmspe"
2019-08-28,290,12.9725807175136,1678,0.236906363367828,"srmspe"
2019-08-28,160,12.9827244463459,850,0.120003360730598,"srmspe"
2019-08-28,381,12.965480107331,1325,0.187056822205873,"srmspe"
2019-08-28,271,12.9740632624968,1189,0.167843602086714,"srmspe"
2019-08-28,130,12.9850653068456,760,0.107305672816616,"srmspe"
2019-08-28,119,12.9859236223622,533,0.0752577424442581,"srmspe"
2019-08-28,85,12.9885765975952,472,0.0666356475386794,"srmspe"
2019-08-28,107,12.9868599665621,608,0.0858335677904654,"srmspe"
2019-08-28,139,12.9843630486957,637,0.0899344808164467,"srmspe"
2019-08-28,76,12.9892788557452,799,0.112814617355543,"srmspe"
2019-08-28,64,12.9902151999451,426,0.0601416483789617,"srmspe"
2019-08-28,107,12.9868599665621,580,0.0818857803629571,"srmspe"
2019-08-28,31,12.9927901464948,462,0.0652321581842001,"srmspe"
2019-08-28,91,12.9881084254953,636,0.0897812147962234,"srmspe"
2019-08-28,40,12.9920878883449,392,0.0553457926299245,"srmspe"
2019-08-28,42,12.9919318309782,427,0.0602857270453176,"srmspe"
2019-08-28,53,12.9910735154616,284,0.0400940664839558,"srmspe"
2019-08-28,87,12.9884205402286,665,0.093876431394716,"srmspe"
2019-08-28,76,12.9892788557452,684,0.0965651904882924,"srmspe"
2019-08-28,108,12.9867819378788,669,0.0944674316651822,"srmspe"
2019-08-28,104,12.9870940526121,1071,0.151218583531194,"srmspe"
2019-08-28,277,12.9735950903968,1401,0.197860106045081,"srmspe"
2019-08-28,187,12.9806176718961,2287,0.322856201211054,"srmspe"
2019-08-28,146,12.9838168479124,1302,0.183806728972048,"srmspe"
2019-08-28,185,12.9807737292627,2213,0.3124203517961,"srmspe"
2019-08-28,252,12.97554580748,1213,0.171301992784311,"srmspe"
2019-08-28,128,12.9852213642123,1849,0.261019788419142,"srmspe"
2019-08-28,104,12.9870940526121,384,0.0542057616734213,"srmspe"
2019-08-28,531,12.9537758048323,4290,0.605544588257612,"srmspe"
2019-08-28,122,12.9856895363122,844,0.119153443616826,"srmspe"
2019-08-28,138,12.984441077379,392,0.055387560656108,"srmspe"
2019-08-28,144,12.9839729052791,952,0.134401005932466,"srmspe"
2019-08-28,308,12.9711762012138,2852,0.402691875975685,"srmspe"
2019-08-28,80,12.9889667410119,349,0.0492733763517403,"srmspe"
2019-08-28,147,12.9837388192291,2635,0.371937742064572,"srmspe"
2019-08-28,443,12.9606423289649,2566,0.362255517460108,"srmspe"
2019-08-28,467,12.9587696405651,2368,0.33435490664111,"srmspe"
2019-08-28,178,12.981319930046,796,0.112380066785424,"srmspe"
2019-08-28,165,12.9823343029292,1343,0.189607537681976,"srmspe"
2019-08-28,708,12.9399647278838,3505,0.494797978011732,"srmspe"
2019-08-28,170,12.9819441595126,2177,0.307336108179161,"srmspe"
2019-08-28,211,12.9787449834963,1378,0.194536404055756,"srmspe"
2019-08-28,232,12.9771063811465,709,0.100094440206209,"srmspe"
2019-08-28,185,12.9807737292627,1428,0.201565182830419,"srmspe"
2019-08-28,178,12.981319930046,793,0.111948566764084,"srmspe"
2019-08-28,147,12.9837388192291,1369,0.193276696069674,"srmspe"
2019-08-28,156,12.9830365610792,767,0.108299515638026,"srmspe"
2019-08-28,243,12.9762480656299,793,0.111956395384222,"srmspe"
2019-08-28,325,12.9698497135972,785,0.110838020215808,"srmspe"
2019-08-28,188,12.9805396432128,1202,0.169715016527011,"srmspe"
2019-08-28,375,12.965948279431,727,0.102658898312392,"srmspe"
2019-08-28,68,12.9899030852118,1049,0.148102683462725,"srmspe"
2019-08-28,444,12.9605643002816,1859,0.262492358555088,"srmspe"
2019-08-28,114,12.9863137657788,2634,0.371821553238923,"srmspe"
2019-08-28,212,12.978666954813,1591,0.224674931510769,"srmspe"
2019-08-28,119,12.9859236223622,1203,0.169855456111324,"srmspe"
2019-08-28,174,12.9816320447793,1337,0.188745804306731,"srmspe"
2019-08-28,167,12.9821782455626,1312,0.185243913511373,"srmspe"
2019-08-28,54,12.9909954867783,609,0.0859777486350979,"srmspe"
2019-08-28,883,12.9263097083019,2476,0.349543449719167,"srmspe"
2019-08-28,778,12.934502720051,2321,0.327727031803003,"srmspe"
2019-08-28,43,12.9918538022949,450,0.0635271389267458,"srmspe"
2019-08-28,16,12.9939605767447,302,0.0426410529900731,"srmspe"
2019-08-28,90,12.9881864541786,1883,0.265830733884275,"srmspe"
2019-08-28,420,12.9624369886814,1064,0.150306243598657,"srmspe"
2019-08-28,640,12.9452706783499,6365,0.898423244081693,"srmspe"
2019-08-28,38,12.9922439457115,189,0.0266930720868707,"srmspe"
2019-08-28,128,12.9852213642123,2337,0.329901262666239,"srmspe"
2019-08-28,87,12.9884205402286,552,0.0779339696054352,"srmspe"
2019-08-28,63,12.9902932286284,809,0.114211661310534,"srmspe"
2019-08-28,158,12.9828805037125,980,0.13843230945443,"srmspe"
2019-08-28,115,12.9862357370955,475,0.0670669902799298,"srmspe"
2019-08-28,93,12.9879523681286,986,0.13919568396934,"srmspe"
2019-08-28,189,12.9804616145294,2273,0.320884253533444,"srmspe"
2019-08-28,56,12.9908394294117,1031,0.145555405193023,"srmspe"
2019-08-28,83,12.9887326549619,885,0.124948534899636,"srmspe"
2019-08-28,116,12.9861577084122,485,0.06848229369844,"srmspe"
2019-08-28,254,12.9753897501133,1034,0.145981745671984,"srmspe"
2019-08-28,197,12.9798373850628,2081,0.293788291648909,"srmspe"
2019-08-28,425,12.9620468452647,2401,0.338947441372919,"srmspe"
2019-08-28,255,12.97531172143,1359,0.19189419300946,"srmspe"
2019-08-28,102,12.9872501099787,542,0.0765408805344923,"srmspe"
2019-08-28,534,12.9535417187823,1954,0.275847006795858,"srmspe"
2019-08-28,478,12.9579113250485,1295,0.182859967171494,"srmspe"
2019-08-28,97,12.9876402533953,1234,0.174229859691325,"srmspe"
2019-08-29,101,13.3784859281702,1083,0.15866947512177,"srmspe"
2019-08-29,0,13.3863668251861,1940,0.28434344678811,"srmspe"
2019-08-29,211,13.3699027730045,959,0.140500428588235,"srmspe"
2019-08-29,207,13.3702148877378,1253,0.183573502709686,"srmspe"
2019-08-29,165,13.3734920924374,1007,0.147516414393933,"srmspe"
2019-08-29,93,13.3791101576368,871,0.127581924451089,"srmspe"
2019-08-29,87,13.3795783297368,606,0.0887849995710048,"srmspe"
2019-08-29,138,13.3755988668872,1320,0.193388582188344,"srmspe"
2019-08-29,71,13.38082678867,633,0.0927317809745245,"srmspe"
2019-08-29,132,13.3760670389872,518,0.0758924764557858,"srmspe"
2019-08-29,135,13.3758329529372,723,0.105922755498314,"srmspe"
2019-08-29,107,13.3780177560703,1054,0.154410622555423,"srmspe"
2019-08-29,87,13.3795783297368,562,0.0823337153624434,"srmspe"
2019-08-29,52,13.3823093336532,669,0.0980188366648809,"srmspe"
2019-08-29,160,13.3738822358541,911,0.133480167103884,"srmspe"
2019-08-29,142,13.3752867521539,893,0.130841613636537,"srmspe"
2019-08-29,255,13.3664695109382,2983,0.43700731353873,"srmspe"
2019-08-29,66,13.3812169320866,2924,0.428422926402805,"srmspe"
2019-08-29,752,13.3276892553257,5341,0.782435399083517,"srmspe"
2019-08-29,214,13.3696686869545,2498,0.365987473354165,"srmspe"
2019-08-29,484,13.3486009424568,2097,0.307264657640766,"srmspe"
2019-08-29,119,13.3770814118704,636,0.09318381762037,"srmspe"
2019-08-29,253,13.3666255683048,2215,0.324537355070918,"srmspe"
2019-08-29,156,13.3741943505874,931,0.136418078725348,"srmspe"
2019-08-29,514,13.346260081957,4283,0.627399927758961,"srmspe"
2019-08-29,113,13.3775495839703,1916,0.28074250990695,"srmspe"
2019-08-29,97,13.3787980429035,1327,0.194450585154005,"srmspe"
2019-08-29,86,13.3796563584201,761,0.111471964736249,"srmspe"
2019-08-29,150,13.3746625226873,645,0.0944989766819581,"srmspe"
2019-08-29,94,13.3790321289535,531,0.0778117841620417,"srmspe"
2019-08-29,193,13.3713072893043,1151,0.168627929962045,"srmspe"
2019-08-29,152,13.3745064653207,743,0.10884122060093,"srmspe"
2019-08-29,150,13.3746625226873,758,0.111056665060534,"srmspe"
2019-08-29,89,13.3794222723701,1297,0.189998008951275,"srmspe"
2019-08-29,344,13.3595249581223,1485,0.217541206709424,"srmspe"
2019-08-29,78,13.3802805878867,573,0.0839533065822066,"srmspe"
2019-08-29,120,13.3770033831871,340,0.0498622012525324,"srmspe"
2019-08-29,346,13.3593689007556,2536,0.371552870437989,"srmspe"
2019-08-29,70,13.3809048173533,1313,0.192404262914001,"srmspe"
2019-08-29,550,13.3434510493573,2685,0.393355864990076,"srmspe"
2019-08-29,115,13.3773935266037,293,0.0429287502365193,"srmspe"
2019-08-29,1131,13.2981163843455,8177,1.19794261950245,"srmspe"
2019-08-29,120,13.3770033831871,756,0.110777332569939,"srmspe"
2019-08-29,122,13.3768473258204,1116,0.16350526078082,"srmspe"
2019-08-29,101,13.3784859281702,327,0.0479149970033123,"srmspe"
2019-08-29,45,13.3828555344364,473,0.0692989509148792,"srmspe"
2019-08-29,40,13.3832456778531,585,0.0856996189343315,"srmspe"
2019-08-29,71,13.38082678867,632,0.0926223323184549,"srmspe"
2019-08-29,181,13.3722436335042,1894,0.2774664247375,"srmspe"
2019-08-29,183,13.3720875761376,2264,0.331645899313369,"srmspe"
2019-08-29,613,13.3385352423078,2279,0.333814400956959,"srmspe"
2019-08-29,352,13.3589007286557,2179,0.319200506042608,"srmspe"
2019-08-29,374,13.3571840976225,2391,0.350322973104151,"srmspe"
2019-08-29,34,13.383713849953,880,0.128921799433007,"srmspe"
2019-08-29,72,13.3807487599867,194,0.0284371205323143,"srmspe"
2019-08-29,62,13.3815290468199,344,0.050411712438383,"srmspe"
2019-08-29,73,13.3806707313033,206,0.0302039745778397,"srmspe"
2019-08-29,142,13.3752867521539,1053,0.154272072033459,"srmspe"
2019-08-29,227,13.3686543140713,1174,0.171997269644648,"srmspe"
2019-08-29,103,13.3783298708036,1110,0.162625738161135,"srmspe"
2019-08-29,61,13.3816070755032,874,0.128042998458607,"srmspe"
2019-08-29,84,13.3798124157868,639,0.0936135080792278,"srmspe"
2019-08-29,117,13.377237469237,622,0.0911166423138634,"srmspe"
2019-08-29,133,13.3759890103038,762,0.111622981654117,"srmspe"
2019-08-29,386,13.3562477534226,2630,0.385342359890712,"srmspe"
2019-08-29,265,13.3656892241049,1158,0.16967098086871,"srmspe"
2019-08-29,369,13.3575742410391,2274,0.333093102257408,"srmspe"
2019-08-29,14,13.3852744236195,988,0.144738202192719,"srmspe"
2019-08-29,200,13.3707610885211,1783,0.261245696748036,"srmspe"
2019-08-29,160,13.3738822358541,2440,0.357486397043294,"srmspe"
2019-08-29,67,13.3811389034033,2111,0.309317614554559,"srmspe"
2019-08-29,349,13.3591348147056,2441,0.357595417600142,"srmspe"
2019-08-29,288,13.3638945643885,1016,0.148884006932303,"srmspe"
2019-08-29,234,13.368108113288,1186,0.173786341297728,"srmspe"
2019-08-29,252,13.3667035969882,2093,0.30664286674185,"srmspe"
2019-08-29,140,13.3754428095206,1583,0.231922200440587,"srmspe"
2019-08-29,197,13.370995174571,1902,0.2786768204751,"srmspe"
2019-08-29,128,13.3763791537205,1347,0.197371940301978,"srmspe"
2019-08-29,75,13.3805146739367,958,0.140353123534076,"srmspe"
2019-08-29,90,13.3793442436868,924,0.135361964173704,"srmspe"
2019-08-29,161,13.3738042071707,865,0.12673116682352,"srmspe"
2019-08-29,76,13.3804366452534,652,0.0955137482923473,"srmspe"
2019-08-29,53,13.3822313049698,409,0.0599246907342081,"srmspe"
2019-08-29,82,13.3799684731534,488,0.0714959006135361,"srmspe"
2019-08-29,313,13.3619438473053,1238,0.181347883811487,"srmspe"
2019-08-29,92,13.3791881863202,643,0.094187245752236,"srmspe"
2019-08-29,90,13.3793442436868,1100,0.161158912876858,"srmspe"
2019-08-29,140,13.3754428095206,1227,0.179745110254619,"srmspe"
2019-08-29,38,13.3834017352197,230,0.0337192619699481,"srmspe"
2019-08-29,117,13.377237469237,633,0.0927453558695563,"srmspe"
2019-08-29,168,13.3732580063875,492,0.0720972877985066,"srmspe"
2019-08-29,33,13.3837918786363,510,0.0747145161371277,"srmspe"
2019-08-29,25,13.3844161081029,385,0.0564170628102738,"srmspe"
2019-08-29,59,13.3817631328699,363,0.0531749777812273,"srmspe"
2019-08-29,133,13.3759890103038,832,0.121897353826463,"srmspe"
2019-08-29,60,13.3816851041866,1177,0.172428865293221,"srmspe"
2019-08-29,123,13.3767692971371,576,0.0843903802521832,"srmspe"
2019-08-29,144,13.3751306947873,658,0.096404919740023,"srmspe"
2019-08-29,144,13.3751306947873,1860,0.272447345504791,"srmspe"
2019-08-29,75,13.3805146739367,270,0.0395687053201183,"srmspe"
2019-08-29,51,13.3823873623365,527,0.0772060630627383,"srmspe"
2019-08-29,159,13.3739602645374,671,0.0983088786342546,"srmspe"
2019-08-29,53,13.3822313049698,600,0.0878871958562787,"srmspe"
2019-08-29,132,13.3760670389872,408,0.0597734357408421,"srmspe"
2019-08-29,75,13.3805146739367,488,0.0714923621724716,"srmspe"
2019-08-29,43,13.3830115918031,391,0.0572814419906574,"srmspe"
2019-08-29,101,13.3784859281702,203,0.029744121817809,"srmspe"
2019-08-29,59,13.3817631328699,498,0.0729598877804368,"srmspe"
2019-08-29,56,13.3819972189199,559,0.081893683785558,"srmspe"
2019-08-29,176,13.3726337769209,309,0.045289980563559,"srmspe"
2019-08-29,43,13.3830115918031,612,0.0896549949401,"srmspe"
2019-08-29,295,13.3633483636052,1384,0.202766075887597,"srmspe"
2019-08-29,320,13.3613976465221,2144,0.314086275388023,"srmspe"
2019-08-29,623,13.3377549554746,2125,0.311275682025202,"srmspe"
2019-08-29,459,13.3505516595399,1799,0.263529789829111,"srmspe"
2019-08-29,256,13.3663914822549,2841,0.416143814328608,"srmspe"
2019-08-29,560,13.3426707625241,1964,0.287692769009798,"srmspe"
2019-08-29,59,13.3817631328699,453,0.0663860118900221,"srmspe"
2019-08-29,51,13.3823873623365,488,0.0714871285045441,"srmspe"
2019-08-29,76,13.3804366452534,515,0.0754574437654953,"srmspe"
2019-08-29,67,13.3811389034033,429,0.0628539285056468,"srmspe"
2019-08-29,54,13.3821532762865,339,0.0496709516534518,"srmspe"
2019-08-29,32,13.3838699073197,673,0.0985819074516292,"srmspe"
2019-08-29,125,13.3766132397704,525,0.0769163404463149,"srmspe"
2019-08-29,137,13.3756768955705,338,0.0495178102667402,"srmspe"
2019-08-29,42,13.3830896204864,343,0.050249515240345,"srmspe"
2019-08-29,295,13.3633483636052,1088,0.159400509269015,"srmspe"
2019-08-29,194,13.371229260621,998,0.146229393418535,"srmspe"
2019-08-29,30,13.3840259646863,1692,0.247877657258614,"srmspe"
2019-08-29,16,13.3851183662529,313,0.0458747178052819,"srmspe"
2019-08-29,218,13.3693565722212,2458,0.360081634265293,"srmspe"
2019-08-29,196,13.3710732032544,1182,0.173175466479754,"srmspe"
2019-08-29,194,13.371229260621,1493,0.218720090996318,"srmspe"
2019-08-29,213,13.3697467156378,670,0.0981800803791592,"srmspe"
2019-08-29,97,13.3787980429035,616,0.0902572812940464,"srmspe"
2019-08-29,77,13.38035861657,621,0.0909900794834825,"srmspe"
2019-08-29,103,13.3783298708036,3638,0.532972039996326,"srmspe"
2019-08-29,197,13.370995174571,1253,0.183584169738253,"srmspe"
2019-08-29,732,13.3292498289922,2854,0.418104375443098,"srmspe"
2019-08-29,107,13.3780177560703,2410,0.353081430542888,"srmspe"
2019-08-29,189,13.3716194040376,1552,0.227366938482757,"srmspe"
2019-08-29,221,13.3691224861712,1481,0.216979814461219,"srmspe"
2019-08-29,511,13.346494168007,4729,0.692857144889523,"srmspe"
2019-08-29,304,13.3626461054553,1474,0.215969336088085,"srmspe"
2019-08-29,266,13.3656111954216,4838,0.708812956049502,"srmspe"
2019-08-29,61,13.3816070755032,472,0.0691556071572246,"srmspe"
2019-08-29,70,13.3809048173533,427,0.0625573006613774,"srmspe"
2019-08-29,118,13.3771594405537,1182,0.173179787860143,"srmspe"
2019-08-29,497,13.3475865695735,3100,0.454115363588438,"srmspe"
2019-08-29,220,13.3692005148546,2473,0.362231494463554,"srmspe"
2019-08-29,203,13.3705270024711,1067,0.156313671127164,"srmspe"
2019-08-29,79,13.3802025592034,1048,0.153552247312263,"srmspe"
2019-08-29,80,13.3801245305201,801,0.117338891318511,"srmspe"
2019-08-29,51,13.3823873623365,416,0.0609467370549305,"srmspe"
2019-08-29,88,13.3795003010535,1009,0.147804851432706,"srmspe"
2019-08-29,111,13.377705641337,805,0.117936870449502,"srmspe"
2019-08-29,48,13.3826214483865,674,0.0987725111434268,"srmspe"
2019-08-29,91,13.3792662150035,688,0.10082492766125,"srmspe"
2019-08-29,108,13.377939727387,1243,0.182097392549342,"srmspe"
2019-08-29,460,13.3504736308566,3526,0.516560355632453,"srmspe"
2019-08-29,57,13.3819191902365,1201,0.176035851070532,"srmspe"
2019-08-29,420,13.3535947781896,3618,0.53003142360465,"srmspe"
2019-08-29,159,13.3739602645374,1509,0.221055802109422,"srmspe"
2019-08-29,319,13.3614756752054,2107,0.308622344310255,"srmspe"
2019-08-29,122,13.3768473258204,840,0.123050598984409,"srmspe"
2019-08-29,183,13.3720875761376,898,0.131561567527706,"srmspe"
2019-08-29,156,13.3741943505874,1536,0.225016377932121,"srmspe"
2019-08-29,367,13.3577302984058,5296,0.775910569121364,"srmspe"
2019-08-29,647,13.3358822670748,3202,0.469116659726863,"srmspe"
2019-08-29,196,13.3710732032544,3623,0.530847310567817,"srmspe"
2019-08-29,533,13.3447775369738,2833,0.41503260485857,"srmspe"
2019-08-29,379,13.3567939542059,1976,0.289481939719788,"srmspe"
2019-08-29,296,13.3632703349219,4052,0.593677572960257,"srmspe"
2019-08-29,67,13.3811389034033,1163,0.170452685799573,"srmspe"
2019-08-29,114,13.377471555287,733,0.107457955659132,"srmspe"
2019-08-29,0,13.3863668251861,957,0.140272967876265,"srmspe"
2019-08-29,378,13.3568719828892,977,0.143129591067985,"srmspe"
2019-08-29,361,13.3581984705057,610,0.0894221368739071,"srmspe"
2019-08-29,345,13.3594469294389,4768,0.698659672738639,"srmspe"
2019-08-29,325,13.3610075031054,906,0.132736856300006,"srmspe"
2019-08-29,108,13.377939727387,5438,0.79664865065359,"srmspe"
2019-08-29,240,13.3676399411881,666,0.0975564331115187,"srmspe"
2019-08-29,143,13.3752087234706,969,0.141952373017294,"srmspe"
2019-08-29,2260,13.2100220008716,10724,1.57105480509096,"srmspe"
2019-08-29,281,13.3644407651717,1715,0.251294725163857,"srmspe"
2019-08-29,97,13.3787980429035,1185,0.173583247183252,"srmspe"
2019-08-29,129,13.3763011250371,1530,0.224114455625713,"srmspe"
2019-08-29,86,13.3796563584201,724,0.106059998153877,"srmspe"
2019-08-29,205,13.3703709451044,3476,0.509196143604292,"srmspe"
2019-08-29,238,13.3677959985547,1274,0.186658345799848,"srmspe"
2019-08-29,378,13.3568719828892,355,0.0520182438220493,"srmspe"
2019-08-29,48,13.3826214483865,591,0.0865937264647114,"srmspe"
2019-08-29,410,13.3543750650228,2566,0.376066823391056,"srmspe"
2019-08-29,319,13.3614756752054,1203,0.176308392800016,"srmspe"
2019-08-29,121,13.3769253545037,1450,0.212483187211282,"srmspe"
2019-08-29,593,13.3400958159743,5028,0.736666023062335,"srmspe"
2019-08-29,2488,13.1922314610735,4182,0.6126657009758,"srmspe"
2019-08-29,187,13.3717754614043,754,0.110470867392703,"srmspe"
2019-08-29,151,13.374584494004,2093,0.306580153589843,"srmspe"
2019-08-29,113,13.3775495839703,1222,0.179023551593048,"srmspe"
2019-08-29,108,13.377939727387,701,0.102733628856834,"srmspe"
2019-08-29,182,13.3721656048209,1728,0.25319080523306,"srmspe"
2019-08-29,296,13.3632703349219,2241,0.328260085956072,"srmspe"
2019-08-29,321,13.3613196178387,1798,0.263360125576877,"srmspe"
2019-08-29,83,13.3798904444701,604,0.0884791005152605,"srmspe"
2019-08-29,27,13.3842600507363,486,0.0712043388766483,"srmspe"
2019-08-29,148,13.374818580054,1102,0.161482935618974,"srmspe"
2019-08-29,269,13.3653771093716,1471,0.215568926052351,"srmspe"
2019-08-29,345,13.3594469294389,1026,0.150322426280651,"srmspe"
2019-08-29,128,13.3763791537205,357,0.0523014815144385,"srmspe"
2019-08-29,35,13.3836358212697,624,0.0914093676293406,"srmspe"
2019-08-29,759,13.3271430545424,3243,0.475055086331804,"srmspe"
2019-08-29,113,13.3775495839703,1235,0.180905430496416,"srmspe"
2019-08-29,26,13.3843380794196,252,0.0369288667727711,"srmspe"
2019-08-29,47,13.3826994770698,273,0.039998545568919,"srmspe"
2019-08-29,433,13.3525804053063,2899,0.424690317371835,"srmspe"
2019-08-29,363,13.3580424131391,2157,0.315988483209211,"srmspe"
2019-08-29,231,13.368342199338,6683,0.978877328249266,"srmspe"
2019-08-29,67,13.3811389034033,862,0.126292874495597,"srmspe"
2019-08-29,180,13.3723216621876,913,0.133755952263271,"srmspe"
2019-08-29,244,13.3673278264548,1044,0.152945524417105,"srmspe"
2019-08-29,123,13.3767692971371,832,0.121934568851058,"srmspe"
2019-08-29,94,13.3790321289535,1361,0.199398306269392,"srmspe"
2019-08-29,41,13.3831676491697,3470,0.50845801850268,"srmspe"
2019-08-29,117,13.377237469237,1594,0.233529873708749,"srmspe"
2019-08-29,71,13.38082678867,333,0.0488304241550071,"srmspe"
2019-08-29,590,13.3403299020243,2272,0.332786982181455,"srmspe"
2019-08-29,64,13.3813729894533,740,0.108429399856408,"srmspe"
2019-08-29,37,13.383479763903,562,0.082321814018052,"srmspe"
2019-08-29,225,13.3688103714379,1412,0.206866013116318,"srmspe"
2019-08-29,418,13.3537508355562,2337,0.342358618595007,"srmspe"
2019-08-29,123,13.3767692971371,921,0.134933022999386,"srmspe"
2019-08-29,194,13.371229260621,972,0.142401030394096,"srmspe"
2019-08-29,134,13.3759109816205,5654,0.828200972464855,"srmspe"
2019-08-29,41,13.3831676491697,537,0.0786966058443541,"srmspe"
2019-08-29,78,13.3802805878867,838,0.12280985817237,"srmspe"
2019-08-29,362,13.3581204418224,2839,0.415905652325397,"srmspe"
2019-08-29,139,13.3755208382039,1790,0.26231303774103,"srmspe"
2019-08-29,131,13.3761450676705,770,0.112824217700018,"srmspe"
2019-08-29,97,13.3787980429035,742,0.10873141744694,"srmspe"
2019-08-29,91,13.3792662150035,731,0.107116397441909,"srmspe"
2019-08-29,265,13.3656892241049,1437,0.210553557740632,"srmspe"
2019-08-29,129,13.3763011250371,352,0.0515650368346336,"srmspe"
2019-08-29,65,13.3812949607699,606,0.0887776352851365,"srmspe"
2019-08-29,46,13.3827775057531,497,0.072811726766109,"srmspe"
2019-08-29,1133,13.2979603269788,2994,0.43862716359235,"srmspe"
2019-08-29,218,13.3693565722212,2334,0.34197773808845,"srmspe"
2019-08-29,62,13.3815290468199,1014,0.148564268477564,"srmspe"
2019-08-29,199,13.3708391172044,1216,0.178177694586715,"srmspe"
2019-08-29,138,13.3755988668872,746,0.109318523133814,"srmspe"
2019-08-29,73,13.3806707313033,485,0.0710818928951132,"srmspe"
2019-08-29,54,13.3821532762865,549,0.0804325697345877,"srmspe"
2019-08-29,112,13.3776276126537,537,0.0786684390753627,"srmspe"
2019-08-29,81,13.3800465018367,1540,0.225646585265884,"srmspe"
2019-08-29,131,13.3761450676705,1095,0.160425288358415,"srmspe"
2019-08-29,568,13.3420465330575,2441,0.357608035558879,"srmspe"
2019-08-29,566,13.3422025904241,3476,0.50912911093605,"srmspe"
2019-08-29,328,13.3607734170555,3680,0.539004683264005,"srmspe"
2019-08-29,122,13.3768473258204,880,0.128940215582243,"srmspe"
2019-08-29,201,13.3706830598377,1037,0.15191476484432,"srmspe"
2019-08-29,211,13.3699027730045,1140,0.167012492648854,"srmspe"
2019-08-29,362,13.3581204418224,1307,0.191470357535571,"srmspe"
2019-08-29,192,13.3713853179877,1126,0.165002228874269,"srmspe"
2019-08-29,170,13.3731019490208,2402,0.351989555260888,"srmspe"
2019-08-29,347,13.3592908720723,1430,0.209483752244937,"srmspe"
2019-08-29,140,13.3754428095206,682,0.0999294113179017,"srmspe"
2019-08-29,219,13.3692785435379,1848,0.270705327932925,"srmspe"
2019-08-29,193,13.3713072893043,1121,0.164201003690216,"srmspe"
2019-08-29,248,13.3670157117215,1504,0.220322669833542,"srmspe"
2019-08-29,367,13.3577302984058,523,0.076625648193536,"srmspe"
2019-08-29,73,13.3806707313033,1312,0.192171038126896,"srmspe"
2019-08-29,80,13.3801245305201,1138,0.166686270031017,"srmspe"
2019-08-29,302,13.3628021628219,962,0.140933422228077,"srmspe"
2019-08-29,170,13.3731019490208,812,0.118986744139684,"srmspe"
2019-08-29,296,13.3632703349219,1665,0.243860169610807,"srmspe"
2019-08-29,450,13.3512539176898,1694,0.248100815660632,"srmspe"
2019-08-29,203,13.3705270024711,1810,0.265097344462103,"srmspe"
2019-08-29,197,13.370995174571,1197,0.175427502041246,"srmspe"
2019-08-29,517,13.346025995907,1277,0.187043754643018,"srmspe"
2019-08-29,0,13.3863668251861,2194,0.321472631328248,"srmspe"
2019-08-29,298,13.3631142775552,1073,0.157224776147801,"srmspe"
2019-08-29,153,13.3744284366373,1249,0.1830008968851,"srmspe"
2019-08-29,245,13.3672497977714,1808,0.26487299985911,"srmspe"
2019-08-29,453,13.3510198316398,1447,0.211983004592604,"srmspe"
2019-08-29,186,13.3718534900876,1128,0.165252258214117,"srmspe"
2019-08-29,94,13.3790321289535,777,0.113828563140153,"srmspe"
2019-08-29,171,13.3730239203375,1319,0.193230586840498,"srmspe"
2019-08-29,209,13.3700588303711,1251,0.183290563665361,"srmspe"
2019-08-29,152,13.3745064653207,2336,0.342224258544111,"srmspe"
2019-08-29,156,13.3741943505874,2034,0.297937695992319,"srmspe"
2019-08-29,346,13.3593689007556,2022,0.296262326706121,"srmspe"
2019-08-29,323,13.3611635604721,1534,0.22476567674779,"srmspe"
2019-08-29,236,13.3679520559214,4884,0.715475402951403,"srmspe"
2019-08-29,159,13.3739602645374,1659,0.243107401739279,"srmspe"
2019-08-29,165,13.3734920924374,1811,0.265277522726161,"srmspe"
2019-08-29,167,13.3733360350708,1168,0.171127154619162,"srmspe"
2019-08-29,141,13.3753647808372,367,0.0537879716409287,"srmspe"
2019-08-29,155,13.3742723792707,524,0.0767717423281659,"srmspe"
2019-08-29,93,13.3791101576368,975,0.142858163613286,"srmspe"
2019-08-29,306,13.3624900480886,2911,0.426478108829042,"srmspe"
2019-08-29,131,13.3761450676705,1940,0.28429016447619,"srmspe"
2019-08-29,246,13.3671717690881,1187,0.173888717616424,"srmspe"
2019-08-29,316,13.3617097612554,4638,0.679540764058691,"srmspe"
2019-08-29,131,13.3761450676705,2333,0.341846231821187,"srmspe"
2019-08-29,264,13.3657672527883,981,0.143790185874875,"srmspe"
2019-08-29,186,13.3718534900876,2272,0.332923155876588,"srmspe"
2019-08-29,229,13.3684982567046,1493,0.218740191606084,"srmspe"
2019-08-29,55,13.3820752476032,385,0.0564133920440943,"srmspe"
2019-08-29,286,13.3640506217551,2829,0.414497188708477,"srmspe"
2019-08-29,497,13.3475865695735,1416,0.207447630682423,"srmspe"
2019-08-29,623,13.3377549554746,3237,0.474277268593058,"srmspe"
2019-08-29,275,13.3649089372717,1340,0.196422095684452,"srmspe"
2019-08-29,276,13.3648309085884,1511,0.221364379084862,"srmspe"
2019-08-29,599,13.3396276438744,1722,0.252333896200202,"srmspe"
2019-08-29,164,13.3735701211208,1414,0.20716366007516,"srmspe"
2019-08-29,293,13.3635044209718,3689,0.540427208289139,"srmspe"
2019-08-29,163,13.3736481498041,769,0.11267685967803,"srmspe"
2019-08-29,182,13.3721656048209,715,0.104742919037649,"srmspe"
2019-08-29,493,13.3478986843068,3480,0.509783041293505,"srmspe"
2019-08-29,236,13.3679520559214,1532,0.224419652879397,"srmspe"
2019-08-29,293,13.3635044209718,712,0.104393286410231,"srmspe"
2019-08-29,9,13.3856645670361,1427,0.209123836757034,"srmspe"
2019-08-29,175,13.3727118056042,1095,0.160390789349144,"srmspe"
2019-08-29,170,13.3731019490208,621,0.091012743380559,"srmspe"
2019-08-29,131,13.3761450676705,620,0.0908365749551492,"srmspe"
2019-08-29,223,13.3689664288046,600,0.0878994444504114,"srmspe"
2019-08-29,82,13.3799684731534,819,0.119969871170988,"srmspe"
2019-08-29,73,13.3806707313033,666,0.0975740703328179,"srmspe"
2019-08-29,120,13.3770033831871,2088,0.305879281549331,"srmspe"
2019-08-29,196,13.3710732032544,2691,0.394179058306117,"srmspe"
2019-08-29,185,13.3719315187709,2495,0.365506079127364,"srmspe"
2019-08-29,427,13.3530485774063,2239,0.327991293211174,"srmspe"
2019-08-29,36,13.3835577925864,596,0.0873160951180742,"srmspe"
2019-08-29,94,13.3790321289535,658,0.0963978488674009,"srmspe"
2019-08-29,86,13.3796563584201,883,0.129352086426573,"srmspe"
2019-08-29,130,13.3762230963538,1001,0.14662820451042,"srmspe"
2019-08-29,69,13.3809828460366,306,0.0448383633918871,"srmspe"
2019-08-29,52,13.3823093336532,379,0.0555404147643079,"srmspe"
2019-08-29,854,13.3197303296265,6463,0.946730810393753,"srmspe"
2019-08-29,244,13.3673278264548,1954,0.286231128945654,"srmspe"
2019-08-29,111,13.377705641337,479,0.0701795215002454,"srmspe"
2019-08-29,93,13.3791101576368,970,0.142102645061166,"srmspe"
2019-08-29,158,13.3740382932207,1206,0.176653504414271,"srmspe"
2019-08-29,106,13.3780957847536,1037,0.151943745198928,"srmspe"
2019-08-29,88,13.3795003010535,769,0.112655562193747,"srmspe"
2019-08-29,97,13.3787980429035,943,0.138166374859584,"srmspe"
2019-08-29,125,13.3766132397704,882,0.129209951443128,"srmspe"
2019-08-29,84,13.3798124157868,2215,0.324562752894236,"srmspe"
2019-08-29,282,13.3643627364884,4219,0.618036949484219,"srmspe"
2019-08-29,312,13.3620218759887,2594,0.380004532025279,"srmspe"
2019-08-29,495,13.3477426269402,1970,0.288592912358812,"srmspe"
2019-08-29,45,13.3828555344364,817,0.119743568931501,"srmspe"
2019-08-29,641,13.3363504391747,2548,0.37323840891066,"srmspe"
2019-08-29,142,13.3752867521539,665,0.0974099181379262,"srmspe"
2019-08-29,89,13.3794222723701,927,0.135799937687075,"srmspe"
2019-08-29,219,13.3692785435379,661,0.0968353413197102,"srmspe"
2019-08-29,71,13.38082678867,1000,0.146477785118335,"srmspe"
2019-08-29,101,13.3784859281702,747,0.109428449165319,"srmspe"
2019-08-29,110,13.3777836700203,621,0.0909861978971433,"srmspe"
2019-08-29,58,13.3818411615532,803,0.117646158245991,"srmspe"
2019-08-29,110,13.3777836700203,395,0.057890058465568,"srmspe"
2019-08-29,231,13.368342199338,763,0.111781163989785,"srmspe"
2019-08-29,242,13.3674838838214,4593,0.672815743436482,"srmspe"
2019-08-29,242,13.3674838838214,2175,0.318780476223561,"srmspe"
2019-08-29,322,13.3612415891554,2383,0.349116451895406,"srmspe"
2019-08-29,2556,13.1869255106074,6392,0.936434992591902,"srmspe"
2019-08-29,789,13.3248021940426,3152,0.46186770888949,"srmspe"
2019-08-29,319,13.3614756752054,1191,0.174480057683284,"srmspe"
2019-08-29,147,13.3748966087373,530,0.0776812078958218,"srmspe"
2019-08-29,126,13.3765352110871,832,0.121890491865446,"srmspe"
2019-08-29,197,13.370995174571,1156,0.169458204092688,"srmspe"
2019-08-29,108,13.377939727387,1047,0.153401453298441,"srmspe"
2019-08-29,78,13.3802805878867,721,0.105672236508377,"srmspe"
2019-08-29,80,13.3801245305201,1841,0.26974483054339,"srmspe"
2019-08-29,216,13.3695126295879,2435,0.356724999518326,"srmspe"
2019-08-29,109,13.3778616987036,884,0.129503028159869,"srmspe"
2019-08-29,142,13.3752867521539,642,0.0940867511651399,"srmspe"
2019-08-29,1456,13.2727570622649,13734,2.0116623224561,"srmspe"
2019-08-29,291,13.3636604783385,3103,0.454715717294426,"srmspe"
2019-08-29,95,13.3789541002702,1136,0.166421730965149,"srmspe"
2019-08-29,466,13.3500054587566,2623,0.384194955894069,"srmspe"
2019-08-29,96,13.3788760715869,1670,0.244629638850829,"srmspe"
2019-08-29,436,13.3523463192564,2082,0.304980861918249,"srmspe"
2019-08-29,302,13.3628021628219,2052,0.300640099319906,"srmspe"
2019-08-29,130,13.3762230963538,1805,0.26444078571592,"srmspe"
2019-08-29,397,13.355389437906,2510,0.367660620874642,"srmspe"
2019-08-29,1351,13.280950074014,5580,0.8174987703776,"srmspe"
2019-08-29,1341,13.2817303608472,6551,0.959588009955021,"srmspe"
2019-08-29,422,13.3534387208229,96,0.0140857774319439,"srmspe"
2019-08-29,37,13.383479763903,909,0.133184877616959,"srmspe"
2019-08-29,126,13.3765352110871,532,0.0779600115584207,"srmspe"
2019-08-29,64,13.3813729894533,757,0.110903119198704,"srmspe"
2019-08-29,159,13.3739602645374,727,0.106520366306581,"srmspe"
2019-08-29,425,13.3532046347729,4340,0.635741235718132,"srmspe"
2019-08-29,423,13.3533606921396,2080,0.304751189032019,"srmspe"
2019-08-29,128,13.3763791537205,2064,0.302406118195323,"srmspe"
2019-08-29,145,13.3750526661039,749,0.109733161412465,"srmspe"
2019-08-29,271,13.365221052005,944,0.138301719918182,"srmspe"
2019-08-29,147,13.3748966087373,1240,0.181691381682112,"srmspe"
2019-08-29,267,13.3655331667383,3107,0.45515710721197,"srmspe"
2019-08-29,207,13.3702148877378,3372,0.493961415556149,"srmspe"
2019-08-29,721,13.3301081445087,4832,0.707857440527476,"srmspe"
2019-08-29,67,13.3811389034033,1042,0.152693316813565,"srmspe"
2019-08-29,211,13.3699027730045,4490,0.657886067875574,"srmspe"
2019-08-29,112,13.3776276126537,1636,0.239671391353246,"srmspe"
2019-08-29,60,13.3816851041866,887,0.129955093203174,"srmspe"
2019-08-29,128,13.3763791537205,1063,0.155815014963721,"srmspe"
2019-08-29,115,13.3773935266037,2013,0.294988696698629,"srmspe"
2019-08-29,211,13.3699027730045,1238,0.181351448615554,"srmspe"
2019-08-29,129,13.3763011250371,1241,0.18179079165376,"srmspe"
2019-08-29,295,13.3633483636052,4171,0.611030029815428,"srmspe"
2019-08-29,210,13.3699808016878,410,0.0600712740240465,"srmspe"
2019-08-29,146,13.3749746374206,978,0.143280625479088,"srmspe"
2019-08-29,74,13.38059270262,796,0.116623873210165,"srmspe"
2019-08-29,67,13.3811389034033,1059,0.155130309271964,"srmspe"
2019-08-29,299,13.3630362488719,1493,0.218710064386055,"srmspe"
2019-08-29,65,13.3812949607699,740,0.108430618816603,"srmspe"
2019-08-29,147,13.3748966087373,987,0.14460043210232,"srmspe"
2019-08-29,122,13.3768473258204,990,0.145021479290149,"srmspe"
2019-08-29,1559,13.2647201078824,6009,0.880321732454019,"srmspe"
2019-08-29,524,13.3454797951238,1426,0.208934880436054,"srmspe"
2019-08-29,309,13.3622559620386,3075,0.45051379180232,"srmspe"
2019-08-29,261,13.3660013388382,1985,0.290788677960017,"srmspe"
2019-08-29,129,13.3763011250371,2475,0.362660652098943,"srmspe"
2019-08-29,53,13.3822313049698,612,0.0896784678881122,"srmspe"
2019-08-29,255,13.3664695109382,2026,0.296742633192028,"srmspe"
2019-08-29,169,13.3731799777041,1179,0.17278262825787,"srmspe"
2019-08-29,396,13.3554674665894,1075,0.157496618764185,"srmspe"
2019-08-29,110,13.3777836700203,1798,0.263379696975516,"srmspe"
2019-08-29,183,13.3720875761376,2418,0.354240147328679,"srmspe"
2019-08-29,171,13.3730239203375,1254,0.183757696333499,"srmspe"
2019-08-29,57,13.3819191902365,537,0.0786651823099445,"srmspe"
2019-08-29,608,13.3389253857245,3220,0.471762846097727,"srmspe"
2019-08-29,399,13.3552333805394,1514,0.22181161738534,"srmspe"
2019-08-29,382,13.3565598681559,1215,0.178027220616901,"srmspe"
2019-08-29,152,13.3745064653207,370,0.0542367007065515,"srmspe"
2019-08-29,133,13.3759890103038,1559,0.228375643638857,"srmspe"
2019-08-29,98,13.3787200142202,818,0.11984871700613,"srmspe"
2019-08-29,92,13.3791881863202,419,0.0613912552317787,"srmspe"
2019-08-29,110,13.3777836700203,711,0.104167821866704,"srmspe"
2019-08-29,137,13.3756768955705,1040,0.152370883981061,"srmspe"
2019-08-29,132,13.3760670389872,753,0.110332795890931,"srmspe"
2019-08-29,118,13.3771594405537,1103,0.161590969114124,"srmspe"
2019-08-29,141,13.3753647808372,734,0.107545520903931,"srmspe"
2019-08-29,90,13.3793442436868,1334,0.195427971368128,"srmspe"
2019-08-29,176,13.3726337769209,685,0.100353526658085,"srmspe"
2019-08-29,179,13.3723996908709,2756,0.403790864023976,"srmspe"
2019-08-29,108,13.377939727387,822,0.120431009371297,"srmspe"
2019-08-29,135,13.3758329529372,1402,0.205381414920719,"srmspe"
2019-08-29,233,13.3681861419713,1171,0.17157905545209,"srmspe"
2019-08-29,141,13.3753647808372,1548,0.226799850756066,"srmspe"
2019-08-29,124,13.3766912684538,633,0.0927204492449415,"srmspe"
2019-08-29,334,13.3603052449555,2754,0.403446615612487,"srmspe"
2019-08-29,148,13.374818580054,568,0.0832134534388815,"srmspe"
2019-08-29,350,13.3590567860223,1443,0.211461410054847,"srmspe"
2019-08-29,559,13.3427487912074,2979,0.436467970010216,"srmspe"
2019-08-29,293,13.3635044209718,1366,0.200259300341961,"srmspe"
2019-08-29,152,13.3745064653207,846,0.124029395315498,"srmspe"
2019-08-29,1537,13.2664367389155,2693,0.394505029655007,"srmspe"
2019-08-29,43,13.3830115918031,2006,0.293868437983396,"srmspe"
2019-08-29,76,13.3804366452534,878,0.128625510169706,"srmspe"
2019-08-29,247,13.3670937404048,884,0.129496179291819,"srmspe"
2019-08-29,32,13.3838699073197,583,0.0854497839531888,"srmspe"
2019-08-29,365,13.3578863557724,1167,0.171018820273275,"srmspe"
2019-08-29,200,13.3707610885211,1965,0.287907328380016,"srmspe"
2019-08-29,312,13.3620218759887,1772,0.259587950161603,"srmspe"
2019-08-29,131,13.3761450676705,1275,0.18681503689037,"srmspe"
2019-08-29,177,13.3725557482375,1277,0.187136279227306,"srmspe"
2019-08-29,170,13.3731019490208,1299,0.190312216434542,"srmspe"
2019-08-29,486,13.3484448850901,3256,0.476915818046133,"srmspe"
2019-08-29,302,13.3628021628219,1664,0.24373991332853,"srmspe"
2019-08-29,670,13.3340876073583,4207,0.616243582635665,"srmspe"
2019-08-29,315,13.3617877899387,1655,0.242426436890342,"srmspe"
2019-08-29,309,13.3622559620386,1886,0.276285314170207,"srmspe"
2019-08-29,82,13.3799684731534,709,0.103862956576048,"srmspe"
2019-08-29,180,13.3723216621876,1292,0.189431160152569,"srmspe"
2019-08-29,183,13.3720875761376,1152,0.168764960550627,"srmspe"
2019-08-29,69,13.3809828460366,597,0.0874619022965573,"srmspe"
2019-08-29,65,13.3812949607699,244,0.0357717315278935,"srmspe"
2019-08-29,767,13.3265188250758,2173,0.318435876095985,"srmspe"
2019-08-29,264,13.3657672527883,2437,0.35696986522681,"srmspe"
2019-08-29,258,13.3662354248882,1380,0.202141301506111,"srmspe"
2019-08-29,375,13.3571060689392,999,0.146339871902068,"srmspe"
2019-08-29,121,13.3769253545037,1622,0.237611970854937,"srmspe"
2019-08-29,149,13.3747405513706,1032,0.151185848942475,"srmspe"
2019-08-29,254,13.3665475396215,851,0.124755895335133,"srmspe"
2019-08-29,236,13.3679520559214,1479,0.216684428062418,"srmspe"
2019-08-29,235,13.3680300846047,1443,0.211374424642509,"srmspe"
2019-08-29,128,13.3763791537205,2994,0.438680134498762,"srmspe"
2019-08-29,1687,13.2547324364168,4235,0.620297791320192,"srmspe"
2019-08-29,1329,13.2826667050471,5967,0.874064600086611,"srmspe"
2019-08-29,369,13.3575742410391,6299,0.922713425043058,"srmspe"
2019-08-29,1085,13.3017057037784,12711,1.86186879252089,"srmspe"
2019-08-29,85,13.3797343871034,1366,0.200137211007212,"srmspe"
2019-08-29,410,13.3543750650228,1256,0.18400640942278,"srmspe"
2019-08-29,1021,13.3066995395112,5829,0.853926222437246,"srmspe"
2019-08-29,60,13.3816851041866,1378,0.201876306077564,"srmspe"
2019-08-29,499,13.3474305122069,2192,0.321290615675053,"srmspe"
2019-08-29,190,13.3715413753543,2236,0.327582958741273,"srmspe"
2019-08-29,145,13.3750526661039,1434,0.210080508228782,"srmspe"
2019-08-29,213,13.3697467156378,744,0.109009935580705,"srmspe"
2019-08-29,202,13.3706050311544,1815,0.265859284364704,"srmspe"
2019-08-29,0,13.3863668251861,5750,0.842576371864827,"srmspe"
2019-08-29,531,13.3449335943405,3686,0.540116978766259,"srmspe"
2019-08-29,23,13.3845721654696,955,0.139935899089782,"srmspe"
2019-08-29,324,13.3610855317888,4476,0.65561734936813,"srmspe"
2019-08-29,2704,13.1753772654753,4672,0.684341702815749,"srmspe"
2019-08-29,243,13.3674058551381,1406,0.205983674666615,"srmspe"
2019-08-29,210,13.3699808016878,1372,0.201016612800965,"srmspe"
2019-08-29,302,13.3628021628219,1765,0.258622302488151,"srmspe"
2019-08-29,613,13.3385352423078,5154,0.75495300662879,"srmspe"
2019-08-29,944,13.3127077481273,6419,0.940206250502648,"srmspe"
2019-08-29,131,13.3761450676705,4383,0.642109390460156,"srmspe"
2019-08-29,1226,13.2907036594296,2526,0.370064615898834,"srmspe"
2019-08-29,389,13.3560136673726,4682,0.68575930086944,"srmspe"
2019-08-29,524,13.3454797951238,3820,0.559583724045779,"srmspe"
2019-08-29,232,13.3682641706547,2399,0.351423675661926,"srmspe"
2019-08-29,207,13.3702148877378,1128,0.165250209911002,"srmspe"
2019-08-29,51,13.3823873623365,1577,0.231111859324807,"srmspe"
2019-08-29,137,13.3756768955705,5801,0.849783635040828,"srmspe"
2019-08-29,360,13.3582764991891,3496,0.512150252662565,"srmspe"
2019-08-29,65,13.3812949607699,635,0.0930234323793314,"srmspe"
2019-08-29,249,13.3669376830381,409,0.0599450284073166,"srmspe"
2019-08-29,169,13.3731799777041,1507,0.220795371411857,"srmspe"
2019-08-29,929,13.3138781783771,3664,0.536701667985044,"srmspe"
2019-08-29,714,13.330654345292,3274,0.479582361466601,"srmspe"
2019-08-29,318,13.3615537038887,1154,0.169107377699615,"srmspe"
2019-08-29,447,13.3514880037398,2817,0.412874832176318,"srmspe"
2019-08-29,77,13.38035861657,256,0.0375299093247868,"srmspe"
2019-08-29,27,13.3842600507363,1920,0.281247976647793,"srmspe"
2019-08-29,69,13.3809828460366,294,0.0430668969595712,"srmspe"
2019-08-29,145,13.3750526661039,3804,0.557245042924395,"srmspe"
2019-08-29,339,13.3599151015389,1952,0.285937816543892,"srmspe"
2019-08-29,835,13.3212128746097,3590,0.525860319140814,"srmspe"
2019-08-29,396,13.3554674665894,1418,0.207738982714373,"srmspe"
2019-08-29,222,13.3690444574879,3621,0.530486987551393,"srmspe"
2019-08-29,658,13.3350239515582,4229,0.619540944456495,"srmspe"
2019-08-29,1605,13.2611307884494,4886,0.71567506434117,"srmspe"
2019-08-29,137,13.3756768955705,1987,0.29118415365479,"srmspe"
2019-08-29,220,13.3692005148546,1502,0.220019556074655,"srmspe"
2019-08-29,556,13.3429828772574,1241,0.181831393458745,"srmspe"
2019-08-29,235,13.3680300846047,3149,0.461215511011204,"srmspe"
2019-08-29,342,13.3596810154889,2315,0.339081637585371,"srmspe"
2019-08-29,407,13.3546091510728,1595,0.233647010939876,"srmspe"
2019-08-29,297,13.3631923062385,3448,0.505071610623672,"srmspe"
2019-08-29,117,13.377237469237,1357,0.198880427187887,"srmspe"
2019-08-29,170,13.3731019490208,3277,0.480029330975014,"srmspe"
2019-08-29,272,13.3651430233217,360,0.0527904293615295,"srmspe"
2019-08-29,81,13.3800465018367,294,0.0430630133055039,"srmspe"
2019-08-29,133,13.3759890103038,1996,0.292469297540864,"srmspe"
2019-08-29,441,13.3519561758397,962,0.140992999850424,"srmspe"
2019-08-29,121,13.3769253545037,1341,0.196567493212174,"srmspe"
2019-08-29,163,13.3736481498041,1400,0.205150582842247,"srmspe"
2019-08-29,106,13.3780957847536,843,0.123522404130344,"srmspe"
2019-08-29,149,13.3747405513706,1090,0.159710210724831,"srmspe"
2019-08-29,254,13.3665475396215,2064,0.302339034059035,"srmspe"
2019-08-29,320,13.3613976465221,1144,0.167606382223735,"srmspe"
2019-08-29,257,13.3663134535715,1605,0.235185589059747,"srmspe"
2019-08-29,113,13.3775495839703,1101,0.161298790516751,"srmspe"
2019-08-29,311,13.362099904672,1525,0.223382329231831,"srmspe"
2019-08-29,329,13.3606953883721,1945,0.284941484331572,"srmspe"
2019-08-29,202,13.3706050311544,2082,0.304990881101335,"srmspe"
2019-08-29,67,13.3811389034033,630,0.092392523620152,"srmspe"
2019-08-29,188,13.371697432721,2474,0.362465927533082,"srmspe"
2019-08-29,89,13.3794222723701,2146,0.314445755482335,"srmspe"
2019-08-29,171,13.3730239203375,1765,0.258528469021458,"srmspe"
2019-08-29,142,13.3752867521539,618,0.0905347785367915,"srmspe"
2019-08-29,89,13.3794222723701,1849,0.270853757748112,"srmspe"
2019-08-29,43,13.3830115918031,516,0.0755815131492224,"srmspe"
2019-08-29,145,13.3750526661039,641,0.0939107160787118,"srmspe"
2019-08-29,285,13.3641286504384,924,0.135395889241916,"srmspe"
2019-08-29,442,13.3518781471564,2031,0.297588866308788,"srmspe"
2019-08-29,190,13.3715413753543,912,0.13363003852641,"srmspe"
2019-08-29,200,13.3707610885211,1496,0.219171948373394,"srmspe"
2019-08-29,228,13.368576285388,1485,0.217581623131619,"srmspe"
2019-08-29,425,13.3532046347729,1569,0.229884041074447,"srmspe"
2019-08-29,626,13.3375208694246,3777,0.553227822022779,"srmspe"
2019-08-29,334,13.3603052449555,2097,0.307271839717251,"srmspe"
2019-08-29,477,13.34914714324,2553,0.374020385399921,"srmspe"
2019-08-29,92,13.3791881863202,638,0.0934748699515106,"srmspe"
2019-08-29,87,13.3795783297368,659,0.0965464153455979,"srmspe"
2019-08-29,94,13.3790321289535,704,0.103135844700002,"srmspe"
2019-08-29,95,13.3789541002702,391,0.0572860343170488,"srmspe"
2019-08-29,151,13.374584494004,1303,0.190908346731758,"srmspe"
2019-08-29,98,13.3787200142202,1091,0.159856815403359,"srmspe"
2019-08-29,161,13.3738042071707,1102,0.161423693068422,"srmspe"
2019-08-29,247,13.3670937404048,1438,0.210681162201646,"srmspe"
2019-08-29,682,13.3331512631584,2490,0.364797636822899,"srmspe"
2019-08-29,207,13.3702148877378,1270,0.186054435096013,"srmspe"
2019-08-29,238,13.3677959985547,1642,0.240642664268691,"srmspe"
2019-08-29,48,13.3826214483865,554,0.0811575408128997,"srmspe"
2019-08-29,139,13.3755208382039,797,0.116876231909501,"srmspe"
2019-08-29,383,13.3564818394726,4577,0.67058818294366,"srmspe"
2019-08-29,476,13.3492251719234,1975,0.289373062012512,"srmspe"
2019-08-29,487,13.3483668564068,4333,0.634831503197814,"srmspe"
2019-08-29,311,13.362099904672,1605,0.235159576405746,"srmspe"
2019-08-29,169,13.3731799777041,2500,0.366221524479239,"srmspe"
2019-08-29,262,13.3659233101549,978,0.143278140268424,"srmspe"
2019-08-29,181,13.3722436335042,1367,0.200272383258307,"srmspe"
2019-08-29,347,13.3592908720723,1395,0.2043581731164,"srmspe"
2019-08-29,114,13.377471555287,950,0.139164358807477,"srmspe"
2019-08-29,43,13.3830115918031,455,0.0666729477885189,"srmspe"
2019-08-29,94,13.3790321289535,477,0.0699023513106054,"srmspe"
2019-08-29,99,13.3786419855369,1233,0.180617723809954,"srmspe"
2019-08-29,109,13.3778616987036,410,0.0600853615506615,"srmspe"
2019-08-29,35,13.3836358212697,466,0.0682878849809405,"srmspe"
2019-08-29,241,13.3675619125047,2073,0.30376338194711,"srmspe"
2019-08-29,350,13.3590567860223,1196,0.175215507960292,"srmspe"
2019-08-29,57,13.3819191902365,1140,0.167010250856221,"srmspe"
2019-08-29,114,13.377471555287,420,0.0615291607250766,"srmspe"
2019-08-29,136,13.3757549242539,946,0.13860535854277,"srmspe"
2019-08-29,134,13.3759109816205,1321,0.193492259749415,"srmspe"
2019-08-29,83,13.3798904444701,458,0.067106025145251,"srmspe"
2019-08-29,100,13.3785639568536,569,0.083353100963815,"srmspe"
2019-08-29,45,13.3828555344364,292,0.0427827078351294,"srmspe"
2019-08-29,54,13.3821532762865,357,0.0523057292893624,"srmspe"
2019-08-29,86,13.3796563584201,440,0.0644592128861073,"srmspe"
2019-08-29,286,13.3640506217551,1262,0.184893547789233,"srmspe"
2019-08-29,437,13.352268290573,1714,0.251110997832382,"srmspe"
2019-08-29,136,13.3757549242539,777,0.11382498326962,"srmspe"
2019-08-29,298,13.3631142775552,1775,0.260044510795788,"srmspe"
2019-08-29,157,13.374116321904,913,0.133753524579742,"srmspe"
2019-08-29,399,13.3552333805394,1364,0.199818728887601,"srmspe"
2019-08-29,266,13.3656111954216,1213,0.177685161035836,"srmspe"
2019-08-29,137,13.3756768955705,794,0.116330785528451,"srmspe"
2019-08-29,112,13.3776276126537,530,0.0776550835576473,"srmspe"
2019-08-29,77,13.38035861657,496,0.0726614365488589,"srmspe"
2019-08-29,93,13.3791101576368,614,0.089946369590932,"srmspe"
2019-08-29,137,13.3756768955705,658,0.0964000755190632,"srmspe"
2019-08-29,55,13.3820752476032,875,0.128198667766765,"srmspe"
2019-08-29,59,13.3817631328699,407,0.0596255528465058,"srmspe"
2019-08-29,106,13.3780957847536,575,0.0842382469727404,"srmspe"
2019-08-29,40,13.3832456778531,420,0.0615413677624831,"srmspe"
2019-08-29,85,13.3797343871034,678,0.0993156252648299,"srmspe"
2019-08-29,45,13.3828555344364,392,0.0574321999395499,"srmspe"
2019-08-29,55,13.3820752476032,403,0.0590435561272714,"srmspe"
2019-08-29,41,13.3831676491697,271,0.0397017447948469,"srmspe"
2019-08-29,89,13.3794222723701,633,0.0927264349941453,"srmspe"
2019-08-29,83,13.3798904444701,709,0.103864031937464,"srmspe"
2019-08-29,109,13.3778616987036,717,0.105059633883392,"srmspe"
2019-08-29,94,13.3790321289535,1095,0.160435252812559,"srmspe"
2019-08-29,278,13.3646748512217,1526,0.223627239235449,"srmspe"
2019-08-29,175,13.3727118056042,2455,0.359628537810052,"srmspe"
2019-08-29,150,13.3746625226873,1376,0.201572505249057,"srmspe"
2019-08-29,198,13.3709171458877,2291,0.33562165165589,"srmspe"
2019-08-29,278,13.3646748512217,1241,0.181863598956793,"srmspe"
2019-08-29,133,13.3759890103038,1952,0.285941508449663,"srmspe"
2019-08-29,104,13.3782518421203,381,0.0558093039150458,"srmspe"
2019-08-29,605,13.3391594717744,4288,0.628072264228065,"srmspe"
2019-08-29,136,13.3757549242539,824,0.120716334993932,"srmspe"
2019-08-29,121,13.3769253545037,414,0.0607017751849307,"srmspe"
2019-08-29,186,13.3718534900876,1009,0.147816432649773,"srmspe"
2019-08-29,380,13.3567159255226,2889,0.423288515905495,"srmspe"
2019-08-29,70,13.3809048173533,335,0.049080655507198,"srmspe"
2019-08-29,146,13.3749746374206,2699,0.395325454169763,"srmspe"
2019-08-29,425,13.3532046347729,2651,0.388360448714909,"srmspe"
2019-08-29,499,13.3474305122069,2436,0.356917293177922,"srmspe"
2019-08-29,187,13.3717754614043,866,0.126867059761399,"srmspe"
2019-08-29,187,13.3717754614043,1393,0.204081744594711,"srmspe"
2019-08-29,850,13.3200424443598,3615,0.529557503449306,"srmspe"
2019-08-29,176,13.3726337769209,2146,0.314377487520008,"srmspe"
2019-08-29,246,13.3671717690881,1392,0.203921170503102,"srmspe"
2019-08-29,244,13.3673278264548,773,0.113239977691859,"srmspe"
2019-08-29,196,13.3710732032544,1548,0.226735639488661,"srmspe"
2019-08-29,148,13.374818580054,835,0.122317996746109,"srmspe"
2019-08-29,167,13.3733360350708,1464,0.21447340210572,"srmspe"
2019-08-29,154,13.374350407954,834,0.122194627250992,"srmspe"
2019-08-29,228,13.368576285388,798,0.116909975294801,"srmspe"
2019-08-29,364,13.3579643844558,844,0.123655850739709,"srmspe"
2019-08-29,226,13.3687323427546,1216,0.17816382939051,"srmspe"
2019-08-29,353,13.3588226999723,682,0.0999393403995539,"srmspe"
2019-08-29,67,13.3811389034033,1043,0.152806594536004,"srmspe"
2019-08-29,388,13.356091696056,1968,0.288349963874298,"srmspe"
2019-08-29,139,13.3755208382039,2747,0.402380311388447,"srmspe"
2019-08-29,196,13.3710732032544,1669,0.244567992887966,"srmspe"
2019-08-29,132,13.3760670389872,1162,0.170254272971037,"srmspe"
2019-08-29,173,13.3728678629708,1338,0.196007994474578,"srmspe"
2019-08-29,191,13.371463346671,1393,0.204085682511544,"srmspe"
2019-08-29,86,13.3796563584201,558,0.0817500693977392,"srmspe"
2019-08-29,923,13.3143463504771,2540,0.372091515613716,"srmspe"
2019-08-29,746,13.3281574274256,2459,0.360297740692326,"srmspe"
2019-08-29,49,13.3825434197031,447,0.0654832115723508,"srmspe"
2019-08-29,15,13.3851963949362,341,0.0499592559746774,"srmspe"
2019-08-29,91,13.3792662150035,1941,0.284343119951181,"srmspe"
2019-08-29,412,13.3542190076562,1142,0.167402951048953,"srmspe"
2019-08-29,614,13.3384572136245,6536,0.957319950628502,"srmspe"
2019-08-29,30,13.3840259646863,190,0.0278472057858576,"srmspe"
2019-08-29,141,13.3753647808372,2337,0.342333632633881,"srmspe"
2019-08-29,65,13.3812949607699,571,0.0836537001961802,"srmspe"
2019-08-29,64,13.3813729894533,834,0.122180154227228,"srmspe"
2019-08-29,158,13.3740382932207,1036,0.151854254666617,"srmspe"
2019-08-29,103,13.3783298708036,507,0.0742817996188227,"srmspe"
2019-08-29,98,13.3787200142202,1062,0.155570772355199,"srmspe"
2019-08-29,214,13.3696686869545,2315,0.339129358783069,"srmspe"
2019-08-29,59,13.3817631328699,1068,0.156462567432902,"srmspe"
2019-08-29,118,13.3771594405537,1010,0.147963973112001,"srmspe"
2019-08-29,131,13.3761450676705,535,0.0783863117466305,"srmspe"
2019-08-29,267,13.3655331667383,1135,0.166275906320546,"srmspe"
2019-08-29,207,13.3702148877378,2191,0.320973850845385,"srmspe"
2019-08-29,430,13.3528144913563,2444,0.358021078014364,"srmspe"
2019-08-29,257,13.3663134535715,1447,0.212016959170713,"srmspe"
2019-08-29,93,13.3791101576368,573,0.0839694212208286,"srmspe"
2019-08-29,551,13.343373020674,2053,0.300740841686342,"srmspe"
2019-08-29,449,13.3513319463731,1317,0.192975261559612,"srmspe"
2019-08-29,119,13.3770814118704,1236,0.181092077152402,"srmspe"
2019-08-30,95,13.8625758795185,1138,0.155896568063226,"srmspe"
2019-08-30,0,13.8699886044344,1930,0.264502387197555,"srmspe"
2019-08-30,206,13.8539146956694,1069,0.146435118827423,"srmspe"
2019-08-30,201,13.854304839086,1289,0.176577231653735,"srmspe"
2019-08-30,203,13.8541487817194,1033,0.141494711372182,"srmspe"
2019-08-30,102,13.8620296787352,938,0.128470409342814,"srmspe"
2019-08-30,84,13.8634341950351,632,0.0865753800528573,"srmspe"
2019-08-30,140,13.8590645887689,1277,0.174937543595072,"srmspe"
2019-08-30,65,13.8649167400182,631,0.0864328185914583,"srmspe"
2019-08-30,121,13.860547133752,539,0.0738363735645484,"srmspe"
2019-08-30,159,13.8575820437857,710,0.0972619589367664,"srmspe"
2019-08-30,100,13.8621857361019,1148,0.157250550304662,"srmspe"
2019-08-30,91,13.8628879942518,559,0.0765748087493122,"srmspe"
2019-08-30,50,13.8660871702681,703,0.0963045342985969,"srmspe"
2019-08-30,158,13.857660072469,948,0.129874274750173,"srmspe"
2019-08-30,150,13.8582843019356,912,0.124941912999479,"srmspe"
2019-08-30,224,13.8525101793696,3018,0.413410406747358,"srmspe"
2019-08-30,71,13.8644485679183,2876,0.394014939056716,"srmspe"
2019-08-30,778,13.8092822888075,5665,0.775971738406687,"srmspe"
2019-08-30,242,13.8511056630697,2670,0.365763394307579,"srmspe"
2019-08-30,524,13.8291015743721,2255,0.30893743927486,"srmspe"
2019-08-30,125,13.8602350190187,748,0.102467924563811,"srmspe"
2019-08-30,251,13.8504034049198,2312,0.316732958964139,"srmspe"
2019-08-30,135,13.8594547321855,938,0.128512743489583,"srmspe"
2019-08-30,558,13.826448599139,4405,0.603347769983454,"srmspe"
2019-08-30,119,13.8607031911187,1979,0.271129886098989,"srmspe"
2019-08-30,85,13.8633561663517,1352,0.185240504659671,"srmspe"
2019-08-30,97,13.8624198221518,777,0.106424029119257,"srmspe"
2019-08-30,134,13.8595327608688,672,0.0920570755679419,"srmspe"
2019-08-30,132,13.8596888182355,527,0.0722090045599822,"srmspe"
2019-08-30,226,13.8523541220029,1174,0.160824647731741,"srmspe"
2019-08-30,176,13.8562555561692,784,0.107386312809654,"srmspe"
2019-08-30,145,13.8586744453522,880,0.120547586403046,"srmspe"
2019-08-30,122,13.8604691050687,1351,0.185050963178955,"srmspe"
2019-08-30,345,13.8430687086872,1560,0.213682051877132,"srmspe"
2019-08-30,89,13.8630440516184,658,0.0901382254703623,"srmspe"
2019-08-30,128,13.8600009329688,372,0.0510054020338999,"srmspe"
2019-08-30,375,13.8407278481875,2589,0.35466920542879,"srmspe"
2019-08-30,65,13.8649167400182,1289,0.176615430651712,"srmspe"
2019-08-30,473,13.8330810372216,2682,0.36739203795336,"srmspe"
2019-08-30,155,13.857894158519,300,0.0410983644505944,"srmspe"
2019-08-30,1235,13.773623180528,8356,1.1446316349805,"srmspe"
2019-08-30,129,13.8599229042854,795,0.108921345798485,"srmspe"
2019-08-30,128,13.8600009329688,1155,0.15822583162421,"srmspe"
2019-08-30,111,13.8613274205853,366,0.0501422390509902,"srmspe"
2019-08-30,61,13.8652288547515,505,0.0691789917004158,"srmspe"
2019-08-30,48,13.8662432276348,637,0.0872526524547453,"srmspe"
2019-08-30,86,13.8632781376684,675,0.0924948900825891,"srmspe"
2019-08-30,175,13.8563335848525,2033,0.278474091454502,"srmspe"
2019-08-30,188,13.8553192119693,2357,0.322837685265759,"srmspe"
2019-08-30,629,13.8209085626229,2347,0.321444347531874,"srmspe"
2019-08-30,343,13.8432247660539,2279,0.312159020416129,"srmspe"
2019-08-30,367,13.8413520776541,2490,0.341118964869717,"srmspe"
2019-08-30,33,13.8674136578846,888,0.121643006485005,"srmspe"
2019-08-30,57,13.8655409694848,224,0.0306966678082588,"srmspe"
2019-08-30,46,13.8663992850014,347,0.0475482939526151,"srmspe"
2019-08-30,61,13.8652288547515,258,0.0353602552455641,"srmspe"
2019-08-30,160,13.8575040151024,1061,0.145345371626575,"srmspe"
2019-08-30,239,13.8513397491197,1140,0.156169335760645,"srmspe"
2019-08-30,100,13.8621857361019,1262,0.172874948917032,"srmspe"
2019-08-30,83,13.8635122237184,930,0.127392588794879,"srmspe"
2019-08-30,73,13.8642925105516,714,0.0978003034405444,"srmspe"
2019-08-30,121,13.860547133752,666,0.0912208848999704,"srmspe"
2019-08-30,149,13.8583623306189,784,0.107382900636612,"srmspe"
2019-08-30,354,13.8423664505373,2627,0.359898673942711,"srmspe"
2019-08-30,304,13.8462678847036,1096,0.15015577478389,"srmspe"
2019-08-30,392,13.839401360571,2268,0.310635967768098,"srmspe"
2019-08-30,13,13.8689742315511,978,0.133968188862297,"srmspe"
2019-08-30,238,13.851417777803,1844,0.2526289346125,"srmspe"
2019-08-30,202,13.8542268104027,2575,0.352748757193631,"srmspe"
2019-08-30,70,13.8645265966016,2134,0.29237171177523,"srmspe"
2019-08-30,409,13.8380748729544,2471,0.338472363052873,"srmspe"
2019-08-30,271,13.8488428312533,1101,0.150850255097485,"srmspe"
2019-08-30,246,13.8507935483364,1229,0.168385309749669,"srmspe"
2019-08-30,258,13.8498572041365,2259,0.3094528472625,"srmspe"
2019-08-30,144,13.8587524740356,1662,0.227673595089216,"srmspe"
2019-08-30,219,13.8529003227862,1955,0.267829922241788,"srmspe"
2019-08-30,138,13.8592206461355,1403,0.192218474719028,"srmspe"
2019-08-30,61,13.8652288547515,901,0.123428180581774,"srmspe"
2019-08-30,112,13.861249391902,945,0.129445372688637,"srmspe"
2019-08-30,161,13.857425986419,980,0.134243141617747,"srmspe"
2019-08-30,77,13.8639803958183,757,0.103686882156841,"srmspe"
2019-08-30,84,13.8634341950351,447,0.0612352166212824,"srmspe"
2019-08-30,97,13.8624198221518,554,0.0758889645367141,"srmspe"
2019-08-30,335,13.8438489955205,1196,0.163816108258822,"srmspe"
2019-08-30,109,13.8614834779519,636,0.0871112484586726,"srmspe"
2019-08-30,85,13.8633561663517,1115,0.152741803479007,"srmspe"
2019-08-30,157,13.8577381011523,1203,0.164784901502779,"srmspe"
2019-08-30,33,13.8674136578846,242,0.033170779078547,"srmspe"
2019-08-30,114,13.8610933345353,632,0.0865836484045939,"srmspe"
2019-08-30,152,13.858128244569,528,0.0723439508199563,"srmspe"
2019-08-30,45,13.8664773136847,508,0.0695875628108157,"srmspe"
2019-08-30,26,13.8679598586679,407,0.0557645659798248,"srmspe"
2019-08-30,43,13.8666333710514,377,0.0516382729599516,"srmspe"
2019-08-30,144,13.8587524740356,807,0.110553546393764,"srmspe"
2019-08-30,67,13.8647606826516,1229,0.168347767228867,"srmspe"
2019-08-30,108,13.8615615066353,603,0.0826054336309712,"srmspe"
2019-08-30,127,13.8600789616521,644,0.0882237077409263,"srmspe"
2019-08-30,151,13.8582062732523,1763,0.241467049887244,"srmspe"
2019-08-30,79,13.8638243384517,286,0.039188517417686,"srmspe"
2019-08-30,49,13.8661651989514,573,0.0784881998825,"srmspe"
2019-08-30,165,13.8571138716857,679,0.0930168681527131,"srmspe"
2019-08-30,45,13.8664773136847,587,0.0803983831239271,"srmspe"
2019-08-30,126,13.8601569903354,366,0.0501387839255743,"srmspe"
2019-08-30,83,13.8635122237184,460,0.0630141472125617,"srmspe"
2019-08-30,53,13.8658530842181,388,0.0531498589468443,"srmspe"
2019-08-30,84,13.8634341950351,221,0.0302758973943265,"srmspe"
2019-08-30,61,13.8652288547515,488,0.0668493321483687,"srmspe"
2019-08-30,66,13.8648387113349,604,0.0827358597118925,"srmspe"
2019-08-30,196,13.8546949825027,356,0.0487838304221143,"srmspe"
2019-08-30,50,13.8660871702681,637,0.0872533042979812,"srmspe"
2019-08-30,314,13.8454875978703,1429,0.195755325604588,"srmspe"
2019-08-30,305,13.8461898560202,2282,0.312580343165403,"srmspe"
2019-08-30,627,13.8210646199896,2227,0.305024365176092,"srmspe"
2019-08-30,494,13.8314424348718,1871,0.256270995882883,"srmspe"
2019-08-30,226,13.8523541220029,3006,0.411707328841996,"srmspe"
2019-08-30,578,13.8248880254725,1995,0.273251279424018,"srmspe"
2019-08-30,50,13.8660871702681,513,0.0702888614172056,"srmspe"
2019-08-30,53,13.8658530842181,506,0.0693088534909782,"srmspe"
2019-08-30,89,13.8630440516184,532,0.0728832783801553,"srmspe"
2019-08-30,73,13.8642925105516,443,0.0606885606490997,"srmspe"
2019-08-30,46,13.8663992850014,395,0.0541125916607336,"srmspe"
2019-08-30,49,13.8661651989514,683,0.0935486675612594,"srmspe"
2019-08-30,115,13.861015305852,539,0.0738380747911724,"srmspe"
2019-08-30,162,13.8573479577357,376,0.0515046363246331,"srmspe"
2019-08-30,45,13.8664773136847,393,0.0538319874857742,"srmspe"
2019-08-30,315,13.845409569187,1071,0.146715138341368,"srmspe"
2019-08-30,188,13.8553192119693,996,0.136453954583138,"srmspe"
2019-08-30,49,13.8661651989514,1786,0.244645025694826,"srmspe"
2019-08-30,17,13.8686621168178,365,0.0500173766593159,"srmspe"
2019-08-30,221,13.8527442654195,2599,0.355999715174591,"srmspe"
2019-08-30,182,13.8557873840692,1296,0.177537099669793,"srmspe"
2019-08-30,207,13.8538366669861,1592,0.218066955902796,"srmspe"
2019-08-30,218,13.8529783514695,658,0.0901581993583979,"srmspe"
2019-08-30,125,13.8602350190187,598,0.0819278019277363,"srmspe"
2019-08-30,88,13.8631220803018,678,0.0928836220408686,"srmspe"
2019-08-30,107,13.8616395353186,3800,0.520533974688314,"srmspe"
2019-08-30,232,13.851885949903,1268,0.173714088806976,"srmspe"
2019-08-30,770,13.8099065182741,2928,0.401075850482821,"srmspe"
2019-08-30,108,13.8615615066353,2460,0.336990848064529,"srmspe"
2019-08-30,154,13.8579721872023,1625,0.222593480964991,"srmspe"
2019-08-30,229,13.8521200359529,1478,0.202474648636082,"srmspe"
2019-08-30,546,13.8273849433389,4769,0.653324032699153,"srmspe"
2019-08-30,287,13.8475943723201,1452,0.198926527648265,"srmspe"
2019-08-30,246,13.8507935483364,4942,0.677009612623067,"srmspe"
2019-08-30,75,13.864136453185,494,0.0676757095214761,"srmspe"
2019-08-30,81,13.863668281085,453,0.0620547887834165,"srmspe"
2019-08-30,118,13.860781219802,1275,0.1746636465306,"srmspe"
2019-08-30,519,13.8294917177887,3201,0.438449296427192,"srmspe"
2019-08-30,233,13.8518079212196,2506,0.343223545362233,"srmspe"
2019-08-30,220,13.8528222941029,1145,0.156838727807317,"srmspe"
2019-08-30,95,13.8625758795185,1161,0.159049471962853,"srmspe"
2019-08-30,88,13.8631220803018,841,0.11519416068466,"srmspe"
2019-08-30,56,13.8656189981682,437,0.0598627245129102,"srmspe"
2019-08-30,77,13.8639803958183,1054,0.144366356560971,"srmspe"
2019-08-30,139,13.8591426174522,857,0.117395679965329,"srmspe"
2019-08-30,57,13.8655409694848,682,0.0934527557912951,"srmspe"
2019-08-30,106,13.8617175640019,704,0.0964667366714743,"srmspe"
2019-08-30,89,13.8630440516184,1381,0.18916483939159,"srmspe"
2019-08-30,478,13.832690893805,3590,0.491769559652554,"srmspe"
2019-08-30,81,13.863668281085,1258,0.172398522895542,"srmspe"
2019-08-30,431,13.8363582419213,3789,0.519018948829584,"srmspe"
2019-08-30,186,13.8554752693359,1557,0.213269852091887,"srmspe"
2019-08-30,361,13.841820249754,2204,0.301858421163277,"srmspe"
2019-08-30,104,13.8618736213686,903,0.123684946151773,"srmspe"
2019-08-30,209,13.8536806096194,950,0.130135698268823,"srmspe"
2019-08-30,172,13.8565676709025,1702,0.233130191141811,"srmspe"
2019-08-30,347,13.8429126513206,5398,0.739476370481755,"srmspe"
2019-08-30,629,13.8209085626229,3317,0.454387892897676,"srmspe"
2019-08-30,213,13.8533684948861,3611,0.494720619283614,"srmspe"
2019-08-30,541,13.8277750867555,2883,0.394917115336466,"srmspe"
2019-08-30,387,13.8397915039876,1948,0.266841266536077,"srmspe"
2019-08-30,278,13.84829663047,4043,0.553881573231426,"srmspe"
2019-08-30,71,13.8644485679183,1212,0.166086696032742,"srmspe"
2019-08-30,104,13.8618736213686,762,0.104444538771991,"srmspe"
2019-08-30,0,13.8699886044344,968,0.132666160790522,"srmspe"
2019-08-30,368,13.8412740489708,1019,0.139584890144502,"srmspe"
2019-08-30,346,13.8429906800039,629,0.0862100997109307,"srmspe"
2019-08-30,325,13.8446292823537,4772,0.653813066849185,"srmspe"
2019-08-30,292,13.8472042289035,948,0.129867709462725,"srmspe"
2019-08-30,120,13.8606251624354,5641,0.772697196714277,"srmspe"
2019-08-30,234,13.8517298925363,704,0.0964233712408362,"srmspe"
2019-08-30,137,13.8592986748188,1002,0.137252707636279,"srmspe"
2019-08-30,2281,13.6920051777701,11227,1.5378691811335,"srmspe"
2019-08-30,282,13.8479845157367,1762,0.241407160022493,"srmspe"
2019-08-30,104,13.8618736213686,1197,0.163953175231394,"srmspe"
2019-08-30,139,13.8591426174522,1619,0.221743850061382,"srmspe"
2019-08-30,94,13.8626539082018,762,0.10437614076102,"srmspe"
2019-08-30,183,13.8557093553859,3525,0.482826121235707,"srmspe"
2019-08-30,278,13.84829663047,1375,0.188363741878237,"srmspe"
2019-08-30,401,13.838699102421,386,0.0528829113354511,"srmspe"
2019-08-30,42,13.8667113997347,649,0.0889094034467796,"srmspe"
2019-08-30,453,13.8346416108881,2725,0.373405991375306,"srmspe"
2019-08-30,321,13.844941397087,1328,0.18196939812828,"srmspe"
2019-08-30,159,13.8575820437857,1447,0.198268354651104,"srmspe"
2019-08-30,608,13.8225471649728,5104,0.699213961139543,"srmspe"
2019-08-30,2497,13.6751509821719,4264,0.584091402894988,"srmspe"
2019-08-30,176,13.8562555561692,729,0.0998726045396498,"srmspe"
2019-08-30,146,13.8585964166689,2213,0.303099353824597,"srmspe"
2019-08-30,116,13.8609372771687,1307,0.179034743246183,"srmspe"
2019-08-30,142,13.8589085314022,698,0.0956461230804847,"srmspe"
2019-08-30,197,13.8546169538193,1843,0.252484744411604,"srmspe"
2019-08-30,324,13.8447073110371,2335,0.319807532296619,"srmspe"
2019-08-30,311,13.8457216839203,1851,0.253510945530436,"srmspe"
2019-08-30,94,13.8626539082018,553,0.0757479781914377,"srmspe"
2019-08-30,27,13.8678818299846,470,0.0643895301603836,"srmspe"
2019-08-30,145,13.8586744453522,1150,0.157562509910167,"srmspe"
2019-08-30,277,13.8483746591533,1512,0.207175848581306,"srmspe"
2019-08-30,334,13.8439270242038,1096,0.150143634830215,"srmspe"
2019-08-30,143,13.8588305027189,359,0.0491774009130536,"srmspe"
2019-08-30,33,13.8674136578846,646,0.0884848841113028,"srmspe"
2019-08-30,728,13.8131837229738,3308,0.453096898842486,"srmspe"
2019-08-30,145,13.8586744453522,1310,0.179426327323027,"srmspe"
2019-08-30,27,13.8678818299846,263,0.0360361940256497,"srmspe"
2019-08-30,43,13.8666333710514,285,0.0390423535855297,"srmspe"
2019-08-30,436,13.8359680985047,2979,0.408056483753937,"srmspe"
2019-08-30,336,13.8437709668372,2198,0.301077392779562,"srmspe"
2019-08-30,224,13.8525101793696,7057,0.966509486570972,"srmspe"
2019-08-30,50,13.8660871702681,853,0.11685547389526,"srmspe"
2019-08-30,165,13.8571138716857,952,0.13040951618748,"srmspe"
2019-08-30,251,13.8504034049198,1122,0.15369207287592,"srmspe"
2019-08-30,135,13.8594547321855,884,0.121135050605019,"srmspe"
2019-08-30,89,13.8630440516184,1418,0.194252495287322,"srmspe"
2019-08-30,36,13.8671795718347,3470,0.475428072642226,"srmspe"
2019-08-30,147,13.8585183879856,1751,0.23985927513999,"srmspe"
2019-08-30,74,13.8642144818683,349,0.0478475169390348,"srmspe"
2019-08-30,632,13.820674476573,2348,0.321580037870193,"srmspe"
2019-08-30,54,13.8657750555348,797,0.109192401254653,"srmspe"
2019-08-30,47,13.8663212563181,523,0.0716345383735497,"srmspe"
2019-08-30,217,13.8530563801528,1488,0.203831996581769,"srmspe"
2019-08-30,424,13.8369044427046,2247,0.307793093513289,"srmspe"
2019-08-30,122,13.8604691050687,916,0.125483211257435,"srmspe"
2019-08-30,192,13.855007097236,1042,0.142734748780679,"srmspe"
2019-08-30,144,13.8587524740356,5907,0.809049435704813,"srmspe"
2019-08-30,66,13.8648387113349,516,0.0707076782211892,"srmspe"
2019-08-30,71,13.8644485679183,893,0.122361316129473,"srmspe"
2019-08-30,395,13.839167274521,2685,0.367799883018565,"srmspe"
2019-08-30,124,13.8603130477021,1825,0.250059420011014,"srmspe"
2019-08-30,121,13.860547133752,753,0.103165890482445,"srmspe"
2019-08-30,105,13.8617955926852,706,0.0967365541695806,"srmspe"
2019-08-30,110,13.8614054492686,699,0.0957744607766435,"srmspe"
2019-08-30,250,13.8504814336031,1496,0.204952448908313,"srmspe"
2019-08-30,131,13.8597668469188,406,0.0556101674998584,"srmspe"
2019-08-30,63,13.8650727973849,628,0.0860223785749303,"srmspe"
2019-08-30,57,13.8655409694848,500,0.0684939724250378,"srmspe"
2019-08-30,1164,13.7791632170441,3106,0.425476509674328,"srmspe"
2019-08-30,228,13.8521980646363,2456,0.336468956499722,"srmspe"
2019-08-30,52,13.8659311129015,1068,0.146306716483855,"srmspe"
2019-08-30,198,13.854538925136,1264,0.173176135633675,"srmspe"
2019-08-30,146,13.8585964166689,767,0.105093575371758,"srmspe"
2019-08-30,82,13.8635902524017,518,0.0709813629790007,"srmspe"
2019-08-30,59,13.8653849121182,554,0.0758930701640399,"srmspe"
2019-08-30,108,13.8615615066353,554,0.0758874452976417,"srmspe"
2019-08-30,96,13.8624978508352,1627,0.222900848283402,"srmspe"
2019-08-30,144,13.8587524740356,1102,0.150963499325265,"srmspe"
2019-08-30,664,13.8181775587066,2466,0.337799558810275,"srmspe"
2019-08-30,588,13.8241077386393,3593,0.492081657047093,"srmspe"
2019-08-30,364,13.8415861637041,3838,0.525630887164442,"srmspe"
2019-08-30,89,13.8630440516184,939,0.128640501452985,"srmspe"
2019-08-30,158,13.857660072469,1062,0.145468182203961,"srmspe"
2019-08-30,225,13.8524321506862,1138,0.155887819389602,"srmspe"
2019-08-30,320,13.8450194257704,1355,0.185606074657862,"srmspe"
2019-08-30,194,13.8548510398693,1138,0.155924260678878,"srmspe"
2019-08-30,181,13.8558654127525,2491,0.341306623020186,"srmspe"
2019-08-30,395,13.839167274521,1418,0.194232272342947,"srmspe"
2019-08-30,155,13.857894158519,680,0.0931622024700254,"srmspe"
2019-08-30,226,13.8523541220029,1917,0.262569374028928,"srmspe"
2019-08-30,253,13.8502473475531,1167,0.159833066650116,"srmspe"
2019-08-30,274,13.8486087452033,1583,0.216828863794582,"srmspe"
2019-08-30,306,13.8461118273369,582,0.0797273126952406,"srmspe"
2019-08-30,65,13.8649167400182,1375,0.188315384120835,"srmspe"
2019-08-30,95,13.8625758795185,1155,0.158187419752242,"srmspe"
2019-08-30,299,13.8466580281202,1039,0.142322442454829,"srmspe"
2019-08-30,140,13.8590645887689,894,0.122486529171618,"srmspe"
2019-08-30,286,13.8476724010034,1810,0.247874658558326,"srmspe"
2019-08-30,517,13.8296477751553,1701,0.232944079046279,"srmspe"
2019-08-30,224,13.8525101793696,1822,0.249524334186559,"srmspe"
2019-08-30,211,13.8535245522528,1262,0.17293151381535,"srmspe"
2019-08-30,517,13.8296477751553,1396,0.191188268056652,"srmspe"
2019-08-30,0,13.8699886044344,2336,0.320031970804129,"srmspe"
2019-08-30,346,13.8429906800039,1057,0.14481926948476,"srmspe"
2019-08-30,127,13.8600789616521,1280,0.175355886515295,"srmspe"
2019-08-30,217,13.8530563801528,1930,0.264371860145414,"srmspe"
2019-08-30,515,13.829803832522,1460,0.199992312225252,"srmspe"
2019-08-30,195,13.854773011186,1206,0.16519732585014,"srmspe"
2019-08-30,83,13.8635122237184,763,0.104516680447284,"srmspe"
2019-08-30,149,13.8583623306189,1375,0.188345828453726,"srmspe"
2019-08-30,217,13.8530563801528,1249,0.17110782078718,"srmspe"
2019-08-30,150,13.8582843019356,2446,0.335054660727557,"srmspe"
2019-08-30,174,13.8564116135358,2112,0.289265691008323,"srmspe"
2019-08-30,379,13.8404157334542,2157,0.295498929191561,"srmspe"
2019-08-30,316,13.8453315405037,1663,0.227827608087083,"srmspe"
2019-08-30,241,13.851183691753,5051,0.691864670111693,"srmspe"
2019-08-30,158,13.857660072469,1616,0.221424299288382,"srmspe"
2019-08-30,170,13.8567237282691,1866,0.255577960520861,"srmspe"
2019-08-30,174,13.8564116135358,1273,0.174387615597595,"srmspe"
2019-08-30,168,13.8568797856358,398,0.0545369437205021,"srmspe"
2019-08-30,154,13.8579721872023,553,0.0757574331891299,"srmspe"
2019-08-30,112,13.861249391902,1018,0.139465580853083,"srmspe"
2019-08-30,288,13.8475163436368,2927,0.400965253794452,"srmspe"
2019-08-30,158,13.857660072469,1961,0.268694405897508,"srmspe"
2019-08-30,281,13.84806254442,1224,0.167660241350732,"srmspe"
2019-08-30,377,13.8405717908208,4777,0.654427809548881,"srmspe"
2019-08-30,133,13.8596107895521,2496,0.341956552968058,"srmspe"
2019-08-30,273,13.8486867738866,964,0.132117497845004,"srmspe"
2019-08-30,215,13.8532124375195,2339,0.320466746491613,"srmspe"
2019-08-30,204,13.8540707530361,1515,0.207541093923263,"srmspe"
2019-08-30,55,13.8656970268515,358,0.0490503294383262,"srmspe"
2019-08-30,291,13.8472822575868,3072,0.420842611231284,"srmspe"
2019-08-30,453,13.8346416108881,1542,0.211224073505404,"srmspe"
2019-08-30,637,13.8202843331563,3368,0.461408377255026,"srmspe"
2019-08-30,277,13.8483746591533,1410,0.193244542758185,"srmspe"
2019-08-30,266,13.8492329746699,1636,0.224100325494501,"srmspe"
2019-08-30,655,13.8188798168565,1790,0.245251127429471,"srmspe"
2019-08-30,169,13.8568017569524,1488,0.203838925011856,"srmspe"
2019-08-30,357,13.8421323644873,3828,0.52435577546199,"srmspe"
2019-08-30,223,13.8525882080529,777,0.106454203739546,"srmspe"
2019-08-30,195,13.854773011186,716,0.0980764165026334,"srmspe"
2019-08-30,517,13.8296477751553,3644,0.499123337479924,"srmspe"
2019-08-30,234,13.8517298925363,1607,0.220112572350131,"srmspe"
2019-08-30,293,13.8471262002201,748,0.102540873232559,"srmspe"
2019-08-30,19,13.8685060594512,1522,0.208545708336027,"srmspe"
2019-08-30,182,13.8557873840692,1085,0.148603699168225,"srmspe"
2019-08-30,173,13.8564896422191,672,0.0920836023102696,"srmspe"
2019-08-30,144,13.8587524740356,627,0.0858943902542581,"srmspe"
2019-08-30,223,13.8525882080529,622,0.0852025846130004,"srmspe"
2019-08-30,73,13.8642925105516,891,0.122036143007562,"srmspe"
2019-08-30,70,13.8645265966016,697,0.0954793214670897,"srmspe"
2019-08-30,164,13.8571919003691,2256,0.30901347186104,"srmspe"
2019-08-30,190,13.8551631546026,2700,0.369808141995757,"srmspe"
2019-08-30,218,13.8529783514695,2602,0.35641702557903,"srmspe"
2019-08-30,403,13.8385430450544,2282,0.312575477365638,"srmspe"
2019-08-30,25,13.8680378873512,641,0.087805379178714,"srmspe"
2019-08-30,77,13.8639803958183,669,0.091641938324111,"srmspe"
2019-08-30,89,13.8630440516184,897,0.122866705652448,"srmspe"
2019-08-30,152,13.858128244569,1146,0.156957963120284,"srmspe"
2019-08-30,80,13.8637463097684,403,0.0552089805952794,"srmspe"
2019-08-30,60,13.8653068834349,384,0.0526161275459373,"srmspe"
2019-08-30,879,13.8014013917917,6536,0.89522894408743,"srmspe"
2019-08-30,238,13.851417777803,2104,0.288177031662016,"srmspe"
2019-08-30,87,13.8632001089851,529,0.0724669708721622,"srmspe"
2019-08-30,108,13.8615615066353,975,0.133552703892073,"srmspe"
2019-08-30,149,13.8583623306189,1260,0.172573973169531,"srmspe"
2019-08-30,104,13.8618736213686,1031,0.141251578362451,"srmspe"
2019-08-30,98,13.8623417934685,804,0.110129536705597,"srmspe"
2019-08-30,101,13.8621077074185,933,0.127821362801584,"srmspe"
2019-08-30,135,13.8594547321855,940,0.128758482062176,"srmspe"
2019-08-30,90,13.8629660229351,2358,0.323058646930044,"srmspe"
2019-08-30,356,13.8422103931707,4317,0.591313973165036,"srmspe"
2019-08-30,336,13.8437709668372,2685,0.36778464599601,"srmspe"
2019-08-30,527,13.8288674883221,2174,0.297779448922723,"srmspe"
2019-08-30,44,13.8665553423681,864,0.118399457158148,"srmspe"
2019-08-30,680,13.8169290997734,2738,0.375011309538038,"srmspe"
2019-08-30,134,13.8595327608688,661,0.0905352328594938,"srmspe"
2019-08-30,84,13.8634341950351,963,0.131909210934046,"srmspe"
2019-08-30,239,13.8513397491197,683,0.0935576869126425,"srmspe"
2019-08-30,69,13.8646046252849,1081,0.148055655424332,"srmspe"
2019-08-30,97,13.8624198221518,820,0.112316796857042,"srmspe"
2019-08-30,146,13.8585964166689,679,0.0930172955091217,"srmspe"
2019-08-30,70,13.8645265966016,862,0.118082663443876,"srmspe"
2019-08-30,97,13.8624198221518,471,0.0645349233436627,"srmspe"
2019-08-30,243,13.8510276343864,789,0.108081252903284,"srmspe"
2019-08-30,291,13.8472822575868,4739,0.649100721633451,"srmspe"
2019-08-30,267,13.8491549459866,2264,0.310255249839026,"srmspe"
2019-08-30,321,13.844941397087,2547,0.348896190370824,"srmspe"
2019-08-30,2617,13.6657875401729,6624,0.907368688811976,"srmspe"
2019-08-30,826,13.8055369120079,3240,0.443912983819453,"srmspe"
2019-08-30,361,13.841820249754,1230,0.16848549036228,"srmspe"
2019-08-30,152,13.858128244569,584,0.0800256659264098,"srmspe"
2019-08-30,131,13.8597668469188,843,0.11547782464933,"srmspe"
2019-08-30,189,13.8552411832859,1166,0.159817478396678,"srmspe"
2019-08-30,107,13.8616395353186,1105,0.151378510522866,"srmspe"
2019-08-30,79,13.8638243384517,718,0.0983947609136317,"srmspe"
2019-08-30,63,13.8650727973849,1994,0.273168818477086,"srmspe"
2019-08-30,229,13.8521200359529,2602,0.356417274398286,"srmspe"
2019-08-30,102,13.8620296787352,930,0.1273897107686,"srmspe"
2019-08-30,156,13.8578161298357,702,0.0961901968416322,"srmspe"
2019-08-30,1498,13.7531016368135,14029,1.92138929524999,"srmspe"
2019-08-30,325,13.8446292823537,3202,0.438730774076407,"srmspe"
2019-08-30,116,13.8609372771687,1176,0.161087662658976,"srmspe"
2019-08-30,488,13.8319106069718,2768,0.379096171324253,"srmspe"
2019-08-30,86,13.8632781376684,1745,0.239011185204307,"srmspe"
2019-08-30,505,13.8305841193552,2226,0.304888232884424,"srmspe"
2019-08-30,359,13.8419763071207,2177,0.298223578579853,"srmspe"
2019-08-30,105,13.8617955926852,1878,0.257259502076992,"srmspe"
2019-08-30,429,13.8365142992879,2728,0.373630543671067,"srmspe"
2019-08-30,1372,13.7629332509125,5762,0.78931707741984,"srmspe"
2019-08-30,1412,13.7598121035795,6553,0.89752653649622,"srmspe"
2019-08-30,462,13.8339393527382,86,0.0118005639204899,"srmspe"
2019-08-30,55,13.8656970268515,948,0.129873739200251,"srmspe"
2019-08-30,96,13.8624978508352,555,0.0760445437484725,"srmspe"
2019-08-30,95,13.8625758795185,803,0.109996106812942,"srmspe"
2019-08-30,157,13.8577381011523,742,0.101656251594371,"srmspe"
2019-08-30,412,13.8378407869045,4590,0.628675191119012,"srmspe"
2019-08-30,453,13.8346416108881,2154,0.295085428102021,"srmspe"
2019-08-30,137,13.8592986748188,2221,0.30425725831157,"srmspe"
2019-08-30,178,13.8560994988025,817,0.111916712918607,"srmspe"
2019-08-30,247,13.8507155196531,1050,0.143833131873558,"srmspe"
2019-08-30,154,13.8579721872023,1271,0.174133589032977,"srmspe"
2019-08-30,262,13.8495450894032,3160,0.432844789513456,"srmspe"
2019-08-30,220,13.8528222941029,3385,0.463651962861715,"srmspe"
2019-08-30,720,13.8138079524404,4872,0.667350526773644,"srmspe"
2019-08-30,80,13.8637463097684,998,0.136746043364821,"srmspe"
2019-08-30,255,13.8500912901865,4578,0.627194190943304,"srmspe"
2019-08-30,112,13.861249391902,1709,0.23410019039912,"srmspe"
2019-08-30,79,13.8638243384517,909,0.124527388564959,"srmspe"
2019-08-30,109,13.8614834779519,1134,0.155410714778947,"srmspe"
2019-08-30,134,13.8595327608688,2093,0.286781627271797,"srmspe"
2019-08-30,246,13.8507935483364,1289,0.176554875104941,"srmspe"
2019-08-30,136,13.8593767035022,1327,0.181757205790395,"srmspe"
2019-08-30,269,13.8489988886199,4190,0.573937495689703,"srmspe"
2019-08-30,198,13.854538925136,410,0.0561696776224349,"srmspe"
2019-08-30,135,13.8594547321855,1061,0.145338095011767,"srmspe"
2019-08-30,59,13.8653849121182,858,0.117537880670968,"srmspe"
2019-08-30,72,13.864370539235,1136,0.155597112028047,"srmspe"
2019-08-30,306,13.8461118273369,1625,0.222578109999161,"srmspe"
2019-08-30,70,13.8645265966016,770,0.105496156940156,"srmspe"
2019-08-30,163,13.8572699290524,1019,0.139590040772674,"srmspe"
2019-08-30,108,13.8615615066353,1008,0.138067578765021,"srmspe"
2019-08-30,1528,13.7507607763138,6166,0.844631065653033,"srmspe"
2019-08-30,504,13.8306621480386,1381,0.189198181205,"srmspe"
2019-08-30,327,13.8444732249871,3036,0.415903722670267,"srmspe"
2019-08-30,231,13.8519639785863,2026,0.277510807797739,"srmspe"
2019-08-30,148,13.8584403593023,2500,0.342518252798331,"srmspe"
2019-08-30,64,13.8649947687016,679,0.0930257767252449,"srmspe"
2019-08-30,260,13.8497011467699,2176,0.298006630328755,"srmspe"
2019-08-30,168,13.8568797856358,1168,0.16005039909522,"srmspe"
2019-08-30,397,13.8390112171543,1122,0.153699246913101,"srmspe"
2019-08-30,124,13.8603130477021,1823,0.249692835626705,"srmspe"
2019-08-30,178,13.8560994988025,2456,0.336429454631735,"srmspe"
2019-08-30,146,13.8585964166689,1237,0.169488377274689,"srmspe"
2019-08-30,79,13.8638243384517,525,0.0719120279250927,"srmspe"
2019-08-30,594,13.8236395665393,3304,0.452621938783408,"srmspe"
2019-08-30,416,13.8375286721712,1438,0.196992115313349,"srmspe"
2019-08-30,398,13.838933188471,1338,0.183303724875432,"srmspe"
2019-08-30,140,13.8590645887689,406,0.0556432809301044,"srmspe"
2019-08-30,126,13.8601569903354,1631,0.223401520761181,"srmspe"
2019-08-30,87,13.8632001089851,861,0.117951845753137,"srmspe"
2019-08-30,84,13.8634341950351,448,0.061374538558634,"srmspe"
2019-08-30,131,13.8597668469188,722,0.098908076835838,"srmspe"
2019-08-30,152,13.858128244569,1085,0.14863597794139,"srmspe"
2019-08-30,149,13.8583623306189,779,0.106726354596273,"srmspe"
2019-08-30,128,13.8600009329688,1145,0.156849249366165,"srmspe"
2019-08-30,119,13.8607031911187,808,0.110693183927298,"srmspe"
2019-08-30,105,13.8617955926852,1420,0.19451158651213,"srmspe"
2019-08-30,179,13.8560214701192,734,0.100545571049886,"srmspe"
2019-08-30,184,13.8556313267026,2815,0.385638698218985,"srmspe"
2019-08-30,134,13.8595327608688,852,0.116715780325604,"srmspe"
2019-08-30,148,13.8584403593023,1445,0.197925763542166,"srmspe"
2019-08-30,263,13.8494670607199,1132,0.155089152579066,"srmspe"
2019-08-30,158,13.857660072469,1644,0.225209780822658,"srmspe"
2019-08-30,144,13.8587524740356,645,0.0883422469813066,"srmspe"
2019-08-30,391,13.8394793892543,2872,0.393396772779592,"srmspe"
2019-08-30,146,13.8585964166689,567,0.0776720033684628,"srmspe"
2019-08-30,376,13.8406498195042,1645,0.225381642185375,"srmspe"
2019-08-30,532,13.8284773449055,3053,0.418239577328241,"srmspe"
2019-08-30,338,13.8436149094705,1396,0.191350541368785,"srmspe"
2019-08-30,165,13.8571138716857,908,0.12446206500841,"srmspe"
2019-08-30,1535,13.7502145755305,2740,0.375313318890528,"srmspe"
2019-08-30,53,13.8658530842181,2102,0.287922183013198,"srmspe"
2019-08-30,71,13.8644485679183,1009,0.138207910075772,"srmspe"
2019-08-30,295,13.8469701428535,938,0.12847782307428,"srmspe"
2019-08-30,31,13.8675697152513,601,0.0823631169977072,"srmspe"
2019-08-30,377,13.8405717908208,1214,0.16634233111286,"srmspe"
2019-08-30,215,13.8532124375195,1989,0.272488406238072,"srmspe"
2019-08-30,315,13.845409569187,1819,0.249160979973231,"srmspe"
2019-08-30,130,13.8598448756021,1314,0.180018005616258,"srmspe"
2019-08-30,184,13.8556313267026,1278,0.175114949078295,"srmspe"
2019-08-30,178,13.8560994988025,1325,0.181507233455284,"srmspe"
2019-08-30,506,13.8305060906719,3259,0.44635113896015,"srmspe"
2019-08-30,357,13.8421323644873,1692,0.231742220067872,"srmspe"
2019-08-30,693,13.8159147268901,4554,0.623730829737404,"srmspe"
2019-08-30,343,13.8432247660539,1738,0.238044603404766,"srmspe"
2019-08-30,310,13.8457997126036,1994,0.273125444751594,"srmspe"
2019-08-30,94,13.8626539082018,739,0.101224324162051,"srmspe"
2019-08-30,180,13.8559434414359,1312,0.179856540835466,"srmspe"
2019-08-30,170,13.8567237282691,1162,0.159171455697216,"srmspe"
2019-08-30,95,13.8625758795185,678,0.0928710394271192,"srmspe"
2019-08-30,60,13.8653068834349,234,0.032077175959208,"srmspe"
2019-08-30,760,13.8106868051074,2324,0.318426827142392,"srmspe"
2019-08-30,287,13.8475943723201,2568,0.351720112756714,"srmspe"
2019-08-30,292,13.8472042289035,1484,0.203251917330577,"srmspe"
2019-08-30,353,13.8424444792206,1136,0.15559407365728,"srmspe"
2019-08-30,120,13.8606251624354,1717,0.235188036157353,"srmspe"
2019-08-30,168,13.8568797856358,1089,0.149171661043996,"srmspe"
2019-08-30,262,13.8495450894032,882,0.120891627786119,"srmspe"
2019-08-30,225,13.8524321506862,1532,0.209865291746587,"srmspe"
2019-08-30,296,13.8468921141702,1492,0.204352483492265,"srmspe"
2019-08-30,136,13.8593767035022,3069,0.420445518813306,"srmspe"
2019-08-30,1735,13.7346088388655,4389,0.601093999105802,"srmspe"
2019-08-30,1361,13.7637915664291,6138,0.8407050448046,"srmspe"
2019-08-30,365,13.8415081350207,6285,0.860858407649237,"srmspe"
2019-08-30,1131,13.7817381635938,13160,1.80241175317108,"srmspe"
2019-08-30,92,13.8628099655685,1371,0.187821298755309,"srmspe"
2019-08-30,423,13.8369824713879,1267,0.173562329431608,"srmspe"
2019-08-30,1112,13.783220708577,5904,0.808727643291729,"srmspe"
2019-08-30,54,13.8657750555348,1433,0.196295029665357,"srmspe"
2019-08-30,537,13.8280872014888,2348,0.321774359923434,"srmspe"
2019-08-30,209,13.8536806096194,2425,0.332184891170343,"srmspe"
2019-08-30,146,13.8585964166689,1579,0.216290321317539,"srmspe"
2019-08-30,242,13.8511056630697,788,0.107955756326402,"srmspe"
2019-08-30,213,13.8533684948861,1956,0.26789817226808,"srmspe"
2019-08-30,0,13.8699886044344,5910,0.809734886308963,"srmspe"
2019-08-30,535,13.8282432588555,3862,0.529130261313471,"srmspe"
2019-08-30,35,13.867257600518,1087,0.148920881456584,"srmspe"
2019-08-30,343,13.8432247660539,4673,0.640010415886839,"srmspe"
2019-08-30,2787,13.6525226640076,4871,0.667140858592714,"srmspe"
2019-08-30,259,13.8497791754532,1440,0.197255894019169,"srmspe"
2019-08-30,255,13.8500912901865,1493,0.20452768612609,"srmspe"
2019-08-30,320,13.8450194257704,1903,0.260716742972585,"srmspe"
2019-08-30,618,13.8217668781395,5304,0.726456073190713,"srmspe"
2019-08-30,926,13.7977340436754,6610,0.905287059767493,"srmspe"
2019-08-30,97,13.8624198221518,4456,0.610394329356785,"srmspe"
2019-08-30,1256,13.7719845781782,2581,0.353550717198805,"srmspe"
2019-08-30,413,13.8377627582211,4794,0.656553263998704,"srmspe"
2019-08-30,552,13.826916771239,3815,0.522546724596505,"srmspe"
2019-08-30,243,13.8510276343864,2378,0.325719669380807,"srmspe"
2019-08-30,215,13.8532124375195,1117,0.153009334723615,"srmspe"
2019-08-30,45,13.8664773136847,1625,0.222666847877171,"srmspe"
2019-08-30,160,13.8575040151024,5831,0.798685290146224,"srmspe"
2019-08-30,347,13.8429126513206,3483,0.477098428459324,"srmspe"
2019-08-30,52,13.8659311129015,640,0.0876663296887589,"srmspe"
2019-08-30,234,13.8517298925363,398,0.0545464146144145,"srmspe"
2019-08-30,163,13.8572699290524,1593,0.218226807860924,"srmspe"
2019-08-30,893,13.8003089902251,3819,0.523064451627957,"srmspe"
2019-08-30,722,13.8136518950737,3371,0.461710328062825,"srmspe"
2019-08-30,311,13.8457216839203,1224,0.167704955508472,"srmspe"
2019-08-30,445,13.8352658403547,2807,0.384674338043046,"srmspe"
2019-08-30,74,13.8642144818683,256,0.0350920824543491,"srmspe"
2019-08-30,37,13.8671015431513,2015,0.27598903405319,"srmspe"
2019-08-30,97,13.8624198221518,271,0.0371191932678635,"srmspe"
2019-08-30,152,13.858128244569,4007,0.548844445929405,"srmspe"
2019-08-30,363,13.8416641923874,1949,0.266951321499671,"srmspe"
2019-08-30,834,13.8049126825413,3706,0.507581907607164,"srmspe"
2019-08-30,454,13.8345635822048,1575,0.215742324240177,"srmspe"
2019-08-30,233,13.8518079212196,3784,0.518345187387812,"srmspe"
2019-08-30,695,13.8157586695235,4229,0.579293089222017,"srmspe"
2019-08-30,1665,13.7400708466983,4993,0.68384073381288,"srmspe"
2019-08-30,130,13.8598448756021,1973,0.270348155314546,"srmspe"
2019-08-30,225,13.8524321506862,1550,0.212297759203219,"srmspe"
2019-08-30,578,13.8248880254725,1227,0.168098670568963,"srmspe"
2019-08-30,272,13.84876480257,3140,0.430024504818453,"srmspe"
2019-08-30,346,13.8429906800039,2314,0.316918463696035,"srmspe"
2019-08-30,341,13.8433808234205,1669,0.228601949140837,"srmspe"
2019-08-30,291,13.8472822575868,3381,0.463089470858721,"srmspe"
2019-08-30,108,13.8615615066353,1375,0.188422311199412,"srmspe"
2019-08-30,177,13.8561775274858,3260,0.44651844715286,"srmspe"
2019-08-30,233,13.8518079212196,347,0.0475777623748195,"srmspe"
2019-08-30,73,13.8642925105516,317,0.0434147795939499,"srmspe"
2019-08-30,143,13.8588305027189,2004,0.274562730309095,"srmspe"
2019-08-30,466,13.8336272380049,1057,0.144839305693233,"srmspe"
2019-08-30,158,13.857660072469,1323,0.181325294574505,"srmspe"
2019-08-30,185,13.8555532980192,1367,0.187303517136816,"srmspe"
2019-08-30,88,13.8631220803018,851,0.116596235727552,"srmspe"
2019-08-30,162,13.8573479577357,1037,0.142076312602804,"srmspe"
2019-08-30,237,13.8514958064863,2038,0.279139969734218,"srmspe"
2019-08-30,349,13.8427565939539,1185,0.162332280282737,"srmspe"
2019-08-30,277,13.8483746591533,1527,0.209221632201396,"srmspe"
2019-08-30,120,13.8606251624354,1117,0.153013136724255,"srmspe"
2019-08-30,320,13.8450194257704,1633,0.223660003126208,"srmspe"
2019-08-30,329,13.8443171676204,2111,0.289161864974229,"srmspe"
2019-08-30,245,13.8508715770197,2109,0.288876040676512,"srmspe"
2019-08-30,78,13.863902367135,634,0.0869366832980018,"srmspe"
2019-08-30,178,13.8560994988025,2611,0.35767888541439,"srmspe"
2019-08-30,73,13.8642925105516,2216,0.303602150246514,"srmspe"
2019-08-30,171,13.8566456995858,1933,0.264738451842646,"srmspe"
2019-08-30,164,13.8571919003691,601,0.082326403394698,"srmspe"
2019-08-30,88,13.8631220803018,1870,0.256133613430228,"srmspe"
2019-08-30,50,13.8660871702681,583,0.0798473182879125,"srmspe"
2019-08-30,153,13.8580502158856,678,0.0928763267112072,"srmspe"
2019-08-30,313,13.8455656265536,926,0.126875274195555,"srmspe"
2019-08-30,442,13.8354999264047,2082,0.285238905309201,"srmspe"
2019-08-30,229,13.8521200359529,939,0.128645294689808,"srmspe"
2019-08-30,195,13.854773011186,1565,0.214382667266919,"srmspe"
2019-08-30,226,13.8523541220029,1613,0.220973684358173,"srmspe"
2019-08-30,470,13.8333151232716,1588,0.217551519009747,"srmspe"
2019-08-30,648,13.8194260176398,3840,0.525920731373397,"srmspe"
2019-08-30,349,13.8427565939539,2267,0.310586820807937,"srmspe"
2019-08-30,489,13.8318325782884,2672,0.366017017141632,"srmspe"
2019-08-30,82,13.8635902524017,672,0.0920581439687358,"srmspe"
2019-08-30,79,13.8638243384517,663,0.0908229814393569,"srmspe"
2019-08-30,97,13.8624198221518,779,0.106705272965674,"srmspe"
2019-08-30,118,13.860781219802,431,0.0590418041246098,"srmspe"
2019-08-30,168,13.8568797856358,1262,0.172893072205327,"srmspe"
2019-08-30,106,13.8617175640019,1163,0.159329843527005,"srmspe"
2019-08-30,176,13.8562555561692,1176,0.161072306232622,"srmspe"
2019-08-30,245,13.8508715770197,1582,0.21671116096663,"srmspe"
2019-08-30,586,13.8242637960059,2461,0.337129327142625,"srmspe"
2019-08-30,199,13.8544608964527,1298,0.177800545242622,"srmspe"
2019-08-30,240,13.8512617204364,1655,0.226782411186343,"srmspe"
2019-08-30,34,13.8673356292013,518,0.0709557998393915,"srmspe"
2019-08-30,153,13.8580502158856,882,0.120921818862437,"srmspe"
2019-08-30,417,13.8374506434878,4758,0.651810051277907,"srmspe"
2019-08-30,479,13.8326128651217,2060,0.282209205005279,"srmspe"
2019-08-30,507,13.8304280619886,4415,0.604817684930199,"srmspe"
2019-08-30,297,13.8468140854868,1713,0.234673828390996,"srmspe"
2019-08-30,173,13.8564896422191,2605,0.356813187188947,"srmspe"
2019-08-30,270,13.8489208599366,1021,0.139858969047879,"srmspe"
2019-08-30,185,13.8555532980192,1428,0.195616793612758,"srmspe"
2019-08-30,381,13.8402596760875,1446,0.198065987372023,"srmspe"
2019-08-30,133,13.8596107895521,942,0.129029579643339,"srmspe"
2019-08-30,58,13.8654629408015,446,0.0611120305563302,"srmspe"
2019-08-30,74,13.8642144818683,507,0.0694692905054747,"srmspe"
2019-08-30,161,13.857425986419,1355,0.185591335335318,"srmspe"
2019-08-30,95,13.8625758795185,521,0.0713825115427347,"srmspe"
2019-08-30,44,13.8665553423681,561,0.0768626537144304,"srmspe"
2019-08-30,244,13.8509496057031,2157,0.295524971450655,"srmspe"
2019-08-30,360,13.8418982784374,1166,0.159725666406345,"srmspe"
2019-08-30,64,13.8649947687016,1152,0.157806021093396,"srmspe"
2019-08-30,135,13.8594547321855,438,0.0599965093491457,"srmspe"
2019-08-30,160,13.8575040151024,997,0.136586003256786,"srmspe"
2019-08-30,142,13.8589085314022,1457,0.199548913545634,"srmspe"
2019-08-30,93,13.8627319368851,419,0.0574064478945762,"srmspe"
2019-08-30,69,13.8646046252849,558,0.0764317582931622,"srmspe"
2019-08-30,46,13.8663992850014,301,0.0412362926051337,"srmspe"
2019-08-30,48,13.8662432276348,380,0.0520580649944156,"srmspe"
2019-08-30,97,13.8624198221518,471,0.0645178541751186,"srmspe"
2019-08-30,232,13.851885949903,1232,0.168777501823677,"srmspe"
2019-08-30,456,13.8344075248382,1769,0.242330962055812,"srmspe"
2019-08-30,144,13.8587524740356,838,0.114783545641092,"srmspe"
2019-08-30,295,13.8469701428535,1867,0.255751681761847,"srmspe"
2019-08-30,173,13.8564896422191,935,0.12807860028842,"srmspe"
2019-08-30,453,13.8346416108881,1439,0.197108590278828,"srmspe"
2019-08-30,302,13.8464239420702,1331,0.182300726033152,"srmspe"
2019-08-30,140,13.8590645887689,816,0.111787843748267,"srmspe"
2019-08-30,147,13.8585183879856,621,0.0850732639700537,"srmspe"
2019-08-30,90,13.8629660229351,614,0.0841002135083273,"srmspe"
2019-08-30,114,13.8610933345353,634,0.0868439602344704,"srmspe"
2019-08-30,151,13.8582062732523,687,0.0941118091522335,"srmspe"
2019-08-30,49,13.8661651989514,971,0.133017784879057,"srmspe"
2019-08-30,72,13.864370539235,452,0.0619153961004258,"srmspe"
2019-08-30,126,13.8601569903354,609,0.0834223983118287,"srmspe"
2019-08-30,30,13.8676477439346,456,0.0624746746545851,"srmspe"
2019-08-30,82,13.8635902524017,746,0.102175860824904,"srmspe"
2019-08-30,54,13.8657750555348,454,0.0621911801776265,"srmspe"
2019-08-30,52,13.8659311129015,455,0.0623291473916746,"srmspe"
2019-08-30,54,13.8657750555348,276,0.037808427824128,"srmspe"
2019-08-30,87,13.8632001089851,702,0.0961521209844835,"srmspe"
2019-08-30,112,13.861249391902,705,0.0965698518789196,"srmspe"
2019-08-30,135,13.8594547321855,755,0.103436171523628,"srmspe"
2019-08-30,102,13.8620296787352,1232,0.168771606404085,"srmspe"
2019-08-30,313,13.8455656265536,1567,0.214710731353882,"srmspe"
2019-08-30,203,13.8541487817194,2505,0.343114392181806,"srmspe"
2019-08-30,159,13.8575820437857,1440,0.197242810626898,"srmspe"
2019-08-30,203,13.8541487817194,2391,0.327515145570129,"srmspe"
2019-08-30,264,13.8493890320366,1335,0.182920718593506,"srmspe"
2019-08-30,170,13.8567237282691,2013,0.27571999247838,"srmspe"
2019-08-30,102,13.8620296787352,392,0.0536906070363993,"srmspe"
2019-08-30,608,13.8225471649728,4607,0.630957578418185,"srmspe"
2019-08-30,127,13.8600789616521,883,0.120955284758379,"srmspe"
2019-08-30,144,13.8587524740356,434,0.0594973129205973,"srmspe"
2019-08-30,170,13.8567237282691,1063,0.145608944211441,"srmspe"
2019-08-30,409,13.8380748729544,3049,0.41770158666013,"srmspe"
2019-08-30,63,13.8650727973849,375,0.0513707580978158,"srmspe"
2019-08-30,178,13.8560994988025,2899,0.39703366942645,"srmspe"
2019-08-30,490,13.8317545496051,2811,0.385042370763399,"srmspe"
2019-08-30,540,13.8278531154389,2436,0.333731172975429,"srmspe"
2019-08-30,208,13.8537586383028,845,0.11575015685874,"srmspe"
2019-08-30,190,13.8551631546026,1454,0.199176848057313,"srmspe"
2019-08-30,864,13.8025718220416,3836,0.525421016782468,"srmspe"
2019-08-30,172,13.8565676709025,2160,0.295873913995365,"srmspe"
2019-08-30,256,13.8500132615032,1446,0.198069721070545,"srmspe"
2019-08-30,223,13.8525882080529,772,0.105747824797224,"srmspe"
2019-08-30,187,13.8553972406526,1580,0.216391086039456,"srmspe"
2019-08-30,191,13.8550851259193,883,0.120947014301268,"srmspe"
2019-08-30,159,13.8575820437857,1358,0.186025540446356,"srmspe"
2019-08-30,179,13.8560214701192,909,0.124526948131168,"srmspe"
2019-08-30,248,13.8506374909698,895,0.122599547620488,"srmspe"
2019-08-30,359,13.8419763071207,936,0.128223042041322,"srmspe"
2019-08-30,248,13.8506374909698,1308,0.179184360555822,"srmspe"
2019-08-30,390,13.8395574179376,696,0.0953609415645281,"srmspe"
2019-08-30,52,13.8659311129015,1101,0.150821376532545,"srmspe"
2019-08-30,438,13.835812041138,2009,0.275227193037475,"srmspe"
2019-08-30,131,13.8597668469188,2655,0.363645999248666,"srmspe"
2019-08-30,199,13.8544608964527,1742,0.238670639684437,"srmspe"
2019-08-30,147,13.8585183879856,1213,0.166176792272273,"srmspe"
2019-08-30,149,13.8583623306189,1382,0.189299674094124,"srmspe"
2019-08-30,234,13.8517298925363,1396,0.191236518928266,"srmspe"
2019-08-30,74,13.8642144818683,649,0.0889033642620862,"srmspe"
2019-08-30,954,13.7955492405423,2664,0.364903362158111,"srmspe"
2019-08-30,847,13.8038983096581,2562,0.350995542576185,"srmspe"
2019-08-30,64,13.8649947687016,499,0.0683500189782821,"srmspe"
2019-08-30,23,13.8681939447179,361,0.0494538962593035,"srmspe"
2019-08-30,113,13.8611713632186,1966,0.269293068723643,"srmspe"
2019-08-30,431,13.8363582419213,1199,0.164331055848953,"srmspe"
2019-08-30,666,13.8180215013399,6789,0.929780839353301,"srmspe"
2019-08-30,49,13.8661651989514,206,0.028229002292945,"srmspe"
2019-08-30,139,13.8591426174522,2369,0.324476167506954,"srmspe"
2019-08-30,71,13.8644485679183,555,0.0760288666805765,"srmspe"
2019-08-30,76,13.8640584245017,875,0.119856631696402,"srmspe"
2019-08-30,180,13.8559434414359,1076,0.147461435153451,"srmspe"
2019-08-30,93,13.8627319368851,516,0.0706896517518903,"srmspe"
2019-08-30,110,13.8614054492686,1082,0.148204107506584,"srmspe"
2019-08-30,202,13.8542268104027,2209,0.302585525911289,"srmspe"
2019-08-30,51,13.8660091415848,1057,0.14478942989047,"srmspe"
2019-08-30,115,13.861015305852,1033,0.141501837868933,"srmspe"
2019-08-30,147,13.8585183879856,493,0.06754331261251,"srmspe"
2019-08-30,285,13.8477504296867,1186,0.162457849011494,"srmspe"
2019-08-30,241,13.851183691753,2268,0.310666761021298,"srmspe"
2019-08-30,394,13.8392453032043,2690,0.368451226102711,"srmspe"
2019-08-30,281,13.84806254442,1576,0.215907534228723,"srmspe"
2019-08-30,88,13.8631220803018,586,0.0802946275416499,"srmspe"
2019-08-30,604,13.8228592797061,2103,0.288055021671028,"srmspe"
2019-08-30,496,13.8312863775052,1351,0.185094049215457,"srmspe"
2019-08-30,115,13.861015305852,1232,0.168783839299172,"srmspe"
2019-08-31,77,10.8482498139906,869,0.191960407872332,"srmspe"
2019-08-31,0,10.8542580226067,1524,0.336873730824752,"srmspe"
2019-08-31,195,10.8390424293583,815,0.18001201506085,"srmspe"
2019-08-31,165,10.841383289858,1076,0.237665197285661,"srmspe"
2019-08-31,143,10.8430999208912,891,0.196765664811429,"srmspe"
2019-08-31,92,10.8470793837408,676,0.149277584729264,"srmspe"
2019-08-31,39,10.851214903957,476,0.105145948202566,"srmspe"
2019-08-31,100,10.8464551542742,1049,0.231712177872193,"srmspe"
2019-08-31,52,10.8502005310738,462,0.102042300978468,"srmspe"
2019-08-31,82,10.847859670574,376,0.0830622870371521,"srmspe"
2019-08-31,96,10.8467672690075,539,0.119061687895423,"srmspe"
2019-08-31,82,10.847859670574,873,0.192810944005362,"srmspe"
2019-08-31,89,10.8473134697907,388,0.0857051762951178,"srmspe"
2019-08-31,40,10.8511368752737,522,0.115314510939123,"srmspe"
2019-08-31,129,10.8441923224577,781,0.172521444140711,"srmspe"
2019-08-31,147,10.8427878061579,681,0.150445424023519,"srmspe"
2019-08-31,211,10.8377939704251,2431,0.536932447918655,"srmspe"
2019-08-31,62,10.8494202442405,2180,0.481637369287759,"srmspe"
2019-08-31,641,10.8042416365953,4685,1.03470903203085,"srmspe"
2019-08-31,186,10.8397446875082,2174,0.480225975428152,"srmspe"
2019-08-31,446,10.8194572298437,1793,0.396126352350983,"srmspe"
2019-08-31,88,10.8473914984741,581,0.128341045212734,"srmspe"
2019-08-31,197,10.8388863719916,1943,0.429214466137435,"srmspe"
2019-08-31,94,10.8469233263741,777,0.171663514165334,"srmspe"
2019-08-31,439,10.820003430627,3424,0.756163490639114,"srmspe"
2019-08-31,78,10.8481717853073,1630,0.360086737574063,"srmspe"
2019-08-31,53,10.8501225023904,1123,0.248114294072812,"srmspe"
2019-08-31,88,10.8473914984741,598,0.132057233650325,"srmspe"
2019-08-31,96,10.8467672690075,510,0.112655564283712,"srmspe"
2019-08-31,92,10.8470793837408,383,0.0846393992213989,"srmspe"
2019-08-31,150,10.8425537201079,845,0.186652515187695,"srmspe"
2019-08-31,111,10.8455968387576,611,0.134937549336384,"srmspe"
2019-08-31,103,10.8462210682242,628,0.138722165039354,"srmspe"
2019-08-31,85,10.847625584524,973,0.214888516101853,"srmspe"
2019-08-31,252,10.8345947944088,1150,0.253981293408887,"srmspe"
2019-08-31,58,10.8497323589738,502,0.110882640775913,"srmspe"
2019-08-31,96,10.8467672690075,259,0.0573002279790157,"srmspe"
2019-08-31,329,10.8285865857927,2130,0.470506538514686,"srmspe"
2019-08-31,67,10.8490301008239,1093,0.241510307755282,"srmspe"
2019-08-31,460,10.8183648282772,2178,0.481078208469887,"srmspe"
2019-08-31,108,10.8458309248076,280,0.0618465930278922,"srmspe"
2019-08-31,966,10.7788823145147,7143,1.57765294354011,"srmspe"
2019-08-31,126,10.8444264085077,614,0.135647583933476,"srmspe"
2019-08-31,82,10.847859670574,862,0.190413506805589,"srmspe"
2019-08-31,64,10.8492641868739,301,0.0664913558415835,"srmspe"
2019-08-31,33,10.8516830760569,390,0.086144392967216,"srmspe"
2019-08-31,60,10.8495763016072,469,0.103580036409333,"srmspe"
2019-08-31,59,10.8496543302905,541,0.119547051772434,"srmspe"
2019-08-31,151,10.8424756914246,1400,0.309218005281425,"srmspe"
2019-08-31,147,10.8427878061579,1848,0.408101543553375,"srmspe"
2019-08-31,515,10.8140732506943,1805,0.398561485386315,"srmspe"
2019-08-31,254,10.8344387370421,1785,0.394199257060802,"srmspe"
2019-08-31,294,10.8313175897091,1967,0.434530752609673,"srmspe"
2019-08-31,31,10.8518391334236,630,0.139165682652154,"srmspe"
2019-08-31,49,10.8504346171237,150,0.0331591751579894,"srmspe"
2019-08-31,29,10.8519951907902,248,0.0548101603957471,"srmspe"
2019-08-31,48,10.8505126458071,198,0.0437778008251827,"srmspe"
2019-08-31,102,10.8462990969075,886,0.195701896692614,"srmspe"
2019-08-31,177,10.8404469456581,903,0.199464575601246,"srmspe"
2019-08-31,100,10.8464551542742,999,0.220653495509201,"srmspe"
2019-08-31,70,10.8487960147739,740,0.163443470736893,"srmspe"
2019-08-31,42,10.850980817907,558,0.123239828950274,"srmspe"
2019-08-31,109,10.8457528961242,500,0.110419889259333,"srmspe"
2019-08-31,115,10.8452847240243,618,0.136475537446295,"srmspe"
2019-08-31,209,10.8379500277917,2100,0.463924421222162,"srmspe"
2019-08-31,189,10.8395106014582,824,0.182049374809368,"srmspe"
2019-08-31,254,10.8344387370421,1724,0.38069935981348,"srmspe"
2019-08-31,19,10.8527754776235,807,0.178232533549347,"srmspe"
2019-08-31,206,10.8381841138417,1318,0.291187443162425,"srmspe"
2019-08-31,132,10.8439582364078,1798,0.397184622804745,"srmspe"
2019-08-31,51,10.8502785597571,1747,0.385964378471256,"srmspe"
2019-08-31,355,10.8265578400263,1932,0.426696809155047,"srmspe"
2019-08-31,265,10.8335804215255,890,0.196629663580172,"srmspe"
2019-08-31,184,10.8399007448749,906,0.200183551756751,"srmspe"
2019-08-31,175,10.8406030030248,1770,0.390956871837068,"srmspe"
2019-08-31,121,10.8448165519243,1342,0.296414044084849,"srmspe"
2019-08-31,167,10.8412272324914,1586,0.350344629186844,"srmspe"
2019-08-31,103,10.8462210682242,1083,0.239257980707141,"srmspe"
2019-08-31,48,10.8505126458071,728,0.160803942983684,"srmspe"
2019-08-31,85,10.847625584524,775,0.171164242130952,"srmspe"
2019-08-31,175,10.8406030030248,752,0.166097585776107,"srmspe"
2019-08-31,70,10.8487960147739,610,0.134708851984439,"srmspe"
2019-08-31,75,10.8484058713573,372,0.0821683079541503,"srmspe"
2019-08-31,42,10.850980817907,437,0.0965228646413522,"srmspe"
2019-08-31,275,10.8328001346923,990,0.218629259471973,"srmspe"
2019-08-31,68,10.8489520721406,469,0.10357490413632,"srmspe"
2019-08-31,70,10.8487960147739,920,0.203211105172145,"srmspe"
2019-08-31,132,10.8439582364078,937,0.206944706439886,"srmspe"
2019-08-31,41,10.8510588465903,202,0.0446568051423569,"srmspe"
2019-08-31,76,10.848327842674,510,0.112667504813504,"srmspe"
2019-08-31,137,10.8435680929911,483,0.106708339525032,"srmspe"
2019-08-31,29,10.8519951907902,478,0.105568910160266,"srmspe"
2019-08-31,23,10.8524633628902,359,0.0793180162436257,"srmspe"
2019-08-31,44,10.8508247605404,320,0.0706700332167167,"srmspe"
2019-08-31,104,10.8461430395409,731,0.161464279506198,"srmspe"
2019-08-31,45,10.850746731857,996,0.219975930293206,"srmspe"
2019-08-31,111,10.8455968387576,508,0.112206756088877,"srmspe"
2019-08-31,121,10.8448165519243,546,0.120607842570141,"srmspe"
2019-08-31,126,10.8444264085077,1540,0.340050066276408,"srmspe"
2019-08-31,79,10.848093756624,244,0.0539166253653863,"srmspe"
2019-08-31,56,10.8498884163405,448,0.0989492108820452,"srmspe"
2019-08-31,115,10.8452847240243,567,0.12524486720907,"srmspe"
2019-08-31,47,10.8505906744904,477,0.105330081447865,"srmspe"
2019-08-31,104,10.8461430395409,286,0.063176250976566,"srmspe"
2019-08-31,61,10.8494982729238,402,0.0887862565042411,"srmspe"
2019-08-31,34,10.8516050473736,256,0.0565482672430783,"srmspe"
2019-08-31,70,10.8487960147739,155,0.0342463827853584,"srmspe"
2019-08-31,54,10.8500444737071,388,0.0857045407444096,"srmspe"
2019-08-31,36,10.851448990007,480,0.106012653932591,"srmspe"
2019-08-31,185,10.8398227161915,297,0.0656297061221299,"srmspe"
2019-08-31,44,10.8508247605404,493,0.108879909261355,"srmspe"
2019-08-31,248,10.8349069091421,1144,0.252688288291715,"srmspe"
2019-08-31,218,10.8372477696418,1765,0.389806288128775,"srmspe"
2019-08-31,448,10.8193011724771,1732,0.382472904159125,"srmspe"
2019-08-31,323,10.8290547578927,1490,0.329040678764554,"srmspe"
2019-08-31,223,10.8368576262252,2403,0.530609380544546,"srmspe"
2019-08-31,481,10.8167262259273,1572,0.347144978641634,"srmspe"
2019-08-31,47,10.8505906744904,343,0.0758011854818005,"srmspe"
2019-08-31,50,10.8503565884404,396,0.0874568872132382,"srmspe"
2019-08-31,59,10.8496543302905,508,0.112203058212541,"srmspe"
2019-08-31,67,10.8490301008239,375,0.082832602681455,"srmspe"
2019-08-31,38,10.8512929326403,322,0.0711300998535025,"srmspe"
2019-08-31,36,10.851448990007,555,0.122562278453354,"srmspe"
2019-08-31,94,10.8469233263741,482,0.106460729700894,"srmspe"
2019-08-31,121,10.8448165519243,326,0.0720010075732137,"srmspe"
2019-08-31,30,10.8519171621069,337,0.0744305228086496,"srmspe"
2019-08-31,291,10.8315516757591,855,0.188861568929181,"srmspe"
2019-08-31,145,10.8429438635245,835,0.184462706123375,"srmspe"
2019-08-31,44,10.8508247605404,1318,0.291106420677939,"srmspe"
2019-08-31,11,10.8533997070901,245,0.0541567209996025,"srmspe"
2019-08-31,185,10.8398227161915,1871,0.413227661749016,"srmspe"
2019-08-31,142,10.8431779495745,894,0.19748471985328,"srmspe"
2019-08-31,151,10.8424756914246,1235,0.272752907246786,"srmspe"
2019-08-31,138,10.8434900643078,567,0.125272396492295,"srmspe"
2019-08-31,93,10.8470013550574,448,0.0989796183048933,"srmspe"
2019-08-31,69,10.8488740434572,502,0.110898578225148,"srmspe"
2019-08-31,62,10.8494202442405,2961,0.653999047893715,"srmspe"
2019-08-31,143,10.8430999208912,975,0.21538736213951,"srmspe"
2019-08-31,598,10.8075968699783,2460,0.543301381685539,"srmspe"
2019-08-31,89,10.8473134697907,1973,0.435809452238138,"srmspe"
2019-08-31,162,10.841617375908,1293,0.285585290139959,"srmspe"
2019-08-31,169,10.8410711751247,1201,0.265297640375535,"srmspe"
2019-08-31,420,10.8214859756102,4194,0.926421306349298,"srmspe"
2019-08-31,205,10.838262142525,1093,0.241491724106965,"srmspe"
2019-08-31,212,10.8377159417418,4149,0.916469359124227,"srmspe"
2019-08-31,67,10.8490301008239,419,0.0925595117554147,"srmspe"
2019-08-31,59,10.8496543302905,403,0.0890119297763864,"srmspe"
2019-08-31,70,10.8487960147739,939,0.207428453030987,"srmspe"
2019-08-31,371,10.8253093810931,2461,0.543495326636929,"srmspe"
2019-08-31,164,10.8414613185414,2032,0.448682108729824,"srmspe"
2019-08-31,170,10.8409931464414,909,0.200755965696335,"srmspe"
2019-08-31,63,10.8493422155572,858,0.189536597733459,"srmspe"
2019-08-31,64,10.8492641868739,633,0.139794330976049,"srmspe"
2019-08-31,31,10.8518391334236,309,0.0682542225544201,"srmspe"
2019-08-31,68,10.8489520721406,850,0.187708707645345,"srmspe"
2019-08-31,101,10.8463771255908,644,0.142245346395405,"srmspe"
2019-08-31,38,10.8512929326403,499,0.11027486779781,"srmspe"
2019-08-31,93,10.8470013550574,511,0.112925617532314,"srmspe"
2019-08-31,75,10.8484058713573,954,0.210705977336301,"srmspe"
2019-08-31,363,10.8259336105597,2771,0.612055534428502,"srmspe"
2019-08-31,63,10.8493422155572,958,0.211770687051468,"srmspe"
2019-08-31,361,10.8260896679263,2767,0.611140947128021,"srmspe"
2019-08-31,112,10.8455188100743,1225,0.270541917213575,"srmspe"
2019-08-31,272,10.8330342207423,1719,0.379572922669355,"srmspe"
2019-08-31,95,10.8468452976908,692,0.152820012978054,"srmspe"
2019-08-31,156,10.842085548008,737,0.162780835495659,"srmspe"
2019-08-31,116,10.845206695341,1167,0.257747773609783,"srmspe"
2019-08-31,272,10.8330342207423,4559,1.00702277271983,"srmspe"
2019-08-31,492,10.8158679104108,2604,0.575191434554638,"srmspe"
2019-08-31,199,10.838730314625,3034,0.670279118054597,"srmspe"
2019-08-31,389,10.8239048647932,2249,0.496749075267695,"srmspe"
2019-08-31,252,10.8345947944088,1525,0.336839637573148,"srmspe"
2019-08-31,240,10.8355311386087,3366,0.743580094763589,"srmspe"
2019-08-31,53,10.8501225023904,1034,0.22852298455973,"srmspe"
2019-08-31,102,10.8462990969075,638,0.141063188009167,"srmspe"
2019-08-31,0,10.8542580226067,721,0.15937848271921,"srmspe"
2019-08-31,303,10.8306153315592,832,0.183758388159663,"srmspe"
2019-08-31,279,10.832488019959,463,0.102361708121652,"srmspe"
2019-08-31,274,10.8328781633756,3640,0.804278889577585,"srmspe"
2019-08-31,248,10.8349069091421,773,0.170753039711594,"srmspe"
2019-08-31,100,10.8464551542742,4558,1.00668577555131,"srmspe"
2019-08-31,190,10.8394325727749,507,0.111959890353445,"srmspe"
2019-08-31,125,10.844504437191,808,0.178458859755033,"srmspe"
2019-08-31,2006,10.6977324838567,9459,2.0891082411715,"srmspe"
2019-08-31,223,10.8368576262252,1406,0.310621685741872,"srmspe"
2019-08-31,86,10.8475475558407,926,0.20449301377512,"srmspe"
2019-08-31,118,10.8450506379743,1224,0.270286854466866,"srmspe"
2019-08-31,71,10.8487179860906,588,0.129856565328103,"srmspe"
2019-08-31,154,10.8422416053746,2887,0.6375775348972,"srmspe"
2019-08-31,181,10.8401348309248,1040,0.229746643231471,"srmspe"
2019-08-31,408,10.8224223198101,292,0.0645126589140156,"srmspe"
2019-08-31,38,10.8512929326403,585,0.129214803950296,"srmspe"
2019-08-31,352,10.8267919260763,2214,0.489284040808721,"srmspe"
2019-08-31,272,10.8330342207423,1077,0.237989418986964,"srmspe"
2019-08-31,110,10.8456748674409,1230,0.271779926461431,"srmspe"
2019-08-31,515,10.8140732506943,4249,0.938594359546445,"srmspe"
2019-08-31,2177,10.6843895790081,3623,0.800198878030806,"srmspe"
2019-08-31,151,10.8424756914246,565,0.124814562320997,"srmspe"
2019-08-31,102,10.8462990969075,1852,0.408951095924545,"srmspe"
2019-08-31,95,10.8468452976908,973,0.214907721162414,"srmspe"
2019-08-31,123,10.8446604945577,477,0.105431462085985,"srmspe"
2019-08-31,152,10.8423976627413,1639,0.362055910455854,"srmspe"
2019-08-31,237,10.8357652246586,1898,0.419111810203283,"srmspe"
2019-08-31,256,10.8342826796755,1441,0.318186942655546,"srmspe"
2019-08-31,48,10.8505126458071,465,0.102696196050895,"srmspe"
2019-08-31,20,10.8526974489402,386,0.0852710894908208,"srmspe"
2019-08-31,136,10.8436461216745,867,0.19156525484151,"srmspe"
2019-08-31,192,10.8392765154083,1167,0.25789030822368,"srmspe"
2019-08-31,231,10.8362333967586,827,0.182689782298555,"srmspe"
2019-08-31,117,10.8451286666576,310,0.0684706324251628,"srmspe"
2019-08-31,37,10.8513709613236,559,0.123450489623269,"srmspe"
2019-08-31,596,10.807752927345,2558,0.564896914787601,"srmspe"
2019-08-31,94,10.8469233263741,969,0.213980415753935,"srmspe"
2019-08-31,13,10.8532436497234,238,0.0525878869954792,"srmspe"
2019-08-31,40,10.8511368752737,209,0.04617089636893,"srmspe"
2019-08-31,339,10.8278062989595,2164,0.477942237375498,"srmspe"
2019-08-31,222,10.8369356549085,1630,0.360003348510772,"srmspe"
2019-08-31,194,10.8391204580416,5135,1.13384331635238,"srmspe"
2019-08-31,46,10.8506687031737,686,0.151536995076238,"srmspe"
2019-08-31,122,10.844738523241,694,0.153291298798724,"srmspe"
2019-08-31,196,10.838964400675,809,0.178686353604538,"srmspe"
2019-08-31,90,10.8472354411074,688,0.152044346201326,"srmspe"
2019-08-31,62,10.8494202442405,1113,0.245852990440695,"srmspe"
2019-08-31,44,10.8508247605404,2969,0.655962957806064,"srmspe"
2019-08-31,113,10.8454407813909,1399,0.309001488921222,"srmspe"
2019-08-31,58,10.8497323589738,214,0.0473627796171553,"srmspe"
2019-08-31,536,10.8124346483445,1930,0.426155036350723,"srmspe"
2019-08-31,44,10.8508247605404,608,0.13432697552876,"srmspe"
2019-08-31,46,10.8506687031737,416,0.0918641389951744,"srmspe"
2019-08-31,159,10.841851461958,1142,0.25224497545339,"srmspe"
2019-08-31,348,10.8271040408096,1845,0.40748958383256,"srmspe"
2019-08-31,91,10.8471574124241,791,0.17471869914815,"srmspe"
2019-08-31,186,10.8397446875082,862,0.190390051903825,"srmspe"
2019-08-31,89,10.8473134697907,4699,1.03763133799694,"srmspe"
2019-08-31,51,10.8502785597571,439,0.0970085807578159,"srmspe"
2019-08-31,52,10.8502005310738,842,0.186037682515378,"srmspe"
2019-08-31,309,10.8301471594592,2308,0.509771341149905,"srmspe"
2019-08-31,109,10.8457528961242,1512,0.334098736778809,"srmspe"
2019-08-31,100,10.8464551542742,604,0.133444630323358,"srmspe"
2019-08-31,88,10.8473914984741,620,0.136986561255978,"srmspe"
2019-08-31,95,10.8468452976908,562,0.124176235316809,"srmspe"
2019-08-31,197,10.8388863719916,1150,0.254063197605697,"srmspe"
2019-08-31,119,10.844972609291,327,0.0722151334557406,"srmspe"
2019-08-31,39,10.851214903957,479,0.105794625451192,"srmspe"
2019-08-31,47,10.8505906744904,459,0.101373805607715,"srmspe"
2019-08-31,897,10.7842662936641,2126,0.469605487333381,"srmspe"
2019-08-31,155,10.8421635766913,1900,0.419714557977477,"srmspe"
2019-08-31,44,10.8508247605404,763,0.168558780268546,"srmspe"
2019-08-31,164,10.8414613185414,985,0.217615864838847,"srmspe"
2019-08-31,105,10.8460650108575,567,0.125291044208992,"srmspe"
2019-08-31,53,10.8501225023904,376,0.0831028793623017,"srmspe"
2019-08-31,57,10.8498103876571,456,0.100721242107001,"srmspe"
2019-08-31,100,10.8464551542742,446,0.0985030298630126,"srmspe"
2019-08-31,73,10.8485619287239,1224,0.270412545817574,"srmspe"
2019-08-31,104,10.8461430395409,797,0.17605378991364,"srmspe"
2019-08-31,420,10.8214859756102,1881,0.415459362962763,"srmspe"
2019-08-31,454,10.8188330003771,2833,0.625514253022198,"srmspe"
2019-08-31,268,10.8333463354756,2915,0.643621060438898,"srmspe"
2019-08-31,90,10.8472354411074,752,0.166125646139129,"srmspe"
2019-08-31,145,10.8429438635245,847,0.187065559147701,"srmspe"
2019-08-31,154,10.8422416053746,893,0.197245215165559,"srmspe"
2019-08-31,231,10.8362333967586,1070,0.236319084698286,"srmspe"
2019-08-31,139,10.8434120356245,954,0.210782003631232,"srmspe"
2019-08-31,176,10.8405249743415,2014,0.445013277601019,"srmspe"
2019-08-31,313,10.8298350447259,1096,0.242060818671539,"srmspe"
2019-08-31,128,10.8442703511411,573,0.126578711050765,"srmspe"
2019-08-31,178,10.8403689169748,1551,0.342507553912855,"srmspe"
2019-08-31,155,10.8421635766913,826,0.182393437876405,"srmspe"
2019-08-31,170,10.8409931464414,1141,0.251986028113626,"srmspe"
2019-08-31,215,10.8374818556918,405,0.0894586737165349,"srmspe"
2019-08-31,46,10.8506687031737,916,0.202261809289711,"srmspe"
2019-08-31,70,10.8487960147739,831,0.183491594188572,"srmspe"
2019-08-31,187,10.8396666588249,781,0.172487429722863,"srmspe"
2019-08-31,100,10.8464551542742,637,0.140741351955527,"srmspe"
2019-08-31,234,10.8359993107086,1262,0.278623360256178,"srmspe"
2019-08-31,359,10.826245725293,1206,0.266252195459761,"srmspe"
2019-08-31,175,10.8406030030248,1318,0.290993796658685,"srmspe"
2019-08-31,171,10.8409151177581,847,0.187215742644552,"srmspe"
2019-08-31,386,10.8241389508432,1008,0.222560480371641,"srmspe"
2019-08-31,0,10.8542580226067,1770,0.391016147287238,"srmspe"
2019-08-31,210,10.8378719991084,827,0.182718771787972,"srmspe"
2019-08-31,117,10.8451286666576,940,0.207668023388173,"srmspe"
2019-08-31,159,10.841851461958,1426,0.314966710306753,"srmspe"
2019-08-31,409,10.8223442911267,1127,0.248915312845753,"srmspe"
2019-08-31,119,10.844972609291,958,0.211582209273627,"srmspe"
2019-08-31,48,10.8505126458071,564,0.124570626691414,"srmspe"
2019-08-31,101,10.8463771255908,1004,0.221747973071356,"srmspe"
2019-08-31,188,10.8395886301416,963,0.212730668024362,"srmspe"
2019-08-31,113,10.8454407813909,1886,0.416570950050368,"srmspe"
2019-08-31,147,10.8427878061579,1678,0.37053405152459,"srmspe"
2019-08-31,322,10.829132786576,1727,0.381509834444844,"srmspe"
2019-08-31,250,10.8347508517754,1286,0.284108701324245,"srmspe"
2019-08-31,212,10.8377159417418,3911,0.863786958328024,"srmspe"
2019-08-31,122,10.844738523241,1212,0.267824771140345,"srmspe"
2019-08-31,135,10.8437241503578,1573,0.347353389709075,"srmspe"
2019-08-31,129,10.8441923224577,958,0.211613621179211,"srmspe"
2019-08-31,137,10.8435680929911,306,0.0676237107646011,"srmspe"
2019-08-31,123,10.8446604945577,433,0.0956436815030375,"srmspe"
2019-08-31,75,10.8484058713573,829,0.183129759466996,"srmspe"
2019-08-31,235,10.8359212820253,2149,0.474700692321175,"srmspe"
2019-08-31,101,10.8463771255908,1490,0.329240216422058,"srmspe"
2019-08-31,230,10.8363114254419,885,0.19546355136613,"srmspe"
2019-08-31,267,10.8334243641589,4025,0.889129524707338,"srmspe"
2019-08-31,121,10.8448165519243,2005,0.442957093189892,"srmspe"
2019-08-31,210,10.8378719991084,726,0.160491746030916,"srmspe"
2019-08-31,134,10.8438021790411,1837,0.405885696257324,"srmspe"
2019-08-31,144,10.8430218922079,1159,0.256020170242582,"srmspe"
2019-08-31,43,10.8509027892237,296,0.0654018296569932,"srmspe"
2019-08-31,219,10.8371697409585,2191,0.48401951259355,"srmspe"
2019-08-31,342,10.8275722129095,1116,0.246494255483401,"srmspe"
2019-08-31,552,10.8111861894113,2498,0.551847414736858,"srmspe"
2019-08-31,229,10.8363894541252,1082,0.239187392737443,"srmspe"
2019-08-31,238,10.8356871959753,1247,0.275417185139345,"srmspe"
2019-08-31,488,10.8161800251441,1325,0.292775450880132,"srmspe"
2019-08-31,130,10.8441142937744,1149,0.25379385759334,"srmspe"
2019-08-31,225,10.8367015688585,3083,0.680894187134139,"srmspe"
2019-08-31,215,10.8374818556918,576,0.127253774878893,"srmspe"
2019-08-31,146,10.8428658348412,600,0.132509332542503,"srmspe"
2019-08-31,344,10.8274161555429,2782,0.61439481956666,"srmspe"
2019-08-31,213,10.8376379130584,1200,0.265009759031891,"srmspe"
2019-08-31,231,10.8362333967586,546,0.120749628807155,"srmspe"
2019-08-31,10,10.8534777357734,1093,0.241529287522616,"srmspe"
2019-08-31,112,10.8455188100743,983,0.21705232685118,"srmspe"
2019-08-31,117,10.8451286666576,504,0.111385729261493,"srmspe"
2019-08-31,102,10.8462990969075,511,0.112875429021991,"srmspe"
2019-08-31,209,10.8379500277917,494,0.109106312514321,"srmspe"
2019-08-31,65,10.8491861581905,702,0.155019067906979,"srmspe"
2019-08-31,77,10.8482498139906,571,0.126112575582569,"srmspe"
2019-08-31,108,10.8458309248076,1651,0.364622505742691,"srmspe"
2019-08-31,157,10.8420075193246,2053,0.453358913181735,"srmspe"
2019-08-31,119,10.844972609291,1833,0.404842972012414,"srmspe"
2019-08-31,300,10.8308494176092,1706,0.376770413016115,"srmspe"
2019-08-31,27,10.8521512481569,445,0.0982932918015487,"srmspe"
2019-08-31,73,10.8485619287239,585,0.129198570255592,"srmspe"
2019-08-31,81,10.8479376992573,758,0.16739990417585,"srmspe"
2019-08-31,148,10.8427097774746,820,0.181072382117753,"srmspe"
2019-08-31,48,10.8505126458071,317,0.0700240163314558,"srmspe"
2019-08-31,42,10.850980817907,326,0.0720360199422666,"srmspe"
2019-08-31,733,10.7970629977294,5668,1.25167535713801,"srmspe"
2019-08-31,229,10.8363894541252,1577,0.348249186417237,"srmspe"
2019-08-31,75,10.8484058713573,382,0.0843858396415226,"srmspe"
2019-08-31,80,10.8480157279407,761,0.168074286375767,"srmspe"
2019-08-31,107,10.8459089534909,1047,0.231190185572866,"srmspe"
2019-08-31,76,10.848327842674,839,0.185351085299261,"srmspe"
2019-08-31,76,10.848327842674,639,0.141127021069559,"srmspe"
2019-08-31,101,10.8463771255908,713,0.157517451438698,"srmspe"
2019-08-31,98,10.8466112116408,747,0.164979754856333,"srmspe"
2019-08-31,51,10.8502785597571,1709,0.377582733516388,"srmspe"
2019-08-31,237,10.8357652246586,3265,0.721055877398322,"srmspe"
2019-08-31,210,10.8378719991084,1865,0.411920397917434,"srmspe"
2019-08-31,494,10.8157118530441,1481,0.327084582872144,"srmspe"
2019-08-31,22,10.8525413915735,573,0.126652639034728,"srmspe"
2019-08-31,451,10.8190670864271,2033,0.448942052056819,"srmspe"
2019-08-31,129,10.8441923224577,528,0.116598881899858,"srmspe"
2019-08-31,91,10.8471574124241,741,0.16365691667268,"srmspe"
2019-08-31,211,10.8377939704251,522,0.115291680811813,"srmspe"
2019-08-31,48,10.8505126458071,844,0.186369431185963,"srmspe"
2019-08-31,90,10.8472354411074,621,0.137143337043554,"srmspe"
2019-08-31,83,10.8477816418907,483,0.106700978344942,"srmspe"
2019-08-31,46,10.8506687031737,618,0.136513015162366,"srmspe"
2019-08-31,92,10.8470793837408,301,0.0665205488846229,"srmspe"
2019-08-31,174,10.8406810317081,585,0.129212157451888,"srmspe"
2019-08-31,215,10.8374818556918,3826,0.844926225931533,"srmspe"
2019-08-31,198,10.8388083433083,1751,0.387018255292176,"srmspe"
2019-08-31,222,10.8369356549085,1995,0.440651499675548,"srmspe"
2019-08-31,2123,10.6886031279077,5472,1.20859671949769,"srmspe"
2019-08-31,622,10.8057241815785,2758,0.609341786895774,"srmspe"
2019-08-31,301,10.8307713889258,907,0.200333668714465,"srmspe"
2019-08-31,103,10.8462210682242,466,0.102981744047284,"srmspe"
2019-08-31,91,10.8471574124241,648,0.143129770277993,"srmspe"
2019-08-31,140,10.8433340069412,937,0.207161135637137,"srmspe"
2019-08-31,94,10.8469233263741,807,0.178279051980597,"srmspe"
2019-08-31,58,10.8497323589738,680,0.150259531024833,"srmspe"
2019-08-31,60,10.8495763016072,1651,0.364722209418218,"srmspe"
2019-08-31,188,10.8395886301416,2208,0.487657642476682,"srmspe"
2019-08-31,88,10.8473914984741,767,0.169399009650509,"srmspe"
2019-08-31,145,10.8429438635245,541,0.119560124753296,"srmspe"
2019-08-31,1295,10.7532108777008,11867,2.62029364923157,"srmspe"
2019-08-31,244,10.8352190238754,2568,0.567448818639384,"srmspe"
2019-08-31,61,10.8494982729238,901,0.199009362780594,"srmspe"
2019-08-31,374,10.8250752950431,2221,0.490398744242413,"srmspe"
2019-08-31,66,10.8491081295072,1252,0.276502331445803,"srmspe"
2019-08-31,401,10.8229685205933,1794,0.39616447756691,"srmspe"
2019-08-31,273,10.8329561920589,1815,0.400916649261812,"srmspe"
2019-08-31,99,10.8465331829575,1467,0.324030574590965,"srmspe"
2019-08-31,401,10.8229685205933,2140,0.472543269001785,"srmspe"
2019-08-31,1185,10.7617940328665,4907,1.08383606919411,"srmspe"
2019-08-31,1230,10.7582827421169,5492,1.21275508232317,"srmspe"
2019-08-31,283,10.8321759052257,66,0.0146167071097414,"srmspe"
2019-08-31,40,10.8511368752737,785,0.173416203588882,"srmspe"
2019-08-31,54,10.8500444737071,400,0.0883934205764073,"srmspe"
2019-08-31,61,10.8494982729238,700,0.154601992866062,"srmspe"
2019-08-31,115,10.8452847240243,646,0.142712825881808,"srmspe"
2019-08-31,334,10.8281964423761,3773,0.83319216152997,"srmspe"
2019-08-31,398,10.8232026066433,1823,0.402697154446708,"srmspe"
2019-08-31,99,10.8465331829575,1864,0.411746771635331,"srmspe"
2019-08-31,121,10.8448165519243,644,0.142253427388681,"srmspe"
2019-08-31,227,10.8365455114919,860,0.189953550923981,"srmspe"
2019-08-31,124,10.8445824658744,1069,0.236169945089713,"srmspe"
2019-08-31,209,10.8379500277917,2620,0.578637195105927,"srmspe"
2019-08-31,149,10.8426317487912,2834,0.625870061141185,"srmspe"
2019-08-31,614,10.8063484110451,4204,0.928460799567745,"srmspe"
2019-08-31,58,10.8497323589738,869,0.19200345327388,"srmspe"
2019-08-31,247,10.8349849378254,3897,0.860913505859606,"srmspe"
2019-08-31,96,10.8467672690075,1306,0.288459015384988,"srmspe"
2019-08-31,42,10.850980817907,742,0.163896414755626,"srmspe"
2019-08-31,92,10.8470793837408,885,0.195639277117459,"srmspe"
2019-08-31,89,10.8473134697907,1511,0.333883563559231,"srmspe"
2019-08-31,140,10.8433340069412,988,0.218193036046093,"srmspe"
2019-08-31,135,10.8437241503578,909,0.200751152501098,"srmspe"
2019-08-31,217,10.8373257983251,3573,0.789112932579707,"srmspe"
2019-08-31,144,10.8430218922079,348,0.0768714141236981,"srmspe"
2019-08-31,132,10.8439582364078,768,0.169636506524848,"srmspe"
2019-08-31,65,10.8491861581905,630,0.139166633032809,"srmspe"
2019-08-31,56,10.8498884163405,862,0.190363093147599,"srmspe"
2019-08-31,221,10.8370136835918,1267,0.279805797147609,"srmspe"
2019-08-31,56,10.8498884163405,549,0.121307085365085,"srmspe"
2019-08-31,124,10.8445824658744,794,0.175378267746923,"srmspe"
2019-08-31,85,10.847625584524,778,0.171816302201665,"srmspe"
2019-08-31,1241,10.7574244266003,5027,1.11031714836165,"srmspe"
2019-08-31,440,10.8199254019437,1149,0.253822982285589,"srmspe"
2019-08-31,270,10.8331902781089,2465,0.544491726726998,"srmspe"
2019-08-31,207,10.8381060851584,1661,0.366825501590439,"srmspe"
2019-08-31,95,10.8468452976908,2009,0.443859217444498,"srmspe"
2019-08-31,41,10.8510588465903,516,0.11399800591913,"srmspe"
2019-08-31,168,10.8411492038081,1709,0.377328076312038,"srmspe"
2019-08-31,157,10.8420075193246,879,0.194254545100786,"srmspe"
2019-08-31,301,10.8307713889258,880,0.194376604009001,"srmspe"
2019-08-31,108,10.8458309248076,1436,0.317116414090508,"srmspe"
2019-08-31,136,10.8436461216745,1951,0.430918312108776,"srmspe"
2019-08-31,114,10.8453627527076,943,0.208364953557177,"srmspe"
2019-08-31,39,10.851214903957,447,0.0987192556564755,"srmspe"
2019-08-31,421,10.8214079469268,2598,0.57386360027339,"srmspe"
2019-08-31,328,10.8286646144761,1196,0.264168074449575,"srmspe"
2019-08-31,305,10.8304592741925,994,0.219593309393289,"srmspe"
2019-08-31,119,10.844972609291,305,0.0674190269364304,"srmspe"
2019-08-31,98,10.8466112116408,1276,0.281799053846822,"srmspe"
2019-08-31,88,10.8473914984741,744,0.16433656796936,"srmspe"
2019-08-31,68,10.8489520721406,367,0.0810713940664553,"srmspe"
2019-08-31,112,10.8455188100743,567,0.125245538151102,"srmspe"
2019-08-31,119,10.844972609291,865,0.191063960589021,"srmspe"
2019-08-31,118,10.8450506379743,556,0.122842310612568,"srmspe"
2019-08-31,61,10.8494982729238,789,0.174281740739754,"srmspe"
2019-08-31,98,10.8466112116408,542,0.119751078953874,"srmspe"
2019-08-31,67,10.8490301008239,1034,0.228376109005482,"srmspe"
2019-08-31,115,10.8452847240243,489,0.108019483536694,"srmspe"
2019-08-31,139,10.8434120356245,2478,0.547365124917682,"srmspe"
2019-08-31,105,10.8460650108575,664,0.146667592041912,"srmspe"
2019-08-31,132,10.8439582364078,1190,0.262799667510978,"srmspe"
2019-08-31,218,10.8372477696418,950,0.209873144728212,"srmspe"
2019-08-31,130,10.8441142937744,1243,0.274568872460492,"srmspe"
2019-08-31,115,10.8452847240243,480,0.105991206629914,"srmspe"
2019-08-31,202,10.838496228575,2093,0.46225659404898,"srmspe"
2019-08-31,70,10.8487960147739,379,0.0837169661230922,"srmspe"
2019-08-31,274,10.8328781633756,1131,0.249910454670253,"srmspe"
2019-08-31,445,10.819535258527,2454,0.542075362689266,"srmspe"
2019-08-31,235,10.8359212820253,960,0.212301468626011,"srmspe"
2019-08-31,148,10.8427097774746,689,0.152334501301556,"srmspe"
2019-08-31,1240,10.7575024552837,2052,0.453193827834532,"srmspe"
2019-08-31,19,10.8527754776235,1519,0.335479085742026,"srmspe"
2019-08-31,64,10.8492641868739,690,0.152398596390561,"srmspe"
2019-08-31,193,10.8391984867249,683,0.150839663240204,"srmspe"
2019-08-31,25,10.8523073055235,404,0.0893057801861837,"srmspe"
2019-08-31,340,10.8277282702762,878,0.194025705664332,"srmspe"
2019-08-31,158,10.8419294906413,1590,0.35123172315018,"srmspe"
2019-08-31,244,10.8352190238754,1432,0.316262917317934,"srmspe"
2019-08-31,92,10.8470793837408,1048,0.231519379175345,"srmspe"
2019-08-31,134,10.8438021790411,968,0.213916862313037,"srmspe"
2019-08-31,137,10.8435680929911,1082,0.238990782617424,"srmspe"
2019-08-31,409,10.8223442911267,2518,0.555992418418844,"srmspe"
2019-08-31,212,10.8377159417418,1319,0.291256436211539,"srmspe"
2019-08-31,469,10.8176625701272,3347,0.739083543641622,"srmspe"
2019-08-31,203,10.8384181998917,1304,0.28795534307218,"srmspe"
2019-08-31,225,10.8367015688585,1490,0.329062191263864,"srmspe"
2019-08-31,69,10.8488740434572,554,0.122355174629743,"srmspe"
2019-08-31,149,10.8426317487912,963,0.212988080929727,"srmspe"
2019-08-31,124,10.8445824658744,873,0.192817516861,"srmspe"
2019-08-31,72,10.8486399574073,549,0.121247773439665,"srmspe"
2019-08-31,44,10.8508247605404,207,0.0457581923781828,"srmspe"
2019-08-31,608,10.8068165831451,1704,0.37651679737227,"srmspe"
2019-08-31,231,10.8362333967586,1855,0.409625278269541,"srmspe"
2019-08-31,198,10.8388083433083,1043,0.230320100421365,"srmspe"
2019-08-31,282,10.832253933909,728,0.160775362024043,"srmspe"
2019-08-31,91,10.8471574124241,1360,0.300341239268539,"srmspe"
2019-08-31,109,10.8457528961242,877,0.193687989254612,"srmspe"
2019-08-31,202,10.838496228575,630,0.139306460569105,"srmspe"
2019-08-31,187,10.8396666588249,1140,0.251807308441728,"srmspe"
2019-08-31,199,10.838730314625,1112,0.245562870716547,"srmspe"
2019-08-31,86,10.8475475558407,2489,0.549821545869837,"srmspe"
2019-08-31,1405,10.744627722535,3485,0.769492142259115,"srmspe"
2019-08-31,1047,10.7725619911654,5099,1.12600827662712,"srmspe"
2019-08-31,267,10.8334243641589,5355,1.18255596495122,"srmspe"
2019-08-31,995,10.7766194826983,10799,2.38459251394668,"srmspe"
2019-08-31,74,10.8484839000406,1072,0.236809921834117,"srmspe"
2019-08-31,298,10.8310054749758,959,0.211832942123927,"srmspe"
2019-08-31,950,10.7801307734479,5063,1.11820042750733,"srmspe"
2019-08-31,40,10.8511368752737,1067,0.235678926728071,"srmspe"
2019-08-31,383,10.8243730368932,1906,0.421281237745007,"srmspe"
2019-08-31,148,10.8427097774746,1996,0.440849870253836,"srmspe"
2019-08-31,116,10.845206695341,1316,0.290641861951105,"srmspe"
2019-08-31,180,10.8402128596082,687,0.151758470561278,"srmspe"
2019-08-31,170,10.8409931464414,1636,0.361249058423388,"srmspe"
2019-08-31,0,10.8542580226067,4716,1.04198253077734,"srmspe"
2019-08-31,476,10.817116369344,3062,0.676534636562706,"srmspe"
2019-08-31,31,10.8518391334236,794,0.175428896984181,"srmspe"
2019-08-31,276,10.832722106009,3737,0.825145176715581,"srmspe"
2019-08-31,2327,10.6726852765094,3657,0.807531206594821,"srmspe"
2019-08-31,219,10.8371697409585,1139,0.251569996461175,"srmspe"
2019-08-31,200,10.8386522859417,1011,0.223346934820509,"srmspe"
2019-08-31,186,10.8397446875082,1408,0.311074655943846,"srmspe"
2019-08-31,493,10.8157898817274,4231,0.934274925910113,"srmspe"
2019-08-31,700,10.7996379442792,5372,1.18614015767661,"srmspe"
2019-08-31,85,10.847625584524,3403,0.751628332637109,"srmspe"
2019-08-31,999,10.776307367965,2032,0.448807223155069,"srmspe"
2019-08-31,307,10.8303032168259,3516,0.776313549369759,"srmspe"
2019-08-31,436,10.820237516677,3057,0.67510090511092,"srmspe"
2019-08-31,197,10.8388863719916,1902,0.420041106857244,"srmspe"
2019-08-31,188,10.8395886301416,809,0.178689555589751,"srmspe"
2019-08-31,21,10.8526194202568,1211,0.267628717632931,"srmspe"
2019-08-31,115,10.8452847240243,4630,1.02250451378666,"srmspe"
2019-08-31,257,10.8342046509921,2769,0.611570159619303,"srmspe"
2019-08-31,50,10.8503565884404,361,0.0797422692924162,"srmspe"
2019-08-31,133,10.8438802077244,248,0.0548294598293457,"srmspe"
2019-08-31,98,10.8466112116408,1138,0.251379842932672,"srmspe"
2019-08-31,679,10.801276546629,2927,0.646334044882519,"srmspe"
2019-08-31,515,10.8140732506943,2600,0.574144953034607,"srmspe"
2019-08-31,252,10.8345947944088,879,0.19422997321922,"srmspe"
2019-08-31,387,10.8240609221599,2253,0.497945774821012,"srmspe"
2019-08-31,53,10.8501225023904,153,0.0338394443457599,"srmspe"
2019-08-31,30,10.8519171621069,1342,0.296364023923689,"srmspe"
2019-08-31,60,10.8495763016072,173,0.0382049632952226,"srmspe"
2019-08-31,109,10.8457528961242,3236,0.714624397694454,"srmspe"
2019-08-31,288,10.8317857618091,1512,0.333903279889615,"srmspe"
2019-08-31,654,10.8032272637121,2848,0.62890561515634,"srmspe"
2019-08-31,275,10.8328001346923,1026,0.226629051297689,"srmspe"
2019-08-31,164,10.8414613185414,2720,0.600805056217607,"srmspe"
2019-08-31,578,10.8091574436448,3282,0.724886321058892,"srmspe"
2019-08-31,1297,10.7530548203341,3924,0.866463790533796,"srmspe"
2019-08-31,110,10.8456748674409,1504,0.332366562525029,"srmspe"
2019-08-31,171,10.8409151177581,1265,0.279341446282227,"srmspe"
2019-08-31,492,10.8158679104108,986,0.217819278418498,"srmspe"
2019-08-31,174,10.8406810317081,2523,0.557042837110201,"srmspe"
2019-08-31,314,10.8297570160426,1828,0.403627573590692,"srmspe"
2019-08-31,268,10.8333463354756,1360,0.300333668435085,"srmspe"
2019-08-31,227,10.8365455114919,2762,0.609931189495484,"srmspe"
2019-08-31,77,10.8482498139906,1059,0.234036891878679,"srmspe"
2019-08-31,131,10.8440362650911,2582,0.570202624356005,"srmspe"
2019-08-31,198,10.8388083433083,257,0.0568579496240359,"srmspe"
2019-08-31,53,10.8501225023904,183,0.0404075305005639,"srmspe"
2019-08-31,117,10.8451286666576,1514,0.334518283051171,"srmspe"
2019-08-31,364,10.8258555818764,656,0.144998566781833,"srmspe"
2019-08-31,123,10.8446604945577,1007,0.222612454708167,"srmspe"
2019-08-31,130,10.8441142937744,1065,0.235320217128791,"srmspe"
2019-08-31,71,10.8487179860906,628,0.13875129124714,"srmspe"
2019-08-31,158,10.8419294906413,831,0.183593395515385,"srmspe"
2019-08-31,207,10.8381060851584,1554,0.343171475447742,"srmspe"
2019-08-31,275,10.8328001346923,931,0.205647506568154,"srmspe"
2019-08-31,193,10.8391984867249,1228,0.271318590515283,"srmspe"
2019-08-31,110,10.8456748674409,851,0.187970758153809,"srmspe"
2019-08-31,251,10.8346728230921,1278,0.282205437223485,"srmspe"
2019-08-31,243,10.8352970525587,1497,0.330647749418198,"srmspe"
2019-08-31,151,10.8424756914246,1606,0.354679490010165,"srmspe"
2019-08-31,93,10.8470013550574,530,0.117236440088791,"srmspe"
2019-08-31,168,10.8411492038081,2171,0.479543694811788,"srmspe"
2019-08-31,80,10.8480157279407,1870,0.413124534864698,"srmspe"
2019-08-31,110,10.8456748674409,1397,0.308474195970752,"srmspe"
2019-08-31,115,10.8452847240243,543,0.119922546151312,"srmspe"
2019-08-31,57,10.8498103876571,1405,0.310285570603456,"srmspe"
2019-08-31,53,10.8501225023904,480,0.105989644150927,"srmspe"
2019-08-31,136,10.8436461216745,494,0.109114599577532,"srmspe"
2019-08-31,206,10.8381841138417,749,0.165489571070563,"srmspe"
2019-08-31,381,10.8245290942598,1542,0.34069125757778,"srmspe"
2019-08-31,184,10.8399007448749,736,0.162603737908752,"srmspe"
2019-08-31,155,10.8421635766913,1203,0.265729843312441,"srmspe"
2019-08-31,156,10.842085548008,1235,0.272819043673782,"srmspe"
2019-08-31,353,10.8267138973929,1280,0.282759238883537,"srmspe"
2019-08-31,578,10.8091574436448,3003,0.663085779884036,"srmspe"
2019-08-31,247,10.8349849378254,1692,0.373814997767586,"srmspe"
2019-08-31,400,10.8230465492767,2191,0.483910809652345,"srmspe"
2019-08-31,84,10.8477036132074,472,0.10426903327881,"srmspe"
2019-08-31,54,10.8500444737071,512,0.113091211114721,"srmspe"
2019-08-31,72,10.8486399574073,593,0.130969282042538,"srmspe"
2019-08-31,93,10.8470013550574,292,0.0645063128789157,"srmspe"
2019-08-31,147,10.8427878061579,909,0.20081868063589,"srmspe"
2019-08-31,78,10.8481717853073,863,0.190655098280792,"srmspe"
2019-08-31,111,10.8455968387576,876,0.193448821127658,"srmspe"
2019-08-31,164,10.8414613185414,1093,0.241442718237898,"srmspe"
2019-08-31,504,10.8149315662109,2053,0.45348570305819,"srmspe"
2019-08-31,151,10.8424756914246,1070,0.236319513681366,"srmspe"
2019-08-31,179,10.8402908882915,1256,0.277573408574383,"srmspe"
2019-08-31,42,10.850980817907,431,0.0951910626871483,"srmspe"
2019-08-31,117,10.8451286666576,584,0.129208856671285,"srmspe"
2019-08-31,347,10.8271820694929,4050,0.8946206355484,"srmspe"
2019-08-31,341,10.8276502415928,1836,0.405568070246967,"srmspe"
2019-08-31,446,10.8194572298437,3721,0.821953580450079,"srmspe"
2019-08-31,217,10.8373257983251,1419,0.313437260498129,"srmspe"
2019-08-31,140,10.8433340069412,2023,0.446760644664829,"srmspe"
2019-08-31,242,10.835375081242,760,0.167865451697506,"srmspe"
2019-08-31,109,10.8457528961242,1138,0.251360082119356,"srmspe"
2019-08-31,288,10.8317857618091,1149,0.253754712533557,"srmspe"
2019-08-31,107,10.8459089534909,796,0.175792241072581,"srmspe"
2019-08-31,45,10.850746731857,401,0.0885982228180199,"srmspe"
2019-08-31,67,10.8490301008239,416,0.0919212068162853,"srmspe"
2019-08-31,102,10.8462990969075,1044,0.230546704999648,"srmspe"
2019-08-31,89,10.8473134697907,380,0.0839668644833545,"srmspe"
2019-08-31,38,10.8512929326403,457,0.100965253200274,"srmspe"
2019-08-31,189,10.8395106014582,1674,0.369839986809057,"srmspe"
2019-08-31,264,10.8336584502089,837,0.184882954976646,"srmspe"
2019-08-31,52,10.8502005310738,1011,0.223291953555863,"srmspe"
2019-08-31,73,10.8485619287239,331,0.0731054921710192,"srmspe"
2019-08-31,113,10.8454407813909,795,0.175614966534114,"srmspe"
2019-08-31,100,10.8464551542742,1060,0.234055322066841,"srmspe"
2019-08-31,81,10.8479376992573,337,0.0744569470487623,"srmspe"
2019-08-31,56,10.8498884163405,469,0.103578025534255,"srmspe"
2019-08-31,32,10.8517611047403,273,0.0603046578126928,"srmspe"
2019-08-31,42,10.850980817907,327,0.0722284442944739,"srmspe"
2019-08-31,75,10.8484058713573,410,0.0905537088253088,"srmspe"
2019-08-31,198,10.8388083433083,890,0.196606970921636,"srmspe"
2019-08-31,287,10.8318637904924,1436,0.317173544583963,"srmspe"
2019-08-31,86,10.8475475558407,562,0.124130544416647,"srmspe"
2019-08-31,284,10.8320978765424,1384,0.305693685736305,"srmspe"
2019-08-31,171,10.8409151177581,740,0.163436600861749,"srmspe"
2019-08-31,362,10.826011639243,1091,0.240955509445687,"srmspe"
2019-08-31,241,10.8354531099253,1029,0.227227860036097,"srmspe"
2019-08-31,117,10.8451286666576,644,0.142256542970024,"srmspe"
2019-08-31,121,10.8448165519243,514,0.113535930032074,"srmspe"
2019-08-31,67,10.8490301008239,478,0.105560774687479,"srmspe"
2019-08-31,91,10.8471574124241,551,0.121688300322351,"srmspe"
2019-08-31,128,10.8442703511411,547,0.120821779144261,"srmspe"
2019-08-31,39,10.851214903957,697,0.153965718417754,"srmspe"
2019-08-31,74,10.8484839000406,347,0.0766443578514584,"srmspe"
2019-08-31,91,10.8471574124241,532,0.117500400622998,"srmspe"
2019-08-31,16,10.8530095636735,357,0.0788735431505605,"srmspe"
2019-08-31,62,10.8494202442405,623,0.137572745945053,"srmspe"
2019-08-31,45,10.850746731857,392,0.0865809523724041,"srmspe"
2019-08-31,47,10.8505906744904,410,0.0905555618141767,"srmspe"
2019-08-31,43,10.8509027892237,242,0.0534529430677669,"srmspe"
2019-08-31,77,10.8482498139906,620,0.136913671673675,"srmspe"
2019-08-31,75,10.8484058713573,559,0.123453620949735,"srmspe"
2019-08-31,106,10.8459869821742,537,0.118639620773381,"srmspe"
2019-08-31,107,10.8459089534909,860,0.189973794292813,"srmspe"
2019-08-31,253,10.8345167657254,1188,0.262510895772829,"srmspe"
2019-08-31,128,10.8442703511411,1989,0.439240895277693,"srmspe"
2019-08-31,107,10.8459089534909,1170,0.25838522060763,"srmspe"
2019-08-31,143,10.8430999208912,1875,0.41410402850842,"srmspe"
2019-08-31,219,10.8371697409585,997,0.220310761155727,"srmspe"
2019-08-31,110,10.8456748674409,1500,0.331257462009648,"srmspe"
2019-08-31,84,10.8477036132074,362,0.0799361484040084,"srmspe"
2019-08-31,440,10.8199254019437,3254,0.718494619030414,"srmspe"
2019-08-31,109,10.8457528961242,761,0.168067078140863,"srmspe"
2019-08-31,111,10.8455968387576,296,0.0654736167130765,"srmspe"
2019-08-31,137,10.8435680929911,830,0.183316963325882,"srmspe"
2019-08-31,257,10.8342046509921,2175,0.48048156359857,"srmspe"
2019-08-31,76,10.848327842674,305,0.0673715615029513,"srmspe"
2019-08-31,104,10.8461430395409,1986,0.438519463872258,"srmspe"
2019-08-31,345,10.8273381268595,1939,0.428258431173261,"srmspe"
2019-08-31,397,10.8232806353266,1986,0.438704506411988,"srmspe"
2019-08-31,159,10.841851461958,596,0.131643711835239,"srmspe"
2019-08-31,155,10.8421635766913,1082,0.238997577246626,"srmspe"
2019-08-31,682,10.801042460579,2888,0.637791626127146,"srmspe"
2019-08-31,122,10.844738523241,1685,0.372136561955195,"srmspe"
2019-08-31,207,10.8381060851584,1186,0.261925221798352,"srmspe"
2019-08-31,209,10.8379500277917,617,0.13627115678067,"srmspe"
2019-08-31,150,10.8425537201079,1322,0.291890727624787,"srmspe"
2019-08-31,124,10.8445824658744,620,0.136925087735021,"srmspe"
2019-08-31,116,10.845206695341,1098,0.242526380375501,"srmspe"
2019-08-31,124,10.8445824658744,680,0.150209283960854,"srmspe"
2019-08-31,164,10.8414613185414,598,0.132089604836537,"srmspe"
2019-08-31,299,10.8309274462925,690,0.152412160261979,"srmspe"
2019-08-31,192,10.8392765154083,937,0.206991025384533,"srmspe"
2019-08-31,280,10.8324099912757,566,0.125051541127117,"srmspe"
2019-08-31,47,10.8505906744904,951,0.210054781744899,"srmspe"
2019-08-31,471,10.8175065127606,1587,0.350607269831159,"srmspe"
2019-08-31,87,10.8474695271574,2187,0.482943183127024,"srmspe"
2019-08-31,154,10.8422416053746,1426,0.315080120842231,"srmspe"
2019-08-31,123,10.8446604945577,1077,0.237906576524902,"srmspe"
2019-08-31,127,10.8443483798244,1075,0.237417233718252,"srmspe"
2019-08-31,139,10.8434120356245,1074,0.237240532967949,"srmspe"
2019-08-31,59,10.8496543302905,549,0.12125333336529,"srmspe"
2019-08-31,647,10.8037734644954,1980,0.437282305969867,"srmspe"
2019-08-31,554,10.8110301320446,1926,0.425482806885077,"srmspe"
2019-08-31,56,10.8498884163405,409,0.0903267216628918,"srmspe"
2019-08-31,17,10.8529315349901,326,0.0720074405195881,"srmspe"
2019-08-31,76,10.848327842674,1522,0.336139955433417,"srmspe"
2019-08-31,405,10.82265640586,897,0.198289359525966,"srmspe"
2019-08-31,468,10.8177405988106,5388,1.18964282726438,"srmspe"
2019-08-31,32,10.8517611047403,154,0.0340358222604954,"srmspe"
2019-08-31,143,10.8430999208912,1839,0.40611025650136,"srmspe"
2019-08-31,79,10.848093756624,495,0.109332773688666,"srmspe"
2019-08-31,46,10.8506687031737,726,0.16034139803439,"srmspe"
2019-08-31,158,10.8419294906413,885,0.195630407143283,"srmspe"
2019-08-31,71,10.8487179860906,359,0.07931167100856,"srmspe"
2019-08-31,83,10.8477816418907,862,0.190368317515752,"srmspe"
2019-08-31,166,10.8413052611747,1731,0.382297523586989,"srmspe"
2019-08-31,36,10.851448990007,828,0.182877515180007,"srmspe"
2019-08-31,81,10.8479376992573,779,0.172054746637444,"srmspe"
2019-08-31,102,10.8462990969075,389,0.085942879784266,"srmspe"
2019-08-31,288,10.8317857618091,892,0.197011754127731,"srmspe"
2019-08-31,172,10.8408370890748,1795,0.396437634971237,"srmspe"
2019-08-31,304,10.8305373028759,1906,0.420932903335223,"srmspe"
2019-08-31,216,10.8374038270085,1200,0.265081243150657,"srmspe"
2019-08-31,81,10.8479376992573,402,0.0888316019126383,"srmspe"
2019-08-31,421,10.8214079469268,1434,0.316711210497108,"srmspe"
2019-08-31,368,10.8255434671431,940,0.207683990766012,"srmspe"
2019-08-31,101,10.8463771255908,922,0.203675092669001,"srmspe"
2019-09-01,84,9.86017259704623,869,0.224769019750854,"srmspe"
2019-09-01,0,9.86672700644553,1570,0.406336109005817,"srmspe"
2019-09-01,182,9.85252578608038,684,0.176904763776162,"srmspe"
2019-09-01,115,9.85775370786316,944,0.244150720793864,"srmspe"
2019-09-01,139,9.85588101946336,717,0.185407784047325,"srmspe"
2019-09-01,77,9.86071879782951,632,0.163398245405943,"srmspe"
2019-09-01,49,9.86290360096261,431,0.1114801252354,"srmspe"
2019-09-01,116,9.85767567917983,923,0.238733977451878,"srmspe"
2019-09-01,38,9.86376191647918,476,0.123088295333658,"srmspe"
2019-09-01,90,9.85970442494628,378,0.0977676291839845,"srmspe"
2019-09-01,95,9.85931428152966,515,0.133195328951514,"srmspe"
2019-09-01,67,9.86149908466276,832,0.215152017701847,"srmspe"
2019-09-01,80,9.86048471177953,371,0.095956663589951,"srmspe"
2019-09-01,18,9.86532249014568,508,0.131396280759919,"srmspe"
2019-09-01,136,9.85611510551333,638,0.165041486620634,"srmspe"
2019-09-01,121,9.85728553576321,670,0.17330022508622,"srmspe"
2019-09-01,192,9.85174549924713,2260,0.584454397483689,"srmspe"
2019-09-01,43,9.86337177306256,1995,0.516105551963315,"srmspe"
2019-09-01,512,9.82677632058314,4090,1.05768681740694,"srmspe"
2019-09-01,175,9.85307198686366,1893,0.489627846203052,"srmspe"
2019-09-01,447,9.83184818499926,1554,0.402018075357366,"srmspe"
2019-09-01,80,9.86048471177953,490,0.12674857673977,"srmspe"
2019-09-01,204,9.85080915504723,1770,0.457828142610892,"srmspe"
2019-09-01,112,9.85798779391313,645,0.166878041916905,"srmspe"
2019-09-01,451,9.83153607026596,3165,0.818393455912552,"srmspe"
2019-09-01,77,9.86071879782951,1449,0.374825313266027,"srmspe"
2019-09-01,51,9.86274754359596,1011,0.26155324595914,"srmspe"
2019-09-01,58,9.86220134281268,539,0.139365151917732,"srmspe"
2019-09-01,68,9.86142105597943,461,0.119236328370068,"srmspe"
2019-09-01,67,9.86149908466276,371,0.0959878702694246,"srmspe"
2019-09-01,169,9.85354015896361,827,0.213903648668191,"srmspe"
2019-09-01,93,9.85947033889631,506,0.13084962330574,"srmspe"
2019-09-01,81,9.86040668309621,552,0.142779170407203,"srmspe"
2019-09-01,77,9.86071879782951,842,0.217736976673941,"srmspe"
2019-09-01,231,9.84870238059746,1002,0.259114226030678,"srmspe"
2019-09-01,54,9.86251345754598,435,0.112507889097673,"srmspe"
2019-09-01,130,9.85658327761328,216,0.0559976467870228,"srmspe"
2019-09-01,297,9.84355248749801,2116,0.547262348210715,"srmspe"
2019-09-01,59,9.86212331412936,993,0.256935335461987,"srmspe"
2019-09-01,419,9.83403298813236,2065,0.534058812416557,"srmspe"
2019-09-01,89,9.85978245362961,372,0.096189586157891,"srmspe"
2019-09-01,867,9.79907613800276,6295,1.62801128270712,"srmspe"
2019-09-01,102,9.85876808074638,485,0.125488699593306,"srmspe"
2019-09-01,71,9.86118696992946,781,0.202004993283326,"srmspe"
2019-09-01,68,9.86142105597943,234,0.0605322418703781,"srmspe"
2019-09-01,28,9.86454220331243,323,0.0835457079095618,"srmspe"
2019-09-01,33,9.86415205989581,395,0.102148364363187,"srmspe"
2019-09-01,51,9.86274754359596,425,0.109993364277261,"srmspe"
2019-09-01,137,9.85603707683001,1264,0.326883464800515,"srmspe"
2019-09-01,149,9.85510073263011,1634,0.422497796986703,"srmspe"
2019-09-01,454,9.83130198421599,1621,0.419079405457427,"srmspe"
2019-09-01,221,9.84948266743071,1633,0.422241159002087,"srmspe"
2019-09-01,293,9.84386460223131,1942,0.502303396235978,"srmspe"
2019-09-01,24,9.86485431804573,619,0.160095092395716,"srmspe"
2019-09-01,40,9.86360585911253,148,0.0383135712374087,"srmspe"
2019-09-01,34,9.86407403121248,245,0.0634011049986748,"srmspe"
2019-09-01,43,9.86337177306256,170,0.0440259657428776,"srmspe"
2019-09-01,94,9.85939231021298,708,0.183127055421307,"srmspe"
2019-09-01,158,9.85439847448018,818,0.211558661101305,"srmspe"
2019-09-01,63,9.86181119939606,886,0.229137340384054,"srmspe"
2019-09-01,35,9.86399600252916,635,0.16422383944304,"srmspe"
2019-09-01,54,9.86251345754598,479,0.123867154814125,"srmspe"
2019-09-01,109,9.85822187996311,462,0.119452739985948,"srmspe"
2019-09-01,110,9.85814385127978,521,0.134711469092734,"srmspe"
2019-09-01,214,9.85002886821398,1872,0.484244272063389,"srmspe"
2019-09-01,182,9.85252578608038,795,0.205646041928953,"srmspe"
2019-09-01,257,9.84667363483101,1595,0.412377645114246,"srmspe"
2019-09-01,14,9.86563460487898,656,0.169653648747062,"srmspe"
2019-09-01,161,9.85416438843021,1254,0.324402300999084,"srmspe"
2019-09-01,128,9.85673933497993,1777,0.459612190423552,"srmspe"
2019-09-01,45,9.86321571569591,1620,0.419103165949287,"srmspe"
2019-09-01,252,9.84706377824764,1981,0.512250559289949,"srmspe"
2019-09-01,289,9.84417671696461,730,0.188897421829433,"srmspe"
2019-09-01,189,9.85197958529711,836,0.216312292235593,"srmspe"
2019-09-01,175,9.85307198686366,1606,0.415369518592861,"srmspe"
2019-09-01,117,9.85759765049651,1221,0.315799274091026,"srmspe"
2019-09-01,151,9.85494467526346,1415,0.366003985909355,"srmspe"
2019-09-01,77,9.86071879782951,933,0.241378150487727,"srmspe"
2019-09-01,48,9.86298162964593,626,0.161907899150337,"srmspe"
2019-09-01,92,9.85954836757963,674,0.174294877743003,"srmspe"
2019-09-01,144,9.85549087604673,688,0.177927062711181,"srmspe"
2019-09-01,49,9.86290360096261,516,0.133427560481144,"srmspe"
2019-09-01,50,9.86282557227928,332,0.0858674551537927,"srmspe"
2019-09-01,47,9.86305965832926,392,0.101378274125957,"srmspe"
2019-09-01,209,9.85041901163061,842,0.217713854734978,"srmspe"
2019-09-01,89,9.85978245362961,441,0.114024309093676,"srmspe"
2019-09-01,46,9.86313768701258,695,0.179772530127589,"srmspe"
2019-09-01,79,9.86056274046286,829,0.214384822115887,"srmspe"
2019-09-01,35,9.86399600252916,125,0.032384735758268,"srmspe"
2019-09-01,81,9.86040668309621,441,0.114084583677222,"srmspe"
2019-09-01,112,9.85798779391313,426,0.110206708096465,"srmspe"
2019-09-01,57,9.86227937149601,394,0.101895103168402,"srmspe"
2019-09-01,32,9.86423008857913,311,0.0804612130287265,"srmspe"
2019-09-01,51,9.86274754359596,311,0.0804141621129254,"srmspe"
2019-09-01,86,9.86001653967958,532,0.137613867671805,"srmspe"
2019-09-01,25,9.86477628936241,845,0.218516124840238,"srmspe"
2019-09-01,85,9.86009456836291,364,0.0941592817945015,"srmspe"
2019-09-01,94,9.85939231021298,449,0.116134520897113,"srmspe"
2019-09-01,109,9.85822187996311,1234,0.319039214333703,"srmspe"
2019-09-01,42,9.86344980174588,246,0.0636483846909311,"srmspe"
2019-09-01,42,9.86344980174588,462,0.119469652034345,"srmspe"
2019-09-01,109,9.85822187996311,512,0.132420921729241,"srmspe"
2019-09-01,35,9.86399600252916,409,0.105750866936072,"srmspe"
2019-09-01,74,9.86095288387948,290,0.0750022977536706,"srmspe"
2019-09-01,48,9.86298162964593,335,0.0866436035462767,"srmspe"
2019-09-01,42,9.86344980174588,282,0.0729254268122913,"srmspe"
2019-09-01,64,9.86173317071273,135,0.0349271196976313,"srmspe"
2019-09-01,46,9.86313768701258,363,0.0938800510425297,"srmspe"
2019-09-01,37,9.86383994516251,451,0.116624835387169,"srmspe"
2019-09-01,178,9.85283790081368,195,0.0504837236426918,"srmspe"
2019-09-01,32,9.86423008857913,471,0.121792146269711,"srmspe"
2019-09-01,203,9.85088718373056,1059,0.273887793689659,"srmspe"
2019-09-01,175,9.85307198686366,1768,0.457165448509525,"srmspe"
2019-09-01,530,9.82537180428329,1588,0.410584063124504,"srmspe"
2019-09-01,301,9.84324037276471,1438,0.37180667121027,"srmspe"
2019-09-01,214,9.85002886821398,2102,0.543457278479121,"srmspe"
2019-09-01,405,9.83512538969891,1624,0.41987055286528,"srmspe"
2019-09-01,54,9.86251345754598,328,0.0848724179771074,"srmspe"
2019-09-01,32,9.86423008857913,425,0.109888258094029,"srmspe"
2019-09-01,50,9.86282557227928,396,0.102422318905826,"srmspe"
2019-09-01,47,9.86305965832926,315,0.0814732207089869,"srmspe"
2019-09-01,29,9.86446417462911,256,0.0662215730061983,"srmspe"
2019-09-01,38,9.86376191647918,498,0.128760922109527,"srmspe"
2019-09-01,89,9.85978245362961,407,0.10525921927594,"srmspe"
2019-09-01,93,9.85947033889631,303,0.0783540452820549,"srmspe"
2019-09-01,33,9.86415205989581,267,0.0690507555078749,"srmspe"
2019-09-01,202,9.85096521241388,767,0.198362098888383,"srmspe"
2019-09-01,145,9.85541284736341,706,0.182614797766567,"srmspe"
2019-09-01,21,9.86508840409571,1204,0.311363027395906,"srmspe"
2019-09-01,22,9.86501037541238,211,0.0546228350841434,"srmspe"
2019-09-01,135,9.85619313419666,1743,0.45072988629632,"srmspe"
2019-09-01,160,9.85424241711353,810,0.209510731327872,"srmspe"
2019-09-01,121,9.85728553576321,1201,0.310547031987914,"srmspe"
2019-09-01,107,9.85837793732976,553,0.143048053193265,"srmspe"
2019-09-01,116,9.85767567917983,392,0.101417752422429,"srmspe"
2019-09-01,59,9.86212331412936,468,0.121057285582729,"srmspe"
2019-09-01,54,9.86251345754598,2562,0.66255696753758,"srmspe"
2019-09-01,161,9.85416438843021,922,0.238493396905107,"srmspe"
2019-09-01,555,9.82342108720016,2246,0.580810392576051,"srmspe"
2019-09-01,76,9.86079682651283,1776,0.459351492778484,"srmspe"
2019-09-01,120,9.85736356444653,1164,0.301043562672301,"srmspe"
2019-09-01,108,9.85829990864643,1073,0.27754873993119,"srmspe"
2019-09-01,366,9.83816850834859,3889,1.00585715277424,"srmspe"
2019-09-01,204,9.85080915504723,1147,0.296710220878392,"srmspe"
2019-09-01,234,9.84846829454748,3917,1.01306614214177,"srmspe"
2019-09-01,55,9.86243542886266,340,0.0879573573376487,"srmspe"
2019-09-01,62,9.86188922807938,349,0.0902578869173081,"srmspe"
2019-09-01,86,9.86001653967958,817,0.211322571685481,"srmspe"
2019-09-01,340,9.84019725411503,2138,0.55284216685294,"srmspe"
2019-09-01,172,9.85330607291363,1647,0.425806878608884,"srmspe"
2019-09-01,138,9.85595904814668,760,0.196526170579829,"srmspe"
2019-09-01,90,9.85970442494628,684,0.176943303102353,"srmspe"
2019-09-01,75,9.86087485519616,621,0.160570139401615,"srmspe"
2019-09-01,31,9.86430811726246,328,0.0848238376930781,"srmspe"
2019-09-01,51,9.86274754359596,670,0.173247790378283,"srmspe"
2019-09-01,127,9.85681736366326,611,0.158016060647602,"srmspe"
2019-09-01,41,9.86352783042921,524,0.135590083719466,"srmspe"
2019-09-01,74,9.86095288387948,535,0.138429690597999,"srmspe"
2019-09-01,71,9.86118696992946,984,0.254464747771638,"srmspe"
2019-09-01,316,9.84206994251483,2855,0.738328912015737,"srmspe"
2019-09-01,43,9.86337177306256,868,0.224707684486439,"srmspe"
2019-09-01,304,9.84300628671473,2491,0.6441999105848,"srmspe"
2019-09-01,139,9.85588101946336,1051,0.271793175652335,"srmspe"
2019-09-01,226,9.84909252401408,1548,0.400217137722774,"srmspe"
2019-09-01,82,9.86032865441288,598,0.154629695190227,"srmspe"
2019-09-01,122,9.85720750707988,651,0.16836364180827,"srmspe"
2019-09-01,109,9.85822187996311,1074,0.277739464943007,"srmspe"
2019-09-01,264,9.84612743404774,4264,1.10283136350133,"srmspe"
2019-09-01,499,9.82779069346636,2415,0.62462289431352,"srmspe"
2019-09-01,163,9.85400833106356,2745,0.71011090636276,"srmspe"
2019-09-01,405,9.83512538969891,2245,0.58056916825538,"srmspe"
2019-09-01,312,9.84238205724813,1467,0.379385035314453,"srmspe"
2019-09-01,196,9.85143338451383,3139,0.811950732866792,"srmspe"
2019-09-01,27,9.86462023199576,830,0.214840468757822,"srmspe"
2019-09-01,71,9.86118696992946,490,0.12691833428621,"srmspe"
2019-09-01,0,9.86672700644553,652,0.168791584341619,"srmspe"
2019-09-01,274,9.84534714721448,677,0.175093899921939,"srmspe"
2019-09-01,280,9.84487897511453,440,0.113903009247806,"srmspe"
2019-09-01,258,9.84659560614769,3234,0.836773335713706,"srmspe"
2019-09-01,216,9.84987281084734,679,0.175636795623349,"srmspe"
2019-09-01,98,9.85908019547968,4274,1.10525209345478,"srmspe"
2019-09-01,149,9.85510073263011,444,0.114804897222048,"srmspe"
2019-09-01,91,9.85962639626296,764,0.197580744971274,"srmspe"
2019-09-01,1727,9.73197147034327,8694,2.24829639432818,"srmspe"
2019-09-01,161,9.85416438843021,1209,0.312776579690127,"srmspe"
2019-09-01,76,9.86079682651283,785,0.202984995444848,"srmspe"
2019-09-01,89,9.85978245362961,1128,0.291636170505406,"srmspe"
2019-09-01,81,9.86040668309621,515,0.133170997194353,"srmspe"
2019-09-01,143,9.85556890473006,2639,0.682387749051198,"srmspe"
2019-09-01,177,9.85291592949701,1050,0.271601122311765,"srmspe"
2019-09-01,366,9.83816850834859,294,0.0760500888964286,"srmspe"
2019-09-01,30,9.86438614594578,563,0.145614395424698,"srmspe"
2019-09-01,295,9.84370854486466,2212,0.572380010994432,"srmspe"
2019-09-01,242,9.84784406508088,1010,0.261369634007299,"srmspe"
2019-09-01,104,9.85861202337973,1216,0.314610968301279,"srmspe"
2019-09-01,481,9.82919520976621,4002,1.0350907044484,"srmspe"
2019-09-01,1957,9.71402487317852,3347,0.865558277077647,"srmspe"
2019-09-01,118,9.85751962181318,648,0.167596438348593,"srmspe"
2019-09-01,100,9.85892413811303,1757,0.454252755443154,"srmspe"
2019-09-01,82,9.86032865441288,919,0.237659475555082,"srmspe"
2019-09-01,99,9.85900216679636,432,0.111823273490715,"srmspe"
2019-09-01,151,9.85494467526346,1538,0.397805874012482,"srmspe"
2019-09-01,235,9.84839026586416,1697,0.438743809777404,"srmspe"
2019-09-01,205,9.85073112636391,1366,0.35314512241983,"srmspe"
2019-09-01,45,9.86321571569591,431,0.111451309325693,"srmspe"
2019-09-01,23,9.86493234672906,318,0.0822628756488312,"srmspe"
2019-09-01,111,9.85806582259646,765,0.197923238934689,"srmspe"
2019-09-01,211,9.85026295426396,1181,0.305583563236562,"srmspe"
2019-09-01,217,9.84979478216401,742,0.191935920720021,"srmspe"
2019-09-01,149,9.85510073263011,285,0.0737023069655103,"srmspe"
2019-09-01,27,9.86462023199576,566,0.146343074741886,"srmspe"
2019-09-01,472,9.82989746791614,2155,0.557240165965956,"srmspe"
2019-09-01,92,9.85954836757963,908,0.234761946338736,"srmspe"
2019-09-01,23,9.86493234672906,240,0.0620847929946141,"srmspe"
2019-09-01,39,9.86368388779586,169,0.0437204708500447,"srmspe"
2019-09-01,280,9.84487897511453,1902,0.491866993966607,"srmspe"
2019-09-01,216,9.84987281084733,1439,0.372121711260907,"srmspe"
2019-09-01,166,9.85377424501358,4559,1.17864535010667,"srmspe"
2019-09-01,46,9.86313768701258,603,0.155957018389094,"srmspe"
2019-09-01,154,9.85471058921348,600,0.155186886158628,"srmspe"
2019-09-01,197,9.85135535583051,783,0.202494240997448,"srmspe"
2019-09-01,103,9.85869005206306,599,0.155045759512166,"srmspe"
2019-09-01,56,9.86235740017933,980,0.253478723514295,"srmspe"
2019-09-01,11,9.86586869092896,2653,0.686383415066696,"srmspe"
2019-09-01,100,9.85892413811303,1544,0.399265170673075,"srmspe"
2019-09-01,62,9.86188922807938,240,0.0621860364966868,"srmspe"
2019-09-01,450,9.83161409894929,1894,0.489636185699656,"srmspe"
2019-09-01,93,9.85947033889631,539,0.139463707835092,"srmspe"
2019-09-01,36,9.86391797384583,462,0.11944695748097,"srmspe"
2019-09-01,110,9.85814385127978,1078,0.27879290116763,"srmspe"
2019-09-01,358,9.83879273781518,1647,0.425925842144085,"srmspe"
2019-09-01,73,9.86103091256281,702,0.181567454140782,"srmspe"
2019-09-01,151,9.85494467526346,804,0.207920645287442,"srmspe"
2019-09-01,77,9.86071879782951,3996,1.03316470081974,"srmspe"
2019-09-01,34,9.86407403121248,413,0.106875800425084,"srmspe"
2019-09-01,40,9.86360585911253,776,0.20076375963388,"srmspe"
2019-09-01,255,9.84682969219766,2263,0.585216375072081,"srmspe"
2019-09-01,104,9.85861202337973,1361,0.352158610218889,"srmspe"
2019-09-01,82,9.86032865441288,624,0.161410464810001,"srmspe"
2019-09-01,79,9.86056274046286,561,0.1451461388119,"srmspe"
2019-09-01,88,9.85986048231293,548,0.141775759886411,"srmspe"
2019-09-01,178,9.85283790081368,1094,0.28299012570626,"srmspe"
2019-09-01,98,9.85908019547968,263,0.0680102760822258,"srmspe"
2019-09-01,54,9.86251345754598,411,0.106297215196554,"srmspe"
2019-09-01,28,9.86454220331243,399,0.103183290438219,"srmspe"
2019-09-01,748,9.80836155131844,2048,0.529673738583342,"srmspe"
2019-09-01,141,9.85572496209671,1757,0.454451616890287,"srmspe"
2019-09-01,43,9.86337177306256,707,0.182875414272316,"srmspe"
2019-09-01,128,9.85673933497993,878,0.227147346200476,"srmspe"
2019-09-01,119,9.85744159312986,505,0.130675072427416,"srmspe"
2019-09-01,72,9.86110894124613,378,0.0978108446376482,"srmspe"
2019-09-01,46,9.86313768701258,422,0.109141693698902,"srmspe"
2019-09-01,83,9.86025062572956,392,0.101368788239159,"srmspe"
2019-09-01,66,9.86157711334608,1047,0.270860919841571,"srmspe"
2019-09-01,79,9.86056274046286,715,0.18493052667789,"srmspe"
2019-09-01,388,9.83645187731543,1667,0.431111910994845,"srmspe"
2019-09-01,426,9.83348678734909,2499,0.646022929690436,"srmspe"
2019-09-01,243,9.84776603639756,2632,0.680398329607936,"srmspe"
2019-09-01,60,9.86204528544603,554,0.143329538204515,"srmspe"
2019-09-01,131,9.85650524892996,710,0.183603184959925,"srmspe"
2019-09-01,178,9.85283790081368,857,0.22163246414948,"srmspe"
2019-09-01,179,9.85275987213036,959,0.248001162857048,"srmspe"
2019-09-01,122,9.85720750707988,853,0.220691685257489,"srmspe"
2019-09-01,151,9.85494467526346,1822,0.471409337979967,"srmspe"
2019-09-01,282,9.84472291774788,942,0.243611280736652,"srmspe"
2019-09-01,93,9.85947033889631,525,0.135796909401464,"srmspe"
2019-09-01,150,9.85502270394678,1434,0.370765579658245,"srmspe"
2019-09-01,167,9.85369621633026,747,0.193128685505034,"srmspe"
2019-09-01,169,9.85354015896361,1107,0.286234360324395,"srmspe"
2019-09-01,157,9.85447650316351,432,0.111715015169039,"srmspe"
2019-09-01,54,9.86251345754598,835,0.215873876534128,"srmspe"
2019-09-01,63,9.86181119939606,790,0.204235202346654,"srmspe"
2019-09-01,133,9.85634919156331,761,0.196780352189158,"srmspe"
2019-09-01,107,9.85837793732976,635,0.16426162371977,"srmspe"
2019-09-01,182,9.85252578608038,1192,0.30811916291974,"srmspe"
2019-09-01,378,9.83723216414869,1051,0.271666099801423,"srmspe"
2019-09-01,192,9.85174549924713,1142,0.295209586255189,"srmspe"
2019-09-01,166,9.85377424501358,741,0.191792717484189,"srmspe"
2019-09-01,322,9.84160177041488,984,0.254369312254518,"srmspe"
2019-09-01,0,9.86672700644553,1676,0.433542278613661,"srmspe"
2019-09-01,178,9.85283790081368,725,0.187571197299316,"srmspe"
2019-09-01,104,9.85861202337973,864,0.223479647969484,"srmspe"
2019-09-01,149,9.85510073263011,1251,0.323523575445895,"srmspe"
2019-09-01,358,9.83879273781518,928,0.23999059582174,"srmspe"
2019-09-01,116,9.85767567917983,874,0.226015449167207,"srmspe"
2019-09-01,51,9.86274754359596,502,0.129824400635196,"srmspe"
2019-09-01,100,9.85892413811303,951,0.24592823467863,"srmspe"
2019-09-01,188,9.85205761398043,809,0.20926979505179,"srmspe"
2019-09-01,82,9.86032865441288,1754,0.453595184455386,"srmspe"
2019-09-01,111,9.85806582259646,1558,0.402802777289768,"srmspe"
2019-09-01,286,9.84441080301458,1503,0.388771796456642,"srmspe"
2019-09-01,198,9.85127732714718,1103,0.28534242513537,"srmspe"
2019-09-01,161,9.85416438843021,3420,0.884435117096796,"srmspe"
2019-09-01,124,9.85705144971323,1052,0.272221397998951,"srmspe"
2019-09-01,129,9.85666130629661,1427,0.368954197677729,"srmspe"
2019-09-01,117,9.85759765049651,920,0.237937476771594,"srmspe"
2019-09-01,164,9.85393030238023,221,0.0572073414141215,"srmspe"
2019-09-01,100,9.85892413811303,404,0.104490970578602,"srmspe"
2019-09-01,70,9.86126499861278,600,0.155222642463141,"srmspe"
2019-09-01,218,9.84971675348068,1927,0.498390625114788,"srmspe"
2019-09-01,81,9.86040668309621,1247,0.32266797537656,"srmspe"
2019-09-01,227,9.84901449533076,744,0.192407505033919,"srmspe"
2019-09-01,238,9.84815617981418,3374,0.87278960659984,"srmspe"
2019-09-01,67,9.86149908466276,1715,0.443677741515864,"srmspe"
2019-09-01,182,9.85252578608038,637,0.164903570545458,"srmspe"
2019-09-01,112,9.85798779391313,1523,0.394071508457434,"srmspe"
2019-09-01,150,9.85502270394678,988,0.255552039705168,"srmspe"
2019-09-01,42,9.86344980174588,277,0.0716616387726416,"srmspe"
2019-09-01,209,9.85041901163061,1909,0.493807379495541,"srmspe"
2019-09-01,331,9.84089951226496,1067,0.27592493705577,"srmspe"
2019-09-01,489,9.82857098029961,2226,0.575786301970392,"srmspe"
2019-09-01,205,9.85073112636391,945,0.244622779901496,"srmspe"
2019-09-01,195,9.85151141319716,1059,0.273869276425659,"srmspe"
2019-09-01,435,9.83278452919916,1148,0.297021881486501,"srmspe"
2019-09-01,100,9.85892413811303,966,0.249835284748203,"srmspe"
2019-09-01,192,9.85174549924713,2619,0.677268885042372,"srmspe"
2019-09-01,256,9.84675166351433,546,0.141248455771106,"srmspe"
2019-09-01,139,9.85588101946336,569,0.14713823773532,"srmspe"
2019-09-01,301,9.84324037276471,2302,0.595267171127061,"srmspe"
2019-09-01,196,9.85143338451383,1031,0.266582547684864,"srmspe"
2019-09-01,174,9.85315001554698,496,0.12847419091617,"srmspe"
2019-09-01,14,9.86563460487898,1000,0.258769831476401,"srmspe"
2019-09-01,104,9.85861202337973,849,0.219488916655519,"srmspe"
2019-09-01,142,9.85564693341338,446,0.115433525587119,"srmspe"
2019-09-01,83,9.86025062572956,410,0.106058821503901,"srmspe"
2019-09-01,204,9.85080915504723,468,0.121031299052585,"srmspe"
2019-09-01,72,9.86110894124613,666,0.172199813064476,"srmspe"
2019-09-01,61,9.86196725676271,530,0.137066278931474,"srmspe"
2019-09-01,116,9.85767567917983,1686,0.435945728917616,"srmspe"
2019-09-01,130,9.85658327761328,1839,0.475476857474257,"srmspe"
2019-09-01,126,9.85689539234658,1737,0.449197340937004,"srmspe"
2019-09-01,270,9.84565926194779,1524,0.394096162522485,"srmspe"
2019-09-01,27,9.86462023199576,434,0.112245423029157,"srmspe"
2019-09-01,59,9.86212331412936,544,0.140675457973691,"srmspe"
2019-09-01,74,9.86095288387948,682,0.176349240607251,"srmspe"
2019-09-01,136,9.85611510551333,722,0.186670172500374,"srmspe"
2019-09-01,35,9.86399600252916,275,0.0711316415300356,"srmspe"
2019-09-01,38,9.86376191647918,304,0.0786632304598838,"srmspe"
2019-09-01,698,9.81226298548469,5250,1.35744385432744,"srmspe"
2019-09-01,149,9.85510073263011,1274,0.329421811724576,"srmspe"
2019-09-01,56,9.86235740017933,378,0.0977684024905989,"srmspe"
2019-09-01,71,9.86118696992946,704,0.182045205521447,"srmspe"
2019-09-01,101,9.85884610942971,1011,0.261366424964707,"srmspe"
2019-09-01,65,9.86165514202941,735,0.190132430735997,"srmspe"
2019-09-01,69,9.86134302729611,630,0.162904671255394,"srmspe"
2019-09-01,102,9.85876808074638,628,0.162453578575667,"srmspe"
2019-09-01,99,9.85900216679636,682,0.176353925760137,"srmspe"
2019-09-01,45,9.86321571569591,1546,0.399952417269193,"srmspe"
2019-09-01,223,9.84932661006406,3058,0.790717176189047,"srmspe"
2019-09-01,244,9.84768800771423,1807,0.467305870295508,"srmspe"
2019-09-01,552,9.82365517325014,1421,0.367445294316409,"srmspe"
2019-09-01,21,9.86508840409571,611,0.158117931429738,"srmspe"
2019-09-01,434,9.83286255788249,2065,0.5338895260227,"srmspe"
2019-09-01,95,9.85931428152966,447,0.115583630800648,"srmspe"
2019-09-01,86,9.86001653967958,632,0.163435079607448,"srmspe"
2019-09-01,225,9.84917055269741,449,0.116118957150891,"srmspe"
2019-09-01,43,9.86337177306256,739,0.191062323354255,"srmspe"
2019-09-01,53,9.86259148622931,585,0.151267099975414,"srmspe"
2019-09-01,56,9.86235740017933,402,0.103995106307058,"srmspe"
2019-09-01,55,9.86243542886266,493,0.127530941692059,"srmspe"
2019-09-01,85,9.86009456836291,336,0.0869415517286477,"srmspe"
2019-09-01,185,9.85229170003041,564,0.145872149413491,"srmspe"
2019-09-01,213,9.85010689689731,3674,0.949965412688485,"srmspe"
2019-09-01,151,9.85494467526346,1693,0.43817646185048,"srmspe"
2019-09-01,220,9.84956069611403,1881,0.486471268207432,"srmspe"
2019-09-01,2026,9.7086408940291,5054,1.30702234059242,"srmspe"
2019-09-01,592,9.82053402591714,2609,0.674945689153703,"srmspe"
2019-09-01,219,9.84963872479736,847,0.219063217179834,"srmspe"
2019-09-01,118,9.85751962181318,369,0.0955197743240539,"srmspe"
2019-09-01,77,9.86071879782951,560,0.144847277372449,"srmspe"
2019-09-01,171,9.85338410159696,902,0.23353526268023,"srmspe"
2019-09-01,83,9.86025062572956,813,0.210295797164454,"srmspe"
2019-09-01,73,9.86103091256281,611,0.158106992413596,"srmspe"
2019-09-01,65,9.86165514202941,1587,0.410491935011941,"srmspe"
2019-09-01,159,9.85432044579686,2103,0.543825084106894,"srmspe"
2019-09-01,80,9.86048471177953,696,0.179994767545703,"srmspe"
2019-09-01,145,9.85541284736341,496,0.128367320073875,"srmspe"
2019-09-01,1204,9.77278047172224,10781,2.7871838994372,"srmspe"
2019-09-01,208,9.85049704031393,2550,0.659752973752101,"srmspe"
2019-09-01,74,9.86095288387948,795,0.20561824495039,"srmspe"
2019-09-01,320,9.84175782778154,2107,0.544706332157801,"srmspe"
2019-09-01,53,9.86259148622931,1076,0.278265685439439,"srmspe"
2019-09-01,374,9.83754427888199,1757,0.454278387331631,"srmspe"
2019-09-01,263,9.84620546273106,1772,0.458290687305922,"srmspe"
2019-09-01,86,9.86001653967958,1280,0.331075964493854,"srmspe"
2019-09-01,518,9.82630814848319,1921,0.496661350973978,"srmspe"
2019-09-01,1107,9.78034925400476,4573,1.1826672390061,"srmspe"
2019-09-01,1134,9.77824247955499,5016,1.29687836896101,"srmspe"
2019-09-01,264,9.84612743404774,53,0.0137520858881703,"srmspe"
2019-09-01,39,9.86368388779586,728,0.188319095857149,"srmspe"
2019-09-01,74,9.86095288387948,362,0.0936834355038075,"srmspe"
2019-09-01,62,9.86188922807938,661,0.17092621981799,"srmspe"
2019-09-01,114,9.85783173654648,579,0.149781438837628,"srmspe"
2019-09-01,396,9.83582764784884,3561,0.920718596072163,"srmspe"
2019-09-01,311,9.84246008593146,1829,0.47304584636002,"srmspe"
2019-09-01,111,9.85806582259646,1823,0.471494369323528,"srmspe"
2019-09-01,144,9.85549087604673,616,0.159320796683285,"srmspe"
2019-09-01,206,9.85065309768058,721,0.186493187921068,"srmspe"
2019-09-01,108,9.85829990864643,1017,0.263090173427154,"srmspe"
2019-09-01,207,9.85057506899726,2402,0.621134497931214,"srmspe"
2019-09-01,164,9.85393030238023,2588,0.6691964794107,"srmspe"
2019-09-01,587,9.82092416933376,3827,0.989618847851047,"srmspe"
2019-09-01,67,9.86149908466276,759,0.196381656262925,"srmspe"
2019-09-01,344,9.83988513938174,3526,0.912113596718293,"srmspe"
2019-09-01,88,9.85986048231293,1222,0.316018898867468,"srmspe"
2019-09-01,40,9.86360585911253,657,0.16992761846291,"srmspe"
2019-09-01,98,9.85908019547968,800,0.207099632395503,"srmspe"
2019-09-01,100,9.85892413811303,1379,0.356815404175633,"srmspe"
2019-09-01,141,9.85572496209671,1092,0.282332226942682,"srmspe"
2019-09-01,123,9.85712947839656,858,0.221865754401958,"srmspe"
2019-09-01,185,9.85229170003041,3262,0.843535874994003,"srmspe"
2019-09-01,167,9.85369621633026,311,0.0804450027514965,"srmspe"
2019-09-01,137,9.85603707683001,824,0.213085106312841,"srmspe"
2019-09-01,61,9.86196725676271,742,0.19188309210987,"srmspe"
2019-09-01,55,9.86243542886266,764,0.197550000977312,"srmspe"
2019-09-01,236,9.84831223718083,1064,0.275131918835177,"srmspe"
2019-09-01,47,9.86305965832926,522,0.135052015607114,"srmspe"
2019-09-01,122,9.85720750707988,734,0.189826404684155,"srmspe"
2019-09-01,67,9.86149908466276,680,0.175844495503479,"srmspe"
2019-09-01,1104,9.78058334005474,4632,1.19788663340741,"srmspe"
2019-09-01,376,9.83738822151533,942,0.243679239959017,"srmspe"
2019-09-01,214,9.85002886821398,2156,0.55761784115047,"srmspe"
2019-09-01,216,9.84987281084733,1390,0.359430009453274,"srmspe"
2019-09-01,89,9.85978245362961,1790,0.46305035190709,"srmspe"
2019-09-01,25,9.86477628936241,498,0.128822138603637,"srmspe"
2019-09-01,147,9.85525678999676,1534,0.396541634096749,"srmspe"
2019-09-01,99,9.85900216679636,768,0.19874828243403,"srmspe"
2019-09-01,246,9.84753195034758,685,0.177184038472957,"srmspe"
2019-09-01,58,9.86220134281268,1201,0.310544216983197,"srmspe"
2019-09-01,153,9.85478861789681,1641,0.424397056427951,"srmspe"
2019-09-01,90,9.85970442494628,861,0.222765615108248,"srmspe"
2019-09-01,56,9.86235740017933,428,0.110669764081266,"srmspe"
2019-09-01,364,9.83832456571523,2140,0.553535458320217,"srmspe"
2019-09-01,263,9.84620546273106,1019,0.263543068456309,"srmspe"
2019-09-01,197,9.85135535583051,940,0.243138604971257,"srmspe"
2019-09-01,118,9.85751962181318,300,0.0776533315934444,"srmspe"
2019-09-01,90,9.85970442494628,1274,0.329414286626705,"srmspe"
2019-09-01,75,9.86087485519616,799,0.206623606364551,"srmspe"
2019-09-01,81,9.86040668309621,322,0.0832972768860683,"srmspe"
2019-09-01,93,9.85947033889631,503,0.130109289145286,"srmspe"
2019-09-01,99,9.85900216679636,805,0.20820382571564,"srmspe"
2019-09-01,110,9.85814385127978,517,0.133748111273193,"srmspe"
2019-09-01,67,9.86149908466276,749,0.19371323819742,"srmspe"
2019-09-01,85,9.86009456836291,522,0.135037203036938,"srmspe"
2019-09-01,69,9.86134302729611,915,0.236629947848133,"srmspe"
2019-09-01,124,9.85705144971323,459,0.118717220567512,"srmspe"
2019-09-01,127,9.85681736366326,2172,0.561780358772062,"srmspe"
2019-09-01,96,9.85923625284633,549,0.14200183210262,"srmspe"
2019-09-01,97,9.85915822416301,1024,0.264791155400337,"srmspe"
2019-09-01,163,9.85400833106356,874,0.226090280332871,"srmspe"
2019-09-01,124,9.85705144971323,1165,0.301300543068243,"srmspe"
2019-09-01,82,9.86032865441288,410,0.106003433541816,"srmspe"
2019-09-01,219,9.84963872479736,1898,0.490814676836463,"srmspe"
2019-09-01,105,9.85853399469641,340,0.0879349839548524,"srmspe"
2019-09-01,244,9.84768800771423,983,0.254353136538982,"srmspe"
2019-09-01,333,9.84074345489831,2042,0.528198515597665,"srmspe"
2019-09-01,235,9.84839026586416,933,0.241606955475115,"srmspe"
2019-09-01,97,9.85915822416301,578,0.149675849003025,"srmspe"
2019-09-01,1095,9.78128559820466,1883,0.486918639833637,"srmspe"
2019-09-01,10,9.86594671961228,1404,0.363061594025593,"srmspe"
2019-09-01,56,9.86235740017933,646,0.167057363243591,"srmspe"
2019-09-01,183,9.85244775739706,601,0.155411398581224,"srmspe"
2019-09-01,34,9.86407403121248,385,0.0996553173890988,"srmspe"
2019-09-01,334,9.84066542621498,792,0.204935768964144,"srmspe"
2019-09-01,141,9.85572496209671,1454,0.376075557561825,"srmspe"
2019-09-01,214,9.85002886821398,1241,0.320911997366131,"srmspe"
2019-09-01,78,9.86064076914618,982,0.253992001171605,"srmspe"
2019-09-01,135,9.85619313419666,883,0.228488404305881,"srmspe"
2019-09-01,119,9.85744159312986,914,0.236386843098686,"srmspe"
2019-09-01,327,9.84121162699826,2238,0.578580678543832,"srmspe"
2019-09-01,180,9.85268184344703,1116,0.28854039087283,"srmspe"
2019-09-01,477,9.82950732449951,3184,0.823191777423852,"srmspe"
2019-09-01,187,9.85213564266376,1266,0.327306098619315,"srmspe"
2019-09-01,314,9.84222599988149,1296,0.33511627797978,"srmspe"
2019-09-01,70,9.86126499861278,511,0.132150688944605,"srmspe"
2019-09-01,119,9.85744159312986,913,0.236470831141085,"srmspe"
2019-09-01,112,9.85798779391313,792,0.20482246541794,"srmspe"
2019-09-01,57,9.86227937149601,594,0.153593214749148,"srmspe"
2019-09-01,31,9.86430811726246,171,0.0442796516856941,"srmspe"
2019-09-01,485,9.82888309503291,1481,0.38321861504954,"srmspe"
2019-09-01,221,9.84948266743071,1649,0.426341249000766,"srmspe"
2019-09-01,156,9.85455453184683,924,0.23890366087945,"srmspe"
2019-09-01,254,9.84690772088098,605,0.156451309559017,"srmspe"
2019-09-01,81,9.86040668309621,1383,0.357596215595915,"srmspe"
2019-09-01,115,9.85775370786316,862,0.222903077812756,"srmspe"
2019-09-01,159,9.85432044579686,596,0.154323625115033,"srmspe"
2019-09-01,182,9.85252578608038,1040,0.268972339923158,"srmspe"
2019-09-01,192,9.85174549924713,993,0.256750008400695,"srmspe"
2019-09-01,88,9.85986048231293,2157,0.557943580435818,"srmspe"
2019-09-01,1399,9.75756487847387,3196,0.826236538273757,"srmspe"
2019-09-01,859,9.79970036746936,4955,1.28112480786979,"srmspe"
2019-09-01,237,9.84823420849751,4824,1.24732150960183,"srmspe"
2019-09-01,898,9.79665724881969,9927,2.56654346141296,"srmspe"
2019-09-01,73,9.86103091256281,1006,0.260232341902359,"srmspe"
2019-09-01,255,9.84682969219766,830,0.214700095718647,"srmspe"
2019-09-01,960,9.79181947045354,4617,1.19395491795236,"srmspe"
2019-09-01,24,9.86485431804573,1125,0.290933809517062,"srmspe"
2019-09-01,410,9.83473524628229,1685,0.436171118950023,"srmspe"
2019-09-01,149,9.85510073263011,2085,0.53915532359536,"srmspe"
2019-09-01,105,9.85853399469641,1317,0.340553942446619,"srmspe"
2019-09-01,172,9.85330607291363,774,0.200164502956744,"srmspe"
2019-09-01,151,9.85494467526346,1564,0.404344634937219,"srmspe"
2019-09-01,0,9.86672700644553,4381,1.13342307641668,"srmspe"
2019-09-01,534,9.82505968954999,2670,0.690833788164409,"srmspe"
2019-09-01,44,9.86329374437923,721,0.186559751186966,"srmspe"
2019-09-01,228,9.84893646664743,3230,0.83503470864101,"srmspe"
2019-09-01,1948,9.71472713132844,3187,0.823973939707298,"srmspe"
2019-09-01,175,9.85307198686366,949,0.245443860555505,"srmspe"
2019-09-01,131,9.85650524892996,964,0.249347005603616,"srmspe"
2019-09-01,218,9.84971675348068,1287,0.332935090262692,"srmspe"
2019-09-01,520,9.82615209111654,3670,0.94883623805103,"srmspe"
2019-09-01,683,9.81343341573456,4508,1.16540726006182,"srmspe"
2019-09-01,75,9.86087485519616,2888,0.746897889512448,"srmspe"
2019-09-01,979,9.79033692547036,1762,0.45567672009859,"srmspe"
2019-09-01,329,9.84105556963161,3138,0.811213363022378,"srmspe"
2019-09-01,353,9.83918288123181,2620,0.67747864077799,"srmspe"
2019-09-01,127,9.85681736366326,1678,0.433901086974365,"srmspe"
2019-09-01,173,9.85322804423031,731,0.189057070088764,"srmspe"
2019-09-01,32,9.86423008857913,1107,0.286482974256795,"srmspe"
2019-09-01,128,9.85673933497993,4045,1.04596227557522,"srmspe"
2019-09-01,223,9.84932661006406,2446,0.632537029374631,"srmspe"
2019-09-01,50,9.86282557227928,371,0.095949459545448,"srmspe"
2019-09-01,118,9.85751962181318,283,0.0732446825702629,"srmspe"
2019-09-01,94,9.85939231021298,1054,0.272611672982529,"srmspe"
2019-09-01,605,9.81951965303391,2589,0.669380146346754,"srmspe"
2019-09-01,468,9.83020958264944,2392,0.618446450824441,"srmspe"
2019-09-01,206,9.85065309768058,766,0.198202444957444,"srmspe"
2019-09-01,316,9.84206994251483,2109,0.545803603964509,"srmspe"
2019-09-01,34,9.86407403121248,189,0.0489239979860591,"srmspe"
2019-09-01,34,9.86407403121248,1189,0.30744116061971,"srmspe"
2019-09-01,54,9.86251345754598,205,0.0530007935225848,"srmspe"
2019-09-01,72,9.86110894124613,2708,0.700221217341015,"srmspe"
2019-09-01,258,9.84659560614769,1312,0.339247922456711,"srmspe"
2019-09-01,564,9.82271882905024,2596,0.671184554171121,"srmspe"
2019-09-01,274,9.84534714721448,946,0.244663282825823,"srmspe"
2019-09-01,134,9.85627116287998,2624,0.678600489221726,"srmspe"
2019-09-01,459,9.83091184079936,2931,0.757978001504164,"srmspe"
2019-09-01,1013,9.78768395023731,3409,0.881341690863329,"srmspe"
2019-09-01,91,9.85962639626296,1326,0.343115698885484,"srmspe"
2019-09-01,97,9.85915822416301,1026,0.265290009950727,"srmspe"
2019-09-01,413,9.83450116023231,822,0.212630396818498,"srmspe"
2019-09-01,169,9.85354015896361,2330,0.602295642195761,"srmspe"
2019-09-01,252,9.84706377824763,1741,0.450077358643305,"srmspe"
2019-09-01,277,9.84511306116451,1122,0.290126486534243,"srmspe"
2019-09-01,179,9.85275987213036,2388,0.617436606435997,"srmspe"
2019-09-01,70,9.86126499861278,954,0.246871970933043,"srmspe"
2019-09-01,110,9.85814385127978,2278,0.589013337804133,"srmspe"
2019-09-01,153,9.85478861789681,223,0.0577874089874375,"srmspe"
2019-09-01,50,9.86282557227928,193,0.0498941859032738,"srmspe"
2019-09-01,99,9.85900216679636,1325,0.342796225804126,"srmspe"
2019-09-01,278,9.84503503248119,686,0.177527180845734,"srmspe"
2019-09-01,80,9.86048471177953,915,0.236874572033129,"srmspe"
2019-09-01,126,9.85689539234658,872,0.225631329630996,"srmspe"
2019-09-01,47,9.86305965832926,617,0.159626240601575,"srmspe"
2019-09-01,112,9.85798779391313,824,0.21314979499165,"srmspe"
2019-09-01,187,9.85213564266376,1333,0.344673667709705,"srmspe"
2019-09-01,333,9.84074345489831,783,0.202521887279471,"srmspe"
2019-09-01,147,9.85525678999676,1168,0.302151779144618,"srmspe"
2019-09-01,75,9.86087485519616,734,0.189851300062675,"srmspe"
2019-09-01,210,9.85034098294729,1253,0.323940466720035,"srmspe"
2019-09-01,228,9.84893646664744,1493,0.386117611500657,"srmspe"
2019-09-01,167,9.85369621633026,1605,0.415025402384105,"srmspe"
2019-09-01,64,9.86173317071273,498,0.129040034885019,"srmspe"
2019-09-01,153,9.85478861789681,2182,0.564308873190366,"srmspe"
2019-09-01,61,9.86196725676271,1922,0.497148703796578,"srmspe"
2019-09-01,91,9.85962639626296,1520,0.392952614098978,"srmspe"
2019-09-01,115,9.85775370786316,490,0.126717247270558,"srmspe"
2019-09-01,50,9.86282557227928,1261,0.326070684022247,"srmspe"
2019-09-01,43,9.86337177306256,398,0.102900303492702,"srmspe"
2019-09-01,111,9.85806582259646,520,0.134475062719488,"srmspe"
2019-09-01,207,9.85057506899726,781,0.202049599727316,"srmspe"
2019-09-01,434,9.83286255788249,1470,0.380305271500959,"srmspe"
2019-09-01,155,9.85463256053016,689,0.178232588553598,"srmspe"
2019-09-01,118,9.85751962181318,1034,0.26745120937536,"srmspe"
2019-09-01,152,9.85486664658013,1121,0.289971185106342,"srmspe"
2019-09-01,278,9.84503503248119,1195,0.309104553686262,"srmspe"
2019-09-01,579,9.82154839880036,2759,0.713272050200697,"srmspe"
2019-09-01,228,9.84893646664743,1583,0.409536634693111,"srmspe"
2019-09-01,322,9.84160177041488,2077,0.53711423340156,"srmspe"
2019-09-01,50,9.86282557227928,449,0.116139810868093,"srmspe"
2019-09-01,74,9.86095288387948,408,0.1055357142455,"srmspe"
2019-09-01,74,9.86095288387948,540,0.139643984824042,"srmspe"
2019-09-01,93,9.85947033889631,317,0.0819840459105069,"srmspe"
2019-09-01,105,9.85853399469641,873,0.225823635756055,"srmspe"
2019-09-01,75,9.86087485519616,804,0.207974422307234,"srmspe"
2019-09-01,91,9.85962639626296,839,0.216921007991419,"srmspe"
2019-09-01,161,9.85416438843021,976,0.252455123780002,"srmspe"
2019-09-01,528,9.82552786164994,1928,0.498643339471203,"srmspe"
2019-09-01,175,9.85307198686366,965,0.249551511492412,"srmspe"
2019-09-01,171,9.85338410159696,1120,0.289847966862686,"srmspe"
2019-09-01,55,9.86243542886266,383,0.0990420851829476,"srmspe"
2019-09-01,102,9.85876808074638,523,0.135514153971468,"srmspe"
2019-09-01,296,9.84363051618134,3404,0.880503748835084,"srmspe"
2019-09-01,366,9.83816850834859,1668,0.431430468890686,"srmspe"
2019-09-01,336,9.84050936884834,3312,0.856676717386663,"srmspe"
2019-09-01,230,9.84878040928078,1129,0.292036817527572,"srmspe"
2019-09-01,103,9.85869005206306,1796,0.464399739276787,"srmspe"
2019-09-01,201,9.85104324109721,625,0.161648805351368,"srmspe"
2019-09-01,82,9.86032865441288,1036,0.267935171615658,"srmspe"
2019-09-01,279,9.84495700379786,908,0.234814695136198,"srmspe"
2019-09-01,94,9.85939231021298,719,0.185916747931224,"srmspe"
2019-09-01,46,9.86313768701258,329,0.0851221245170135,"srmspe"
2019-09-01,72,9.86110894124613,372,0.0962493278064508,"srmspe"
2019-09-01,68,9.86142105597943,975,0.25208798387564,"srmspe"
2019-09-01,70,9.86126499861278,318,0.0822892595090609,"srmspe"
2019-09-01,30,9.86438614594578,373,0.0965035638956395,"srmspe"
2019-09-01,158,9.85439847448018,1499,0.387805525907832,"srmspe"
2019-09-01,232,9.84862435191413,796,0.205862857005195,"srmspe"
2019-09-01,38,9.86376191647918,856,0.221390334499894,"srmspe"
2019-09-01,87,9.85993851099626,340,0.0879187438085628,"srmspe"
2019-09-01,80,9.86048471177953,683,0.176668031491891,"srmspe"
2019-09-01,59,9.86212331412936,994,0.256976301963015,"srmspe"
2019-09-01,67,9.86149908466276,278,0.071932989211343,"srmspe"
2019-09-01,55,9.86243542886266,394,0.101886825532651,"srmspe"
2019-09-01,26,9.86469826067908,206,0.0532975150050679,"srmspe"
2019-09-01,48,9.86298162964593,263,0.0680301904780625,"srmspe"
2019-09-01,41,9.86352783042921,360,0.0931022194817774,"srmspe"
2019-09-01,183,9.85244775739706,818,0.211574293850173,"srmspe"
2019-09-01,303,9.84308431539806,1210,0.312952647226147,"srmspe"
2019-09-01,82,9.86032865441288,567,0.146628271827477,"srmspe"
2019-09-01,193,9.85166747056381,1325,0.342663387512403,"srmspe"
2019-09-01,247,9.84745392166426,718,0.185670974396438,"srmspe"
2019-09-01,303,9.84308431539806,1027,0.265565225572662,"srmspe"
2019-09-01,232,9.84862435191413,909,0.23502279436928,"srmspe"
2019-09-01,86,9.86001653967958,605,0.156472697986536,"srmspe"
2019-09-01,126,9.85689539234658,425,0.10992674970218,"srmspe"
2019-09-01,71,9.86118696992946,422,0.109115650606265,"srmspe"
2019-09-01,87,9.85993851099626,481,0.124380318437032,"srmspe"
2019-09-01,127,9.85681736366326,496,0.12827543100686,"srmspe"
2019-09-01,43,9.86337177306256,626,0.161915030203429,"srmspe"
2019-09-01,45,9.86321571569591,327,0.0845650576463368,"srmspe"
2019-09-01,84,9.86017259704623,446,0.115345960765871,"srmspe"
2019-09-01,20,9.86516643277903,359,0.0928594832922096,"srmspe"
2019-09-01,66,9.86157711334608,546,0.141168875853604,"srmspe"
2019-09-01,52,9.86266951491263,371,0.0959370116078205,"srmspe"
2019-09-01,31,9.86430811726246,384,0.099299654799155,"srmspe"
2019-09-01,34,9.86407403121248,221,0.0571519372106582,"srmspe"
2019-09-01,76,9.86079682651283,513,0.132647881241831,"srmspe"
2019-09-01,62,9.86188922807938,528,0.13653304767057,"srmspe"
2019-09-01,103,9.85869005206306,490,0.126766142129037,"srmspe"
2019-09-01,71,9.86118696992946,850,0.219843095215736,"srmspe"
2019-09-01,193,9.85166747056381,976,0.25256174443784,"srmspe"
2019-09-01,95,9.85931428152966,1629,0.421228255903635,"srmspe"
2019-09-01,81,9.86040668309621,948,0.245133932259817,"srmspe"
2019-09-01,140,9.85580299078003,1584,0.409616425715968,"srmspe"
2019-09-01,163,9.85400833106356,782,0.202373637731486,"srmspe"
2019-09-01,121,9.85728553576321,1376,0.35578800597388,"srmspe"
2019-09-01,77,9.86071879782951,368,0.0951397508254088,"srmspe"
2019-09-01,427,9.83340875866576,2901,0.749980791527468,"srmspe"
2019-09-01,125,9.85697342102991,754,0.194968135285857,"srmspe"
2019-09-01,84,9.86017259704623,324,0.0839162423504869,"srmspe"
2019-09-01,119,9.85744159312986,723,0.186966363965612,"srmspe"
2019-09-01,268,9.84581531931443,2016,0.521478062480178,"srmspe"
2019-09-01,50,9.86282557227928,286,0.0739672308703972,"srmspe"
2019-09-01,91,9.85962639626296,1817,0.46973716983137,"srmspe"
2019-09-01,272,9.84550320458114,1802,0.466001660999945,"srmspe"
2019-09-01,337,9.84043134016501,1720,0.444890799706101,"srmspe"
2019-09-01,149,9.85510073263011,588,0.152064098920786,"srmspe"
2019-09-01,99,9.85900216679636,987,0.255260136973684,"srmspe"
2019-09-01,582,9.82131431275039,2626,0.678999806522497,"srmspe"
2019-09-01,110,9.85814385127978,1517,0.392277983223758,"srmspe"
2019-09-01,188,9.85205761398043,1080,0.279270159308798,"srmspe"
2019-09-01,155,9.85463256053016,526,0.136028024637488,"srmspe"
2019-09-01,125,9.85697342102991,1101,0.284635952297063,"srmspe"
2019-09-01,114,9.85783173654648,536,0.138605657613093,"srmspe"
2019-09-01,106,9.85845596601308,1088,0.281367017696752,"srmspe"
2019-09-01,125,9.85697342102991,609,0.157520673550107,"srmspe"
2019-09-01,170,9.85346213028028,535,0.138369453367185,"srmspe"
2019-09-01,282,9.84472291774789,588,0.152092925887793,"srmspe"
2019-09-01,146,9.85533481868008,858,0.221943206230867,"srmspe"
2019-09-01,252,9.84706377824764,457,0.118242603680318,"srmspe"
2019-09-01,44,9.86329374437923,956,0.247220948063165,"srmspe"
2019-09-01,463,9.83059972606606,1508,0.390082820433742,"srmspe"
2019-09-01,92,9.85954836757963,2037,0.526663875129261,"srmspe"
2019-09-01,156,9.85455453184683,1290,0.333770644962074,"srmspe"
2019-09-01,82,9.86032865441288,1041,0.269241548012081,"srmspe"
2019-09-01,140,9.85580299078003,907,0.234548323942498,"srmspe"
2019-09-01,142,9.85564693341338,1031,0.266644510400638,"srmspe"
2019-09-01,57,9.86227937149601,476,0.123094621862732,"srmspe"
2019-09-01,584,9.82115825538374,1704,0.440648065917785,"srmspe"
2019-09-01,534,9.82505968954999,1696,0.438718304843863,"srmspe"
2019-09-01,58,9.86220134281268,381,0.0985154878341132,"srmspe"
2019-09-01,25,9.86477628936241,250,0.0646654628300754,"srmspe"
2019-09-01,95,9.85931428152966,1260,0.325837688360979,"srmspe"
2019-09-01,394,9.83598370521548,765,0.198048921031044,"srmspe"
2019-09-01,402,9.83535947574889,4522,1.16900732594836,"srmspe"
2019-09-01,21,9.86508840409571,149,0.0385580372968733,"srmspe"
2019-09-01,108,9.85829990864643,1581,0.408790638349934,"srmspe"
2019-09-01,71,9.86118696992946,410,0.106044669535168,"srmspe"
2019-09-01,38,9.86376191647918,688,0.17790436690285,"srmspe"
2019-09-01,139,9.85588101946336,849,0.219760224266267,"srmspe"
2019-09-01,63,9.86181119939606,369,0.0954432935087879,"srmspe"
2019-09-01,59,9.86212331412936,784,0.20272120234971,"srmspe"
2019-09-01,141,9.85572496209671,1462,0.378071378449919,"srmspe"
2019-09-01,39,9.86368388779586,747,0.193178165487342,"srmspe"
2019-09-01,66,9.86157711334608,760,0.196524638379564,"srmspe"
2019-09-01,90,9.85970442494628,368,0.0951966054116789,"srmspe"
2019-09-01,286,9.84441080301458,811,0.209727989441256,"srmspe"
2019-09-01,184,9.85236972871373,1653,0.427476130463519,"srmspe"
2019-09-01,293,9.84386460223131,1876,0.485088402282554,"srmspe"
2019-09-01,171,9.85338410159696,1252,0.323804133548059,"srmspe"
2019-09-01,65,9.86165514202941,402,0.104018515059086,"srmspe"
2019-09-01,404,9.83520341838224,1448,0.374436575349752,"srmspe"
2019-09-01,321,9.84167979909821,936,0.2421255662767,"srmspe"
2019-09-01,72,9.86110894124613,890,0.230216630792747,"srmspe"
2019-09-02,80,9.11741756047561,714,0.250241353305741,"srmspe"
2019-09-02,0,9.12365985514161,1354,0.474929696693909,"srmspe"
2019-09-02,149,9.11203358132619,736,0.257908898185134,"srmspe"
2019-09-02,130,9.11351612630936,902,0.316102615328729,"srmspe"
2019-09-02,127,9.11375021235934,736,0.257856284989526,"srmspe"
2019-09-02,73,9.11796376125889,628,0.219975736102707,"srmspe"
2019-09-02,53,9.11952433492539,415,0.145451276846481,"srmspe"
2019-09-02,118,9.11445247050926,900,0.315419450450702,"srmspe"
2019-09-02,53,9.11952433492539,479,0.167819318544921,"srmspe"
2019-09-02,92,9.11648121627571,383,0.134218604572454,"srmspe"
2019-09-02,82,9.11726150310896,511,0.179072459573752,"srmspe"
2019-09-02,77,9.11765164652559,785,0.275048312851994,"srmspe"
2019-09-02,77,9.11765164652559,399,0.139814062273125,"srmspe"
2019-09-02,30,9.12131899464186,452,0.15843645068346,"srmspe"
2019-09-02,106,9.11538881470916,626,0.21942457027714,"srmspe"
2019-09-02,127,9.11375021235934,603,0.211346584666298,"srmspe"
2019-09-02,176,9.10992680687641,2171,0.76068843045918,"srmspe"
2019-09-02,40,9.12053870780861,1754,0.614953782426373,"srmspe"
2019-09-02,553,9.08050999326289,3621,1.26875589598307,"srmspe"
2019-09-02,129,9.11359415499269,1789,0.626959390998114,"srmspe"
2019-09-02,365,9.09517938572799,1470,0.515287057287312,"srmspe"
2019-09-02,75,9.11780770389224,544,0.190655569309164,"srmspe"
2019-09-02,181,9.10953666345979,1728,0.605589242680174,"srmspe"
2019-09-02,106,9.11538881470916,640,0.224383748411078,"srmspe"
2019-09-02,391,9.09315063996154,2702,0.946663910839638,"srmspe"
2019-09-02,84,9.11710544574231,1490,0.522202332687953,"srmspe"
2019-09-02,45,9.12014856439199,1085,0.380301062614086,"srmspe"
2019-09-02,38,9.12069476517526,546,0.191264322173172,"srmspe"
2019-09-02,77,9.11765164652559,474,0.166108984108202,"srmspe"
2019-09-02,60,9.11897813414211,314,0.1101091186952,"srmspe"
2019-09-02,155,9.11156540922624,706,0.247454589508684,"srmspe"
2019-09-02,83,9.11718347442564,502,0.175887167700125,"srmspe"
2019-09-02,106,9.11538881470916,531,0.186106213077351,"srmspe"
2019-09-02,73,9.11796376125889,824,0.288708048048048,"srmspe"
2019-09-02,210,9.10727383164336,1058,0.370665259700152,"srmspe"
2019-09-02,62,9.11882207677546,454,0.159095152423383,"srmspe"
2019-09-02,101,9.11577895812579,202,0.0709925642211973,"srmspe"
2019-09-02,304,9.09993913541081,1813,0.635382822105699,"srmspe"
2019-09-02,54,9.11944630624206,877,0.307524108288662,"srmspe"
2019-09-02,349,9.09642784466119,1810,0.63429612055414,"srmspe"
2019-09-02,78,9.11757361784226,355,0.124363344777844,"srmspe"
2019-09-02,788,9.06217325268152,5610,1.96580400719029,"srmspe"
2019-09-02,97,9.11609107285909,529,0.185449113245117,"srmspe"
2019-09-02,98,9.11601304417576,790,0.276852054427377,"srmspe"
2019-09-02,57,9.11921222019209,283,0.0991798188795024,"srmspe"
2019-09-02,37,9.12077279385859,365,0.127897388046029,"srmspe"
2019-09-02,51,9.11968039229204,416,0.14574890286818,"srmspe"
2019-09-02,51,9.11968039229204,407,0.142765821177486,"srmspe"
2019-09-02,105,9.11546684339249,1194,0.418367858015497,"srmspe"
2019-09-02,123,9.11406232709264,1497,0.524423826981151,"srmspe"
2019-09-02,452,9.08839089027872,1406,0.492462023183932,"srmspe"
2019-09-02,212,9.10711777427671,1420,0.497482175336051,"srmspe"
2019-09-02,219,9.10657157349344,1713,0.600380294048345,"srmspe"
2019-09-02,34,9.12100687990856,590,0.206775533861608,"srmspe"
2019-09-02,36,9.12085082254191,153,0.0536776203451236,"srmspe"
2019-09-02,42,9.12038265044196,268,0.0939682703002703,"srmspe"
2019-09-02,46,9.12007053570866,171,0.0600322742641523,"srmspe"
2019-09-02,101,9.11577895812579,712,0.249526705662329,"srmspe"
2019-09-02,158,9.11133132317626,740,0.259337278419803,"srmspe"
2019-09-02,79,9.11749558915894,891,0.312206341151691,"srmspe"
2019-09-02,51,9.11968039229204,671,0.235113870569227,"srmspe"
2019-09-02,42,9.12038265044196,529,0.18533574765407,"srmspe"
2019-09-02,120,9.11429641314261,476,0.166741108927701,"srmspe"
2019-09-02,106,9.11538881470916,565,0.197918466468645,"srmspe"
2019-09-02,209,9.10735186032669,1696,0.594533218259804,"srmspe"
2019-09-02,178,9.10977074950976,727,0.254838335929948,"srmspe"
2019-09-02,228,9.10586931534351,1407,0.492861792647391,"srmspe"
2019-09-02,13,9.12264548225839,643,0.225308891959899,"srmspe"
2019-09-02,150,9.11195555264286,1130,0.396137233667617,"srmspe"
2019-09-02,129,9.11359415499269,1577,0.552701196677346,"srmspe"
2019-09-02,37,9.12077279385859,1555,0.545076215429165,"srmspe"
2019-09-02,246,9.10446479904366,1764,0.618009133145634,"srmspe"
2019-09-02,327,9.09814447569434,704,0.246849918704319,"srmspe"
2019-09-02,169,9.11047300765969,780,0.273502092893037,"srmspe"
2019-09-02,165,9.11078512239299,1386,0.485744970088888,"srmspe"
2019-09-02,89,9.11671530232569,1239,0.4341544454304,"srmspe"
2019-09-02,163,9.11094117975964,1411,0.494487306195332,"srmspe"
2019-09-02,49,9.11983644965869,929,0.325663544711429,"srmspe"
2019-09-02,59,9.11905616282544,594,0.20816206693076,"srmspe"
2019-09-02,72,9.11804178994221,689,0.241415353514946,"srmspe"
2019-09-02,145,9.11234569605949,653,0.228833146116125,"srmspe"
2019-09-02,67,9.11843193335884,499,0.174820423122877,"srmspe"
2019-09-02,46,9.12007053570866,337,0.118096577311994,"srmspe"
2019-09-02,53,9.11952433492539,373,0.13071005032767,"srmspe"
2019-09-02,230,9.10571325797686,845,0.296019957933378,"srmspe"
2019-09-02,98,9.11601304417576,446,0.156237567205608,"srmspe"
2019-09-02,40,9.12053870780861,749,0.26248665269636,"srmspe"
2019-09-02,100,9.11585698680911,765,0.268054859564134,"srmspe"
2019-09-02,36,9.12085082254191,140,0.049154349573099,"srmspe"
2019-09-02,95,9.11624713022574,469,0.164384228632348,"srmspe"
2019-09-02,111,9.11499867129254,437,0.153195057490201,"srmspe"
2019-09-02,54,9.11944630624206,437,0.153116193338055,"srmspe"
2019-09-02,27,9.12155308069184,333,0.116743391974287,"srmspe"
2019-09-02,51,9.11968039229204,314,0.110004121828143,"srmspe"
2019-09-02,101,9.11577895812579,518,0.181551222834847,"srmspe"
2019-09-02,29,9.12139702332519,735,0.257557666831519,"srmspe"
2019-09-02,71,9.11811981862554,377,0.132123357019382,"srmspe"
2019-09-02,102,9.11570092944246,459,0.160860115481071,"srmspe"
2019-09-02,117,9.11453049919259,1198,0.419632690087848,"srmspe"
2019-09-02,54,9.11944630624206,274,0.0960527911275185,"srmspe"
2019-09-02,48,9.11991447834201,473,0.165719520374034,"srmspe"
2019-09-02,97,9.11609107285909,537,0.188180028362044,"srmspe"
2019-09-02,36,9.12085082254191,403,0.141163827456806,"srmspe"
2019-09-02,96,9.11616910154241,258,0.0904163193741319,"srmspe"
2019-09-02,46,9.12007053570866,328,0.114939527526216,"srmspe"
2019-09-02,42,9.12038265044196,262,0.0918052187492312,"srmspe"
2019-09-02,65,9.11858799072549,155,0.0543360750697207,"srmspe"
2019-09-02,49,9.11983644965869,346,0.121255474749445,"srmspe"
2019-09-02,30,9.12131899464186,478,0.167472461860365,"srmspe"
2019-09-02,189,9.10891243399319,231,0.0810285863120777,"srmspe"
2019-09-02,27,9.12155308069184,485,0.169918634940995,"srmspe"
2019-09-02,183,9.10938060609314,1077,0.377373621825376,"srmspe"
2019-09-02,190,9.10883440530986,1607,0.56299585881582,"srmspe"
2019-09-02,413,9.09143400892839,1601,0.560782047879311,"srmspe"
2019-09-02,314,9.09915884857756,1250,0.437892949984042,"srmspe"
2019-09-02,181,9.10953666345979,2044,0.715926671286849,"srmspe"
2019-09-02,377,9.09424304152809,1499,0.52506002848416,"srmspe"
2019-09-02,65,9.11858799072549,330,0.11571588931011,"srmspe"
2019-09-02,21,9.12202125279179,405,0.141890136275505,"srmspe"
2019-09-02,50,9.11975842097536,383,0.134233436523025,"srmspe"
2019-09-02,47,9.11999250702534,300,0.105141583660103,"srmspe"
2019-09-02,30,9.12131899464186,267,0.0935819383397229,"srmspe"
2019-09-02,40,9.12053870780861,478,0.167447091709214,"srmspe"
2019-09-02,75,9.11780770389224,362,0.126871307896568,"srmspe"
2019-09-02,83,9.11718347442564,301,0.105459281347662,"srmspe"
2019-09-02,26,9.12163110937516,264,0.0925157061863766,"srmspe"
2019-09-02,202,9.10789806110996,724,0.253707880033852,"srmspe"
2019-09-02,112,9.11492064260921,693,0.242890005702088,"srmspe"
2019-09-02,26,9.12163110937516,1034,0.362337458082469,"srmspe"
2019-09-02,15,9.12248942489174,240,0.0841941783022671,"srmspe"
2019-09-02,142,9.11257978210946,1661,0.581972492561658,"srmspe"
2019-09-02,149,9.11203358132619,749,0.262526366571738,"srmspe"
2019-09-02,153,9.11172146659289,1125,0.394121046994566,"srmspe"
2019-09-02,117,9.11453049919259,474,0.166170042874401,"srmspe"
2019-09-02,98,9.11601304417576,355,0.124474405827903,"srmspe"
2019-09-02,50,9.11975842097536,403,0.141282619520731,"srmspe"
2019-09-02,63,9.11874404809214,2361,0.8273044440727,"srmspe"
2019-09-02,154,9.11164343790956,798,0.279721867592723,"srmspe"
2019-09-02,469,9.08706440266219,2110,0.73927092135141,"srmspe"
2019-09-02,73,9.11796376125889,1765,0.61850982998865,"srmspe"
2019-09-02,105,9.11546684339249,1096,0.384061563241133,"srmspe"
2019-09-02,142,9.11257978210946,971,0.340346991523733,"srmspe"
2019-09-02,319,9.09876870516094,3483,1.22063753251269,"srmspe"
2019-09-02,260,9.10337239747711,959,0.336175042555708,"srmspe"
2019-09-02,189,9.10891243399319,3489,1.2226812725279,"srmspe"
2019-09-02,72,9.11804178994221,342,0.119892188342448,"srmspe"
2019-09-02,41,9.12046067912529,391,0.137003555815443,"srmspe"
2019-09-02,75,9.11780770389224,757,0.265318507642547,"srmspe"
2019-09-02,281,9.10173379512729,1965,0.688427800789942,"srmspe"
2019-09-02,174,9.11008286424306,1551,0.54325358770531,"srmspe"
2019-09-02,121,9.11421838445929,720,0.252258812634045,"srmspe"
2019-09-02,61,9.11890010545879,635,0.222601679345352,"srmspe"
2019-09-02,53,9.11952433492539,604,0.211598672563873,"srmspe"
2019-09-02,47,9.11999250702534,275,0.0963773768153072,"srmspe"
2019-09-02,45,9.12014856439199,642,0.224909455990583,"srmspe"
2019-09-02,95,9.11624713022574,620,0.21723969529707,"srmspe"
2019-09-02,36,9.12085082254191,413,0.144854992434912,"srmspe"
2019-09-02,72,9.11804178994221,458,0.160597215943304,"srmspe"
2019-09-02,72,9.11804178994221,867,0.303790642173479,"srmspe"
2019-09-02,332,9.09775433227771,2620,0.918015437826224,"srmspe"
2019-09-02,59,9.11905616282544,801,0.28104972677014,"srmspe"
2019-09-02,314,9.09915884857756,2348,0.822739730024938,"srmspe"
2019-09-02,113,9.11484261392589,1023,0.358429053706256,"srmspe"
2019-09-02,235,9.10532311456024,1438,0.503678091135936,"srmspe"
2019-09-02,64,9.11866601940881,584,0.204589917525135,"srmspe"
2019-09-02,145,9.11234569605949,622,0.217954236205345,"srmspe"
2019-09-02,146,9.11226766737616,1016,0.355993466435218,"srmspe"
2019-09-02,255,9.10376254089374,3778,1.32399301672794,"srmspe"
2019-09-02,395,9.09283852522824,2176,0.762589620957486,"srmspe"
2019-09-02,128,9.11367218367601,2291,0.803201119634369,"srmspe"
2019-09-02,360,9.09556952914461,1955,0.685030259993213,"srmspe"
2019-09-02,255,9.10376254089374,1298,0.45481943906718,"srmspe"
2019-09-02,155,9.11156540922624,2696,0.945003526498091,"srmspe"
2019-09-02,39,9.12061673649194,830,0.291134786342264,"srmspe"
2019-09-02,79,9.11749558915894,488,0.171311905664221,"srmspe"
2019-09-02,0,9.12365985514161,587,0.205963795478494,"srmspe"
2019-09-02,276,9.10212393854391,698,0.244584597379187,"srmspe"
2019-09-02,259,9.10345042616044,397,0.139316072283716,"srmspe"
2019-09-02,219,9.10657157349344,3089,1.08305716795575,"srmspe"
2019-09-02,194,9.10852229057656,629,0.220447297901111,"srmspe"
2019-09-02,74,9.11788573257556,3662,1.28307195323315,"srmspe"
2019-09-02,137,9.11296992552609,395,0.138369926541186,"srmspe"
2019-09-02,75,9.11780770389224,614,0.215161018154164,"srmspe"
2019-09-02,1469,9.0090357193372,7786,2.72807839407808,"srmspe"
2019-09-02,194,9.10852229057656,1218,0.426955788320047,"srmspe"
2019-09-02,73,9.11796376125889,712,0.249449176667433,"srmspe"
2019-09-02,71,9.11811981862554,1025,0.359044050744693,"srmspe"
2019-09-02,57,9.11921222019209,475,0.166429280477466,"srmspe"
2019-09-02,166,9.11070709370966,2386,0.835917769952186,"srmspe"
2019-09-02,142,9.11257978210946,891,0.312297012678654,"srmspe"
2019-09-02,307,9.09970504936084,264,0.0925367278744895,"srmspe"
2019-09-02,38,9.12069476517526,475,0.166462830284567,"srmspe"
2019-09-02,272,9.10243605327721,1885,0.661003399657706,"srmspe"
2019-09-02,207,9.10750791769334,877,0.307563161173563,"srmspe"
2019-09-02,92,9.11648121627571,986,0.345718641804846,"srmspe"
2019-09-02,450,9.08854694764537,3419,1.19825603922537,"srmspe"
2019-09-02,1789,8.9840665406732,3099,1.0857994415654,"srmspe"
2019-09-02,114,9.11476458524256,493,0.172788141843406,"srmspe"
2019-09-02,95,9.11624713022574,1496,0.524008836098901,"srmspe"
2019-09-02,77,9.11765164652559,839,0.29399097847468,"srmspe"
2019-09-02,88,9.11679333100901,391,0.137198737040343,"srmspe"
2019-09-02,124,9.11398429840931,1480,0.518650511979199,"srmspe"
2019-09-02,210,9.10727383164336,1605,0.562184579129492,"srmspe"
2019-09-02,180,9.10961469214311,1243,0.435365412703325,"srmspe"
2019-09-02,47,9.11999250702534,434,0.152052161704904,"srmspe"
2019-09-02,19,9.12217731015844,358,0.125470321127899,"srmspe"
2019-09-02,110,9.11507669997586,755,0.264684149846774,"srmspe"
2019-09-02,211,9.10719580296004,1151,0.403537731057191,"srmspe"
2019-09-02,188,9.10899046267651,696,0.243953646225933,"srmspe"
2019-09-02,139,9.11281386815944,284,0.0995199542048501,"srmspe"
2019-09-02,30,9.12131899464186,610,0.213671817556941,"srmspe"
2019-09-02,414,9.09135598024506,2011,0.704539258521314,"srmspe"
2019-09-02,91,9.11655924495904,862,0.301947674857174,"srmspe"
2019-09-02,9,9.12295759699169,251,0.0879892778629339,"srmspe"
2019-09-02,45,9.12014856439199,183,0.0641503350069595,"srmspe"
2019-09-02,282,9.10165576644396,1742,0.610372455203962,"srmspe"
2019-09-02,243,9.10469888509364,1299,0.455155961574957,"srmspe"
2019-09-02,134,9.11320401157606,4133,1.44758852880908,"srmspe"
2019-09-02,39,9.12061673649194,598,0.20956540045278,"srmspe"
2019-09-02,132,9.11336006894271,556,0.19484973385494,"srmspe"
2019-09-02,169,9.11047300765969,730,0.255801074704754,"srmspe"
2019-09-02,87,9.11687135969234,521,0.182775562323686,"srmspe"
2019-09-02,50,9.11975842097536,870,0.304930204910464,"srmspe"
2019-09-02,17,9.12233336752509,2247,0.787867107292092,"srmspe"
2019-09-02,92,9.11648121627571,1271,0.445337437284505,"srmspe"
2019-09-02,42,9.12038265044196,197,0.0692209180092346,"srmspe"
2019-09-02,434,9.08979540657857,1615,0.5656338543193,"srmspe"
2019-09-02,73,9.11796376125889,475,0.166536091848656,"srmspe"
2019-09-02,28,9.12147505200851,376,0.131704249073479,"srmspe"
2019-09-02,99,9.11593501549244,1066,0.373527125807805,"srmspe"
2019-09-02,365,9.09517938572799,1479,0.518250857186782,"srmspe"
2019-09-02,94,9.11632515890906,705,0.247061359170596,"srmspe"
2019-09-02,170,9.11039497897636,816,0.285922050576977,"srmspe"
2019-09-02,62,9.11882207677546,3745,1.31181533205253,"srmspe"
2019-09-02,42,9.12038265044196,382,0.133985562277042,"srmspe"
2019-09-02,50,9.11975842097536,746,0.261535060541075,"srmspe"
2019-09-02,215,9.10688368822674,2042,0.715488755378739,"srmspe"
2019-09-02,82,9.11726150310896,1332,0.467030140627868,"srmspe"
2019-09-02,89,9.11671530232569,571,0.200152067885485,"srmspe"
2019-09-02,73,9.11796376125889,538,0.188627875730071,"srmspe"
2019-09-02,68,9.11835390467551,476,0.166907493811182,"srmspe"
2019-09-02,158,9.11133132317626,969,0.339682857676583,"srmspe"
2019-09-02,119,9.11437444182594,253,0.0886403084916571,"srmspe"
2019-09-02,46,9.12007053570866,404,0.141573603411958,"srmspe"
2019-09-02,44,9.12022659307531,424,0.14855301545569,"srmspe"
2019-09-02,651,9.07286318229704,1794,0.628694363576222,"srmspe"
2019-09-02,150,9.11195555264286,1683,0.589817836059389,"srmspe"
2019-09-02,35,9.12092885122524,715,0.250581040617414,"srmspe"
2019-09-02,131,9.11343809762604,848,0.297288613476129,"srmspe"
2019-09-02,121,9.11421838445929,518,0.181618879099773,"srmspe"
2019-09-02,49,9.11983644965869,378,0.132545794387784,"srmspe"
2019-09-02,51,9.11968039229204,436,0.152774170834944,"srmspe"
2019-09-02,101,9.11577895812579,302,0.105837735787357,"srmspe"
2019-09-02,43,9.12030462175864,1012,0.354764264613678,"srmspe"
2019-09-02,89,9.11671530232569,700,0.245313480118909,"srmspe"
2019-09-02,341,9.09705207412779,1576,0.552212435396026,"srmspe"
2019-09-02,324,9.09837856174431,2299,0.80515751253238,"srmspe"
2019-09-02,215,9.10688368822674,2331,0.816374125988763,"srmspe"
2019-09-02,54,9.11944630624206,617,0.216266955864986,"srmspe"
2019-09-02,112,9.11492064260921,747,0.261709001651662,"srmspe"
2019-09-02,142,9.11257978210946,770,0.269834647113116,"srmspe"
2019-09-02,175,9.11000483555974,827,0.28979326999295,"srmspe"
2019-09-02,120,9.11429641314261,785,0.275231143415767,"srmspe"
2019-09-02,155,9.11156540922624,1691,0.592910685337856,"srmspe"
2019-09-02,258,9.10352845484376,878,0.307646810765224,"srmspe"
2019-09-02,106,9.11538881470916,401,0.14059542596861,"srmspe"
2019-09-02,114,9.11476458524256,1357,0.475357009684342,"srmspe"
2019-09-02,144,9.11242372474281,640,0.224181926290203,"srmspe"
2019-09-02,170,9.11039497897636,1040,0.364322995708436,"srmspe"
2019-09-02,169,9.11047300765969,342,0.119847394159328,"srmspe"
2019-09-02,34,9.12100687990856,775,0.271442618943479,"srmspe"
2019-09-02,71,9.11811981862554,781,0.273522802682984,"srmspe"
2019-09-02,154,9.11164343790956,629,0.220388893730064,"srmspe"
2019-09-02,102,9.11570092944246,598,0.209607398124408,"srmspe"
2019-09-02,144,9.11242372474281,1115,0.390443306357904,"srmspe"
2019-09-02,308,9.09962702067751,967,0.338619680107118,"srmspe"
2019-09-02,203,9.10782003242664,1051,0.36805345848851,"srmspe"
2019-09-02,104,9.11554487207581,758,0.265862042994121,"srmspe"
2019-09-02,306,9.09978307804416,896,0.313784138950457,"srmspe"
2019-09-02,0,9.12365985514161,1413,0.495312157973541,"srmspe"
2019-09-02,196,9.10836623320991,671,0.235239472302448,"srmspe"
2019-09-02,96,9.11616910154241,867,0.303849733459832,"srmspe"
2019-09-02,158,9.11133132317626,1145,0.401214370484183,"srmspe"
2019-09-02,310,9.09947096331086,897,0.314304363082952,"srmspe"
2019-09-02,126,9.11382824104266,815,0.285547497300531,"srmspe"
2019-09-02,52,9.11960236360871,485,0.169938056578197,"srmspe"
2019-09-02,75,9.11780770389224,872,0.30552691222364,"srmspe"
2019-09-02,146,9.11226766737616,786,0.275511909644753,"srmspe"
2019-09-02,105,9.11546684339249,1688,0.591443597411333,"srmspe"
2019-09-02,124,9.11398429840931,1519,0.532041643125279,"srmspe"
2019-09-02,254,9.10384056957706,1495,0.523953828039063,"srmspe"
2019-09-02,215,9.10688368822674,1088,0.381372433807758,"srmspe"
2019-09-02,156,9.11148738054291,3238,1.13453403236681,"srmspe"
2019-09-02,131,9.11343809762604,1057,0.370625642583979,"srmspe"
2019-09-02,100,9.11585698680911,1286,0.450467452149502,"srmspe"
2019-09-02,84,9.11710544574231,825,0.289121621043668,"srmspe"
2019-09-02,119,9.11437444182594,213,0.0747263850879921,"srmspe"
2019-09-02,106,9.11538881470916,351,0.123009559978777,"srmspe"
2019-09-02,71,9.11811981862554,569,0.199480528088048,"srmspe"
2019-09-02,211,9.10719580296004,1807,0.633254268347148,"srmspe"
2019-09-02,93,9.11640318759239,1185,0.415539943110752,"srmspe"
2019-09-02,254,9.10384056957706,711,0.249123265181119,"srmspe"
2019-09-02,213,9.10703974559339,3170,1.11110578337413,"srmspe"
2019-09-02,83,9.11718347442564,1626,0.569981275770943,"srmspe"
2019-09-02,173,9.11016089292639,661,0.231886572764518,"srmspe"
2019-09-02,116,9.11460852787591,1554,0.544812327502986,"srmspe"
2019-09-02,139,9.11281386815944,981,0.34381993095466,"srmspe"
2019-09-02,34,9.12100687990856,252,0.0883636526019593,"srmspe"
2019-09-02,199,9.10813214715994,1737,0.608841577574802,"srmspe"
2019-09-02,286,9.10134365171066,992,0.347573677651152,"srmspe"
2019-09-02,458,9.08792271817877,1966,0.689132767483801,"srmspe"
2019-09-02,186,9.10914652004316,919,0.322400724788412,"srmspe"
2019-09-02,154,9.11164343790956,1062,0.372102849113147,"srmspe"
2019-09-02,445,9.08893709106199,1091,0.382514173087757,"srmspe"
2019-09-02,103,9.11562290075914,903,0.316456557526703,"srmspe"
2019-09-02,172,9.11023892160971,2401,0.841275719977817,"srmspe"
2019-09-02,263,9.10313831142714,512,0.179464211350018,"srmspe"
2019-09-02,113,9.11484261392589,549,0.192341545583054,"srmspe"
2019-09-02,298,9.10040730751076,2279,0.798422932803877,"srmspe"
2019-09-02,178,9.10977074950976,1000,0.350322239852974,"srmspe"
2019-09-02,155,9.11156540922624,415,0.145762569108524,"srmspe"
2019-09-02,12,9.12272351094171,918,0.321935335135563,"srmspe"
2019-09-02,67,9.11843193335884,910,0.318703245244681,"srmspe"
2019-09-02,81,9.11733953179229,408,0.143121150498427,"srmspe"
2019-09-02,101,9.11577895812579,362,0.126897056932311,"srmspe"
2019-09-02,173,9.11016089292639,417,0.146126294486204,"srmspe"
2019-09-02,56,9.11929024887541,593,0.2077369977465,"srmspe"
2019-09-02,53,9.11952433492539,475,0.166441624930285,"srmspe"
2019-09-02,113,9.11484261392589,1406,0.492566814550899,"srmspe"
2019-09-02,124,9.11398429840931,1677,0.587436174754552,"srmspe"
2019-09-02,115,9.11468655655924,1481,0.518931303521249,"srmspe"
2019-09-02,258,9.10352845484376,1409,0.493658879894538,"srmspe"
2019-09-02,13,9.12264548225839,418,0.146489626003074,"srmspe"
2019-09-02,75,9.11780770389224,506,0.177284203984421,"srmspe"
2019-09-02,71,9.11811981862554,692,0.242432433329871,"srmspe"
2019-09-02,152,9.11179949527621,729,0.255349680316303,"srmspe"
2019-09-02,54,9.11944630624206,310,0.108632286735445,"srmspe"
2019-09-02,49,9.11983644965869,287,0.100654285158067,"srmspe"
2019-09-02,641,9.07364346913029,4641,1.62580067175713,"srmspe"
2019-09-02,138,9.11289189684276,1260,0.441395917467595,"srmspe"
2019-09-02,70,9.11819784730886,333,0.116716137476225,"srmspe"
2019-09-02,56,9.11929024887541,699,0.244880690111703,"srmspe"
2019-09-02,87,9.11687135969234,968,0.339038824687675,"srmspe"
2019-09-02,75,9.11780770389224,700,0.245370088027172,"srmspe"
2019-09-02,78,9.11757361784226,598,0.209502247105731,"srmspe"
2019-09-02,76,9.11772967520891,620,0.217316057044627,"srmspe"
2019-09-02,77,9.11765164652559,684,0.239638991169569,"srmspe"
2019-09-02,50,9.11975842097536,1396,0.489405949817049,"srmspe"
2019-09-02,206,9.10758594637666,2672,0.936102246567703,"srmspe"
2019-09-02,193,9.10860031925989,1545,0.541381684412783,"srmspe"
2019-09-02,438,9.08948329184526,1257,0.440380058412448,"srmspe"
2019-09-02,27,9.12155308069184,483,0.169430454087354,"srmspe"
2019-09-02,350,9.09634981597786,1732,0.606707390864196,"srmspe"
2019-09-02,105,9.11546684339249,435,0.15239590529295,"srmspe"
2019-09-02,57,9.11921222019209,616,0.215848244299146,"srmspe"
2019-09-02,239,9.10501099982694,447,0.156626164340216,"srmspe"
2019-09-02,52,9.11960236360871,742,0.259896802184838,"srmspe"
2019-09-02,58,9.11913419150876,589,0.206334996603747,"srmspe"
2019-09-02,71,9.11811981862554,411,0.144062361580672,"srmspe"
2019-09-02,39,9.12061673649194,493,0.172806265900748,"srmspe"
2019-09-02,68,9.11835390467551,300,0.105209032168505,"srmspe"
2019-09-02,134,9.11320401157606,513,0.179779008466555,"srmspe"
2019-09-02,184,9.10930257740981,3019,1.05764979760678,"srmspe"
2019-09-02,145,9.11234569605949,1554,0.545020184177271,"srmspe"
2019-09-02,188,9.10899046267651,1720,0.60268964207067,"srmspe"
2019-09-02,1597,8.9990480478716,4393,1.53932765226178,"srmspe"
2019-09-02,513,9.08363114059589,2118,0.742531402327797,"srmspe"
2019-09-02,199,9.10813214715994,725,0.254069386859783,"srmspe"
2019-09-02,95,9.11624713022574,339,0.118921569454445,"srmspe"
2019-09-02,84,9.11710544574231,499,0.174880132403574,"srmspe"
2019-09-02,128,9.11367218367601,769,0.269865625616653,"srmspe"
2019-09-02,74,9.11788573257556,651,0.2281938953956,"srmspe"
2019-09-02,79,9.11749558915894,531,0.186219423082703,"srmspe"
2019-09-02,39,9.12061673649194,1352,0.473844236990751,"srmspe"
2019-09-02,126,9.11382824104266,1742,0.610346587612288,"srmspe"
2019-09-02,65,9.11858799072549,559,0.195880131146668,"srmspe"
2019-09-02,113,9.11484261392589,379,0.132960918862662,"srmspe"
2019-09-02,1117,9.03650181586759,9463,3.31437386455889,"srmspe"
2019-09-02,181,9.10953666345979,2129,0.746462454793531,"srmspe"
2019-09-02,44,9.12022659307531,688,0.241115111005971,"srmspe"
2019-09-02,301,9.10017322146079,1882,0.659136673042771,"srmspe"
2019-09-02,40,9.12053870780861,973,0.340929848946089,"srmspe"
2019-09-02,314,9.09915884857756,1545,0.541211358156615,"srmspe"
2019-09-02,231,9.10563522929354,1528,0.535435024124405,"srmspe"
2019-09-02,86,9.11694938837566,1218,0.426819705761409,"srmspe"
2019-09-02,411,9.09159006629504,1733,0.607023124188659,"srmspe"
2019-09-02,846,9.05764758904867,3921,1.37399608129188,"srmspe"
2019-09-02,1101,9.03775027480079,4550,1.59374851650058,"srmspe"
2019-09-02,177,9.10984877819309,40,0.0141017411907717,"srmspe"
2019-09-02,24,9.12178716674181,575,0.201567776763228,"srmspe"
2019-09-02,68,9.11835390467551,307,0.107677841434512,"srmspe"
2019-09-02,47,9.11999250702534,531,0.186062583814608,"srmspe"
2019-09-02,72,9.11804178994221,442,0.154964959372827,"srmspe"
2019-09-02,325,9.09830053306099,2931,1.02674679740107,"srmspe"
2019-09-02,243,9.10469888509364,1551,0.543528022847852,"srmspe"
2019-09-02,99,9.11593501549244,1597,0.559636423098166,"srmspe"
2019-09-02,134,9.11320401157606,537,0.18818589586877,"srmspe"
2019-09-02,172,9.11023892160971,565,0.19804065325332,"srmspe"
2019-09-02,80,9.11741756047561,832,0.291658939776341,"srmspe"
2019-09-02,193,9.10860031925989,2210,0.774296745461042,"srmspe"
2019-09-02,137,9.11296992552609,2432,0.851999021136524,"srmspe"
2019-09-02,531,9.08222662429604,3530,1.23670216127134,"srmspe"
2019-09-02,55,9.11936827755874,695,0.243688513953286,"srmspe"
2019-09-02,331,9.09783236096104,3103,1.08772700096117,"srmspe"
2019-09-02,81,9.11733953179229,1130,0.395966339323431,"srmspe"
2019-09-02,45,9.12014856439199,643,0.225327709562312,"srmspe"
2019-09-02,95,9.11624713022574,739,0.259296259061229,"srmspe"
2019-09-02,79,9.11749558915894,1299,0.455481748410587,"srmspe"
2019-09-02,155,9.11156540922624,943,0.330347270927739,"srmspe"
2019-09-02,87,9.11687135969234,839,0.293943653542962,"srmspe"
2019-09-02,174,9.11008286424306,2946,1.03217431941454,"srmspe"
2019-09-02,109,9.11515472865919,278,0.0974324136876727,"srmspe"
2019-09-02,107,9.11531078602584,814,0.285204000786289,"srmspe"
2019-09-02,42,9.12038265044196,722,0.252964999767692,"srmspe"
2019-09-02,36,9.12085082254191,715,0.250486698608624,"srmspe"
2019-09-02,204,9.10774200374331,1001,0.350701344481429,"srmspe"
2019-09-02,39,9.12061673649194,480,0.168288279816076,"srmspe"
2019-09-02,107,9.11531078602584,647,0.226738403983126,"srmspe"
2019-09-02,69,9.11827587599219,642,0.224933452322632,"srmspe"
2019-09-02,972,9.04781597494972,4302,1.507376951169,"srmspe"
2019-09-02,327,9.09814447569434,997,0.349438202081307,"srmspe"
2019-09-02,219,9.10657157349344,2029,0.711068235733099,"srmspe"
2019-09-02,230,9.10571325797686,1381,0.483820023424902,"srmspe"
2019-09-02,87,9.11687135969234,1716,0.601532340657588,"srmspe"
2019-09-02,24,9.12178716674181,431,0.151095333381057,"srmspe"
2019-09-02,144,9.11242372474281,1411,0.494141938410793,"srmspe"
2019-09-02,105,9.11546684339249,706,0.247630315696686,"srmspe"
2019-09-02,243,9.10469888509364,684,0.239729102648656,"srmspe"
2019-09-02,79,9.11749558915894,1222,0.428094158477387,"srmspe"
2019-09-02,152,9.11179949527621,1673,0.586237272553379,"srmspe"
2019-09-02,119,9.11437444182594,843,0.295543713817671,"srmspe"
2019-09-02,35,9.12092885122524,439,0.153800252285034,"srmspe"
2019-09-02,369,9.09486727099469,1891,0.662792937447923,"srmspe"
2019-09-02,278,9.10196788117726,899,0.315059862438745,"srmspe"
2019-09-02,235,9.10532311456024,892,0.312622118376523,"srmspe"
2019-09-02,98,9.11601304417576,242,0.0849104648617974,"srmspe"
2019-09-02,99,9.11593501549244,1150,0.402878847863631,"srmspe"
2019-09-02,78,9.11757361784226,753,0.263850227546725,"srmspe"
2019-09-02,79,9.11749558915894,286,0.10027475617586,"srmspe"
2019-09-02,73,9.11796376125889,503,0.176290368293434,"srmspe"
2019-09-02,75,9.11780770389224,819,0.286998374395332,"srmspe"
2019-09-02,84,9.11710544574231,569,0.199447413245406,"srmspe"
2019-09-02,72,9.11804178994221,781,0.273667039874401,"srmspe"
2019-09-02,102,9.11570092944246,506,0.177385453040717,"srmspe"
2019-09-02,60,9.11897813414211,929,0.325516429046293,"srmspe"
2019-09-02,115,9.11468655655924,489,0.171360509709996,"srmspe"
2019-09-02,131,9.11343809762604,2093,0.733486187178693,"srmspe"
2019-09-02,101,9.11577895812579,553,0.193815217718849,"srmspe"
2019-09-02,128,9.11367218367601,1005,0.35208228118414,"srmspe"
2019-09-02,161,9.11109723712629,905,0.317182347427247,"srmspe"
2019-09-02,120,9.11429641314261,1087,0.380926721106554,"srmspe"
2019-09-02,89,9.11671530232569,309,0.108247853681123,"srmspe"
2019-09-02,197,9.10828820452659,1911,0.669523424579572,"srmspe"
2019-09-02,79,9.11749558915894,312,0.109347587873373,"srmspe"
2019-09-02,267,9.10282619669384,999,0.350266199223514,"srmspe"
2019-09-02,343,9.09689601676114,1984,0.69539207549906,"srmspe"
2019-09-02,206,9.10758594637666,941,0.330214474684688,"srmspe"
2019-09-02,108,9.11523275734251,617,0.216505730008689,"srmspe"
2019-09-02,957,9.04898640519959,1843,0.645712722096742,"srmspe"
2019-09-02,20,9.12209928147511,1378,0.482775470825129,"srmspe"
2019-09-02,55,9.11936827755874,577,0.202181134506196,"srmspe"
2019-09-02,164,9.11086315107631,542,0.189897803631162,"srmspe"
2019-09-02,16,9.12241139620841,339,0.118934114231109,"srmspe"
2019-09-02,320,9.09869067647761,798,0.279808565533847,"srmspe"
2019-09-02,134,9.11320401157606,1386,0.48574547395271,"srmspe"
2019-09-02,207,9.10750791769334,1234,0.432341410638808,"srmspe"
2019-09-02,94,9.11632515890906,1006,0.352554863261606,"srmspe"
2019-09-02,149,9.11203358132619,876,0.307199048673964,"srmspe"
2019-09-02,135,9.11312598289274,933,0.32693460985462,"srmspe"
2019-09-02,271,9.10251408196054,2057,0.720449148216847,"srmspe"
2019-09-02,175,9.11000483555974,940,0.329282093094121,"srmspe"
2019-09-02,412,9.09151203761171,2696,0.944359544684622,"srmspe"
2019-09-02,172,9.11023892160971,1064,0.372696328324612,"srmspe"
2019-09-02,277,9.10204590986059,1149,0.402546420510727,"srmspe"
2019-09-02,61,9.11890010545879,506,0.177288183015077,"srmspe"
2019-09-02,89,9.11671530232569,861,0.302288796432573,"srmspe"
2019-09-02,118,9.11445247050926,731,0.256143807305323,"srmspe"
2019-09-02,51,9.11968039229204,598,0.209481012553991,"srmspe"
2019-09-02,38,9.12069476517526,139,0.0488012740837979,"srmspe"
2019-09-02,437,9.08956132052859,1349,0.473020506285077,"srmspe"
2019-09-02,194,9.10852229057656,1474,0.516311878802144,"srmspe"
2019-09-02,142,9.11257978210946,797,0.279186842615653,"srmspe"
2019-09-02,167,9.11062906502634,578,0.202505071295426,"srmspe"
2019-09-02,80,9.11741756047561,1229,0.430534488061888,"srmspe"
2019-09-02,138,9.11289189684276,799,0.27991600496042,"srmspe"
2019-09-02,171,9.11031695029304,569,0.19972345421468,"srmspe"
2019-09-02,162,9.11101920844296,959,0.336068273638176,"srmspe"
2019-09-02,149,9.11203358132619,926,0.324389249307516,"srmspe"
2019-09-02,99,9.11593501549244,2115,0.741285574098798,"srmspe"
2019-09-02,1203,9.02979134910164,2528,0.885446519162291,"srmspe"
2019-09-02,673,9.07114655126389,4143,1.45128109590067,"srmspe"
2019-09-02,176,9.10992680687641,4461,1.56274056286508,"srmspe"
2019-09-02,766,9.06388988371467,8356,2.92697239742329,"srmspe"
2019-09-02,56,9.11929024887541,844,0.295848299193255,"srmspe"
2019-09-02,264,9.10306028274381,760,0.266371377527991,"srmspe"
2019-09-02,848,9.05749153168202,3810,1.33503343091538,"srmspe"
2019-09-02,19,9.12217731015844,910,0.318872539960026,"srmspe"
2019-09-02,323,9.09845659042764,1454,0.510102726458421,"srmspe"
2019-09-02,119,9.11437444182594,1812,0.634844430784675,"srmspe"
2019-09-02,100,9.11585698680911,1116,0.390991858475323,"srmspe"
2019-09-02,164,9.11086315107631,625,0.219020955173466,"srmspe"
2019-09-02,114,9.11476458524256,1403,0.49140169828517,"srmspe"
2019-09-02,0,9.12365985514161,3715,1.30260594795937,"srmspe"
2019-09-02,503,9.08441142742914,2237,0.784381800786059,"srmspe"
2019-09-02,32,9.12116293727521,625,0.219154477265223,"srmspe"
2019-09-02,240,9.10493297114361,3062,1.07243170504358,"srmspe"
2019-09-02,1826,8.98117947939017,3016,1.05642859524149,"srmspe"
2019-09-02,151,9.11187752395954,884,0.309822748686176,"srmspe"
2019-09-02,152,9.11179949527621,944,0.330845954262776,"srmspe"
2019-09-02,168,9.11055103634301,1272,0.445872215992027,"srmspe"
2019-09-02,464,9.08745454607882,3423,1.19899603452379,"srmspe"
2019-09-02,605,9.07645250172999,4278,1.49830784465846,"srmspe"
2019-09-02,64,9.11866601940881,2757,0.966090820599125,"srmspe"
2019-09-02,1065,9.04055930740049,1677,0.587623216521553,"srmspe"
2019-09-02,332,9.09775433227771,2943,1.03069652077478,"srmspe"
2019-09-02,366,9.09510135704466,2414,0.845764565036839,"srmspe"
2019-09-02,137,9.11296992552609,1555,0.544818161987049,"srmspe"
2019-09-02,138,9.11289189684276,711,0.249141769240606,"srmspe"
2019-09-02,36,9.12085082254191,1019,0.357361099450213,"srmspe"
2019-09-02,101,9.11577895812579,3992,1.39849130518965,"srmspe"
2019-09-02,195,9.10844426189324,2532,0.887106974646226,"srmspe"
2019-09-02,46,9.12007053570866,331,0.1159995556766,"srmspe"
2019-09-02,122,9.11414035577596,243,0.0852621770008485,"srmspe"
2019-09-02,85,9.11702741705899,1046,0.366563780849596,"srmspe"
2019-09-02,576,9.07871533354642,2436,0.853292491511914,"srmspe"
2019-09-02,468,9.08714243134551,2168,0.759462367718844,"srmspe"
2019-09-02,194,9.10852229057656,689,0.241622896849497,"srmspe"
2019-09-02,338,9.09728616017776,2063,0.723491256344263,"srmspe"
2019-09-02,32,9.12116293727521,146,0.0512567796322033,"srmspe"
2019-09-02,33,9.12108490859189,1177,0.412332950329566,"srmspe"
2019-09-02,45,9.12014856439199,159,0.0556996028705987,"srmspe"
2019-09-02,77,9.11765164652559,2512,0.88005268646397,"srmspe"
2019-09-02,216,9.10680565954341,1195,0.418685555079197,"srmspe"
2019-09-02,531,9.08222662429604,2659,0.931361050452759,"srmspe"
2019-09-02,269,9.10267013932719,931,0.326248716863487,"srmspe"
2019-09-02,147,9.11218963869284,2443,0.85605429287638,"srmspe"
2019-09-02,437,9.08956132052859,2807,0.983540519078831,"srmspe"
2019-09-02,998,9.04578722918327,3191,1.11768256928241,"srmspe"
2019-09-02,93,9.11640318759239,1217,0.426805815291478,"srmspe"
2019-09-02,118,9.11445247050926,1048,0.367120498239615,"srmspe"
2019-09-02,408,9.09182415234501,919,0.322076243597943,"srmspe"
2019-09-02,156,9.11148738054291,2254,0.789333485206549,"srmspe"
2019-09-02,222,9.10633748744346,1779,0.623031722292871,"srmspe"
2019-09-02,220,9.10649354481011,1069,0.37452482516749,"srmspe"
2019-09-02,205,9.10766397505999,2320,0.812723154299848,"srmspe"
2019-09-02,63,9.11874404809214,873,0.306176729987786,"srmspe"
2019-09-02,134,9.11320401157606,2339,0.819361826500119,"srmspe"
2019-09-02,153,9.11172146659289,195,0.0685616955557662,"srmspe"
2019-09-02,34,9.12100687990856,156,0.0546405742843899,"srmspe"
2019-09-02,90,9.11663727364236,1281,0.44909715349813,"srmspe"
2019-09-02,287,9.10126562302734,667,0.233919748985125,"srmspe"
2019-09-02,73,9.11796376125889,853,0.299322979467677,"srmspe"
2019-09-02,97,9.11609107285909,856,0.300153687756044,"srmspe"
2019-09-02,68,9.11835390467551,555,0.194563918621488,"srmspe"
2019-09-02,93,9.11640318759239,811,0.284260885560394,"srmspe"
2019-09-02,141,9.11265781079279,1250,0.437911982412546,"srmspe"
2019-09-02,345,9.09673995939449,733,0.256893781090182,"srmspe"
2019-09-02,181,9.10953666345979,1066,0.373688161312487,"srmspe"
2019-09-02,57,9.11921222019209,642,0.225016674410608,"srmspe"
2019-09-02,197,9.10828820452659,1171,0.410150897094698,"srmspe"
2019-09-02,207,9.10750791769334,1393,0.488123834505526,"srmspe"
2019-09-02,145,9.11234569605949,1544,0.540904210493201,"srmspe"
2019-09-02,54,9.11944630624206,421,0.1479244453719,"srmspe"
2019-09-02,127,9.11375021235934,1938,0.679080650646479,"srmspe"
2019-09-02,50,9.11975842097536,1748,0.612610060838455,"srmspe"
2019-09-02,80,9.11741756047561,1337,0.468275948845966,"srmspe"
2019-09-02,115,9.11468655655924,436,0.152768430046856,"srmspe"
2019-09-02,38,9.12069476517526,1122,0.393094796170357,"srmspe"
2019-09-02,40,9.12053870780861,398,0.139410353306803,"srmspe"
2019-09-02,113,9.11484261392589,438,0.153499778551849,"srmspe"
2019-09-02,174,9.11008286424306,713,0.249955460760921,"srmspe"
2019-09-02,419,9.09096583682844,1374,0.481656160000633,"srmspe"
2019-09-02,135,9.11312598289274,660,0.231358733291774,"srmspe"
2019-09-02,143,9.11250175342614,1025,0.359233411726588,"srmspe"
2019-09-02,97,9.11609107285909,1033,0.362052560511062,"srmspe"
2019-09-02,277,9.10204590986059,1004,0.351928497399533,"srmspe"
2019-09-02,591,9.07754490329654,2463,0.862673945007331,"srmspe"
2019-09-02,194,9.10852229057656,1538,0.539149142544433,"srmspe"
2019-09-02,285,9.10142168039399,1909,0.668867410491277,"srmspe"
2019-09-02,49,9.11983644965869,477,0.167158543513656,"srmspe"
2019-09-02,59,9.11905616282544,439,0.153843272723601,"srmspe"
2019-09-02,92,9.11648121627571,506,0.177288825408885,"srmspe"
2019-09-02,83,9.11718347442564,313,0.109678569457458,"srmspe"
2019-09-02,104,9.11554487207581,810,0.283917069883136,"srmspe"
2019-09-02,76,9.11772967520891,733,0.256940116951743,"srmspe"
2019-09-02,117,9.11453049919259,799,0.279887212358175,"srmspe"
2019-09-02,157,9.11140935185959,975,0.341711326489561,"srmspe"
2019-09-02,451,9.08846891896204,1737,0.608721038808637,"srmspe"
2019-09-02,180,9.10961469214311,874,0.306251001309885,"srmspe"
2019-09-02,171,9.11031695029304,979,0.343407180359009,"srmspe"
2019-09-02,32,9.12116293727521,379,0.13279535260446,"srmspe"
2019-09-02,83,9.11718347442564,483,0.169686532197594,"srmspe"
2019-09-02,302,9.10009519277746,3132,1.09774494074395,"srmspe"
2019-09-02,312,9.09931490594421,1584,0.555117430632731,"srmspe"
2019-09-02,318,9.09884673384426,2973,1.04198959324797,"srmspe"
2019-09-02,198,9.10821017584326,1169,0.409684507106639,"srmspe"
2019-09-02,108,9.11523275734251,1748,0.612363629881225,"srmspe"
2019-09-02,196,9.10836623320991,649,0.22742323708532,"srmspe"
2019-09-02,92,9.11648121627571,960,0.336415113904957,"srmspe"
2019-09-02,255,9.10376254089374,949,0.332497227259527,"srmspe"
2019-09-02,78,9.11757361784226,732,0.256455913152967,"srmspe"
2019-09-02,46,9.12007053570866,329,0.115358209497148,"srmspe"
2019-09-02,74,9.11788573257556,350,0.122734736867571,"srmspe"
2019-09-02,92,9.11648121627571,942,0.3299905037657,"srmspe"
2019-09-02,70,9.11819784730886,319,0.111877514375237,"srmspe"
2019-09-02,28,9.12147505200851,381,0.133579059437065,"srmspe"
2019-09-02,143,9.11250175342614,1367,0.479259959971931,"srmspe"
2019-09-02,227,9.10594734402684,749,0.262451979091971,"srmspe"
2019-09-02,46,9.12007053570866,883,0.309428912087767,"srmspe"
2019-09-02,72,9.11804178994221,314,0.110017251544678,"srmspe"
2019-09-02,91,9.11655924495904,684,0.239737326562128,"srmspe"
2019-09-02,57,9.11921222019209,979,0.34288562364143,"srmspe"
2019-09-02,54,9.11944630624206,301,0.105527370823702,"srmspe"
2019-09-02,48,9.11991447834201,392,0.137350093591564,"srmspe"
2019-09-02,25,9.12170913805849,224,0.0785260906930375,"srmspe"
2019-09-02,40,9.12053870780861,295,0.103382238613953,"srmspe"
2019-09-02,50,9.11975842097536,357,0.125093450186928,"srmspe"
2019-09-02,165,9.11078512239299,784,0.274770445269158,"srmspe"
2019-09-02,265,9.10298225406049,1243,0.435580086558572,"srmspe"
2019-09-02,89,9.11671530232569,507,0.177662010567407,"srmspe"
2019-09-02,217,9.10672763086009,1212,0.424704086876878,"srmspe"
2019-09-02,240,9.10493297114361,674,0.236145798043569,"srmspe"
2019-09-02,295,9.10064139356074,966,0.338442374624061,"srmspe"
2019-09-02,221,9.10641551612679,841,0.294595398800826,"srmspe"
2019-09-02,68,9.11835390467551,519,0.181902412642803,"srmspe"
2019-09-02,94,9.11632515890906,477,0.167159415577711,"srmspe"
2019-09-02,66,9.11850996204216,452,0.158337581268701,"srmspe"
2019-09-02,112,9.11492064260921,515,0.180419998308689,"srmspe"
2019-09-02,132,9.11336006894271,510,0.178706766744231,"srmspe"
2019-09-02,43,9.12030462175864,658,0.230595514466225,"srmspe"
2019-09-02,59,9.11905616282544,363,0.127184392553614,"srmspe"
2019-09-02,88,9.11679333100901,470,0.164695457678369,"srmspe"
2019-09-02,30,9.12131899464186,377,0.132127636499104,"srmspe"
2019-09-02,49,9.11983644965869,522,0.182859646919929,"srmspe"
2019-09-02,50,9.11975842097536,380,0.133139050612164,"srmspe"
2019-09-02,29,9.12139702332519,400,0.14014549974328,"srmspe"
2019-09-02,35,9.12092885122524,207,0.072543946823719,"srmspe"
2019-09-02,88,9.11679333100901,557,0.195123902690166,"srmspe"
2019-09-02,61,9.11890010545879,476,0.1667637147982,"srmspe"
2019-09-02,89,9.11671530232569,438,0.153547704108696,"srmspe"
2019-09-02,74,9.11788573257556,707,0.247803575653431,"srmspe"
2019-09-02,180,9.10961469214311,946,0.331749644063629,"srmspe"
2019-09-02,112,9.11492064260921,1607,0.562969487498829,"srmspe"
2019-09-02,98,9.11601304417576,828,0.290107627393783,"srmspe"
2019-09-02,120,9.11429641314261,1437,0.50349840405063,"srmspe"
2019-09-02,139,9.11281386815944,782,0.274245373780599,"srmspe"
2019-09-02,78,9.11757361784226,1297,0.454361156054453,"srmspe"
2019-09-02,99,9.11593501549244,376,0.131693649574037,"srmspe"
2019-09-02,392,9.09307261127821,2587,0.906094258618478,"srmspe"
2019-09-02,115,9.11468655655924,685,0.239998644231599,"srmspe"
2019-09-02,86,9.11694938837566,268,0.0941086361839497,"srmspe"
2019-09-02,104,9.11554487207581,668,0.234053893040951,"srmspe"
2019-09-02,225,9.10610340139349,1769,0.620051714815216,"srmspe"
2019-09-02,52,9.11960236360871,304,0.106529948669329,"srmspe"
2019-09-02,111,9.11499867129254,1599,0.560039172667995,"srmspe"
2019-09-02,234,9.10540114324356,1610,0.564134370215549,"srmspe"
2019-09-02,305,9.09986110672749,1637,0.573707746261602,"srmspe"
2019-09-02,109,9.11515472865919,514,0.180121374778032,"srmspe"
2019-09-02,88,9.11679333100901,869,0.304528611389961,"srmspe"
2019-09-02,532,9.08214859561271,2332,0.816983488797418,"srmspe"
2019-09-02,104,9.11554487207581,1381,0.483851524246783,"srmspe"
2019-09-02,202,9.10789806110996,1058,0.37065394306322,"srmspe"
2019-09-02,166,9.11070709370966,495,0.173449687946074,"srmspe"
2019-09-02,108,9.11523275734251,1085,0.379997980137067,"srmspe"
2019-09-02,124,9.11398429840931,525,0.183938089681276,"srmspe"
2019-09-02,92,9.11648121627571,990,0.346899015378442,"srmspe"
2019-09-02,122,9.11414035577596,630,0.220768303050902,"srmspe"
2019-09-02,153,9.11172146659289,575,0.201475673579805,"srmspe"
2019-09-02,250,9.10415268431036,566,0.198377875617278,"srmspe"
2019-09-02,158,9.11133132317626,822,0.288108684684333,"srmspe"
2019-09-02,242,9.10477691377696,395,0.138510364241473,"srmspe"
2019-09-02,47,9.11999250702534,890,0.311842499269903,"srmspe"
2019-09-02,447,9.08878103369534,1391,0.487554872446082,"srmspe"
2019-09-02,75,9.11780770389224,1873,0.656094035593402,"srmspe"
2019-09-02,154,9.11164343790956,1148,0.402533320039683,"srmspe"
2019-09-02,86,9.11694938837566,988,0.346244270612287,"srmspe"
2019-09-02,117,9.11453049919259,883,0.309371906133292,"srmspe"
2019-09-02,99,9.11593501549244,959,0.336063526895877,"srmspe"
2019-09-02,60,9.11897813414211,482,0.16889053736624,"srmspe"
2019-09-02,516,9.08339705454592,1522,0.53328005051782,"srmspe"
2019-09-02,457,9.08800074686209,1626,0.569936966254553,"srmspe"
2019-09-02,53,9.11952433492539,354,0.124028916466379,"srmspe"
2019-09-02,14,9.12256745357506,247,0.086575844884617,"srmspe"
2019-09-02,69,9.11827587599219,1175,0.411705223927685,"srmspe"
2019-09-02,396,9.09276049654491,742,0.260326688130855,"srmspe"
2019-09-02,398,9.09260443917826,4336,1.51853335082344,"srmspe"
2019-09-02,17,9.12233336752509,172,0.0603054731044288,"srmspe"
2019-09-02,102,9.11570092944246,1451,0.508318654172179,"srmspe"
2019-09-02,78,9.11757361784226,446,0.156287139168328,"srmspe"
2019-09-02,44,9.12022659307531,676,0.236830731308268,"srmspe"
2019-09-02,152,9.11179949527621,765,0.268373859639328,"srmspe"
2019-09-02,71,9.11811981862554,346,0.121278001295808,"srmspe"
2019-09-02,55,9.11936827755874,790,0.276759825586576,"srmspe"
2019-09-02,107,9.11531078602584,1441,0.504859883999979,"srmspe"
2019-09-02,44,9.12022659307531,704,0.246668488999366,"srmspe"
2019-09-02,48,9.11991447834201,679,0.237923274108686,"srmspe"
2019-09-02,92,9.11648121627571,330,0.115693659074489,"srmspe"
2019-09-02,329,9.09798841832769,746,0.26139015887789,"srmspe"
2019-09-02,172,9.11023892160971,1630,0.571105422419105,"srmspe"
2019-09-02,243,9.10469888509364,1692,0.592759333348457,"srmspe"
2019-09-02,176,9.10992680687641,1056,0.370066326393686,"srmspe"
2019-09-02,49,9.11983644965869,348,0.122027202689184,"srmspe"
2019-09-02,320,9.09869067647761,1198,0.419760194169434,"srmspe"
2019-09-02,284,9.10149970907731,885,0.310187705786238,"srmspe"
2019-09-02,74,9.11788573257556,771,0.270246694295243,"srmspe"
2019-09-03,71,8.80499071244233,626,0.258442311893701,"srmspe"
2019-09-03,0,8.81053074895841,1191,0.492134727112013,"srmspe"
2019-09-03,128,8.80054307749281,672,0.27739685284066,"srmspe"
2019-09-03,154,8.79851433172636,796,0.328618125321033,"srmspe"
2019-09-03,107,8.80218167984263,751,0.309866655314689,"srmspe"
2019-09-03,78,8.80444451165906,573,0.23639942258496,"srmspe"
2019-09-03,43,8.80717551557544,392,0.16182735723091,"srmspe"
2019-09-03,98,8.80288393799256,893,0.368623550585094,"srmspe"
2019-09-03,60,8.80584902795891,452,0.186520854632293,"srmspe"
2019-09-03,103,8.80249379457594,335,0.138288856814494,"srmspe"
2019-09-03,72,8.80491268375901,444,0.18329447893085,"srmspe"
2019-09-03,68,8.80522479849231,725,0.299225439983109,"srmspe"
2019-09-03,62,8.80569297059226,388,0.160132509253972,"srmspe"
2019-09-03,31,8.80811185977534,384,0.158575019582915,"srmspe"
2019-09-03,83,8.80405436824243,574,0.237010828246619,"srmspe"
2019-09-03,102,8.80257182325926,579,0.239041036339926,"srmspe"
2019-09-03,150,8.79882644645966,2120,0.874937173877738,"srmspe"
2019-09-03,47,8.80686340084213,1505,0.621572020517918,"srmspe"
2019-09-03,460,8.77463755462891,3272,1.35030675529382,"srmspe"
2019-09-03,123,8.80093322090944,1654,0.682678691390063,"srmspe"
2019-09-03,396,8.77963139036171,1277,0.527256968268898,"srmspe"
2019-09-03,63,8.80561494190894,546,0.225409151919014,"srmspe"
2019-09-03,206,8.79445684019346,1659,0.684794883147634,"srmspe"
2019-09-03,83,8.80405436824243,624,0.25771045929937,"srmspe"
2019-09-03,312,8.78618579976101,2439,1.00647918647758,"srmspe"
2019-09-03,68,8.80522479849231,1439,0.594042453503428,"srmspe"
2019-09-03,45,8.80701945820879,966,0.398888132626941,"srmspe"
2019-09-03,38,8.80756565899206,563,0.232277744224195,"srmspe"
2019-09-03,76,8.80460056902571,490,0.202262232474084,"srmspe"
2019-09-03,52,8.80647325742551,347,0.143338015938344,"srmspe"
2019-09-03,130,8.80038702012616,621,0.256406575322447,"srmspe"
2019-09-03,84,8.80397633955911,532,0.219546730645933,"srmspe"
2019-09-03,145,8.79921658987629,535,0.220883817224514,"srmspe"
2019-09-03,61,8.80577099927559,947,0.390780523577695,"srmspe"
2019-09-03,209,8.79422275414349,1102,0.454766543104831,"srmspe"
2019-09-03,58,8.80600508532556,486,0.200594780882267,"srmspe"
2019-09-03,91,8.80343013877584,212,0.087751104398254,"srmspe"
2019-09-03,333,8.78454719741119,1805,0.74497695167053,"srmspe"
2019-09-03,57,8.80608311400889,863,0.356439656514425,"srmspe"
2019-09-03,351,8.78314268111134,1723,0.711224260356995,"srmspe"
2019-09-03,84,8.80397633955911,265,0.109368839317448,"srmspe"
2019-09-03,694,8.75637884273086,4774,1.97042549745015,"srmspe"
2019-09-03,90,8.80350816745916,531,0.219256822523238,"srmspe"
2019-09-03,111,8.80186956510934,724,0.298889843510663,"srmspe"
2019-09-03,57,8.80608311400889,263,0.108574204183705,"srmspe"
2019-09-03,29,8.80826791714198,343,0.141572837069572,"srmspe"
2019-09-03,33,8.80795580240869,403,0.166307792982706,"srmspe"
2019-09-03,57,8.80608311400889,485,0.200362106419873,"srmspe"
2019-09-03,130,8.80038702012616,1220,0.50353426389899,"srmspe"
2019-09-03,104,8.80241576589261,1555,0.641623614374289,"srmspe"
2019-09-03,527,8.76940963284614,1368,0.564369641683795,"srmspe"
2019-09-03,178,8.79664164332656,1556,0.642041735248298,"srmspe"
2019-09-03,214,8.79383261072686,1575,0.650200994747483,"srmspe"
2019-09-03,27,8.80842397450864,632,0.260850752810389,"srmspe"
2019-09-03,50,8.80662931479216,156,0.0644872153281087,"srmspe"
2019-09-03,58,8.80600508532556,291,0.12017608919907,"srmspe"
2019-09-03,47,8.80686340084213,194,0.0802202910318764,"srmspe"
2019-09-03,130,8.80038702012616,757,0.312484085510494,"srmspe"
2019-09-03,157,8.79828024567639,751,0.310036245768914,"srmspe"
2019-09-03,88,8.80366422482581,1005,0.414756727685392,"srmspe"
2019-09-03,40,8.80740960162541,777,0.320657151359388,"srmspe"
2019-09-03,59,8.80592705664223,540,0.222854353673335,"srmspe"
2019-09-03,128,8.80054307749281,483,0.199289136831516,"srmspe"
2019-09-03,93,8.80327408140919,587,0.242196552207929,"srmspe"
2019-09-03,180,8.79648558595991,1460,0.60288898065285,"srmspe"
2019-09-03,176,8.79679770069321,705,0.291061555752841,"srmspe"
2019-09-03,203,8.79469092624344,1543,0.636596860627542,"srmspe"
2019-09-03,11,8.80967243344183,512,0.211345472899813,"srmspe"
2019-09-03,160,8.79804615962641,997,0.411727013744349,"srmspe"
2019-09-03,132,8.80023096275951,1425,0.588296226618126,"srmspe"
2019-09-03,39,8.80748763030874,1436,0.592898102662678,"srmspe"
2019-09-03,245,8.79141372154379,1513,0.624355697030224,"srmspe"
2019-09-03,353,8.78298662374469,671,0.277109680309336,"srmspe"
2019-09-03,131,8.80030899144284,662,0.273494207693183,"srmspe"
2019-09-03,139,8.79968476197624,1194,0.492938269449192,"srmspe"
2019-09-03,72,8.80491268375901,1183,0.488221808182114,"srmspe"
2019-09-03,171,8.79718784410984,1347,0.556034158882562,"srmspe"
2019-09-03,65,8.80545888454228,903,0.372861280558528,"srmspe"
2019-09-03,36,8.80772171635871,685,0.282714863533842,"srmspe"
2019-09-03,54,8.80631720005886,697,0.287642591315421,"srmspe"
2019-09-03,170,8.79726587279316,584,0.241079047871266,"srmspe"
2019-09-03,60,8.80584902795891,510,0.210430063584017,"srmspe"
2019-09-03,38,8.80756565899206,340,0.140333976166972,"srmspe"
2019-09-03,56,8.80616114269221,352,0.145291167215623,"srmspe"
2019-09-03,227,8.79281823784364,943,0.38908568156053,"srmspe"
2019-09-03,104,8.80241576589261,471,0.194333645105458,"srmspe"
2019-09-03,52,8.80647325742551,791,0.326513746432107,"srmspe"
2019-09-03,123,8.80093322090944,763,0.314913313661002,"srmspe"
2019-09-03,38,8.80756565899206,175,0.0723465303069955,"srmspe"
2019-09-03,85,8.80389831087579,459,0.189508122462234,"srmspe"
2019-09-03,93,8.80327408140919,445,0.183770498706319,"srmspe"
2019-09-03,68,8.80522479849231,481,0.198494616983656,"srmspe"
2019-09-03,45,8.80701945820879,385,0.158954439344779,"srmspe"
2019-09-03,37,8.80764368767539,314,0.129571818546154,"srmspe"
2019-09-03,82,8.80413239692576,621,0.256330097893604,"srmspe"
2019-09-03,26,8.80850200319196,806,0.332656554590002,"srmspe"
2019-09-03,89,8.80358619614249,406,0.167601316124768,"srmspe"
2019-09-03,100,8.80272788062591,501,0.206807224626802,"srmspe"
2019-09-03,141,8.79952870460959,1275,0.525986698566899,"srmspe"
2019-09-03,45,8.80701945820879,308,0.127160766782477,"srmspe"
2019-09-03,67,8.80530282717564,481,0.198490071052249,"srmspe"
2019-09-03,104,8.80241576589261,536,0.221221052178731,"srmspe"
2019-09-03,35,8.80779974504203,420,0.173273573605104,"srmspe"
2019-09-03,113,8.80171350774269,275,0.113513306954723,"srmspe"
2019-09-03,51,8.80655128610884,324,0.133728404542432,"srmspe"
2019-09-03,33,8.80795580240869,226,0.0932941823892202,"srmspe"
2019-09-03,79,8.80436648297574,143,0.0590662754161683,"srmspe"
2019-09-03,51,8.80655128610884,372,0.153552627951626,"srmspe"
2019-09-03,41,8.80733157294208,552,0.227761744276787,"srmspe"
2019-09-03,232,8.79242809442701,254,0.10495799232986,"srmspe"
2019-09-03,43,8.80717551557544,520,0.214560122406661,"srmspe"
2019-09-03,219,8.79344246731024,1026,0.423442205553736,"srmspe"
2019-09-03,164,8.79773404489311,1610,0.664304560155272,"srmspe"
2019-09-03,389,8.78017759114499,1493,0.615940374116422,"srmspe"
2019-09-03,273,8.78922891841069,1226,0.505816029974321,"srmspe"
2019-09-03,179,8.79656361464324,1900,0.78379565355494,"srmspe"
2019-09-03,366,8.78197225086146,1399,0.577168659139359,"srmspe"
2019-09-03,61,8.80577099927559,382,0.157745241940078,"srmspe"
2019-09-03,28,8.80834594582531,411,0.169600387640576,"srmspe"
2019-09-03,57,8.80608311400889,377,0.155630036421412,"srmspe"
2019-09-03,41,8.80733157294208,266,0.109834726320776,"srmspe"
2019-09-03,18,8.80912623265856,247,0.101984028820903,"srmspe"
2019-09-03,50,8.80662931479216,485,0.200099323779603,"srmspe"
2019-09-03,72,8.80491268375901,329,0.135849777305978,"srmspe"
2019-09-03,91,8.80343013877584,307,0.126681911546008,"srmspe"
2019-09-03,31,8.80811185977534,295,0.121752464573399,"srmspe"
2019-09-03,252,8.79086752076051,750,0.309579629873582,"srmspe"
2019-09-03,126,8.80069913485946,760,0.313750772928574,"srmspe"
2019-09-03,32,8.80803383109201,1063,0.438753938633045,"srmspe"
2019-09-03,18,8.80912623265856,248,0.102495324250504,"srmspe"
2019-09-03,117,8.80140139300939,1596,0.658659333656565,"srmspe"
2019-09-03,111,8.80186956510934,720,0.297261946388999,"srmspe"
2019-09-03,128,8.80054307749281,1136,0.468742698162126,"srmspe"
2019-09-03,101,8.80264985194258,535,0.220898487096692,"srmspe"
2019-09-03,96,8.80303999535921,431,0.177975222601074,"srmspe"
2019-09-03,75,8.80467859770904,437,0.180468965908578,"srmspe"
2019-09-03,73,8.80483465507569,2448,1.01029780453377,"srmspe"
2019-09-03,115,8.80155745037604,737,0.304281594005721,"srmspe"
2019-09-03,500,8.77151640729591,1978,0.81625010920845,"srmspe"
2019-09-03,70,8.80506874112566,1709,0.705398140608494,"srmspe"
2019-09-03,118,8.80132336432606,1169,0.482422325450136,"srmspe"
2019-09-03,130,8.80038702012616,991,0.409115470427876,"srmspe"
2019-09-03,320,8.78556157029441,3102,1.28055953200394,"srmspe"
2019-09-03,183,8.79625149990994,830,0.342738415700234,"srmspe"
2019-09-03,160,8.79804615962641,2976,1.22847791944471,"srmspe"
2019-09-03,69,8.80514676980899,395,0.163086622235632,"srmspe"
2019-09-03,62,8.80569297059226,407,0.167975662290687,"srmspe"
2019-09-03,83,8.80405436824243,767,0.316683397916743,"srmspe"
2019-09-03,319,8.78563959897774,1997,0.824067284264498,"srmspe"
2019-09-03,151,8.79874841777634,1759,0.725604707225509,"srmspe"
2019-09-03,173,8.79703178674319,789,0.325576444658317,"srmspe"
2019-09-03,77,8.80452254034239,667,0.275433431688048,"srmspe"
2019-09-03,52,8.80647325742551,508,0.209637292790729,"srmspe"
2019-09-03,36,8.80772171635871,234,0.0966096260807548,"srmspe"
2019-09-03,46,8.80694142952546,699,0.288419965956989,"srmspe"
2019-09-03,82,8.80413239692576,555,0.229068462668597,"srmspe"
2019-09-03,40,8.80740960162541,362,0.149590216619053,"srmspe"
2019-09-03,75,8.80467859770904,366,0.151211087017179,"srmspe"
2019-09-03,59,8.80592705664223,735,0.303379609056862,"srmspe"
2019-09-03,315,8.78595171371104,2401,0.990870798687637,"srmspe"
2019-09-03,45,8.80701945820879,816,0.337240959154257,"srmspe"
2019-09-03,273,8.78922891841069,2247,0.927385108008446,"srmspe"
2019-09-03,139,8.79968476197624,1006,0.415133391245135,"srmspe"
2019-09-03,201,8.79484698361009,1448,0.597308803707105,"srmspe"
2019-09-03,57,8.80608311400889,577,0.238075042269068,"srmspe"
2019-09-03,139,8.79968476197624,578,0.238583426477184,"srmspe"
2019-09-03,133,8.80015293407619,987,0.407332812509055,"srmspe"
2019-09-03,195,8.79531515571004,3484,1.43806579989088,"srmspe"
2019-09-03,328,8.78493734082781,1904,0.786007450321912,"srmspe"
2019-09-03,116,8.80147942169271,1986,0.820175069618383,"srmspe"
2019-09-03,270,8.78946300446066,1711,0.706190921106984,"srmspe"
2019-09-03,269,8.78954103314399,1028,0.424316800957251,"srmspe"
2019-09-03,131,8.80030899144283,2302,0.950500488900117,"srmspe"
2019-09-03,15,8.80936031870853,730,0.30167793683546,"srmspe"
2019-09-03,88,8.80366422482581,412,0.170451331383475,"srmspe"
2019-09-03,0,8.81053074895841,472,0.19516997034876,"srmspe"
2019-09-03,267,8.78969709051064,658,0.271592141406622,"srmspe"
2019-09-03,231,8.79250612311034,423,0.174805291113851,"srmspe"
2019-09-03,247,8.79125766417714,2754,1.13749444816809,"srmspe"
2019-09-03,147,8.79906053250964,481,0.198608152012915,"srmspe"
2019-09-03,73,8.80483465507569,3339,1.37787357241021,"srmspe"
2019-09-03,88,8.80366422482581,321,0.13243188065395,"srmspe"
2019-09-03,84,8.80397633955911,463,0.19115241300759,"srmspe"
2019-09-03,1246,8.71330700953547,6742,2.78250924481191,"srmspe"
2019-09-03,173,8.79703178674319,1102,0.455095539645819,"srmspe"
2019-09-03,68,8.80522479849231,750,0.309456199952497,"srmspe"
2019-09-03,83,8.80405436824244,995,0.410497520636967,"srmspe"
2019-09-03,66,8.80538085585896,455,0.187773166754925,"srmspe"
2019-09-03,128,8.80054307749281,1822,0.751928965011408,"srmspe"
2019-09-03,117,8.80140139300939,760,0.313818298684596,"srmspe"
2019-09-03,301,8.78704411527759,198,0.0817530650050901,"srmspe"
2019-09-03,24,8.80865806055861,431,0.177909203816883,"srmspe"
2019-09-03,215,8.79375458204354,1677,0.692722148433752,"srmspe"
2019-09-03,142,8.79945067592626,762,0.314858667071005,"srmspe"
2019-09-03,65,8.80545888454228,895,0.369650008233478,"srmspe"
2019-09-03,380,8.78087984929491,2875,1.18690321075301,"srmspe"
2019-09-03,1562,8.68864994560477,2478,1.0226733180577,"srmspe"
2019-09-03,111,8.80186956510934,484,0.199792119267784,"srmspe"
2019-09-03,53,8.80639522874218,1352,0.557728342343711,"srmspe"
2019-09-03,80,8.80428845429241,805,0.332258566986281,"srmspe"
2019-09-03,103,8.80249379457594,422,0.174400189061455,"srmspe"
2019-09-03,155,8.79843630304304,1382,0.57045080604808,"srmspe"
2019-09-03,199,8.79500304097674,1738,0.716933010304468,"srmspe"
2019-09-03,175,8.79687572937654,1379,0.568825456229045,"srmspe"
2019-09-03,46,8.80694142952546,440,0.181574441976812,"srmspe"
2019-09-03,19,8.80904820397524,356,0.146998590844005,"srmspe"
2019-09-03,94,8.80319605272586,769,0.317594756364697,"srmspe"
2019-09-03,188,8.79586135649331,1105,0.456307485044544,"srmspe"
2019-09-03,205,8.79453486887679,671,0.277026913327027,"srmspe"
2019-09-03,151,8.79874841777634,282,0.11640490145385,"srmspe"
2019-09-03,36,8.80772171635871,612,0.252500607503214,"srmspe"
2019-09-03,427,8.77721250117864,2119,0.874360320604622,"srmspe"
2019-09-03,92,8.80335211009251,820,0.338306763880317,"srmspe"
2019-09-03,28,8.80834594582531,301,0.124265245340408,"srmspe"
2019-09-03,36,8.80772171635871,210,0.0867062661018455,"srmspe"
2019-09-03,292,8.78774637342751,1865,0.769667531827247,"srmspe"
2019-09-03,203,8.79469092624344,1489,0.614451542829782,"srmspe"
2019-09-03,177,8.79671967200989,3813,1.57290978811326,"srmspe"
2019-09-03,41,8.80733157294208,655,0.270351945324613,"srmspe"
2019-09-03,122,8.80101124959276,656,0.270738762185725,"srmspe"
2019-09-03,126,8.80069913485946,652,0.269102806625652,"srmspe"
2019-09-03,82,8.80413239692576,502,0.207458739559068,"srmspe"
2019-09-03,49,8.80670734347549,818,0.337686236731928,"srmspe"
2019-09-03,12,8.80959440475851,1885,0.778659117744452,"srmspe"
2019-09-03,77,8.80452254034238,1200,0.495192834334444,"srmspe"
2019-09-03,36,8.80772171635871,168,0.0695651955712898,"srmspe"
2019-09-03,348,8.78337676716131,1388,0.572533843385473,"srmspe"
2019-09-03,67,8.80530282717564,439,0.181309768517059,"srmspe"
2019-09-03,40,8.80740960162541,339,0.139852352019033,"srmspe"
2019-09-03,122,8.80101124959276,1046,0.431704760649697,"srmspe"
2019-09-03,376,8.78119196402821,1493,0.616148079391662,"srmspe"
2019-09-03,103,8.80249379457594,754,0.311212210253285,"srmspe"
2019-09-03,188,8.79586135649331,904,0.373040611090138,"srmspe"
2019-09-03,76,8.80460056902571,3648,1.50508894137966,"srmspe"
2019-09-03,29,8.80826791714198,433,0.178860101188404,"srmspe"
2019-09-03,43,8.80717551557544,861,0.355450034796048,"srmspe"
2019-09-03,242,8.79164780759376,1899,0.783733709645972,"srmspe"
2019-09-03,86,8.80382028219246,1302,0.537756778097748,"srmspe"
2019-09-03,93,8.80327408140919,509,0.210198021226139,"srmspe"
2019-09-03,69,8.80514676980899,484,0.199925385599245,"srmspe"
2019-09-03,94,8.80319605272586,439,0.181350249770476,"srmspe"
2019-09-03,152,8.79867038909301,935,0.386105805675928,"srmspe"
2019-09-03,120,8.80116730695941,261,0.107704120454814,"srmspe"
2019-09-03,35,8.80779974504203,406,0.167586936810013,"srmspe"
2019-09-03,42,8.80725354425876,497,0.205081721065516,"srmspe"
2019-09-03,594,8.76418171106336,1630,0.672836438699189,"srmspe"
2019-09-03,140,8.79960673329291,1667,0.688076287049095,"srmspe"
2019-09-03,45,8.80701945820879,700,0.288982255253461,"srmspe"
2019-09-03,156,8.79835827435971,825,0.340707687564745,"srmspe"
2019-09-03,105,8.80233773720929,533,0.220128236665615,"srmspe"
2019-09-03,64,8.80553691322561,339,0.140069144267533,"srmspe"
2019-09-03,48,8.80678537215881,512,0.211293944646869,"srmspe"
2019-09-03,66,8.80538085585896,310,0.127980254168626,"srmspe"
2019-09-03,71,8.80499071244234,1069,0.441422051514584,"srmspe"
2019-09-03,81,8.80421042560909,714,0.294760540771001,"srmspe"
2019-09-03,416,8.77807081669521,1565,0.645932033297495,"srmspe"
2019-09-03,353,8.78298662374469,2359,0.97303208095163,"srmspe"
2019-09-03,214,8.79383261072686,2505,1.03324526056255,"srmspe"
2019-09-03,67,8.80530282717564,651,0.268781889977414,"srmspe"
2019-09-03,133,8.80015293407619,796,0.32845682829121,"srmspe"
2019-09-03,137,8.79984081934289,758,0.312870309146325,"srmspe"
2019-09-03,232,8.79242809442701,815,0.336397032186422,"srmspe"
2019-09-03,97,8.80296196667589,755,0.311841928808081,"srmspe"
2019-09-03,150,8.79882644645966,1581,0.653048331191669,"srmspe"
2019-09-03,270,8.78946300446066,886,0.365658133000726,"srmspe"
2019-09-03,101,8.80264985194259,406,0.167698713215812,"srmspe"
2019-09-03,124,8.80085519222611,1406,0.580074422019941,"srmspe"
2019-09-03,165,8.79765601620979,761,0.31395164262763,"srmspe"
2019-09-03,193,8.79547121307669,1182,0.487680683011049,"srmspe"
2019-09-03,219,8.79344246731024,387,0.159746442283008,"srmspe"
2019-09-03,48,8.80678537215881,895,0.369197771170302,"srmspe"
2019-09-03,88,8.80366422482581,877,0.361744883656042,"srmspe"
2019-09-03,172,8.79710981542651,751,0.309922251199264,"srmspe"
2019-09-03,110,8.80194759379266,688,0.284041122723822,"srmspe"
2019-09-03,202,8.79476895492676,1250,0.515513556796557,"srmspe"
2019-09-03,339,8.78407902531124,1177,0.485397418318763,"srmspe"
2019-09-03,224,8.79305232389361,1227,0.506052986730235,"srmspe"
2019-09-03,112,8.80179153642601,855,0.353209147312515,"srmspe"
2019-09-03,350,8.78322070979466,1046,0.431424755635639,"srmspe"
2019-09-03,0,8.81053074895841,1263,0.52149918765974,"srmspe"
2019-09-03,193,8.79547121307669,688,0.284127993250324,"srmspe"
2019-09-03,101,8.80264985194258,847,0.349699564408233,"srmspe"
2019-09-03,142,8.79945067592626,1222,0.504357409749021,"srmspe"
2019-09-03,362,8.78228436559476,961,0.396610471705484,"srmspe"
2019-09-03,119,8.80124533564274,809,0.333860086143724,"srmspe"
2019-09-03,72,8.80491268375901,472,0.194810998909962,"srmspe"
2019-09-03,100,8.80272788062591,855,0.352885583036344,"srmspe"
2019-09-03,144,8.79929461855961,810,0.334428670586064,"srmspe"
2019-09-03,115,8.80155745037604,1695,0.699439492426642,"srmspe"
2019-09-03,118,8.80132336432606,1546,0.637750003898137,"srmspe"
2019-09-03,253,8.79078949207719,1349,0.556915880570602,"srmspe"
2019-09-03,172,8.79710981542651,1073,0.442985985755814,"srmspe"
2019-09-03,144,8.79929461855961,2759,1.13864496691416,"srmspe"
2019-09-03,118,8.80132336432606,1022,0.422084000703375,"srmspe"
2019-09-03,80,8.80428845429241,1043,0.430312490144733,"srmspe"
2019-09-03,92,8.80335211009251,919,0.379321584850836,"srmspe"
2019-09-03,126,8.80069913485946,241,0.0995891793027971,"srmspe"
2019-09-03,139,8.79968476197624,384,0.158513247515792,"srmspe"
2019-09-03,75,8.80467859770904,616,0.254392615168365,"srmspe"
2019-09-03,219,8.79344246731024,1833,0.756662661977179,"srmspe"
2019-09-03,104,8.80241576589261,1209,0.499404945223205,"srmspe"
2019-09-03,293,8.78766834474419,733,0.302519855781263,"srmspe"
2019-09-03,198,8.79508106966006,2757,1.13831669884692,"srmspe"
2019-09-03,104,8.80241576589261,1421,0.586731216940192,"srmspe"
2019-09-03,155,8.79843630304304,616,0.254555368377208,"srmspe"
2019-09-03,122,8.80101124959276,1378,0.56910867189932,"srmspe"
2019-09-03,134,8.80007490539286,970,0.400441050311978,"srmspe"
2019-09-03,49,8.80670734347549,304,0.125530393819146,"srmspe"
2019-09-03,207,8.79437881151014,1866,0.77036880570294,"srmspe"
2019-09-03,312,8.78618579976101,1056,0.435800753462246,"srmspe"
2019-09-03,466,8.77416938252896,2047,0.845145165638261,"srmspe"
2019-09-03,213,8.79391063941019,910,0.376090565130016,"srmspe"
2019-09-03,176,8.79679770069321,1100,0.4539476357146,"srmspe"
2019-09-03,437,8.77643221434539,1047,0.432442854442161,"srmspe"
2019-09-03,111,8.80186956510934,916,0.378091196875158,"srmspe"
2019-09-03,190,8.79570529912666,2361,0.974423695009428,"srmspe"
2019-09-03,330,8.78478128346116,419,0.173000199202184,"srmspe"
2019-09-03,63,8.80561494190894,452,0.186541260248289,"srmspe"
2019-09-03,261,8.79016526261059,2174,0.897111460402787,"srmspe"
2019-09-03,166,8.79757798752646,985,0.406417976097381,"srmspe"
2019-09-03,100,8.80272788062591,397,0.164272845635389,"srmspe"
2019-09-03,15,8.80936031870853,745,0.307864594529582,"srmspe"
2019-09-03,71,8.80499071244233,822,0.339038812859477,"srmspe"
2019-09-03,106,8.80225970852596,348,0.143826424514404,"srmspe"
2019-09-03,63,8.80561494190894,332,0.137084143852164,"srmspe"
2019-09-03,131,8.80030899144284,344,0.142005781222172,"srmspe"
2019-09-03,53,8.80639522874219,486,0.200542368801979,"srmspe"
2019-09-03,46,8.80694142952546,353,0.145713298553427,"srmspe"
2019-09-03,79,8.80436648297574,1187,0.48982194172389,"srmspe"
2019-09-03,108,8.80210365115931,1718,0.708792135698568,"srmspe"
2019-09-03,140,8.79960673329291,1270,0.524154472146363,"srmspe"
2019-09-03,218,8.79352049599356,1516,0.625590313745537,"srmspe"
2019-09-03,14,8.80943834739186,386,0.159356135206647,"srmspe"
2019-09-03,78,8.80444451165906,426,0.175814671285564,"srmspe"
2019-09-03,62,8.80569297059226,694,0.286368767934161,"srmspe"
2019-09-03,175,8.79687572937654,783,0.323016095021218,"srmspe"
2019-09-03,58,8.80600508532556,340,0.140329876886783,"srmspe"
2019-09-03,31,8.80811185977534,302,0.124744112787698,"srmspe"
2019-09-03,495,8.77190655071254,4447,1.83474790729736,"srmspe"
2019-09-03,178,8.79664164332656,1315,0.542594920024571,"srmspe"
2019-09-03,67,8.80530282717564,350,0.144511430075699,"srmspe"
2019-09-03,82,8.80413239692576,677,0.279382344231273,"srmspe"
2019-09-03,105,8.80233773720929,1042,0.429834585093548,"srmspe"
2019-09-03,85,8.80389831087579,764,0.315420679687149,"srmspe"
2019-09-03,81,8.80421042560909,694,0.286346137515767,"srmspe"
2019-09-03,103,8.80249379457594,650,0.26837251007635,"srmspe"
2019-09-03,92,8.80335211009251,749,0.309055835818549,"srmspe"
2019-09-03,71,8.80499071244233,1465,0.604981007449218,"srmspe"
2019-09-03,189,8.79578332780999,2345,0.967704026494901,"srmspe"
2019-09-03,169,8.79734390147649,1297,0.535362010461597,"srmspe"
2019-09-03,418,8.77791475932856,1001,0.413106996186478,"srmspe"
2019-09-03,21,8.80889214660858,428,0.176861500330932,"srmspe"
2019-09-03,285,8.78829257421079,1432,0.590867700159338,"srmspe"
2019-09-03,97,8.80296196667589,369,0.15226942804665,"srmspe"
2019-09-03,57,8.80608311400889,630,0.26001437079796,"srmspe"
2019-09-03,272,8.78930694709401,498,0.205526947008102,"srmspe"
2019-09-03,62,8.80569297059226,843,0.347745380755986,"srmspe"
2019-09-03,73,8.80483465507569,671,0.276840782901465,"srmspe"
2019-09-03,72,8.80491268375901,462,0.190741951569787,"srmspe"
2019-09-03,37,8.80764368767539,596,0.246035173284173,"srmspe"
2019-09-03,68,8.80522479849231,246,0.101668700286112,"srmspe"
2019-09-03,101,8.80264985194258,474,0.195669201796982,"srmspe"
2019-09-03,182,8.79632952859326,2809,1.15901295546581,"srmspe"
2019-09-03,117,8.80140139300939,1356,0.560303974976873,"srmspe"
2019-09-03,138,8.79976279065956,1483,0.612099445968631,"srmspe"
2019-09-03,1379,8.70292919465324,3906,1.6120627759932,"srmspe"
2019-09-03,425,8.77736855854529,1941,0.801518559199691,"srmspe"
2019-09-03,152,8.79867038909301,520,0.214716901227129,"srmspe"
2019-09-03,57,8.80608311400889,282,0.116548253331162,"srmspe"
2019-09-03,69,8.80514676980899,353,0.145757713190954,"srmspe"
2019-09-03,132,8.80023096275951,827,0.341722961852946,"srmspe"
2019-09-03,76,8.80460056902571,612,0.252671755766443,"srmspe"
2019-09-03,50,8.80662931479216,461,0.190438199646997,"srmspe"
2019-09-03,30,8.80818988845866,1257,0.518887235928435,"srmspe"
2019-09-03,122,8.80101124959276,1543,0.636762065739651,"srmspe"
2019-09-03,59,8.80592705664223,426,0.175866445162355,"srmspe"
2019-09-03,84,8.80397633955911,330,0.136407733117852,"srmspe"
2019-09-03,957,8.73585729901639,7802,3.21852896443292,"srmspe"
2019-09-03,169,8.79734390147649,1924,0.794608820588581,"srmspe"
2019-09-03,44,8.80709748689211,509,0.210162641739194,"srmspe"
2019-09-03,226,8.79289626652696,1622,0.669058196936828,"srmspe"
2019-09-03,37,8.80764368767539,728,0.300520984434096,"srmspe"
2019-09-03,245,8.79141372154379,1407,0.580464651279433,"srmspe"
2019-09-03,181,8.79640755727659,1386,0.572047783616254,"srmspe"
2019-09-03,56,8.80616114269221,926,0.382288710303123,"srmspe"
2019-09-03,496,8.77182852202921,1376,0.567676972975687,"srmspe"
2019-09-03,769,8.75052669148149,3493,1.441677314584,"srmspe"
2019-09-03,808,8.74748357283181,3837,1.58294954664307,"srmspe"
2019-09-03,144,8.79929461855961,37,0.0153547531647032,"srmspe"
2019-09-03,33,8.80795580240869,462,0.19081836967949,"srmspe"
2019-09-03,56,8.80616114269221,237,0.0979480395573434,"srmspe"
2019-09-03,44,8.80709748689211,485,0.200130120708712,"srmspe"
2019-09-03,51,8.80655128610884,412,0.170134166809349,"srmspe"
2019-09-03,387,8.78033364851164,2634,1.08671023124584,"srmspe"
2019-09-03,205,8.79453486887679,1518,0.626503071478751,"srmspe"
2019-09-03,92,8.80335211009251,1425,0.588204035882974,"srmspe"
2019-09-03,97,8.80296196667589,415,0.171348977806095,"srmspe"
2019-09-03,140,8.79960673329291,475,0.196143675721236,"srmspe"
2019-09-03,50,8.80662931479216,797,0.329076400551971,"srmspe"
2019-09-03,176,8.79679770069321,1648,0.680183575952692,"srmspe"
2019-09-03,112,8.80179153642601,1840,0.759324589170657,"srmspe"
2019-09-03,389,8.78017759114499,3049,1.25808170287338,"srmspe"
2019-09-03,65,8.80545888454229,687,0.283746780101207,"srmspe"
2019-09-03,287,8.78813651684414,2760,1.13968393333654,"srmspe"
2019-09-03,81,8.80421042560909,1163,0.479969524743575,"srmspe"
2019-09-03,58,8.80600508532556,582,0.240270916290429,"srmspe"
2019-09-03,82,8.80413239692576,767,0.316960848896989,"srmspe"
2019-09-03,76,8.80460056902571,1196,0.494020295232646,"srmspe"
2019-09-03,153,8.79859236040969,879,0.362685401848164,"srmspe"
2019-09-03,76,8.80460056902571,896,0.369681337686959,"srmspe"
2019-09-03,150,8.79882644645966,2505,1.03374598056662,"srmspe"
2019-09-03,90,8.80350816745916,283,0.116799796384149,"srmspe"
2019-09-03,132,8.80023096275951,681,0.281092511338596,"srmspe"
2019-09-03,44,8.80709748689211,627,0.258787553132872,"srmspe"
2019-09-03,49,8.80670734347549,683,0.281830268077026,"srmspe"
2019-09-03,177,8.79671967200989,964,0.39779329263224,"srmspe"
2019-09-03,30,8.80818988845866,463,0.191219866260179,"srmspe"
2019-09-03,104,8.80241576589261,617,0.254687506913869,"srmspe"
2019-09-03,61,8.80577099927559,614,0.253377627845599,"srmspe"
2019-09-03,728,8.75372586749781,3667,1.5134412235121,"srmspe"
2019-09-03,346,8.78353282452796,940,0.38812219927635,"srmspe"
2019-09-03,196,8.79523712702671,2106,0.869300098719062,"srmspe"
2019-09-03,241,8.79172583627709,1439,0.593766117339104,"srmspe"
2019-09-03,114,8.80163547905936,1786,0.737416745970509,"srmspe"
2019-09-03,29,8.80826791714198,424,0.175107889029435,"srmspe"
2019-09-03,160,8.79804615962641,1512,0.623605215499822,"srmspe"
2019-09-03,104,8.80241576589261,792,0.327165922369493,"srmspe"
2019-09-03,241,8.79172583627709,737,0.304253568477805,"srmspe"
2019-09-03,75,8.80467859770904,1256,0.518241877128893,"srmspe"
2019-09-03,115,8.80155745037604,1674,0.690938801425172,"srmspe"
2019-09-03,98,8.80288393799256,852,0.351796244825069,"srmspe"
2019-09-03,42,8.80725354425876,491,0.202592737203645,"srmspe"
2019-09-03,378,8.78103590666156,1883,0.777343112001327,"srmspe"
2019-09-03,287,8.78813651684414,986,0.4069830852081,"srmspe"
2019-09-03,227,8.79281823784364,976,0.402908950834958,"srmspe"
2019-09-03,91,8.80343013877584,216,0.0892837061224345,"srmspe"
2019-09-03,70,8.80506874112566,1070,0.441528408345415,"srmspe"
2019-09-03,79,8.80436648297574,673,0.277787432490047,"srmspe"
2019-09-03,80,8.80428845429241,277,0.114389011977716,"srmspe"
2019-09-03,75,8.80467859770904,474,0.195675003419317,"srmspe"
2019-09-03,80,8.80428845429241,787,0.324830092276138,"srmspe"
2019-09-03,87,8.80374225350914,540,0.222968228042089,"srmspe"
2019-09-03,60,8.80584902795891,756,0.312020204012763,"srmspe"
2019-09-03,100,8.80272788062591,479,0.197809185674327,"srmspe"
2019-09-03,48,8.80678537215881,891,0.367735564097784,"srmspe"
2019-09-03,122,8.80101124959276,448,0.184921904270618,"srmspe"
2019-09-03,129,8.80046504880949,2045,0.844085711666471,"srmspe"
2019-09-03,79,8.80436648297574,504,0.208096235924889,"srmspe"
2019-09-03,106,8.80225970852596,1020,0.420866981967547,"srmspe"
2019-09-03,161,8.79796813094309,869,0.358755236395072,"srmspe"
2019-09-03,107,8.80218167984264,1160,0.478784389263448,"srmspe"
2019-09-03,86,8.80382028219246,401,0.165433093127605,"srmspe"
2019-09-03,230,8.79258415179366,1990,0.821177406400909,"srmspe"
2019-09-03,103,8.80249379457594,409,0.168805381464476,"srmspe"
2019-09-03,257,8.79047737734389,1013,0.418420868638448,"srmspe"
2019-09-03,328,8.78493734082781,1983,0.818708819255353,"srmspe"
2019-09-03,232,8.79242809442701,966,0.399312084236411,"srmspe"
2019-09-03,114,8.80163547905936,610,0.25222876355105,"srmspe"
2019-09-03,868,8.74280185183231,1863,0.768813238270901,"srmspe"
2019-09-03,28,8.80834594582531,1445,0.596261867212473,"srmspe"
2019-09-03,49,8.80670734347549,586,0.24187370702841,"srmspe"
2019-09-03,168,8.79742193015981,574,0.236878634719654,"srmspe"
2019-09-03,10,8.80975046212516,294,0.121524704773319,"srmspe"
2019-09-03,367,8.78189422217814,830,0.342796324935082,"srmspe"
2019-09-03,134,8.80007490539286,1425,0.58824209383512,"srmspe"
2019-09-03,233,8.79235006574369,1273,0.525304221761675,"srmspe"
2019-09-03,92,8.80335211009251,1021,0.421456848692085,"srmspe"
2019-09-03,127,8.80062110617614,836,0.345405859185527,"srmspe"
2019-09-03,161,8.79796813094309,1041,0.429601399341079,"srmspe"
2019-09-03,296,8.78743425869421,1984,0.818447012687354,"srmspe"
2019-09-03,178,8.79664164332656,960,0.39609012780072,"srmspe"
2019-09-03,295,8.78751228737754,2470,1.01902209983168,"srmspe"
2019-09-03,216,8.79367655336021,1139,0.46987373794813,"srmspe"
2019-09-03,281,8.78860468894409,1182,0.487746025375965,"srmspe"
2019-09-03,61,8.80577099927559,408,0.168394392116062,"srmspe"
2019-09-03,126,8.80069913485946,852,0.352407066296882,"srmspe"
2019-09-03,127,8.80062110617614,732,0.302111957009295,"srmspe"
2019-09-03,49,8.80670734347549,629,0.259470695430356,"srmspe"
2019-09-03,24,8.80865806055861,106,0.0438638529949117,"srmspe"
2019-09-03,375,8.78126999271154,1402,0.579014783731997,"srmspe"
2019-09-03,184,8.79617347122661,1513,0.624194842796573,"srmspe"
2019-09-03,167,8.79749995884314,898,0.370459269355955,"srmspe"
2019-09-03,234,8.79227203706036,647,0.266951371276726,"srmspe"
2019-09-03,82,8.80413239692576,1137,0.469087868898876,"srmspe"
2019-09-03,103,8.80249379457594,746,0.307798121616949,"srmspe"
2019-09-03,157,8.79828024567639,540,0.223367921868702,"srmspe"
2019-09-03,166,8.79757798752646,930,0.383928760730788,"srmspe"
2019-09-03,151,8.79874841777634,965,0.398159341975671,"srmspe"
2019-09-03,104,8.80241576589261,2105,0.868987381774002,"srmspe"
2019-09-03,1240,8.71377518163542,2165,0.893106289349389,"srmspe"
2019-09-03,531,8.76909751811284,3823,1.57721636685842,"srmspe"
2019-09-03,174,8.79695375805986,3670,1.51432818156104,"srmspe"
2019-09-03,616,8.76246508003021,7261,2.9956072266043,"srmspe"
2019-09-03,61,8.80577099927559,699,0.288661097637385,"srmspe"
2019-09-03,185,8.79609544254329,574,0.237047596102592,"srmspe"
2019-09-03,819,8.74662525731524,3413,1.4085726659462,"srmspe"
2019-09-03,23,8.80873608924193,852,0.351617983602317,"srmspe"
2019-09-03,288,8.78805848816081,1216,0.502663124329018,"srmspe"
2019-09-03,122,8.80101124959276,1705,0.703491952738624,"srmspe"
2019-09-03,63,8.80561494190894,1099,0.453439278207037,"srmspe"
2019-09-03,157,8.79828024567639,644,0.265755643210507,"srmspe"
2019-09-03,85,8.80389831087579,1269,0.523444916993997,"srmspe"
2019-09-03,0,8.81053074895841,3438,1.41997537496336,"srmspe"
2019-09-03,515,8.77034597704604,1812,0.748587103876437,"srmspe"
2019-09-03,19,8.80904820397524,531,0.219363840477848,"srmspe"
2019-09-03,226,8.79289626652696,3093,1.27584900529905,"srmspe"
2019-09-03,1719,8.67639944232275,3058,1.26157111394526,"srmspe"
2019-09-03,139,8.79968476197624,848,0.350083237396763,"srmspe"
2019-09-03,136,8.79991884802621,972,0.401256877218008,"srmspe"
2019-09-03,221,8.79328640994359,1352,0.55819264703767,"srmspe"
2019-09-03,558,8.76699074366306,3407,1.40555324456954,"srmspe"
2019-09-03,630,8.76137267846366,4201,1.73291724724441,"srmspe"
2019-09-03,66,8.80538085585896,2713,1.11979019652663,"srmspe"
2019-09-03,1092,8.72532342676752,1668,0.688391038989955,"srmspe"
2019-09-03,381,8.78080182061159,2926,1.20693606525511,"srmspe"
2019-09-03,370,8.78166013612816,2334,0.963210199476454,"srmspe"
2019-09-03,113,8.80171350774269,1508,0.62233558532228,"srmspe"
2019-09-03,151,8.79874841777634,708,0.292216610415821,"srmspe"
2019-09-03,34,8.80787777372536,1057,0.43658744817903,"srmspe"
2019-09-03,119,8.80124533564273,3873,1.59804874932148,"srmspe"
2019-09-03,213,8.79391063941019,2529,1.04359320665127,"srmspe"
2019-09-03,61,8.80577099927559,431,0.177886355248813,"srmspe"
2019-09-03,170,8.79726587279316,305,0.126040851603461,"srmspe"
2019-09-03,102,8.80257182325926,1220,0.50350175897343,"srmspe"
2019-09-03,572,8.76589834209651,2460,1.0149232415769,"srmspe"
2019-09-03,421,8.77768067327859,2223,0.917182217661616,"srmspe"
2019-09-03,214,8.79383261072686,721,0.297829733720646,"srmspe"
2019-09-03,298,8.78727820132756,2144,0.885563854759376,"srmspe"
2019-09-03,51,8.80655128610884,174,0.0719622350158237,"srmspe"
2019-09-03,39,8.80748763030874,1336,0.551222783933342,"srmspe"
2019-09-03,56,8.80616114269221,196,0.0808736446410567,"srmspe"
2019-09-03,88,8.80366422482581,2437,1.00563841431851,"srmspe"
2019-09-03,210,8.79414472546016,1168,0.481994995930637,"srmspe"
2019-09-03,525,8.76956569021279,2564,1.05779438726865,"srmspe"
2019-09-03,268,8.78961906182731,1008,0.416054747213724,"srmspe"
2019-09-03,164,8.79773404489311,2677,1.10475948504789,"srmspe"
2019-09-03,447,8.77565192751214,2932,1.20997879909005,"srmspe"
2019-09-03,919,8.73882238898274,3047,1.25704098403339,"srmspe"
2019-09-03,71,8.80499071244233,1295,0.534957381579373,"srmspe"
2019-09-03,128,8.80054307749281,1106,0.456314496829665,"srmspe"
2019-09-03,447,8.77565192751214,895,0.369475643415467,"srmspe"
2019-09-03,159,8.79812418830974,2296,0.94691355709815,"srmspe"
2019-09-03,237,8.79203795101039,1781,0.734597930333285,"srmspe"
2019-09-03,232,8.79242809442701,1017,0.419694322917865,"srmspe"
2019-09-03,175,8.79687572937654,2332,0.962187091287274,"srmspe"
2019-09-03,72,8.80491268375901,920,0.38005803503816,"srmspe"
2019-09-03,117,8.80140139300939,2333,0.962563490473948,"srmspe"
2019-09-03,173,8.79703178674319,213,0.0882220715059843,"srmspe"
2019-09-03,32,8.80803383109201,210,0.0866302526933272,"srmspe"
2019-09-03,111,8.80186956510934,1345,0.555405436026556,"srmspe"
2019-09-03,309,8.78641988581099,780,0.32215672207348,"srmspe"
2019-09-03,95,8.80311802404253,852,0.352174850664794,"srmspe"
2019-09-03,119,8.80124533564273,875,0.361411293348946,"srmspe"
2019-09-03,58,8.80600508532556,412,0.170194267510551,"srmspe"
2019-09-03,88,8.80366422482581,705,0.291135690938909,"srmspe"
2019-09-03,138,8.79976279065956,1299,0.535989211360864,"srmspe"
2019-09-03,416,8.77807081669521,731,0.301766762173712,"srmspe"
2019-09-03,198,8.79508106966006,1037,0.428183054654846,"srmspe"
2019-09-03,60,8.80584902795891,541,0.223373784649296,"srmspe"
2019-09-03,173,8.79703178674319,1063,0.438496342521076,"srmspe"
2019-09-03,198,8.79508106966006,1163,0.480075992034377,"srmspe"
2019-09-03,116,8.80147942169271,1516,0.625477152037098,"srmspe"
2019-09-03,56,8.80616114269221,352,0.145824251844098,"srmspe"
2019-09-03,128,8.80054307749281,1874,0.773381540926623,"srmspe"
2019-09-03,58,8.80600508532556,1713,0.707052775811992,"srmspe"
2019-09-03,79,8.80436648297574,1278,0.527170769412842,"srmspe"
2019-09-03,100,8.80272788062591,371,0.153121733501515,"srmspe"
2019-09-03,33,8.80795580240869,1163,0.479896085475772,"srmspe"
2019-09-03,27,8.80842397450864,417,0.172030843361133,"srmspe"
2019-09-03,97,8.80296196667589,395,0.163068468958054,"srmspe"
2019-09-03,146,8.79913856119296,768,0.317065592471958,"srmspe"
2019-09-03,479,8.77315500964574,1225,0.505832815864507,"srmspe"
2019-09-03,141,8.79952870460959,652,0.269215788557924,"srmspe"
2019-09-03,97,8.80296196667589,1033,0.426423214560107,"srmspe"
2019-09-03,89,8.80358619614248,911,0.376101391363296,"srmspe"
2019-09-03,251,8.79094554944384,872,0.360077497829882,"srmspe"
2019-09-03,558,8.76699074366306,2414,0.995793801996447,"srmspe"
2019-09-03,136,8.79991884802621,1410,0.582221205157517,"srmspe"
2019-09-03,243,8.79156977891044,1800,0.742831318434527,"srmspe"
2019-09-03,47,8.80686340084213,450,0.185755177709816,"srmspe"
2019-09-03,44,8.80709748689211,441,0.182030486152258,"srmspe"
2019-09-03,76,8.80460056902571,512,0.211284498742481,"srmspe"
2019-09-03,89,8.80358619614248,277,0.114341365143762,"srmspe"
2019-09-03,124,8.80085519222611,762,0.314657929954746,"srmspe"
2019-09-03,54,8.80631720005886,697,0.287816238553932,"srmspe"
2019-09-03,100,8.80272788062591,722,0.297910963363944,"srmspe"
2019-09-03,166,8.79757798752646,962,0.397124031152689,"srmspe"
2019-09-03,458,8.77479361199556,1632,0.673667019277876,"srmspe"
2019-09-03,153,8.79859236040969,833,0.343804481048719,"srmspe"
2019-09-03,158,8.79820221699306,1033,0.42675047503832,"srmspe"
2019-09-03,51,8.80655128610884,413,0.170433885238477,"srmspe"
2019-09-03,88,8.80366422482581,544,0.225106462458799,"srmspe"
2019-09-03,245,8.79141372154379,2719,1.12262835039883,"srmspe"
2019-09-03,312,8.78618579976101,1501,0.61957857340002,"srmspe"
2019-09-03,268,8.78961906182731,2530,1.04458921397188,"srmspe"
2019-09-03,178,8.79664164332656,1081,0.446264593752252,"srmspe"
2019-09-03,77,8.80452254034238,1648,0.679998693077647,"srmspe"
2019-09-03,204,8.79461289756011,620,0.255887319322267,"srmspe"
2019-09-03,102,8.80257182325926,917,0.378501673169741,"srmspe"
2019-09-03,268,8.78961906182731,875,0.361090531979066,"srmspe"
2019-09-03,93,8.80327408140919,750,0.309495551865185,"srmspe"
2019-09-03,38,8.80756565899206,342,0.14128364227112,"srmspe"
2019-09-03,50,8.80662931479216,386,0.15946232983931,"srmspe"
2019-09-03,102,8.80257182325926,965,0.398160345543779,"srmspe"
2019-09-03,78,8.80444451165906,329,0.13592533847349,"srmspe"
2019-09-03,33,8.80795580240869,411,0.169742091289992,"srmspe"
2019-09-03,149,8.79890447514299,1331,0.549649675401774,"srmspe"
2019-09-03,254,8.79071146339386,712,0.293913569409728,"srmspe"
2019-09-03,56,8.80616114269221,865,0.357044516379752,"srmspe"
2019-09-03,58,8.80600508532556,267,0.110201271406157,"srmspe"
2019-09-03,115,8.80155745037604,754,0.311256506423445,"srmspe"
2019-09-03,57,8.80608311400889,927,0.382394870921626,"srmspe"
2019-09-03,67,8.80530282717564,314,0.129664881655531,"srmspe"
2019-09-03,57,8.80608311400889,469,0.193517891228336,"srmspe"
2019-09-03,27,8.80842397450864,221,0.0912700315546777,"srmspe"
2019-09-03,42,8.80725354425876,310,0.127961889154666,"srmspe"
2019-09-03,51,8.80655128610884,364,0.15024035115995,"srmspe"
2019-09-03,198,8.79508106966006,774,0.319573002430293,"srmspe"
2019-09-03,252,8.79086752076051,1241,0.512188949014049,"srmspe"
2019-09-03,95,8.80311802404253,481,0.198530427746021,"srmspe"
2019-09-03,257,8.79047737734389,1119,0.461880217420003,"srmspe"
2019-09-03,141,8.79952870460959,686,0.283081371911721,"srmspe"
2019-09-03,273,8.78922891841069,827,0.341327218377323,"srmspe"
2019-09-03,194,8.79539318439336,783,0.323062114982027,"srmspe"
2019-09-03,101,8.80264985194259,489,0.201875393642973,"srmspe"
2019-09-03,105,8.80233773720929,534,0.220406766313086,"srmspe"
2019-09-03,63,8.80561494190894,513,0.21164356370602,"srmspe"
2019-09-03,79,8.80436648297574,529,0.218291477771969,"srmspe"
2019-09-03,137,8.79984081934289,539,0.222443983618611,"srmspe"
2019-09-03,44,8.80709748689211,711,0.29347895547239,"srmspe"
2019-09-03,58,8.80600508532556,308,0.12714239819517,"srmspe"
2019-09-03,79,8.80436648297574,489,0.201837671646618,"srmspe"
2019-09-03,39,8.80748763030874,341,0.140801401295806,"srmspe"
2019-09-03,59,8.80592705664223,505,0.208361397137372,"srmspe"
2019-09-03,52,8.80647325742551,346,0.142808807526425,"srmspe"
2019-09-03,32,8.80803383109201,376,0.155181728444559,"srmspe"
2019-09-03,32,8.80803383109201,241,0.0994637700327289,"srmspe"
2019-09-03,87,8.80374225350914,559,0.230657752031178,"srmspe"
2019-09-03,82,8.80413239692576,555,0.228988524721126,"srmspe"
2019-09-03,106,8.80225970852596,473,0.195327451410737,"srmspe"
2019-09-03,88,8.80366422482581,798,0.329432015803802,"srmspe"
2019-09-03,209,8.79422275414349,987,0.407724746746697,"srmspe"
2019-09-03,95,8.80311802404253,1751,0.722466434692028,"srmspe"
2019-09-03,98,8.80288393799256,970,0.400252226942544,"srmspe"
2019-09-03,123,8.80093322090944,1548,0.638827151568384,"srmspe"
2019-09-03,134,8.80007490539286,851,0.351558038429664,"srmspe"
2019-09-03,99,8.80280590930924,1375,0.567332191687294,"srmspe"
2019-09-03,72,8.80491268375901,404,0.166661855150321,"srmspe"
2019-09-03,350,8.78322070979466,2382,0.982595211297503,"srmspe"
2019-09-03,124,8.80085519222611,573,0.236497426459105,"srmspe"
2019-09-03,93,8.80327408140919,252,0.104258016813694,"srmspe"
2019-09-03,115,8.80155745037604,710,0.293026036772248,"srmspe"
2019-09-03,212,8.79398866809351,1607,0.663459605804621,"srmspe"
2019-09-03,61,8.80577099927559,281,0.115998365043717,"srmspe"
2019-09-03,106,8.80225970852596,1471,0.606791597179519,"srmspe"
2019-09-03,202,8.79476895492676,1552,0.640491211462197,"srmspe"
2019-09-03,311,8.78626382844434,1699,0.701288930912674,"srmspe"
2019-09-03,147,8.79906053250964,515,0.212588048626995,"srmspe"
2019-09-03,96,8.80303999535921,946,0.390461943248705,"srmspe"
2019-09-03,519,8.77003386231274,2578,1.06366970354031,"srmspe"
2019-09-03,105,8.80233773720929,1381,0.569929190185168,"srmspe"
2019-09-03,154,8.79851433172636,968,0.399416132221235,"srmspe"
2019-09-03,144,8.79929461855961,432,0.178293319551111,"srmspe"
2019-09-03,99,8.80280590930924,950,0.391859470408511,"srmspe"
2019-09-03,108,8.80210365115931,525,0.216648588327043,"srmspe"
2019-09-03,82,8.80413239692576,1042,0.430005039634687,"srmspe"
2019-09-03,104,8.80241576589261,605,0.249724052700295,"srmspe"
2019-09-03,154,8.79851433172636,556,0.229471737704085,"srmspe"
2019-09-03,226,8.79289626652696,582,0.240267421113293,"srmspe"
2019-09-03,148,8.79898250382631,811,0.334833637341169,"srmspe"
2019-09-03,231,8.79250612311034,404,0.166869331859296,"srmspe"
2019-09-03,42,8.80725354425876,1008,0.41590657085384,"srmspe"
2019-09-03,567,8.76628848551314,1255,0.518149740849976,"srmspe"
2019-09-03,86,8.80382028219246,1916,0.790424683198454,"srmspe"
2019-09-03,133,8.80015293407619,1057,0.436618206142734,"srmspe"
2019-09-03,79,8.80436648297574,1113,0.45932056711893,"srmspe"
2019-09-03,123,8.80093322090944,948,0.391210163040391,"srmspe"
2019-09-03,116,8.80147942169271,884,0.364923095965148,"srmspe"
2019-09-03,73,8.80483465507569,546,0.225326692500347,"srmspe"
2019-09-03,456,8.77494966936221,1429,0.58974032305379,"srmspe"
2019-09-03,463,8.77440346857894,1476,0.609435878969133,"srmspe"
2019-09-03,51,8.80655128610884,366,0.151032644680581,"srmspe"
2019-09-03,20,8.80897017529191,254,0.104866074871792,"srmspe"
2019-09-03,61,8.80577099927559,1194,0.492791635461055,"srmspe"
2019-09-03,410,8.77853898879516,756,0.312410298083589,"srmspe"
2019-09-03,371,8.78158210744484,4164,1.71756841114166,"srmspe"
2019-09-03,22,8.80881411792526,158,0.0652726389744395,"srmspe"
2019-09-03,118,8.80132336432606,1498,0.61810535246961,"srmspe"
2019-09-03,85,8.80389831087579,446,0.184105794294516,"srmspe"
2019-09-03,37,8.80764368767539,789,0.325535046544281,"srmspe"
2019-09-03,108,8.80210365115931,650,0.268724163147567,"srmspe"
2019-09-03,74,8.80475662639236,355,0.146568701744947,"srmspe"
2019-09-03,61,8.80577099927559,776,0.320178039023781,"srmspe"
2019-09-03,163,8.79781207357644,1443,0.595490532097859,"srmspe"
2019-09-03,37,8.80764368767539,764,0.315283466591906,"srmspe"
2019-09-03,65,8.80545888454228,713,0.294281828899585,"srmspe"
2019-09-03,67,8.80530282717564,377,0.155679742990267,"srmspe"
2019-09-03,328,8.78493734082781,663,0.273611761205717,"srmspe"
2019-09-03,166,8.79757798752646,1430,0.590159455656071,"srmspe"
2019-09-03,185,8.79609544254329,1541,0.635842054397014,"srmspe"
2019-09-03,153,8.79859236040969,902,0.372350570151335,"srmspe"
2019-09-03,37,8.80764368767539,283,0.116908283299376,"srmspe"
2019-09-03,266,8.78977511919396,934,0.385545011832949,"srmspe"
2019-09-03,273,8.78922891841069,965,0.398402496467377,"srmspe"
2019-09-03,59,8.80592705664224,643,0.265498305583007,"srmspe"
2019-09-04,50,4.89832862440984,519,0.833786032705367,"srmspe"
2019-09-04,0,4.90223005857609,939,1.51195909004371,"srmspe"
2019-09-04,47,4.89856271045982,360,0.578786585784681,"srmspe"
2019-09-04,76,4.89629987864339,391,0.629311772686222,"srmspe"
2019-09-04,41,4.89903088255977,460,0.737527710504026,"srmspe"
2019-09-04,32,4.89973314070969,262,0.420534001651013,"srmspe"
2019-09-04,36,4.89942102597639,190,0.305633482688993,"srmspe"
2019-09-04,52,4.89817256704319,543,0.872119810620603,"srmspe"
2019-09-04,21,4.90059145622627,207,0.3325511275523,"srmspe"
2019-09-04,43,4.89887482519312,173,0.278167119488565,"srmspe"
2019-09-04,37,4.89934299729307,221,0.355037374631005,"srmspe"
2019-09-04,31,4.89981116939302,347,0.557354005634466,"srmspe"
2019-09-04,27,4.90012328412632,167,0.268280371841174,"srmspe"
2019-09-04,13,4.90121568569287,209,0.336358483426727,"srmspe"
2019-09-04,39,4.89918693992642,286,0.459792624925288,"srmspe"
2019-09-04,28,4.90004525544299,308,0.494775794122926,"srmspe"
2019-09-04,79,4.89606579259342,1256,2.01557855798509,"srmspe"
2019-09-04,17,4.90090357095957,602,0.970199368325116,"srmspe"
2019-09-04,164,4.88943335451079,1526,2.45058235860353,"srmspe"
2019-09-04,72,4.89661199337669,757,1.21592428464627,"srmspe"
2019-09-04,237,4.88373726062807,566,0.910527149031957,"srmspe"
2019-09-04,60,4.89754833757659,331,0.532221447867258,"srmspe"
2019-09-04,81,4.89590973522677,1062,1.70406465621373,"srmspe"
2019-09-04,41,4.89903088255977,345,0.555577780856309,"srmspe"
2019-09-04,128,4.89224238711049,1100,1.76605645392212,"srmspe"
2019-09-04,16,4.90098159964289,769,1.23494534700215,"srmspe"
2019-09-04,23,4.90043539885962,578,0.928129648658583,"srmspe"
2019-09-04,25,4.90027934149297,349,0.559744328467653,"srmspe"
2019-09-04,44,4.89879679650979,252,0.404745653778981,"srmspe"
2019-09-04,32,4.89973314070969,182,0.293468332767695,"srmspe"
2019-09-04,78,4.89614382127674,376,0.604977564998192,"srmspe"
2019-09-04,36,4.89942102597639,356,0.571511650156426,"srmspe"
2019-09-04,53,4.89809453835987,340,0.546748384156488,"srmspe"
2019-09-04,52,4.89817256704319,482,0.773831386622905,"srmspe"
2019-09-04,88,4.89536353444349,674,1.08127575308891,"srmspe"
2019-09-04,34,4.89957708334304,293,0.470611225411779,"srmspe"
2019-09-04,46,4.89864073914314,155,0.251282782693977,"srmspe"
2019-09-04,259,4.88202062959492,935,1.50086589019879,"srmspe"
2019-09-04,22,4.90051342754294,521,0.837815798807121,"srmspe"
2019-09-04,204,4.8863122071778,851,1.36827981819039,"srmspe"
2019-09-04,50,4.89832862440984,185,0.296595360466699,"srmspe"
2019-09-04,330,4.87648059307885,2237,3.593726692329,"srmspe"
2019-09-04,62,4.89739228020994,329,0.528968165004108,"srmspe"
2019-09-04,54,4.89801650967654,427,0.686257486382688,"srmspe"
2019-09-04,48,4.89848468177649,154,0.247523855350323,"srmspe"
2019-09-04,18,4.90082554227624,213,0.342087620757306,"srmspe"
2019-09-04,20,4.90066948490959,262,0.420411024207997,"srmspe"
2019-09-04,21,4.90059145622627,274,0.44169435949899,"srmspe"
2019-09-04,67,4.89700213679332,592,0.950919945416671,"srmspe"
2019-09-04,41,4.89903088255977,924,1.48122151716994,"srmspe"
2019-09-04,347,4.87515410546232,699,1.12039163102215,"srmspe"
2019-09-04,95,4.89481733366022,912,1.46212089997603,"srmspe"
2019-09-04,81,4.89590973522677,791,1.27116057501185,"srmspe"
2019-09-04,16,4.90098159964289,339,0.544716625358375,"srmspe"
2019-09-04,31,4.89981116939302,83,0.134226060217523,"srmspe"
2019-09-04,18,4.90082554227624,148,0.238611944393177,"srmspe"
2019-09-04,27,4.90012328412632,132,0.213194570195661,"srmspe"
2019-09-04,59,4.89762636625992,430,0.690944462344193,"srmspe"
2019-09-04,91,4.89512944839352,373,0.599897077732963,"srmspe"
2019-09-04,63,4.89731425152662,670,1.07490012496745,"srmspe"
2019-09-04,31,4.89981116939302,528,0.84692607674747,"srmspe"
2019-09-04,45,4.89871876782647,308,0.494536202213002,"srmspe"
2019-09-04,75,4.89637790732672,278,0.445767091711808,"srmspe"
2019-09-04,53,4.89809453835987,319,0.511546239444764,"srmspe"
2019-09-04,75,4.89637790732672,611,0.983590593453467,"srmspe"
2019-09-04,40,4.89910891124309,252,0.405802692456321,"srmspe"
2019-09-04,114,4.89333478867704,763,1.22374480949529,"srmspe"
2019-09-04,8,4.90160582910949,340,0.545926691234025,"srmspe"
2019-09-04,65,4.89715819415997,435,0.700359157537742,"srmspe"
2019-09-04,49,4.89840665309317,535,0.861284676502195,"srmspe"
2019-09-04,20,4.90066948490959,817,1.3135184339591,"srmspe"
2019-09-04,131,4.89200830106052,852,1.36604278436577,"srmspe"
2019-09-04,299,4.87889948226192,311,0.501383626139674,"srmspe"
2019-09-04,64,4.89723622284329,309,0.499171936889162,"srmspe"
2019-09-04,89,4.89528550576017,555,0.892259461579216,"srmspe"
2019-09-04,38,4.89926496860974,705,1.13150502795007,"srmspe"
2019-09-04,79,4.89606579259342,660,1.06008694535267,"srmspe"
2019-09-04,34,4.89957708334304,352,0.56715883621687,"srmspe"
2019-09-04,29,4.89996722675967,341,0.547495189418188,"srmspe"
2019-09-04,35,4.89949905465972,472,0.757087640803727,"srmspe"
2019-09-04,163,4.88951138319412,312,0.501299835298069,"srmspe"
2019-09-04,31,4.89981116939302,326,0.522539578068187,"srmspe"
2019-09-04,22,4.90051342754294,245,0.393102973578257,"srmspe"
2019-09-04,16,4.90098159964289,188,0.302207144693635,"srmspe"
2019-09-04,111,4.89356887472702,519,0.832935478063823,"srmspe"
2019-09-04,69,4.89684607942667,281,0.450686596768594,"srmspe"
2019-09-04,20,4.90066948490959,372,0.598403284239148,"srmspe"
2019-09-04,46,4.89864073914314,368,0.591021887569881,"srmspe"
2019-09-04,21,4.90059145622627,66,0.106950585685176,"srmspe"
2019-09-04,35,4.89949905465972,215,0.346303397906708,"srmspe"
2019-09-04,75,4.89637790732672,284,0.456963556862381,"srmspe"
2019-09-04,54,4.89801650967654,280,0.449693932196156,"srmspe"
2019-09-04,41,4.89903088255977,235,0.377908149020782,"srmspe"
2019-09-04,31,4.89981116939302,217,0.348086874240179,"srmspe"
2019-09-04,69,4.89684607942667,371,0.595747676353058,"srmspe"
2019-09-04,11,4.90137174305952,444,0.712727478355664,"srmspe"
2019-09-04,50,4.89832862440984,304,0.487835578447321,"srmspe"
2019-09-04,78,4.89614382127674,236,0.379747964244378,"srmspe"
2019-09-04,53,4.89809453835987,811,1.29927594729176,"srmspe"
2019-09-04,13,4.90121568569287,208,0.334337370994565,"srmspe"
2019-09-04,41,4.89903088255977,321,0.514908840318206,"srmspe"
2019-09-04,50,4.89832862440984,352,0.5647854691147,"srmspe"
2019-09-04,26,4.90020131280964,204,0.327033549757011,"srmspe"
2019-09-04,65,4.89715819415997,143,0.229786187510259,"srmspe"
2019-09-04,26,4.90020131280964,160,0.256943508729969,"srmspe"
2019-09-04,15,4.90105962832622,126,0.202314959735144,"srmspe"
2019-09-04,44,4.89879679650979,75,0.121113052205508,"srmspe"
2019-09-04,28,4.90004525544299,244,0.391802316998533,"srmspe"
2019-09-04,22,4.90051342754294,433,0.693830254380457,"srmspe"
2019-09-04,228,4.884439518778,157,0.253028101519433,"srmspe"
2019-09-04,18,4.90082554227624,372,0.596406536581659,"srmspe"
2019-09-04,93,4.89497339102687,535,0.858185183305659,"srmspe"
2019-09-04,37,4.89934299729307,800,1.28239866848728,"srmspe"
2019-09-04,144,4.89099392817729,717,1.14895868525978,"srmspe"
2019-09-04,106,4.89395901814364,476,0.7636905961047,"srmspe"
2019-09-04,62,4.89739228020994,923,1.47864814957013,"srmspe"
2019-09-04,156,4.89005758397739,681,1.09118060329547,"srmspe"
2019-09-04,19,4.90074751359292,208,0.335164843099601,"srmspe"
2019-09-04,15,4.90105962832622,303,0.485782682221662,"srmspe"
2019-09-04,25,4.90027934149297,275,0.44170691800016,"srmspe"
2019-09-04,40,4.89910891124309,190,0.305452753706968,"srmspe"
2019-09-04,15,4.90105962832622,190,0.305149248414694,"srmspe"
2019-09-04,32,4.89973314070969,280,0.449183709418534,"srmspe"
2019-09-04,63,4.89731425152662,250,0.401599134568048,"srmspe"
2019-09-04,52,4.89817256704319,175,0.281051232947243,"srmspe"
2019-09-04,11,4.90137174305952,220,0.352975141382108,"srmspe"
2019-09-04,207,4.88607812112782,429,0.688739804666453,"srmspe"
2019-09-04,99,4.89450521892692,459,0.737113989634474,"srmspe"
2019-09-04,23,4.90043539885962,533,0.856178465718141,"srmspe"
2019-09-04,10,4.90144977174284,150,0.242284144491175,"srmspe"
2019-09-04,78,4.89614382127674,872,1.39971111138871,"srmspe"
2019-09-04,64,4.89723622284329,407,0.654206775166242,"srmspe"
2019-09-04,63,4.89731425152662,736,1.18011291703928,"srmspe"
2019-09-04,67,4.89700213679332,274,0.440803260043024,"srmspe"
2019-09-04,51,4.89825059572652,202,0.325513414360849,"srmspe"
2019-09-04,26,4.90020131280964,268,0.431092953762897,"srmspe"
2019-09-04,33,4.89965511202637,1257,2.01743416827374,"srmspe"
2019-09-04,68,4.89692410810999,417,0.670698594542546,"srmspe"
2019-09-04,182,4.88802883821094,1104,1.77075164157916,"srmspe"
2019-09-04,35,4.89949905465972,870,1.39701436927776,"srmspe"
2019-09-04,63,4.89731425152662,579,0.929758011915134,"srmspe"
2019-09-04,57,4.89778242362657,425,0.68430406049982,"srmspe"
2019-09-04,206,4.88615614981114,1584,2.54600783938265,"srmspe"
2019-09-04,82,4.89583170654344,378,0.608438113953858,"srmspe"
2019-09-04,97,4.89466127629357,1454,2.3363047265774,"srmspe"
2019-09-04,54,4.89801650967654,267,0.429310294965029,"srmspe"
2019-09-04,40,4.89910891124309,250,0.401624437986287,"srmspe"
2019-09-04,43,4.89887482519312,405,0.65170265937652,"srmspe"
2019-09-04,139,4.89138407159392,1031,1.65430159496473,"srmspe"
2019-09-04,78,4.89614382127674,980,1.57037216519599,"srmspe"
2019-09-04,74,4.89645593601004,403,0.646871869635267,"srmspe"
2019-09-04,48,4.89848468177649,330,0.531396603988414,"srmspe"
2019-09-04,18,4.90082554227624,237,0.380350484233439,"srmspe"
2019-09-04,22,4.90051342754294,105,0.168793184389844,"srmspe"
2019-09-04,17,4.90090357095957,475,0.761389417870967,"srmspe"
2019-09-04,42,4.89895285387644,229,0.3680286336929,"srmspe"
2019-09-04,40,4.89910891124309,237,0.382352426695124,"srmspe"
2019-09-04,39,4.89918693992642,258,0.415259326446584,"srmspe"
2019-09-04,48,4.89848468177649,430,0.690911415581367,"srmspe"
2019-09-04,122,4.89271055921044,1576,2.52803756259461,"srmspe"
2019-09-04,26,4.90020131280964,464,0.748288458083699,"srmspe"
2019-09-04,111,4.89356887472702,1143,1.83509409997032,"srmspe"
2019-09-04,45,4.89871876782647,547,0.877534080898629,"srmspe"
2019-09-04,91,4.89512944839352,732,1.17289404463623,"srmspe"
2019-09-04,35,4.89949905465972,282,0.452249620698377,"srmspe"
2019-09-04,73,4.89653396469337,295,0.473898067028627,"srmspe"
2019-09-04,78,4.89614382127674,538,0.863432712514594,"srmspe"
2019-09-04,112,4.89349084604369,1992,3.19878233373787,"srmspe"
2019-09-04,153,4.89029167002737,848,1.36442697035474,"srmspe"
2019-09-04,46,4.89864073914314,815,1.31394011471932,"srmspe"
2019-09-04,125,4.89247647316047,772,1.24028533549562,"srmspe"
2019-09-04,100,4.89442719024359,462,0.741953851736307,"srmspe"
2019-09-04,56,4.89786045230989,976,1.57185628983808,"srmspe"
2019-09-04,12,4.90129371437619,373,0.602032540256482,"srmspe"
2019-09-04,38,4.89926496860974,222,0.359850826160386,"srmspe"
2019-09-04,0,4.90223005857609,254,0.410649988688879,"srmspe"
2019-09-04,118,4.89302267394374,299,0.480825748522138,"srmspe"
2019-09-04,74,4.89645593601004,126,0.20439108398189,"srmspe"
2019-09-04,86,4.89551959181014,1231,1.98377322089627,"srmspe"
2019-09-04,95,4.89481733366022,259,0.417868581396146,"srmspe"
2019-09-04,56,4.89786045230989,2342,3.75407604129932,"srmspe"
2019-09-04,64,4.89723622284329,243,0.389558843779912,"srmspe"
2019-09-04,53,4.89809453835987,306,0.492059467107394,"srmspe"
2019-09-04,498,4.86337177428025,3601,5.78137151010828,"srmspe"
2019-09-04,94,4.89489536234354,522,0.840407534319928,"srmspe"
2019-09-04,25,4.90027934149297,364,0.583808552305013,"srmspe"
2019-09-04,46,4.89864073914314,481,0.771123586796247,"srmspe"
2019-09-04,40,4.89910891124309,216,0.346851792251051,"srmspe"
2019-09-04,49,4.89840665309317,817,1.31151954482348,"srmspe"
2019-09-04,93,4.89497339102687,502,0.808372003123641,"srmspe"
2019-09-04,304,4.8785093388453,137,0.220245903827849,"srmspe"
2019-09-04,22,4.90051342754294,417,0.669255270715613,"srmspe"
2019-09-04,139,4.89138407159392,1230,1.97698591489523,"srmspe"
2019-09-04,88,4.89536353444349,503,0.811858665686499,"srmspe"
2019-09-04,38,4.89926496860974,665,1.06944898413035,"srmspe"
2019-09-04,136,4.89161815764389,1288,2.07148668582646,"srmspe"
2019-09-04,701,4.84753195156527,1141,1.83131592081542,"srmspe"
2019-09-04,100,4.89442719024359,389,0.624744232130314,"srmspe"
2019-09-04,44,4.89879679650979,1026,1.64408876483067,"srmspe"
2019-09-04,43,4.89887482519312,401,0.64403308143484,"srmspe"
2019-09-04,58,4.89770439494324,210,0.339375734415348,"srmspe"
2019-09-04,100,4.89442719024359,944,1.51458902836681,"srmspe"
2019-09-04,92,4.89505141971019,970,1.55394678273156,"srmspe"
2019-09-04,83,4.89575367786012,764,1.22364237912742,"srmspe"
2019-09-04,20,4.90066948490959,240,0.385536305781436,"srmspe"
2019-09-04,16,4.90098159964289,210,0.337979420058188,"srmspe"
2019-09-04,44,4.89879679650979,374,0.602783855463525,"srmspe"
2019-09-04,123,4.89263253052712,713,1.14647701717248,"srmspe"
2019-09-04,98,4.89458324761024,282,0.453997342544916,"srmspe"
2019-09-04,127,4.89232041579382,174,0.279538101372813,"srmspe"
2019-09-04,29,4.89996722675967,427,0.68461783989787,"srmspe"
2019-09-04,221,4.88498571956127,1069,1.71497908300107,"srmspe"
2019-09-04,36,4.89942102597639,482,0.772419496038926,"srmspe"
2019-09-04,11,4.90137174305952,210,0.337447810370837,"srmspe"
2019-09-04,16,4.90098159964289,105,0.169250686925151,"srmspe"
2019-09-04,132,4.89193027237719,860,1.38121213477774,"srmspe"
2019-09-04,90,4.89520747707684,722,1.15877804403356,"srmspe"
2019-09-04,105,4.89403704682697,1983,3.17750380209595,"srmspe"
2019-09-04,20,4.90066948490959,319,0.512886439316526,"srmspe"
2019-09-04,71,4.89669002206002,275,0.441857606346865,"srmspe"
2019-09-04,88,4.89536353444349,380,0.610165736280634,"srmspe"
2019-09-04,62,4.89739228020994,334,0.539085303177757,"srmspe"
2019-09-04,27,4.90012328412632,346,0.556463433531958,"srmspe"
2019-09-04,8,4.90160582910949,809,1.30575225639716,"srmspe"
2019-09-04,61,4.89747030889327,972,1.55913171428864,"srmspe"
2019-09-04,37,4.89934299729307,128,0.208352008109179,"srmspe"
2019-09-04,176,4.8884970103109,1062,1.70132764773036,"srmspe"
2019-09-04,51,4.89825059572652,358,0.575970158816047,"srmspe"
2019-09-04,30,4.89988919807634,285,0.456775930534241,"srmspe"
2019-09-04,61,4.89747030889327,665,1.06692765897068,"srmspe"
2019-09-04,306,4.87835328147865,731,1.17366363264358,"srmspe"
2019-09-04,57,4.89778242362657,433,0.695689701103353,"srmspe"
2019-09-04,115,4.89325675999372,645,1.03436022729543,"srmspe"
2019-09-04,43,4.89887482519312,1793,2.87559499374087,"srmspe"
2019-09-04,21,4.90059145622627,249,0.401261483644408,"srmspe"
2019-09-04,20,4.90066948490959,756,1.21279094137606,"srmspe"
2019-09-04,115,4.89325675999372,1059,1.70024889534864,"srmspe"
2019-09-04,53,4.89809453835987,824,1.32543387261623,"srmspe"
2019-09-04,57,4.89778242362657,255,0.410719130564683,"srmspe"
2019-09-04,33,4.89965511202637,271,0.436553170728836,"srmspe"
2019-09-04,55,4.89793848099322,207,0.334138681767466,"srmspe"
2019-09-04,75,4.89637790732672,458,0.737077057815315,"srmspe"
2019-09-04,52,4.89817256704319,191,0.306370062159807,"srmspe"
2019-09-04,10,4.90144977174284,214,0.344020109425628,"srmspe"
2019-09-04,23,4.90043539885962,385,0.617102152824784,"srmspe"
2019-09-04,250,4.88272288774484,786,1.26328011186221,"srmspe"
2019-09-04,79,4.89606579259342,1030,1.65300736341476,"srmspe"
2019-09-04,27,4.90012328412632,417,0.670333321750171,"srmspe"
2019-09-04,104,4.89411507551029,558,0.897389363033935,"srmspe"
2019-09-04,76,4.89629987864339,304,0.489736044086967,"srmspe"
2019-09-04,31,4.89981116939302,202,0.325771313224083,"srmspe"
2019-09-04,45,4.89871876782647,339,0.54382411291648,"srmspe"
2019-09-04,53,4.89809453835987,209,0.335879607875675,"srmspe"
2019-09-04,42,4.89895285387644,546,0.878991351931914,"srmspe"
2019-09-04,55,4.89793848099322,313,0.503723227388029,"srmspe"
2019-09-04,186,4.88771672347765,725,1.16478684468896,"srmspe"
2019-09-04,221,4.88498571956127,1228,1.96708143518404,"srmspe"
2019-09-04,103,4.89419310419362,1332,2.13333762412018,"srmspe"
2019-09-04,33,4.89965511202637,310,0.499089305845866,"srmspe"
2019-09-04,72,4.89661199337669,412,0.661407211652116,"srmspe"
2019-09-04,53,4.89809453835987,404,0.64910651417713,"srmspe"
2019-09-04,92,4.89505141971019,356,0.572298124118963,"srmspe"
2019-09-04,45,4.89871876782647,380,0.612100801255441,"srmspe"
2019-09-04,97,4.89466127629357,781,1.25876039227921,"srmspe"
2019-09-04,108,4.89380296077699,430,0.6907102286687,"srmspe"
2019-09-04,61,4.89747030889327,177,0.28549326487683,"srmspe"
2019-09-04,66,4.89708016547664,826,1.3235031197155,"srmspe"
2019-09-04,129,4.89216435842717,514,0.824059799480999,"srmspe"
2019-09-04,135,4.89169618632722,836,1.33977695181086,"srmspe"
2019-09-04,114,4.89333478867704,265,0.425705411160806,"srmspe"
2019-09-04,27,4.90012328412632,595,0.953655681851701,"srmspe"
2019-09-04,49,4.89840665309317,657,1.05228408634254,"srmspe"
2019-09-04,114,4.89333478867704,607,0.973253751499418,"srmspe"
2019-09-04,71,4.89669002206002,527,0.84594470284753,"srmspe"
2019-09-04,135,4.89169618632722,932,1.49178333337292,"srmspe"
2019-09-04,238,4.88365923194474,767,1.22789520840963,"srmspe"
2019-09-04,224,4.8847516335113,823,1.31757461039682,"srmspe"
2019-09-04,92,4.89505141971019,545,0.877242436998725,"srmspe"
2019-09-04,227,4.88451754746132,781,1.25051260563379,"srmspe"
2019-09-04,0,4.90223005857609,733,1.17934683037812,"srmspe"
2019-09-04,88,4.89536353444349,306,0.493088885382747,"srmspe"
2019-09-04,58,4.89770439494324,404,0.650068142043755,"srmspe"
2019-09-04,42,4.89895285387644,613,0.984662879795797,"srmspe"
2019-09-04,185,4.88779475216097,478,0.767626674774974,"srmspe"
2019-09-04,42,4.89895285387644,364,0.584449463088172,"srmspe"
2019-09-04,38,4.89926496860974,208,0.33435658437354,"srmspe"
2019-09-04,48,4.89848468177649,429,0.688894523004517,"srmspe"
2019-09-04,59,4.89762636625992,363,0.58420778244326,"srmspe"
2019-09-04,67,4.89700213679332,953,1.52781386645918,"srmspe"
2019-09-04,58,4.89770439494324,871,1.39531938772023,"srmspe"
2019-09-04,112,4.89349084604369,670,1.07672919782027,"srmspe"
2019-09-04,62,4.89739228020994,540,0.867816404160679,"srmspe"
2019-09-04,53,4.89809453835987,1271,2.04032874779402,"srmspe"
2019-09-04,88,4.89536353444349,411,0.661975373653493,"srmspe"
2019-09-04,39,4.89918693992642,787,1.2619248815252,"srmspe"
2019-09-04,40,4.89910891124309,444,0.713611218617548,"srmspe"
2019-09-04,89,4.89528550576017,97,0.156805243684135,"srmspe"
2019-09-04,51,4.89825059572652,191,0.306894696942365,"srmspe"
2019-09-04,32,4.89973314070969,307,0.494507417165115,"srmspe"
2019-09-04,127,4.89232041579382,921,1.48041848714817,"srmspe"
2019-09-04,54,4.89801650967654,570,0.918869757637245,"srmspe"
2019-09-04,270,4.88116231407835,378,0.60685080161434,"srmspe"
2019-09-04,118,4.89302267394374,1148,1.84904522386072,"srmspe"
2019-09-04,26,4.90020131280964,619,0.996304402960905,"srmspe"
2019-09-04,76,4.89629987864339,314,0.505854599603055,"srmspe"
2019-09-04,67,4.89700213679332,591,0.952147342799405,"srmspe"
2019-09-04,51,4.89825059572652,442,0.71069130536904,"srmspe"
2019-09-04,20,4.90066948490959,198,0.318348915193401,"srmspe"
2019-09-04,94,4.89489536234354,857,1.37862837265504,"srmspe"
2019-09-04,167,4.88919926846082,672,1.07775576476291,"srmspe"
2019-09-04,241,4.88342514589477,1110,1.78360095202838,"srmspe"
2019-09-04,140,4.89130604291059,490,0.79011247353136,"srmspe"
2019-09-04,100,4.89442719024359,480,0.770855639316447,"srmspe"
2019-09-04,170,4.88896518241084,522,0.840452490181968,"srmspe"
2019-09-04,41,4.89903088255977,429,0.6891178774587,"srmspe"
2019-09-04,77,4.89622184996007,1182,1.89847523790768,"srmspe"
2019-09-04,298,4.87897751094525,223,0.358518292963831,"srmspe"
2019-09-04,55,4.89793848099322,266,0.427074299839095,"srmspe"
2019-09-04,93,4.89497339102687,1003,1.60999000588093,"srmspe"
2019-09-04,80,4.89598776391009,404,0.648287745071772,"srmspe"
2019-09-04,67,4.89700213679332,203,0.329549008752596,"srmspe"
2019-09-04,10,4.90144977174284,345,0.55706466973998,"srmspe"
2019-09-04,54,4.89801650967654,604,0.967007878403756,"srmspe"
2019-09-04,51,4.89825059572652,180,0.291295321780458,"srmspe"
2019-09-04,27,4.90012328412632,188,0.30283118814294,"srmspe"
2019-09-04,76,4.89629987864339,212,0.340754942383526,"srmspe"
2019-09-04,39,4.89918693992642,284,0.455814018182978,"srmspe"
2019-09-04,25,4.90027934149297,204,0.327608023401458,"srmspe"
2019-09-04,50,4.89832862440984,670,1.07451404113008,"srmspe"
2019-09-04,50,4.89832862440984,921,1.4762013993106,"srmspe"
2019-09-04,82,4.89583170654344,573,0.920486629512451,"srmspe"
2019-09-04,91,4.89512944839352,819,1.31404334637096,"srmspe"
2019-09-04,11,4.90137174305952,179,0.288255345878952,"srmspe"
2019-09-04,31,4.89981116939302,202,0.324444449776381,"srmspe"
2019-09-04,29,4.89996722675967,478,0.766344993055327,"srmspe"
2019-09-04,148,4.89068181344399,447,0.716540342208982,"srmspe"
2019-09-04,38,4.89926496860974,274,0.439453905152183,"srmspe"
2019-09-04,20,4.90066948490959,187,0.30118671189371,"srmspe"
2019-09-04,223,4.88482966219462,2492,3.99562186226873,"srmspe"
2019-09-04,91,4.89512944839352,650,1.04339689366355,"srmspe"
2019-09-04,31,4.89981116939302,182,0.292895264694939,"srmspe"
2019-09-04,26,4.90020131280964,349,0.560167615953676,"srmspe"
2019-09-04,44,4.89879679650979,655,1.04931742297258,"srmspe"
2019-09-04,40,4.89910891124309,434,0.697917985404198,"srmspe"
2019-09-04,44,4.89879679650979,476,0.763099879414591,"srmspe"
2019-09-04,51,4.89825059572652,336,0.540789835985104,"srmspe"
2019-09-04,101,4.89434916156027,505,0.809816116719582,"srmspe"
2019-09-04,27,4.90012328412632,768,1.23601012056207,"srmspe"
2019-09-04,80,4.89598776391009,1279,2.05250129600997,"srmspe"
2019-09-04,89,4.89528550576017,632,1.01575588095151,"srmspe"
2019-09-04,299,4.87889948226192,501,0.804030080810376,"srmspe"
2019-09-04,13,4.90121568569287,195,0.314639445175247,"srmspe"
2019-09-04,138,4.89146210027724,787,1.26230001530408,"srmspe"
2019-09-04,60,4.89754833757659,241,0.386853609845381,"srmspe"
2019-09-04,49,4.89840665309317,454,0.728582584104128,"srmspe"
2019-09-04,219,4.88514177692792,331,0.530974288367916,"srmspe"
2019-09-04,32,4.89973314070969,590,0.945243748878629,"srmspe"
2019-09-04,44,4.89879679650979,433,0.69418834350415,"srmspe"
2019-09-04,43,4.89887482519312,241,0.388007370017869,"srmspe"
2019-09-04,24,4.90035737017629,315,0.506510696085152,"srmspe"
2019-09-04,34,4.89957708334304,137,0.221533343097373,"srmspe"
2019-09-04,79,4.89606579259342,317,0.509451865779353,"srmspe"
2019-09-04,112,4.89349084604369,1625,2.60607161631915,"srmspe"
2019-09-04,61,4.89747030889327,1077,1.73296957511201,"srmspe"
2019-09-04,86,4.89551959181014,1121,1.7995947218804,"srmspe"
2019-09-04,590,4.85619313541435,2299,3.68841017557916,"srmspe"
2019-09-04,190,4.88740460874434,1141,1.83497723735024,"srmspe"
2019-09-04,122,4.89271055921044,405,0.651327033508277,"srmspe"
2019-09-04,52,4.89817256704319,215,0.347220738258093,"srmspe"
2019-09-04,45,4.89871876782647,273,0.439188697806082,"srmspe"
2019-09-04,102,4.89427113287694,655,1.0545269371272,"srmspe"
2019-09-04,28,4.90004525544299,397,0.638355739388233,"srmspe"
2019-09-04,46,4.89864073914314,416,0.669186847344871,"srmspe"
2019-09-04,18,4.90082554227624,887,1.42349950797684,"srmspe"
2019-09-04,69,4.89684607942667,1050,1.68385028803662,"srmspe"
2019-09-04,37,4.89934299729307,282,0.453422692301297,"srmspe"
2019-09-04,59,4.89762636625992,206,0.333187594380685,"srmspe"
2019-09-04,485,4.86438614716347,3463,5.55315445858276,"srmspe"
2019-09-04,114,4.89333478867704,1193,1.91888004704784,"srmspe"
2019-09-04,41,4.89903088255977,371,0.597034726844539,"srmspe"
2019-09-04,136,4.89161815764389,1182,1.89380241815892,"srmspe"
2019-09-04,31,4.89981116939302,494,0.794338181058343,"srmspe"
2019-09-04,144,4.89099392817729,1021,1.63692617172526,"srmspe"
2019-09-04,119,4.89294464526042,972,1.55915057916605,"srmspe"
2019-09-04,51,4.89825059572652,567,0.912712220655513,"srmspe"
2019-09-04,494,4.86368388901355,824,1.32186891961919,"srmspe"
2019-09-04,311,4.87796313806202,2006,3.22061968807712,"srmspe"
2019-09-04,369,4.87343747442917,1771,2.8384313832717,"srmspe"
2019-09-04,107,4.89388098946032,31,0.0505745660354072,"srmspe"
2019-09-04,18,4.90082554227624,286,0.461030727744977,"srmspe"
2019-09-04,35,4.89949905465972,187,0.301787793353188,"srmspe"
2019-09-04,30,4.89988919807634,443,0.710110152876398,"srmspe"
2019-09-04,44,4.89879679650979,254,0.408877626685751,"srmspe"
2019-09-04,341,4.87562227756227,1517,2.43212536217995,"srmspe"
2019-09-04,114,4.89333478867704,1134,1.81824605858521,"srmspe"
2019-09-04,64,4.89723622284329,1013,1.62575347107592,"srmspe"
2019-09-04,78,4.89614382127674,271,0.435918510489976,"srmspe"
2019-09-04,76,4.89629987864339,285,0.459150309742039,"srmspe"
2019-09-04,46,4.89864073914314,569,0.914069437184853,"srmspe"
2019-09-04,88,4.89536353444349,743,1.19306605596101,"srmspe"
2019-09-04,47,4.89856271045982,833,1.33687647270195,"srmspe"
2019-09-04,137,4.89154012896057,1398,2.24238233403664,"srmspe"
2019-09-04,39,4.89918693992642,382,0.61479859354313,"srmspe"
2019-09-04,225,4.88467360482797,1364,2.19504972774887,"srmspe"
2019-09-04,35,4.89949905465972,569,0.914063928607527,"srmspe"
2019-09-04,21,4.90059145622627,296,0.475723433298364,"srmspe"
2019-09-04,46,4.89864073914314,391,0.631018273174365,"srmspe"
2019-09-04,32,4.89973314070969,449,0.724888980826193,"srmspe"
2019-09-04,80,4.89598776391009,511,0.819375714809817,"srmspe"
2019-09-04,51,4.89825059572652,528,0.846284539140991,"srmspe"
2019-09-04,76,4.89629987864339,1048,1.68246681131386,"srmspe"
2019-09-04,84,4.89567564917679,228,0.366070867204305,"srmspe"
2019-09-04,67,4.89700213679332,423,0.679092441845289,"srmspe"
2019-09-04,15,4.90105962832622,332,0.533225688779658,"srmspe"
2019-09-04,29,4.89996722675967,341,0.546981836180471,"srmspe"
2019-09-04,91,4.89512944839352,479,0.768436127173231,"srmspe"
2019-09-04,12,4.90129371437619,233,0.375091256091138,"srmspe"
2019-09-04,47,4.89856271045982,319,0.512403091500593,"srmspe"
2019-09-04,24,4.90035737017629,279,0.447955800757715,"srmspe"
2019-09-04,327,4.87671467912882,1673,2.68589574237764,"srmspe"
2019-09-04,210,4.88584403507785,559,0.898782414985952,"srmspe"
2019-09-04,105,4.89403704682697,1178,1.89226752334247,"srmspe"
2019-09-04,187,4.88763869479432,997,1.5979699916662,"srmspe"
2019-09-04,44,4.89879679650979,1023,1.64486944036645,"srmspe"
2019-09-04,20,4.90066948490959,257,0.413714652003993,"srmspe"
2019-09-04,106,4.89395901814364,945,1.51302360199411,"srmspe"
2019-09-04,49,4.89840665309317,406,0.654488487068019,"srmspe"
2019-09-04,149,4.89060378476067,368,0.592418878923081,"srmspe"
2019-09-04,41,4.89903088255977,841,1.34866855622421,"srmspe"
2019-09-04,52,4.89817256704319,1048,1.68291921193506,"srmspe"
2019-09-04,55,4.89793848099322,367,0.590341962948966,"srmspe"
2019-09-04,28,4.90004525544299,299,0.479571175701824,"srmspe"
2019-09-04,194,4.88709249401105,963,1.54791684412218,"srmspe"
2019-09-04,125,4.89247647316047,494,0.793671082366539,"srmspe"
2019-09-04,118,4.89302267394374,623,1.0004040523802,"srmspe"
2019-09-04,63,4.89731425152662,158,0.254659090418199,"srmspe"
2019-09-04,22,4.90051342754294,519,0.833028971191583,"srmspe"
2019-09-04,38,4.89926496860974,434,0.696693128104536,"srmspe"
2019-09-04,64,4.89723622284329,136,0.219061634618578,"srmspe"
2019-09-04,26,4.90020131280964,219,0.352228854845915,"srmspe"
2019-09-04,35,4.89949905465972,409,0.65692228164792,"srmspe"
2019-09-04,43,4.89887482519312,332,0.533708838308453,"srmspe"
2019-09-04,36,4.89942102597639,406,0.651881424133282,"srmspe"
2019-09-04,57,4.89778242362657,283,0.455368358687929,"srmspe"
2019-09-04,46,4.89864073914314,455,0.730851367937728,"srmspe"
2019-09-04,68,4.89692410810999,235,0.377712992718017,"srmspe"
2019-09-04,92,4.89505141971019,1319,2.11617966650479,"srmspe"
2019-09-04,61,4.89747030889327,258,0.415146884822159,"srmspe"
2019-09-04,45,4.89871876782647,637,1.02111439978026,"srmspe"
2019-09-04,86,4.89551959181014,547,0.878443019966553,"srmspe"
2019-09-04,61,4.89747030889327,794,1.27374854439016,"srmspe"
2019-09-04,59,4.89762636625992,188,0.301351275652522,"srmspe"
2019-09-04,138,4.89146210027724,1101,1.76668183678716,"srmspe"
2019-09-04,58,4.89770439494324,250,0.401238180249329,"srmspe"
2019-09-04,151,4.89044772739402,621,0.999348757410031,"srmspe"
2019-09-04,173,4.88873109636087,1056,1.69880696301131,"srmspe"
2019-09-04,107,4.89388098946032,543,0.875931832287035,"srmspe"
2019-09-04,67,4.89700213679332,361,0.583368197410801,"srmspe"
2019-09-04,444,4.8675853231798,989,1.58753584472874,"srmspe"
2019-09-04,25,4.90027934149297,758,1.21614655318533,"srmspe"
2019-09-04,26,4.90020131280964,370,0.594150998835164,"srmspe"
2019-09-04,111,4.89356887472702,326,0.523422434591867,"srmspe"
2019-09-04,5,4.90183991515947,132,0.213331723317867,"srmspe"
2019-09-04,326,4.87679270781215,451,0.725903254610837,"srmspe"
2019-09-04,65,4.89715819415997,919,1.47493536246043,"srmspe"
2019-09-04,103,4.89419310419362,859,1.37769930381555,"srmspe"
2019-09-04,61,4.89747030889327,633,1.01666623750741,"srmspe"
2019-09-04,56,4.89786045230989,433,0.699132642121401,"srmspe"
2019-09-04,116,4.89317873131039,758,1.21550736312086,"srmspe"
2019-09-04,149,4.89060378476067,1026,1.64406966166366,"srmspe"
2019-09-04,88,4.89536353444349,441,0.707542106316899,"srmspe"
2019-09-04,153,4.89029167002737,1279,2.05042650985086,"srmspe"
2019-09-04,87,4.89544156312682,601,0.963006159754881,"srmspe"
2019-09-04,204,4.8863122071778,544,0.872869773126627,"srmspe"
2019-09-04,35,4.89949905465972,259,0.415906040604887,"srmspe"
2019-09-04,72,4.89661199337669,442,0.715519214209496,"srmspe"
2019-09-04,63,4.89731425152662,393,0.630998083114767,"srmspe"
2019-09-04,25,4.90027934149297,471,0.754374160454537,"srmspe"
2019-09-04,18,4.90082554227624,54,0.0876391488202914,"srmspe"
2019-09-04,161,4.88966744056077,708,1.14015039592181,"srmspe"
2019-09-04,92,4.89505141971019,783,1.25499635292317,"srmspe"
2019-09-04,94,4.89489536234354,420,0.673318017968755,"srmspe"
2019-09-04,94,4.89489536234354,328,0.52603719197869,"srmspe"
2019-09-04,49,4.89840665309317,734,1.17608662088922,"srmspe"
2019-09-04,50,4.89832862440984,553,0.886024463309796,"srmspe"
2019-09-04,88,4.89536353444349,271,0.439518001609774,"srmspe"
2019-09-04,104,4.89411507551029,499,0.802240896347875,"srmspe"
2019-09-04,92,4.89505141971019,573,0.918870447579773,"srmspe"
2019-09-04,55,4.89793848099322,1176,1.88922488379541,"srmspe"
2019-09-04,918,4.83059972728375,1031,1.65312789201096,"srmspe"
2019-09-04,273,4.88092822802837,2456,3.93474484385571,"srmspe"
2019-09-04,74,4.89645593601004,1625,2.60682153656452,"srmspe"
2019-09-04,375,4.87296930232922,3660,5.86878886854854,"srmspe"
2019-09-04,48,4.89848468177649,586,0.942459875177971,"srmspe"
2019-09-04,139,4.89138407159392,365,0.5882577203886,"srmspe"
2019-09-04,602,4.85525679121445,1772,2.8455321195937,"srmspe"
2019-09-04,24,4.90035737017629,579,0.929691895152856,"srmspe"
2019-09-04,157,4.88997955529407,773,1.24673841153098,"srmspe"
2019-09-04,68,4.89692410810999,1461,2.34119354606637,"srmspe"
2019-09-04,52,4.89817256704319,918,1.47141185598044,"srmspe"
2019-09-04,84,4.89567564917679,605,0.969747202342247,"srmspe"
2019-09-04,59,4.89762636625992,972,1.55680054413497,"srmspe"
2019-09-04,0,4.90223005857609,1536,2.47699606654932,"srmspe"
2019-09-04,517,4.86188922929707,1058,1.70440496082064,"srmspe"
2019-09-04,20,4.90066948490959,361,0.582346457775834,"srmspe"
2019-09-04,147,4.89075984212732,1726,2.76499941749268,"srmspe"
2019-09-04,844,4.8363738498498,1691,2.71000539941182,"srmspe"
2019-09-04,58,4.89770439494324,431,0.69309654661686,"srmspe"
2019-09-04,93,4.89497339102687,538,0.864604787828747,"srmspe"
2019-09-04,95,4.89481733366022,907,1.45654768558251,"srmspe"
2019-09-04,444,4.8675853231798,1728,2.77009072863375,"srmspe"
2019-09-04,310,4.87804116674535,2234,3.57944831889646,"srmspe"
2019-09-04,20,4.90066948490959,1325,2.12869337134247,"srmspe"
2019-09-04,730,4.84526911974885,860,1.38035187883154,"srmspe"
2019-09-04,242,4.88334711721145,1503,2.40838567854662,"srmspe"
2019-09-04,174,4.88865306767755,1231,1.97660480146273,"srmspe"
2019-09-04,56,4.89786045230989,751,1.20629127143322,"srmspe"
2019-09-04,89,4.89528550576017,367,0.58941664572258,"srmspe"
2019-09-04,19,4.90074751359292,544,0.875621232455039,"srmspe"
2019-09-04,58,4.89770439494324,2140,3.43149465019097,"srmspe"
2019-09-04,101,4.89434916156027,1465,2.35048444756667,"srmspe"
2019-09-04,36,4.89942102597639,234,0.375793823532069,"srmspe"
2019-09-04,96,4.89473930497689,169,0.272763819193355,"srmspe"
2019-09-04,44,4.89879679650979,689,1.10584929231716,"srmspe"
2019-09-04,302,4.87866539621195,1330,2.13242990893165,"srmspe"
2019-09-04,213,4.88560994902787,1207,1.93556338382814,"srmspe"
2019-09-04,102,4.89427113287694,421,0.677843304064084,"srmspe"
2019-09-04,145,4.89091589949397,1261,2.02832240715306,"srmspe"
2019-09-04,30,4.89988919807634,110,0.177767829020955,"srmspe"
2019-09-04,31,4.89981116939302,736,1.18031855473337,"srmspe"
2019-09-04,36,4.89942102597639,115,0.184435614562712,"srmspe"
2019-09-04,32,4.89973314070969,1270,2.0383264367121,"srmspe"
2019-09-04,110,4.89364690341034,570,0.915312257133578,"srmspe"
2019-09-04,265,4.88155245749497,1445,2.31701839592536,"srmspe"
2019-09-04,145,4.89091589949397,555,0.891806910940483,"srmspe"
2019-09-04,78,4.89614382127674,1620,2.59867200836125,"srmspe"
2019-09-04,254,4.88241077301155,1630,2.61560969121814,"srmspe"
2019-09-04,422,4.86930195421295,1483,2.37790194390189,"srmspe"
2019-09-04,50,4.89832862440984,653,1.05298145723739,"srmspe"
2019-09-04,48,4.89848468177649,835,1.33783938886841,"srmspe"
2019-09-04,428,4.868833782113,538,0.864078728719274,"srmspe"
2019-09-04,73,4.89653396469337,1381,2.21050573667199,"srmspe"
2019-09-04,158,4.88990152661074,1066,1.706879130644,"srmspe"
2019-09-04,118,4.89302267394374,542,0.87003241979265,"srmspe"
2019-09-04,94,4.89489536234354,1476,2.36625637279223,"srmspe"
2019-09-04,43,4.89887482519312,499,0.803595061231608,"srmspe"
2019-09-04,60,4.89754833757659,1363,2.18563017248593,"srmspe"
2019-09-04,85,4.89559762049347,101,0.165069582554292,"srmspe"
2019-09-04,21,4.90059145622627,124,0.198730643983833,"srmspe"
2019-09-04,51,4.89825059572652,717,1.15417518817705,"srmspe"
2019-09-04,152,4.89036969871069,480,0.772081398495649,"srmspe"
2019-09-04,55,4.89793848099322,397,0.64157392115916,"srmspe"
2019-09-04,75,4.89637790732672,477,0.768042981081491,"srmspe"
2019-09-04,41,4.89903088255977,239,0.384944993636763,"srmspe"
2019-09-04,45,4.89871876782647,373,0.600663113092005,"srmspe"
2019-09-04,52,4.89817256704319,559,0.897383454289499,"srmspe"
2019-09-04,354,4.87460790467905,366,0.587894759211523,"srmspe"
2019-09-04,66,4.89708016547664,451,0.725580458549271,"srmspe"
2019-09-04,28,4.90004525544299,305,0.491006163774149,"srmspe"
2019-09-04,84,4.89567564917679,740,1.1852506386441,"srmspe"
2019-09-04,107,4.89388098946032,644,1.03542463900959,"srmspe"
2019-09-04,59,4.89762636625992,981,1.57296703773785,"srmspe"
2019-09-04,34,4.89957708334304,230,0.375372695985233,"srmspe"
2019-09-04,80,4.89598776391009,1421,2.27825147171185,"srmspe"
2019-09-04,46,4.89864073914314,1278,2.04997205639617,"srmspe"
2019-09-04,49,4.89840665309317,955,1.52939466539247,"srmspe"
2019-09-04,44,4.89879679650979,218,0.350281817173537,"srmspe"
2019-09-04,21,4.90059145622627,480,0.770396218200364,"srmspe"
2019-09-04,25,4.90027934149297,267,0.427994860422502,"srmspe"
2019-09-04,45,4.89871876782647,193,0.310135955048382,"srmspe"
2019-09-04,105,4.89403704682697,611,0.981163668797086,"srmspe"
2019-09-04,420,4.8694580115796,696,1.11979728116327,"srmspe"
2019-09-04,72,4.89661199337669,327,0.526447364723367,"srmspe"
2019-09-04,64,4.89723622284329,509,0.818372691183057,"srmspe"
2019-09-04,42,4.89895285387644,397,0.638152081770079,"srmspe"
2019-09-04,88,4.89536353444349,371,0.597320420009104,"srmspe"
2019-09-04,369,4.87343747442917,939,1.50516464540605,"srmspe"
2019-09-04,60,4.89754833757659,707,1.13827491921653,"srmspe"
2019-09-04,112,4.89349084604369,829,1.3306213857927,"srmspe"
2019-09-04,21,4.90059145622627,175,0.281547853405479,"srmspe"
2019-09-04,22,4.90051342754294,208,0.334194392950425,"srmspe"
2019-09-04,25,4.90027934149297,205,0.32929375092328,"srmspe"
2019-09-04,36,4.89942102597639,109,0.17523449803401,"srmspe"
2019-09-04,51,4.89825059572652,384,0.617494324126816,"srmspe"
2019-09-04,32,4.89973314070969,342,0.549844641769733,"srmspe"
2019-09-04,59,4.89762636625992,388,0.622460999599295,"srmspe"
2019-09-04,55,4.89793848099322,558,0.89643129918321,"srmspe"
2019-09-04,198,4.88678037927775,942,1.51314833108537,"srmspe"
2019-09-04,90,4.89520747707684,374,0.601334898698589,"srmspe"
2019-09-04,60,4.89754833757659,448,0.722266944864499,"srmspe"
2019-09-04,29,4.89996722675967,257,0.412408793884867,"srmspe"
2019-09-04,50,4.89832862440984,241,0.391605090403259,"srmspe"
2019-09-04,125,4.89247647316047,1211,1.94987560082889,"srmspe"
2019-09-04,147,4.89075984212732,1023,1.64151085212335,"srmspe"
2019-09-04,118,4.89302267394374,1135,1.82763688078156,"srmspe"
2019-09-04,53,4.89809453835987,567,0.911023606917999,"srmspe"
2019-09-04,32,4.89973314070969,785,1.25949001495257,"srmspe"
2019-09-04,94,4.89489536234354,325,0.521563024654207,"srmspe"
2019-09-04,52,4.89817256704319,454,0.72910435882193,"srmspe"
2019-09-04,147,4.89075984212732,443,0.71064187723407,"srmspe"
2019-09-04,82,4.89583170654344,462,0.741325196844724,"srmspe"
2019-09-04,32,4.89973314070969,239,0.384843898565111,"srmspe"
2019-09-04,32,4.89973314070969,270,0.434692482601926,"srmspe"
2019-09-04,57,4.89778242362657,648,1.03886609757188,"srmspe"
2019-09-04,37,4.89934299729307,256,0.412021034775538,"srmspe"
2019-09-04,25,4.90027934149297,256,0.412357853978195,"srmspe"
2019-09-04,100,4.89442719024359,555,0.894166415567241,"srmspe"
2019-09-04,117,4.89310070262707,370,0.59447484333416,"srmspe"
2019-09-04,42,4.89895285387644,526,0.845173514331714,"srmspe"
2019-09-04,29,4.89996722675967,121,0.194381895990165,"srmspe"
2019-09-04,47,4.89856271045982,464,0.745659213349745,"srmspe"
2019-09-04,30,4.89988919807634,492,0.788320817101299,"srmspe"
2019-09-04,28,4.90004525544299,170,0.273544447079934,"srmspe"
2019-09-04,30,4.89988919807634,251,0.402678978432259,"srmspe"
2019-09-04,16,4.90098159964289,185,0.297237655588735,"srmspe"
2019-09-04,26,4.90020131280964,174,0.27974347922041,"srmspe"
2019-09-04,56,4.89786045230989,206,0.331083933955747,"srmspe"
2019-09-04,118,4.89302267394374,410,0.65908029057988,"srmspe"
2019-09-04,148,4.89068181344399,712,1.14259359876016,"srmspe"
2019-09-04,65,4.89715819415997,279,0.447987443423952,"srmspe"
2019-09-04,190,4.88740460874434,499,0.801873523424517,"srmspe"
2019-09-04,120,4.89286661657709,337,0.540873793453974,"srmspe"
2019-09-04,143,4.89107195686062,373,0.59916956837649,"srmspe"
2019-09-04,106,4.89395901814364,400,0.64129772956769,"srmspe"
2019-09-04,41,4.89903088255977,244,0.392212592434736,"srmspe"
2019-09-04,67,4.89700213679332,409,0.656339680685925,"srmspe"
2019-09-04,69,4.89684607942667,357,0.57206553745926,"srmspe"
2019-09-04,48,4.89848468177649,366,0.586943542975509,"srmspe"
2019-09-04,108,4.89380296077699,295,0.473712731518082,"srmspe"
2019-09-04,20,4.90066948490959,381,0.612432559373209,"srmspe"
2019-09-04,32,4.89973314070969,205,0.329380790267494,"srmspe"
2019-09-04,52,4.89817256704319,334,0.536303832417077,"srmspe"
2019-09-04,13,4.90121568569287,246,0.395213352953434,"srmspe"
2019-09-04,36,4.89942102597639,363,0.581780022316238,"srmspe"
2019-09-04,48,4.89848468177649,240,0.385093514463589,"srmspe"
2019-09-04,22,4.90051342754294,274,0.439512619191137,"srmspe"
2019-09-04,25,4.90027934149297,134,0.215294959176099,"srmspe"
2019-09-04,45,4.89871876782647,350,0.561742150465931,"srmspe"
2019-09-04,43,4.89887482519312,266,0.426529277453149,"srmspe"
2019-09-04,59,4.89762636625992,242,0.389283384320296,"srmspe"
2019-09-04,37,4.89934299729307,404,0.649544408528279,"srmspe"
2019-09-04,102,4.89427113287694,501,0.807415370438232,"srmspe"
2019-09-04,44,4.89879679650979,1031,1.65269978064675,"srmspe"
2019-09-04,49,4.89840665309317,499,0.800340448470566,"srmspe"
2019-09-04,79,4.89606579259342,782,1.25501286011163,"srmspe"
2019-09-04,70,4.89676805074334,430,0.693295068162791,"srmspe"
2019-09-04,49,4.89840665309317,837,1.34164863362004,"srmspe"
2019-09-04,30,4.89988919807634,295,0.472685266209186,"srmspe"
2019-09-04,137,4.89154012896057,1087,1.74222193246707,"srmspe"
2019-09-04,65,4.89715819415997,306,0.491296789188355,"srmspe"
2019-09-04,66,4.89708016547664,157,0.254631833635034,"srmspe"
2019-09-04,63,4.89731425152662,476,0.763436101217512,"srmspe"
2019-09-04,81,4.89590973522677,734,1.18060072899065,"srmspe"
2019-09-04,38,4.89926496860974,158,0.254233121740761,"srmspe"
2019-09-04,34,4.89957708334304,716,1.14714496647985,"srmspe"
2019-09-04,101,4.89434916156027,754,1.21040043271477,"srmspe"
2019-09-04,197,4.88685840796107,970,1.55703337202007,"srmspe"
2019-09-04,68,4.89692410810999,281,0.451558064920783,"srmspe"
2019-09-04,65,4.89715819415997,445,0.714927397887259,"srmspe"
2019-09-04,239,4.88358120326142,1374,2.20301746291557,"srmspe"
2019-09-04,49,4.89840665309317,724,1.16177583607888,"srmspe"
2019-09-04,80,4.89598776391009,701,1.12339252903286,"srmspe"
2019-09-04,107,4.89388098946032,278,0.446338881383398,"srmspe"
2019-09-04,76,4.89629987864339,656,1.05056730305775,"srmspe"
2019-09-04,37,4.89934299729307,279,0.447732038899668,"srmspe"
2019-09-04,46,4.89864073914314,613,0.983374100349882,"srmspe"
2019-09-04,72,4.89661199337669,312,0.501056033497469,"srmspe"
2019-09-04,112,4.89349084604369,236,0.379341353787228,"srmspe"
2019-09-04,107,4.89388098946032,287,0.461368464338205,"srmspe"
2019-09-04,82,4.89583170654344,363,0.584574427404918,"srmspe"
2019-09-04,104,4.89411507551029,199,0.320618501733585,"srmspe"
2019-09-04,19,4.90074751359292,810,1.29774941237424,"srmspe"
2019-09-04,571,4.85767568039752,641,1.0304761556019,"srmspe"
2019-09-04,48,4.89848468177649,1075,1.72283569326707,"srmspe"
2019-09-04,75,4.89637790732672,531,0.856391105176789,"srmspe"
2019-09-04,40,4.89910891124309,911,1.46032205628411,"srmspe"
2019-09-04,59,4.89762636625992,475,0.762781710695448,"srmspe"
2019-09-04,48,4.89848468177649,427,0.685925122257301,"srmspe"
2019-09-04,47,4.89856271045982,394,0.632121628264773,"srmspe"
2019-09-04,228,4.884439518778,627,1.00713741184662,"srmspe"
2019-09-04,250,4.88272288774484,709,1.14074089989878,"srmspe"
2019-09-04,30,4.89988919807634,269,0.431346774059728,"srmspe"
2019-09-04,7,4.90168385779282,200,0.321166960174915,"srmspe"
2019-09-04,36,4.89942102597639,667,1.0707742397057,"srmspe"
2019-09-04,290,4.87960174041185,444,0.715503823846495,"srmspe"
2019-09-04,216,4.8853758629779,1986,3.18207470133954,"srmspe"
2019-09-04,17,4.90090357095957,84,0.135500091019824,"srmspe"
2019-09-04,61,4.89747030889327,796,1.27692493855516,"srmspe"
2019-09-04,63,4.89731425152662,276,0.443562749148892,"srmspe"
2019-09-04,21,4.90059145622627,559,0.896015413499351,"srmspe"
2019-09-04,35,4.89949905465972,323,0.522716390985346,"srmspe"
2019-09-04,42,4.89895285387644,201,0.323255530807221,"srmspe"
2019-09-04,52,4.89817256704319,454,0.727727400091983,"srmspe"
2019-09-04,76,4.89629987864339,715,1.14754818424685,"srmspe"
2019-09-04,22,4.90051342754294,402,0.645051880383256,"srmspe"
2019-09-04,53,4.89809453835987,381,0.611693739995806,"srmspe"
2019-09-04,61,4.89747030889327,160,0.257985307326379,"srmspe"
2019-09-04,281,4.88030399856177,415,0.665764686353041,"srmspe"
2019-09-04,121,4.89278858789377,822,1.32001086669614,"srmspe"
2019-09-04,99,4.89450521892692,880,1.41135838134658,"srmspe"
2019-09-04,80,4.89598776391009,532,0.854088799055932,"srmspe"
2019-09-04,20,4.90066948490959,154,0.247932288762393,"srmspe"
2019-09-04,106,4.89395901814364,479,0.769972327331907,"srmspe"
2019-09-04,117,4.89310070262707,499,0.8020762377639,"srmspe"
2019-09-04,29,4.89996722675967,344,0.553428892794979,"srmspe"
2019-09-05,67,11.2713993636621,839,0.181965222991856,"srmspe"
2019-09-05,0,11.2766272854449,1511,0.327907700018749,"srmspe"
2019-09-05,163,11.2639086100629,875,0.189753782070207,"srmspe"
2019-09-05,180,11.2625821224464,1059,0.229672659656503,"srmspe"
2019-09-05,150,11.2649229829461,894,0.19384583384017,"srmspe"
2019-09-05,102,11.2686683597457,748,0.162170177014693,"srmspe"
2019-09-05,72,11.2710092202455,476,0.103236408492762,"srmspe"
2019-09-05,118,11.2674199008125,1114,0.241599643469638,"srmspe"
2019-09-05,84,11.2700728760456,566,0.122726289568045,"srmspe"
2019-09-05,130,11.2664835566126,444,0.096288678626322,"srmspe"
2019-09-05,85,11.2699948473622,614,0.133153543159916,"srmspe"
2019-09-05,71,11.2710872489288,930,0.201668124073463,"srmspe"
2019-09-05,85,11.2699948473622,475,0.103006928222031,"srmspe"
2019-09-05,32,11.2741303675785,511,0.110835859135811,"srmspe"
2019-09-05,125,11.2668737000292,696,0.150968773263141,"srmspe"
2019-09-05,126,11.2667956713459,721,0.15637965811858,"srmspe"
2019-09-05,209,11.2603192906299,2728,0.591545916048817,"srmspe"
2019-09-05,69,11.2712433062954,2238,0.485438020792562,"srmspe"
2019-09-05,653,11.2256745552336,4513,0.978620234470238,"srmspe"
2019-09-05,185,11.2621919790297,2068,0.448507331641226,"srmspe"
2019-09-05,357,11.2487710454978,1805,0.391509938534772,"srmspe"
2019-09-05,96,11.2691365318457,575,0.124717210004556,"srmspe"
2019-09-05,216,11.2597730898467,2076,0.450226494244392,"srmspe"
2019-09-05,112,11.2678880729125,802,0.173974271483196,"srmspe"
2019-09-05,415,11.244245381865,3412,0.739811210933611,"srmspe"
2019-09-05,103,11.2685903310624,1692,0.366980201332355,"srmspe"
2019-09-05,61,11.271867535762,1173,0.254440358552939,"srmspe"
2019-09-05,61,11.271867535762,758,0.164340126702987,"srmspe"
2019-09-05,82,11.2702289334122,582,0.126222106227971,"srmspe"
2019-09-05,103,11.2685903310624,375,0.0813666997400748,"srmspe"
2019-09-05,182,11.2624260650797,847,0.183692241978602,"srmspe"
2019-09-05,107,11.2682782163291,728,0.157847946242674,"srmspe"
2019-09-05,171,11.2632843805963,732,0.158749190802635,"srmspe"
2019-09-05,97,11.2690585031623,1121,0.243074733166189,"srmspe"
2019-09-05,261,11.256261799097,1298,0.281459675049137,"srmspe"
2019-09-05,47,11.2729599373286,524,0.113646270434055,"srmspe"
2019-09-05,87,11.2698387899956,294,0.0638387964435178,"srmspe"
2019-09-05,290,11.2539989672806,2280,0.494451281526616,"srmspe"
2019-09-05,50,11.2727258512786,1073,0.232783418707107,"srmspe"
2019-09-05,403,11.2451817260649,2244,0.486636384008284,"srmspe"
2019-09-05,101,11.268746388429,330,0.0715596658801285,"srmspe"
2019-09-05,967,11.2011735486696,6779,1.47007647421827,"srmspe"
2019-09-05,128,11.2666396139793,591,0.128207047371759,"srmspe"
2019-09-05,112,11.2678880729125,939,0.203642766465482,"srmspe"
2019-09-05,90,11.2696047039456,321,0.0696178330332001,"srmspe"
2019-09-05,40,11.2735061381119,420,0.0910838999830354,"srmspe"
2019-09-05,41,11.2734281094285,522,0.113186453129724,"srmspe"
2019-09-05,70,11.2711652776121,568,0.123235397834577,"srmspe"
2019-09-05,165,11.2637525526962,1594,0.345651362833734,"srmspe"
2019-09-05,167,11.2635964953296,1937,0.419981082212095,"srmspe"
2019-09-05,570,11.2321509359496,1894,0.410610000637381,"srmspe"
2019-09-05,240,11.2579004014469,1946,0.421937679368681,"srmspe"
2019-09-05,284,11.2544671393806,1961,0.425328796736118,"srmspe"
2019-09-05,31,11.2742083962618,770,0.16697889895209,"srmspe"
2019-09-05,54,11.2724137365453,177,0.0384130114685671,"srmspe"
2019-09-05,59,11.2720235931287,295,0.0640030316737381,"srmspe"
2019-09-05,45,11.2731159946952,192,0.0416874493882801,"srmspe"
2019-09-05,125,11.2668737000292,864,0.187384957939246,"srmspe"
2019-09-05,198,11.2611776061465,947,0.205376519039044,"srmspe"
2019-09-05,84,11.2700728760456,1068,0.231605755030632,"srmspe"
2019-09-05,43,11.2732720520619,759,0.164600794401339,"srmspe"
2019-09-05,76,11.2706971055122,623,0.135087760106679,"srmspe"
2019-09-05,160,11.2641426961129,590,0.127918402823924,"srmspe"
2019-09-05,136,11.2660153845127,685,0.148516822976705,"srmspe"
2019-09-05,237,11.2581344874968,2163,0.469140486838177,"srmspe"
2019-09-05,244,11.2575882867136,896,0.194337923529145,"srmspe"
2019-09-05,265,11.2559496843637,1884,0.408458803509616,"srmspe"
2019-09-05,5,11.2762371420282,723,0.15678534116777,"srmspe"
2019-09-05,187,11.2620359216631,1409,0.305612567282594,"srmspe"
2019-09-05,154,11.2646108682128,1996,0.432871389197875,"srmspe"
2019-09-05,59,11.2720235931287,1762,0.382184403915733,"srmspe"
2019-09-05,300,11.2532186804474,1960,0.425006583559706,"srmspe"
2019-09-05,259,11.2564178564637,815,0.176800228417907,"srmspe"
2019-09-05,186,11.2621139503464,893,0.193721655148183,"srmspe"
2019-09-05,180,11.2625821224464,1651,0.358060524914721,"srmspe"
2019-09-05,86,11.2699168186789,1295,0.280838389973113,"srmspe"
2019-09-05,204,11.2607094340466,1605,0.348095816292888,"srmspe"
2019-09-05,96,11.2691365318457,1143,0.247922365781557,"srmspe"
2019-09-05,58,11.272101621812,816,0.176957365251542,"srmspe"
2019-09-05,88,11.2697607613123,826,0.179112880099687,"srmspe"
2019-09-05,166,11.2636745240129,751,0.162871795606231,"srmspe"
2019-09-05,80,11.2703849907789,582,0.12619541174199,"srmspe"
2019-09-05,31,11.2742083962618,397,0.0860976356550552,"srmspe"
2019-09-05,63,11.2717114783954,460,0.099754656441333,"srmspe"
2019-09-05,251,11.2570420859303,1104,0.239361928215081,"srmspe"
2019-09-05,127,11.2667176426626,575,0.124662521245874,"srmspe"
2019-09-05,65,11.2715554210287,893,0.193673812049019,"srmspe"
2019-09-05,118,11.2674199008125,1007,0.218361148996193,"srmspe"
2019-09-05,39,11.2735841667952,183,0.0397305268167403,"srmspe"
2019-09-05,105,11.2684342736957,578,0.125358218526725,"srmspe"
2019-09-05,124,11.2669517287126,508,0.110196062778783,"srmspe"
2019-09-05,45,11.2731159946952,539,0.116875840945907,"srmspe"
2019-09-05,51,11.2726478225953,388,0.0841669795550333,"srmspe"
2019-09-05,40,11.2735061381119,342,0.0741555651955343,"srmspe"
2019-09-05,115,11.2676539868625,651,0.141193453366373,"srmspe"
2019-09-05,37,11.2737402241618,1021,0.221394890091222,"srmspe"
2019-09-05,93,11.2693706178956,443,0.0960845694214385,"srmspe"
2019-09-05,109,11.2681221589624,563,0.122102741870183,"srmspe"
2019-09-05,152,11.2647669255795,1488,0.322602239599499,"srmspe"
2019-09-05,59,11.2720235931287,305,0.0661605211858144,"srmspe"
2019-09-05,55,11.272335707862,498,0.10799031551628,"srmspe"
2019-09-05,128,11.2666396139793,629,0.136406426559666,"srmspe"
2019-09-05,54,11.2724137365453,474,0.102768201545858,"srmspe"
2019-09-05,126,11.2667956713459,323,0.0700488485042849,"srmspe"
2019-09-05,58,11.272101621812,369,0.0800253991442095,"srmspe"
2019-09-05,44,11.2731940233786,304,0.065925319954469,"srmspe"
2019-09-05,101,11.268746388429,182,0.0394754413182482,"srmspe"
2019-09-05,51,11.2726478225953,445,0.0965032396360443,"srmspe"
2019-09-05,42,11.2733500807452,553,0.119910202058865,"srmspe"
2019-09-05,181,11.262504093763,266,0.0577274941584614,"srmspe"
2019-09-05,47,11.2729599373286,533,0.115573969407839,"srmspe"
2019-09-05,228,11.2588367456468,1205,0.26131597940526,"srmspe"
2019-09-05,213,11.2600071758966,1926,0.417613840283231,"srmspe"
2019-09-05,533,11.2350379972326,1773,0.384405568096485,"srmspe"
2019-09-05,368,11.2479127299813,1553,0.336714493045668,"srmspe"
2019-09-05,230,11.2586806882801,2388,0.517713980529351,"srmspe"
2019-09-05,449,11.2415924066319,1720,0.372908412660203,"srmspe"
2019-09-05,45,11.2731159946952,425,0.0921991943399137,"srmspe"
2019-09-05,24,11.2747545970451,454,0.0984426827845652,"srmspe"
2019-09-05,55,11.272335707862,455,0.0986830664762124,"srmspe"
2019-09-05,59,11.2720235931287,379,0.0821964294372179,"srmspe"
2019-09-05,38,11.2736621954785,338,0.0733074108562653,"srmspe"
2019-09-05,45,11.2731159946952,631,0.136808169660534,"srmspe"
2019-09-05,118,11.2674199008125,472,0.102364419126974,"srmspe"
2019-09-05,138,11.265859327146,357,0.0774155321012454,"srmspe"
2019-09-05,35,11.2738962815285,397,0.0860813293338539,"srmspe"
2019-09-05,236,11.2582125161802,927,0.201027633263253,"srmspe"
2019-09-05,174,11.2630502945463,846,0.183486966331443,"srmspe"
2019-09-05,31,11.2742083962618,1398,0.303160136400863,"srmspe"
2019-09-05,17,11.2753007978283,286,0.0620658290201718,"srmspe"
2019-09-05,153,11.2646888968961,2056,0.445823827446168,"srmspe"
2019-09-05,155,11.2645328395295,946,0.205170885161289,"srmspe"
2019-09-05,179,11.2626601511297,1385,0.300303828649249,"srmspe"
2019-09-05,126,11.2667956713459,635,0.137737232188575,"srmspe"
2019-09-05,117,11.2674979294958,517,0.112140952615592,"srmspe"
2019-09-05,68,11.2713213349788,590,0.127966516551268,"srmspe"
2019-09-05,94,11.2692925892123,3103,0.672886870918829,"srmspe"
2019-09-05,149,11.2650010116294,990,0.214713917557828,"srmspe"
2019-09-05,564,11.2326191080496,2331,0.505477755261917,"srmspe"
2019-09-05,84,11.2700728760456,1989,0.43135984711062,"srmspe"
2019-09-05,151,11.2648449542628,1232,0.267178035320324,"srmspe"
2019-09-05,162,11.2639866387462,1178,0.255493623395216,"srmspe"
2019-09-05,434,11.2427628368818,4107,0.890718636135047,"srmspe"
2019-09-05,264,11.2560277130471,1229,0.266568438507222,"srmspe"
2019-09-05,262,11.2561837704137,4162,0.902611139403864,"srmspe"
2019-09-05,83,11.2701509047289,471,0.102153411779979,"srmspe"
2019-09-05,86,11.2699168186789,441,0.0956334259018794,"srmspe"
2019-09-05,75,11.2707751341955,995,0.215794463091555,"srmspe"
2019-09-05,432,11.2429188942485,2520,0.546413121724763,"srmspe"
2019-09-05,198,11.2611776061465,1972,0.427527447493852,"srmspe"
2019-09-05,165,11.2637525526962,891,0.193206426875385,"srmspe"
2019-09-05,68,11.2713213349788,873,0.18934985627234,"srmspe"
2019-09-05,74,11.2708531628788,656,0.14224246099133,"srmspe"
2019-09-05,60,11.2719455644454,327,0.0709152831566567,"srmspe"
2019-09-05,55,11.272335707862,799,0.173248035379089,"srmspe"
2019-09-05,106,11.2683562450124,727,0.157649077683567,"srmspe"
2019-09-05,37,11.2737402241618,523,0.113466869965225,"srmspe"
2019-09-05,105,11.2684342736957,519,0.112598847079985,"srmspe"
2019-09-05,82,11.2702289334122,985,0.213592197606205,"srmspe"
2019-09-05,370,11.2477566726146,2785,0.603949562036897,"srmspe"
2019-09-05,53,11.2724917652286,1000,0.217018739702357,"srmspe"
2019-09-05,376,11.2472885005147,2950,0.639706969871359,"srmspe"
2019-09-05,140,11.2657032697794,1189,0.257829665163365,"srmspe"
2019-09-05,286,11.2543110820139,1788,0.387631978621487,"srmspe"
2019-09-05,101,11.268746388429,728,0.157847485493654,"srmspe"
2019-09-05,170,11.2633624092796,722,0.156579673110124,"srmspe"
2019-09-05,145,11.2653131263627,1288,0.279289914850874,"srmspe"
2019-09-05,302,11.2530626230807,4426,0.95988047681772,"srmspe"
2019-09-05,531,11.2351940545993,2588,0.561252661189676,"srmspe"
2019-09-05,162,11.2639866387462,2973,0.644872696557764,"srmspe"
2019-09-05,430,11.2430749516151,2375,0.515013251067541,"srmspe"
2019-09-05,319,11.2517361354642,1605,0.348045075959848,"srmspe"
2019-09-05,218,11.25961703248,3430,0.743924083122303,"srmspe"
2019-09-05,42,11.2733500807452,1000,0.216996663227531,"srmspe"
2019-09-05,94,11.2692925892123,616,0.133726435509951,"srmspe"
2019-09-05,0,11.2766272854449,660,0.14325345599358,"srmspe"
2019-09-05,329,11.2509558486309,843,0.182811559747637,"srmspe"
2019-09-05,288,11.2541550246473,546,0.118484877786637,"srmspe"
2019-09-05,302,11.2530626230807,3654,0.792691633657695,"srmspe"
2019-09-05,238,11.2580564588135,768,0.166553756523153,"srmspe"
2019-09-05,101,11.268746388429,4557,0.988159100116411,"srmspe"
2019-09-05,162,11.2639866387462,440,0.0954021372946525,"srmspe"
2019-09-05,87,11.2698387899956,728,0.157870122153256,"srmspe"
2019-09-05,1892,11.128997016594,9523,2.064980074752,"srmspe"
2019-09-05,234,11.2583685735468,1500,0.325354851911305,"srmspe"
2019-09-05,81,11.2703069620955,988,0.214216232641332,"srmspe"
2019-09-05,128,11.2666396139793,1337,0.289865210167216,"srmspe"
2019-09-05,70,11.2711652776121,619,0.134219504801545,"srmspe"
2019-09-05,172,11.263206351913,2771,0.600839677724626,"srmspe"
2019-09-05,152,11.2647669255795,1072,0.232500481113652,"srmspe"
2019-09-05,316,11.2519702215142,301,0.0652875715534927,"srmspe"
2019-09-05,35,11.2738962815285,497,0.107790833052517,"srmspe"
2019-09-05,299,11.2532967091307,2216,0.480810666751052,"srmspe"
2019-09-05,227,11.2589147743301,989,0.214583609513917,"srmspe"
2019-09-05,114,11.2677320155458,1141,0.247542442466521,"srmspe"
2019-09-05,553,11.2334774235661,4308,0.934288964471756,"srmspe"
2019-09-05,2043,11.1172146854119,3549,0.769604034909569,"srmspe"
2019-09-05,122,11.2671077860792,661,0.143346902581215,"srmspe"
2019-09-05,125,11.2668737000292,1743,0.377885448687032,"srmspe"
2019-09-05,102,11.2686683597457,1045,0.226614234968094,"srmspe"
2019-09-05,118,11.2674199008125,523,0.113486246259028,"srmspe"
2019-09-05,148,11.2650790403128,1688,0.366092696743394,"srmspe"
2019-09-05,274,11.2552474262138,1966,0.42623575156334,"srmspe"
2019-09-05,230,11.2586806882801,1526,0.33082853038744,"srmspe"
2019-09-05,68,11.2713213349788,526,0.114049862289156,"srmspe"
2019-09-05,23,11.2748326257284,419,0.0908773548455397,"srmspe"
2019-09-05,127,11.2667176426626,934,0.202609580421523,"srmspe"
2019-09-05,178,11.262738179813,1174,0.254710718263828,"srmspe"
2019-09-05,249,11.2571981432969,850,0.184357473154319,"srmspe"
2019-09-05,142,11.2655472124127,312,0.0676614638831783,"srmspe"
2019-09-05,36,11.2738182528452,647,0.140283183750392,"srmspe"
2019-09-05,583,11.2311365630664,2697,0.584770164491931,"srmspe"
2019-09-05,143,11.2654691837294,1014,0.219846401817412,"srmspe"
2019-09-05,37,11.2737402241618,293,0.0635557805318829,"srmspe"
2019-09-05,41,11.2734281094285,266,0.0576858559859723,"srmspe"
2019-09-05,332,11.250721762581,2380,0.516092886965637,"srmspe"
2019-09-05,296,11.2535307951807,1773,0.384458945395403,"srmspe"
2019-09-05,183,11.2623480363964,5323,1.15398788613364,"srmspe"
2019-09-05,53,11.2724917652286,762,0.165247159446913,"srmspe"
2019-09-05,141,11.265625241096,758,0.16437852426074,"srmspe"
2019-09-05,186,11.2621139503464,795,0.172403879446086,"srmspe"
2019-09-05,88,11.2697607613123,687,0.14905662608633,"srmspe"
2019-09-05,77,11.2706190768288,1102,0.23899198348478,"srmspe"
2019-09-05,13,11.2756129125616,2887,0.626261693927391,"srmspe"
2019-09-05,99,11.2689024457957,1404,0.304464348025841,"srmspe"
2019-09-05,52,11.272569793912,243,0.0527747895605798,"srmspe"
2019-09-05,506,11.2371447716824,1910,0.41406535355518,"srmspe"
2019-09-05,110,11.2680441302791,518,0.112376259234526,"srmspe"
2019-09-05,28,11.2744424823118,456,0.098862400984944,"srmspe"
2019-09-05,167,11.2635964953296,1204,0.261098201161448,"srmspe"
2019-09-05,400,11.2454158121149,1903,0.412655684191776,"srmspe"
2019-09-05,124,11.2669517287126,821,0.178051652934024,"srmspe"
2019-09-05,197,11.2612556348298,1022,0.221606457614302,"srmspe"
2019-09-05,88,11.2697607613123,4844,1.05021086647977,"srmspe"
2019-09-05,34,11.2739743102118,486,0.105444874897119,"srmspe"
2019-09-05,71,11.2710872489288,915,0.198478138540641,"srmspe"
2019-09-05,324,11.2513459920476,2340,0.507442746638204,"srmspe"
2019-09-05,100,11.2688244171124,1686,0.365739018541601,"srmspe"
2019-09-05,150,11.2649229829461,649,0.140779877162825,"srmspe"
2019-09-05,65,11.2715554210287,660,0.143178210200615,"srmspe"
2019-09-05,98,11.268980474479,618,0.134066319566862,"srmspe"
2019-09-05,224,11.2591488603801,1282,0.278055015348177,"srmspe"
2019-09-05,120,11.2672638434459,372,0.0806589713297237,"srmspe"
2019-09-05,46,11.2730379660119,526,0.114060707843181,"srmspe"
2019-09-05,50,11.2727258512786,477,0.10343617844268,"srmspe"
2019-09-05,866,11.2090544456854,2298,0.498355284002223,"srmspe"
2019-09-05,192,11.2616457782465,1955,0.42401531441517,"srmspe"
2019-09-05,64,11.2716334497121,805,0.174598681620554,"srmspe"
2019-09-05,140,11.2657032697794,1045,0.226675954537234,"srmspe"
2019-09-05,109,11.2681221589624,633,0.13732135971603,"srmspe"
2019-09-05,58,11.272101621812,459,0.0995817648564345,"srmspe"
2019-09-05,63,11.2717114783954,562,0.121871580998754,"srmspe"
2019-09-05,102,11.2686683597457,453,0.0982376886144796,"srmspe"
2019-09-05,75,11.2707751341955,1321,0.286531181215921,"srmspe"
2019-09-05,117,11.2674979294958,919,0.199301610455431,"srmspe"
2019-09-05,484,11.2388614027156,2062,0.44714312043553,"srmspe"
2019-09-05,459,11.2408121197987,2995,0.649261390418337,"srmspe"
2019-09-05,312,11.2522823362475,3117,0.675707688891413,"srmspe"
2019-09-05,78,11.2705410481455,738,0.160076668207107,"srmspe"
2019-09-05,160,11.2641426961129,888,0.192551006512564,"srmspe"
2019-09-05,185,11.2621919790297,1034,0.224222363182294,"srmspe"
2019-09-05,241,11.2578223727635,1040,0.225528710144759,"srmspe"
2019-09-05,169,11.2634404379629,999,0.216709191562108,"srmspe"
2019-09-05,220,11.2594609751134,2085,0.452317551864837,"srmspe"
2019-09-05,291,11.2539209385973,1189,0.257820182105758,"srmspe"
2019-09-05,144,11.2653911550461,564,0.122331094395256,"srmspe"
2019-09-05,186,11.2621139503464,1656,0.359042281125676,"srmspe"
2019-09-05,213,11.2600071758966,917,0.19881040092699,"srmspe"
2019-09-05,246,11.2574322293469,1330,0.288377116658677,"srmspe"
2019-09-05,287,11.2542330533306,470,0.101929708750137,"srmspe"
2019-09-05,70,11.2711652776121,1108,0.240204794621977,"srmspe"
2019-09-05,72,11.2710092202455,1035,0.224373516458392,"srmspe"
2019-09-05,208,11.2603973193133,885,0.19190892654884,"srmspe"
2019-09-05,155,11.2645328395295,750,0.162680500926515,"srmspe"
2019-09-05,239,11.2579784301302,1455,0.315398740310393,"srmspe"
2019-09-05,400,11.2454158121149,1503,0.325787206018667,"srmspe"
2019-09-05,186,11.2621139503464,1545,0.334911488361543,"srmspe"
2019-09-05,177,11.2628162084963,1010,0.219149506248935,"srmspe"
2019-09-05,448,11.2416704353153,1143,0.247785079458411,"srmspe"
2019-09-05,0,11.2766272854449,1653,0.358547518817815,"srmspe"
2019-09-05,213,11.2600071758966,895,0.194140949322583,"srmspe"
2019-09-05,120,11.2672638434459,1049,0.227510451673876,"srmspe"
2019-09-05,185,11.2621919790297,1500,0.325276135314108,"srmspe"
2019-09-05,412,11.244479467915,1124,0.243742940977872,"srmspe"
2019-09-05,166,11.2636745240129,1000,0.21683757250424,"srmspe"
2019-09-05,63,11.2717114783954,598,0.129675520239799,"srmspe"
2019-09-05,115,11.2676539868625,1063,0.230510127514005,"srmspe"
2019-09-05,188,11.2619578929798,997,0.216244410177193,"srmspe"
2019-09-05,137,11.2659373558293,2091,0.453420524159114,"srmspe"
2019-09-05,149,11.2650010116294,1827,0.396093865009758,"srmspe"
2019-09-05,305,11.2528285370307,1855,0.402313046388789,"srmspe"
2019-09-05,252,11.256964057247,1403,0.304302568091131,"srmspe"
2019-09-05,206,11.2605533766799,4029,0.873641324608293,"srmspe"
2019-09-05,149,11.2650010116294,1301,0.282241977692241,"srmspe"
2019-09-05,137,11.2659373558293,1455,0.315458043066763,"srmspe"
2019-09-05,134,11.2661714418793,1064,0.230744990262999,"srmspe"
2019-09-05,192,11.2616457782465,289,0.0627101755379386,"srmspe"
2019-09-05,122,11.2671077860792,451,0.0978122616748708,"srmspe"
2019-09-05,79,11.2704630194622,807,0.175042917724214,"srmspe"
2019-09-05,288,11.2541550246473,2341,0.50768095354425,"srmspe"
2019-09-05,108,11.2682001876458,1700,0.368772448803153,"srmspe"
2019-09-05,246,11.2574322293469,1012,0.219433941118112,"srmspe"
2019-09-05,299,11.2532967091307,3961,0.859093356084983,"srmspe"
2019-09-05,91,11.2695266752623,2011,0.436190607916484,"srmspe"
2019-09-05,256,11.2566519425137,819,0.177727465507682,"srmspe"
2019-09-05,184,11.2622700077131,1963,0.425800960177621,"srmspe"
2019-09-05,160,11.2641426961129,1255,0.272179080174575,"srmspe"
2019-09-05,45,11.2731159946952,337,0.0731006854676833,"srmspe"
2019-09-05,241,11.2578223727635,2365,0.512947809925348,"srmspe"
2019-09-05,405,11.2450256686982,1221,0.264770759723478,"srmspe"
2019-09-05,527,11.2355061693326,2686,0.582568986653157,"srmspe"
2019-09-05,229,11.2587587169634,1119,0.242862252282308,"srmspe"
2019-09-05,255,11.256729971197,1340,0.290577778937226,"srmspe"
2019-09-05,522,11.2358963127492,1480,0.321044235762223,"srmspe"
2019-09-05,143,11.2654691837294,1243,0.269557617972476,"srmspe"
2019-09-05,270,11.2555595409471,3167,0.686733685861444,"srmspe"
2019-09-05,230,11.2586806882801,573,0.124289235491786,"srmspe"
2019-09-05,123,11.2670297573959,578,0.125330983465148,"srmspe"
2019-09-05,407,11.2448696113316,2794,0.605834312383152,"srmspe"
2019-09-05,226,11.2589928030134,1327,0.287714648964978,"srmspe"
2019-09-05,157,11.2643767821628,568,0.123317888589543,"srmspe"
2019-09-05,20,11.2750667117784,1063,0.230639751077448,"srmspe"
2019-09-05,124,11.2669517287126,961,0.208330656764757,"srmspe"
2019-09-05,143,11.2654691837294,451,0.0978666899556798,"srmspe"
2019-09-05,87,11.2698387899956,468,0.101499307256083,"srmspe"
2019-09-05,215,11.25985111853,450,0.0975846629625013,"srmspe"
2019-09-05,56,11.2722576791787,665,0.144180353967479,"srmspe"
2019-09-05,64,11.2716334497121,529,0.114715932259229,"srmspe"
2019-09-05,158,11.2642987534795,1734,0.375981171050036,"srmspe"
2019-09-05,178,11.262738179813,2171,0.470697438156711,"srmspe"
2019-09-05,139,11.2657812984627,1889,0.409623104803838,"srmspe"
2019-09-05,297,11.2534527664973,1793,0.388786105589056,"srmspe"
2019-09-05,26,11.2745985396784,489,0.106048417544504,"srmspe"
2019-09-05,83,11.2701509047289,552,0.119701375867206,"srmspe"
2019-09-05,86,11.2699168186789,822,0.178231558756674,"srmspe"
2019-09-05,161,11.2640646674295,941,0.204011164590466,"srmspe"
2019-09-05,69,11.2712433062954,366,0.0793749519659268,"srmspe"
2019-09-05,55,11.272335707862,360,0.0781017029635284,"srmspe"
2019-09-05,718,11.2206026908175,5766,1.25015505262494,"srmspe"
2019-09-05,161,11.2640646674295,1677,0.363598870846621,"srmspe"
2019-09-05,70,11.2711652776121,492,0.106695905798253,"srmspe"
2019-09-05,91,11.2695266752623,861,0.186694565300822,"srmspe"
2019-09-05,158,11.2642987534795,1148,0.248885778447297,"srmspe"
2019-09-05,86,11.2699168186789,831,0.180256563668385,"srmspe"
2019-09-05,77,11.2706190768288,752,0.163054561624894,"srmspe"
2019-09-05,91,11.2695266752623,780,0.169181718123857,"srmspe"
2019-09-05,125,11.2668737000292,768,0.166539074747083,"srmspe"
2019-09-05,69,11.2712433062954,1889,0.409755646230148,"srmspe"
2019-09-05,246,11.2574322293469,3379,0.732661047007839,"srmspe"
2019-09-05,227,11.2589147743301,1928,0.418084604667339,"srmspe"
2019-09-05,499,11.2376909724657,1606,0.34822890887581,"srmspe"
2019-09-05,26,11.2745985396784,594,0.128900126944898,"srmspe"
2019-09-05,489,11.2384712592989,2159,0.468085021041103,"srmspe"
2019-09-05,118,11.2674199008125,504,0.109278235035615,"srmspe"
2019-09-05,87,11.2698387899956,771,0.167190694632063,"srmspe"
2019-09-05,246,11.2574322293469,627,0.135958416502012,"srmspe"
2019-09-05,65,11.2715554210287,1009,0.218746502012205,"srmspe"
2019-09-05,93,11.2693706178956,768,0.166516226043267,"srmspe"
2019-09-05,117,11.2674979294958,584,0.126658818364418,"srmspe"
2019-09-05,51,11.2726478225953,778,0.168716998572791,"srmspe"
2019-09-05,68,11.2713213349788,313,0.0679121286366567,"srmspe"
2019-09-05,165,11.2637525526962,677,0.146801207874237,"srmspe"
2019-09-05,212,11.26008520458,3945,0.85535587916157,"srmspe"
2019-09-05,163,11.2639086100629,1873,0.406418325032135,"srmspe"
2019-09-05,244,11.2575882867136,2017,0.437399092960938,"srmspe"
2019-09-05,2175,11.106914899213,5454,1.18270246408099,"srmspe"
2019-09-05,617,11.2284835878333,2799,0.607133771310195,"srmspe"
2019-09-05,221,11.25938294643,852,0.184773012944766,"srmspe"
2019-09-05,116,11.2675759581792,362,0.0785641260391721,"srmspe"
2019-09-05,71,11.2710872489288,590,0.127952819126663,"srmspe"
2019-09-05,179,11.2626601511297,932,0.202296836015871,"srmspe"
2019-09-05,82,11.2702289334122,896,0.194320075997561,"srmspe"
2019-09-05,69,11.2712433062954,572,0.124118684251391,"srmspe"
2019-09-05,44,11.2731940233786,1552,0.336623554792763,"srmspe"
2019-09-05,153,11.2646888968961,2056,0.445841025160739,"srmspe"
2019-09-05,74,11.2708531628788,692,0.150056750736842,"srmspe"
2019-09-05,152,11.2647669255795,492,0.106753765629105,"srmspe"
2019-09-05,1281,11.1766725421055,11502,2.49355045737407,"srmspe"
2019-09-05,256,11.2566519425137,2562,0.555813852196793,"srmspe"
2019-09-05,57,11.2721796504953,848,0.183895354181229,"srmspe"
2019-09-05,404,11.2451036973816,2151,0.466316181107679,"srmspe"
2019-09-05,67,11.2713993636621,1284,0.278410395884442,"srmspe"
2019-09-05,338,11.250253590481,1853,0.401748840652549,"srmspe"
2019-09-05,271,11.2554815122638,1701,0.368907381099295,"srmspe"
2019-09-05,84,11.2700728760456,1498,0.324849732574832,"srmspe"
2019-09-05,434,11.2427628368818,2115,0.458528546872243,"srmspe"
2019-09-05,1270,11.1775308576221,4711,1.02164185682057,"srmspe"
2019-09-05,1154,11.1865821848878,5360,1.16209111723515,"srmspe"
2019-09-05,318,11.2518141641475,67,0.014566741144331,"srmspe"
2019-09-05,39,11.2735841667952,705,0.152913916990185,"srmspe"
2019-09-05,91,11.2695266752623,342,0.0742103678504283,"srmspe"
2019-09-05,60,11.2719455644454,597,0.129461923080191,"srmspe"
2019-09-05,112,11.2678880729125,549,0.11908461586249,"srmspe"
2019-09-05,352,11.2491611889145,3823,0.828859464073463,"srmspe"
2019-09-05,335,11.250487676531,1731,0.375432571711132,"srmspe"
2019-09-05,111,11.2679661015958,1791,0.388427748147771,"srmspe"
2019-09-05,150,11.2649229829461,609,0.132070791392348,"srmspe"
2019-09-05,174,11.2630502945463,764,0.165688164385663,"srmspe"
2019-09-05,123,11.2670297573959,975,0.211501038345765,"srmspe"
2019-09-05,247,11.2573542006636,2509,0.544051873734483,"srmspe"
2019-09-05,162,11.2639866387462,2766,0.59974504361681,"srmspe"
2019-09-05,604,11.2294979607166,4125,0.894440002819985,"srmspe"
2019-09-05,67,11.2713993636621,785,0.170309767200106,"srmspe"
2019-09-05,369,11.2478347012979,3812,0.826831615660953,"srmspe"
2019-09-05,112,11.2678880729125,1412,0.306193860841276,"srmspe"
2019-09-05,54,11.2724137365453,708,0.153556767715781,"srmspe"
2019-09-05,116,11.2675759581792,919,0.199444125335268,"srmspe"
2019-09-05,122,11.2671077860792,1605,0.348192738453568,"srmspe"
2019-09-05,211,11.2601632332633,1116,0.241964938067308,"srmspe"
2019-09-05,93,11.2693706178956,1031,0.223547792489214,"srmspe"
2019-09-05,248,11.2572761719803,3462,0.750700960078773,"srmspe"
2019-09-05,157,11.2643767821628,287,0.0622516704615401,"srmspe"
2019-09-05,159,11.2642207247962,930,0.201662873541041,"srmspe"
2019-09-05,54,11.2724137365453,759,0.164593130117917,"srmspe"
2019-09-05,63,11.2717114783954,925,0.200558072224309,"srmspe"
2019-09-05,261,11.256261799097,1367,0.296400103901108,"srmspe"
2019-09-05,59,11.2720235931287,627,0.136012493150706,"srmspe"
2019-09-05,131,11.2664055279293,876,0.1899675036593,"srmspe"
2019-09-05,74,11.2708531628788,768,0.166530798499276,"srmspe"
2019-09-05,1193,11.1835390662381,5059,1.0970498419499,"srmspe"
2019-09-05,484,11.2388614027156,1104,0.239449895052313,"srmspe"
2019-09-05,233,11.2584466022301,2543,0.551493569246755,"srmspe"
2019-09-05,243,11.2576663153969,1606,0.348230868543129,"srmspe"
2019-09-05,120,11.2672638434459,2039,0.442285326543131,"srmspe"
2019-09-05,46,11.2730379660119,536,0.116265963256118,"srmspe"
2019-09-05,189,11.2618798642964,1800,0.390196052138086,"srmspe"
2019-09-05,146,11.2652350976794,971,0.210668801049397,"srmspe"
2019-09-05,356,11.2488490741812,896,0.194306459577784,"srmspe"
2019-09-05,100,11.2688244171124,1407,0.305069344695452,"srmspe"
2019-09-05,128,11.2666396139793,1973,0.427857579819231,"srmspe"
2019-09-05,120,11.2672638434459,1047,0.227116234387511,"srmspe"
2019-09-05,53,11.2724917652286,458,0.0993133951438802,"srmspe"
2019-09-05,469,11.2400318329654,2539,0.550662954528531,"srmspe"
2019-09-05,346,11.2496293610144,1266,0.274547365471711,"srmspe"
2019-09-05,304,11.2529065657141,1051,0.227958575799732,"srmspe"
2019-09-05,123,11.2670297573959,307,0.0666226858440793,"srmspe"
2019-09-05,78,11.2705410481455,1317,0.285568295448591,"srmspe"
2019-09-05,94,11.2692925892123,841,0.182378781473393,"srmspe"
2019-09-05,118,11.2674199008125,342,0.0741850856282888,"srmspe"
2019-09-05,89,11.2696827326289,539,0.1169060594673,"srmspe"
2019-09-05,95,11.269214560529,914,0.198222239186676,"srmspe"
2019-09-05,98,11.268980474479,711,0.154208689546999,"srmspe"
2019-09-05,101,11.268746388429,926,0.200812876366528,"srmspe"
2019-09-05,147,11.2651570689961,629,0.136429629278522,"srmspe"
2019-09-05,77,11.2706190768288,1097,0.237888230532526,"srmspe"
2019-09-05,159,11.2642207247962,634,0.137478540733438,"srmspe"
2019-09-05,181,11.262504093763,2532,0.549120080533898,"srmspe"
2019-09-05,103,11.2685903310624,670,0.145312198411204,"srmspe"
2019-09-05,130,11.2664835566126,1238,0.268428198049383,"srmspe"
2019-09-05,225,11.2590708316967,1031,0.223621375667493,"srmspe"
2019-09-05,132,11.266327499246,1271,0.275652790858902,"srmspe"
2019-09-05,128,11.2666396139793,542,0.117509277725884,"srmspe"
2019-09-05,304,11.2529065657141,2249,0.487675934395976,"srmspe"
2019-09-05,130,11.2664835566126,469,0.10170937338438,"srmspe"
2019-09-05,310,11.2524383936141,1240,0.26901106484497,"srmspe"
2019-09-05,385,11.2465862423647,2448,0.530931501829621,"srmspe"
2019-09-05,243,11.2576663153969,1159,0.251581014324271,"srmspe"
2019-09-05,127,11.2667176426626,774,0.168008725155483,"srmspe"
2019-09-05,1207,11.1824466646716,2181,0.472924425375846,"srmspe"
2019-09-05,38,11.2736621954785,1701,0.368835384391098,"srmspe"
2019-09-05,60,11.2719455644454,769,0.166753644851139,"srmspe"
2019-09-05,244,11.2575882867136,724,0.156985341106068,"srmspe"
2019-09-05,14,11.2755348838783,418,0.0907117221956532,"srmspe"
2019-09-05,310,11.2524383936141,984,0.213477025734318,"srmspe"
2019-09-05,158,11.2642987534795,1596,0.346159707422712,"srmspe"
2019-09-05,291,11.2539209385973,1481,0.321131624556902,"srmspe"
2019-09-05,110,11.2680441302791,1099,0.238358490781102,"srmspe"
2019-09-05,166,11.2636745240129,1012,0.219563285718853,"srmspe"
2019-09-05,133,11.2662494705626,1004,0.217742918286591,"srmspe"
2019-09-05,371,11.2476786439313,2664,0.577538839835786,"srmspe"
2019-09-05,247,11.2573542006636,1370,0.297023896678561,"srmspe"
2019-09-05,500,11.2376129437824,3466,0.751444339099836,"srmspe"
2019-09-05,295,11.253608823864,1516,0.328667514802816,"srmspe"
2019-09-05,330,11.2508778199476,1630,0.35342483053409,"srmspe"
2019-09-05,65,11.2715554210287,497,0.107776111187338,"srmspe"
2019-09-05,153,11.2646888968961,1059,0.229923582394081,"srmspe"
2019-09-05,121,11.2671858147625,959,0.207952206659104,"srmspe"
2019-09-05,55,11.272335707862,559,0.121208318160504,"srmspe"
2019-09-05,39,11.2735841667952,140,0.0304045925357036,"srmspe"
2019-09-05,558,11.2330872801495,1786,0.387463406342514,"srmspe"
2019-09-05,270,11.2555595409471,2035,0.441194218372231,"srmspe"
2019-09-05,234,11.2583685735468,1248,0.270563736441633,"srmspe"
2019-09-05,308,11.2525944509808,904,0.196001672496017,"srmspe"
2019-09-05,85,11.2699948473622,1349,0.292499690490015,"srmspe"
2019-09-05,123,11.2670297573959,838,0.181714230260563,"srmspe"
2019-09-05,211,11.2601632332633,715,0.155195701778022,"srmspe"
2019-09-05,200,11.2610215487799,1231,0.266959412322889,"srmspe"
2019-09-05,204,11.2607094340466,1248,0.270577360643899,"srmspe"
2019-09-05,104,11.2685123023791,2503,0.542871376331296,"srmspe"
2019-09-05,1506,11.1591160883574,3469,0.752032070730687,"srmspe"
2019-09-05,981,11.200081147103,5233,1.13457297410949,"srmspe"
2019-09-05,262,11.2561837704137,5181,1.12334686855818,"srmspe"
2019-09-05,921,11.2047628681025,10780,2.33710471169298,"srmspe"
2019-09-05,70,11.2711652776121,1013,0.219715549463262,"srmspe"
2019-09-05,315,11.2520482501975,962,0.208632554289762,"srmspe"
2019-09-05,929,11.2041386386359,4944,1.07206853958448,"srmspe"
2019-09-05,50,11.2727258512786,1126,0.244169926091801,"srmspe"
2019-09-05,411,11.2445574965983,1760,0.381973612197013,"srmspe"
2019-09-05,166,11.2636745240129,1980,0.429360479409786,"srmspe"
2019-09-05,101,11.268746388429,1267,0.274735574853695,"srmspe"
2019-09-05,226,11.2589928030134,685,0.148558215135039,"srmspe"
2019-09-05,150,11.2649229829461,1613,0.349690183131366,"srmspe"
2019-09-05,0,11.2766272854449,4846,1.05120530465263,"srmspe"
2019-09-05,530,11.2352720832826,2875,0.623701238414608,"srmspe"
2019-09-05,36,11.2738182528452,716,0.155333973591461,"srmspe"
2019-09-05,310,11.2524383936141,3964,0.859347652789467,"srmspe"
2019-09-05,2376,11.0912311338647,3827,0.829702901632487,"srmspe"
2019-09-05,185,11.2621919790297,1119,0.242673479243968,"srmspe"
2019-09-05,192,11.2616457782465,1159,0.251372031048396,"srmspe"
2019-09-05,264,11.2560277130471,1531,0.332087506045435,"srmspe"
2019-09-05,573,11.2319168498996,4442,0.963021225119451,"srmspe"
2019-09-05,747,11.2183398590011,5397,1.17001091725151,"srmspe"
2019-09-05,78,11.2705410481455,3549,0.769624537928032,"srmspe"
2019-09-05,1172,11.185177668588,2061,0.446930028270457,"srmspe"
2019-09-05,339,11.2501755617977,3824,0.82896471435006,"srmspe"
2019-09-05,395,11.2458059555315,3020,0.654830544366987,"srmspe"
2019-09-05,190,11.2618018356131,1890,0.409813067358254,"srmspe"
2019-09-05,180,11.2625821224464,900,0.195164760270433,"srmspe"
2019-09-05,43,11.2732720520619,1280,0.277721416132503,"srmspe"
2019-09-05,132,11.266327499246,4707,1.02061400933637,"srmspe"
2019-09-05,241,11.2578223727635,2964,0.642705479370039,"srmspe"
2019-09-05,76,11.2706971055122,513,0.111240570637749,"srmspe"
2019-09-05,177,11.2628162084963,394,0.0854845968595563,"srmspe"
2019-09-05,156,11.2644548108462,1285,0.27868140204291,"srmspe"
2019-09-05,732,11.219510289251,2990,0.648251887099154,"srmspe"
2019-09-05,583,11.2311365630664,2667,0.578238291506759,"srmspe"
2019-09-05,271,11.2554815122638,967,0.209775116523885,"srmspe"
2019-09-05,360,11.2485369594479,2500,0.542421840108327,"srmspe"
2019-09-05,60,11.2719455644454,236,0.0512240302895319,"srmspe"
2019-09-05,32,11.2741303675785,1644,0.356438311755011,"srmspe"
2019-09-05,50,11.2727258512786,280,0.0607061682144235,"srmspe"
2019-09-05,122,11.2671077860792,3348,0.725916789849285,"srmspe"
2019-09-05,259,11.2564178564637,1571,0.340627139863149,"srmspe"
2019-09-05,670,11.2243480676171,3058,0.662982445198584,"srmspe"
2019-09-05,275,11.2551693975305,1251,0.271280883239817,"srmspe"
2019-09-05,181,11.262504093763,3051,0.661624782647631,"srmspe"
2019-09-05,564,11.2326191080496,3366,0.729921714905836,"srmspe"
2019-09-05,1219,11.1815103204717,4106,0.890169390610679,"srmspe"
2019-09-05,115,11.2676539868625,1571,0.340846048207369,"srmspe"
2019-09-05,129,11.2665615852959,1216,0.263650269776823,"srmspe"
2019-09-05,393,11.2459620128981,976,0.211696632298772,"srmspe"
2019-09-05,214,11.2599291472133,2701,0.585494506419121,"srmspe"
2019-09-05,288,11.2541550246473,2058,0.446140070991147,"srmspe"
2019-09-05,312,11.2522823362475,1311,0.284261999639674,"srmspe"
2019-09-05,243,11.2576663153969,2700,0.585409221968372,"srmspe"
2019-09-05,106,11.2683562450124,1149,0.249297661160402,"srmspe"
2019-09-05,156,11.2644548108462,2711,0.587785844702409,"srmspe"
2019-09-05,206,11.2605533766799,241,0.0523630883311078,"srmspe"
2019-09-05,74,11.2708531628788,240,0.0520301318568007,"srmspe"
2019-09-05,119,11.2673418721292,1600,0.347070075192623,"srmspe"
2019-09-05,380,11.2469763857814,869,0.188536591306947,"srmspe"
2019-09-05,105,11.2684342736957,1021,0.221604919483878,"srmspe"
2019-09-05,142,11.2655472124127,1175,0.254885276073545,"srmspe"
2019-09-05,55,11.272335707862,621,0.134712244733818,"srmspe"
2019-09-05,111,11.2679661015958,894,0.193924689859395,"srmspe"
2019-09-05,190,11.2618018356131,1567,0.339763235355383,"srmspe"
2019-09-05,344,11.2497854183811,976,0.211666424823191,"srmspe"
2019-09-05,180,11.2625821224464,1292,0.280260713587744,"srmspe"
2019-09-05,81,11.2703069620955,774,0.167860278153345,"srmspe"
2019-09-05,221,11.25938294643,1281,0.277720751224318,"srmspe"
2019-09-05,253,11.2568860285636,1529,0.331571053844599,"srmspe"
2019-09-05,131,11.2664055279293,1652,0.358200763859535,"srmspe"
2019-09-05,51,11.2726478225953,446,0.0968990521484265,"srmspe"
2019-09-05,131,11.2664055279293,2108,0.457161326138004,"srmspe"
2019-09-05,83,11.2701509047289,1844,0.39996786145219,"srmspe"
2019-09-05,148,11.2650790403128,1418,0.30741426225368,"srmspe"
2019-09-05,122,11.2671077860792,489,0.106036067306215,"srmspe"
2019-09-05,55,11.272335707862,1461,0.316785897316649,"srmspe"
2019-09-05,51,11.2726478225953,548,0.118803447008533,"srmspe"
2019-09-05,123,11.2670297573959,517,0.112124605923675,"srmspe"
2019-09-05,248,11.2572761719803,738,0.160090666043786,"srmspe"
2019-09-05,371,11.2476786439313,1591,0.345102233457687,"srmspe"
2019-09-05,195,11.2614116921965,827,0.179373854750351,"srmspe"
2019-09-05,163,11.2639086100629,1288,0.279326321846805,"srmspe"
2019-09-05,143,11.2654691837294,1221,0.264823472747331,"srmspe"
2019-09-05,362,11.2483809020812,1221,0.264829852986459,"srmspe"
2019-09-05,589,11.2306683909664,3025,0.655799399566626,"srmspe"
2019-09-05,257,11.2565739138303,1716,0.372216664992246,"srmspe"
2019-09-05,356,11.2488490741812,2160,0.468396793587497,"srmspe"
2019-09-05,70,11.2711652776121,562,0.121881833485284,"srmspe"
2019-09-05,57,11.2721796504953,527,0.114293288145728,"srmspe"
2019-09-05,87,11.2698387899956,641,0.138993720358948,"srmspe"
2019-09-05,107,11.2682782163291,359,0.0778538575309066,"srmspe"
2019-09-05,138,11.265859327146,978,0.212128020894047,"srmspe"
2019-09-05,99,11.2689024457957,851,0.184591840403748,"srmspe"
2019-09-05,133,11.2662494705626,1002,0.217241383386773,"srmspe"
2019-09-05,167,11.2635964953296,1219,0.264364454876413,"srmspe"
2019-09-05,539,11.2345698251327,2054,0.445456285109902,"srmspe"
2019-09-05,190,11.2618018356131,1092,0.236800869518487,"srmspe"
2019-09-05,183,11.2623480363964,1274,0.276431669497011,"srmspe"
2019-09-05,54,11.2724137365453,446,0.0967133992678922,"srmspe"
2019-09-05,94,11.2692925892123,668,0.145076832690474,"srmspe"
2019-09-05,332,11.250721762581,3985,0.864269622287101,"srmspe"
2019-09-05,395,11.2458059555315,1867,0.404910652059492,"srmspe"
2019-09-05,393,11.2459620128981,3654,0.792490975304513,"srmspe"
2019-09-05,264,11.2560277130471,1399,0.303417287583728,"srmspe"
2019-09-05,133,11.2662494705626,2234,0.484378784423018,"srmspe"
2019-09-05,244,11.2575882867136,836,0.181293418368113,"srmspe"
2019-09-05,133,11.2662494705626,1247,0.270423928705548,"srmspe"
2019-09-05,336,11.2504096478477,1214,0.263235655595103,"srmspe"
2019-09-05,109,11.2681221589624,853,0.184955752933348,"srmspe"
2019-09-05,38,11.2736621954785,379,0.0822259923146869,"srmspe"
2019-09-05,65,11.2715554210287,427,0.0926415502901455,"srmspe"
2019-09-05,102,11.2686683597457,1162,0.251942408545896,"srmspe"
2019-09-05,82,11.2702289334122,384,0.0833127693744383,"srmspe"
2019-09-05,39,11.2735841667952,442,0.095885313931696,"srmspe"
2019-09-05,160,11.2641426961129,1696,0.367891328384779,"srmspe"
2019-09-05,301,11.253140651764,913,0.197996602435448,"srmspe"
2019-09-05,50,11.2727258512786,1047,0.227053010896819,"srmspe"
2019-09-05,82,11.2702289334122,373,0.0808813482923019,"srmspe"
2019-09-05,127,11.2667176426626,864,0.187386178803945,"srmspe"
2019-09-05,114,11.2677320155458,1117,0.242157767308978,"srmspe"
2019-09-05,71,11.2710872489288,357,0.0774419501185961,"srmspe"
2019-09-05,50,11.2727258512786,532,0.115351127117836,"srmspe"
2019-09-05,36,11.2738182528452,264,0.0572640342129132,"srmspe"
2019-09-05,57,11.2721796504953,315,0.0683234659513738,"srmspe"
2019-09-05,81,11.2703069620955,442,0.0958475734099521,"srmspe"
2019-09-05,223,11.2592268890634,1033,0.22403590951439,"srmspe"
2019-09-05,352,11.2491611889145,1463,0.317272694918157,"srmspe"
2019-09-05,110,11.2680441302791,656,0.142247267277101,"srmspe"
2019-09-05,218,11.25961703248,1511,0.327674711861019,"srmspe"
2019-09-05,208,11.2603973193133,819,0.177590557313107,"srmspe"
2019-09-05,386,11.2465082136814,1206,0.261502679261911,"srmspe"
2019-09-05,262,11.2561837704137,1124,0.24368786811636,"srmspe"
2019-09-05,135,11.266093413196,702,0.152245452893604,"srmspe"
2019-09-05,136,11.2660153845127,585,0.126862219422261,"srmspe"
2019-09-05,103,11.2685903310624,564,0.122281806955146,"srmspe"
2019-09-05,65,11.2715554210287,650,0.140938802193054,"srmspe"
2019-09-05,180,11.2625821224464,638,0.138354459517192,"srmspe"
2019-09-05,54,11.2724137365453,862,0.186937513671771,"srmspe"
2019-09-05,65,11.2715554210287,351,0.0761228770455439,"srmspe"
2019-09-05,101,11.268746388429,556,0.120570612327015,"srmspe"
2019-09-05,34,11.2739743102118,412,0.0893642369917443,"srmspe"
2019-09-05,80,11.2703849907789,705,0.15284778463278,"srmspe"
2019-09-05,75,11.2707751341955,430,0.0932482406370133,"srmspe"
2019-09-05,37,11.2737402241618,481,0.104302923005028,"srmspe"
2019-09-05,37,11.2737402241618,284,0.0615843835243956,"srmspe"
2019-09-05,89,11.2696827326289,625,0.135518463143391,"srmspe"
2019-09-05,83,11.2701509047289,610,0.132265360236726,"srmspe"
2019-09-05,139,11.2657812984627,556,0.120605980675501,"srmspe"
2019-09-05,93,11.2693706178956,938,0.203435310761097,"srmspe"
2019-09-05,247,11.2573542006636,1366,0.296327492944214,"srmspe"
2019-09-05,176,11.2628942371797,2061,0.446870290242205,"srmspe"
2019-09-05,120,11.2672638434459,1131,0.245240086556713,"srmspe"
2019-09-05,170,11.2633624092796,1933,0.419149841119357,"srmspe"
2019-09-05,223,11.2592268890634,1047,0.227151230593299,"srmspe"
2019-09-05,127,11.2667176426626,1590,0.344749507076641,"srmspe"
2019-09-05,104,11.2685123023791,377,0.0817366884234183,"srmspe"
2019-09-05,470,11.2399538042821,3429,0.743364709947355,"srmspe"
2019-09-05,122,11.2671077860792,719,0.155917534085685,"srmspe"
2019-09-05,109,11.2681221589624,323,0.0701279175432555,"srmspe"
2019-09-05,140,11.2657032697794,841,0.182366418041521,"srmspe"
2019-09-05,296,11.2535307951807,2195,0.47607916705524,"srmspe"
2019-09-05,74,11.2708531628788,299,0.0648534708465028,"srmspe"
2019-09-05,132,11.266327499246,2107,0.456773672750739,"srmspe"
2019-09-05,326,11.2511899346809,2096,0.454504439704651,"srmspe"
2019-09-05,420,11.2438552384484,2097,0.454789340286589,"srmspe"
2019-09-05,119,11.2673418721292,670,0.145297111129651,"srmspe"
2019-09-05,125,11.2668737000292,1199,0.260009165414838,"srmspe"
2019-09-05,716,11.2207587481842,3113,0.674970588941271,"srmspe"
2019-09-05,142,11.2655472124127,1797,0.389662106161098,"srmspe"
2019-09-05,194,11.2614897208798,1179,0.255642932786264,"srmspe"
2019-09-05,186,11.2621139503464,607,0.131619695032919,"srmspe"
2019-09-05,166,11.2636745240129,1158,0.251040799821085,"srmspe"
2019-09-05,146,11.2652350976794,634,0.137475115485602,"srmspe"
2019-09-05,97,11.2690585031623,1218,0.26411938762179,"srmspe"
2019-09-05,137,11.2659373558293,792,0.171754466311652,"srmspe"
2019-09-05,186,11.2621139503464,715,0.155045185040044,"srmspe"
2019-09-05,260,11.2563398277804,762,0.165256470951544,"srmspe"
2019-09-05,167,11.2635964953296,973,0.211037701145789,"srmspe"
2019-09-05,276,11.2550913688472,549,0.11909878846656,"srmspe"
2019-09-05,42,11.2733500807452,1109,0.240474784299834,"srmspe"
2019-09-05,533,11.2350379972326,1656,0.359182705141579,"srmspe"
2019-09-05,112,11.2678880729125,2178,0.472215954278828,"srmspe"
2019-09-05,180,11.2625821224464,1391,0.301771431852107,"srmspe"
2019-09-05,101,11.268746388429,1213,0.263057498392942,"srmspe"
2019-09-05,146,11.2652350976794,1165,0.252613013170029,"srmspe"
2019-09-05,163,11.2639086100629,1123,0.243546815941334,"srmspe"
2019-09-05,96,11.2691365318457,611,0.132487259394003,"srmspe"
2019-09-05,710,11.2212269202841,1977,0.42869242282325,"srmspe"
2019-09-05,601,11.2297320467665,1987,0.430979123733401,"srmspe"
2019-09-05,61,11.271867535762,524,0.113613284130625,"srmspe"
2019-09-05,36,11.2738182528452,353,0.076553801645037,"srmspe"
2019-09-05,107,11.2682782163291,1571,0.340653160966756,"srmspe"
2019-09-05,435,11.2426848081985,974,0.211373102153436,"srmspe"
2019-09-05,498,11.237769001149,5462,1.18406849706538,"srmspe"
2019-09-05,35,11.2738962815285,168,0.0364564024551128,"srmspe"
2019-09-05,141,11.265625241096,1905,0.413040437370372,"srmspe"
2019-09-05,87,11.2698387899956,531,0.115153331503112,"srmspe"
2019-09-05,46,11.2730379660119,765,0.165882629390275,"srmspe"
2019-09-05,156,11.2644548108462,866,0.187955121816135,"srmspe"
2019-09-05,79,11.2704630194622,425,0.0921784173435859,"srmspe"
2019-09-05,70,11.2711652776121,934,0.202514678082392,"srmspe"
2019-09-05,191,11.2617238069298,1838,0.398549576411945,"srmspe"
2019-09-05,56,11.2722576791787,909,0.197116193750205,"srmspe"
2019-09-05,74,11.2708531628788,873,0.189314194924702,"srmspe"
2019-09-05,126,11.2667956713459,465,0.100855769162989,"srmspe"
2019-09-05,297,11.2534527664973,877,0.190172351313631,"srmspe"
2019-09-05,172,11.263206351913,1778,0.385543710255285,"srmspe"
2019-09-05,310,11.2524383936141,1970,0.42715097180455,"srmspe"
2019-09-05,213,11.2600071758966,1245,0.270017468491345,"srmspe"
2019-09-05,57,11.2721796504953,375,0.0813683524015018,"srmspe"
2019-09-05,446,11.2418264926819,1526,0.330892202695233,"srmspe"
2019-09-05,374,11.2474445578813,1168,0.253340679358805,"srmspe"
2019-09-05,69,11.2712433062954,904,0.196074326668711,"srmspe"
2019-09-06,100,13.4918616050414,1075,0.162847319279224,"srmspe"
2019-09-06,0,13.4996644733739,1928,0.292188187320955,"srmspe"
2019-09-06,196,13.4843708514422,1021,0.154660248738031,"srmspe"
2019-09-06,195,13.4844488801256,1185,0.179517176437134,"srmspe"
2019-09-06,184,13.4853071956421,1018,0.154190258586608,"srmspe"
2019-09-06,100,13.4918616050414,902,0.136608219475715,"srmspe"
2019-09-06,90,13.4926418918747,601,0.0910438319132386,"srmspe"
2019-09-06,113,13.4908472321582,1299,0.196783141680293,"srmspe"
2019-09-06,100,13.4918616050414,616,0.0933052390472402,"srmspe"
2019-09-06,137,13.4889745437584,536,0.0811943829250671,"srmspe"
2019-09-06,131,13.4894427158584,773,0.117092662735852,"srmspe"
2019-09-06,103,13.4916275189915,1118,0.169347774679971,"srmspe"
2019-09-06,102,13.4917055476748,575,0.0870994291243607,"srmspe"
2019-09-06,52,13.495606981841,657,0.0995311306446817,"srmspe"
2019-09-06,155,13.4875700274586,961,0.145585820424878,"srmspe"
2019-09-06,162,13.4870238266753,901,0.136499195715526,"srmspe"
2019-09-06,219,13.4825761917258,3171,0.480318801100348,"srmspe"
2019-09-06,75,13.4938123221246,2763,0.418596914299866,"srmspe"
2019-09-06,752,13.4409869035135,5569,0.843535074555028,"srmspe"
2019-09-06,223,13.4822640769925,2565,0.388564861729912,"srmspe"
2019-09-06,509,13.4599478735615,2159,0.327091404932121,"srmspe"
2019-09-06,148,13.4881162282418,678,0.10271413619893,"srmspe"
2019-09-06,275,13.4782065854596,2350,0.356006872822454,"srmspe"
2019-09-06,133,13.4892866584917,828,0.125462985279848,"srmspe"
2019-09-06,522,13.4589335006783,4262,0.645525935701288,"srmspe"
2019-09-06,113,13.4908472321582,1980,0.299967558141413,"srmspe"
2019-09-06,73,13.4939683794912,1354,0.205146393497812,"srmspe"
2019-09-06,81,13.4933441500246,775,0.117380133355703,"srmspe"
2019-09-06,100,13.4918616050414,663,0.100438034281719,"srmspe"
2019-09-06,101,13.4917835763581,495,0.0750044663364494,"srmspe"
2019-09-06,197,13.4842928227589,1107,0.167691788777591,"srmspe"
2019-09-06,141,13.4886624290251,789,0.119504197810932,"srmspe"
2019-09-06,163,13.486945797992,796,0.120583991042842,"srmspe"
2019-09-06,101,13.4917835763581,1269,0.192213638762401,"srmspe"
2019-09-06,323,13.47446120866,1451,0.219787624467454,"srmspe"
2019-09-06,75,13.4938123221246,626,0.0948303850018212,"srmspe"
2019-09-06,120,13.4903010313749,361,0.0547362672336562,"srmspe"
2019-09-06,299,13.4763338970598,2745,0.415822260183957,"srmspe"
2019-09-06,52,13.495606981841,1371,0.207730704745193,"srmspe"
2019-09-06,506,13.4601819596115,2858,0.432918587041259,"srmspe"
2019-09-06,132,13.489364687175,377,0.0571079407680381,"srmspe"
2019-09-06,1184,13.4072785123172,8287,1.25528998874755,"srmspe"
2019-09-06,123,13.490066945325,736,0.111514185321481,"srmspe"
2019-09-06,141,13.4886624290251,1089,0.164971570131906,"srmspe"
2019-09-06,101,13.4917835763581,379,0.057414612578442,"srmspe"
2019-09-06,58,13.4951388097411,497,0.0752872655114111,"srmspe"
2019-09-06,57,13.4952168384244,638,0.0966344192547958,"srmspe"
2019-09-06,79,13.4935002073913,634,0.0960736857550952,"srmspe"
2019-09-06,204,13.4837466219756,1908,0.289007581966145,"srmspe"
2019-09-06,189,13.4849170522255,2249,0.340640275844504,"srmspe"
2019-09-06,616,13.4515988044457,2249,0.340610110643106,"srmspe"
2019-09-06,293,13.4768020691597,2235,0.338521692179032,"srmspe"
2019-09-06,309,13.4755536102265,2445,0.370404117182616,"srmspe"
2019-09-06,27,13.4975576989242,965,0.146172152978338,"srmspe"
2019-09-06,85,13.4930320352913,195,0.0295573490257903,"srmspe"
2019-09-06,68,13.4943585229078,359,0.0543980374441936,"srmspe"
2019-09-06,56,13.4952948671077,220,0.0333543854280333,"srmspe"
2019-09-06,139,13.4888184863918,1125,0.170413859466031,"srmspe"
2019-09-06,229,13.4817959048925,1146,0.173599899313944,"srmspe"
2019-09-06,124,13.4899889166416,1125,0.170422846504917,"srmspe"
2019-09-06,59,13.4950607810578,918,0.139054868801977,"srmspe"
2019-09-06,84,13.4931100639746,744,0.112689644088508,"srmspe"
2019-09-06,173,13.4861655111587,671,0.101628036588939,"srmspe"
2019-09-06,127,13.4897548305917,809,0.122529029768904,"srmspe"
2019-09-06,283,13.477582355993,2638,0.399641271603633,"srmspe"
2019-09-06,317,13.4749293807599,1088,0.164829093840269,"srmspe"
2019-09-06,334,13.4736028931434,2264,0.342889541727107,"srmspe"
2019-09-06,7,13.4991182725907,884,0.133904814035959,"srmspe"
2019-09-06,225,13.4821080196258,1786,0.270573128490398,"srmspe"
2019-09-06,207,13.4835125359257,2435,0.368869493941753,"srmspe"
2019-09-06,68,13.4943585229078,2051,0.310740333633724,"srmspe"
2019-09-06,366,13.471105975277,2432,0.368372726777026,"srmspe"
2019-09-06,273,13.4783626428262,1001,0.151669504526335,"srmspe"
2019-09-06,237,13.4811716754259,1124,0.170301093501086,"srmspe"
2019-09-06,250,13.4801573025427,2122,0.321445682851109,"srmspe"
2019-09-06,137,13.4889745437584,1556,0.235710251016568,"srmspe"
2019-09-06,213,13.4830443638257,1922,0.291168759978746,"srmspe"
2019-09-06,114,13.4907692034749,1376,0.208466989268953,"srmspe"
2019-09-06,76,13.4937342934412,986,0.149359360967641,"srmspe"
2019-09-06,97,13.4920956910914,930,0.140868163664531,"srmspe"
2019-09-06,169,13.486477625892,883,0.133760173822513,"srmspe"
2019-09-06,91,13.4925638631914,653,0.0989080163658007,"srmspe"
2019-09-06,63,13.4947486663245,423,0.0640792333744108,"srmspe"
2019-09-06,66,13.4945145802745,520,0.078770176675823,"srmspe"
2019-09-06,344,13.4728226063101,1243,0.188262038515611,"srmspe"
2019-09-06,116,13.4906131461082,647,0.0979913623052941,"srmspe"
2019-09-06,76,13.4937342934412,1064,0.161183307175974,"srmspe"
2019-09-06,148,13.4881162282418,1228,0.186003249212938,"srmspe"
2019-09-06,35,13.4969334694576,224,0.0339579983058637,"srmspe"
2019-09-06,104,13.4915494903081,680,0.103012988784068,"srmspe"
2019-09-06,133,13.4892866584917,571,0.0865131743724294,"srmspe"
2019-09-06,76,13.4937342934412,565,0.0855835141584731,"srmspe"
2019-09-06,27,13.4975576989242,457,0.0692399861245177,"srmspe"
2019-09-06,47,13.4959971252577,446,0.0675504318530817,"srmspe"
2019-09-06,124,13.4899889166416,760,0.115136844198733,"srmspe"
2019-09-06,48,13.4959190965743,1163,0.176164802512399,"srmspe"
2019-09-06,98,13.4920176624081,524,0.0793845025607463,"srmspe"
2019-09-06,110,13.4910813182082,717,0.108612559512319,"srmspe"
2019-09-06,160,13.4871798840419,1817,0.27518654194631,"srmspe"
2019-09-06,71,13.4941244368579,341,0.051665310700607,"srmspe"
2019-09-06,53,13.4955289531577,626,0.0948194485528804,"srmspe"
2019-09-06,160,13.4871798840419,661,0.100133252252686,"srmspe"
2019-09-06,59,13.4950607810578,519,0.0786064908493887,"srmspe"
2019-09-06,110,13.4910813182082,337,0.0510528203219678,"srmspe"
2019-09-06,64,13.4946706376411,449,0.0680158582303431,"srmspe"
2019-09-06,44,13.4962312113076,391,0.0592258380502051,"srmspe"
2019-09-06,113,13.4908472321582,183,0.0277249031162263,"srmspe"
2019-09-06,50,13.4957630392077,472,0.0715016198147991,"srmspe"
2019-09-06,52,13.495606981841,579,0.0877038662105595,"srmspe"
2019-09-06,175,13.4860094537921,307,0.0465280884709229,"srmspe"
2019-09-06,34,13.4970114981409,603,0.0913350155508914,"srmspe"
2019-09-06,270,13.4785967288762,1396,0.211472043756726,"srmspe"
2019-09-06,286,13.477348269943,2262,0.34261910738869,"srmspe"
2019-09-06,650,13.4489458292127,2150,0.325630063444874,"srmspe"
2019-09-06,426,13.4664242542775,1911,0.289437036074864,"srmspe"
2019-09-06,268,13.4787527862428,2860,0.433150575275564,"srmspe"
2019-09-06,561,13.4558903820286,2014,0.305032495815219,"srmspe"
2019-09-06,56,13.4952948671077,526,0.0796961687046868,"srmspe"
2019-09-06,43,13.496309239991,544,0.0823991715955256,"srmspe"
2019-09-06,96,13.4921737197747,540,0.0818047370862141,"srmspe"
2019-09-06,74,13.4938903508079,498,0.0754363870414986,"srmspe"
2019-09-06,45,13.4961531826243,415,0.0628681977582163,"srmspe"
2019-09-06,70,13.4942024655412,727,0.110108891298916,"srmspe"
2019-09-06,133,13.4892866584917,545,0.0825609999617575,"srmspe"
2019-09-06,146,13.4882722856085,467,0.0707338794480395,"srmspe"
2019-09-06,47,13.4959971252577,439,0.0664961149775705,"srmspe"
2019-09-06,288,13.4771922125763,1057,0.160120140370471,"srmspe"
2019-09-06,206,13.483590564609,986,0.149378887769458,"srmspe"
2019-09-06,49,13.495841067891,1705,0.258264274177879,"srmspe"
2019-09-06,15,13.4984940431241,336,0.0509220620792317,"srmspe"
2019-09-06,164,13.4868677693086,2485,0.376400985800294,"srmspe"
2019-09-06,182,13.4854632530088,1122,0.169973801650398,"srmspe"
2019-09-06,182,13.4854632530088,1487,0.225237694871883,"srmspe"
2019-09-06,182,13.4854632530088,756,0.114537358990294,"srmspe"
2019-09-06,131,13.4894427158584,616,0.0933248127899773,"srmspe"
2019-09-06,65,13.4945926089578,658,0.0996853392148818,"srmspe"
2019-09-06,88,13.4927979492413,3703,0.560916885135115,"srmspe"
2019-09-06,215,13.4828883064591,1212,0.183609675270083,"srmspe"
2019-09-06,778,13.4389581577471,2681,0.40611285284148,"srmspe"
2019-09-06,91,13.4925638631914,2465,0.373405250938462,"srmspe"
2019-09-06,162,13.4870238266753,1541,0.233426515415158,"srmspe"
2019-09-06,189,13.4849170522255,1501,0.227381667965118,"srmspe"
2019-09-06,596,13.4531593781122,5031,0.762121666411851,"srmspe"
2019-09-06,357,13.4718082334269,1455,0.220429645911166,"srmspe"
2019-09-06,261,13.4792989870261,5060,0.76650885602414,"srmspe"
2019-09-06,83,13.493188092658,569,0.0861983629179574,"srmspe"
2019-09-06,126,13.489832859275,492,0.0745271149738813,"srmspe"
2019-09-06,132,13.489364687175,1173,0.177696651919096,"srmspe"
2019-09-06,513,13.4596357588282,3151,0.477260104772618,"srmspe"
2019-09-06,241,13.4808595606926,2496,0.378010654711948,"srmspe"
2019-09-06,195,13.4844488801256,1108,0.167827847563114,"srmspe"
2019-09-06,87,13.4928759779247,1076,0.163005113046356,"srmspe"
2019-09-06,102,13.4917055476748,826,0.125109393179298,"srmspe"
2019-09-06,50,13.4957630392077,422,0.0639255661808362,"srmspe"
2019-09-06,64,13.4946706376411,955,0.144648922297855,"srmspe"
2019-09-06,128,13.4896768019083,916,0.138748296295379,"srmspe"
2019-09-06,67,13.4944365515912,660,0.100007315602376,"srmspe"
2019-09-06,122,13.4901449740083,676,0.102431697736721,"srmspe"
2019-09-06,102,13.4917055476748,1252,0.189641713502529,"srmspe"
2019-09-06,430,13.4661121395442,3431,0.519721166157703,"srmspe"
2019-09-06,76,13.4937342934412,1239,0.1877794089787,"srmspe"
2019-09-06,469,13.4630690208945,3521,0.533348943413012,"srmspe"
2019-09-06,173,13.4861655111587,1465,0.221905057739986,"srmspe"
2019-09-06,356,13.4718862621102,2107,0.319104605053249,"srmspe"
2019-09-06,104,13.4915494903081,834,0.126321346110418,"srmspe"
2019-09-06,190,13.4848390235422,877,0.132849410663499,"srmspe"
2019-09-06,179,13.4856973390588,1523,0.230689167063862,"srmspe"
2019-09-06,385,13.4696234302938,5387,0.816048859518696,"srmspe"
2019-09-06,597,13.4530813494289,3139,0.475512058975508,"srmspe"
2019-09-06,157,13.4874139700919,3608,0.546622112547849,"srmspe"
2019-09-06,585,13.4540176936288,2782,0.421406506933741,"srmspe"
2019-09-06,370,13.4707938605437,1935,0.293105012492323,"srmspe"
2019-09-06,239,13.4810156180593,4127,0.62520885282497,"srmspe"
2019-09-06,70,13.4942024655412,1173,0.177764533579026,"srmspe"
2019-09-06,93,13.4924078058247,746,0.113085338440702,"srmspe"
2019-09-06,0,13.4996644733739,871,0.132018486227797,"srmspe"
2019-09-06,392,13.4690772295105,997,0.15102091906794,"srmspe"
2019-09-06,344,13.4728226063101,703,0.106535803687222,"srmspe"
2019-09-06,386,13.4695454016105,4500,0.681808771556787,"srmspe"
2019-09-06,288,13.4771922125763,896,0.135729418182183,"srmspe"
2019-09-06,100,13.4918616050414,5429,0.822345592340917,"srmspe"
2019-09-06,218,13.4826542204091,620,0.0939017646543708,"srmspe"
2019-09-06,111,13.4910032895249,920,0.139356051141744,"srmspe"
2019-09-06,2385,13.3135660636438,11232,1.70133078124984,"srmspe"
2019-09-06,285,13.4774262986263,1805,0.273458353886294,"srmspe"
2019-09-06,84,13.4931100639746,1168,0.176905687447245,"srmspe"
2019-09-06,157,13.4874139700919,1587,0.240353141210441,"srmspe"
2019-09-06,121,13.4902230026916,732,0.110873647578559,"srmspe"
2019-09-06,182,13.4854632530088,3427,0.519067369870026,"srmspe"
2019-09-06,205,13.4836685932923,1339,0.20284114910988,"srmspe"
2019-09-06,346,13.4726665489435,358,0.0542382491770642,"srmspe"
2019-09-06,40,13.4965433260409,580,0.0878682677656429,"srmspe"
2019-09-06,385,13.4696234302938,2671,0.404748319151233,"srmspe"
2019-09-06,314,13.4751634668099,1202,0.182145736126451,"srmspe"
2019-09-06,153,13.4877260848252,1391,0.210770467490983,"srmspe"
2019-09-06,609,13.452145005229,5094,0.771681333353852,"srmspe"
2019-09-06,2497,13.3048268511114,4247,0.64331819015511,"srmspe"
2019-09-06,168,13.4865556545753,807,0.122246341027473,"srmspe"
2019-09-06,118,13.4904570887416,2067,0.313050764260555,"srmspe"
2019-09-06,121,13.4902230026916,1273,0.192827800586962,"srmspe"
2019-09-06,134,13.4892086298084,648,0.0981999032490049,"srmspe"
2019-09-06,192,13.4846829661755,1932,0.292688181964192,"srmspe"
2019-09-06,309,13.4755536102265,2272,0.344098422660882,"srmspe"
2019-09-06,292,13.476880097843,1786,0.270484629233618,"srmspe"
2019-09-06,72,13.4940464081745,549,0.0831555337880673,"srmspe"
2019-09-06,19,13.4981819283908,465,0.0704443941183373,"srmspe"
2019-09-06,156,13.4874919987752,1135,0.171964597169192,"srmspe"
2019-09-06,287,13.4772702412597,1412,0.213960287158749,"srmspe"
2019-09-06,316,13.4750074094432,1057,0.160124537584761,"srmspe"
2019-09-06,188,13.4849950809088,364,0.0551401780667823,"srmspe"
2019-09-06,53,13.4955289531577,769,0.116471639659864,"srmspe"
2019-09-06,727,13.4429376205967,3226,0.488618042660096,"srmspe"
2019-09-06,125,13.4899108879583,1290,0.195375487136227,"srmspe"
2019-09-06,30,13.4973236128742,316,0.0478780623885431,"srmspe"
2019-09-06,54,13.4954509244744,257,0.0389333203560994,"srmspe"
2019-09-06,432,13.4659560821775,2900,0.439267553244055,"srmspe"
2019-09-06,331,13.4738369791934,2192,0.332019274692801,"srmspe"
2019-09-06,281,13.4777384133596,6581,0.996669676614656,"srmspe"
2019-09-06,65,13.4945926089578,897,0.1358803407987,"srmspe"
2019-09-06,152,13.4878041135085,990,0.149958960873426,"srmspe"
2019-09-06,244,13.4806254746426,1017,0.154049001416855,"srmspe"
2019-09-06,128,13.4896768019083,842,0.127592478823728,"srmspe"
2019-09-06,95,13.4922517484581,1420,0.215104107447992,"srmspe"
2019-09-06,17,13.4983379857574,3524,0.533917823139414,"srmspe"
2019-09-06,103,13.4916275189915,1684,0.255086758701263,"srmspe"
2019-09-06,84,13.4931100639746,277,0.0420091734003906,"srmspe"
2019-09-06,610,13.4520669765457,2199,0.333029233537658,"srmspe"
2019-09-06,144,13.4884283429751,666,0.100907680108293,"srmspe"
2019-09-06,48,13.4959190965743,623,0.0943511837187868,"srmspe"
2019-09-06,200,13.4840587367089,1459,0.221007554334216,"srmspe"
2019-09-06,489,13.461508447228,2286,0.346264519237151,"srmspe"
2019-09-06,111,13.4910032895249,980,0.148454922441149,"srmspe"
2019-09-06,213,13.4830443638257,1181,0.178885212467706,"srmspe"
2019-09-06,131,13.4894427158584,5815,0.880703940662864,"srmspe"
2019-09-06,50,13.4957630392077,580,0.0878857408596728,"srmspe"
2019-09-06,66,13.4945145802745,902,0.136678380171262,"srmspe"
2019-09-06,384,13.4697014589771,2989,0.452751135988226,"srmspe"
2019-09-06,139,13.4888184863918,1906,0.288793739077695,"srmspe"
2019-09-06,172,13.486243539842,771,0.116811682840672,"srmspe"
2019-09-06,102,13.4917055476748,776,0.117577078746651,"srmspe"
2019-09-06,101,13.4917835763581,746,0.113028544766127,"srmspe"
2019-09-06,294,13.4767240404764,1468,0.222401106180886,"srmspe"
2019-09-06,182,13.4854632530088,441,0.0667937022014107,"srmspe"
2019-09-06,58,13.4951388097411,561,0.0849776069079212,"srmspe"
2019-09-06,38,13.4966993834076,519,0.0786159188326848,"srmspe"
2019-09-06,1141,13.4106337457001,2991,0.453072784689976,"srmspe"
2019-09-06,171,13.4863215685254,2332,0.353292026707668,"srmspe"
2019-09-06,62,13.4948266950078,1038,0.157242632127134,"srmspe"
2019-09-06,177,13.4858533964254,1218,0.184537339292548,"srmspe"
2019-09-06,160,13.4871798840419,702,0.106370640048011,"srmspe"
2019-09-06,110,13.4910813182082,500,0.0757653242796544,"srmspe"
2019-09-06,65,13.4945926089578,602,0.0911912758692782,"srmspe"
2019-09-06,97,13.4920956910914,533,0.0807376863869058,"srmspe"
2019-09-06,91,13.4925638631914,1546,0.23422206525602,"srmspe"
2019-09-06,106,13.4913934329415,1046,0.158456716396484,"srmspe"
2019-09-06,639,13.4498041447293,2497,0.37822901672891,"srmspe"
2019-09-06,537,13.4577630704284,3554,0.538228266513597,"srmspe"
2019-09-06,369,13.470871889227,3730,0.564875917659836,"srmspe"
2019-09-06,102,13.4917055476748,900,0.136348513100217,"srmspe"
2019-09-06,213,13.4830443638257,1047,0.158586964826495,"srmspe"
2019-09-06,233,13.4814837901592,1218,0.184495489367975,"srmspe"
2019-09-06,293,13.4768020691597,1286,0.194794686574851,"srmspe"
2019-09-06,188,13.4849950809088,1174,0.177876822166874,"srmspe"
2019-09-06,227,13.4819519622592,2470,0.374247858262155,"srmspe"
2019-09-06,375,13.4704037171271,1368,0.20721039764244,"srmspe"
2019-09-06,126,13.489832859275,656,0.0993839703609112,"srmspe"
2019-09-06,185,13.4852291669588,1876,0.284136740368054,"srmspe"
2019-09-06,220,13.4824981630424,1004,0.152060197390536,"srmspe"
2019-09-06,265,13.4789868722928,1525,0.230981760930914,"srmspe"
2019-09-06,384,13.4697014589771,558,0.0845252478360992,"srmspe"
2019-09-06,62,13.4948266950078,1306,0.197785503808926,"srmspe"
2019-09-06,95,13.4922517484581,1123,0.170071319268345,"srmspe"
2019-09-06,206,13.483590564609,890,0.13481951211476,"srmspe"
2019-09-06,150,13.4879601708752,804,0.121815881046526,"srmspe"
2019-09-06,240,13.4809375893759,1630,0.246839441637922,"srmspe"
2019-09-06,496,13.4609622464447,1693,0.256369113385001,"srmspe"
2019-09-06,186,13.4851511382755,1660,0.251386321867006,"srmspe"
2019-09-06,182,13.4854632530088,1089,0.165035691253982,"srmspe"
2019-09-06,522,13.4589335006783,1282,0.194148809043332,"srmspe"
2019-09-06,0,13.4996644733739,2249,0.340714127202878,"srmspe"
2019-09-06,310,13.4754755815432,1114,0.168775558268571,"srmspe"
2019-09-06,133,13.4892866584917,1336,0.202389545230156,"srmspe"
2019-09-06,263,13.4791429296595,1867,0.282802034223278,"srmspe"
2019-09-06,503,13.4604160456615,1442,0.218423268823045,"srmspe"
2019-09-06,202,13.4839026793423,1239,0.187669806015975,"srmspe"
2019-09-06,88,13.4927979492413,775,0.117389653959832,"srmspe"
2019-09-06,146,13.4882722856085,1308,0.198127631326271,"srmspe"
2019-09-06,220,13.4824981630424,1164,0.176340839875695,"srmspe"
2019-09-06,150,13.4879601708752,2366,0.358389901838118,"srmspe"
2019-09-06,155,13.4875700274586,2101,0.318198523438454,"srmspe"
2019-09-06,372,13.470637803177,2098,0.317834527431129,"srmspe"
2019-09-06,320,13.4746952947099,1591,0.241034475081221,"srmspe"
2019-09-06,222,13.4823421056758,4737,0.717519583778381,"srmspe"
2019-09-06,158,13.4873359414086,1533,0.23228403094688,"srmspe"
2019-09-06,168,13.4865556545753,1727,0.261563043851515,"srmspe"
2019-09-06,176,13.4859314251087,1233,0.186780472501911,"srmspe"
2019-09-06,187,13.4850731095922,372,0.056370430452483,"srmspe"
2019-09-06,176,13.4859314251087,543,0.0822569288930356,"srmspe"
2019-09-06,91,13.4925638631914,899,0.136203845230817,"srmspe"
2019-09-06,329,13.47399303656,2849,0.431568862153331,"srmspe"
2019-09-06,152,13.4878041135085,1955,0.29621658812134,"srmspe"
2019-09-06,254,13.4798451878094,1136,0.17207149076437,"srmspe"
2019-09-06,291,13.4769581265264,4836,0.732609614175389,"srmspe"
2019-09-06,120,13.4903010313749,2381,0.360725871453734,"srmspe"
2019-09-06,238,13.4810936467426,961,0.145644384857035,"srmspe"
2019-09-06,231,13.4816398475259,2172,0.32909121567194,"srmspe"
2019-09-06,199,13.4841367653923,1494,0.226317352648432,"srmspe"
2019-09-06,70,13.4942024655412,359,0.0543936297754605,"srmspe"
2019-09-06,300,13.4762558683764,2953,0.447350457601353,"srmspe"
2019-09-06,479,13.4622887340613,1368,0.207223940888286,"srmspe"
2019-09-06,664,13.4478534276461,3228,0.489028301612007,"srmspe"
2019-09-06,238,13.4810936467426,1400,0.212183993043068,"srmspe"
2019-09-06,264,13.4790649009761,1586,0.240238688472758,"srmspe"
2019-09-06,632,13.4503503455125,1766,0.267569657516255,"srmspe"
2019-09-06,158,13.4873359414086,1484,0.224799328344896,"srmspe"
2019-09-06,319,13.4747733233933,3712,0.562265702349875,"srmspe"
2019-09-06,201,13.4839807080256,734,0.111202993424236,"srmspe"
2019-09-06,169,13.486477625892,675,0.102242715206349,"srmspe"
2019-09-06,512,13.4597137875115,3620,0.548291316325407,"srmspe"
2019-09-06,254,13.4798451878094,1566,0.237190545520441,"srmspe"
2019-09-06,284,13.4775043273096,706,0.107030873917157,"srmspe"
2019-09-06,10,13.4988841865407,1406,0.213045113064176,"srmspe"
2019-09-06,147,13.4881942569252,1013,0.153417955870226,"srmspe"
2019-09-06,165,13.4867897406253,579,0.0877464156709987,"srmspe"
2019-09-06,125,13.4899108879583,555,0.0840781057563807,"srmspe"
2019-09-06,254,13.4798451878094,577,0.0873997677406076,"srmspe"
2019-09-06,73,13.4939683794912,838,0.126918353031234,"srmspe"
2019-09-06,69,13.4942804942245,662,0.100279609136135,"srmspe"
2019-09-06,164,13.4868677693086,2109,0.31944645072035,"srmspe"
2019-09-06,204,13.4837466219756,2701,0.409081259720867,"srmspe"
2019-09-06,182,13.4854632530088,2468,0.373832675099727,"srmspe"
2019-09-06,410,13.4676727132107,2186,0.33110431282933,"srmspe"
2019-09-06,43,13.496309239991,562,0.0851316869847729,"srmspe"
2019-09-06,117,13.4905351174249,702,0.10633433206148,"srmspe"
2019-09-06,104,13.4915494903081,864,0.130869036719557,"srmspe"
2019-09-06,192,13.4846829661755,1079,0.163416972764498,"srmspe"
2019-09-06,89,13.492719920558,423,0.0640780624041211,"srmspe"
2019-09-06,63,13.4947486663245,387,0.0586420185271804,"srmspe"
2019-09-06,934,13.4267856831484,6985,1.05792053202097,"srmspe"
2019-09-06,226,13.4820299909425,1925,0.291559678835003,"srmspe"
2019-09-06,106,13.4913934329415,528,0.0799846727159713,"srmspe"
2019-09-06,114,13.4907692034749,1060,0.160554565828198,"srmspe"
2019-09-06,168,13.4865556545753,1300,0.196886992965603,"srmspe"
2019-09-06,131,13.4894427158584,1026,0.155439999961624,"srmspe"
2019-09-06,82,13.4932661213413,863,0.130714842194333,"srmspe"
2019-09-06,104,13.4915494903081,982,0.148765786921985,"srmspe"
2019-09-06,146,13.4882722856085,889,0.134658234346478,"srmspe"
2019-09-06,76,13.4937342934412,2243,0.339830788635898,"srmspe"
2019-09-06,267,13.4788308149262,4310,0.652800312165374,"srmspe"
2019-09-06,304,13.4759437536431,2509,0.380042949152161,"srmspe"
2019-09-06,553,13.4565146114952,1989,0.301269975324295,"srmspe"
2019-09-06,38,13.4966993834076,818,0.123962307925785,"srmspe"
2019-09-06,659,13.4482435710628,2586,0.391665079717781,"srmspe"
2019-09-06,136,13.4890525724417,546,0.0826984122632164,"srmspe"
2019-09-06,109,13.4911593468915,930,0.140866950819792,"srmspe"
2019-09-06,258,13.4795330730761,693,0.104970977527346,"srmspe"
2019-09-06,66,13.4945145802745,1119,0.16947045876865,"srmspe"
2019-09-06,110,13.4910813182082,803,0.121625373949795,"srmspe"
2019-09-06,127,13.4897548305917,635,0.096197561493081,"srmspe"
2019-09-06,54,13.4954509244744,828,0.125429384009387,"srmspe"
2019-09-06,106,13.4913934329415,384,0.0581895015559606,"srmspe"
2019-09-06,211,13.4832004211924,817,0.123752354589655,"srmspe"
2019-09-06,249,13.480235331226,4636,0.70217019738183,"srmspe"
2019-09-06,227,13.4819519622592,2133,0.323251937625329,"srmspe"
2019-09-06,287,13.4772702412597,2392,0.362334968007406,"srmspe"
2019-09-06,2583,13.2981163843455,6432,0.974299422995321,"srmspe"
2019-09-06,843,13.433886293331,3244,0.491493194819166,"srmspe"
2019-09-06,318,13.4748513520766,1064,0.161173838777031,"srmspe"
2019-09-06,148,13.4881162282418,513,0.0777429233682392,"srmspe"
2019-09-06,128,13.4896768019083,777,0.117700059427192,"srmspe"
2019-09-06,195,13.4844488801256,1072,0.162505380798554,"srmspe"
2019-09-06,105,13.4914714616248,1043,0.158006798356693,"srmspe"
2019-09-06,87,13.4928759779247,688,0.104262448082551,"srmspe"
2019-09-06,57,13.4952168384244,1863,0.282241772039504,"srmspe"
2019-09-06,196,13.4843708514422,2464,0.373234686964706,"srmspe"
2019-09-06,99,13.4919396337248,897,0.13586682393221,"srmspe"
2019-09-06,162,13.4870238266753,637,0.0965250821450943,"srmspe"
2019-09-06,1482,13.3840259646863,14036,2.12569792240746,"srmspe"
2019-09-06,280,13.4778164420429,3193,0.483795944827805,"srmspe"
2019-09-06,81,13.4933441500246,1062,0.1608663673562,"srmspe"
2019-09-06,462,13.4636152216778,2573,0.389667324196031,"srmspe"
2019-09-06,72,13.4940464081745,1640,0.248394741526763,"srmspe"
2019-09-06,427,13.4663462255942,2102,0.318362945687459,"srmspe"
2019-09-06,293,13.4768020691597,2051,0.310704101717446,"srmspe"
2019-09-06,134,13.4892086298084,1788,0.270842493870911,"srmspe"
2019-09-06,427,13.4663462255942,2466,0.373479587681232,"srmspe"
2019-09-06,1440,13.387303169386,5858,0.88736145698686,"srmspe"
2019-09-06,1439,13.3873811980693,6436,0.9747605357609,"srmspe"
2019-09-06,428,13.4662681969108,72,0.0109299833428344,"srmspe"
2019-09-06,32,13.4971675555075,893,0.135285516598408,"srmspe"
2019-09-06,93,13.4924078058247,511,0.0774277703902869,"srmspe"
2019-09-06,63,13.4947486663245,719,0.108913223348514,"srmspe"
2019-09-06,157,13.4874139700919,657,0.0995403008868115,"srmspe"
2019-09-06,410,13.4676727132107,4598,0.696394652279208,"srmspe"
2019-09-06,432,13.4659560821775,2086,0.316016287807735,"srmspe"
2019-09-06,119,13.4903790600583,2152,0.326004414656339,"srmspe"
2019-09-06,148,13.4881162282418,726,0.109978267806155,"srmspe"
2019-09-06,225,13.4821080196258,962,0.145724891918196,"srmspe"
2019-09-06,149,13.4880381995585,1220,0.184838490294726,"srmspe"
2019-09-06,287,13.4772702412597,3130,0.474093745721288,"srmspe"
2019-09-06,211,13.4832004211924,3388,0.513155734682414,"srmspe"
2019-09-06,745,13.4415331042968,4872,0.737954886388816,"srmspe"
2019-09-06,53,13.4955289531577,945,0.143198891352713,"srmspe"
2019-09-06,364,13.4712620326436,4750,0.71960784799343,"srmspe"
2019-09-06,136,13.4890525724417,1749,0.264923429511711,"srmspe"
2019-09-06,87,13.4928759779247,893,0.135281143801017,"srmspe"
2019-09-06,140,13.4887404577084,1222,0.185188801665276,"srmspe"
2019-09-06,138,13.4888965150751,2060,0.312123568016933,"srmspe"
2019-09-06,254,13.4798451878094,1371,0.20764723599504,"srmspe"
2019-09-06,118,13.4904570887416,1224,0.185392024478769,"srmspe"
2019-09-06,284,13.4775043273096,4148,0.628298113737425,"srmspe"
2019-09-06,211,13.4832004211924,383,0.0580230215390803,"srmspe"
2019-09-06,186,13.4851511382755,1124,0.170252740253849,"srmspe"
2019-09-06,69,13.4942804942245,935,0.141631216460462,"srmspe"
2019-09-06,54,13.4954509244744,1135,0.171905111463706,"srmspe"
2019-09-06,309,13.4755536102265,1635,0.247640575288552,"srmspe"
2019-09-06,57,13.4952168384244,744,0.112725690384041,"srmspe"
2019-09-06,137,13.4889745437584,996,0.150877974556835,"srmspe"
2019-09-06,102,13.4917055476748,934,0.141470582594858,"srmspe"
2019-09-06,1480,13.384182022053,6048,0.916126262798514,"srmspe"
2019-09-06,518,13.4592456154116,1350,0.204517647806004,"srmspe"
2019-09-06,262,13.4792209583428,3034,0.459603854555525,"srmspe"
2019-09-06,322,13.4745392373433,1811,0.274311541939071,"srmspe"
2019-09-06,157,13.4874139700919,2466,0.373612509759958,"srmspe"
2019-09-06,45,13.4961531826243,620,0.0939331579724679,"srmspe"
2019-09-06,250,13.4801573025427,1923,0.291220959895915,"srmspe"
2019-09-06,153,13.4877260848252,1175,0.178046719293311,"srmspe"
2019-09-06,450,13.4645515658777,1081,0.163747023478644,"srmspe"
2019-09-06,121,13.4902230026916,1658,0.251122445659882,"srmspe"
2019-09-06,156,13.4874919987752,2245,0.340072063290633,"srmspe"
2019-09-06,151,13.4878821421919,1234,0.186966317620334,"srmspe"
2019-09-06,50,13.4957630392077,599,0.0907287686893576,"srmspe"
2019-09-06,586,13.4539396649455,3216,0.487182504496858,"srmspe"
2019-09-06,429,13.4661901682275,1559,0.236156011754513,"srmspe"
2019-09-06,386,13.4695454016105,1211,0.183467276477389,"srmspe"
2019-09-06,148,13.4881162282418,400,0.0606225628107575,"srmspe"
2019-09-06,131,13.4894427158584,1642,0.248700411501274,"srmspe"
2019-09-06,109,13.4911593468915,975,0.147693130731838,"srmspe"
2019-09-06,92,13.492485834508,431,0.0652977458222691,"srmspe"
2019-09-06,109,13.4911593468915,691,0.104679790508425,"srmspe"
2019-09-06,140,13.4887404577084,1057,0.160123149252915,"srmspe"
2019-09-06,119,13.4903790600583,824,0.124830959338752,"srmspe"
2019-09-06,124,13.4899889166416,1139,0.172529940681016,"srmspe"
2019-09-06,159,13.4872579127253,772,0.116952937119352,"srmspe"
2019-09-06,81,13.4933441500246,1378,0.208727802966357,"srmspe"
2019-09-06,169,13.486477625892,742,0.11239286195587,"srmspe"
2019-09-06,170,13.4863995972087,2869,0.434624558911946,"srmspe"
2019-09-06,113,13.4908472321582,825,0.124977122789015,"srmspe"
2019-09-06,152,13.4878041135085,1423,0.215534678600134,"srmspe"
2019-09-06,230,13.4817178762092,1188,0.179983150698811,"srmspe"
2019-09-06,148,13.4881162282418,1434,0.217238896376259,"srmspe"
2019-09-06,111,13.4910032895249,611,0.0925398565012761,"srmspe"
2019-09-06,317,13.4749293807599,2810,0.425624665551438,"srmspe"
2019-09-06,161,13.4871018553586,523,0.0792261329622368,"srmspe"
2019-09-06,361,13.4714961186936,1485,0.225005928799913,"srmspe"
2019-09-06,472,13.4628349348445,2892,0.438113800424737,"srmspe"
2019-09-06,287,13.4772702412597,1365,0.206910737226074,"srmspe"
2019-09-06,176,13.4859314251087,875,0.132637471733284,"srmspe"
2019-09-06,1472,13.3848062515196,2671,0.404567001867608,"srmspe"
2019-09-06,42,13.4963872686743,2025,0.306721263524285,"srmspe"
2019-09-06,76,13.4937342934412,861,0.130416957951859,"srmspe"
2019-09-06,232,13.4815618188425,862,0.130560401559755,"srmspe"
2019-09-06,28,13.4974796702408,588,0.0891088959193531,"srmspe"
2019-09-06,279,13.4778944707263,1156,0.175161454586035,"srmspe"
2019-09-06,176,13.4859314251087,1872,0.283603183681813,"srmspe"
2019-09-06,317,13.4749293807599,1720,0.260522828096275,"srmspe"
2019-09-06,129,13.489598773225,1174,0.177863292277583,"srmspe"
2019-09-06,165,13.4867897406253,1229,0.18622071338483,"srmspe"
2019-09-06,169,13.486477625892,1233,0.186779825931797,"srmspe"
2019-09-06,479,13.4622887340613,3324,0.503408056803781,"srmspe"
2019-09-06,316,13.4750074094432,1657,0.250959384442594,"srmspe"
2019-09-06,630,13.4505064028792,4393,0.665328186990884,"srmspe"
2019-09-06,397,13.4686870860939,1752,0.265344632631005,"srmspe"
2019-09-06,395,13.4688431434606,1974,0.298990607362484,"srmspe"
2019-09-06,73,13.4939683794912,638,0.0966390922176224,"srmspe"
2019-09-06,166,13.486711711942,1270,0.192534163749364,"srmspe"
2019-09-06,160,13.4871798840419,1119,0.169497720699117,"srmspe"
2019-09-06,76,13.4937342934412,606,0.0917927598285409,"srmspe"
2019-09-06,64,13.4946706376411,208,0.0315341791019371,"srmspe"
2019-09-06,769,13.439660415897,2206,0.334253315268918,"srmspe"
2019-09-06,277,13.4780505280929,2616,0.396193216208413,"srmspe"
2019-09-06,260,13.4793770157094,1452,0.219909158850718,"srmspe"
2019-09-06,351,13.4722764055269,1084,0.164182247985511,"srmspe"
2019-09-06,114,13.4907692034749,1619,0.245224401385876,"srmspe"
2019-09-06,145,13.4883503142918,979,0.14829446925692,"srmspe"
2019-09-06,245,13.4805474459593,877,0.132927295442465,"srmspe"
2019-09-06,241,13.4808595606926,1467,0.222221762806868,"srmspe"
2019-09-06,231,13.4816398475259,1425,0.215824138264383,"srmspe"
2019-09-06,136,13.4890525724417,2872,0.435096930267525,"srmspe"
2019-09-06,1726,13.364986965955,4184,0.633636553507214,"srmspe"
2019-09-06,1252,13.4019725618511,6097,0.923434919667719,"srmspe"
2019-09-06,297,13.4764899544264,6343,0.960706737741236,"srmspe"
2019-09-06,1114,13.4127405201499,13034,1.97400080164101,"srmspe"
2019-09-06,67,13.4944365515912,1311,0.198606423282084,"srmspe"
2019-09-06,389,13.4693113155605,1182,0.179052849169982,"srmspe"
2019-09-06,1106,13.4133647496165,6008,0.910032549292876,"srmspe"
2019-09-06,42,13.4963872686743,1410,0.213576492065382,"srmspe"
2019-09-06,526,13.458621385945,2131,0.322978975132692,"srmspe"
2019-09-06,213,13.4830443638257,2242,0.339614488578024,"srmspe"
2019-09-06,129,13.489598773225,1419,0.214943167856389,"srmspe"
2019-09-06,229,13.4817959048925,731,0.110742912278922,"srmspe"
2019-09-06,175,13.4860094537921,1831,0.277306794013773,"srmspe"
2019-09-06,0,13.4996644733739,5738,0.869367749024097,"srmspe"
2019-09-06,574,13.4548760091454,3578,0.542117912266026,"srmspe"
2019-09-06,39,13.4966213547243,906,0.13727231343954,"srmspe"
2019-09-06,328,13.4740710652433,4592,0.695443450292309,"srmspe"
2019-09-06,2745,13.2854757376468,4798,0.726656849108345,"srmspe"
2019-09-06,223,13.4822640769925,1363,0.206465797977889,"srmspe"
2019-09-06,218,13.4826542204091,1390,0.210571827141865,"srmspe"
2019-09-06,289,13.477114183893,1855,0.281034392681878,"srmspe"
2019-09-06,651,13.4488678005294,5173,0.783462787812517,"srmspe"
2019-09-06,914,13.4283462568149,6508,0.985606045824812,"srmspe"
2019-09-06,121,13.4902230026916,4448,0.673757942358642,"srmspe"
2019-09-06,1265,13.4009581889678,2469,0.373992842445005,"srmspe"
2019-09-06,395,13.4688431434606,4612,0.698440942377219,"srmspe"
2019-09-06,494,13.4611183038114,3657,0.553903361721706,"srmspe"
2019-09-06,198,13.4842147940756,2300,0.34836379242506,"srmspe"
2019-09-06,191,13.4847609948589,1088,0.16480372451171,"srmspe"
2019-09-06,42,13.4963872686743,1524,0.23093638764209,"srmspe"
2019-09-06,157,13.4874139700919,5631,0.852889319488515,"srmspe"
2019-09-06,346,13.4726665489435,3407,0.516056951321714,"srmspe"
2019-09-06,71,13.4941244368579,626,0.0948190395242083,"srmspe"
2019-09-06,237,13.4811716754259,432,0.065463931740191,"srmspe"
2019-09-06,166,13.486711711942,1523,0.230715339251433,"srmspe"
2019-09-06,905,13.4290485149648,3575,0.541447164327429,"srmspe"
2019-09-06,720,13.4434838213799,3157,0.478147919892129,"srmspe"
2019-09-06,305,13.4758657249598,1115,0.168946383342205,"srmspe"
2019-09-06,451,13.4644735371944,2763,0.418710860983384,"srmspe"
2019-09-06,66,13.4945145802745,248,0.0375943274829794,"srmspe"
2019-09-06,34,13.4970114981409,1941,0.293977459751685,"srmspe"
2019-09-06,62,13.4948266950078,285,0.0431660208202993,"srmspe"
2019-09-06,152,13.4878041135085,3881,0.587826341170473,"srmspe"
2019-09-06,357,13.4718082334269,1795,0.271872714608636,"srmspe"
2019-09-06,808,13.4366172972473,3551,0.537801639903578,"srmspe"
2019-09-06,412,13.467516655844,1431,0.216763420999858,"srmspe"
2019-09-06,246,13.480469417276,3620,0.548346950597484,"srmspe"
2019-09-06,651,13.4488678005294,4101,0.621199031634262,"srmspe"
2019-09-06,1655,13.3705270024711,4940,0.748153197865042,"srmspe"
2019-09-06,118,13.4904570887416,2010,0.304558307543462,"srmspe"
2019-09-06,195,13.4844488801256,1417,0.21462051745783,"srmspe"
2019-09-06,411,13.4675946845274,1257,0.190427081597696,"srmspe"
2019-09-06,241,13.4808595606926,3051,0.462032742009169,"srmspe"
2019-09-06,296,13.4765679831097,2282,0.345597383493496,"srmspe"
2019-09-06,325,13.4743051512933,1543,0.233708132221482,"srmspe"
2019-09-06,294,13.4767240404764,3203,0.485121428625815,"srmspe"
2019-09-06,128,13.4896768019083,1379,0.208965678407824,"srmspe"
2019-09-06,170,13.4863995972087,3185,0.482391316491073,"srmspe"
2019-09-06,241,13.4808595606926,346,0.0524636695720053,"srmspe"
2019-09-06,53,13.4955289531577,289,0.0437680044365121,"srmspe"
2019-09-06,148,13.4881162282418,2003,0.303463283219408,"srmspe"
2019-09-06,457,13.4640053650944,954,0.144571213276437,"srmspe"
2019-09-06,132,13.489364687175,1305,0.19778809381266,"srmspe"
2019-09-06,182,13.4854632530088,1409,0.213480653165176,"srmspe"
2019-09-06,61,13.4949047236911,786,0.119088040487667,"srmspe"
2019-09-06,168,13.4865556545753,1065,0.161354299111971,"srmspe"
2019-09-06,251,13.4800792738594,1853,0.280658277691787,"srmspe"
2019-09-06,373,13.4705597744937,1091,0.165273994651377,"srmspe"
2019-09-06,253,13.4799232164927,1591,0.241046027220107,"srmspe"
2019-09-06,105,13.4914714616248,1024,0.155117609858494,"srmspe"
2019-09-06,259,13.4794550443928,1555,0.235505484548941,"srmspe"
2019-09-06,320,13.4746952947099,1905,0.288559715692827,"srmspe"
2019-09-06,187,13.4850731095922,2033,0.307927197815683,"srmspe"
2019-09-06,75,13.4938123221246,646,0.0979566008120381,"srmspe"
2019-09-06,204,13.4837466219756,2508,0.37992702070392,"srmspe"
2019-09-06,87,13.4928759779247,2224,0.336937874020892,"srmspe"
2019-09-06,181,13.4855412816921,1702,0.257767511937991,"srmspe"
2019-09-06,152,13.4878041135085,597,0.0904289091646225,"srmspe"
2019-09-06,59,13.4950607810578,1842,0.278990513542354,"srmspe"
2019-09-06,66,13.4945145802745,648,0.0981374142896166,"srmspe"
2019-09-06,141,13.4886624290251,659,0.099825614214663,"srmspe"
2019-09-06,269,13.4786747575595,923,0.139844771083522,"srmspe"
2019-09-06,410,13.4676727132107,2030,0.307546679429265,"srmspe"
2019-09-06,178,13.4857753677421,1016,0.153919900670967,"srmspe"
2019-09-06,195,13.4844488801256,1501,0.227380227498409,"srmspe"
2019-09-06,233,13.4814837901592,1536,0.232692708142182,"srmspe"
2019-09-06,444,13.4650197379776,1557,0.235875053639439,"srmspe"
2019-09-06,670,13.4473852555462,3742,0.566710620118713,"srmspe"
2019-09-06,307,13.4757096675932,2110,0.31967323330241,"srmspe"
2019-09-06,439,13.4654098813943,2682,0.406249797985653,"srmspe"
2019-09-06,89,13.492719920558,715,0.108308853088561,"srmspe"
2019-09-06,85,13.4930320352913,644,0.0975552669289205,"srmspe"
2019-09-06,128,13.4896768019083,775,0.117388183582045,"srmspe"
2019-09-06,106,13.4913934329415,458,0.0693780595434196,"srmspe"
2019-09-06,178,13.4857753677421,1241,0.188008238383119,"srmspe"
2019-09-06,134,13.4892086298084,1094,0.165743032161274,"srmspe"
2019-09-06,196,13.4843708514422,1126,0.170538788543726,"srmspe"
2019-09-06,236,13.4812497041092,1433,0.217081127422809,"srmspe"
2019-09-06,708,13.4444201655798,2567,0.388855040954706,"srmspe"
2019-09-06,217,13.4827322490924,1388,0.210240036879494,"srmspe"
2019-09-06,226,13.4820299909425,1655,0.250780356462368,"srmspe"
2019-09-06,53,13.4955289531577,493,0.0746781905536723,"srmspe"
2019-09-06,126,13.489832859275,826,0.125246026545283,"srmspe"
2019-09-06,404,13.4681408853106,4773,0.723054912285581,"srmspe"
2019-09-06,484,13.4618985906446,2133,0.323135377613846,"srmspe"
2019-09-06,506,13.4601819596115,4540,0.687747585218933,"srmspe"
2019-09-06,285,13.4774262986263,1685,0.255262263519713,"srmspe"
2019-09-06,175,13.4860094537921,2678,0.405609527773141,"srmspe"
2019-09-06,279,13.4778944707263,1047,0.158593073013438,"srmspe"
2019-09-06,177,13.4858533964254,1487,0.225249976225329,"srmspe"
2019-09-06,410,13.4676727132107,1425,0.215841995225819,"srmspe"
2019-09-06,150,13.4879601708752,987,0.149494958830503,"srmspe"
2019-09-06,56,13.4952948671077,474,0.0718166391855899,"srmspe"
2019-09-06,68,13.4943585229078,524,0.0793941117686499,"srmspe"
2019-09-06,111,13.4910032895249,1416,0.214460637410824,"srmspe"
2019-09-06,92,13.492485834508,505,0.0765156761588056,"srmspe"
2019-09-06,40,13.4965433260409,550,0.0833294057823343,"srmspe"
2019-09-06,197,13.4842928227589,2174,0.329368499508353,"srmspe"
2019-09-06,365,13.4711840039603,1161,0.175864890909613,"srmspe"
2019-09-06,67,13.4944365515912,1150,0.174207497603475,"srmspe"
2019-09-06,102,13.4917055476748,438,0.0663441685839729,"srmspe"
2019-09-06,109,13.4911593468915,1000,0.151490536411891,"srmspe"
2019-09-06,125,13.4899108879583,1370,0.207482268112893,"srmspe"
2019-09-06,101,13.4917835763581,382,0.0578809066413279,"srmspe"
2019-09-06,45,13.4961531826243,568,0.0860325689347232,"srmspe"
2019-09-06,44,13.4962312113076,312,0.0472708708347083,"srmspe"
2019-09-06,73,13.4939683794912,437,0.0661985747180669,"srmspe"
2019-09-06,86,13.492954006608,567,0.0858838070682956,"srmspe"
2019-09-06,278,13.4779724994096,1204,0.182394345130011,"srmspe"
2019-09-06,435,13.4657219961276,1721,0.260702242578276,"srmspe"
2019-09-06,141,13.4886624290251,807,0.122234291776171,"srmspe"
2019-09-06,221,13.4824201343591,1836,0.278116388676315,"srmspe"
2019-09-06,249,13.480235331226,1009,0.152832207570684,"srmspe"
2019-09-06,464,13.4634591643111,1431,0.216750363003725,"srmspe"
2019-09-06,306,13.4757876962765,1340,0.202945759216512,"srmspe"
2019-09-06,162,13.4870238266753,791,0.119829416405334,"srmspe"
2019-09-06,167,13.4866336832587,672,0.101793403035065,"srmspe"
2019-09-06,120,13.4903010313749,644,0.0975387791857517,"srmspe"
2019-09-06,98,13.4920176624081,715,0.108298282222287,"srmspe"
2019-09-06,172,13.486243539842,693,0.104976507725919,"srmspe"
2019-09-06,54,13.4954509244744,908,0.137551659436568,"srmspe"
2019-09-06,63,13.4947486663245,481,0.0728588432971284,"srmspe"
2019-09-06,126,13.489832859275,683,0.103454817054246,"srmspe"
2019-09-06,23,13.4978698136575,487,0.0737794213621619,"srmspe"
2019-09-06,69,13.4942804942245,779,0.11798383608478,"srmspe"
2019-09-06,65,13.4945926089578,505,0.0764952878407674,"srmspe"
2019-09-06,60,13.4949827523744,505,0.076496319452169,"srmspe"
2019-09-06,40,13.4965433260409,357,0.0540740504242766,"srmspe"
2019-09-06,109,13.4911593468915,741,0.112232933832062,"srmspe"
2019-09-06,112,13.4909252608415,699,0.10587683849891,"srmspe"
2019-09-06,122,13.4901449740083,695,0.105297411254465,"srmspe"
2019-09-06,103,13.4916275189915,1137,0.172244362531527,"srmspe"
2019-09-06,302,13.4760998110098,1453,0.220171096846744,"srmspe"
2019-09-06,141,13.4886624290251,2449,0.370931544178275,"srmspe"
2019-09-06,138,13.4888965150751,1366,0.206904173928023,"srmspe"
2019-09-06,212,13.483122392509,2303,0.348836125770726,"srmspe"
2019-09-06,230,13.4817178762092,1198,0.181533784395242,"srmspe"
2019-09-06,130,13.4895207445417,1951,0.295499506823875,"srmspe"
2019-09-06,118,13.4904570887416,488,0.0739066463240159,"srmspe"
2019-09-06,591,13.4535495215289,4434,0.671498575071952,"srmspe"
2019-09-06,128,13.4896768019083,939,0.142231899987637,"srmspe"
2019-09-06,113,13.4908472321582,429,0.0650360568035592,"srmspe"
2019-09-06,164,13.4868677693086,1032,0.156318612142414,"srmspe"
2019-09-06,393,13.4689992008272,2923,0.442811422110411,"srmspe"
2019-09-06,75,13.4938123221246,383,0.0580204207975691,"srmspe"
2019-09-06,164,13.4868677693086,2720,0.411927720060583,"srmspe"
2019-09-06,428,13.4662681969108,2737,0.414567403537912,"srmspe"
2019-09-06,489,13.461508447228,2424,0.367222939124531,"srmspe"
2019-09-06,180,13.4856193103754,813,0.123149703159604,"srmspe"
2019-09-06,167,13.4866336832587,1491,0.22585028754635,"srmspe"
2019-09-06,861,13.4324817770311,3769,0.570858079192965,"srmspe"
2019-09-06,148,13.4881162282418,2227,0.337321349668379,"srmspe"
2019-09-06,208,13.4834345072423,1308,0.198126085315895,"srmspe"
2019-09-06,191,13.4847609948589,689,0.10436454452969,"srmspe"
2019-09-06,191,13.4847609948589,1405,0.212780584570678,"srmspe"
2019-09-06,180,13.4856193103754,765,0.115874063122937,"srmspe"
2019-09-06,123,13.490066945325,1528,0.231447422981501,"srmspe"
2019-09-06,159,13.4872579127253,856,0.129676028348516,"srmspe"
2019-09-06,224,13.4821860483091,845,0.127996520783563,"srmspe"
2019-09-06,361,13.4714961186936,895,0.135580121269732,"srmspe"
2019-09-06,180,13.4856193103754,1249,0.189215711479974,"srmspe"
2019-09-06,366,13.471105975277,683,0.103485884977505,"srmspe"
2019-09-06,68,13.4943585229078,1109,0.16799247135095,"srmspe"
2019-09-06,455,13.4641614224611,2052,0.310872941890063,"srmspe"
2019-09-06,131,13.4894427158584,2705,0.409688103914195,"srmspe"
2019-09-06,213,13.4830443638257,1787,0.270755124108097,"srmspe"
2019-09-06,138,13.4888965150751,1235,0.18709610009341,"srmspe"
2019-09-06,210,13.4832784498757,1396,0.211446219266979,"srmspe"
2019-09-06,215,13.4828883064591,1388,0.210262488200613,"srmspe"
2019-09-06,85,13.4930320352913,712,0.107844163191828,"srmspe"
2019-09-06,914,13.4283462568149,2605,0.394568187994264,"srmspe"
2019-09-06,787,13.4382558995972,2450,0.371168604793419,"srmspe"
2019-09-06,80,13.4934221787079,518,0.0784598390971391,"srmspe"
2019-09-06,29,13.4974016415575,399,0.0604437000139415,"srmspe"
2019-09-06,96,13.4921737197747,1905,0.288548155294262,"srmspe"
2019-09-06,399,13.4685310287273,1123,0.170212416433343,"srmspe"
2019-09-06,648,13.4491018865793,6665,1.00935580973503,"srmspe"
2019-09-06,23,13.4978698136575,229,0.0347010801346622,"srmspe"
2019-09-06,153,13.4877260848252,2368,0.35865134021246,"srmspe"
2019-09-06,90,13.4926418918747,561,0.0849850877194372,"srmspe"
2019-09-06,56,13.4952948671077,898,0.136019888553806,"srmspe"
2019-09-06,192,13.4846829661755,1126,0.170652603865578,"srmspe"
2019-09-06,111,13.4910032895249,474,0.0718082162990584,"srmspe"
2019-09-06,71,13.4941244368579,1045,0.15828066404896,"srmspe"
2019-09-06,210,13.4832784498757,2273,0.344287371706789,"srmspe"
2019-09-06,69,13.4942804942245,1122,0.169951159916861,"srmspe"
2019-09-06,94,13.4923297771414,1021,0.154655935254859,"srmspe"
2019-09-06,115,13.4906911747916,598,0.0905907372344656,"srmspe"
2019-09-06,287,13.4772702412597,1028,0.155717198147227,"srmspe"
2019-09-06,223,13.4822640769925,2055,0.311277846603356,"srmspe"
2019-09-06,399,13.4685310287273,2411,0.365183865356703,"srmspe"
2019-09-06,269,13.4786747575595,1450,0.219673878922203,"srmspe"
2019-09-06,93,13.4924078058247,521,0.0789470338895727,"srmspe"
2019-09-06,573,13.4549540378287,1992,0.301718592150458,"srmspe"
2019-09-06,469,13.4630690208945,1448,0.219365594587822,"srmspe"
2019-09-06,87,13.4928759779247,1195,0.181033634850838,"srmspe"
2019-09-07,92,12.0816492113088,1028,0.181585991844287,"srmspe"
2019-09-07,0,12.0888278501747,1704,0.301151735985318,"srmspe"
2019-09-07,184,12.0744705724429,928,0.163918259779882,"srmspe"
2019-09-07,185,12.0743925437596,1099,0.194142085422383,"srmspe"
2019-09-07,188,12.0741584577096,957,0.169019836385557,"srmspe"
2019-09-07,94,12.0814931539422,856,0.151164878645808,"srmspe"
2019-09-07,83,12.0823514694587,568,0.100332657099992,"srmspe"
2019-09-07,113,12.080010608959,1235,0.218158010675678,"srmspe"
2019-09-07,76,12.082897670242,630,0.111267916884108,"srmspe"
2019-09-07,128,12.0788401787091,488,0.0862004846194493,"srmspe"
2019-09-07,117,12.0796984942257,641,0.113226885736934,"srmspe"
2019-09-07,73,12.083131756292,995,0.175742743946344,"srmspe"
2019-09-07,99,12.0811030105255,498,0.087965060817874,"srmspe"
2019-09-07,50,12.0849264160085,579,0.102285678287461,"srmspe"
2019-09-07,106,12.0805568097423,873,0.154216638028571,"srmspe"
2019-09-07,177,12.0750167732262,745,0.131616826874235,"srmspe"
2019-09-07,193,12.073768314293,2955,0.521930682600319,"srmspe"
2019-09-07,62,12.0839900718086,2616,0.462158512247544,"srmspe"
2019-09-07,727,12.0321009973975,4911,0.867432379400142,"srmspe"
2019-09-07,185,12.0743925437596,2287,0.40400886602732,"srmspe"
2019-09-07,428,12.0554315737116,1953,0.3450422856792,"srmspe"
2019-09-07,121,12.0793863794924,649,0.114648173548501,"srmspe"
2019-09-07,204,12.0729099987764,2188,0.386518355894048,"srmspe"
2019-09-07,138,12.0780598918759,768,0.135706041146359,"srmspe"
2019-09-07,483,12.0511399961288,3731,0.658956137286982,"srmspe"
2019-09-07,106,12.0805568097423,1844,0.325753197320103,"srmspe"
2019-09-07,60,12.0841461291752,1303,0.230201351581916,"srmspe"
2019-09-07,66,12.0836779570753,679,0.119915150139105,"srmspe"
2019-09-07,79,12.082663584192,555,0.0980435757525687,"srmspe"
2019-09-07,122,12.0793083508091,466,0.0823379961063425,"srmspe"
2019-09-07,202,12.0730660561431,1030,0.181934480613793,"srmspe"
2019-09-07,115,12.0798545515923,658,0.116215845415261,"srmspe"
2019-09-07,126,12.0789962360758,701,0.123831223519844,"srmspe"
2019-09-07,112,12.0800886376423,1128,0.199228847423814,"srmspe"
2019-09-07,274,12.0674479909437,1346,0.237735079222078,"srmspe"
2019-09-07,75,12.0829756989253,562,0.0992768707864629,"srmspe"
2019-09-07,109,12.0803227236923,374,0.0661211550946017,"srmspe"
2019-09-07,297,12.0656533312272,2469,0.436137673904839,"srmspe"
2019-09-07,68,12.0835218997086,1169,0.206562737961396,"srmspe"
2019-09-07,479,12.051452110862,2572,0.454302945551319,"srmspe"
2019-09-07,110,12.080244695009,461,0.0814177728612508,"srmspe"
2019-09-07,1041,12.0075999908334,7910,1.39716168280491,"srmspe"
2019-09-07,101,12.0809469531589,631,0.111490799220409,"srmspe"
2019-09-07,99,12.0811030105255,983,0.173644785029317,"srmspe"
2019-09-07,83,12.0823514694587,284,0.0501756860575421,"srmspe"
2019-09-07,28,12.0866430470416,463,0.0817822696047586,"srmspe"
2019-09-07,56,12.0844582439085,494,0.0872541381408641,"srmspe"
2019-09-07,66,12.0836779570753,520,0.0918989117512521,"srmspe"
2019-09-07,140,12.0779038345092,1654,0.292141868368311,"srmspe"
2019-09-07,169,12.0756410026928,2043,0.360814145891179,"srmspe"
2019-09-07,553,12.045677988296,2029,0.358307691372899,"srmspe"
2019-09-07,263,12.0683063064602,2005,0.354108512830546,"srmspe"
2019-09-07,269,12.0678381343603,2207,0.389886449436099,"srmspe"
2019-09-07,35,12.0860968462583,806,0.14236852770203,"srmspe"
2019-09-07,87,12.0820393547254,206,0.0364051342325843,"srmspe"
2019-09-07,74,12.0830537276087,362,0.0639559673880909,"srmspe"
2019-09-07,56,12.0844582439085,206,0.0364212500650413,"srmspe"
2019-09-07,103,12.0807908957922,989,0.174695919890289,"srmspe"
2019-09-07,212,12.0722857693098,969,0.171169773139077,"srmspe"
2019-09-07,107,12.0804787810589,1082,0.191123775999786,"srmspe"
2019-09-07,43,12.0854726167917,842,0.148723817231307,"srmspe"
2019-09-07,63,12.0839120431252,665,0.117449704598545,"srmspe"
2019-09-07,167,12.0757970600594,594,0.104902192635956,"srmspe"
2019-09-07,125,12.0790742647591,723,0.127683795355364,"srmspe"
2019-09-07,275,12.0673699622603,2483,0.438639409589483,"srmspe"
2019-09-07,222,12.0715054824766,960,0.169603571746251,"srmspe"
2019-09-07,285,12.0665896754271,2096,0.370148548224407,"srmspe"
2019-09-07,10,12.0880475633415,819,0.144658697510354,"srmspe"
2019-09-07,215,12.0720516832598,1468,0.259352537576351,"srmspe"
2019-09-07,146,12.0774356624093,2028,0.358250808965013,"srmspe"
2019-09-07,35,12.0860968462583,1915,0.338321597248152,"srmspe"
2019-09-07,327,12.0633124707274,2181,0.385215366386707,"srmspe"
2019-09-07,340,12.0622980978442,854,0.150897246617722,"srmspe"
2019-09-07,177,12.0750167732262,966,0.170683901354877,"srmspe"
2019-09-07,231,12.0708032243266,1809,0.319550023462905,"srmspe"
2019-09-07,117,12.0796984942257,1450,0.256126885488157,"srmspe"
2019-09-07,234,12.0705691382767,1782,0.314785148533085,"srmspe"
2019-09-07,112,12.0800886376423,1191,0.210411324654799,"srmspe"
2019-09-07,63,12.0839120431252,872,0.15402515293816,"srmspe"
2019-09-07,80,12.0825855555087,836,0.147662182355654,"srmspe"
2019-09-07,154,12.0768114329427,885,0.156322332105672,"srmspe"
2019-09-07,105,12.0806348384256,617,0.10897496200435,"srmspe"
2019-09-07,57,12.0843802152252,396,0.0699537539094685,"srmspe"
2019-09-07,57,12.0843802152252,490,0.0865520244346955,"srmspe"
2019-09-07,309,12.0647169870273,1059,0.187032761068148,"srmspe"
2019-09-07,97,12.0812590678922,563,0.0994295760500754,"srmspe"
2019-09-07,71,12.0832878136586,942,0.166401369144099,"srmspe"
2019-09-07,119,12.079542436859,1045,0.184571156652364,"srmspe"
2019-09-07,52,12.0847703586418,190,0.0335913789136774,"srmspe"
2019-09-07,104,12.0807128671089,623,0.11005123011172,"srmspe"
2019-09-07,137,12.0781379205592,461,0.0814584294008327,"srmspe"
2019-09-07,65,12.0837559857586,476,0.0840792234952103,"srmspe"
2019-09-07,36,12.086018817575,362,0.0639638521974035,"srmspe"
2019-09-07,57,12.0843802152252,333,0.0588158441654474,"srmspe"
2019-09-07,107,12.0804787810589,691,0.122070943365193,"srmspe"
2019-09-07,45,12.0853165594251,1040,0.183695016451902,"srmspe"
2019-09-07,106,12.0805568097423,479,0.084620024667221,"srmspe"
2019-09-07,107,12.0804787810589,592,0.104575985997237,"srmspe"
2019-09-07,116,12.079776522909,1645,0.290503339792908,"srmspe"
2019-09-07,65,12.0837559857586,310,0.0547688918603184,"srmspe"
2019-09-07,57,12.0843802152252,530,0.0936129247337694,"srmspe"
2019-09-07,186,12.0743145150763,603,0.106520598816321,"srmspe"
2019-09-07,56,12.0844582439085,488,0.0861827042087106,"srmspe"
2019-09-07,98,12.0811810392089,332,0.058647830207582,"srmspe"
2019-09-07,64,12.0838340144419,421,0.0743633300560333,"srmspe"
2019-09-07,44,12.0853945881084,330,0.0582878964566033,"srmspe"
2019-09-07,100,12.0810249818422,171,0.0302123206281076,"srmspe"
2019-09-07,58,12.0843021865419,467,0.0824880176819824,"srmspe"
2019-09-07,49,12.0850044446918,531,0.0937886665795685,"srmspe"
2019-09-07,211,12.0723637979931,276,0.0487795805799339,"srmspe"
2019-09-07,37,12.0859407888917,558,0.0985548749339722,"srmspe"
2019-09-07,238,12.0702570235434,1410,0.249048454499562,"srmspe"
2019-09-07,249,12.0693987080268,2082,0.367715125394571,"srmspe"
2019-09-07,541,12.0466143324959,1977,0.349144716661604,"srmspe"
2019-09-07,338,12.0624541552109,1700,0.300234669800072,"srmspe"
2019-09-07,263,12.0683063064602,2659,0.469567940332758,"srmspe"
2019-09-07,535,12.0470825045958,1851,0.326892642482841,"srmspe"
2019-09-07,81,12.0825075268254,420,0.0742121556460515,"srmspe"
2019-09-07,31,12.0864089609916,523,0.0923693663399645,"srmspe"
2019-09-07,65,12.0837559857586,482,0.0851476362990685,"srmspe"
2019-09-07,70,12.083365842342,398,0.0703038100330275,"srmspe"
2019-09-07,48,12.0850824733751,335,0.0591787740726022,"srmspe"
2019-09-07,42,12.0855506454751,630,0.111262948810948,"srmspe"
2019-09-07,113,12.080010608959,480,0.0847890921844773,"srmspe"
2019-09-07,101,12.0809469531589,369,0.0651757231284062,"srmspe"
2019-09-07,43,12.0854726167917,451,0.079652125648741,"srmspe"
2019-09-07,278,12.0671358762104,961,0.169757819369069,"srmspe"
2019-09-07,198,12.0733781708764,910,0.160764071634855,"srmspe"
2019-09-07,55,12.0845362725918,1461,0.258063454167488,"srmspe"
2019-09-07,32,12.0863309323083,310,0.0547866888802552,"srmspe"
2019-09-07,161,12.0762652321594,2171,0.38344755541879,"srmspe"
2019-09-07,133,12.0784500352925,1100,0.194304428324069,"srmspe"
2019-09-07,198,12.0733781708764,1436,0.253621095037311,"srmspe"
2019-09-07,175,12.0751728305928,619,0.109364803140239,"srmspe"
2019-09-07,72,12.0832097849753,550,0.0971662195357851,"srmspe"
2019-09-07,72,12.0832097849753,563,0.0994605976109963,"srmspe"
2019-09-07,110,12.080244695009,3266,0.576894401635025,"srmspe"
2019-09-07,138,12.0780598918759,1042,0.184080040383164,"srmspe"
2019-09-07,659,12.0374069478636,2562,0.452525433392523,"srmspe"
2019-09-07,88,12.0819613260421,2204,0.389320509244222,"srmspe"
2019-09-07,151,12.0770455189926,1332,0.235287366884096,"srmspe"
2019-09-07,172,12.0754069166428,1267,0.223824061993132,"srmspe"
2019-09-07,459,12.0530126845286,4693,0.828996998896064,"srmspe"
2019-09-07,336,12.0626102125775,1365,0.24114290946275,"srmspe"
2019-09-07,295,12.0658093885938,4716,0.833041494870732,"srmspe"
2019-09-07,87,12.0820393547254,502,0.0886785103544837,"srmspe"
2019-09-07,127,12.0789182073924,477,0.0842510112287204,"srmspe"
2019-09-07,130,12.0786841213425,1077,0.190254430248926,"srmspe"
2019-09-07,405,12.0572262334281,2894,0.511115306923679,"srmspe"
2019-09-07,216,12.0719736545765,2380,0.420285986304498,"srmspe"
2019-09-07,188,12.0741584577096,1070,0.188986463025862,"srmspe"
2019-09-07,73,12.083131756292,966,0.170649269080144,"srmspe"
2019-09-07,77,12.0828196415587,735,0.12981003141951,"srmspe"
2019-09-07,51,12.0848483873251,363,0.0641186111131994,"srmspe"
2019-09-07,49,12.0850044446918,957,0.169014227311799,"srmspe"
2019-09-07,97,12.0812590678922,756,0.133531476605945,"srmspe"
2019-09-07,62,12.0839900718086,603,0.106549601005561,"srmspe"
2019-09-07,88,12.0819613260421,540,0.0954296832535886,"srmspe"
2019-09-07,96,12.0813370965755,1083,0.191287858672462,"srmspe"
2019-09-07,375,12.0595670939278,3126,0.552157156799873,"srmspe"
2019-09-07,69,12.0834438710253,1029,0.181887787135295,"srmspe"
2019-09-07,368,12.0601132947111,3023,0.533963370491125,"srmspe"
2019-09-07,169,12.0756410026928,1248,0.220430330526126,"srmspe"
2019-09-07,268,12.0679161630436,1746,0.308345130073549,"srmspe"
2019-09-07,98,12.0811810392089,759,0.134050725791633,"srmspe"
2019-09-07,148,12.0772796050426,805,0.142195238741017,"srmspe"
2019-09-07,175,12.0751728305928,1368,0.241623283599327,"srmspe"
2019-09-07,371,12.0598792086611,4756,0.840147816153634,"srmspe"
2019-09-07,502,12.0496574511456,2848,0.503082887494882,"srmspe"
2019-09-07,175,12.0751728305928,3280,0.579482757036229,"srmspe"
2019-09-07,473,12.051920282962,2552,0.450769691240219,"srmspe"
2019-09-07,340,12.0622980978442,1743,0.307870847812289,"srmspe"
2019-09-07,257,12.0687744785602,3817,0.674291213175837,"srmspe"
2019-09-07,49,12.0850044446918,1040,0.183809041661335,"srmspe"
2019-09-07,96,12.0813370965755,664,0.117390390765415,"srmspe"
2019-09-07,0,12.0888278501747,744,0.131508825669483,"srmspe"
2019-09-07,323,12.0636245854607,991,0.175035224743513,"srmspe"
2019-09-07,317,12.0640927575607,528,0.0933363583055,"srmspe"
2019-09-07,306,12.0649510730773,4233,0.747900071757085,"srmspe"
2019-09-07,238,12.0702570235434,835,0.147496651030983,"srmspe"
2019-09-07,105,12.0806348384256,4998,0.882790078090617,"srmspe"
2019-09-07,183,12.0745486011262,561,0.0990725781975031,"srmspe"
2019-09-07,96,12.0813370965755,885,0.156310196750814,"srmspe"
2019-09-07,2169,11.9195836360428,10662,1.88317257148154,"srmspe"
2019-09-07,235,12.0704911095933,1534,0.271011169549971,"srmspe"
2019-09-07,94,12.0814931539422,1035,0.182789764646225,"srmspe"
2019-09-07,137,12.0781379205592,1339,0.236465268108197,"srmspe"
2019-09-07,96,12.0813370965755,705,0.124516588598565,"srmspe"
2019-09-07,163,12.0761091747927,3406,0.601544349799196,"srmspe"
2019-09-07,209,12.0725198553598,1230,0.217276516789803,"srmspe"
2019-09-07,347,12.0617518970609,312,0.055121570144152,"srmspe"
2019-09-07,19,12.0873453051915,543,0.0959246981369297,"srmspe"
2019-09-07,374,12.0596451226112,2428,0.429069304272163,"srmspe"
2019-09-07,282,12.0668237614771,1121,0.198084031178641,"srmspe"
2019-09-07,137,12.0781379205592,1248,0.220518203285587,"srmspe"
2019-09-07,551,12.0458340456626,5086,0.89840546726909,"srmspe"
2019-09-07,2435,11.8988280062784,4142,0.731601703516104,"srmspe"
2019-09-07,147,12.0773576337259,800,0.141302289883697,"srmspe"
2019-09-07,96,12.0813370965755,1922,0.339420073288772,"srmspe"
2019-09-07,101,12.0809469531589,1205,0.21283559740203,"srmspe"
2019-09-07,129,12.0787621500258,482,0.0852003804025735,"srmspe"
2019-09-07,173,12.0753288879595,1816,0.320807482696621,"srmspe"
2019-09-07,279,12.067057847527,2103,0.371389583407504,"srmspe"
2019-09-07,234,12.0705691382767,1628,0.287499025078159,"srmspe"
2019-09-07,71,12.0832878136586,528,0.093255819584956,"srmspe"
2019-09-07,21,12.0871892478249,483,0.0853174857036538,"srmspe"
2019-09-07,116,12.079776522909,1000,0.176680761168325,"srmspe"
2019-09-07,268,12.0679161630436,1335,0.235889815536101,"srmspe"
2019-09-07,279,12.067057847527,869,0.153518479241774,"srmspe"
2019-09-07,132,12.0785280639758,343,0.0605882864872869,"srmspe"
2019-09-07,38,12.0858627602084,634,0.111974562547498,"srmspe"
2019-09-07,586,12.0431030417463,2688,0.474741678689615,"srmspe"
2019-09-07,146,12.0774356624093,1216,0.214744468681205,"srmspe"
2019-09-07,19,12.0873453051915,262,0.046294023527861,"srmspe"
2019-09-07,39,12.085784731525,248,0.0438105898140004,"srmspe"
2019-09-07,413,12.0566020039615,2349,0.414897257931439,"srmspe"
2019-09-07,308,12.0647950157106,1841,0.325165391004867,"srmspe"
2019-09-07,212,12.0722857693098,5705,1.00745231643198,"srmspe"
2019-09-07,64,12.0838340144419,714,0.126131309494623,"srmspe"
2019-09-07,152,12.0769674903093,805,0.142189943618863,"srmspe"
2019-09-07,194,12.0736902856097,859,0.151729035810545,"srmspe"
2019-09-07,76,12.082897670242,799,0.141184168109757,"srmspe"
2019-09-07,67,12.0835999283919,1291,0.228040820888099,"srmspe"
2019-09-07,12,12.0878915059748,3217,0.568379670880302,"srmspe"
2019-09-07,98,12.0811810392089,1597,0.282076755110904,"srmspe"
2019-09-07,58,12.0843021865419,235,0.0415718679944724,"srmspe"
2019-09-07,584,12.0432590991129,1993,0.351941685070632,"srmspe"
2019-09-07,187,12.0742364863929,642,0.113423048898212,"srmspe"
2019-09-07,55,12.0845362725918,591,0.104365863712689,"srmspe"
2019-09-07,160,12.0763432608427,1249,0.220629339541772,"srmspe"
2019-09-07,457,12.0531687418952,2063,0.364382995333736,"srmspe"
2019-09-07,100,12.0810249818422,818,0.144503983501623,"srmspe"
2019-09-07,161,12.0762652321594,1071,0.18916501558356,"srmspe"
2019-09-07,91,12.0817272399921,5309,0.937572989484662,"srmspe"
2019-09-07,37,12.0859407888917,533,0.0941816550674792,"srmspe"
2019-09-07,66,12.0836779570753,910,0.160787326063079,"srmspe"
2019-09-07,419,12.0561338318615,2754,0.486429777800644,"srmspe"
2019-09-07,149,12.0772015763593,1809,0.319621182306687,"srmspe"
2019-09-07,155,12.0767334042593,662,0.116967193278893,"srmspe"
2019-09-07,88,12.0819613260421,692,0.122272450782257,"srmspe"
2019-09-07,103,12.0807908957922,637,0.112555253323014,"srmspe"
2019-09-07,247,12.0695547653934,1363,0.240791461610063,"srmspe"
2019-09-07,142,12.0777477771426,361,0.0637579226910847,"srmspe"
2019-09-07,34,12.0861748749417,550,0.0971460777069969,"srmspe"
2019-09-07,40,12.0857067028417,515,0.090961326443517,"srmspe"
2019-09-07,902,12.0184459778156,2541,0.448833919366324,"srmspe"
2019-09-07,244,12.0697888514434,2119,0.374324999202597,"srmspe"
2019-09-07,62,12.0839900718086,954,0.168517172536002,"srmspe"
2019-09-07,167,12.0757970600594,1141,0.201577643353746,"srmspe"
2019-09-07,146,12.0774356624093,744,0.131444813036017,"srmspe"
2019-09-07,73,12.083131756292,508,0.0897589540871477,"srmspe"
2019-09-07,56,12.0844582439085,524,0.0925558952401723,"srmspe"
2019-09-07,107,12.0804787810589,441,0.0778956790940219,"srmspe"
2019-09-07,87,12.0820393547254,1310,0.231442028399113,"srmspe"
2019-09-07,93,12.0815711826255,881,0.15563232995907,"srmspe"
2019-09-07,511,12.0489551929956,2173,0.383812473007203,"srmspe"
2019-09-07,518,12.0484089922124,3153,0.55677516458844,"srmspe"
2019-09-07,326,12.0633904994108,3227,0.569840990347369,"srmspe"
2019-09-07,97,12.0812590678922,767,0.135503347306956,"srmspe"
2019-09-07,167,12.0757970600594,911,0.160904783802775,"srmspe"
2019-09-07,197,12.0734561995597,1070,0.189001044358265,"srmspe"
2019-09-07,259,12.0686184211935,1144,0.202069935994969,"srmspe"
2019-09-07,198,12.0733781708764,1043,0.184284725174325,"srmspe"
2019-09-07,206,12.0727539414098,2268,0.400734024861499,"srmspe"
2019-09-07,339,12.0623761265275,1234,0.217956066326563,"srmspe"
2019-09-07,125,12.0790742647591,612,0.108119408934248,"srmspe"
2019-09-07,145,12.0775136910926,1793,0.316656632473084,"srmspe"
2019-09-07,186,12.0743145150763,853,0.150639879937942,"srmspe"
2019-09-07,198,12.0733781708764,1299,0.229420940551913,"srmspe"
2019-09-07,235,12.0704911095933,455,0.0803706219618898,"srmspe"
2019-09-07,64,12.0838340144419,1005,0.177475326163996,"srmspe"
2019-09-07,96,12.0813370965755,952,0.16811192600153,"srmspe"
2019-09-07,193,12.073768314293,814,0.143776505820787,"srmspe"
2019-09-07,118,12.0796204655424,711,0.125616247690382,"srmspe"
2019-09-07,205,12.0728319700931,1406,0.248263712060284,"srmspe"
2019-09-07,391,12.0583186349946,1326,0.234132791865659,"srmspe"
2019-09-07,198,12.0733781708764,1409,0.248800787411839,"srmspe"
2019-09-07,161,12.0762652321594,977,0.172664587254795,"srmspe"
2019-09-07,438,12.0546512868784,1088,0.192123640661656,"srmspe"
2019-09-07,0,12.0888278501747,1939,0.342541128383297,"srmspe"
2019-09-07,253,12.0690865932935,931,0.164492508903677,"srmspe"
2019-09-07,131,12.0786060926591,1123,0.198388316519044,"srmspe"
2019-09-07,224,12.0713494251099,1665,0.294093644299555,"srmspe"
2019-09-07,501,12.0497354798289,1333,0.235446065644669,"srmspe"
2019-09-07,145,12.0775136910926,1031,0.182100857380687,"srmspe"
2019-09-07,71,12.0832878136586,706,0.1246947080436,"srmspe"
2019-09-07,157,12.0765773468927,1176,0.207711535510897,"srmspe"
2019-09-07,233,12.07064716696,1073,0.189555244523933,"srmspe"
2019-09-07,137,12.0781379205592,2209,0.390175185255273,"srmspe"
2019-09-07,179,12.0748607158595,1931,0.34100936475064,"srmspe"
2019-09-07,369,12.0600352660278,1943,0.343239372150894,"srmspe"
2019-09-07,306,12.0649510730773,1487,0.262695365474933,"srmspe"
2019-09-07,189,12.0740804290263,4558,0.805049997346283,"srmspe"
2019-09-07,191,12.0739243716596,1402,0.247728456809841,"srmspe"
2019-09-07,155,12.0767334042593,1593,0.281326542125674,"srmspe"
2019-09-07,127,12.0789182073924,1037,0.183188074194956,"srmspe"
2019-09-07,169,12.0756410026928,291,0.0514289056887711,"srmspe"
2019-09-07,134,12.0783720066092,465,0.0821411779508498,"srmspe"
2019-09-07,130,12.0786841213425,853,0.150700165032842,"srmspe"
2019-09-07,277,12.0672139048937,2464,0.435250544814453,"srmspe"
2019-09-07,99,12.0811030105255,1660,0.293316997928839,"srmspe"
2019-09-07,279,12.067057847527,1019,0.179982598045767,"srmspe"
2019-09-07,321,12.0637806428274,4384,0.774464622368866,"srmspe"
2019-09-07,91,12.0817272399921,2142,0.378437858561234,"srmspe"
2019-09-07,241,12.0700229374934,841,0.148652636287666,"srmspe"
2019-09-07,158,12.0764993182094,2093,0.369793941604857,"srmspe"
2019-09-07,172,12.0754069166428,1394,0.246241201370125,"srmspe"
2019-09-07,58,12.0843021865419,327,0.0577749405529443,"srmspe"
2019-09-07,233,12.07064716696,2531,0.44711370469869,"srmspe"
2019-09-07,425,12.0556656597616,1293,0.228386678970393,"srmspe"
2019-09-07,629,12.0397478083633,2845,0.50260292248833,"srmspe"
2019-09-07,246,12.0696327940768,1268,0.224115344900158,"srmspe"
2019-09-07,240,12.0701009661767,1376,0.243044453720269,"srmspe"
2019-09-07,536,12.0470044759125,1498,0.26468434127658,"srmspe"
2019-09-07,159,12.076421289526,1222,0.215863614007462,"srmspe"
2019-09-07,281,12.0669017901604,3427,0.605289645060232,"srmspe"
2019-09-07,183,12.0745486011262,670,0.118360666058073,"srmspe"
2019-09-07,147,12.0773576337259,671,0.11850892495543,"srmspe"
2019-09-07,411,12.0567580613281,3131,0.552988363092162,"srmspe"
2019-09-07,208,12.0725978840431,1346,0.237724364264255,"srmspe"
2019-09-07,289,12.0662775606938,593,0.10484370095827,"srmspe"
2019-09-07,9,12.0881255920248,1224,0.216275843824848,"srmspe"
2019-09-07,122,12.0793083508091,960,0.169530197521473,"srmspe"
2019-09-07,140,12.0779038345092,473,0.0836007991062226,"srmspe"
2019-09-07,112,12.0800886376423,480,0.0847951098646848,"srmspe"
2019-09-07,248,12.0694767367101,497,0.0877861344406482,"srmspe"
2019-09-07,72,12.0832097849753,734,0.129627801298024,"srmspe"
2019-09-07,77,12.0828196415587,591,0.104391062471983,"srmspe"
2019-09-07,138,12.0780598918759,1792,0.316503426829817,"srmspe"
2019-09-07,150,12.077123547676,2188,0.386413231827196,"srmspe"
2019-09-07,159,12.076421289526,2029,0.358379614009601,"srmspe"
2019-09-07,366,12.0602693520778,1911,0.337516801255162,"srmspe"
2019-09-07,34,12.0861748749417,520,0.0918517011200253,"srmspe"
2019-09-07,116,12.079776522909,627,0.110744891405396,"srmspe"
2019-09-07,89,12.0818832973588,840,0.148357772475638,"srmspe"
2019-09-07,164,12.0760311461094,976,0.172363130152517,"srmspe"
2019-09-07,95,12.0814151252588,384,0.0678317541882678,"srmspe"
2019-09-07,48,12.0850824733751,355,0.0627325196565963,"srmspe"
2019-09-07,867,12.021176981732,6460,1.1408768464132,"srmspe"
2019-09-07,219,12.0717395685265,1881,0.332197352589922,"srmspe"
2019-09-07,78,12.0827416128754,428,0.0756083805465593,"srmspe"
2019-09-07,95,12.0814151252588,854,0.150836587546118,"srmspe"
2019-09-07,141,12.0778258058259,1084,0.191436815152586,"srmspe"
2019-09-07,93,12.0815711826255,919,0.162355915570512,"srmspe"
2019-09-07,83,12.0823514694587,754,0.133168323802998,"srmspe"
2019-09-07,103,12.0807908957922,821,0.145035800753274,"srmspe"
2019-09-07,111,12.0801666663256,820,0.14483256270559,"srmspe"
2019-09-07,58,12.0843021865419,1864,0.329334717308825,"srmspe"
2019-09-07,224,12.0713494251099,3685,0.65081675781379,"srmspe"
2019-09-07,244,12.0697888514434,2134,0.376920333696046,"srmspe"
2019-09-07,533,12.0472385619625,1645,0.290542090569456,"srmspe"
2019-09-07,37,12.0859407888917,664,0.117346625375163,"srmspe"
2019-09-07,483,12.0511399961288,2291,0.404594686967817,"srmspe"
2019-09-07,140,12.0779038345092,498,0.0879526229232711,"srmspe"
2019-09-07,88,12.0819613260421,809,0.142891174318783,"srmspe"
2019-09-07,236,12.07041308091,608,0.107386404867695,"srmspe"
2019-09-07,61,12.0840681004919,917,0.161942037838113,"srmspe"
2019-09-07,86,12.0821173834088,721,0.127336668095227,"srmspe"
2019-09-07,99,12.0811030105255,556,0.0982211270227977,"srmspe"
2019-09-07,56,12.0844582439085,732,0.12930128570744,"srmspe"
2019-09-07,91,12.0817272399921,385,0.0680300126734102,"srmspe"
2019-09-07,185,12.0743925437596,757,0.133704160739988,"srmspe"
2019-09-07,270,12.067760105677,4528,0.799677927507794,"srmspe"
2019-09-07,181,12.0747046584929,1929,0.340921093617688,"srmspe"
2019-09-07,221,12.0715835111599,2115,0.373592627955683,"srmspe"
2019-09-07,2620,11.8843926998632,6124,1.08169076017426,"srmspe"
2019-09-07,687,12.0352221447305,3025,0.534445414766701,"srmspe"
2019-09-07,291,12.0661215033271,895,0.158097075201095,"srmspe"
2019-09-07,124,12.0791522934424,484,0.0855278694927782,"srmspe"
2019-09-07,116,12.079776522909,687,0.121348610865796,"srmspe"
2019-09-07,183,12.0745486011262,910,0.16088889329021,"srmspe"
2019-09-07,78,12.0827416128754,862,0.152286399228372,"srmspe"
2019-09-07,76,12.082897670242,646,0.114157102945374,"srmspe"
2019-09-07,53,12.0846923299585,1616,0.285498859506683,"srmspe"
2019-09-07,173,12.0753288879595,2195,0.38771028846128,"srmspe"
2019-09-07,118,12.0796204655424,810,0.143062693308592,"srmspe"
2019-09-07,144,12.0775917197759,609,0.10760621657692,"srmspe"
2019-09-07,1553,11.967649304971,13454,2.37584201259124,"srmspe"
2019-09-07,230,12.07088125301,2748,0.485577299017103,"srmspe"
2019-09-07,65,12.0837559857586,934,0.16497686286618,"srmspe"
2019-09-07,396,12.057928491578,2311,0.408098015680943,"srmspe"
2019-09-07,48,12.0850824733751,1336,0.235965825752855,"srmspe"
2019-09-07,394,12.0580845489447,1894,0.334494564713755,"srmspe"
2019-09-07,281,12.0669017901604,1772,0.313036297765592,"srmspe"
2019-09-07,125,12.0790742647591,1572,0.27766994811043,"srmspe"
2019-09-07,445,12.0541050860951,2168,0.382870760177939,"srmspe"
2019-09-07,1403,11.9793536074698,5163,0.912001841024819,"srmspe"
2019-09-07,1376,11.9814603819195,6436,1.13659516239641,"srmspe"
2019-09-07,321,12.0637806428274,48,0.00850630160899113,"srmspe"
2019-09-07,30,12.086486989675,829,0.146445043316086,"srmspe"
2019-09-07,89,12.0818832973588,422,0.0745700691837578,"srmspe"
2019-09-07,62,12.0839900718086,644,0.113753958840368,"srmspe"
2019-09-07,151,12.0770455189926,614,0.108474583603221,"srmspe"
2019-09-07,337,12.0625321838942,4065,0.717905101438045,"srmspe"
2019-09-07,397,12.0578504628947,1762,0.311282989549922,"srmspe"
2019-09-07,116,12.079776522909,1844,0.325756903486699,"srmspe"
2019-09-07,137,12.0781379205592,679,0.119937158392225,"srmspe"
2019-09-07,224,12.0713494251099,850,0.150143007393706,"srmspe"
2019-09-07,113,12.080010608959,1095,0.193457742779972,"srmspe"
2019-09-07,255,12.0689305359268,3106,0.548577460316291,"srmspe"
2019-09-07,217,12.0718956258932,3307,0.584059962595351,"srmspe"
2019-09-07,694,12.0346759439472,4758,0.840363469340365,"srmspe"
2019-09-07,54,12.0846143012752,886,0.156558283435622,"srmspe"
2019-09-07,432,12.0551194589783,4291,0.758063194491302,"srmspe"
2019-09-07,108,12.0804007523756,1558,0.275186794327167,"srmspe"
2019-09-07,70,12.083365842342,806,0.142378362379026,"srmspe"
2019-09-07,108,12.0804007523756,978,0.172868020026649,"srmspe"
2019-09-07,102,12.0808689244756,1681,0.297025002134183,"srmspe"
2019-09-07,203,12.0729880274597,1323,0.233640987226986,"srmspe"
2019-09-07,155,12.0767334042593,1021,0.180326570951766,"srmspe"
2019-09-07,219,12.0717395685265,3980,0.702970350374302,"srmspe"
2019-09-07,165,12.0759531174261,371,0.0655401029450872,"srmspe"
2019-09-07,145,12.0775136910926,1037,0.18315812643977,"srmspe"
2019-09-07,82,12.0824294981421,917,0.161963359138488,"srmspe"
2019-09-07,40,12.0857067028417,940,0.16601193945041,"srmspe"
2019-09-07,256,12.0688525072435,1420,0.25078837385403,"srmspe"
2019-09-07,60,12.0841461291752,660,0.11661057349471,"srmspe"
2019-09-07,150,12.077123547676,899,0.158799182426625,"srmspe"
2019-09-07,77,12.0828196415587,796,0.140597011147811,"srmspe"
2019-09-07,1513,11.970770452304,5737,1.01333263014371,"srmspe"
2019-09-07,441,12.0544172008284,1136,0.200689521723956,"srmspe"
2019-09-07,276,12.067291933577,2636,0.465640546915324,"srmspe"
2019-09-07,217,12.0718956258932,1564,0.276241893143427,"srmspe"
2019-09-07,117,12.0796984942257,2210,0.39044369253776,"srmspe"
2019-09-07,62,12.0839900718086,543,0.0959310005215671,"srmspe"
2019-09-07,200,12.0732221135097,1726,0.304780123491721,"srmspe"
2019-09-07,167,12.0757970600594,1009,0.178294003145614,"srmspe"
2019-09-07,332,12.0629223273108,895,0.158091743391509,"srmspe"
2019-09-07,115,12.0798545515923,1372,0.242312833648504,"srmspe"
2019-09-07,128,12.0788401787091,1988,0.35114937358387,"srmspe"
2019-09-07,131,12.0786060926591,1170,0.206713073594741,"srmspe"
2019-09-07,60,12.0841461291752,555,0.09802063231729,"srmspe"
2019-09-07,460,12.0529346558452,2584,0.45648204560445,"srmspe"
2019-09-07,394,12.0580845489447,1233,0.21779940567411,"srmspe"
2019-09-07,342,12.0621420404776,1169,0.206516552105104,"srmspe"
2019-09-07,121,12.0793863794924,335,0.0592131525925678,"srmspe"
2019-09-07,84,12.0822734407754,1553,0.274272598097328,"srmspe"
2019-09-07,98,12.0811810392089,951,0.167975349349925,"srmspe"
2019-09-07,84,12.0822734407754,391,0.0690779365000657,"srmspe"
2019-09-07,93,12.0815711826255,594,0.104936800468875,"srmspe"
2019-09-07,124,12.0791522934424,964,0.170288645408802,"srmspe"
2019-09-07,121,12.0793863794924,727,0.128430490601869,"srmspe"
2019-09-07,108,12.0804007523756,979,0.17292696455433,"srmspe"
2019-09-07,136,12.0782159492425,683,0.120657010181564,"srmspe"
2019-09-07,60,12.0841461291752,1203,0.212486911199932,"srmspe"
2019-09-07,154,12.0768114329427,643,0.113574879206674,"srmspe"
2019-09-07,165,12.0759531174261,2618,0.46247991492485,"srmspe"
2019-09-07,114,12.0799325802757,691,0.122068389051472,"srmspe"
2019-09-07,119,12.079542436859,1310,0.231367780070057,"srmspe"
2019-09-07,210,12.0724418266765,1092,0.192920134389803,"srmspe"
2019-09-07,146,12.0774356624093,1217,0.214990789559428,"srmspe"
2019-09-07,131,12.0786060926591,500,0.0883011456191321,"srmspe"
2019-09-07,259,12.0686184211935,2356,0.416125130391517,"srmspe"
2019-09-07,105,12.0806348384256,449,0.0793114882362117,"srmspe"
2019-09-07,333,12.0628442986275,1215,0.214691745080344,"srmspe"
2019-09-07,435,12.0548853729284,2580,0.455757940111028,"srmspe"
2019-09-07,237,12.0703350522267,1171,0.207022146982088,"srmspe"
2019-09-07,142,12.0777477771426,781,0.138062889650559,"srmspe"
2019-09-07,1362,11.9825527834861,2279,0.402520653847029,"srmspe"
2019-09-07,42,12.0855506454751,1680,0.296727868713573,"srmspe"
2019-09-07,58,12.0843021865419,722,0.127527475521973,"srmspe"
2019-09-07,199,12.073300142193,730,0.128930227089252,"srmspe"
2019-09-07,23,12.0870331904582,467,0.0825349287807606,"srmspe"
2019-09-07,254,12.0690085646102,1009,0.178285899331742,"srmspe"
2019-09-07,156,12.076655375576,1608,0.284074312207757,"srmspe"
2019-09-07,296,12.0657313599105,1451,0.256275414770279,"srmspe"
2019-09-07,121,12.0793863794924,1065,0.188141034940907,"srmspe"
2019-09-07,182,12.0746266298096,1049,0.185356727577135,"srmspe"
2019-09-07,166,12.0758750887428,954,0.168527540487667,"srmspe"
2019-09-07,339,12.0623761265275,2759,0.487218702614322,"srmspe"
2019-09-07,289,12.0662775606938,1389,0.24529638510926,"srmspe"
2019-09-07,552,12.0457560169793,3599,0.635592455593393,"srmspe"
2019-09-07,249,12.0693987080268,1430,0.252541826806795,"srmspe"
2019-09-07,350,12.061517811011,1447,0.255578206570472,"srmspe"
2019-09-07,71,12.0832878136586,564,0.099618757752608,"srmspe"
2019-09-07,173,12.0753288879595,1094,0.193443827175466,"srmspe"
2019-09-07,151,12.0770455189926,1000,0.176627133797144,"srmspe"
2019-09-07,67,12.0835999283919,541,0.0955564312278883,"srmspe"
2019-09-07,33,12.086252903625,159,0.0281186833424614,"srmspe"
2019-09-07,671,12.0364706036637,1742,0.307817778439451,"srmspe"
2019-09-07,218,12.0718175972099,2128,0.375798157103609,"srmspe"
2019-09-07,230,12.07088125301,1157,0.204327989496265,"srmspe"
2019-09-07,270,12.067760105677,899,0.158772988290543,"srmspe"
2019-09-07,75,12.0829756989253,1469,0.259445808084626,"srmspe"
2019-09-07,140,12.0779038345092,919,0.162314947687435,"srmspe"
2019-09-07,197,12.0734561995597,713,0.126048767772236,"srmspe"
2019-09-07,220,12.0716615398432,1263,0.223094301648932,"srmspe"
2019-09-07,177,12.0750167732262,1259,0.222342908059044,"srmspe"
2019-09-07,90,12.0818052686755,2542,0.449077749679378,"srmspe"
2019-09-07,1622,11.9622653258216,4068,0.718355354409402,"srmspe"
2019-09-07,1073,12.005103072967,5978,1.05573468801714,"srmspe"
2019-09-07,300,12.0654192451772,6074,1.07272320989747,"srmspe"
2019-09-07,1055,12.0065075892669,12239,2.16136948110119,"srmspe"
2019-09-07,77,12.0828196415587,1133,0.200153427552253,"srmspe"
2019-09-07,313,12.064404872294,971,0.171530991687493,"srmspe"
2019-09-07,915,12.0174316049324,5529,0.976559435980743,"srmspe"
2019-09-07,41,12.0856286741584,1289,0.227671336686537,"srmspe"
2019-09-07,408,12.0569921473781,1987,0.351205680486008,"srmspe"
2019-09-07,150,12.077123547676,2138,0.377635465869394,"srmspe"
2019-09-07,90,12.0818052686755,1363,0.240742090820537,"srmspe"
2019-09-07,216,12.0719736545765,679,0.119948853063109,"srmspe"
2019-09-07,144,12.0775917197759,1722,0.304096953703905,"srmspe"
2019-09-07,0,12.0888278501747,5411,0.956004729216145,"srmspe"
2019-09-07,576,12.0438833285795,3159,0.558172193879408,"srmspe"
2019-09-07,30,12.086486989675,831,0.146826779433961,"srmspe"
2019-09-07,276,12.067291933577,4203,0.742212415686001,"srmspe"
2019-09-07,2657,11.8815056385802,4201,0.741882388844773,"srmspe"
2019-09-07,191,12.0739243716596,1202,0.21231671027551,"srmspe"
2019-09-07,154,12.0768114329427,1167,0.20616463089865,"srmspe"
2019-09-07,217,12.0718956258932,1543,0.2726125545922,"srmspe"
2019-09-07,571,12.0442734719962,4777,0.843605451011854,"srmspe"
2019-09-07,808,12.0257806740481,6050,1.06834967997538,"srmspe"
2019-09-07,84,12.0822734407754,3872,0.683920206697187,"srmspe"
2019-09-07,1122,12.0012796674841,2206,0.38964766383209,"srmspe"
2019-09-07,354,12.0612056962777,3919,0.692035212164057,"srmspe"
2019-09-07,483,12.0511399961288,3260,0.575761823090571,"srmspe"
2019-09-07,166,12.0758750887428,2032,0.358879385774892,"srmspe"
2019-09-07,189,12.0740804290263,962,0.169918038452748,"srmspe"
2019-09-07,41,12.0856286741584,1347,0.238039708134653,"srmspe"
2019-09-07,116,12.079776522909,5070,0.895442959235875,"srmspe"
2019-09-07,304,12.0651071304439,2919,0.515574762187397,"srmspe"
2019-09-07,57,12.0843802152252,466,0.0823107502179663,"srmspe"
2019-09-07,177,12.0750167732262,342,0.0604409184218217,"srmspe"
2019-09-07,137,12.0781379205592,1265,0.223462903260035,"srmspe"
2019-09-07,729,12.0319449400308,3277,0.578715415566255,"srmspe"
2019-09-07,597,12.0422447262297,2862,0.505438708281801,"srmspe"
2019-09-07,295,12.0658093885938,906,0.160095133539909,"srmspe"
2019-09-07,397,12.0578504628947,2421,0.427872709311857,"srmspe"
2019-09-07,53,12.0846923299585,220,0.0388891202818629,"srmspe"
2019-09-07,43,12.0854726167917,1561,0.275684875675918,"srmspe"
2019-09-07,47,12.0851605020584,234,0.0413266927952775,"srmspe"
2019-09-07,129,12.0787621500258,3608,0.637212084105355,"srmspe"
2019-09-07,326,12.0633904994108,1627,0.287344632249347,"srmspe"
2019-09-07,710,12.033427485014,3093,0.546218362848188,"srmspe"
2019-09-07,341,12.0622200691609,1164,0.205606483886104,"srmspe"
2019-09-07,201,12.0731440848264,3089,0.5456379602086,"srmspe"
2019-09-07,618,12.0406061238799,3620,0.639405929640512,"srmspe"
2019-09-07,1516,11.970536366254,4489,0.792727806083673,"srmspe"
2019-09-07,86,12.0821173834088,1622,0.28662859265084,"srmspe"
2019-09-07,139,12.0779818631925,1180,0.208400985279049,"srmspe"
2019-09-07,356,12.061049638911,973,0.171899120589751,"srmspe"
2019-09-07,242,12.0699449088101,2779,0.490706493629897,"srmspe"
2019-09-07,303,12.0651851591272,2079,0.367125288801897,"srmspe"
2019-09-07,318,12.0640147288774,1434,0.253259162147554,"srmspe"
2019-09-07,208,12.0725978840431,2725,0.481267412174292,"srmspe"
2019-09-07,79,12.082663584192,1152,0.203583839904803,"srmspe"
2019-09-07,134,12.0783720066092,2779,0.49079409123977,"srmspe"
2019-09-07,194,12.0736902856097,304,0.0537577428165874,"srmspe"
2019-09-07,72,12.0832097849753,205,0.0362024451471287,"srmspe"
2019-09-07,125,12.0790742647591,1648,0.291176119639237,"srmspe"
2019-09-07,355,12.0611276675943,835,0.147558659570427,"srmspe"
2019-09-07,104,12.0807128671089,1069,0.188972590286233,"srmspe"
2019-09-07,134,12.0783720066092,1165,0.205840999758453,"srmspe"
2019-09-07,63,12.0839120431252,746,0.13179078045613,"srmspe"
2019-09-07,160,12.0763432608427,933,0.164843067617694,"srmspe"
2019-09-07,234,12.0705691382767,1706,0.30130027322936,"srmspe"
2019-09-07,372,12.0598011799778,974,0.172059653918321,"srmspe"
2019-09-07,260,12.0685403925102,1487,0.262706304707607,"srmspe"
2019-09-07,98,12.0811810392089,923,0.163035680184888,"srmspe"
2019-09-07,237,12.0703350522267,1323,0.233641266878686,"srmspe"
2019-09-07,287,12.0664336180604,1628,0.287564301858988,"srmspe"
2019-09-07,183,12.0745486011262,1913,0.337857192236005,"srmspe"
2019-09-07,81,12.0825075268254,513,0.0907419083495158,"srmspe"
2019-09-07,155,12.0767334042593,2201,0.388810222495772,"srmspe"
2019-09-07,74,12.0830537276087,1963,0.346802347633436,"srmspe"
2019-09-07,188,12.0741584577096,1598,0.282197711045056,"srmspe"
2019-09-07,126,12.0789962360758,542,0.0957302747055276,"srmspe"
2019-09-07,58,12.0843021865419,1685,0.297587881294739,"srmspe"
2019-09-07,57,12.0843802152252,514,0.0907701424960917,"srmspe"
2019-09-07,152,12.0769674903093,537,0.0948579738985931,"srmspe"
2019-09-07,251,12.0692426506601,825,0.145762370131307,"srmspe"
2019-09-07,406,12.0571482047448,1865,0.329475477752325,"srmspe"
2019-09-07,208,12.0725978840431,843,0.148931256088177,"srmspe"
2019-09-07,165,12.0759531174261,1333,0.235470597278965,"srmspe"
2019-09-07,180,12.0747826871762,1398,0.246955118153557,"srmspe"
2019-09-07,402,12.0574603194781,1386,0.244847391934891,"srmspe"
2019-09-07,709,12.0335055136973,3366,0.594400786377191,"srmspe"
2019-09-07,243,12.0698668801267,1842,0.325432867888132,"srmspe"
2019-09-07,393,12.058162577628,2516,0.444386337453751,"srmspe"
2019-09-07,77,12.0828196415587,575,0.101571560179411,"srmspe"
2019-09-07,63,12.0839120431252,527,0.0930942009976859,"srmspe"
2019-09-07,120,12.0794644081757,602,0.10633250187245,"srmspe"
2019-09-07,87,12.0820393547254,362,0.0639450514701153,"srmspe"
2019-09-07,150,12.077123547676,1073,0.189556680284407,"srmspe"
2019-09-07,102,12.0808689244756,839,0.148241157753218,"srmspe"
2019-09-07,168,12.0757190313761,1038,0.183313164720765,"srmspe"
2019-09-07,165,12.0759531174261,1319,0.232996608850407,"srmspe"
2019-09-07,608,12.0413864107131,2427,0.428700238171392,"srmspe"
2019-09-07,184,12.0744705724429,1274,0.225019788620139,"srmspe"
2019-09-07,220,12.0716615398432,1444,0.255171639809421,"srmspe"
2019-09-07,56,12.0844582439085,492,0.086897968176293,"srmspe"
2019-09-07,98,12.0811810392089,663,0.117267644808571,"srmspe"
2019-09-07,329,12.0631564133608,4456,0.787149977104739,"srmspe"
2019-09-07,431,12.0551974876616,2022,0.357190602415299,"srmspe"
2019-09-07,450,12.0537149426785,4106,0.725330795685188,"srmspe"
2019-09-07,224,12.0713494251099,1331,0.235139008174761,"srmspe"
2019-09-07,138,12.0780598918759,2225,0.392965312481161,"srmspe"
2019-09-07,243,12.0698668801267,892,0.157553428153101,"srmspe"
2019-09-07,153,12.076889461626,1272,0.224683687362331,"srmspe"
2019-09-07,366,12.0602693520778,1250,0.220773296515079,"srmspe"
2019-09-07,114,12.0799325802757,896,0.158251566866753,"srmspe"
2019-09-07,45,12.0853165594251,478,0.0844469649390027,"srmspe"
2019-09-07,107,12.0804787810589,472,0.0833944601946664,"srmspe"
2019-09-07,124,12.0791522934424,1294,0.228523747843681,"srmspe"
2019-09-07,103,12.0807908957922,451,0.079687047750464,"srmspe"
2019-09-07,47,12.0851605020584,521,0.0920464704808278,"srmspe"
2019-09-07,151,12.0770455189926,1875,0.331269744734478,"srmspe"
2019-09-07,340,12.0622980978442,999,0.176458615078202,"srmspe"
2019-09-07,52,12.0847703586418,1032,0.182299568108347,"srmspe"
2019-09-07,102,12.0808689244756,392,0.0692356849818661,"srmspe"
2019-09-07,93,12.0815711826255,868,0.153339885420625,"srmspe"
2019-09-07,110,12.080244695009,1355,0.239274919170178,"srmspe"
2019-09-07,83,12.0823514694587,350,0.0618391103959694,"srmspe"
2019-09-07,57,12.0843802152252,515,0.0909583919861391,"srmspe"
2019-09-07,32,12.0863309323083,314,0.0554710537580187,"srmspe"
2019-09-07,60,12.0841461291752,397,0.0701247592720506,"srmspe"
2019-09-07,101,12.0809469531589,474,0.0837202200852744,"srmspe"
2019-09-07,248,12.0694767367101,1083,0.191307314736098,"srmspe"
2019-09-07,364,12.0604254094444,1451,0.256316499812943,"srmspe"
2019-09-07,108,12.0804007523756,722,0.127520715591637,"srmspe"
2019-09-07,177,12.0750167732262,1548,0.27343539053485,"srmspe"
2019-09-07,300,12.0654192451772,883,0.155957216115187,"srmspe"
2019-09-07,380,12.0591769505112,1142,0.201707260109511,"srmspe"
2019-09-07,256,12.0688525072435,1081,0.190908307040532,"srmspe"
2019-09-07,146,12.0774356624093,735,0.129831759636319,"srmspe"
2019-09-07,142,12.0777477771426,615,0.108633207541843,"srmspe"
2019-09-07,96,12.0813370965755,602,0.106317285916681,"srmspe"
2019-09-07,96,12.0813370965755,640,0.113035174486097,"srmspe"
2019-09-07,159,12.076421289526,560,0.0989234221828316,"srmspe"
2019-09-07,33,12.086252903625,859,0.151737348868298,"srmspe"
2019-09-07,61,12.0840681004919,434,0.0766575187891813,"srmspe"
2019-09-07,87,12.0820393547254,587,0.103686668713484,"srmspe"
2019-09-07,32,12.0863309323083,441,0.0779064072108674,"srmspe"
2019-09-07,59,12.0842241578585,657,0.116029561912964,"srmspe"
2019-09-07,49,12.0850044446918,433,0.0764818341230659,"srmspe"
2019-09-07,30,12.086486989675,441,0.0778963634450895,"srmspe"
2019-09-07,56,12.0844582439085,358,0.0632268533914517,"srmspe"
2019-09-07,130,12.0786841213425,646,0.114091510865123,"srmspe"
2019-09-07,92,12.0816492113088,668,0.117977880937699,"srmspe"
2019-09-07,131,12.0786060926591,628,0.110949897425801,"srmspe"
2019-09-07,94,12.0814931539422,948,0.167476160314583,"srmspe"
2019-09-07,264,12.0682282777769,1385,0.244718639854235,"srmspe"
2019-09-07,146,12.0774356624093,2259,0.398968750984653,"srmspe"
2019-09-07,134,12.0783720066092,1325,0.234017417636327,"srmspe"
2019-09-07,193,12.073768314293,2162,0.381855908152727,"srmspe"
2019-09-07,224,12.0713494251099,1196,0.211323028587421,"srmspe"
2019-09-07,106,12.0805568097423,1755,0.309955542031234,"srmspe"
2019-09-07,100,12.0810249818422,414,0.0731104835024402,"srmspe"
2019-09-07,475,12.0517642255953,3680,0.649849168982416,"srmspe"
2019-09-07,161,12.0762652321594,891,0.15736694800169,"srmspe"
2019-09-07,124,12.0791522934424,373,0.065948999347945,"srmspe"
2019-09-07,169,12.0756410026928,993,0.175386545645679,"srmspe"
2019-09-07,331,12.0630003559941,2386,0.421505683439559,"srmspe"
2019-09-07,58,12.0843021865419,377,0.0665937778599312,"srmspe"
2019-09-07,134,12.0783720066092,2318,0.409331314216819,"srmspe"
2019-09-07,336,12.0626102125775,2328,0.411174927038793,"srmspe"
2019-09-07,402,12.0574603194781,2102,0.371330823604379,"srmspe"
2019-09-07,200,12.0732221135097,710,0.125413267956228,"srmspe"
2019-09-07,159,12.076421289526,1323,0.233689400812617,"srmspe"
2019-09-07,753,12.030072251631,3266,0.576827765053139,"srmspe"
2019-09-07,129,12.0787621500258,1861,0.32869062670219,"srmspe"
2019-09-07,205,12.0728319700931,1191,0.210359101336232,"srmspe"
2019-09-07,171,12.0754849453261,622,0.109863568610887,"srmspe"
2019-09-07,145,12.0775136910926,1338,0.236273006886283,"srmspe"
2019-09-07,175,12.0751728305928,690,0.121870200195073,"srmspe"
2019-09-07,108,12.0804007523756,1322,0.233505695102092,"srmspe"
2019-09-07,144,12.0775917197759,818,0.144495725725787,"srmspe"
2019-09-07,242,12.0699449088101,771,0.136180425533161,"srmspe"
2019-09-07,348,12.0616738683776,804,0.142024240567704,"srmspe"
2019-09-07,173,12.0753288879595,1088,0.192204625394024,"srmspe"
2019-09-07,324,12.0635465567774,489,0.0864107297879464,"srmspe"
2019-09-07,53,12.0846923299585,1083,0.191293027406305,"srmspe"
2019-09-07,487,12.0508278813954,1864,0.329298069709066,"srmspe"
2019-09-07,97,12.0812590678922,2402,0.424209996878644,"srmspe"
2019-09-07,194,12.0736902856097,1717,0.303355999490865,"srmspe"
2019-09-07,109,12.0803227236923,1234,0.217984707038748,"srmspe"
2019-09-07,122,12.0793083508091,1258,0.222181857588395,"srmspe"
2019-09-07,188,12.0741584577096,1234,0.217981343941307,"srmspe"
2019-09-07,77,12.0828196415587,602,0.106330818576662,"srmspe"
2019-09-07,812,12.0254685593148,2059,0.363670933120797,"srmspe"
2019-09-07,695,12.0345979152639,2063,0.364456623540596,"srmspe"
2019-09-07,69,12.0834438710253,425,0.0750643109953097,"srmspe"
2019-09-07,22,12.0871112191416,338,0.059709621073696,"srmspe"
2019-09-07,102,12.0808689244756,1633,0.288424968324734,"srmspe"
2019-09-07,407,12.0570701760614,1056,0.186636126395093,"srmspe"
2019-09-07,529,12.0475506766958,6196,1.09410847751371,"srmspe"
2019-09-07,26,12.0867991044083,199,0.0351640338566008,"srmspe"
2019-09-07,137,12.0781379205592,1977,0.34915591758442,"srmspe"
2019-09-07,79,12.082663584192,487,0.0860306890486293,"srmspe"
2019-09-07,70,12.083365842342,793,0.140063117632096,"srmspe"
2019-09-07,159,12.076421289526,1040,0.183811822046829,"srmspe"
2019-09-07,80,12.0825855555087,403,0.0711966826586464,"srmspe"
2019-09-07,67,12.0835999283919,1069,0.188795196067747,"srmspe"
2019-09-07,162,12.0761872034761,2012,0.355350021588372,"srmspe"
2019-09-07,68,12.0835218997086,968,0.170972980014325,"srmspe"
2019-09-07,96,12.0813370965755,902,0.159319278845455,"srmspe"
2019-09-07,120,12.0794644081757,436,0.0770288959728083,"srmspe"
2019-09-07,299,12.0654972738605,906,0.160027742648187,"srmspe"
2019-09-07,197,12.0734561995597,1840,0.324997850907837,"srmspe"
2019-09-07,388,12.0585527210446,1938,0.342296315382831,"srmspe"
2019-09-07,248,12.0694767367101,1309,0.231238920950426,"srmspe"
2019-09-07,66,12.0836779570753,407,0.0719254239988149,"srmspe"
2019-09-07,456,12.0532467705785,1667,0.294422843570895,"srmspe"
2019-09-07,362,12.0605814668111,1199,0.211810079516408,"srmspe"
2019-09-07,70,12.083365842342,1009,0.178245662322512,"srmspe"
2019-09-08,105,9.77707204930512,817,0.23635113571179,"srmspe"
2019-09-08,0,9.78526506105424,1369,0.396377269859949,"srmspe"
2019-09-08,173,9.77176609883901,788,0.227939603073415,"srmspe"
2019-09-08,148,9.77371681592214,986,0.285241885837192,"srmspe"
2019-09-08,141,9.77426301670542,847,0.244949515991755,"srmspe"
2019-09-08,79,9.77910079507156,711,0.205592326602276,"srmspe"
2019-09-08,56,9.78089545478804,451,0.130471109109399,"srmspe"
2019-09-08,78,9.77917882375489,1012,0.292768734294283,"srmspe"
2019-09-08,63,9.78034925400476,464,0.134206003561353,"srmspe"
2019-09-08,105,9.77707204930512,380,0.109931279500028,"srmspe"
2019-09-08,99,9.77754022140507,532,0.15389297073018,"srmspe"
2019-09-08,53,9.78112954083801,863,0.249605028591955,"srmspe"
2019-09-08,84,9.77871065165494,402,0.116286197163521,"srmspe"
2019-09-08,42,9.78198785635459,464,0.134250380458433,"srmspe"
2019-09-08,104,9.77715007798844,688,0.199046060181118,"srmspe"
2019-09-08,119,9.77597964773856,639,0.184881295924581,"srmspe"
2019-09-08,170,9.77200018488899,2482,0.717881679829972,"srmspe"
2019-09-08,47,9.78159771293796,1966,0.568886954808332,"srmspe"
2019-09-08,609,9.73774559290932,4040,1.1685311522486,"srmspe"
2019-09-08,139,9.77441907407207,1928,0.557764125626278,"srmspe"
2019-09-08,368,9.75655050559064,1619,0.468455144596476,"srmspe"
2019-09-08,105,9.77707204930512,514,0.14870546539053,"srmspe"
2019-09-08,193,9.77020552517252,1921,0.555738230399644,"srmspe"
2019-09-08,126,9.77543344695529,661,0.191308808361825,"srmspe"
2019-09-08,405,9.75366344430762,3022,0.874010584607328,"srmspe"
2019-09-08,80,9.77902276638824,1538,0.444961623165679,"srmspe"
2019-09-08,53,9.78112954083801,1100,0.318278596157224,"srmspe"
2019-09-08,62,9.78042728268809,564,0.163096923684361,"srmspe"
2019-09-08,70,9.77980305322149,444,0.128453688573786,"srmspe"
2019-09-08,64,9.78027122532144,371,0.107365931187292,"srmspe"
2019-09-08,131,9.77504330353866,767,0.221881686201596,"srmspe"
2019-09-08,92,9.77808642218834,511,0.14779862654231,"srmspe"
2019-09-08,102,9.77730613535509,573,0.165767038549772,"srmspe"
2019-09-08,81,9.77894473770492,856,0.247586626167244,"srmspe"
2019-09-08,184,9.77090778332244,1057,0.305718432954973,"srmspe"
2019-09-08,54,9.78105151215469,415,0.120064947001842,"srmspe"
2019-09-08,93,9.77800839350502,235,0.0681105185723837,"srmspe"
2019-09-08,292,9.76248068552334,2136,0.61789478931545,"srmspe"
2019-09-08,52,9.78120756952134,1032,0.298684756659371,"srmspe"
2019-09-08,431,9.75163469854117,2161,0.625092331583336,"srmspe"
2019-09-08,94,9.77793036482169,407,0.117705604769321,"srmspe"
2019-09-08,871,9.71730207787817,6293,1.82027690134089,"srmspe"
2019-09-08,87,9.77847656560497,453,0.131112725120152,"srmspe"
2019-09-08,75,9.77941290980486,746,0.215831280213316,"srmspe"
2019-09-08,59,9.78066136873806,242,0.0700144666861929,"srmspe"
2019-09-08,36,9.78245602845454,308,0.0891057294739901,"srmspe"
2019-09-08,44,9.78183179898794,392,0.11337727541423,"srmspe"
2019-09-08,51,9.78128559820466,427,0.123611762937059,"srmspe"
2019-09-08,124,9.77558950432194,1246,0.360409393740681,"srmspe"
2019-09-08,134,9.77480921748869,1619,0.468209040229097,"srmspe"
2019-09-08,464,9.74905975199144,1585,0.45830326265828,"srmspe"
2019-09-08,206,9.76919115228929,1608,0.465033119935132,"srmspe"
2019-09-08,208,9.76903509492264,1883,0.544782533708864,"srmspe"
2019-09-08,32,9.78276814318784,657,0.19005442040861,"srmspe"
2019-09-08,53,9.78112954083801,177,0.0512388369764648,"srmspe"
2019-09-08,45,9.78175377030461,248,0.0717831013901935,"srmspe"
2019-09-08,49,9.78144165557131,187,0.0541663205760487,"srmspe"
2019-09-08,115,9.77629176247186,761,0.220148611361739,"srmspe"
2019-09-08,168,9.77215624225564,807,0.233449390015317,"srmspe"
2019-09-08,73,9.77956896717152,923,0.266982070756027,"srmspe"
2019-09-08,40,9.78214391372124,711,0.20565375610037,"srmspe"
2019-09-08,54,9.78105151215469,505,0.14606601100937,"srmspe"
2019-09-08,123,9.77566753300527,454,0.131297680092645,"srmspe"
2019-09-08,108,9.77683796325514,555,0.160500178019396,"srmspe"
2019-09-08,234,9.76700634915619,1860,0.538171351320208,"srmspe"
2019-09-08,192,9.77028355385584,787,0.227702443103549,"srmspe"
2019-09-08,230,9.76731846388949,1557,0.450244373783041,"srmspe"
2019-09-08,7,9.78471886027096,664,0.192062392377875,"srmspe"
2019-09-08,175,9.77161004147237,1266,0.366304958680527,"srmspe"
2019-09-08,161,9.77270244303891,1635,0.47303331717442,"srmspe"
2019-09-08,48,9.78151968425464,1554,0.449659443952428,"srmspe"
2019-09-08,291,9.76255871420667,1787,0.516846111590339,"srmspe"
2019-09-08,243,9.76630409100627,783,0.226582498217495,"srmspe"
2019-09-08,165,9.77239032830562,854,0.247133058741347,"srmspe"
2019-09-08,190,9.77043961122249,1540,0.445491621255876,"srmspe"
2019-09-08,95,9.77785233613836,1238,0.358103857860027,"srmspe"
2019-09-08,162,9.77262441435559,1448,0.418910182519182,"srmspe"
2019-09-08,80,9.77902276638824,931,0.269403226022859,"srmspe"
2019-09-08,60,9.78058334005474,722,0.208835638234057,"srmspe"
2019-09-08,68,9.77995911058814,672,0.194376408312087,"srmspe"
2019-09-08,138,9.77449710275539,692,0.200178334828071,"srmspe"
2019-09-08,93,9.77800839350502,532,0.153859759824873,"srmspe"
2019-09-08,54,9.78105151215469,349,0.100953892944,"srmspe"
2019-09-08,50,9.78136362688799,402,0.116287020541965,"srmspe"
2019-09-08,223,9.76786466467277,928,0.268365943034697,"srmspe"
2019-09-08,69,9.77988108190481,481,0.139094695916235,"srmspe"
2019-09-08,70,9.77980305322149,723,0.209163682182844,"srmspe"
2019-09-08,79,9.77910079507157,788,0.227924971669842,"srmspe"
2019-09-08,31,9.78284617187116,149,0.0431622941707654,"srmspe"
2019-09-08,82,9.77886670902159,486,0.140608981574806,"srmspe"
2019-09-08,101,9.77738416403841,397,0.114894949656793,"srmspe"
2019-09-08,75,9.77941290980486,434,0.125530353265103,"srmspe"
2019-09-08,19,9.78378251607107,324,0.0937652379156957,"srmspe"
2019-09-08,48,9.78151968425464,322,0.0931221049927869,"srmspe"
2019-09-08,77,9.77925685243821,571,0.165191626050283,"srmspe"
2019-09-08,38,9.78229997108789,748,0.21637433755618,"srmspe"
2019-09-08,70,9.77980305322149,404,0.11687507981564,"srmspe"
2019-09-08,100,9.77746219272174,476,0.137708447613789,"srmspe"
2019-09-08,109,9.77675993457182,1317,0.380821391880834,"srmspe"
2019-09-08,37,9.78237799977121,296,0.085644742312681,"srmspe"
2019-09-08,53,9.78112954083801,492,0.142293368923233,"srmspe"
2019-09-08,115,9.77629176247186,504,0.145807676949092,"srmspe"
2019-09-08,64,9.78027122532144,428,0.123768081589063,"srmspe"
2019-09-08,96,9.77777430745504,303,0.0876488381900446,"srmspe"
2019-09-08,51,9.78128559820466,345,0.0998042982572717,"srmspe"
2019-09-08,41,9.78206588503791,263,0.0760740816184211,"srmspe"
2019-09-08,76,9.77933488112154,138,0.0399373711187924,"srmspe"
2019-09-08,51,9.78128559820466,355,0.102700631725325,"srmspe"
2019-09-08,50,9.78136362688799,470,0.135935651176983,"srmspe"
2019-09-08,196,9.76997143912254,250,0.0723691264295279,"srmspe"
2019-09-08,35,9.78253405713786,524,0.151538863328258,"srmspe"
2019-09-08,180,9.77121989805574,1108,0.320506246627907,"srmspe"
2019-09-08,158,9.77293652908889,1750,0.506118713193258,"srmspe"
2019-09-08,430,9.75171272722449,1648,0.476561222981975,"srmspe"
2019-09-08,286,9.76294885762329,1401,0.405150201379563,"srmspe"
2019-09-08,220,9.76809875072274,2144,0.619956392344106,"srmspe"
2019-09-08,415,9.75288315747437,1564,0.452262292589815,"srmspe"
2019-09-08,32,9.78276814318784,346,0.100139826282555,"srmspe"
2019-09-08,26,9.78323631528779,397,0.114823486230814,"srmspe"
2019-09-08,48,9.78151968425464,351,0.101552239760222,"srmspe"
2019-09-08,56,9.78089545478804,303,0.0876541169413605,"srmspe"
2019-09-08,31,9.78284617187116,297,0.0859143010328704,"srmspe"
2019-09-08,59,9.78066136873806,470,0.135924869186412,"srmspe"
2019-09-08,91,9.77816445087166,397,0.114842034396343,"srmspe"
2019-09-08,98,9.77761825008839,343,0.0991985251561656,"srmspe"
2019-09-08,32,9.78276814318784,338,0.0977538045311466,"srmspe"
2019-09-08,248,9.76591394758964,733,0.212051233831994,"srmspe"
2019-09-08,137,9.77457513143871,766,0.221608255303436,"srmspe"
2019-09-08,33,9.78269011450451,1137,0.328895953630849,"srmspe"
2019-09-08,28,9.78308025792114,268,0.0775746340741392,"srmspe"
2019-09-08,116,9.77621373378854,1708,0.494014422855447,"srmspe"
2019-09-08,120,9.77590161905524,814,0.235491639582101,"srmspe"
2019-09-08,149,9.77363878723881,1158,0.334901407717504,"srmspe"
2019-09-08,109,9.77675993457181,492,0.142373845475404,"srmspe"
2019-09-08,90,9.77824247955499,401,0.116043844667563,"srmspe"
2019-09-08,50,9.78136362688799,467,0.135116725784213,"srmspe"
2019-09-08,66,9.78011516795479,2590,0.74916927603705,"srmspe"
2019-09-08,115,9.77629176247187,839,0.242747762094947,"srmspe"
2019-09-08,615,9.73727742080937,2166,0.626485861661623,"srmspe"
2019-09-08,74,9.77949093848819,1939,0.560886486777001,"srmspe"
2019-09-08,128,9.77527738958864,1232,0.356366995977018,"srmspe"
2019-09-08,132,9.77496527485534,1135,0.328364897099,"srmspe"
2019-09-08,387,9.75506796060747,3993,1.15509210006874,"srmspe"
2019-09-08,273,9.76396323050652,1025,0.296602321141968,"srmspe"
2019-09-08,207,9.76911312360597,3863,1.11747867029278,"srmspe"
2019-09-08,59,9.78066136873806,396,0.114573957322113,"srmspe"
2019-09-08,75,9.77941290980486,392,0.113382099090267,"srmspe"
2019-09-08,90,9.77824247955499,818,0.236653287030093,"srmspe"
2019-09-08,328,9.75967165292364,2233,0.645786025467445,"srmspe"
2019-09-08,154,9.77324864382219,1830,0.529130639334903,"srmspe"
2019-09-08,135,9.77473118880537,780,0.225608640522054,"srmspe"
2019-09-08,57,9.78081742610471,727,0.210337027643956,"srmspe"
2019-09-08,87,9.77847656560497,551,0.159363372922916,"srmspe"
2019-09-08,41,9.78206588503791,310,0.0896665821551596,"srmspe"
2019-09-08,41,9.78206588503791,732,0.211687504331915,"srmspe"
2019-09-08,88,9.77839853692164,603,0.174426287039226,"srmspe"
2019-09-08,49,9.78144165557131,453,0.131113505764396,"srmspe"
2019-09-08,70,9.77980305322149,449,0.129964172488329,"srmspe"
2019-09-08,62,9.78042728268809,862,0.24933019210081,"srmspe"
2019-09-08,349,9.75803305057382,2517,0.72806239308286,"srmspe"
2019-09-08,54,9.78105151215469,923,0.267267319339304,"srmspe"
2019-09-08,322,9.76013982502359,2475,0.715911420588979,"srmspe"
2019-09-08,147,9.77379484460547,1133,0.327694370690303,"srmspe"
2019-09-08,254,9.76544577548969,1518,0.438954341778475,"srmspe"
2019-09-08,68,9.77995911058814,723,0.209078300020971,"srmspe"
2019-09-08,140,9.77434104538874,663,0.191793029541898,"srmspe"
2019-09-08,119,9.77597964773856,1145,0.331179433559426,"srmspe"
2019-09-08,229,9.76739649257282,4008,1.15947404113199,"srmspe"
2019-09-08,442,9.75077638302459,2286,0.661315860935383,"srmspe"
2019-09-08,135,9.77473118880537,2667,0.771722281481487,"srmspe"
2019-09-08,364,9.75686262032394,2117,0.612350934761233,"srmspe"
2019-09-08,291,9.76255871420667,1377,0.398311716234264,"srmspe"
2019-09-08,163,9.77254638567227,3108,0.899194792022332,"srmspe"
2019-09-08,36,9.78245602845454,828,0.239756018978193,"srmspe"
2019-09-08,76,9.77933488112154,527,0.152680785655739,"srmspe"
2019-09-08,0,9.78526506105424,671,0.194284151723212,"srmspe"
2019-09-08,265,9.76458745997312,756,0.218678496061389,"srmspe"
2019-09-08,253,9.76552380417302,445,0.128857380446299,"srmspe"
2019-09-08,253,9.76552380417302,3209,0.928706099526191,"srmspe"
2019-09-08,190,9.77043961122249,705,0.203952195605667,"srmspe"
2019-09-08,93,9.77800839350502,4117,1.19079424638067,"srmspe"
2019-09-08,147,9.77379484460547,458,0.132440707656469,"srmspe"
2019-09-08,70,9.77980305322149,661,0.191194371639986,"srmspe"
2019-09-08,1760,9.64793457840225,8540,2.47008168983617,"srmspe"
2019-09-08,193,9.77020552517252,1251,0.3619969314387,"srmspe"
2019-09-08,81,9.77894473770492,873,0.252468089626448,"srmspe"
2019-09-08,95,9.77785233613836,1165,0.336877040191334,"srmspe"
2019-09-08,84,9.77871065165494,537,0.155320638711219,"srmspe"
2019-09-08,139,9.77441907407207,2524,0.729983958890013,"srmspe"
2019-09-08,150,9.77356075855549,1078,0.311856927064282,"srmspe"
2019-09-08,372,9.75623839085734,238,0.0688749966910382,"srmspe"
2019-09-08,21,9.78362645870441,525,0.151868073278419,"srmspe"
2019-09-08,279,9.76349505840657,2114,0.611890429472456,"srmspe"
2019-09-08,205,9.76926918097262,851,0.246344591339817,"srmspe"
2019-09-08,105,9.77707204930512,1034,0.299262841499605,"srmspe"
2019-09-08,445,9.75054229697462,3877,1.12158951404731,"srmspe"
2019-09-08,1920,9.63544998907025,3308,0.956812890082345,"srmspe"
2019-09-08,118,9.77605767642189,689,0.199285108185897,"srmspe"
2019-09-08,99,9.77754022140507,1651,0.477401636612477,"srmspe"
2019-09-08,82,9.77886670902159,1022,0.295603440597563,"srmspe"
2019-09-08,114,9.77636979115519,423,0.122498090820022,"srmspe"
2019-09-08,134,9.77480921748869,1532,0.443229465502856,"srmspe"
2019-09-08,259,9.76505563207307,1789,0.517309763390952,"srmspe"
2019-09-08,209,9.76895706623931,1394,0.403074926683653,"srmspe"
2019-09-08,38,9.78229997108789,439,0.126972835928061,"srmspe"
2019-09-08,15,9.78409463080436,344,0.0995324015651916,"srmspe"
2019-09-08,95,9.77785233613836,783,0.226592452010278,"srmspe"
2019-09-08,215,9.76848889413936,1039,0.300729323611492,"srmspe"
2019-09-08,221,9.76802072203941,800,0.231451059825427,"srmspe"
2019-09-08,126,9.77543344695529,330,0.0954461064781971,"srmspe"
2019-09-08,32,9.78276814318784,606,0.175242676623831,"srmspe"
2019-09-08,465,9.74898172330812,2212,0.639719803908757,"srmspe"
2019-09-08,112,9.77652584852184,998,0.288584990093424,"srmspe"
2019-09-08,18,9.78386054475439,254,0.0734963834797453,"srmspe"
2019-09-08,33,9.78269011450451,201,0.0581562198184847,"srmspe"
2019-09-08,315,9.76068602580687,1825,0.527875767728529,"srmspe"
2019-09-08,215,9.76848889413936,1435,0.41505336105108,"srmspe"
2019-09-08,194,9.77012749648919,4572,1.3219644921556,"srmspe"
2019-09-08,48,9.78151968425464,631,0.182536241166122,"srmspe"
2019-09-08,140,9.77434104538874,657,0.190036526567334,"srmspe"
2019-09-08,154,9.77324864382219,715,0.206816496338197,"srmspe"
2019-09-08,59,9.78066136873806,536,0.155181969931204,"srmspe"
2019-09-08,62,9.78042728268809,991,0.286693862811872,"srmspe"
2019-09-08,11,9.78440674553766,2566,0.742574772289591,"srmspe"
2019-09-08,64,9.78027122532144,1442,0.417073625811461,"srmspe"
2019-09-08,42,9.78198785635459,201,0.0582803633349414,"srmspe"
2019-09-08,500,9.74625071939174,1717,0.496447875024964,"srmspe"
2019-09-08,185,9.77082975463911,506,0.146429795064929,"srmspe"
2019-09-08,32,9.78276814318784,538,0.155551713968186,"srmspe"
2019-09-08,137,9.77457513143871,1100,0.318205720683899,"srmspe"
2019-09-08,388,9.75498993192414,1779,0.51455850276819,"srmspe"
2019-09-08,98,9.77761825008839,703,0.203376394189281,"srmspe"
2019-09-08,160,9.77278047172224,844,0.24412055828533,"srmspe"
2019-09-08,67,9.78003713927146,3990,1.1538147532678,"srmspe"
2019-09-08,44,9.78183179898794,460,0.13313260584434,"srmspe"
2019-09-08,54,9.78105151215469,815,0.235843216425292,"srmspe"
2019-09-08,349,9.75803305057382,2309,0.667859157819604,"srmspe"
2019-09-08,107,9.77691599193846,1572,0.4549035419883,"srmspe"
2019-09-08,106,9.77699402062179,570,0.164952099663176,"srmspe"
2019-09-08,81,9.77894473770492,561,0.162370389598578,"srmspe"
2019-09-08,81,9.77894473770492,533,0.154265132576593,"srmspe"
2019-09-08,202,9.76950326702259,1171,0.338792259293041,"srmspe"
2019-09-08,116,9.77621373378854,322,0.093116423238291,"srmspe"
2019-09-08,53,9.78112954083801,447,0.129299240647943,"srmspe"
2019-09-08,52,9.78120756952134,428,0.123792079976871,"srmspe"
2019-09-08,779,9.72448071674407,1983,0.5736382855148,"srmspe"
2019-09-08,155,9.77317061513886,1716,0.496444648487617,"srmspe"
2019-09-08,35,9.78253405713786,689,0.199334600119291,"srmspe"
2019-09-08,111,9.77660387720517,823,0.238170802280624,"srmspe"
2019-09-08,116,9.77621373378854,512,0.148182347271976,"srmspe"
2019-09-08,62,9.78042728268809,368,0.106514751050653,"srmspe"
2019-09-08,50,9.78136362688799,478,0.138252781806949,"srmspe"
2019-09-08,83,9.77878868033826,351,0.10153264764721,"srmspe"
2019-09-08,65,9.78019319663811,1080,0.312494096697344,"srmspe"
2019-09-08,76,9.77933488112154,663,0.191822554066752,"srmspe"
2019-09-08,379,9.75569219007407,1676,0.484780744073109,"srmspe"
2019-09-08,399,9.75413161640757,2526,0.730330052057645,"srmspe"
2019-09-08,254,9.76544577548969,2539,0.734098938259986,"srmspe"
2019-09-08,65,9.78019319663811,596,0.172453570758113,"srmspe"
2019-09-08,144,9.77402893065544,763,0.220677380712378,"srmspe"
2019-09-08,161,9.77270244303891,881,0.254845636322402,"srmspe"
2019-09-08,214,9.76856692282269,971,0.280866006952804,"srmspe"
2019-09-08,167,9.77223427093896,901,0.260735590130825,"srmspe"
2019-09-08,204,9.76934720965594,1860,0.538311652238623,"srmspe"
2019-09-08,273,9.76396323050652,1105,0.319589461724478,"srmspe"
2019-09-08,125,9.77551147563861,478,0.13831481160335,"srmspe"
2019-09-08,124,9.77558950432194,1532,0.443020666764442,"srmspe"
2019-09-08,138,9.77449710275539,675,0.195185917262683,"srmspe"
2019-09-08,165,9.77239032830562,1027,0.297005751038655,"srmspe"
2019-09-08,165,9.77239032830562,350,0.1012478317486,"srmspe"
2019-09-08,32,9.78276814318784,753,0.217733958439379,"srmspe"
2019-09-08,71,9.77972502453816,746,0.215698701898095,"srmspe"
2019-09-08,132,9.77496527485534,633,0.18309336002848,"srmspe"
2019-09-08,96,9.77777430745504,563,0.162911555095525,"srmspe"
2019-09-08,193,9.77020552517251,1073,0.310202907154353,"srmspe"
2019-09-08,318,9.76045193975689,1037,0.299783767378871,"srmspe"
2019-09-08,141,9.77426301670542,1130,0.326693890255348,"srmspe"
2019-09-08,129,9.77519936090532,721,0.20874718904241,"srmspe"
2019-09-08,344,9.75842319399044,888,0.256736749145105,"srmspe"
2019-09-08,0,9.78526506105424,1512,0.437486729117845,"srmspe"
2019-09-08,181,9.77114186937242,727,0.210387019066575,"srmspe"
2019-09-08,110,9.77668190588849,837,0.242178795678031,"srmspe"
2019-09-08,161,9.77270244303891,1282,0.370829658022,"srmspe"
2019-09-08,377,9.75584824744072,985,0.284917120694395,"srmspe"
2019-09-08,108,9.77683796325514,859,0.248446530230683,"srmspe"
2019-09-08,62,9.78042728268809,563,0.162831879597803,"srmspe"
2019-09-08,93,9.77800839350502,976,0.28228292759397,"srmspe"
2019-09-08,176,9.77153201278904,820,0.237270642845029,"srmspe"
2019-09-08,88,9.77839853692164,1838,0.531630503809483,"srmspe"
2019-09-08,151,9.77348272987217,1599,0.462368043559571,"srmspe"
2019-09-08,268,9.76435337392314,1634,0.472730975436992,"srmspe"
2019-09-08,249,9.76583591890632,1162,0.336228507663059,"srmspe"
2019-09-08,171,9.77192215620567,3584,1.0366114268419,"srmspe"
2019-09-08,138,9.77449710275539,1139,0.329643202855869,"srmspe"
2019-09-08,106,9.77699402062179,1418,0.410041289336677,"srmspe"
2019-09-08,113,9.77644781983851,804,0.232599424371595,"srmspe"
2019-09-08,112,9.77652584852184,230,0.0665849207516644,"srmspe"
2019-09-08,121,9.77582359037191,408,0.118018072331651,"srmspe"
2019-09-08,79,9.77910079507156,640,0.18518825218804,"srmspe"
2019-09-08,226,9.76763057862279,1937,0.560341266338723,"srmspe"
2019-09-08,76,9.77933488112154,1309,0.378863935773408,"srmspe"
2019-09-08,228,9.76747452125614,756,0.218666442150152,"srmspe"
2019-09-08,245,9.76614803363961,3551,1.02736856030477,"srmspe"
2019-09-08,80,9.77902276638824,1790,0.51794007310329,"srmspe"
2019-09-08,203,9.76942523833926,701,0.202974236727081,"srmspe"
2019-09-08,145,9.77395090197212,1702,0.492518464362702,"srmspe"
2019-09-08,137,9.77457513143871,1068,0.308980497539385,"srmspe"
2019-09-08,58,9.78073939742139,292,0.0844949773784747,"srmspe"
2019-09-08,176,9.77153201278904,1948,0.563587754866629,"srmspe"
2019-09-08,291,9.76255871420667,1007,0.291280891798371,"srmspe"
2019-09-08,515,9.74508028914187,2184,0.631898927024079,"srmspe"
2019-09-08,177,9.77145398410572,982,0.284345022716538,"srmspe"
2019-09-08,176,9.77153201278904,1109,0.320774992512882,"srmspe"
2019-09-08,461,9.74929383804142,1136,0.328777450020383,"srmspe"
2019-09-08,116,9.77621373378854,946,0.273680513164896,"srmspe"
2019-09-08,208,9.76903509492264,2527,0.730920052277461,"srmspe"
2019-09-08,169,9.77207821357232,486,0.140635122643523,"srmspe"
2019-09-08,151,9.77348272987217,529,0.152993597830699,"srmspe"
2019-09-08,304,9.76154434132344,2517,0.727933157708291,"srmspe"
2019-09-08,189,9.77051763990582,1057,0.305691888101503,"srmspe"
2019-09-08,233,9.76708437783951,452,0.130982343656719,"srmspe"
2019-09-08,11,9.78440674553766,1025,0.296661205597222,"srmspe"
2019-09-08,122,9.77574556168859,769,0.222359921006725,"srmspe"
2019-09-08,116,9.77621373378854,383,0.110895722745688,"srmspe"
2019-09-08,84,9.77871065165494,389,0.112547791682544,"srmspe"
2019-09-08,158,9.77293652908889,459,0.132756963727161,"srmspe"
2019-09-08,72,9.77964699585484,608,0.175819771602278,"srmspe"
2019-09-08,66,9.78011516795479,483,0.139711877420641,"srmspe"
2019-09-08,113,9.77644781983851,1460,0.422261388680552,"srmspe"
2019-09-08,127,9.77535541827196,1761,0.509257372611104,"srmspe"
2019-09-08,138,9.77449710275539,1640,0.474367593467232,"srmspe"
2019-09-08,280,9.76341702972324,1519,0.439319746482477,"srmspe"
2019-09-08,26,9.78323631528779,431,0.124678749853419,"srmspe"
2019-09-08,74,9.77949093848819,508,0.14693511936264,"srmspe"
2019-09-08,73,9.77956896717152,664,0.192042468500585,"srmspe"
2019-09-08,131,9.77504330353866,743,0.214854489175178,"srmspe"
2019-09-08,62,9.78042728268809,304,0.0879417310324632,"srmspe"
2019-09-08,47,9.78159771293796,287,0.0830806044261208,"srmspe"
2019-09-08,709,9.72994272457682,5398,1.56099747791408,"srmspe"
2019-09-08,154,9.77324864382219,1398,0.404289479662706,"srmspe"
2019-09-08,58,9.78073939742139,348,0.100687062689583,"srmspe"
2019-09-08,70,9.77980305322149,718,0.207660212614343,"srmspe"
2019-09-08,104,9.77715007798844,974,0.281635208144797,"srmspe"
2019-09-08,74,9.77949093848819,680,0.196768598026927,"srmspe"
2019-09-08,64,9.78027122532144,654,0.189131345435511,"srmspe"
2019-09-08,92,9.77808642218834,620,0.179394313315331,"srmspe"
2019-09-08,93,9.77800839350502,664,0.192045565291338,"srmspe"
2019-09-08,57,9.78081742610471,1443,0.417574590337859,"srmspe"
2019-09-08,219,9.76817677940607,2874,0.831187706815153,"srmspe"
2019-09-08,207,9.76911312360597,1661,0.480455044513179,"srmspe"
2019-09-08,436,9.75124455512454,1318,0.381201527202279,"srmspe"
2019-09-08,25,9.78331434397111,541,0.156630420086852,"srmspe"
2019-09-08,397,9.75428767377422,1813,0.524281696236279,"srmspe"
2019-09-08,104,9.77715007798844,421,0.121753116630362,"srmspe"
2019-09-08,53,9.78112954083801,627,0.181359500703547,"srmspe"
2019-09-08,245,9.76614803363961,486,0.140563665445183,"srmspe"
2019-09-08,53,9.78112954083801,776,0.224385763406075,"srmspe"
2019-09-08,76,9.77933488112154,611,0.176695600736925,"srmspe"
2019-09-08,65,9.78019319663811,448,0.129616804862085,"srmspe"
2019-09-08,44,9.78183179898794,550,0.1591202017785,"srmspe"
2019-09-08,71,9.77972502453816,273,0.0790300809086362,"srmspe"
2019-09-08,168,9.77215624225564,504,0.145789097596485,"srmspe"
2019-09-08,200,9.76965932438924,3437,0.993980826023203,"srmspe"
2019-09-08,135,9.77473118880537,1666,0.482293756291625,"srmspe"
2019-09-08,175,9.77161004147237,1831,0.529640522487506,"srmspe"
2019-09-08,1880,9.63857113640325,4937,1.42803699522353,"srmspe"
2019-09-08,603,9.73821376500927,2476,0.716469368938858,"srmspe"
2019-09-08,213,9.76864495150602,806,0.233152539777241,"srmspe"
2019-09-08,108,9.77683796325514,389,0.112606519328719,"srmspe"
2019-09-08,115,9.77629176247187,537,0.155340000733184,"srmspe"
2019-09-08,139,9.77441907407206,793,0.229712064350017,"srmspe"
2019-09-08,62,9.78042728268809,772,0.223360797842016,"srmspe"
2019-09-08,61,9.78050531137141,584,0.16903491360412,"srmspe"
2019-09-08,49,9.78144165557131,1339,0.387426614557823,"srmspe"
2019-09-08,151,9.77348272987216,1806,0.522383533072788,"srmspe"
2019-09-08,85,9.77863262297161,632,0.182795095420241,"srmspe"
2019-09-08,135,9.77473118880537,487,0.140952296688835,"srmspe"
2019-09-08,1220,9.69007006739775,10484,3.0313991550593,"srmspe"
2019-09-08,214,9.76856692282269,2374,0.687058139727207,"srmspe"
2019-09-08,61,9.78050531137142,726,0.210029900545235,"srmspe"
2019-09-08,334,9.75920348082369,1989,0.575088321935345,"srmspe"
2019-09-08,51,9.78128559820466,1038,0.300234938544209,"srmspe"
2019-09-08,322,9.76013982502359,1650,0.477153675022608,"srmspe"
2019-09-08,205,9.76926918097262,1480,0.428171065719604,"srmspe"
2019-09-08,85,9.77863262297162,1330,0.384718535634542,"srmspe"
2019-09-08,443,9.75069835434127,1832,0.529755193188252,"srmspe"
2019-09-08,1074,9.70146225516319,4347,1.25744259329825,"srmspe"
2019-09-08,1083,9.70075999701327,4928,1.42503819136079,"srmspe"
2019-09-08,206,9.76919115228929,51,0.0148109915899507,"srmspe"
2019-09-08,29,9.78300222923781,661,0.191240873302731,"srmspe"
2019-09-08,69,9.77988108190481,365,0.105637117865381,"srmspe"
2019-09-08,50,9.78136362688799,602,0.174120596596308,"srmspe"
2019-09-08,117,9.77613570510522,519,0.150164944167621,"srmspe"
2019-09-08,301,9.76177842737342,3379,0.97714222228195,"srmspe"
2019-09-08,322,9.76013982502359,1527,0.441788852503018,"srmspe"
2019-09-08,98,9.77761825008839,1505,0.435413881067549,"srmspe"
2019-09-08,111,9.77660387720517,508,0.146961677128626,"srmspe"
2019-09-08,153,9.77332667250552,733,0.212030068174957,"srmspe"
2019-09-08,126,9.77543344695529,881,0.254937585472934,"srmspe"
2019-09-08,208,9.76903509492264,2296,0.664077864870568,"srmspe"
2019-09-08,154,9.77324864382219,2489,0.71985241127119,"srmspe"
2019-09-08,579,9.74008645340907,3783,1.09411585166229,"srmspe"
2019-09-08,56,9.78089545478804,807,0.233547257666453,"srmspe"
2019-09-08,398,9.75420964509089,3548,1.02655754188958,"srmspe"
2019-09-08,99,9.77754022140507,1287,0.372268678149601,"srmspe"
2019-09-08,54,9.78105151215469,695,0.201051320018208,"srmspe"
2019-09-08,104,9.77715007798844,839,0.242954856719134,"srmspe"
2019-09-08,109,9.77675993457181,1368,0.395933216487834,"srmspe"
2019-09-08,195,9.77004946780587,1118,0.323295681062266,"srmspe"
2019-09-08,107,9.77691599193846,932,0.269541122762625,"srmspe"
2019-09-08,198,9.76981538175589,3172,0.917429605720388,"srmspe"
2019-09-08,130,9.77512133222199,316,0.091420375101484,"srmspe"
2019-09-08,145,9.77395090197211,931,0.269261025216325,"srmspe"
2019-09-08,56,9.78089545478804,848,0.245258004405299,"srmspe"
2019-09-08,53,9.78112954083801,782,0.226154890722641,"srmspe"
2019-09-08,225,9.76770860730612,1149,0.332299596283648,"srmspe"
2019-09-08,36,9.78245602845454,583,0.16869728710561,"srmspe"
2019-09-08,159,9.77285850040557,764,0.220994672787793,"srmspe"
2019-09-08,71,9.77972502453816,699,0.202181509983043,"srmspe"
2019-09-08,1059,9.70263268541307,4608,1.33285835631339,"srmspe"
2019-09-08,350,9.75795502189049,971,0.280934169472233,"srmspe"
2019-09-08,223,9.76786466467277,2245,0.649423963096772,"srmspe"
2019-09-08,188,9.77059566858914,1344,0.388719002751589,"srmspe"
2019-09-08,117,9.77613570510522,1869,0.54077732952953,"srmspe"
2019-09-08,25,9.78331434397111,449,0.12991816478093,"srmspe"
2019-09-08,158,9.77293652908889,1419,0.410262484598698,"srmspe"
2019-09-08,105,9.77707204930512,829,0.239953889415141,"srmspe"
2019-09-08,286,9.76294885762329,752,0.217537805445327,"srmspe"
2019-09-08,84,9.77871065165494,1212,0.350492914524687,"srmspe"
2019-09-08,105,9.77707204930512,1595,0.461378935541168,"srmspe"
2019-09-08,110,9.77668190588849,899,0.26015072186012,"srmspe"
2019-09-08,56,9.78089545478804,428,0.123789657358859,"srmspe"
2019-09-08,372,9.75623839085734,2168,0.62721103332645,"srmspe"
2019-09-08,318,9.76045193975689,1016,0.293901663077988,"srmspe"
2019-09-08,273,9.76396323050652,875,0.253168019562119,"srmspe"
2019-09-08,104,9.77715007798844,287,0.0830879262048712,"srmspe"
2019-09-08,99,9.77754022140507,1327,0.383754271841721,"srmspe"
2019-09-08,91,9.77816445087167,837,0.242092653032889,"srmspe"
2019-09-08,79,9.77910079507157,302,0.0873991829446545,"srmspe"
2019-09-08,90,9.77824247955499,524,0.151604639226648,"srmspe"
2019-09-08,81,9.77894473770492,834,0.241273799704888,"srmspe"
2019-09-08,83,9.77878868033826,560,0.16204155251583,"srmspe"
2019-09-08,86,9.77855459428829,762,0.220435309282181,"srmspe"
2019-09-08,114,9.77636979115519,525,0.151906996043125,"srmspe"
2019-09-08,64,9.78027122532144,1002,0.289827834501606,"srmspe"
2019-09-08,108,9.77683796325514,543,0.157061449536184,"srmspe"
2019-09-08,153,9.77332667250552,2200,0.636471493107193,"srmspe"
2019-09-08,99,9.77754022140507,631,0.182540752758294,"srmspe"
2019-09-08,111,9.77660387720517,1140,0.329698350202924,"srmspe"
2019-09-08,195,9.77004946780587,943,0.272847941419615,"srmspe"
2019-09-08,111,9.77660387720517,981,0.283818843117018,"srmspe"
2019-09-08,94,9.77793036482169,348,0.100640933395778,"srmspe"
2019-09-08,242,9.76638211968959,1915,0.553877643842085,"srmspe"
2019-09-08,101,9.77738416403841,344,0.099515006009831,"srmspe"
2019-09-08,235,9.76692832047287,1056,0.305605705468851,"srmspe"
2019-09-08,389,9.75491190324082,2065,0.597425825243545,"srmspe"
2019-09-08,206,9.76919115228929,962,0.278646225327704,"srmspe"
2019-09-08,107,9.77691599193846,564,0.163389523476154,"srmspe"
2019-09-08,1069,9.70185239857982,1832,0.52988069385631,"srmspe"
2019-09-08,37,9.78237799977121,1376,0.397984226672961,"srmspe"
2019-09-08,51,9.78128559820466,614,0.177591759852419,"srmspe"
2019-09-08,174,9.77168807015569,609,0.176127241062924,"srmspe"
2019-09-08,25,9.78331434397111,372,0.107726406577624,"srmspe"
2019-09-08,216,9.76841086545604,827,0.239341130734094,"srmspe"
2019-09-08,123,9.77566753300527,1273,0.368326315721217,"srmspe"
2019-09-08,234,9.76700634915619,1213,0.350820351195994,"srmspe"
2019-09-08,131,9.77504330353866,837,0.242168104983539,"srmspe"
2019-09-08,128,9.77527738958864,811,0.234748076496229,"srmspe"
2019-09-08,141,9.77426301670542,877,0.253703320174638,"srmspe"
2019-09-08,300,9.76185645605674,2203,0.63699579003779,"srmspe"
2019-09-08,207,9.76911312360597,1067,0.308552142334414,"srmspe"
2019-09-08,408,9.75342935825764,3036,0.877908275119996,"srmspe"
2019-09-08,209,9.76895706623931,1105,0.319540552236628,"srmspe"
2019-09-08,268,9.76435337392314,1229,0.355450274838975,"srmspe"
2019-09-08,70,9.77980305322149,515,0.148946294994359,"srmspe"
2019-09-08,123,9.77566753300527,913,0.264517648907075,"srmspe"
2019-09-08,129,9.77519936090532,794,0.22966150894561,"srmspe"
2019-09-08,59,9.78066136873806,473,0.136805216559819,"srmspe"
2019-09-08,38,9.78229997108789,162,0.0469261479963361,"srmspe"
2019-09-08,508,9.74562648992514,1503,0.43498434040707,"srmspe"
2019-09-08,211,9.76880100887267,1654,0.478276048979437,"srmspe"
2019-09-08,162,9.77262441435559,907,0.262279220991088,"srmspe"
2019-09-08,186,9.77075172595579,672,0.194345622190865,"srmspe"
2019-09-08,70,9.77980305322149,1174,0.339532793989832,"srmspe"
2019-09-08,92,9.77808642218834,785,0.227038925988475,"srmspe"
2019-09-08,175,9.77161004147237,591,0.171187746422411,"srmspe"
2019-09-08,167,9.77223427093896,1034,0.299097226272337,"srmspe"
2019-09-08,171,9.77192215620567,1013,0.29293372116977,"srmspe"
2019-09-08,70,9.77980305322149,1986,0.57463232397357,"srmspe"
2019-09-08,1329,9.68156494091532,3029,0.875808868508228,"srmspe"
2019-09-08,856,9.71847250812804,4724,1.36608647057121,"srmspe"
2019-09-08,228,9.76747452125614,4699,1.35892099849419,"srmspe"
2019-09-08,887,9.71605361894497,9767,2.8242146530279,"srmspe"
2019-09-08,61,9.78050531137141,927,0.268214727128688,"srmspe"
2019-09-08,278,9.76357308708989,780,0.225674476944078,"srmspe"
2019-09-08,796,9.72315422912754,4377,1.26600584926549,"srmspe"
2019-09-08,37,9.78237799977121,1097,0.317288886428511,"srmspe"
2019-09-08,382,9.75545810402409,1629,0.471696223516153,"srmspe"
2019-09-08,134,9.77480921748869,1844,0.533369956380312,"srmspe"
2019-09-08,77,9.77925685243821,1188,0.343608781029249,"srmspe"
2019-09-08,164,9.77246835698894,658,0.190346363366903,"srmspe"
2019-09-08,138,9.77449710275539,1496,0.432568128939496,"srmspe"
2019-09-08,0,9.78526506105424,4154,1.20213985059067,"srmspe"
2019-09-08,535,9.74351971547537,2559,0.740608610570687,"srmspe"
2019-09-08,26,9.78323631528779,627,0.181496032518542,"srmspe"
2019-09-08,218,9.76825480808939,3189,0.92210208442219,"srmspe"
2019-09-08,1935,9.63427955882038,3336,0.964643500362433,"srmspe"
2019-09-08,172,9.77184412752234,869,0.251399790908343,"srmspe"
2019-09-08,174,9.77168807015569,921,0.266468233117397,"srmspe"
2019-09-08,177,9.77145398410572,1345,0.389161728321743,"srmspe"
2019-09-08,474,9.74827946515819,3719,1.07540614050635,"srmspe"
2019-09-08,687,9.73165935560997,4729,1.36731787074559,"srmspe"
2019-09-08,80,9.77902276638824,3123,0.903325498018667,"srmspe"
2019-09-08,961,9.71027949637892,1729,0.500121879742559,"srmspe"
2019-09-08,287,9.76287082893997,3232,0.934450661499461,"srmspe"
2019-09-08,347,9.75818910794047,2692,0.778546968920623,"srmspe"
2019-09-08,120,9.77590161905524,1634,0.472567154934663,"srmspe"
2019-09-08,155,9.77317061513886,768,0.222146275005426,"srmspe"
2019-09-08,38,9.78229997108789,1091,0.315808765809536,"srmspe"
2019-09-08,113,9.77644781983851,4116,1.19036605766443,"srmspe"
2019-09-08,239,9.76661620573956,2387,0.690408637576133,"srmspe"
2019-09-08,48,9.78151968425464,402,0.11627485028242,"srmspe"
2019-09-08,138,9.77449710275539,295,0.0853969892553727,"srmspe"
2019-09-08,122,9.77574556168859,1023,0.295959140864702,"srmspe"
2019-09-08,607,9.73790165027597,2647,0.765430964843321,"srmspe"
2019-09-08,478,9.74796735042489,2332,0.674369075478838,"srmspe"
2019-09-08,229,9.76739649257282,786,0.227483474510556,"srmspe"
2019-09-08,335,9.75912545214037,2076,0.600952050586074,"srmspe"
2019-09-08,47,9.78159771293796,171,0.0495287610561301,"srmspe"
2019-09-08,24,9.78339237265444,1275,0.368721954875891,"srmspe"
2019-09-08,41,9.78206588503791,195,0.0563919428417375,"srmspe"
2019-09-08,87,9.77847656560497,2664,0.770452959944131,"srmspe"
2019-09-08,244,9.76622606232294,1283,0.371045799089382,"srmspe"
2019-09-08,505,9.74586057597512,2496,0.721766090727917,"srmspe"
2019-09-08,291,9.76255871420667,1016,0.293882403864483,"srmspe"
2019-09-08,188,9.77059566858914,2592,0.749757866449381,"srmspe"
2019-09-08,514,9.74515831782519,3032,0.876976479121049,"srmspe"
2019-09-08,1194,9.6920988131642,3407,0.985159684840325,"srmspe"
2019-09-08,76,9.77933488112154,1411,0.408385355237247,"srmspe"
2019-09-08,114,9.77636979115519,1045,0.302208589737028,"srmspe"
2019-09-08,342,9.75857925135709,803,0.232347669610209,"srmspe"
2019-09-08,178,9.77137595542239,2269,0.65597922051183,"srmspe"
2019-09-08,251,9.76567986153966,1782,0.515220830769874,"srmspe"
2019-09-08,308,9.76123222659014,1128,0.326219050713544,"srmspe"
2019-09-08,171,9.77192215620567,2226,0.643756580973092,"srmspe"
2019-09-08,98,9.77761825008839,949,0.274708999773591,"srmspe"
2019-09-08,108,9.77683796325514,2265,0.655011787856354,"srmspe"
2019-09-08,140,9.77434104538874,239,0.0692702068396578,"srmspe"
2019-09-08,46,9.78167574162129,189,0.0546475388654831,"srmspe"
2019-09-08,116,9.77621373378854,1421,0.411187384302549,"srmspe"
2019-09-08,283,9.76318294367327,712,0.206095531666189,"srmspe"
2019-09-08,64,9.78027122532144,865,0.250512270261353,"srmspe"
2019-09-08,128,9.77527738958864,939,0.271757211979087,"srmspe"
2019-09-08,71,9.77972502453816,578,0.167251025844466,"srmspe"
2019-09-08,127,9.77535541827197,763,0.220805533273224,"srmspe"
2019-09-08,178,9.77137595542239,1377,0.3982388949596,"srmspe"
2019-09-08,346,9.75826713662379,831,0.240405659249932,"srmspe"
2019-09-08,168,9.77215624225564,1164,0.336812389455405,"srmspe"
2019-09-08,67,9.78003713927146,755,0.218392967444681,"srmspe"
2019-09-08,201,9.76958129570592,1065,0.307969145089988,"srmspe"
2019-09-08,236,9.76685029178954,1336,0.386452493179978,"srmspe"
2019-09-08,142,9.77418498802209,1471,0.425420552261799,"srmspe"
2019-09-08,57,9.78081742610471,384,0.111354685006122,"srmspe"
2019-09-08,120,9.77590161905524,1775,0.513506840103442,"srmspe"
2019-09-08,68,9.77995911058814,1562,0.451973811658534,"srmspe"
2019-09-08,88,9.77839853692164,1232,0.356238684976984,"srmspe"
2019-09-08,100,9.77746219272174,440,0.127266316725413,"srmspe"
2019-09-08,52,9.78120756952134,1370,0.396202627078542,"srmspe"
2019-09-08,53,9.78112954083801,446,0.128960731327266,"srmspe"
2019-09-08,110,9.77668190588849,500,0.144629472967372,"srmspe"
2019-09-08,173,9.77176609883901,586,0.169607392478687,"srmspe"
2019-09-08,319,9.76037391107357,1384,0.400482269856488,"srmspe"
2019-09-08,182,9.77106384068909,710,0.205439410076051,"srmspe"
2019-09-08,125,9.77551147563861,1120,0.324023609020016,"srmspe"
2019-09-08,127,9.77535541827196,1111,0.321430416833163,"srmspe"
2019-09-08,279,9.76349505840657,1113,0.322029211217707,"srmspe"
2019-09-08,628,9.73626304792614,2686,0.776644788583871,"srmspe"
2019-09-08,220,9.76809875072274,1608,0.465254914614671,"srmspe"
2019-09-08,299,9.76193448474007,2147,0.62095733057613,"srmspe"
2019-09-08,62,9.78042728268809,434,0.125562372593124,"srmspe"
2019-09-08,42,9.78198785635459,456,0.131908549793135,"srmspe"
2019-09-08,77,9.77925685243821,504,0.145778818727584,"srmspe"
2019-09-08,80,9.77902276638824,273,0.0789821956961141,"srmspe"
2019-09-08,132,9.77496527485534,848,0.245357456382005,"srmspe"
2019-09-08,88,9.77839853692164,723,0.2092163390294,"srmspe"
2019-09-08,146,9.77387287328879,864,0.249845108463349,"srmspe"
2019-09-08,128,9.77527738958864,1099,0.317935783945324,"srmspe"
2019-09-08,514,9.74515831782519,2073,0.599647135754243,"srmspe"
2019-09-08,158,9.77293652908889,1002,0.289827394470527,"srmspe"
2019-09-08,172,9.77184412752234,1156,0.334621759245036,"srmspe"
2019-09-08,55,9.78097348347136,398,0.115117806856109,"srmspe"
2019-09-08,76,9.77933488112154,508,0.147266242298976,"srmspe"
2019-09-08,261,9.76489957470642,3613,1.04524841262457,"srmspe"
2019-09-08,358,9.75733079242389,1702,0.492397066817187,"srmspe"
2019-09-08,338,9.75889136609039,3353,0.970039401891553,"srmspe"
2019-09-08,187,9.77067369727247,1188,0.343701332588994,"srmspe"
2019-09-08,108,9.77683796325514,1836,0.530981797345888,"srmspe"
2019-09-08,196,9.76997143912254,711,0.20566058430549,"srmspe"
2019-09-08,117,9.77613570510522,1039,0.300559295136388,"srmspe"
2019-09-08,293,9.76240265684002,1020,0.295004592017355,"srmspe"
2019-09-08,97,9.77769627877172,768,0.222106180076721,"srmspe"
2019-09-08,35,9.78253405713786,322,0.0932031132942038,"srmspe"
2019-09-08,54,9.78105151215469,364,0.10535981455224,"srmspe"
2019-09-08,100,9.77746219272174,948,0.274148232302149,"srmspe"
2019-09-08,68,9.77995911058814,367,0.106207061748037,"srmspe"
2019-09-08,30,9.78292420055449,375,0.108527133698953,"srmspe"
2019-09-08,139,9.77441907407207,1499,0.433759114866613,"srmspe"
2019-09-08,283,9.76318294367327,798,0.230823443121896,"srmspe"
2019-09-08,34,9.78261208582119,866,0.250528908835494,"srmspe"
2019-09-08,78,9.77917882375489,358,0.103536008055064,"srmspe"
2019-09-08,89,9.77832050823831,662,0.191540349919892,"srmspe"
2019-09-08,81,9.77894473770492,1062,0.307066599726824,"srmspe"
2019-09-08,76,9.77933488112154,308,0.0891346211944464,"srmspe"
2019-09-08,42,9.78198785635459,498,0.144015277929868,"srmspe"
2019-09-08,23,9.78347040133776,239,0.0691578208437282,"srmspe"
2019-09-08,38,9.78229997108789,307,0.0888096334113226,"srmspe"
2019-09-08,74,9.77949093848819,372,0.107602890675666,"srmspe"
2019-09-08,206,9.76919115228929,810,0.234337840739103,"srmspe"
2019-09-08,295,9.76224659947337,1287,0.372294249190906,"srmspe"
2019-09-08,94,9.77793036482169,597,0.172675712983279,"srmspe"
2019-09-08,201,9.76958129570592,1312,0.379512139447662,"srmspe"
2019-09-08,274,9.76388520182319,813,0.235128995556783,"srmspe"
2019-09-08,303,9.76162237000677,986,0.285188951971139,"srmspe"
2019-09-08,212,9.76872298018934,930,0.268937439833337,"srmspe"
2019-09-08,119,9.77597964773856,628,0.181668074202065,"srmspe"
2019-09-08,99,9.77754022140507,489,0.141455145198809,"srmspe"
2019-09-08,73,9.77956896717151,474,0.137070785509294,"srmspe"
2019-09-08,58,9.78073939742139,542,0.156754427073577,"srmspe"
2019-09-08,143,9.77410695933876,471,0.136254543178015,"srmspe"
2019-09-08,33,9.78269011450451,668,0.193241678797394,"srmspe"
2019-09-08,49,9.78144165557131,337,0.0974823113305688,"srmspe"
2019-09-08,84,9.77871065165494,501,0.144914349748253,"srmspe"
2019-09-08,30,9.78292420055449,367,0.106177143209071,"srmspe"
2019-09-08,53,9.78112954083801,598,0.172915250120952,"srmspe"
2019-09-08,41,9.78206588503791,371,0.107311671587772,"srmspe"
2019-09-08,30,9.78292420055449,374,0.108183742091451,"srmspe"
2019-09-08,51,9.78128559820466,251,0.0725959717199279,"srmspe"
2019-09-08,90,9.77824247955499,531,0.153567883869751,"srmspe"
2019-09-08,90,9.77824247955499,523,0.151255770604986,"srmspe"
2019-09-08,104,9.77715007798844,478,0.138319971628761,"srmspe"
2019-09-08,65,9.78019319663811,799,0.231152505883777,"srmspe"
2019-09-08,201,9.76958129570592,1024,0.296388418801658,"srmspe"
2019-09-08,108,9.77683796325514,1705,0.493093440430593,"srmspe"
2019-09-08,95,9.77785233613836,997,0.28834893782639,"srmspe"
2019-09-08,154,9.77324864382219,1690,0.488781055670264,"srmspe"
2019-09-08,177,9.77145398410572,857,0.248053557264221,"srmspe"
2019-09-08,84,9.77871065165494,1347,0.389553459881968,"srmspe"
2019-09-08,115,9.77629176247187,371,0.107273734971732,"srmspe"
2019-09-08,401,9.75397555904092,2954,0.854118559544,"srmspe"
2019-09-08,133,9.77488724617202,785,0.227034257692817,"srmspe"
2019-09-08,98,9.77761825008839,240,0.0695649625157593,"srmspe"
2019-09-08,145,9.77395090197212,734,0.212298347559179,"srmspe"
2019-09-08,246,9.76607000495629,2089,0.604343429934386,"srmspe"
2019-09-08,54,9.78105151215469,286,0.0827405436248222,"srmspe"
2019-09-08,89,9.77832050823831,1810,0.523346545139471,"srmspe"
2019-09-08,270,9.76419731655649,1823,0.52727420767897,"srmspe"
2019-09-08,355,9.75756487847387,1717,0.496745966836869,"srmspe"
2019-09-08,131,9.77504330353866,521,0.150716684879412,"srmspe"
2019-09-08,132,9.77496527485534,1020,0.295046659205922,"srmspe"
2019-09-08,592,9.73907208052584,2582,0.746715646652306,"srmspe"
2019-09-08,104,9.77715007798844,1453,0.420250506001716,"srmspe"
2019-09-08,158,9.77293652908889,1013,0.292991617041013,"srmspe"
2019-09-08,141,9.77426301670542,512,0.148094608509815,"srmspe"
2019-09-08,121,9.77582359037192,1100,0.318041434647596,"srmspe"
2019-09-08,92,9.77808642218834,602,0.174109917680051,"srmspe"
2019-09-08,102,9.77730613535509,1133,0.32772179514399,"srmspe"
2019-09-08,153,9.77332667250552,680,0.196713108790055,"srmspe"
2019-09-08,217,9.76833283677272,532,0.15390333554383,"srmspe"
2019-09-08,262,9.76482154602309,688,0.199031612169483,"srmspe"
2019-09-08,176,9.77153201278904,821,0.237566444839145,"srmspe"
2019-09-08,252,9.76560183285634,427,0.12358440877841,"srmspe"
2019-09-08,41,9.78206588503791,972,0.281136704544911,"srmspe"
2019-09-08,461,9.74929383804142,1543,0.446443199510655,"srmspe"
2019-09-08,94,9.77793036482169,2100,0.607272046812723,"srmspe"
2019-09-08,160,9.77278047172224,1393,0.403121595325655,"srmspe"
2019-09-08,94,9.77793036482169,1069,0.309245728454898,"srmspe"
2019-09-08,121,9.77582359037191,953,0.275630662159711,"srmspe"
2019-09-08,164,9.77246835698894,1003,0.290155984661069,"srmspe"
2019-09-08,82,9.77886670902159,465,0.134501454264893,"srmspe"
2019-09-08,596,9.73875996579254,1733,0.501232029624768,"srmspe"
2019-09-08,543,9.74289548600877,1667,0.482327139304448,"srmspe"
2019-09-08,62,9.78042728268809,388,0.112214193198511,"srmspe"
2019-09-08,25,9.78331434397111,284,0.082159600470819,"srmspe"
2019-09-08,68,9.77995911058814,1277,0.369357469797138,"srmspe"
2019-09-08,367,9.75662853427397,853,0.246966179342647,"srmspe"
2019-09-08,401,9.75397555904092,4719,1.36438388718538,"srmspe"
2019-09-08,11,9.78440674553766,158,0.0457327810658044,"srmspe"
2019-09-08,102,9.77730613535509,1602,0.463284952757397,"srmspe"
2019-09-08,62,9.78042728268809,432,0.124970084764753,"srmspe"
2019-09-08,46,9.78167574162129,679,0.196373361784067,"srmspe"
2019-09-08,108,9.77683796325514,843,0.244105843054144,"srmspe"
2019-09-08,76,9.77933488112154,333,0.096355106159997,"srmspe"
2019-09-08,70,9.77980305322149,839,0.242644070013013,"srmspe"
2019-09-08,151,9.77348272987217,1579,0.456664490259728,"srmspe"
2019-09-08,47,9.78159771293796,816,0.236001418245575,"srmspe"
2019-09-08,72,9.77964699585484,702,0.203053592091004,"srmspe"
2019-09-08,84,9.77871065165494,353,0.102147509958318,"srmspe"
2019-09-08,245,9.76614803363962,765,0.221274855679641,"srmspe"
2019-09-08,163,9.77254638567227,1563,0.452074181449927,"srmspe"
2019-09-08,265,9.76458745997312,1671,0.483282330359221,"srmspe"
2019-09-08,181,9.77114186937242,1063,0.307537034797809,"srmspe"
2019-09-08,63,9.78034925400476,369,0.106797719077686,"srmspe"
2019-09-08,372,9.75623839085734,1277,0.369353505887962,"srmspe"
2019-09-08,278,9.76357308708989,953,0.275716883072015,"srmspe"
2019-09-08,74,9.77949093848819,809,0.234062745419551,"srmspe"
2019-09-09,113,12.3996160958582,1063,0.191187016790707,"srmspe"
2019-09-09,0,12.4084333370739,1685,0.303231993294745,"srmspe"
2019-09-09,188,12.3937639446088,952,0.17121920688177,"srmspe"
2019-09-09,154,12.3964169198418,1216,0.218710000424101,"srmspe"
2019-09-09,189,12.3936859159255,965,0.173535715672357,"srmspe"
2019-09-09,87,12.4016448416246,874,0.157152216001603,"srmspe"
2019-09-09,71,12.4028933005578,571,0.102703624186399,"srmspe"
2019-09-09,123,12.3988358090249,1297,0.233273102712339,"srmspe"
2019-09-09,84,12.4018789276746,579,0.104129061628695,"srmspe"
2019-09-09,119,12.3991479237582,491,0.0883124050876684,"srmspe"
2019-09-09,115,12.3994600384915,661,0.118884532991921,"srmspe"
2019-09-09,99,12.4007084974247,1020,0.183437481261257,"srmspe"
2019-09-09,98,12.400786526108,513,0.0922624244628256,"srmspe"
2019-09-09,45,12.4049220463243,605,0.108825242106426,"srmspe"
2019-09-09,127,12.3985236942916,840,0.151098574914623,"srmspe"
2019-09-09,126,12.3986017229749,833,0.149836451664261,"srmspe"
2019-09-09,258,12.3883019367761,2981,0.536101804070152,"srmspe"
2019-09-09,71,12.4028933005578,2469,0.444137154489541,"srmspe"
2019-09-09,691,12.3545155168963,4970,0.893802352198107,"srmspe"
2019-09-09,178,12.394544231442,2362,0.424829102375902,"srmspe"
2019-09-09,467,12.3719939419611,1975,0.355262423639611,"srmspe"
2019-09-09,134,12.3979774935083,639,0.114942416337204,"srmspe"
2019-09-09,278,12.3867413631096,2081,0.374306727422305,"srmspe"
2019-09-09,149,12.3968070632585,830,0.149322311096964,"srmspe"
2019-09-09,496,12.3697311101447,3909,0.702935664972356,"srmspe"
2019-09-09,98,12.400786526108,1787,0.32144647767133,"srmspe"
2019-09-09,64,12.4034395013411,1166,0.209773256878349,"srmspe"
2019-09-09,57,12.4039857021244,769,0.138281105546609,"srmspe"
2019-09-09,102,12.4004744113747,570,0.102526147365407,"srmspe"
2019-09-09,93,12.4011766695247,463,0.0832984451848785,"srmspe"
2019-09-09,170,12.3951684609086,971,0.174645855489783,"srmspe"
2019-09-09,143,12.3972752353584,744,0.133793133439052,"srmspe"
2019-09-09,156,12.3962608624752,764,0.137417337190851,"srmspe"
2019-09-09,105,12.4002403253248,1236,0.222276276273059,"srmspe"
2019-09-09,331,12.3826058428933,1395,0.250875690094829,"srmspe"
2019-09-09,65,12.4033614726578,594,0.106840164617879,"srmspe"
2019-09-09,98,12.400786526108,343,0.0617548248431824,"srmspe"
2019-09-09,304,12.3847126173431,2435,0.437951659299011,"srmspe"
2019-09-09,63,12.4035175300244,1215,0.218583177127944,"srmspe"
2019-09-09,452,12.373164372211,2515,0.452317521204351,"srmspe"
2019-09-09,116,12.3993820098082,378,0.0679797471295081,"srmspe"
2019-09-09,1106,12.3221336133165,7373,1.32603230907068,"srmspe"
2019-09-09,116,12.3993820098082,656,0.118017247573968,"srmspe"
2019-09-09,129,12.398367636925,1010,0.181664634590737,"srmspe"
2019-09-09,85,12.4018008989913,356,0.0640317302599714,"srmspe"
2019-09-09,43,12.4050781036909,468,0.0841723964592634,"srmspe"
2019-09-09,68,12.4031273866078,552,0.0992698219112883,"srmspe"
2019-09-09,74,12.4026592145078,563,0.101308765147688,"srmspe"
2019-09-09,183,12.3941540880254,1717,0.30879347812367,"srmspe"
2019-09-09,201,12.3927495717256,2093,0.376373763961383,"srmspe"
2019-09-09,584,12.3628645860121,2106,0.378671579372673,"srmspe"
2019-09-09,292,12.385648961543,2078,0.373681042345239,"srmspe"
2019-09-09,290,12.3858050189097,2222,0.399675129181686,"srmspe"
2019-09-09,57,12.4039857021244,867,0.155926569046142,"srmspe"
2019-09-09,54,12.4042197881743,230,0.0413860929519096,"srmspe"
2019-09-09,80,12.4021910424079,339,0.0609907847594277,"srmspe"
2019-09-09,55,12.404141759491,200,0.036011824284006,"srmspe"
2019-09-09,158,12.3961048051085,994,0.178780899635067,"srmspe"
2019-09-09,204,12.3925154856756,1067,0.191909289786485,"srmspe"
2019-09-09,107,12.4000842679581,1163,0.209169156100412,"srmspe"
2019-09-09,63,12.4035175300244,921,0.165634431077857,"srmspe"
2019-09-09,85,12.4018008989913,712,0.128039294518346,"srmspe"
2019-09-09,163,12.3957146616919,631,0.113467399554525,"srmspe"
2019-09-09,118,12.3992259524415,744,0.133787769461302,"srmspe"
2019-09-09,295,12.385414875493,2334,0.419836234929149,"srmspe"
2019-09-09,238,12.3898625104425,1047,0.188326946119964,"srmspe"
2019-09-09,325,12.3830740149933,2048,0.36826070398486,"srmspe"
2019-09-09,13,12.4074189641907,853,0.153405989325207,"srmspe"
2019-09-09,203,12.3925935143589,1650,0.296795061505487,"srmspe"
2019-09-09,169,12.395246489592,2238,0.402533333933157,"srmspe"
2019-09-09,60,12.4037516160744,1994,0.358685013303814,"srmspe"
2019-09-09,318,12.3836202157766,2294,0.412544310864267,"srmspe"
2019-09-09,275,12.3869754491595,943,0.169650607968404,"srmspe"
2019-09-09,208,12.3922033709423,1097,0.197344342348946,"srmspe"
2019-09-09,222,12.3911109693757,1944,0.349643828401476,"srmspe"
2019-09-09,130,12.3982896082416,1458,0.262234255727677,"srmspe"
2019-09-09,209,12.392125342259,1761,0.316750207640208,"srmspe"
2019-09-09,110,12.3998501819081,1286,0.23132370083946,"srmspe"
2019-09-09,82,12.4020349850412,958,0.172296451779288,"srmspe"
2019-09-09,77,12.4024251284579,861,0.154847118185185,"srmspe"
2019-09-09,171,12.3950904322253,837,0.150541598228079,"srmspe"
2019-09-09,83,12.4019569563579,668,0.120124759508685,"srmspe"
2019-09-09,57,12.4039857021244,407,0.0732035611194201,"srmspe"
2019-09-09,76,12.4025031571412,448,0.0805792113564151,"srmspe"
2019-09-09,328,12.3828399289433,1177,0.211648234157659,"srmspe"
2019-09-09,100,12.4006304687414,619,0.111306900149328,"srmspe"
2019-09-09,51,12.4044538742243,994,0.178781014906541,"srmspe"
2019-09-09,137,12.3977434074584,988,0.177687619882498,"srmspe"
2019-09-09,30,12.4060924765741,188,0.0338451179796871,"srmspe"
2019-09-09,96,12.4009425834747,618,0.111159783760884,"srmspe"
2019-09-09,158,12.3961048051085,493,0.0886958172502414,"srmspe"
2019-09-09,74,12.4026592145078,560,0.100711567768797,"srmspe"
2019-09-09,52,12.404375845541,439,0.0789717528009162,"srmspe"
2019-09-09,51,12.4044538742243,399,0.0717504893178965,"srmspe"
2019-09-09,127,12.3985236942916,703,0.126449837696677,"srmspe"
2019-09-09,37,12.4055462757909,999,0.179672549734705,"srmspe"
2019-09-09,90,12.4014107555746,498,0.0895751326736933,"srmspe"
2019-09-09,131,12.3982115795583,654,0.117626927862387,"srmspe"
2019-09-09,160,12.3959487477419,1668,0.299927304139176,"srmspe"
2019-09-09,76,12.4025031571412,322,0.0579277910355997,"srmspe"
2019-09-09,57,12.4039857021244,573,0.103049255272472,"srmspe"
2019-09-09,143,12.3972752353584,639,0.114933377037839,"srmspe"
2019-09-09,72,12.4028152718745,534,0.0960229205281075,"srmspe"
2019-09-09,123,12.3988358090249,380,0.0683447721322186,"srmspe"
2019-09-09,62,12.4035955587077,467,0.0839886772600889,"srmspe"
2019-09-09,37,12.4055462757909,354,0.0636655642171499,"srmspe"
2019-09-09,85,12.4018008989913,200,0.0359765883823192,"srmspe"
2019-09-09,53,12.4042978168577,499,0.0897472365979371,"srmspe"
2019-09-09,58,12.403907673441,570,0.102511405244484,"srmspe"
2019-09-09,185,12.3939980306588,323,0.0581225255827158,"srmspe"
2019-09-09,44,12.4050000750076,619,0.111316628670904,"srmspe"
2019-09-09,271,12.3872875638928,1278,0.229858431578116,"srmspe"
2019-09-09,280,12.3865853057429,2045,0.367764104365806,"srmspe"
2019-09-09,600,12.3616161270789,1966,0.353524393756712,"srmspe"
2019-09-09,392,12.3778460932105,1794,0.322597188148356,"srmspe"
2019-09-09,278,12.3867413631096,2600,0.467513883144139,"srmspe"
2019-09-09,544,12.3659857333451,1851,0.332843764053195,"srmspe"
2019-09-09,52,12.404375845541,494,0.0888690564473866,"srmspe"
2019-09-09,44,12.4050000750076,514,0.0924328487846825,"srmspe"
2019-09-09,71,12.4028933005578,527,0.0947875419108413,"srmspe"
2019-09-09,73,12.4027372431912,449,0.0807551018800434,"srmspe"
2019-09-09,35,12.4057023331575,404,0.0726620575901932,"srmspe"
2019-09-09,63,12.4035175300244,651,0.117063971641864,"srmspe"
2019-09-09,131,12.3982115795583,506,0.0910105473087803,"srmspe"
2019-09-09,134,12.3979774935083,388,0.0697769920297701,"srmspe"
2019-09-09,42,12.4051561323742,410,0.0737340354933109,"srmspe"
2019-09-09,280,12.3865853057429,984,0.176982020392774,"srmspe"
2019-09-09,191,12.3935298585588,925,0.166387815772793,"srmspe"
2019-09-09,44,12.4050000750076,1518,0.273009561363178,"srmspe"
2019-09-09,23,12.4066386773574,308,0.0554285024703973,"srmspe"
2019-09-09,134,12.3979774935083,2280,0.410029338977537,"srmspe"
2019-09-09,154,12.3964169198418,1050,0.188858594997115,"srmspe"
2019-09-09,192,12.3934518298755,1399,0.251594385038318,"srmspe"
2019-09-09,181,12.3943101453921,724,0.130236225863846,"srmspe"
2019-09-09,95,12.401020612158,575,0.10343645073861,"srmspe"
2019-09-09,68,12.4031273866078,605,0.108829497127237,"srmspe"
2019-09-09,113,12.3996160958582,3318,0.596734349924101,"srmspe"
2019-09-09,163,12.3957146616919,1054,0.189592242648533,"srmspe"
2019-09-09,671,12.3560760905628,2480,0.446027655925996,"srmspe"
2019-09-09,93,12.4011766695247,2162,0.388860744262363,"srmspe"
2019-09-09,135,12.397899464825,1427,0.256640928521145,"srmspe"
2019-09-09,174,12.3948563461754,1330,0.23921884222433,"srmspe"
2019-09-09,527,12.3673122209616,4350,0.782413930220608,"srmspe"
2019-09-09,325,12.3830740149933,1323,0.237978359401583,"srmspe"
2019-09-09,264,12.3878337646761,4462,0.802538691316999,"srmspe"
2019-09-09,67,12.4032054152911,518,0.0931738270197507,"srmspe"
2019-09-09,102,12.4004744113748,487,0.0875862817848229,"srmspe"
2019-09-09,141,12.3974312927251,1069,0.192278899616402,"srmspe"
2019-09-09,417,12.3758953761274,2872,0.516469902080595,"srmspe"
2019-09-09,203,12.3925935143589,2376,0.427214100321422,"srmspe"
2019-09-09,171,12.3950904322253,1043,0.18757282804928,"srmspe"
2019-09-09,72,12.4028152718745,995,0.178971002571712,"srmspe"
2019-09-09,96,12.4009425834747,717,0.128940652054125,"srmspe"
2019-09-09,42,12.4051561323742,365,0.0656486245366179,"srmspe"
2019-09-09,54,12.4042197881743,927,0.166698268142156,"srmspe"
2019-09-09,107,12.4000842679581,793,0.142616820836182,"srmspe"
2019-09-09,65,12.4033614726578,574,0.103277294981056,"srmspe"
2019-09-09,92,12.401254698208,571,0.102738803717416,"srmspe"
2019-09-09,83,12.4019569563579,1083,0.194773083421299,"srmspe"
2019-09-09,435,12.3744908598275,3290,0.591686412380219,"srmspe"
2019-09-09,55,12.404141759491,1165,0.209639357962222,"srmspe"
2019-09-09,421,12.3755832613941,3173,0.570657870172826,"srmspe"
2019-09-09,145,12.3971191779918,1312,0.235951170945393,"srmspe"
2019-09-09,312,12.3840883878765,1869,0.33606761793433,"srmspe"
2019-09-09,79,12.4022690710912,831,0.149432613569941,"srmspe"
2019-09-09,177,12.3946222601254,799,0.143706570636337,"srmspe"
2019-09-09,182,12.3942321167087,1477,0.265615811350703,"srmspe"
2019-09-09,342,12.3817475273768,4950,0.890297236230894,"srmspe"
2019-09-09,624,12.3597434386791,2904,0.522308855366957,"srmspe"
2019-09-09,183,12.3941540880254,3255,0.585522712954693,"srmspe"
2019-09-09,487,12.3704333682946,2647,0.476044636761134,"srmspe"
2019-09-09,330,12.3826838715767,1861,0.334684342821272,"srmspe"
2019-09-09,242,12.3895503957093,3774,0.678822322773908,"srmspe"
2019-09-09,45,12.4049220463243,1041,0.187328986168488,"srmspe"
2019-09-09,95,12.401020612158,634,0.114131995931899,"srmspe"
2019-09-09,0,12.4084333370739,821,0.147755913044166,"srmspe"
2019-09-09,363,12.3801089250269,947,0.170315466461629,"srmspe"
2019-09-09,353,12.3808892118602,566,0.101863451875588,"srmspe"
2019-09-09,328,12.3828399289433,4156,0.747658100178396,"srmspe"
2019-09-09,235,12.3900965964925,827,0.148745692121433,"srmspe"
2019-09-09,105,12.4002403253248,5116,0.920056177835432,"srmspe"
2019-09-09,195,12.3932177438255,519,0.0933273292611707,"srmspe"
2019-09-09,102,12.4004744113748,885,0.159158802879773,"srmspe"
2019-09-09,2048,12.2486305936243,10100,1.81640717831028,"srmspe"
2019-09-09,241,12.3896284243926,1597,0.287276465119697,"srmspe"
2019-09-09,95,12.401020612158,1020,0.183423645132529,"srmspe"
2019-09-09,132,12.398133550875,1446,0.260008570960453,"srmspe"
2019-09-09,96,12.4009425834747,682,0.122649357079364,"srmspe"
2019-09-09,189,12.3936859159255,3111,0.559452502032743,"srmspe"
2019-09-09,206,12.3923594283089,1279,0.230041790053938,"srmspe"
2019-09-09,384,12.3784703226771,313,0.0563050455729839,"srmspe"
2019-09-09,38,12.4054682471075,577,0.103781482916531,"srmspe"
2019-09-09,363,12.3801089250269,2428,0.436870645444498,"srmspe"
2019-09-09,308,12.3844005026098,1086,0.195406474382826,"srmspe"
2019-09-09,123,12.3988358090249,1287,0.231545831945413,"srmspe"
2019-09-09,523,12.3676243356949,4619,0.830792218762992,"srmspe"
2019-09-09,2167,12.2393451803086,3889,0.699416024866703,"srmspe"
2019-09-09,162,12.3957926903752,799,0.143697769430975,"srmspe"
2019-09-09,125,12.3986797516583,1919,0.345061261024009,"srmspe"
2019-09-09,98,12.400786526108,1195,0.214917979700447,"srmspe"
2019-09-09,114,12.3995380671749,582,0.10472963383622,"srmspe"
2019-09-09,164,12.3956366330086,1733,0.311714860490841,"srmspe"
2019-09-09,303,12.3847906460264,2110,0.379409820670975,"srmspe"
2019-09-09,270,12.3873655925762,1667,0.299741161692151,"srmspe"
2019-09-09,77,12.4024251284579,582,0.104661240789505,"srmspe"
2019-09-09,16,12.4071848781407,479,0.0861565542274255,"srmspe"
2019-09-09,124,12.3987577803416,1059,0.190507539983734,"srmspe"
2019-09-09,261,12.3880678507261,1373,0.247019043884723,"srmspe"
2019-09-09,230,12.3904867399092,946,0.170157490050849,"srmspe"
2019-09-09,182,12.3942321167087,335,0.0602524461202481,"srmspe"
2019-09-09,47,12.4047659889576,707,0.127137130141572,"srmspe"
2019-09-09,655,12.357324549496,3061,0.550447110236649,"srmspe"
2019-09-09,132,12.398133550875,1218,0.219015420132932,"srmspe"
2019-09-09,32,12.4059364192075,333,0.059901121217109,"srmspe"
2019-09-09,56,12.4040637308077,257,0.04622728593945,"srmspe"
2019-09-09,391,12.3779241218938,2619,0.471007568610468,"srmspe"
2019-09-09,345,12.3815134413268,1996,0.35895473610038,"srmspe"
2019-09-09,221,12.3911889980591,6157,1.10705491317853,"srmspe"
2019-09-09,65,12.4033614726578,812,0.146046581390199,"srmspe"
2019-09-09,164,12.3956366330086,856,0.153947995575854,"srmspe"
2019-09-09,204,12.3925154856756,877,0.157729505711441,"srmspe"
2019-09-09,94,12.4010986408413,768,0.138187282835273,"srmspe"
2019-09-09,63,12.4035175300244,1329,0.23902531855437,"srmspe"
2019-09-09,11,12.4075750215573,3197,0.575117456045795,"srmspe"
2019-09-09,110,12.3998501819081,1695,0.304831035906254,"srmspe"
2019-09-09,48,12.4046879602743,256,0.0461050238142571,"srmspe"
2019-09-09,572,12.363800930212,2044,0.367522387414983,"srmspe"
2019-09-09,169,12.395246489592,677,0.121784234900824,"srmspe"
2019-09-09,47,12.4047659889576,625,0.112378077131043,"srmspe"
2019-09-09,164,12.3956366330086,1344,0.241721953018647,"srmspe"
2019-09-09,427,12.3751150892941,2135,0.383958553065782,"srmspe"
2019-09-09,117,12.3993039811249,885,0.159180948607608,"srmspe"
2019-09-09,207,12.3922813996256,1133,0.203755968796041,"srmspe"
2019-09-09,118,12.3992259524415,5163,0.928397470099392,"srmspe"
2019-09-09,46,12.4048440176409,546,0.0982377578191955,"srmspe"
2019-09-09,65,12.4033614726578,926,0.166586390202884,"srmspe"
2019-09-09,356,12.3806551258102,2597,0.467056253586704,"srmspe"
2019-09-09,141,12.3974312927251,1820,0.327415984465172,"srmspe"
2019-09-09,142,12.3973532640417,794,0.142823454482767,"srmspe"
2019-09-09,104,12.4003183540081,792,0.142473065727183,"srmspe"
2019-09-09,101,12.4005524400581,713,0.128267597560547,"srmspe"
2019-09-09,246,12.389238280976,1448,0.260455940353263,"srmspe"
2019-09-09,135,12.397899464825,390,0.0701322304156214,"srmspe"
2019-09-09,53,12.4042978168577,605,0.108802924010806,"srmspe"
2019-09-09,51,12.4044538742243,493,0.0886668926751504,"srmspe"
2019-09-09,1035,12.3276736498325,2657,0.477874344854225,"srmspe"
2019-09-09,196,12.3931397151422,2114,0.380262552369097,"srmspe"
2019-09-09,47,12.4047659889576,985,0.1771620580248,"srmspe"
2019-09-09,169,12.395246489592,1097,0.197348989878826,"srmspe"
2019-09-09,127,12.3985236942916,703,0.12647106207759,"srmspe"
2019-09-09,99,12.4007084974247,459,0.0825880399518303,"srmspe"
2019-09-09,70,12.4029713292411,608,0.10934652531412,"srmspe"
2019-09-09,101,12.4005524400581,508,0.0913623243475804,"srmspe"
2019-09-09,61,12.4036735873911,1472,0.264785677695383,"srmspe"
2019-09-09,89,12.401488784258,1056,0.189926070892234,"srmspe"
2019-09-09,525,12.3674682783283,2289,0.411661808678809,"srmspe"
2019-09-09,514,12.3683265938449,3232,0.581114068889686,"srmspe"
2019-09-09,331,12.3826058428933,3399,0.611133710521456,"srmspe"
2019-09-09,82,12.4020349850412,840,0.151094628716931,"srmspe"
2019-09-09,166,12.3954805756419,1046,0.188103180359421,"srmspe"
2019-09-09,209,12.392125342259,1170,0.210416097894536,"srmspe"
2019-09-09,250,12.3889261662426,1198,0.215456111846951,"srmspe"
2019-09-09,183,12.3941540880254,1105,0.198789068966859,"srmspe"
2019-09-09,224,12.3909549120091,2346,0.42204477131724,"srmspe"
2019-09-09,314,12.3839323305099,1293,0.232532268480817,"srmspe"
2019-09-09,147,12.3969631206251,645,0.116021151059389,"srmspe"
2019-09-09,179,12.3944662027587,1834,0.329791321741844,"srmspe"
2019-09-09,195,12.3932177438255,972,0.174774708657776,"srmspe"
2019-09-09,245,12.3893163096593,1355,0.243667723551807,"srmspe"
2019-09-09,235,12.3900965964925,528,0.094959272274334,"srmspe"
2019-09-09,56,12.4040637308077,1112,0.199942062391211,"srmspe"
2019-09-09,75,12.4025811858245,972,0.17477255128345,"srmspe"
2019-09-09,210,12.3920473135757,854,0.153588587616744,"srmspe"
2019-09-09,143,12.3972752353584,770,0.138514737058626,"srmspe"
2019-09-09,234,12.3901746251759,1461,0.262670773502962,"srmspe"
2019-09-09,472,12.3716037985445,1389,0.249718052138169,"srmspe"
2019-09-09,160,12.3959487477419,1540,0.276880633223778,"srmspe"
2019-09-09,209,12.392125342259,1008,0.181379482677641,"srmspe"
2019-09-09,424,12.3753491753441,1186,0.213240207360757,"srmspe"
2019-09-09,0,12.4084333370739,2007,0.361010236961764,"srmspe"
2019-09-09,262,12.3879898220427,945,0.170003375962143,"srmspe"
2019-09-09,123,12.3988358090249,1177,0.211709257886893,"srmspe"
2019-09-09,237,12.3899405391259,1651,0.296930443223112,"srmspe"
2019-09-09,468,12.3719159132778,1322,0.237754051647203,"srmspe"
2019-09-09,167,12.3954025469586,1037,0.186496373556925,"srmspe"
2019-09-09,84,12.4018789276746,685,0.123189988727103,"srmspe"
2019-09-09,129,12.398367636925,1259,0.226414502890417,"srmspe"
2019-09-09,218,12.3914230841091,1179,0.212062796610213,"srmspe"
2019-09-09,140,12.3975093214084,2274,0.408961186848917,"srmspe"
2019-09-09,135,12.397899464825,2030,0.365015254960927,"srmspe"
2019-09-09,365,12.3799528676603,1974,0.355059240566987,"srmspe"
2019-09-09,307,12.3844785312931,1491,0.268196779421891,"srmspe"
2019-09-09,228,12.3906427972758,4391,0.78967104959473,"srmspe"
2019-09-09,167,12.3954025469586,1481,0.266440898634804,"srmspe"
2019-09-09,130,12.3982896082416,1655,0.29759571573869,"srmspe"
2019-09-09,127,12.3985236942916,1121,0.201622418495577,"srmspe"
2019-09-09,166,12.3954805756419,301,0.0541627711522212,"srmspe"
2019-09-09,166,12.3954805756419,514,0.0924458473809785,"srmspe"
2019-09-09,98,12.400786526108,836,0.150386241010711,"srmspe"
2019-09-09,272,12.3872095352095,2562,0.460791780875963,"srmspe"
2019-09-09,145,12.3971191779918,1682,0.302618772840443,"srmspe"
2019-09-09,228,12.3906427972758,1093,0.19656141777658,"srmspe"
2019-09-09,285,12.3861951623263,4339,0.780453623302262,"srmspe"
2019-09-09,98,12.400786526108,2203,0.396276680827619,"srmspe"
2019-09-09,244,12.3893943383426,941,0.169331225509867,"srmspe"
2019-09-09,203,12.3925935143589,2106,0.378857203788956,"srmspe"
2019-09-09,211,12.3919692848923,1439,0.258813964481964,"srmspe"
2019-09-09,48,12.4046879602743,363,0.0653024062498525,"srmspe"
2019-09-09,271,12.3872875638928,2608,0.469101418966971,"srmspe"
2019-09-09,452,12.373164372211,1258,0.226252788154591,"srmspe"
2019-09-09,595,12.3620062704955,2963,0.532960339379003,"srmspe"
2019-09-09,283,12.3863512196929,1297,0.233400882823677,"srmspe"
2019-09-09,227,12.3907208259591,1438,0.258617080313231,"srmspe"
2019-09-09,584,12.3628645860121,1597,0.287290210120048,"srmspe"
2019-09-09,148,12.3968850919418,1263,0.227164555431226,"srmspe"
2019-09-09,283,12.3863512196929,3336,0.599953557642754,"srmspe"
2019-09-09,189,12.3936859159255,672,0.120883004991227,"srmspe"
2019-09-09,167,12.3954025469586,638,0.114734999857772,"srmspe"
2019-09-09,443,12.3738666303609,3204,0.5761712741347,"srmspe"
2019-09-09,225,12.3908768833258,1402,0.252116904880481,"srmspe"
2019-09-09,288,12.3859610762763,610,0.10982387167731,"srmspe"
2019-09-09,15,12.407262906824,1318,0.23712751334845,"srmspe"
2019-09-09,137,12.3977434074584,977,0.175672842617906,"srmspe"
2019-09-09,159,12.3960267764252,480,0.0863830387413335,"srmspe"
2019-09-09,110,12.3998501819081,479,0.086161363764884,"srmspe"
2019-09-09,204,12.3925154856756,540,0.0971158743911593,"srmspe"
2019-09-09,68,12.4031273866078,729,0.131090132800093,"srmspe"
2019-09-09,84,12.4018789276746,579,0.104136923121242,"srmspe"
2019-09-09,152,12.3965729772085,1929,0.346905486139273,"srmspe"
2019-09-09,218,12.3914230841091,2468,0.443789859009653,"srmspe"
2019-09-09,165,12.3955586043253,2259,0.406258259496555,"srmspe"
2019-09-09,382,12.3786263800437,1920,0.345282936749177,"srmspe"
2019-09-09,46,12.4048440176409,547,0.0983805417462663,"srmspe"
2019-09-09,106,12.4001622966414,645,0.115999729833084,"srmspe"
2019-09-09,77,12.4024251284579,844,0.151779960936753,"srmspe"
2019-09-09,158,12.3961048051085,1078,0.193836594371857,"srmspe"
2019-09-09,99,12.4007084974247,377,0.0678109989776652,"srmspe"
2019-09-09,64,12.4034395013411,383,0.0689098429666185,"srmspe"
2019-09-09,770,12.3483512509137,6096,1.09619585568996,"srmspe"
2019-09-09,221,12.3911889980591,1868,0.335904342184382,"srmspe"
2019-09-09,75,12.4025811858245,490,0.0881342762075508,"srmspe"
2019-09-09,101,12.4005524400581,959,0.172465288866826,"srmspe"
2019-09-09,177,12.3946222601254,1212,0.217935066824952,"srmspe"
2019-09-09,124,12.3987577803416,987,0.177541175158338,"srmspe"
2019-09-09,80,12.4021910424079,862,0.15501188719742,"srmspe"
2019-09-09,112,12.3996941245415,960,0.172669587201494,"srmspe"
2019-09-09,131,12.3982115795583,891,0.160233635743142,"srmspe"
2019-09-09,81,12.4021130137246,2037,0.366432106513733,"srmspe"
2019-09-09,255,12.388536022826,3963,0.71265519265077,"srmspe"
2019-09-09,295,12.385414875493,2304,0.414349875599163,"srmspe"
2019-09-09,500,12.3694189954114,1801,0.323888195046425,"srmspe"
2019-09-09,47,12.4047659889576,730,0.131360358884619,"srmspe"
2019-09-09,578,12.3633327581121,2421,0.435339756145464,"srmspe"
2019-09-09,134,12.3979774935083,525,0.0944097391593072,"srmspe"
2019-09-09,101,12.4005524400581,899,0.161672354895624,"srmspe"
2019-09-09,268,12.3875216499428,671,0.120672885056465,"srmspe"
2019-09-09,80,12.4021910424079,1070,0.19239415282102,"srmspe"
2019-09-09,83,12.4019569563579,834,0.149972522740257,"srmspe"
2019-09-09,118,12.3992259524415,620,0.111519442938202,"srmspe"
2019-09-09,53,12.4042978168577,799,0.143706955354859,"srmspe"
2019-09-09,79,12.4022690710912,347,0.0624383236534248,"srmspe"
2019-09-09,195,12.3932177438255,691,0.124273822941427,"srmspe"
2019-09-09,283,12.3863512196929,4254,0.764978385981971,"srmspe"
2019-09-09,196,12.3931397151422,2081,0.374452474791026,"srmspe"
2019-09-09,245,12.3893163096593,2248,0.40430521797493,"srmspe"
2019-09-09,2319,12.2274848204432,6010,1.08086658061632,"srmspe"
2019-09-09,758,12.3492875951136,2833,0.509651960610427,"srmspe"
2019-09-09,259,12.3882239080927,1014,0.182368439375712,"srmspe"
2019-09-09,147,12.3969631206251,424,0.076304341652958,"srmspe"
2019-09-09,104,12.4003183540081,675,0.121403149074486,"srmspe"
2019-09-09,189,12.3936859159255,947,0.170472160575536,"srmspe"
2019-09-09,92,12.401254698208,928,0.166921910865245,"srmspe"
2019-09-09,83,12.4019569563579,664,0.119475442410217,"srmspe"
2019-09-09,76,12.4025031571412,1737,0.312438587108939,"srmspe"
2019-09-09,213,12.3918132275257,2277,0.409499797737319,"srmspe"
2019-09-09,99,12.4007084974247,790,0.142074205797157,"srmspe"
2019-09-09,130,12.3982896082416,598,0.107593830131662,"srmspe"
2019-09-09,1382,12.3005976967188,12378,2.22564642820624,"srmspe"
2019-09-09,258,12.3883019367761,2795,0.502853326180306,"srmspe"
2019-09-09,82,12.4020349850412,893,0.160612908543058,"srmspe"
2019-09-09,420,12.3756612900774,2432,0.437282096124516,"srmspe"
2019-09-09,70,12.4029713292411,1492,0.268304180207592,"srmspe"
2019-09-09,381,12.3787044087271,2003,0.360182038781125,"srmspe"
2019-09-09,275,12.3869754491595,1968,0.353956900697703,"srmspe"
2019-09-09,112,12.3996941245415,1663,0.299088924999525,"srmspe"
2019-09-09,468,12.3719159132778,2332,0.419321543551853,"srmspe"
2019-09-09,1261,12.3100391674011,5140,0.924451726124929,"srmspe"
2019-09-09,1283,12.3083225363679,5823,1.04706845536394,"srmspe"
2019-09-09,376,12.3790945521437,70,0.0126197743865959,"srmspe"
2019-09-09,36,12.4056243044742,820,0.147497977252342,"srmspe"
2019-09-09,74,12.4026592145078,429,0.0771858841820021,"srmspe"
2019-09-09,62,12.4035955587077,682,0.122654626275678,"srmspe"
2019-09-09,127,12.3985236942916,656,0.118002795215123,"srmspe"
2019-09-09,335,12.38229372816,4147,0.745706417738098,"srmspe"
2019-09-09,386,12.3783142653105,1947,0.350200301424512,"srmspe"
2019-09-09,127,12.3985236942916,1972,0.354688540350488,"srmspe"
2019-09-09,122,12.3989138377082,710,0.127697438733087,"srmspe"
2019-09-09,227,12.3907208259591,910,0.163664634633242,"srmspe"
2019-09-09,152,12.3965729772085,1071,0.192668592395005,"srmspe"
2019-09-09,257,12.3883799654594,2805,0.50444284482005,"srmspe"
2019-09-09,220,12.3912670267424,3031,0.545064088825997,"srmspe"
2019-09-09,651,12.3576366642293,4339,0.780311222513111,"srmspe"
2019-09-09,71,12.4028933005578,883,0.158867674297965,"srmspe"
2019-09-09,270,12.3873655925762,4191,0.753871653794619,"srmspe"
2019-09-09,115,12.3994600384915,1631,0.293316756707864,"srmspe"
2019-09-09,81,12.4021130137246,799,0.143718645638257,"srmspe"
2019-09-09,110,12.3998501819081,1119,0.201351530576525,"srmspe"
2019-09-09,105,12.4002403253248,1830,0.329233254064908,"srmspe"
2019-09-09,213,12.3918132275257,1245,0.223876795366859,"srmspe"
2019-09-09,121,12.3989918663916,1126,0.202486035184499,"srmspe"
2019-09-09,267,12.3875996786261,3647,0.655881287096617,"srmspe"
2019-09-09,181,12.3943101453921,383,0.0688910687114798,"srmspe"
2019-09-09,183,12.3941540880254,1013,0.18218040964912,"srmspe"
2019-09-09,70,12.4029713292411,838,0.150713179512159,"srmspe"
2019-09-09,66,12.4032834439744,954,0.171556363230507,"srmspe"
2019-09-09,296,12.3853368468097,1488,0.267580318552908,"srmspe"
2019-09-09,65,12.4033614726578,696,0.125206589466161,"srmspe"
2019-09-09,141,12.3974312927251,957,0.172116872869272,"srmspe"
2019-09-09,94,12.4010986408413,752,0.135245365107469,"srmspe"
2019-09-09,1302,12.3068399913848,5665,1.01881027738268,"srmspe"
2019-09-09,458,12.3726962001111,1275,0.229335610213819,"srmspe"
2019-09-09,255,12.388536022826,2939,0.528582034967024,"srmspe"
2019-09-09,258,12.3883019367761,1612,0.289907783622669,"srmspe"
2019-09-09,147,12.3969631206251,2401,0.431886579610781,"srmspe"
2019-09-09,39,12.4053902184242,574,0.103253335148233,"srmspe"
2019-09-09,205,12.3924374569923,1815,0.326329961211265,"srmspe"
2019-09-09,158,12.3961048051085,1050,0.188919684464169,"srmspe"
2019-09-09,376,12.3790945521437,1007,0.181107450826742,"srmspe"
2019-09-09,117,12.3993039811249,1440,0.258953192797092,"srmspe"
2019-09-09,135,12.397899464825,2031,0.365279363996424,"srmspe"
2019-09-09,132,12.398133550875,1204,0.216589576669858,"srmspe"
2019-09-09,47,12.4047659889576,570,0.102505043232201,"srmspe"
2019-09-09,587,12.3626304999621,2918,0.524844819337718,"srmspe"
2019-09-09,419,12.3757393187607,1458,0.262225122375921,"srmspe"
2019-09-09,385,12.3783922939938,1121,0.201646663804121,"srmspe"
2019-09-09,130,12.3982896082416,352,0.0633466793765033,"srmspe"
2019-09-09,102,12.4004744113748,1421,0.255542412332017,"srmspe"
2019-09-09,100,12.4006304687414,947,0.170317043853336,"srmspe"
2019-09-09,103,12.4003963826914,417,0.0750087683755776,"srmspe"
2019-09-09,69,12.4030493579245,652,0.11727085819516,"srmspe"
2019-09-09,123,12.3988358090249,1019,0.183275749946285,"srmspe"
2019-09-09,130,12.3982896082416,755,0.13580855782764,"srmspe"
2019-09-09,105,12.4002403253248,1074,0.193155178266235,"srmspe"
2019-09-09,128,12.3984456656083,700,0.125916712394013,"srmspe"
2019-09-09,87,12.4016448416246,1260,0.226602317785191,"srmspe"
2019-09-09,144,12.3971972066751,667,0.119959090377717,"srmspe"
2019-09-09,179,12.3944662027587,2671,0.480414253263664,"srmspe"
2019-09-09,104,12.4003183540081,770,0.138492130312361,"srmspe"
2019-09-09,137,12.3977434074584,1244,0.223718907882944,"srmspe"
2019-09-09,207,12.3922813996256,1125,0.202367390681105,"srmspe"
2019-09-09,137,12.3977434074584,1293,0.232571406274486,"srmspe"
2019-09-09,105,12.4002403253248,647,0.116337596533768,"srmspe"
2019-09-09,300,12.3850247320764,2523,0.453732799675652,"srmspe"
2019-09-09,141,12.3974312927251,506,0.0910057343418558,"srmspe"
2019-09-09,312,12.3840883878765,1422,0.25581659844726,"srmspe"
2019-09-09,510,12.3686387085782,2653,0.47719101082358,"srmspe"
2019-09-09,297,12.3852588181264,1163,0.20935677279726,"srmspe"
2019-09-09,151,12.3966510058918,810,0.145800012136362,"srmspe"
2019-09-09,1344,12.3035627866851,2327,0.418486628171271,"srmspe"
2019-09-09,31,12.4060144478908,1836,0.330177120658901,"srmspe"
2019-09-09,72,12.4028152718745,795,0.142972861696801,"srmspe"
2019-09-09,220,12.3912670267424,780,0.140266116798675,"srmspe"
2019-09-09,34,12.4057803618408,497,0.0894410250828409,"srmspe"
2019-09-09,253,12.3886920801927,1082,0.194660273630692,"srmspe"
2019-09-09,159,12.3960267764252,1667,0.299857113938669,"srmspe"
2019-09-09,315,12.3838543018265,1539,0.276764975837051,"srmspe"
2019-09-09,138,12.397665378775,1103,0.19840154597456,"srmspe"
2019-09-09,155,12.3963388911585,1135,0.204194055211746,"srmspe"
2019-09-09,180,12.3943881740754,1023,0.184007699368868,"srmspe"
2019-09-09,398,12.3773779211106,3097,0.556856895334132,"srmspe"
2019-09-09,317,12.3836982444599,1604,0.288417771341545,"srmspe"
2019-09-09,596,12.3619282418122,3961,0.71224443079627,"srmspe"
2019-09-09,333,12.3824497855267,1567,0.28177218583939,"srmspe"
2019-09-09,310,12.3842444452432,1707,0.306984489080736,"srmspe"
2019-09-09,74,12.4026592145078,601,0.108083893844166,"srmspe"
2019-09-09,156,12.3962608624752,1094,0.19696489956059,"srmspe"
2019-09-09,136,12.3978214361417,985,0.177146888172642,"srmspe"
2019-09-09,63,12.4035175300244,562,0.101071880697516,"srmspe"
2019-09-09,49,12.404609931591,184,0.0331287819987891,"srmspe"
2019-09-09,731,12.3513943695633,2004,0.360542255923804,"srmspe"
2019-09-09,226,12.3907988546424,2382,0.428311688513668,"srmspe"
2019-09-09,293,12.3855709328597,1335,0.240047932109659,"srmspe"
2019-09-09,354,12.3808111831769,1048,0.188449228681163,"srmspe"
2019-09-09,95,12.401020612158,1479,0.265975340518068,"srmspe"
2019-09-09,136,12.3978214361417,943,0.169591471935145,"srmspe"
2019-09-09,239,12.3897844817592,761,0.136974053949676,"srmspe"
2019-09-09,204,12.3925154856756,1335,0.240102451362105,"srmspe"
2019-09-09,233,12.3902526538592,1260,0.2265734795663,"srmspe"
2019-09-09,128,12.3984456656083,2587,0.465342650929541,"srmspe"
2019-09-09,1634,12.2809344685209,3916,0.704093700011044,"srmspe"
2019-09-09,1209,12.314096658934,5607,1.00824646513225,"srmspe"
2019-09-09,306,12.3845565599765,5607,1.00828545749344,"srmspe"
2019-09-09,979,12.3320432560987,11821,2.12553429039948,"srmspe"
2019-09-09,61,12.4036735873911,1217,0.218902296181578,"srmspe"
2019-09-09,388,12.3781582079438,1043,0.187599085827726,"srmspe"
2019-09-09,1020,12.3288440800824,5310,0.954957935803097,"srmspe"
2019-09-09,39,12.4053902184242,1321,0.237568072477299,"srmspe"
2019-09-09,442,12.3739446590443,1937,0.34860079163567,"srmspe"
2019-09-09,188,12.3937639446088,2180,0.392068673342376,"srmspe"
2019-09-09,127,12.3985236942916,1420,0.255374253590451,"srmspe"
2019-09-09,236,12.3900185678092,768,0.138133144478888,"srmspe"
2019-09-09,173,12.3949343748587,1787,0.32131734294762,"srmspe"
2019-09-09,0,12.4084333370739,5248,0.944094182269244,"srmspe"
2019-09-09,570,12.3639569875787,3285,0.590973591792755,"srmspe"
2019-09-09,43,12.4050781036909,867,0.155972278279161,"srmspe"
2019-09-09,322,12.3833081010432,4160,0.747996241234578,"srmspe"
2019-09-09,2415,12.219994066844,4385,0.788475706325569,"srmspe"
2019-09-09,212,12.391891256209,1160,0.208636176595355,"srmspe"
2019-09-09,237,12.3899405391259,1281,0.230407781360802,"srmspe"
2019-09-09,280,12.3865853057429,1788,0.321617541839323,"srmspe"
2019-09-09,634,12.3589631518459,4811,0.865077145103127,"srmspe"
2019-09-09,898,12.3383635794481,5894,1.05976327708741,"srmspe"
2019-09-09,103,12.4003963826914,3986,0.71686624437304,"srmspe"
2019-09-09,1180,12.3163594907504,2226,0.40033950593211,"srmspe"
2019-09-09,321,12.3833861297266,4226,0.759820944780545,"srmspe"
2019-09-09,437,12.3743348024609,3459,0.622026374708311,"srmspe"
2019-09-09,160,12.3959487477419,2102,0.37799753702369,"srmspe"
2019-09-09,162,12.3957926903753,959,0.17247294504914,"srmspe"
2019-09-09,35,12.4057023331575,1383,0.248838947570128,"srmspe"
2019-09-09,129,12.398367636925,5189,0.933131004192961,"srmspe"
2019-09-09,282,12.3864292483763,3178,0.571517273110212,"srmspe"
2019-09-09,78,12.4023470997745,550,0.0989124204110987,"srmspe"
2019-09-09,201,12.3927495717256,408,0.073410773245508,"srmspe"
2019-09-09,144,12.3971972066751,1415,0.254502330698616,"srmspe"
2019-09-09,808,12.3453861609473,3298,0.593037318425046,"srmspe"
2019-09-09,632,12.3591192092125,2850,0.512489310124929,"srmspe"
2019-09-09,270,12.3873655925762,1032,0.185663933147119,"srmspe"
2019-09-09,409,12.376519605594,2552,0.459204822440104,"srmspe"
2019-09-09,67,12.4032054152911,237,0.0426594841710421,"srmspe"
2019-09-09,45,12.4049220463243,1758,0.316125350980488,"srmspe"
2019-09-09,64,12.4034395013411,270,0.0485518809407747,"srmspe"
2019-09-09,131,12.3982115795583,3498,0.629043111484214,"srmspe"
2019-09-09,266,12.3876777073095,1685,0.303004016251783,"srmspe"
2019-09-09,734,12.3511602835134,3168,0.569646600261739,"srmspe"
2019-09-09,367,12.3797968102936,1357,0.244053506285534,"srmspe"
2019-09-09,228,12.3906427972758,3378,0.60752676029289,"srmspe"
2019-09-09,668,12.3563101766128,3917,0.704433719699373,"srmspe"
2019-09-09,1410,12.2984128935857,4448,0.799793985726501,"srmspe"
2019-09-09,120,12.3990698950749,1832,0.329593971596244,"srmspe"
2019-09-09,156,12.3962608624752,1255,0.225685351280513,"srmspe"
2019-09-09,320,12.3834641584099,1098,0.197507175504666,"srmspe"
2019-09-09,226,12.3907988546424,2807,0.504671856968243,"srmspe"
2019-09-09,274,12.3870534778428,2168,0.389806085617065,"srmspe"
2019-09-09,353,12.3808892118602,1335,0.240076684749378,"srmspe"
2019-09-09,252,12.388770108876,2869,0.51591553726761,"srmspe"
2019-09-09,113,12.3996160958582,1227,0.220775578458643,"srmspe"
2019-09-09,172,12.395012403542,2958,0.531902551700402,"srmspe"
2019-09-09,201,12.3927495717256,282,0.0507905506018512,"srmspe"
2019-09-09,51,12.4044538742243,272,0.0489071140387883,"srmspe"
2019-09-09,142,12.3973532640417,1877,0.337637745454376,"srmspe"
2019-09-09,442,12.3739446590443,841,0.151333599430863,"srmspe"
2019-09-09,114,12.3995380671748,1174,0.211283792398807,"srmspe"
2019-09-09,157,12.3961828337919,1277,0.229729129353177,"srmspe"
2019-09-09,72,12.4028152718745,755,0.135816873032648,"srmspe"
2019-09-09,169,12.395246489592,1057,0.190132957512167,"srmspe"
2019-09-09,248,12.3890822236093,1802,0.3240418899873,"srmspe"
2019-09-09,373,12.3793286381937,1027,0.184722095056284,"srmspe"
2019-09-09,254,12.3886140515094,1514,0.272347190580787,"srmspe"
2019-09-09,87,12.4016448416246,949,0.170680272724971,"srmspe"
2019-09-09,230,12.3904867399092,1376,0.247425145982699,"srmspe"
2019-09-09,286,12.386117133643,1740,0.312934706454044,"srmspe"
2019-09-09,177,12.3946222601254,1884,0.338800204440534,"srmspe"
2019-09-09,63,12.4035175300244,577,0.103903245374506,"srmspe"
2019-09-09,175,12.394778317492,2355,0.423562590104903,"srmspe"
2019-09-09,72,12.4028152718745,2083,0.37468595497815,"srmspe"
2019-09-09,151,12.3966510058918,1597,0.287153220166906,"srmspe"
2019-09-09,126,12.3986017229749,533,0.0958573117201932,"srmspe"
2019-09-09,63,12.4035175300244,1651,0.296899752410176,"srmspe"
2019-09-09,48,12.4046879602743,556,0.099974270155339,"srmspe"
2019-09-09,141,12.3974312927251,637,0.114562811351449,"srmspe"
2019-09-09,252,12.388770108876,839,0.150936412993282,"srmspe"
2019-09-09,419,12.3757393187607,1865,0.335478225247485,"srmspe"
2019-09-09,200,12.3928276004089,921,0.16566176069524,"srmspe"
2019-09-09,153,12.3964949485252,1425,0.256290448259794,"srmspe"
2019-09-09,216,12.3915791414757,1394,0.250742280932357,"srmspe"
2019-09-09,410,12.3764415769107,1460,0.262608452263805,"srmspe"
2019-09-09,581,12.3630986720621,3515,0.63200865287094,"srmspe"
2019-09-09,310,12.3842444452431,1941,0.349162743087953,"srmspe"
2019-09-09,407,12.3766756629606,2436,0.43810164097577,"srmspe"
2019-09-09,59,12.4038296447577,609,0.109532601250977,"srmspe"
2019-09-09,71,12.4028933005578,566,0.101798933741328,"srmspe"
2019-09-09,96,12.4009425834747,658,0.118334206233808,"srmspe"
2019-09-09,92,12.401254698208,370,0.0665486591545985,"srmspe"
2019-09-09,153,12.3964949485252,1121,0.201637991417685,"srmspe"
2019-09-09,102,12.4004744113747,945,0.169993952425563,"srmspe"
2019-09-09,194,12.3932957725088,1032,0.185572448391246,"srmspe"
2019-09-09,209,12.392125342259,1364,0.245328370152264,"srmspe"
2019-09-09,606,12.361147954979,2271,0.408454364112896,"srmspe"
2019-09-09,223,12.3910329406924,1314,0.236305298249422,"srmspe"
2019-09-09,210,12.3920473135756,1516,0.272764512682962,"srmspe"
2019-09-09,56,12.4040637308077,520,0.093517238233593,"srmspe"
2019-09-09,111,12.3997721532248,753,0.13558200378095,"srmspe"
2019-09-09,357,12.3805770971269,4247,0.763895960537488,"srmspe"
2019-09-09,410,12.3764415769107,1915,0.344450280270772,"srmspe"
2019-09-09,410,12.3764415769107,3904,0.702205481033158,"srmspe"
2019-09-09,254,12.3886140515094,1539,0.27681224587499,"srmspe"
2019-09-09,146,12.3970411493084,2391,0.429963689501891,"srmspe"
2019-09-09,247,12.3891602522926,923,0.165997826131464,"srmspe"
2019-09-09,161,12.3958707190586,1342,0.24136267816147,"srmspe"
2019-09-09,375,12.379172580827,1263,0.227134879924388,"srmspe"
2019-09-09,121,12.3989918663916,977,0.175693119902251,"srmspe"
2019-09-09,47,12.4047659889576,467,0.0840120869365449,"srmspe"
2019-09-09,106,12.4001622966414,477,0.0858195158177196,"srmspe"
2019-09-09,105,12.4002403253248,1356,0.243833159653337,"srmspe"
2019-09-09,95,12.401020612158,445,0.0800635091798824,"srmspe"
2019-09-09,38,12.4054682471075,502,0.0903117837376176,"srmspe"
2019-09-09,177,12.3946222601254,1901,0.341973924016754,"srmspe"
2019-09-09,303,12.3847906460264,1063,0.191177566290375,"srmspe"
2019-09-09,50,12.4045319029076,1150,0.206832145989775,"srmspe"
2019-09-09,102,12.4004744113748,415,0.0746325157659199,"srmspe"
2019-09-09,123,12.3988358090249,913,0.164226232002132,"srmspe"
2019-09-09,124,12.3987577803416,1328,0.238780109098827,"srmspe"
2019-09-09,86,12.4017228703079,419,0.0753715950062833,"srmspe"
2019-09-09,69,12.4030493579245,564,0.101424562723609,"srmspe"
2019-09-09,37,12.4055462757909,292,0.052526469114756,"srmspe"
2019-09-09,62,12.4035955587077,377,0.0678095138213732,"srmspe"
2019-09-09,83,12.4019569563579,462,0.0830909388351638,"srmspe"
2019-09-09,267,12.3875996786261,1227,0.220682457644731,"srmspe"
2019-09-09,375,12.379172580827,1651,0.296934788601726,"srmspe"
2019-09-09,129,12.398367636925,709,0.127507373474877,"srmspe"
2019-09-09,264,12.3878337646761,1628,0.292798684395699,"srmspe"
2019-09-09,222,12.3911109693758,940,0.16904302474689,"srmspe"
2019-09-09,396,12.3775339784772,1288,0.231629072903521,"srmspe"
2019-09-09,280,12.3865853057429,1202,0.21613720507998,"srmspe"
2019-09-09,167,12.3954025469586,743,0.133637445012214,"srmspe"
2019-09-09,148,12.3968850919418,615,0.110614341392395,"srmspe"
2019-09-09,114,12.3995380671748,603,0.108434023116485,"srmspe"
2019-09-09,106,12.4001622966414,676,0.121565810532831,"srmspe"
2019-09-09,162,12.3957926903752,641,0.11529022225341,"srmspe"
2019-09-09,46,12.4048440176409,905,0.162774672191268,"srmspe"
2019-09-09,52,12.404375845541,471,0.0847051937428919,"srmspe"
2019-09-09,114,12.3995380671748,631,0.113483889538666,"srmspe"
2019-09-09,23,12.4066386773574,471,0.0847214532658535,"srmspe"
2019-09-09,76,12.4025031571412,714,0.128389778166411,"srmspe"
2019-09-09,68,12.4031273866078,452,0.081291297987561,"srmspe"
2019-09-09,43,12.4050781036909,488,0.0877643008256347,"srmspe"
2019-09-09,54,12.4042197881743,338,0.0607838580254178,"srmspe"
2019-09-09,117,12.3993039811249,712,0.128036128514281,"srmspe"
2019-09-09,114,12.3995380671749,689,0.123902461820117,"srmspe"
2019-09-09,121,12.3989918663916,677,0.121778926975817,"srmspe"
2019-09-09,109,12.3999282105915,1028,0.184905017692586,"srmspe"
2019-09-09,223,12.3910329406924,1395,0.250979421912595,"srmspe"
2019-09-09,153,12.3964949485252,2263,0.40694753184572,"srmspe"
2019-09-09,151,12.3966510058918,1260,0.226590594313833,"srmspe"
2019-09-09,161,12.3958707190586,2161,0.388628362236438,"srmspe"
2019-09-09,239,12.3897844817592,1120,0.201511872298561,"srmspe"
2019-09-09,103,12.4003963826914,1839,0.330695611778866,"srmspe"
2019-09-09,89,12.401488784258,487,0.0875656589603251,"srmspe"
2019-09-09,517,12.3680925077949,3967,0.71327460586642,"srmspe"
2019-09-09,156,12.3962608624752,802,0.144235531025432,"srmspe"
2019-09-09,127,12.3985236942916,343,0.0617595479147627,"srmspe"
2019-09-09,159,12.3960267764252,962,0.173006821405001,"srmspe"
2019-09-09,333,12.3824497855267,2670,0.480253002173384,"srmspe"
2019-09-09,77,12.4024251284579,389,0.0699636452511356,"srmspe"
2019-09-09,153,12.3964949485252,2437,0.438176313189062,"srmspe"
2019-09-09,375,12.379172580827,2436,0.438086555017867,"srmspe"
2019-09-09,440,12.3741007164109,2302,0.414062857882807,"srmspe"
2019-09-09,177,12.3946222601254,777,0.139737180326904,"srmspe"
2019-09-09,178,12.394544231442,1283,0.230751155145703,"srmspe"
2019-09-09,768,12.3485073082803,3355,0.603324048732763,"srmspe"
2019-09-09,148,12.3968850919418,1958,0.352127878967901,"srmspe"
2019-09-09,205,12.3924374569923,1283,0.230729708716063,"srmspe"
2019-09-09,183,12.3941540880254,651,0.117077835064071,"srmspe"
2019-09-09,162,12.3957926903753,1341,0.24111322900153,"srmspe"
2019-09-09,166,12.3954805756419,757,0.136133345079306,"srmspe"
2019-09-09,144,12.3971972066751,1319,0.237214641977586,"srmspe"
2019-09-09,157,12.3961828337919,809,0.145512258011216,"srmspe"
2019-09-09,233,12.3902526538592,813,0.146211772332994,"srmspe"
2019-09-09,328,12.3828399289433,837,0.150546645618929,"srmspe"
2019-09-09,191,12.3935298585588,1156,0.207928858634483,"srmspe"
2019-09-09,370,12.3795627242437,616,0.110822383152607,"srmspe"
2019-09-09,60,12.4037516160744,1085,0.195132576671879,"srmspe"
2019-09-09,496,12.3697311101447,1758,0.316229148936026,"srmspe"
2019-09-09,122,12.3989138377082,2433,0.437501853391074,"srmspe"
2019-09-09,201,12.3927495717256,1541,0.27723204784735,"srmspe"
2019-09-09,110,12.3998501819081,1246,0.224105089040662,"srmspe"
2019-09-09,191,12.3935298585588,1388,0.249600705327056,"srmspe"
2019-09-09,200,12.3928276004089,1254,0.225548077871763,"srmspe"
2019-09-09,93,12.4011766695247,650,0.116896683819402,"srmspe"
2019-09-09,825,12.3440596733308,2301,0.413803848984324,"srmspe"
2019-09-09,720,12.3522526850799,2171,0.390524245079918,"srmspe"
2019-09-09,66,12.4032834439744,488,0.0877577070158936,"srmspe"
2019-09-09,27,12.4063265626241,361,0.0649310055771098,"srmspe"
2019-09-09,93,12.4011766695247,1771,0.318493775703334,"srmspe"
2019-09-09,397,12.3774559497939,1049,0.188794100869582,"srmspe"
2019-09-09,589,12.3624744425955,5961,1.07177947092418,"srmspe"
2019-09-09,26,12.4064045913074,193,0.034729434534721,"srmspe"
2019-09-09,157,12.3961828337919,2215,0.398305109432198,"srmspe"
2019-09-09,82,12.4020349850412,559,0.100540373375952,"srmspe"
2019-09-09,50,12.4045319029076,884,0.158974659356769,"srmspe"
2019-09-09,156,12.3962608624752,934,0.168092691208508,"srmspe"
2019-09-09,93,12.4011766695247,458,0.0823811141100676,"srmspe"
2019-09-09,88,12.4015668129413,1012,0.181987028220137,"srmspe"
2019-09-09,210,12.3920473135757,2159,0.388261091339717,"srmspe"
2019-09-09,62,12.4035955587077,1056,0.189914298712553,"srmspe"
2019-09-09,92,12.401254698208,981,0.176427501475068,"srmspe"
2019-09-09,117,12.3993039811249,544,0.0978505514565721,"srmspe"
2019-09-09,293,12.3855709328597,932,0.167620044919562,"srmspe"
2019-09-09,198,12.3929836577756,1963,0.353028373169946,"srmspe"
2019-09-09,378,12.3789384947771,2242,0.403181719773599,"srmspe"
2019-09-09,220,12.3912670267424,1351,0.243016616419772,"srmspe"
2019-09-09,68,12.4031273866078,507,0.0912167967385896,"srmspe"
2019-09-09,540,12.3662978480784,1847,0.332145133832626,"srmspe"
2019-09-09,384,12.3784703226771,1263,0.227190799896465,"srmspe"
2019-09-09,82,12.4020349850412,1095,0.196958732059357,"srmspe"
2019-09-10,127,12.772437144785,1019,0.168017759567218,"srmspe"
2019-09-10,0,12.7823467875673,1851,0.305338574100913,"srmspe"
2019-09-10,195,12.7671311943189,928,0.153011139109439,"srmspe"
2019-09-10,187,12.7677554237855,1188,0.195884361706044,"srmspe"
2019-09-10,158,12.7700182556019,1002,0.165187194077608,"srmspe"
2019-09-10,85,12.7757143494846,865,0.142587736365882,"srmspe"
2019-09-10,89,12.7754022347513,568,0.0936559842521934,"srmspe"
2019-09-10,115,12.7733734889849,1293,0.213191303379721,"srmspe"
2019-09-10,72,12.7767287223679,593,0.0977663115914629,"srmspe"
2019-09-10,122,12.7728272882016,485,0.0799699512197878,"srmspe"
2019-09-10,121,12.7729053168849,681,0.112282454818806,"srmspe"
2019-09-10,89,12.7754022347513,1085,0.178878852485142,"srmspe"
2019-09-10,88,12.7754802634347,510,0.0840889079836829,"srmspe"
2019-09-10,48,12.7786014107677,617,0.101739757035222,"srmspe"
2019-09-10,130,12.772203058735,861,0.141976786861463,"srmspe"
2019-09-10,149,12.7707205137518,787,0.129777935159794,"srmspe"
2019-09-10,235,12.7640100469859,3003,0.495100780256222,"srmspe"
2019-09-10,66,12.7771968944678,2643,0.435833495108177,"srmspe"
2019-09-10,721,12.72608810689,5128,0.845436795501219,"srmspe"
2019-09-10,177,12.7685357106187,2435,0.401492748110667,"srmspe"
2019-09-10,469,12.7457513350878,2025,0.333925798966044,"srmspe"
2019-09-10,108,12.7739196897682,619,0.102075116310569,"srmspe"
2019-09-10,270,12.7612790430695,2237,0.368855102446261,"srmspe"
2019-09-10,152,12.7704864277019,865,0.142652887527443,"srmspe"
2019-09-10,522,12.7416158148716,4019,0.662550680432902,"srmspe"
2019-09-10,115,12.7733734889849,1918,0.316271434248714,"srmspe"
2019-09-10,71,12.7768067510512,1274,0.210103053258248,"srmspe"
2019-09-10,74,12.7765726650012,753,0.12413109730028,"srmspe"
2019-09-10,112,12.7736075750349,625,0.103055991423911,"srmspe"
2019-09-10,72,12.7767287223679,475,0.0783404484190832,"srmspe"
2019-09-10,171,12.7690038827187,992,0.163566327627279,"srmspe"
2019-09-10,148,12.7707985424352,680,0.112108678919162,"srmspe"
2019-09-10,144,12.7711106571685,774,0.127622050164274,"srmspe"
2019-09-10,108,12.7739196897682,1213,0.199980199612361,"srmspe"
2019-09-10,306,12.7584700104698,1447,0.238557806115443,"srmspe"
2019-09-10,70,12.7768847797345,619,0.102062539364672,"srmspe"
2019-09-10,121,12.7729053168849,339,0.0559490590870356,"srmspe"
2019-09-10,342,12.7556609778701,2557,0.42160150041002,"srmspe"
2019-09-10,47,12.778679439451,1326,0.218680292669097,"srmspe"
2019-09-10,507,12.7427862451215,2685,0.442683436147884,"srmspe"
2019-09-10,108,12.7739196897682,386,0.0636402878688524,"srmspe"
2019-09-10,1127,12.69440846146,7677,1.26574521163205,"srmspe"
2019-09-10,137,12.7716568579517,658,0.108520243067654,"srmspe"
2019-09-10,131,12.7721250300517,1043,0.171978874081102,"srmspe"
2019-09-10,86,12.7756363208013,392,0.0646333076407578,"srmspe"
2019-09-10,58,12.7778211239344,489,0.0806236573252073,"srmspe"
2019-09-10,66,12.7771968944678,597,0.098420179614737,"srmspe"
2019-09-10,70,12.7768847797345,603,0.0994627405476839,"srmspe"
2019-09-10,174,12.7687697966687,1790,0.2951117297821,"srmspe"
2019-09-10,171,12.7690038827187,2174,0.358391538417614,"srmspe"
2019-09-10,610,12.734749290739,2071,0.341385914402471,"srmspe"
2019-09-10,284,12.760186641503,2136,0.352131901672952,"srmspe"
2019-09-10,295,12.7593283259864,2367,0.390297210608231,"srmspe"
2019-09-10,41,12.7791476115509,855,0.140969575334585,"srmspe"
2019-09-10,68,12.7770408371012,208,0.0343127002481452,"srmspe"
2019-09-10,75,12.7764946363179,334,0.0550874526248861,"srmspe"
2019-09-10,47,12.778679439451,224,0.0369632185434914,"srmspe"
2019-09-10,144,12.7711106571685,1043,0.171971460371439,"srmspe"
2019-09-10,223,12.7649463911858,1041,0.171645381019545,"srmspe"
2019-09-10,111,12.7736856037182,1172,0.193237041771422,"srmspe"
2019-09-10,54,12.7781332386677,915,0.150859185054741,"srmspe"
2019-09-10,61,12.7775870378844,787,0.12974188919152,"srmspe"
2019-09-10,209,12.7660387927523,670,0.110449432550411,"srmspe"
2019-09-10,141,12.7713447432184,858,0.141436762368122,"srmspe"
2019-09-10,312,12.7580018383699,2483,0.409435765318141,"srmspe"
2019-09-10,276,12.7608108709696,1080,0.17808761679688,"srmspe"
2019-09-10,316,12.7576897236366,2102,0.346505066714032,"srmspe"
2019-09-10,11,12.7814884720507,888,0.146403997317106,"srmspe"
2019-09-10,227,12.7646342764525,1741,0.287083277137609,"srmspe"
2019-09-10,193,12.7672872516855,2356,0.388469492864577,"srmspe"
2019-09-10,53,12.778211267351,1977,0.326021180501406,"srmspe"
2019-09-10,322,12.7572215515366,2389,0.39385659371018,"srmspe"
2019-09-10,287,12.759952555453,979,0.16145544588142,"srmspe"
2019-09-10,216,12.7654925919691,1181,0.194754454841401,"srmspe"
2019-09-10,273,12.7610449570195,2047,0.337507332352116,"srmspe"
2019-09-10,136,12.7717348866351,1566,0.258199145255734,"srmspe"
2019-09-10,239,12.7636979322526,1839,0.30323465630641,"srmspe"
2019-09-10,106,12.7740757471348,1365,0.225086520232314,"srmspe"
2019-09-10,91,12.7752461773847,923,0.152179752386386,"srmspe"
2019-09-10,90,12.775324206068,835,0.13766993230696,"srmspe"
2019-09-10,154,12.7703303703352,865,0.142620990033811,"srmspe"
2019-09-10,108,12.7739196897682,607,0.100072840558296,"srmspe"
2019-09-10,42,12.7790695828676,423,0.0697448198200919,"srmspe"
2019-09-10,71,12.7768067510512,482,0.0794718597670258,"srmspe"
2019-09-10,349,12.7551147770868,1239,0.204247179010963,"srmspe"
2019-09-10,119,12.7730613742516,684,0.112753448142079,"srmspe"
2019-09-10,69,12.7769628084178,1062,0.17510171790457,"srmspe"
2019-09-10,120,12.7729833455683,1094,0.180366338122496,"srmspe"
2019-09-10,30,12.7800059270675,189,0.0311926977810077,"srmspe"
2019-09-10,106,12.7740757471348,618,0.101904910012059,"srmspe"
2019-09-10,141,12.7713447432184,534,0.0880664546145357,"srmspe"
2019-09-10,62,12.7775090092011,623,0.102708801436854,"srmspe"
2019-09-10,34,12.7796938123342,440,0.0725616140352655,"srmspe"
2019-09-10,59,12.7777430952511,426,0.0702277150888719,"srmspe"
2019-09-10,98,12.7746999766014,723,0.119217555325239,"srmspe"
2019-09-10,44,12.778913525501,1006,0.165869122270459,"srmspe"
2019-09-10,109,12.7738416610848,446,0.0735475408868812,"srmspe"
2019-09-10,123,12.7727492595183,674,0.111130004364321,"srmspe"
2019-09-10,153,12.7704083990185,1699,0.280069363602706,"srmspe"
2019-09-10,61,12.7775870378844,328,0.0540933191587155,"srmspe"
2019-09-10,87,12.775558292118,536,0.0883727042444874,"srmspe"
2019-09-10,162,12.7697061408686,637,0.105032791143838,"srmspe"
2019-09-10,57,12.7778991526177,525,0.0865456106420053,"srmspe"
2019-09-10,105,12.7741537758181,348,0.0573801848965214,"srmspe"
2019-09-10,75,12.7764946363179,436,0.0718871513632345,"srmspe"
2019-09-10,42,12.7790695828676,366,0.0603431508765399,"srmspe"
2019-09-10,94,12.7750120913347,212,0.0349573530033084,"srmspe"
2019-09-10,49,12.7785233820843,479,0.0789771202113881,"srmspe"
2019-09-10,56,12.7779771813011,574,0.094637881722529,"srmspe"
2019-09-10,194,12.7672092230022,332,0.0547640608548622,"srmspe"
2019-09-10,41,12.7791476115509,636,0.104849669047637,"srmspe"
2019-09-10,269,12.7613570717528,1364,0.224896792873171,"srmspe"
2019-09-10,274,12.7609669283362,2223,0.366483287764818,"srmspe"
2019-09-10,648,12.7317842007727,2054,0.338599329583595,"srmspe"
2019-09-10,396,12.7514474289706,1884,0.310577734775166,"srmspe"
2019-09-10,255,12.7624494733194,2707,0.446233939245254,"srmspe"
2019-09-10,561,12.7385726962219,1929,0.31799205764924,"srmspe"
2019-09-10,46,12.7787574681343,501,0.0826245956323635,"srmspe"
2019-09-10,41,12.7791476115509,524,0.0863877591870484,"srmspe"
2019-09-10,61,12.7775870378844,531,0.0875561538557996,"srmspe"
2019-09-10,85,12.7757143494846,422,0.0695819161644153,"srmspe"
2019-09-10,39,12.7793036689176,427,0.0704024615219311,"srmspe"
2019-09-10,53,12.778211267351,679,0.111932709660901,"srmspe"
2019-09-10,129,12.7722810874183,492,0.0811249102600826,"srmspe"
2019-09-10,157,12.7700962842852,371,0.0611670908387098,"srmspe"
2019-09-10,33,12.7797718410175,424,0.0699036186647082,"srmspe"
2019-09-10,262,12.7619032725361,998,0.164554671279877,"srmspe"
2019-09-10,193,12.7672872516855,954,0.157311874966891,"srmspe"
2019-09-10,49,12.7785233820843,1552,0.255884467417353,"srmspe"
2019-09-10,25,12.7803960704841,304,0.0501498618605226,"srmspe"
2019-09-10,140,12.7714227719018,2414,0.397978127055775,"srmspe"
2019-09-10,163,12.7696281121853,1110,0.183024340840713,"srmspe"
2019-09-10,180,12.7683016245688,1478,0.243666210201161,"srmspe"
2019-09-10,206,12.7662728788023,649,0.10703093066986,"srmspe"
2019-09-10,92,12.7751681487014,594,0.097953435145325,"srmspe"
2019-09-10,65,12.7772749231511,647,0.106687789523091,"srmspe"
2019-09-10,113,12.7735295463515,3526,0.581334852606494,"srmspe"
2019-09-10,185,12.7679114811521,1127,0.185835976208006,"srmspe"
2019-09-10,675,12.7296774263229,2646,0.436254629140111,"srmspe"
2019-09-10,89,12.7754022347513,2264,0.373298378783576,"srmspe"
2019-09-10,159,12.7699402269186,1465,0.241541079567701,"srmspe"
2019-09-10,178,12.7684576819354,1369,0.225732322944068,"srmspe"
2019-09-10,554,12.7391188970052,4639,0.764903976157706,"srmspe"
2019-09-10,335,12.7562071786534,1429,0.235633850687502,"srmspe"
2019-09-10,295,12.7593283259864,4716,0.777584065712196,"srmspe"
2019-09-10,79,12.7761825215846,559,0.0921713155922423,"srmspe"
2019-09-10,95,12.7749340626514,518,0.0854016989836344,"srmspe"
2019-09-10,128,12.7723591161017,1100,0.181378962245317,"srmspe"
2019-09-10,475,12.7452831629879,2942,0.48501096395476,"srmspe"
2019-09-10,224,12.7648683625025,2417,0.39841113256719,"srmspe"
2019-09-10,209,12.7660387927523,1057,0.174265306537862,"srmspe"
2019-09-10,82,12.7759484355346,1020,0.168190089599325,"srmspe"
2019-09-10,95,12.7749340626514,775,0.127765232996033,"srmspe"
2019-09-10,51,12.7783673247177,391,0.0644680351193917,"srmspe"
2019-09-10,42,12.7790695828676,892,0.147054000829559,"srmspe"
2019-09-10,139,12.7715008005851,817,0.134697681414474,"srmspe"
2019-09-10,57,12.7778991526177,617,0.101761143999562,"srmspe"
2019-09-10,106,12.7740757471348,595,0.0981384985855789,"srmspe"
2019-09-10,75,12.7764946363179,1124,0.185315602902253,"srmspe"
2019-09-10,468,12.7458293637712,3237,0.533699466092928,"srmspe"
2019-09-10,60,12.7776650665678,1226,0.20223773914052,"srmspe"
2019-09-10,445,12.7476240234876,3345,0.551499221642288,"srmspe"
2019-09-10,166,12.7693940261353,1390,0.229166562021404,"srmspe"
2019-09-10,299,12.7590162112531,2032,0.334960102295264,"srmspe"
2019-09-10,114,12.7734515176682,811,0.133700724634546,"srmspe"
2019-09-10,162,12.7697061408686,948,0.156296647215324,"srmspe"
2019-09-10,194,12.7672092230022,1469,0.242188138839829,"srmspe"
2019-09-10,315,12.7577677523199,5093,0.839748762146889,"srmspe"
2019-09-10,585,12.7367000078221,2993,0.493493000806161,"srmspe"
2019-09-10,172,12.7689258540354,3325,0.548312258407655,"srmspe"
2019-09-10,533,12.7407574993551,2707,0.446303284944995,"srmspe"
2019-09-10,353,12.7548026623535,1873,0.308800055968863,"srmspe"
2019-09-10,248,12.7629956741027,3872,0.638461110424262,"srmspe"
2019-09-10,56,12.7779771813011,1103,0.181947275208421,"srmspe"
2019-09-10,102,12.7743878618681,671,0.110723887907428,"srmspe"
2019-09-10,0,12.7823467875673,886,0.146166619033418,"srmspe"
2019-09-10,413,12.750120941354,1016,0.167506456545944,"srmspe"
2019-09-10,340,12.7558170352368,638,0.10524762797912,"srmspe"
2019-09-10,362,12.7541004042036,4364,0.719679728055428,"srmspe"
2019-09-10,267,12.7615131291195,825,0.136030400104813,"srmspe"
2019-09-10,104,12.7742318045015,5166,0.851706988537378,"srmspe"
2019-09-10,191,12.7674433090522,601,0.0990725010581894,"srmspe"
2019-09-10,107,12.7739977184515,874,0.144098387882015,"srmspe"
2019-09-10,2132,12.6159896347184,10516,1.7337637282995,"srmspe"
2019-09-10,264,12.7617472151695,1647,0.271599928763498,"srmspe"
2019-09-10,121,12.7729053168849,1072,0.176726277305671,"srmspe"
2019-09-10,135,12.7718129153184,1540,0.253858393039285,"srmspe"
2019-09-10,101,12.7744658905514,652,0.107493400787796,"srmspe"
2019-09-10,173,12.768847825352,3253,0.536282931164234,"srmspe"
2019-09-10,159,12.7699402269186,1313,0.216491293206721,"srmspe"
2019-09-10,380,12.7526958879038,342,0.0563961431089547,"srmspe"
2019-09-10,43,12.7789915541843,589,0.0971220269937648,"srmspe"
2019-09-10,362,12.7541004042036,2427,0.400330985450438,"srmspe"
2019-09-10,292,12.7595624120364,1177,0.19413384101742,"srmspe"
2019-09-10,142,12.7712667145351,1346,0.221993704898385,"srmspe"
2019-09-10,543,12.7399772125218,4818,0.794423573691903,"srmspe"
2019-09-10,2289,12.6037391314364,4001,0.659649954577889,"srmspe"
2019-09-10,160,12.7698621982353,829,0.136679624251929,"srmspe"
2019-09-10,118,12.7731394029349,1948,0.321117865990331,"srmspe"
2019-09-10,100,12.7745439192348,1158,0.190927321145561,"srmspe"
2019-09-10,130,12.772203058735,618,0.101942204094025,"srmspe"
2019-09-10,160,12.7698621982353,1845,0.304225283396459,"srmspe"
2019-09-10,304,12.7586260678365,2270,0.374192598015715,"srmspe"
2019-09-10,283,12.7602646701863,1695,0.279406196258296,"srmspe"
2019-09-10,72,12.7767287223679,545,0.0898507062106613,"srmspe"
2019-09-10,27,12.7802400131175,486,0.0801348891379204,"srmspe"
2019-09-10,136,12.7717348866351,1029,0.169701803290813,"srmspe"
2019-09-10,282,12.7603426988696,1358,0.223977313639903,"srmspe"
2019-09-10,281,12.7604207275529,995,0.164069972595996,"srmspe"
2019-09-10,173,12.768847825352,404,0.0666070804518015,"srmspe"
2019-09-10,69,12.7769628084178,739,0.121826211578794,"srmspe"
2019-09-10,656,12.7311599713061,2966,0.488966296646134,"srmspe"
2019-09-10,132,12.7720470013684,1182,0.194851787050392,"srmspe"
2019-09-10,49,12.7785233820843,319,0.0526065653446181,"srmspe"
2019-09-10,43,12.7789915541843,277,0.0456736880472902,"srmspe"
2019-09-10,395,12.7515254576539,2658,0.438215465972817,"srmspe"
2019-09-10,309,12.7582359244198,2037,0.33582790024295,"srmspe"
2019-09-10,219,12.7652585059191,6326,1.04275631542177,"srmspe"
2019-09-10,48,12.7786014107677,828,0.136522517127292,"srmspe"
2019-09-10,162,12.7697061408686,851,0.14030847598956,"srmspe"
2019-09-10,208,12.7661168214357,940,0.154980899700146,"srmspe"
2019-09-10,100,12.7745439192348,809,0.133436118287183,"srmspe"
2019-09-10,86,12.7756363208013,1365,0.225059992579394,"srmspe"
2019-09-10,7,12.781800586784,3204,0.528390323989652,"srmspe"
2019-09-10,113,12.7735295463515,1659,0.273517891756814,"srmspe"
2019-09-10,48,12.7786014107677,319,0.0526477766438686,"srmspe"
2019-09-10,569,12.7379484667554,2045,0.337095614764646,"srmspe"
2019-09-10,161,12.7697841695519,641,0.105710751122511,"srmspe"
2019-09-10,37,12.7794597262842,635,0.104670663341178,"srmspe"
2019-09-10,203,12.7665069648523,1371,0.226051267309305,"srmspe"
2019-09-10,436,12.7483262816376,2262,0.372925902329007,"srmspe"
2019-09-10,114,12.7734515176682,914,0.150704621064041,"srmspe"
2019-09-10,223,12.7649463911858,1137,0.187449565486688,"srmspe"
2019-09-10,108,12.7739196897682,5338,0.879954966691177,"srmspe"
2019-09-10,44,12.778913525501,507,0.0836294824138422,"srmspe"
2019-09-10,49,12.7785233820843,952,0.157003339295322,"srmspe"
2019-09-10,413,12.750120941354,2797,0.461135052533296,"srmspe"
2019-09-10,154,12.7703303703352,1869,0.308232751144565,"srmspe"
2019-09-10,145,12.7710326284851,744,0.122690347380131,"srmspe"
2019-09-10,99,12.7746219479181,763,0.125829632333248,"srmspe"
2019-09-10,108,12.7739196897682,669,0.110334249622336,"srmspe"
2019-09-10,245,12.7632297601526,1383,0.228060776004129,"srmspe"
2019-09-10,135,12.7718129153184,413,0.0680847850139569,"srmspe"
2019-09-10,55,12.7780552099844,558,0.0919999621836369,"srmspe"
2019-09-10,70,12.7768847797345,510,0.0840848907360318,"srmspe"
2019-09-10,1076,12.6983879243096,2734,0.450779683112689,"srmspe"
2019-09-10,235,12.7640100469859,2188,0.360794627878157,"srmspe"
2019-09-10,45,12.7788354968176,1027,0.169331424960083,"srmspe"
2019-09-10,174,12.7687697966687,1142,0.18833098264968,"srmspe"
2019-09-10,168,12.7692379687687,729,0.120223245889336,"srmspe"
2019-09-10,95,12.7749340626514,480,0.0791708038504529,"srmspe"
2019-09-10,66,12.7771968944678,655,0.107986045962184,"srmspe"
2019-09-10,94,12.7750120913347,498,0.082106407578445,"srmspe"
2019-09-10,86,12.7756363208013,1466,0.241747445483106,"srmspe"
2019-09-10,123,12.7727492595183,968,0.15961324062587,"srmspe"
2019-09-10,567,12.738104524122,2228,0.367338194413155,"srmspe"
2019-09-10,521,12.741693843555,3343,0.551036242412238,"srmspe"
2019-09-10,351,12.7549587197202,3412,0.562407722850527,"srmspe"
2019-09-10,113,12.7735295463515,833,0.137360256117614,"srmspe"
2019-09-10,172,12.7689258540354,1040,0.171455172011322,"srmspe"
2019-09-10,189,12.7675993664188,1124,0.185317355892941,"srmspe"
2019-09-10,318,12.7575336662699,1193,0.196693733638817,"srmspe"
2019-09-10,165,12.7694720548186,1105,0.182236994383527,"srmspe"
2019-09-10,220,12.7651804772358,2418,0.398771457031596,"srmspe"
2019-09-10,346,12.7553488631368,1349,0.222401234105903,"srmspe"
2019-09-10,143,12.7711886858518,631,0.104055145207548,"srmspe"
2019-09-10,197,12.7669751369522,1815,0.299209589348418,"srmspe"
2019-09-10,206,12.7662728788023,968,0.159569215554026,"srmspe"
2019-09-10,229,12.7644782190858,1466,0.241677674703327,"srmspe"
2019-09-10,311,12.7580798670532,536,0.0883714172737263,"srmspe"
2019-09-10,62,12.7775090092011,1202,0.198131200506694,"srmspe"
2019-09-10,74,12.7765726650012,1061,0.174890434007821,"srmspe"
2019-09-10,211,12.7658827353857,887,0.146242848056425,"srmspe"
2019-09-10,171,12.7690038827187,787,0.129782733738549,"srmspe"
2019-09-10,221,12.7651024485524,1552,0.255805867845524,"srmspe"
2019-09-10,474,12.7453611916712,1480,0.243932208266296,"srmspe"
2019-09-10,210,12.765960764069,1545,0.254658414914483,"srmspe"
2019-09-10,188,12.7676773951022,1112,0.183414254429907,"srmspe"
2019-09-10,451,12.7471558513877,1208,0.199118297587807,"srmspe"
2019-09-10,0,12.7823467875673,2074,0.342001815307614,"srmspe"
2019-09-10,249,12.7629176454193,1036,0.170843224110197,"srmspe"
2019-09-10,136,12.7717348866351,1195,0.197049100606948,"srmspe"
2019-09-10,240,12.7636199035693,1726,0.284570608094787,"srmspe"
2019-09-10,448,12.7473899374377,1425,0.23493779302066,"srmspe"
2019-09-10,171,12.7690038827187,1103,0.181848016295199,"srmspe"
2019-09-10,69,12.7769628084178,678,0.11178029745095,"srmspe"
2019-09-10,138,12.7715788292684,1201,0.198007125935022,"srmspe"
2019-09-10,233,12.7641661043525,1163,0.191770944960409,"srmspe"
2019-09-10,154,12.7703303703352,2323,0.38299042010193,"srmspe"
2019-09-10,168,12.7692379687687,2091,0.344684621194008,"srmspe"
2019-09-10,409,12.7504330560873,2045,0.337200648250988,"srmspe"
2019-09-10,285,12.7601086128196,1630,0.268773756132221,"srmspe"
2019-09-10,233,12.7641661043525,4539,0.748323883103618,"srmspe"
2019-09-10,154,12.7703303703352,1535,0.253155338460674,"srmspe"
2019-09-10,138,12.7715788292684,1698,0.279908703143933,"srmspe"
2019-09-10,132,12.7720470013684,1176,0.193900382227222,"srmspe"
2019-09-10,169,12.7691599400853,296,0.048829686637302,"srmspe"
2019-09-10,177,12.7685357106187,523,0.0862318959503841,"srmspe"
2019-09-10,97,12.7747780052847,964,0.158959697533624,"srmspe"
2019-09-10,297,12.7591722686197,2657,0.438086029429164,"srmspe"
2019-09-10,135,12.7718129153184,1845,0.304281885109409,"srmspe"
2019-09-10,244,12.763307788836,1128,0.185968198951962,"srmspe"
2019-09-10,269,12.7613570717528,4537,0.748109867386732,"srmspe"
2019-09-10,118,12.7731394029349,2258,0.372347504751618,"srmspe"
2019-09-10,229,12.7644782190858,959,0.158195775269312,"srmspe"
2019-09-10,217,12.7654145632857,2103,0.346819523518635,"srmspe"
2019-09-10,212,12.7658047067024,1433,0.236279259562753,"srmspe"
2019-09-10,46,12.7787574681343,357,0.0588737292227784,"srmspe"
2019-09-10,255,12.7624494733194,2647,0.436473196336397,"srmspe"
2019-09-10,450,12.747233880071,1299,0.214175764608135,"srmspe"
2019-09-10,659,12.7309258852561,3012,0.49666337360809,"srmspe"
2019-09-10,254,12.7625275020027,1396,0.230281624091319,"srmspe"
2019-09-10,218,12.7653365346024,1490,0.245660889918985,"srmspe"
2019-09-10,565,12.7382605814886,1659,0.273592158901161,"srmspe"
2019-09-10,158,12.7700182556019,1352,0.222921122197843,"srmspe"
2019-09-10,304,12.7586260678365,3389,0.558744942888844,"srmspe"
2019-09-10,212,12.7658047067024,764,0.125981604674741,"srmspe"
2019-09-10,179,12.7683796532521,657,0.108319230754831,"srmspe"
2019-09-10,480,12.7448930195713,3291,0.542548776476294,"srmspe"
2019-09-10,224,12.7648683625025,1421,0.23426304279282,"srmspe"
2019-09-10,265,12.7616691864861,638,0.105293911847889,"srmspe"
2019-09-10,15,12.7811763573174,1343,0.221505902741888,"srmspe"
2019-09-10,155,12.7702523416519,1033,0.17027803433659,"srmspe"
2019-09-10,165,12.7694720548186,534,0.0880877126908464,"srmspe"
2019-09-10,133,12.771968972685,529,0.0872271878689897,"srmspe"
2019-09-10,240,12.7636199035693,614,0.101227757335514,"srmspe"
2019-09-10,81,12.7760264642179,826,0.136165031650041,"srmspe"
2019-09-10,71,12.7768067510512,669,0.110302029582299,"srmspe"
2019-09-10,122,12.7728272882016,2007,0.330880883881462,"srmspe"
2019-09-10,206,12.7662728788023,2424,0.399594150742872,"srmspe"
2019-09-10,167,12.769315997452,2349,0.387273409055336,"srmspe"
2019-09-10,359,12.7543344902536,1946,0.320825078825596,"srmspe"
2019-09-10,41,12.7791476115509,557,0.0918382550213227,"srmspe"
2019-09-10,101,12.7744658905514,662,0.109141595469063,"srmspe"
2019-09-10,93,12.775090120018,850,0.140131118934258,"srmspe"
2019-09-10,188,12.7676773951022,1050,0.173085949713375,"srmspe"
2019-09-10,102,12.7743878618681,420,0.0692490703729597,"srmspe"
2019-09-10,49,12.7785233820843,392,0.0646543328218519,"srmspe"
2019-09-10,839,12.7168807222576,6475,1.06740523372045,"srmspe"
2019-09-10,229,12.7644782190858,1967,0.324259665146081,"srmspe"
2019-09-10,80,12.7761044929013,502,0.0827733432818823,"srmspe"
2019-09-10,107,12.7739977184515,915,0.150854541229336,"srmspe"
2019-09-10,175,12.7686917679854,1255,0.20687735033301,"srmspe"
2019-09-10,117,12.7732174316182,974,0.160614808123171,"srmspe"
2019-09-10,97,12.7747780052847,860,0.141776317662797,"srmspe"
2019-09-10,106,12.7740757471348,941,0.155160666020579,"srmspe"
2019-09-10,118,12.7731394029349,912,0.150356325760394,"srmspe"
2019-09-10,86,12.7756363208013,2082,0.343335847812343,"srmspe"
2019-09-10,267,12.7615131291195,4076,0.671953506852018,"srmspe"
2019-09-10,291,12.7596404407197,2521,0.415619341125964,"srmspe"
2019-09-10,518,12.7419279296049,1858,0.306318192333681,"srmspe"
2019-09-10,63,12.7774309805178,774,0.127675612004891,"srmspe"
2019-09-10,594,12.7359977496722,2521,0.415581985301063,"srmspe"
2019-09-10,144,12.7711106571685,583,0.0961079038591288,"srmspe"
2019-09-10,69,12.7769628084178,889,0.146568114377636,"srmspe"
2019-09-10,292,12.7595624120364,696,0.114743715176535,"srmspe"
2019-09-10,80,12.7761044929013,1046,0.172423708645699,"srmspe"
2019-09-10,108,12.7739196897682,836,0.137815581779426,"srmspe"
2019-09-10,101,12.7744658905514,645,0.10635261154109,"srmspe"
2019-09-10,57,12.7778991526177,808,0.133224750333211,"srmspe"
2019-09-10,94,12.7750120913347,348,0.0574030082601962,"srmspe"
2019-09-10,183,12.7680675385188,722,0.119036696169939,"srmspe"
2019-09-10,283,12.7602646701863,4351,0.717283881333712,"srmspe"
2019-09-10,219,12.7652585059191,2054,0.338818615772855,"srmspe"
2019-09-10,248,12.7629956741027,2276,0.375256229586847,"srmspe"
2019-09-10,2475,12.5892257963379,6131,1.01083002548558,"srmspe"
2019-09-10,804,12.719611726174,2995,0.493918665915964,"srmspe"
2019-09-10,279,12.7605767849196,1044,0.172129981839346,"srmspe"
2019-09-10,150,12.7706424850685,481,0.079344982647572,"srmspe"
2019-09-10,122,12.7728272882016,730,0.120361390538341,"srmspe"
2019-09-10,192,12.7673652803689,1057,0.174402662275228,"srmspe"
2019-09-10,97,12.7747780052847,984,0.162253311726972,"srmspe"
2019-09-10,85,12.7757143494846,674,0.111176728461981,"srmspe"
2019-09-10,82,12.7759484355346,1790,0.295163008627977,"srmspe"
2019-09-10,203,12.7665069648523,2397,0.395187737116083,"srmspe"
2019-09-10,101,12.7744658905514,802,0.132226185046039,"srmspe"
2019-09-10,138,12.7715788292684,610,0.100613585148279,"srmspe"
2019-09-10,1432,12.6706097130459,12986,2.14058399016282,"srmspe"
2019-09-10,279,12.7605767849196,2960,0.48817775404765,"srmspe"
2019-09-10,90,12.775324206068,960,0.158281938990726,"srmspe"
2019-09-10,402,12.7509792568706,2459,0.4053313822922,"srmspe"
2019-09-10,85,12.7757143494846,1499,0.247119345593384,"srmspe"
2019-09-10,402,12.7509792568706,1983,0.32689975441065,"srmspe"
2019-09-10,276,12.7608108709696,2032,0.335040022915197,"srmspe"
2019-09-10,113,12.7735295463515,1668,0.275015638400542,"srmspe"
2019-09-10,434,12.7484823390042,2346,0.386722698696365,"srmspe"
2019-09-10,1317,12.6795830116283,5416,0.892980271212858,"srmspe"
2019-09-10,1357,12.6764618642953,6036,0.995013490193111,"srmspe"
2019-09-10,376,12.7530080026371,85,0.0140389607012944,"srmspe"
2019-09-10,41,12.7791476115509,842,0.138844737358338,"srmspe"
2019-09-10,110,12.7737636324015,451,0.0743864815820402,"srmspe"
2019-09-10,76,12.7764166076346,699,0.115245930442277,"srmspe"
2019-09-10,123,12.7727492595183,672,0.110815615179188,"srmspe"
2019-09-10,396,12.7514474289706,4377,0.721538407352636,"srmspe"
2019-09-10,420,12.7495747405708,2058,0.33933932070171,"srmspe"
2019-09-10,127,12.772437144785,2082,0.343288488769532,"srmspe"
2019-09-10,140,12.7714227719018,695,0.114596374295772,"srmspe"
2019-09-10,236,12.7639320183026,948,0.156303013160145,"srmspe"
2019-09-10,142,12.7712667145351,1194,0.196898312070897,"srmspe"
2019-09-10,246,12.7631517314693,2952,0.486676138436845,"srmspe"
2019-09-10,203,12.7665069648523,3168,0.522269374474527,"srmspe"
2019-09-10,668,12.7302236271062,4507,0.743043175114289,"srmspe"
2019-09-10,72,12.7767287223679,952,0.157013841177051,"srmspe"
2019-09-10,309,12.7582359244198,4432,0.730825953345855,"srmspe"
2019-09-10,97,12.7747780052847,1624,0.267747253835099,"srmspe"
2019-09-10,82,12.7759484355346,836,0.137847629955832,"srmspe"
2019-09-10,133,12.771968972685,1110,0.1831044731381,"srmspe"
2019-09-10,138,12.7715788292684,1895,0.312533508435072,"srmspe"
2019-09-10,241,12.7635418748859,1281,0.211173026557581,"srmspe"
2019-09-10,132,12.7720470013684,1201,0.197990153694112,"srmspe"
2019-09-10,243,12.7633858175193,3801,0.626665169713791,"srmspe"
2019-09-10,187,12.7677554237855,404,0.0666145061663216,"srmspe"
2019-09-10,143,12.7711886858518,1077,0.177561312171017,"srmspe"
2019-09-10,69,12.7769628084178,896,0.14772644228394,"srmspe"
2019-09-10,66,12.7771968944678,1003,0.165353270047873,"srmspe"
2019-09-10,341,12.7557390065534,1519,0.25041574201365,"srmspe"
2019-09-10,55,12.7780552099844,742,0.122361672867778,"srmspe"
2019-09-10,131,12.7721250300517,1023,0.168666004481706,"srmspe"
2019-09-10,105,12.7741537758181,888,0.146398605681002,"srmspe"
2019-09-10,1392,12.6737308603789,5812,0.958224288916725,"srmspe"
2019-09-10,481,12.7448149908879,1280,0.211062954133362,"srmspe"
2019-09-10,274,12.7609669283362,2897,0.477653617362785,"srmspe"
2019-09-10,274,12.7609669283362,1681,0.277140316747831,"srmspe"
2019-09-10,129,12.7722810874183,2407,0.396916522752596,"srmspe"
2019-09-10,41,12.7791476115509,575,0.0948220368810144,"srmspe"
2019-09-10,217,12.7654145632857,1829,0.301474741831636,"srmspe"
2019-09-10,156,12.7701743129686,1035,0.170718033354172,"srmspe"
2019-09-10,376,12.7530080026371,1025,0.168996723598693,"srmspe"
2019-09-10,119,12.7730613742516,1502,0.247613844668758,"srmspe"
2019-09-10,151,12.7705644563852,2074,0.341953357516895,"srmspe"
2019-09-10,143,12.7711886858518,1213,0.200040562564962,"srmspe"
2019-09-10,48,12.7786014107677,581,0.095783672919025,"srmspe"
2019-09-10,553,12.7391969256885,2973,0.490209387465586,"srmspe"
2019-09-10,391,12.7518375723872,1418,0.233797549014741,"srmspe"
2019-09-10,393,12.7516815150205,1192,0.196559490187533,"srmspe"
2019-09-10,152,12.7704864277019,346,0.05708148146945,"srmspe"
2019-09-10,103,12.7743098331848,1572,0.259156550312568,"srmspe"
2019-09-10,115,12.7733734889849,928,0.153006658535409,"srmspe"
2019-09-10,102,12.7743878618681,453,0.0746959092994119,"srmspe"
2019-09-10,107,12.7739977184515,673,0.110970690482601,"srmspe"
2019-09-10,159,12.7699402269186,1057,0.174278921527599,"srmspe"
2019-09-10,130,12.772203058735,805,0.13273846424803,"srmspe"
2019-09-10,124,12.772671230835,1088,0.179380765905803,"srmspe"
2019-09-10,132,12.7720470013684,722,0.119056691069801,"srmspe"
2019-09-10,78,12.7762605502679,1367,0.225369552293518,"srmspe"
2019-09-10,157,12.7700962842852,678,0.111783689426576,"srmspe"
2019-09-10,174,12.7687697966687,2764,0.45574627312206,"srmspe"
2019-09-10,124,12.772671230835,772,0.127292606525357,"srmspe"
2019-09-10,120,12.7729833455683,1376,0.226848239668614,"srmspe"
2019-09-10,231,12.7643221617192,1130,0.186341139221453,"srmspe"
2019-09-10,129,12.7722810874183,1362,0.224579285086213,"srmspe"
2019-09-10,118,12.7731394029349,594,0.0979177693130692,"srmspe"
2019-09-10,336,12.7561291499701,2488,0.410186537742905,"srmspe"
2019-09-10,157,12.7700962842852,493,0.0812843928769054,"srmspe"
2019-09-10,300,12.7589381825698,1461,0.240938475732211,"srmspe"
2019-09-10,474,12.7453611916712,2646,0.436306527519227,"srmspe"
2019-09-10,283,12.7602646701863,1196,0.19735874036211,"srmspe"
2019-09-10,125,12.7725932021516,853,0.140737698960057,"srmspe"
2019-09-10,1428,12.6709218277792,2419,0.398803536329359,"srmspe"
2019-09-10,26,12.7803180418008,1804,0.297417446696407,"srmspe"
2019-09-10,89,12.7754022347513,815,0.134365786766765,"srmspe"
2019-09-10,237,12.7638539896192,820,0.13518009358313,"srmspe"
2019-09-10,53,12.778211267351,537,0.0885847416047337,"srmspe"
2019-09-10,266,12.7615911578028,1070,0.176474593913905,"srmspe"
2019-09-10,172,12.7689258540354,1670,0.275387373228922,"srmspe"
2019-09-10,288,12.7598745267697,1568,0.258506265761002,"srmspe"
2019-09-10,133,12.771968972685,1118,0.184357568241529,"srmspe"
2019-09-10,163,12.7696281121853,1157,0.190818263386765,"srmspe"
2019-09-10,168,12.7692379687687,1109,0.182859537518728,"srmspe"
2019-09-10,428,12.7489505111042,3087,0.508850960469501,"srmspe"
2019-09-10,298,12.7590942399364,1606,0.264737328114205,"srmspe"
2019-09-10,628,12.7333447744392,4050,0.667625760569842,"srmspe"
2019-09-10,311,12.7580798670532,1611,0.265566904071706,"srmspe"
2019-09-10,315,12.7577677523199,1774,0.292464625742128,"srmspe"
2019-09-10,62,12.7775090092011,665,0.109636274704499,"srmspe"
2019-09-10,150,12.7706424850685,1165,0.192258794658039,"srmspe"
2019-09-10,153,12.7704083990185,1031,0.169980340131403,"srmspe"
2019-09-10,62,12.7775090092011,620,0.102219332176641,"srmspe"
2019-09-10,44,12.778913525501,236,0.0389417640294787,"srmspe"
2019-09-10,758,12.7232010456069,2019,0.332988806973441,"srmspe"
2019-09-10,254,12.7625275020027,2363,0.389523938051794,"srmspe"
2019-09-10,253,12.762605530686,1322,0.217925494835964,"srmspe"
2019-09-10,341,12.7557390065534,980,0.16155736944937,"srmspe"
2019-09-10,140,12.7714227719018,1635,0.269543389814376,"srmspe"
2019-09-10,125,12.7725932021516,1030,0.169812985429828,"srmspe"
2019-09-10,234,12.7640880756692,779,0.128531908226967,"srmspe"
2019-09-10,214,12.7656486493357,1352,0.222915609525886,"srmspe"
2019-09-10,232,12.7642441330359,1331,0.219411564031909,"srmspe"
2019-09-10,131,12.7721250300517,2726,0.449505946048601,"srmspe"
2019-09-10,1553,12.6611682423636,4179,0.68882954359916,"srmspe"
2019-09-10,1317,12.6795830116283,5678,0.936020461611163,"srmspe"
2019-09-10,301,12.7588601538864,5882,0.969673610902296,"srmspe"
2019-09-10,1003,12.7040840181923,12360,2.03743652193259,"srmspe"
2019-09-10,80,12.7761044929013,1262,0.208092353181776,"srmspe"
2019-09-10,389,12.7519936297538,1067,0.175932845551498,"srmspe"
2019-09-10,1081,12.697997780893,5561,0.91682559714431,"srmspe"
2019-09-10,45,12.7788354968176,1317,0.217132571204717,"srmspe"
2019-09-10,468,12.7458293637712,1945,0.320892162533261,"srmspe"
2019-09-10,217,12.7654145632857,2139,0.35266953734484,"srmspe"
2019-09-10,122,12.7728272882016,1436,0.236748338450661,"srmspe"
2019-09-10,232,12.7642441330359,727,0.119876096954324,"srmspe"
2019-09-10,171,12.7690038827187,1754,0.289133942966777,"srmspe"
2019-09-10,0,12.7823467875673,5515,0.909485637287133,"srmspe"
2019-09-10,543,12.7399772125218,3470,0.572251600238689,"srmspe"
2019-09-10,37,12.7794597262842,851,0.140345836537487,"srmspe"
2019-09-10,355,12.7546466049869,4152,0.684413227976511,"srmspe"
2019-09-10,2530,12.584934218755,4528,0.746399193977428,"srmspe"
2019-09-10,230,12.7644001904025,1226,0.202142410147556,"srmspe"
2019-09-10,204,12.766428936169,1307,0.215508214951284,"srmspe"
2019-09-10,279,12.7605767849196,1709,0.281818436243969,"srmspe"
2019-09-10,584,12.7367780365055,4896,0.807073732330345,"srmspe"
2019-09-10,936,12.7093119399751,5990,0.987370387478026,"srmspe"
2019-09-10,98,12.7746999766014,4178,0.688825173915405,"srmspe"
2019-09-10,1165,12.6914433714937,2350,0.387448577072141,"srmspe"
2019-09-10,331,12.7565192933867,4285,0.70629475397112,"srmspe"
2019-09-10,480,12.7448930195713,3465,0.571230074474469,"srmspe"
2019-09-10,168,12.7692379687687,2241,0.369438204857355,"srmspe"
2019-09-10,190,12.7675213377355,994,0.163882545735597,"srmspe"
2019-09-10,43,12.7789915541843,1424,0.234878493608756,"srmspe"
2019-09-10,131,12.7721250300517,5326,0.878030590640611,"srmspe"
2019-09-10,265,12.7616691864861,3141,0.517847818667168,"srmspe"
2019-09-10,72,12.7767287223679,533,0.0878745440900564,"srmspe"
2019-09-10,176,12.7686137393021,445,0.0733919178670845,"srmspe"
2019-09-10,148,12.7707985424352,1350,0.222600555762252,"srmspe"
2019-09-10,829,12.7176610090909,3371,0.55569563429888,"srmspe"
2019-09-10,648,12.7317842007727,2969,0.489436292960149,"srmspe"
2019-09-10,282,12.7603426988696,1062,0.17514938284649,"srmspe"
2019-09-10,482,12.7447369622046,2626,0.43316086909378,"srmspe"
2019-09-10,65,12.7772749231511,285,0.0470130482887579,"srmspe"
2019-09-10,68,12.7770408371012,1701,0.280412752692783,"srmspe"
2019-09-10,52,12.7782892960344,289,0.0476411388994898,"srmspe"
2019-09-10,130,12.772203058735,3610,0.5951346898598,"srmspe"
2019-09-10,316,12.7576897236366,1727,0.284702833420058,"srmspe"
2019-09-10,742,12.7244495045401,3248,0.535414540818639,"srmspe"
2019-09-10,373,12.753242088687,1312,0.216313860243329,"srmspe"
2019-09-10,193,12.7672872516855,3335,0.54986122336624,"srmspe"
2019-09-10,603,12.7352954915223,3899,0.642826501063014,"srmspe"
2019-09-10,1487,12.666318135463,4668,0.769470868570373,"srmspe"
2019-09-10,133,12.771968972685,1895,0.312529857798135,"srmspe"
2019-09-10,183,12.7680675385188,1319,0.217443821600684,"srmspe"
2019-09-10,371,12.7533981460537,1153,0.190122715615717,"srmspe"
2019-09-10,247,12.763073702786,2892,0.476674756688967,"srmspe"
2019-09-10,329,12.7566753507533,2234,0.368236623180148,"srmspe"
2019-09-10,340,12.7558170352368,1542,0.254204750427699,"srmspe"
2019-09-10,258,12.7622153872694,2912,0.48005267914588,"srmspe"
2019-09-10,122,12.7728272882016,1258,0.207502112769781,"srmspe"
2019-09-10,154,12.7703303703352,2904,0.478731598155656,"srmspe"
2019-09-10,217,12.7654145632857,265,0.0437528424480786,"srmspe"
2019-09-10,60,12.7776650665678,274,0.0451652282181654,"srmspe"
2019-09-10,152,12.7704864277019,1925,0.317434239787402,"srmspe"
2019-09-10,394,12.7516034863372,909,0.149934262597492,"srmspe"
2019-09-10,109,12.7738416610848,1189,0.19616061179242,"srmspe"
2019-09-10,150,12.7706424850685,1268,0.209120590138046,"srmspe"
2019-09-10,78,12.7762605502679,803,0.132421898733872,"srmspe"
2019-09-10,162,12.7697061408686,1038,0.171169279663919,"srmspe"
2019-09-10,201,12.7666630222189,1938,0.319478200588018,"srmspe"
2019-09-10,329,12.7566753507533,1106,0.18236334198394,"srmspe"
2019-09-10,256,12.7623714446361,1542,0.254287920211909,"srmspe"
2019-09-10,78,12.7762605502679,1014,0.16718399398675,"srmspe"
2019-09-10,271,12.7612010143862,1412,0.232762458513198,"srmspe"
2019-09-10,302,12.7587821252031,1770,0.291826401556491,"srmspe"
2019-09-10,177,12.7685357106187,1951,0.321635443789795,"srmspe"
2019-09-10,78,12.7762605502679,598,0.0987113045814723,"srmspe"
2019-09-10,206,12.7662728788023,2406,0.396707285944519,"srmspe"
2019-09-10,87,12.775558292118,2127,0.350742153815343,"srmspe"
2019-09-10,161,12.7697841695519,1571,0.258967886823403,"srmspe"
2019-09-10,143,12.7711886858518,639,0.10534759028707,"srmspe"
2019-09-10,59,12.7777430952511,1682,0.277291480941045,"srmspe"
2019-09-10,48,12.7786014107677,608,0.100220614261216,"srmspe"
2019-09-10,144,12.7711106571685,649,0.107003057514983,"srmspe"
2019-09-10,243,12.7633858175193,865,0.142653276687038,"srmspe"
2019-09-10,398,12.7512913716039,1939,0.319739539638213,"srmspe"
2019-09-10,200,12.7667410509023,888,0.146433499711764,"srmspe"
2019-09-10,176,12.7686137393021,1417,0.233638689167425,"srmspe"
2019-09-10,234,12.7640880756692,1484,0.244696953440868,"srmspe"
2019-09-10,376,12.7530080026371,1528,0.25195261786478,"srmspe"
2019-09-10,630,12.7331887170725,3627,0.597862030607724,"srmspe"
2019-09-10,304,12.7586260678365,2092,0.344974724054802,"srmspe"
2019-09-10,431,12.7487164250542,2458,0.405259500021624,"srmspe"
2019-09-10,85,12.7757143494846,606,0.099921295523945,"srmspe"
2019-09-10,71,12.7768067510512,610,0.100577229888035,"srmspe"
2019-09-10,98,12.7746999766014,715,0.117877762179544,"srmspe"
2019-09-10,105,12.7741537758181,408,0.0672701346294092,"srmspe"
2019-09-10,147,12.7708765711185,1110,0.183037816873784,"srmspe"
2019-09-10,115,12.7733734889849,962,0.158641289669231,"srmspe"
2019-09-10,176,12.7686137393021,1053,0.173587481378323,"srmspe"
2019-09-10,221,12.7651024485524,1454,0.239735557375775,"srmspe"
2019-09-10,644,12.732096315506,2457,0.405105992538799,"srmspe"
2019-09-10,221,12.7651024485524,1250,0.206085777759967,"srmspe"
2019-09-10,237,12.7638539896192,1458,0.240493880295226,"srmspe"
2019-09-10,57,12.7778991526177,476,0.0784791460437265,"srmspe"
2019-09-10,92,12.7751681487014,753,0.124289507494246,"srmspe"
2019-09-10,386,12.7522277158038,4422,0.72913980230819,"srmspe"
2019-09-10,434,12.7484823390042,2016,0.332422038194376,"srmspe"
2019-09-10,441,12.7479361382209,4123,0.679837386191843,"srmspe"
2019-09-10,279,12.7605767849196,1605,0.264646641794935,"srmspe"
2019-09-10,147,12.7708765711185,2552,0.420703641439623,"srmspe"
2019-09-10,259,12.7621373585861,926,0.152675341743989,"srmspe"
2019-09-10,170,12.769081911402,1344,0.221598811244258,"srmspe"
2019-09-10,345,12.7554268918201,1313,0.21646893924754,"srmspe"
2019-09-10,128,12.7723591161017,929,0.153155383053714,"srmspe"
2019-09-10,52,12.7782892960344,462,0.0761911371050872,"srmspe"
2019-09-10,90,12.775324206068,496,0.0818010338003235,"srmspe"
2019-09-10,125,12.7725932021516,1325,0.218423473209682,"srmspe"
2019-09-10,88,12.7754802634347,458,0.0755358781456137,"srmspe"
2019-09-10,45,12.7788354968176,508,0.0837789666868103,"srmspe"
2019-09-10,165,12.7694720548186,1950,0.321574293581091,"srmspe"
2019-09-10,319,12.7574556375866,1041,0.171637297135339,"srmspe"
2019-09-10,45,12.7788354968176,1153,0.190105981049646,"srmspe"
2019-09-10,98,12.7746999766014,428,0.0705621072708806,"srmspe"
2019-09-10,109,12.7738416610848,983,0.162087137102293,"srmspe"
2019-09-10,96,12.7748560339681,1360,0.224177243184676,"srmspe"
2019-09-10,88,12.7754802634347,393,0.0648118820892534,"srmspe"
2019-09-10,58,12.7778211239344,542,0.0893552050518971,"srmspe"
2019-09-10,43,12.7789915541843,344,0.0567216978838497,"srmspe"
2019-09-10,59,12.7777430952511,371,0.0611758960326099,"srmspe"
2019-09-10,96,12.7748560339681,472,0.0778214695240761,"srmspe"
2019-09-10,262,12.7619032725361,1191,0.196375703671881,"srmspe"
2019-09-10,394,12.7516034863372,1673,0.275843872781446,"srmspe"
2019-09-10,135,12.7718129153184,767,0.126450249019592,"srmspe"
2019-09-10,265,12.7616691864861,1715,0.282762971697232,"srmspe"
2019-09-10,242,12.7634638462026,923,0.152171190990494,"srmspe"
2019-09-10,449,12.7473119087543,1354,0.223223172725725,"srmspe"
2019-09-10,288,12.7598745267697,1290,0.212649366731596,"srmspe"
2019-09-10,144,12.7711106571685,842,0.138827693276991,"srmspe"
2019-09-10,132,12.7720470013684,675,0.111291067538187,"srmspe"
2019-09-10,107,12.7739977184515,646,0.106491800566093,"srmspe"
2019-09-10,81,12.7760264642179,676,0.111444951004304,"srmspe"
2019-09-10,160,12.7698621982353,634,0.104536170110037,"srmspe"
2019-09-10,46,12.7787574681343,893,0.147242270157492,"srmspe"
2019-09-10,45,12.7788354968176,427,0.0704022205570191,"srmspe"
2019-09-10,102,12.7743878618681,640,0.105516906722095,"srmspe"
2019-09-10,25,12.7803960704841,420,0.0692614886557261,"srmspe"
2019-09-10,78,12.7762605502679,724,0.11934861834591,"srmspe"
2019-09-10,67,12.7771188657845,442,0.0728751666709588,"srmspe"
2019-09-10,62,12.7775090092011,463,0.0763369187772538,"srmspe"
2019-09-10,47,12.778679439451,337,0.0555589869732074,"srmspe"
2019-09-10,136,12.7717348866351,666,0.109795429819095,"srmspe"
2019-09-10,86,12.7756363208013,751,0.123804478528505,"srmspe"
2019-09-10,131,12.7721250300517,683,0.112626916174428,"srmspe"
2019-09-10,143,12.7711886858518,1032,0.170166577001826,"srmspe"
2019-09-10,295,12.7593283259864,1458,0.240463359954378,"srmspe"
2019-09-10,177,12.7685357106187,2403,0.396142608063906,"srmspe"
2019-09-10,156,12.7701743129686,1322,0.217950441182109,"srmspe"
2019-09-10,173,12.768847825352,2308,0.380501024925832,"srmspe"
2019-09-10,263,12.7618252438528,1240,0.20450921811433,"srmspe"
2019-09-10,108,12.7739196897682,1888,0.311240694358745,"srmspe"
2019-09-10,100,12.7745439192348,511,0.0842320334469467,"srmspe"
2019-09-10,523,12.7415377861883,4142,0.682746054359797,"srmspe"
2019-09-10,144,12.7711106571685,903,0.148872426137856,"srmspe"
2019-09-10,121,12.7729053168849,382,0.0630401161281877,"srmspe"
2019-09-10,179,12.7683796532521,921,0.151846743011566,"srmspe"
2019-09-10,354,12.7547246336702,2784,0.459060141288706,"srmspe"
2019-09-10,73,12.7766506936845,393,0.0647969373339412,"srmspe"
2019-09-10,168,12.7692379687687,2484,0.409451517353624,"srmspe"
2019-09-10,383,12.7524618018538,2488,0.410187745745497,"srmspe"
2019-09-10,439,12.7480921955876,2234,0.368380936568561,"srmspe"
2019-09-10,157,12.7700962842852,766,0.126292879222846,"srmspe"
2019-09-10,194,12.7672092230022,1336,0.220276321279678,"srmspe"
2019-09-10,744,12.7242934471735,3546,0.584574851385357,"srmspe"
2019-09-10,127,12.772437144785,2020,0.333025200035216,"srmspe"
2019-09-10,216,12.7654925919691,1304,0.21498640175592,"srmspe"
2019-09-10,212,12.7658047067024,706,0.116394049706348,"srmspe"
2019-09-10,180,12.7683016245688,1406,0.231756107172432,"srmspe"
2019-09-10,168,12.7692379687687,758,0.12496629295212,"srmspe"
2019-09-10,146,12.7709545998018,1399,0.230655100259485,"srmspe"
2019-09-10,148,12.7707985424352,833,0.137353198609846,"srmspe"
2019-09-10,219,12.7652585059191,811,0.133711320300306,"srmspe"
2019-09-10,324,12.75706549417,830,0.136856343720557,"srmspe"
2019-09-10,222,12.7650244198691,1139,0.187817650224474,"srmspe"
2019-09-10,345,12.7554268918201,634,0.104558875574467,"srmspe"
2019-09-10,63,12.7774309805178,1107,0.182514612255978,"srmspe"
2019-09-10,499,12.7434104745881,1844,0.304078440719151,"srmspe"
2019-09-10,116,12.7732954603016,2641,0.435363025808444,"srmspe"
2019-09-10,217,12.7654145632857,1691,0.278870409521132,"srmspe"
2019-09-10,125,12.7725932021516,1253,0.206603961909287,"srmspe"
2019-09-10,164,12.769550083502,1360,0.224207712606778,"srmspe"
2019-09-10,170,12.769081911402,1265,0.20858054292735,"srmspe"
2019-09-10,99,12.7746219479181,647,0.106671330356789,"srmspe"
2019-09-10,843,12.7165686075243,2369,0.39056296424753,"srmspe"
2019-09-10,735,12.7249957053234,2276,0.375315830297536,"srmspe"
2019-09-10,57,12.7778991526177,510,0.0840771151888094,"srmspe"
2019-09-10,34,12.7796938123342,379,0.0624908022744024,"srmspe"
2019-09-10,87,12.775558292118,1751,0.288680020957335,"srmspe"
2019-09-10,409,12.7504330560873,1073,0.177023511029381,"srmspe"
2019-09-10,624,12.7336568891725,6196,1.02129526694212,"srmspe"
2019-09-10,36,12.7795377549676,196,0.0323314434855799,"srmspe"
2019-09-10,130,12.772203058735,2166,0.357070101842922,"srmspe"
2019-09-10,83,12.7758704068513,571,0.0941470561474231,"srmspe"
2019-09-10,52,12.7782892960344,904,0.149036449480244,"srmspe"
2019-09-10,165,12.7694720548186,999,0.164810929963484,"srmspe"
2019-09-10,105,12.7741537758181,482,0.0794785403893345,"srmspe"
2019-09-10,97,12.7747780052847,1036,0.17079087089778,"srmspe"
2019-09-10,210,12.765960764069,2104,0.346871832928464,"srmspe"
2019-09-10,60,12.7776650665678,1050,0.173110398382861,"srmspe"
2019-09-10,107,12.7739977184515,950,0.156629571359549,"srmspe"
2019-09-10,128,12.7723591161017,526,0.0867361118447302,"srmspe"
2019-09-10,281,12.7604207275529,1004,0.165532122511087,"srmspe"
2019-09-10,182,12.7681455672021,2050,0.337977543486099,"srmspe"
2019-09-10,437,12.7482482529542,2363,0.389559433528426,"srmspe"
2019-09-10,247,12.763073702786,1413,0.232999301442627,"srmspe"
2019-09-10,76,12.7764166076346,558,0.0920289582142762,"srmspe"
2019-09-10,549,12.7395090404218,1950,0.321472697215293,"srmspe"
2019-09-10,448,12.7473899374377,1234,0.20349094378343,"srmspe"
2019-09-10,107,12.7739977184515,1202,0.198196817576153,"srmspe"
2019-09-11,144,12.9371556952841,1078,0.163702674344719,"srmspe"
2019-09-11,0,12.9483918256829,1848,0.280756835442153,"srmspe"
2019-09-11,190,12.9335663758511,983,0.149270952147292,"srmspe"
2019-09-11,211,12.9319277735013,1220,0.185267595642354,"srmspe"
2019-09-11,180,12.9343466626844,987,0.149862539047869,"srmspe"
2019-09-11,110,12.9398086705171,862,0.130870588566019,"srmspe"
2019-09-11,77,12.9423836170668,594,0.0902030035706392,"srmspe"
2019-09-11,117,12.9392624697338,1290,0.195895818828483,"srmspe"
2019-09-11,80,12.9421495310169,569,0.0864005876748478,"srmspe"
2019-09-11,124,12.9387162689506,480,0.0728932548330205,"srmspe"
2019-09-11,123,12.9387942976339,664,0.100833323271441,"srmspe"
2019-09-11,86,12.9416813589169,1035,0.157162177901233,"srmspe"
2019-09-11,83,12.9419154449669,512,0.0777479314975514,"srmspe"
2019-09-11,44,12.9449585636166,635,0.0964338123103089,"srmspe"
2019-09-11,132,12.938092039484,896,0.136073395442325,"srmspe"
2019-09-11,160,12.9359072363509,802,0.121803668485735,"srmspe"
2019-09-11,255,12.928494511435,3069,0.466012251200538,"srmspe"
2019-09-11,73,12.9426957318001,2797,0.42477797551367,"srmspe"
2019-09-11,724,12.8918990589556,5043,0.765760308520628,"srmspe"
2019-09-11,171,12.9350489208343,2392,0.363252626069562,"srmspe"
2019-09-11,450,12.9132789181866,2024,0.30739536777473,"srmspe"
2019-09-11,117,12.9392624697338,680,0.103270256543083,"srmspe"
2019-09-11,269,12.9274021098684,2255,0.342449838721204,"srmspe"
2019-09-11,153,12.9364534371341,895,0.135935785062715,"srmspe"
2019-09-11,495,12.909767627437,4115,0.624791558562431,"srmspe"
2019-09-11,104,12.9402768426171,1884,0.286125609658302,"srmspe"
2019-09-11,66,12.9432419325834,1240,0.188343356291302,"srmspe"
2019-09-11,92,12.941213186817,800,0.121462689842026,"srmspe"
2019-09-11,116,12.9393404984172,636,0.0965846069903348,"srmspe"
2019-09-11,90,12.9413692441836,472,0.0716935517645765,"srmspe"
2019-09-11,210,12.9320058021846,1028,0.156110300487237,"srmspe"
2019-09-11,126,12.9385602115839,759,0.115243888152301,"srmspe"
2019-09-11,136,12.9377799247507,808,0.122703798339899,"srmspe"
2019-09-11,93,12.9411351581336,1300,0.197390593065401,"srmspe"
2019-09-11,358,12.9204575570525,1412,0.214403605382159,"srmspe"
2019-09-11,63,12.9434760186334,624,0.0947598798521198,"srmspe"
2019-09-11,117,12.9392624697338,381,0.0579028091269077,"srmspe"
2019-09-11,342,12.9217060159857,2629,0.399225886428385,"srmspe"
2019-09-11,71,12.9428517891668,1339,0.203375152462378,"srmspe"
2019-09-11,512,12.9084411398205,2691,0.408625822845512,"srmspe"
2019-09-11,129,12.9383261255339,429,0.0651404703259612,"srmspe"
2019-09-11,1129,12.8602974422089,7826,1.18838769584391,"srmspe"
2019-09-11,116,12.9393404984172,633,0.0961496786475374,"srmspe"
2019-09-11,129,12.9383261255339,1003,0.152320380145697,"srmspe"
2019-09-11,87,12.9416033302336,337,0.0511791724051674,"srmspe"
2019-09-11,47,12.9447244775666,481,0.0730406444006908,"srmspe"
2019-09-11,45,12.9448805349332,563,0.0854864030397834,"srmspe"
2019-09-11,73,12.9426957318001,622,0.094486557761682,"srmspe"
2019-09-11,202,12.9326300316512,1726,0.262089600483855,"srmspe"
2019-09-11,202,12.9326300316512,2119,0.321737335964172,"srmspe"
2019-09-11,566,12.9042275909209,2164,0.328539372133683,"srmspe"
2019-09-11,279,12.9266218230352,2134,0.32401640131026,"srmspe"
2019-09-11,315,12.9238127904355,2374,0.360527614338076,"srmspe"
2019-09-11,52,12.94433433415,911,0.138333018788976,"srmspe"
2019-09-11,81,12.9420715023335,230,0.0349411584092198,"srmspe"
2019-09-11,86,12.9416813589169,356,0.0540739056951555,"srmspe"
2019-09-11,52,12.94433433415,235,0.0357129959007605,"srmspe"
2019-09-11,156,12.9362193510842,1078,0.163698621859774,"srmspe"
2019-09-11,209,12.9320838308679,1128,0.171290828280236,"srmspe"
2019-09-11,114,12.9394965557838,1221,0.185412193229456,"srmspe"
2019-09-11,62,12.9435540473167,931,0.141369328023306,"srmspe"
2019-09-11,70,12.9429298178501,734,0.111448567532749,"srmspe"
2019-09-11,161,12.9358292076675,653,0.0991453355205679,"srmspe"
2019-09-11,126,12.9385602115839,805,0.122222408242649,"srmspe"
2019-09-11,306,12.9245150485854,2582,0.392116408141213,"srmspe"
2019-09-11,239,12.9297429703682,1080,0.16402059050796,"srmspe"
2019-09-11,338,12.922018130719,2075,0.315040152727434,"srmspe"
2019-09-11,8,12.9477675962163,859,0.130437025248163,"srmspe"
2019-09-11,188,12.9337224332178,1739,0.264101681295154,"srmspe"
2019-09-11,201,12.9327080603345,2335,0.354596102855402,"srmspe"
2019-09-11,64,12.9433979899501,2006,0.304665081306941,"srmspe"
2019-09-11,337,12.9220961594023,2384,0.361989814590725,"srmspe"
2019-09-11,247,12.9291187409016,1038,0.157654964192407,"srmspe"
2019-09-11,223,12.9309914293014,1218,0.184982781934436,"srmspe"
2019-09-11,276,12.9268559090852,1998,0.303410892763293,"srmspe"
2019-09-11,148,12.9368435805508,1572,0.238712946576059,"srmspe"
2019-09-11,226,12.9307573432514,1835,0.278671510753674,"srmspe"
2019-09-11,107,12.9400427565671,1351,0.205178226169378,"srmspe"
2019-09-11,93,12.9411351581336,1057,0.160502470422223,"srmspe"
2019-09-11,95,12.940979100767,862,0.130892460483931,"srmspe"
2019-09-11,135,12.937857953434,878,0.133329905022995,"srmspe"
2019-09-11,99,12.9406669860337,654,0.0993020584197266,"srmspe"
2019-09-11,68,12.9430858752168,400,0.0607450125392909,"srmspe"
2019-09-11,71,12.9428517891668,542,0.0823002486506821,"srmspe"
2019-09-11,345,12.9214719299357,1191,0.180829868004783,"srmspe"
2019-09-11,112,12.9396526131505,626,0.0950445906525146,"srmspe"
2019-09-11,71,12.9428517891668,1061,0.161119699998085,"srmspe"
2019-09-11,151,12.9366094945008,1207,0.183269411940913,"srmspe"
2019-09-11,43,12.9450365922999,222,0.0337369623970497,"srmspe"
2019-09-11,99,12.9406669860337,598,0.0908173813116176,"srmspe"
2019-09-11,164,12.9355951216176,556,0.0844458420292399,"srmspe"
2019-09-11,60,12.9437101046834,618,0.0938380219892434,"srmspe"
2019-09-11,39,12.9453487070332,457,0.0694083348514558,"srmspe"
2019-09-11,55,12.9441002481,428,0.0649845986414031,"srmspe"
2019-09-11,105,12.9401988139337,663,0.100693280912518,"srmspe"
2019-09-11,52,12.94433433415,1064,0.161569086103632,"srmspe"
2019-09-11,84,12.9418374162836,456,0.0692544473698656,"srmspe"
2019-09-11,112,12.9396526131505,688,0.104474471387351,"srmspe"
2019-09-11,138,12.937623867384,1694,0.25718961956201,"srmspe"
2019-09-11,79,12.9422275597002,350,0.0531573689516464,"srmspe"
2019-09-11,79,12.9422275597002,583,0.0885255266430979,"srmspe"
2019-09-11,146,12.9369996379174,604,0.0917290542486738,"srmspe"
2019-09-11,70,12.9429298178501,534,0.0810759847990052,"srmspe"
2019-09-11,111,12.9397306418338,408,0.0619550106341561,"srmspe"
2019-09-11,77,12.9423836170668,433,0.0657525681800407,"srmspe"
2019-09-11,37,12.9455047643998,380,0.0577024287663688,"srmspe"
2019-09-11,112,12.9396526131505,237,0.0359911579588074,"srmspe"
2019-09-11,61,12.943632076,509,0.0772936159870948,"srmspe"
2019-09-11,54,12.9441782767833,571,0.0867059841624996,"srmspe"
2019-09-11,192,12.9334103184845,330,0.0501344658857858,"srmspe"
2019-09-11,36,12.9455827930832,644,0.0977845353988034,"srmspe"
2019-09-11,276,12.9268559090852,1333,0.202425090658648,"srmspe"
2019-09-11,266,12.9276361959184,2210,0.335563776504759,"srmspe"
2019-09-11,639,12.8985314970382,2110,0.320355024068184,"srmspe"
2019-09-11,416,12.9159318934197,1864,0.283011500312221,"srmspe"
2019-09-11,239,12.9297429703682,2740,0.415997620934098,"srmspe"
2019-09-11,597,12.9018087017378,1924,0.292116474818024,"srmspe"
2019-09-11,52,12.94433433415,505,0.0767031803378554,"srmspe"
2019-09-11,45,12.9448805349332,512,0.0777445649991439,"srmspe"
2019-09-11,53,12.9442563054666,496,0.0753260912895816,"srmspe"
2019-09-11,81,12.9420715023335,417,0.0633270825017813,"srmspe"
2019-09-11,50,12.9444903915166,414,0.0628688245889294,"srmspe"
2019-09-11,63,12.9434760186334,723,0.109771924776267,"srmspe"
2019-09-11,141,12.937389781334,580,0.0880730756875955,"srmspe"
2019-09-11,136,12.9377799247507,422,0.0640785245262815,"srmspe"
2019-09-11,46,12.9448025062499,457,0.0693915781653761,"srmspe"
2019-09-11,238,12.9298209990515,913,0.138654566828185,"srmspe"
2019-09-11,182,12.9341906053177,864,0.131223757846184,"srmspe"
2019-09-11,52,12.94433433415,1591,0.241589923178033,"srmspe"
2019-09-11,19,12.9469092806997,318,0.0483133547113276,"srmspe"
2019-09-11,146,12.9369996379174,2324,0.352882953997768,"srmspe"
2019-09-11,145,12.9370776666007,1083,0.164468508572767,"srmspe"
2019-09-11,233,12.9302111424681,1517,0.230340188156607,"srmspe"
2019-09-11,197,12.9330201750678,759,0.115275113569988,"srmspe"
2019-09-11,104,12.9402768426171,589,0.0894588552078639,"srmspe"
2019-09-11,62,12.9435540473167,626,0.0950739250707849,"srmspe"
2019-09-11,107,12.9400427565671,3524,0.535113528444995,"srmspe"
2019-09-11,192,12.9334103184845,1135,0.172370385395985,"srmspe"
2019-09-11,689,12.8946300628719,2651,0.402552763040234,"srmspe"
2019-09-11,88,12.9415253015503,2242,0.340471179302906,"srmspe"
2019-09-11,177,12.9345807487343,1470,0.223220022027593,"srmspe"
2019-09-11,170,12.9351269495176,1407,0.213668002940266,"srmspe"
2019-09-11,558,12.9048518203875,4672,0.70949176988959,"srmspe"
2019-09-11,359,12.9203795283692,1466,0.222635652473307,"srmspe"
2019-09-11,307,12.9244370199021,4737,0.719351010585502,"srmspe"
2019-09-11,90,12.9413692441836,566,0.0859538451245104,"srmspe"
2019-09-11,109,12.9398866992004,521,0.079112902108744,"srmspe"
2019-09-11,149,12.9367655518674,1059,0.160824461744624,"srmspe"
2019-09-11,479,12.9110160863702,2954,0.448522277062499,"srmspe"
2019-09-11,201,12.9327080603345,2383,0.361781657785466,"srmspe"
2019-09-11,210,12.9320058021846,1019,0.15472917692998,"srmspe"
2019-09-11,68,12.9430858752168,1060,0.160973374754866,"srmspe"
2019-09-11,87,12.9416033302336,794,0.12055931349962,"srmspe"
2019-09-11,59,12.9437881333667,403,0.0611980590440583,"srmspe"
2019-09-11,61,12.943632076,860,0.130580928877046,"srmspe"
2019-09-11,118,12.9391844410505,872,0.132408349782857,"srmspe"
2019-09-11,62,12.9435540473167,621,0.094330212390133,"srmspe"
2019-09-11,97,12.9408230434003,588,0.0893243851561251,"srmspe"
2019-09-11,73,12.9426957318001,1183,0.179633441619125,"srmspe"
2019-09-11,489,12.9102357995369,3281,0.498218294781947,"srmspe"
2019-09-11,72,12.9427737604835,1265,0.192174785690179,"srmspe"
2019-09-11,452,12.91312286082,3295,0.500344300563892,"srmspe"
2019-09-11,158,12.9360632937175,1386,0.210456165850127,"srmspe"
2019-09-11,310,12.9242029338521,1952,0.296360881887357,"srmspe"
2019-09-11,117,12.9392624697338,917,0.139228185526025,"srmspe"
2019-09-11,184,12.9340345479511,965,0.1465312577631,"srmspe"
2019-09-11,225,12.9308353719347,1417,0.215165489379013,"srmspe"
2019-09-11,320,12.9234226470189,5073,0.770380873747752,"srmspe"
2019-09-11,613,12.9005602428046,3075,0.466955389645222,"srmspe"
2019-09-11,201,12.9327080603345,3360,0.510309350677243,"srmspe"
2019-09-11,541,12.906178308004,2792,0.423952142889326,"srmspe"
2019-09-11,366,12.9198333275859,1966,0.298525005746274,"srmspe"
2019-09-11,252,12.928728597485,3965,0.60214329023019,"srmspe"
2019-09-11,54,12.9441782767833,1156,0.17561404222472,"srmspe"
2019-09-11,98,12.940745014717,720,0.109409815110692,"srmspe"
2019-09-11,0,12.9483918256829,864,0.131276296144542,"srmspe"
2019-09-11,401,12.9171023236695,1005,0.152605717611974,"srmspe"
2019-09-11,339,12.9219401020357,601,0.0913159124623833,"srmspe"
2019-09-11,362,12.9201454423192,4445,0.675124256656374,"srmspe"
2019-09-11,280,12.9265437943519,877,0.133178359606681,"srmspe"
2019-09-11,106,12.9401207852504,5092,0.773204057112859,"srmspe"
2019-09-11,208,12.9321618595513,591,0.0897315211243652,"srmspe"
2019-09-11,112,12.9396526131505,917,0.139242349147009,"srmspe"
2019-09-11,2119,12.7830490457172,10742,1.63112451108297,"srmspe"
2019-09-11,234,12.9301331137848,1738,0.263950886110293,"srmspe"
2019-09-11,102,12.9404328999837,1168,0.177338752942361,"srmspe"
2019-09-11,150,12.9366875231841,1487,0.225763497919435,"srmspe"
2019-09-11,97,12.9408230434003,638,0.0968801014132376,"srmspe"
2019-09-11,191,12.9334883471678,3487,0.529445413655096,"srmspe"
2019-09-11,216,12.9315376300847,1390,0.211080461365848,"srmspe"
2019-09-11,316,12.9237347617522,371,0.0563438441949666,"srmspe"
2019-09-11,36,12.9455827930832,536,0.0814049640245098,"srmspe"
2019-09-11,373,12.9192871268026,2623,0.398448177193205,"srmspe"
2019-09-11,293,12.9255294214686,1188,0.1804641806145,"srmspe"
2019-09-11,135,12.937857953434,1329,0.201874200693014,"srmspe"
2019-09-11,588,12.9025109598878,5040,0.765365419126389,"srmspe"
2019-09-11,2373,12.7632297601526,4161,0.631839185918145,"srmspe"
2019-09-11,168,12.9352830068843,888,0.134841014075914,"srmspe"
2019-09-11,125,12.9386382402672,2020,0.306684755677096,"srmspe"
2019-09-11,110,12.9398086705171,1199,0.18207024141241,"srmspe"
2019-09-11,113,12.9395745844671,627,0.0952521947213635,"srmspe"
2019-09-11,152,12.9365314658175,1797,0.272907372851915,"srmspe"
2019-09-11,328,12.9227984175523,2245,0.340846317836623,"srmspe"
2019-09-11,288,12.9259195648853,1769,0.268569766753263,"srmspe"
2019-09-11,93,12.9411351581336,604,0.091709000288273,"srmspe"
2019-09-11,36,12.9455827930832,550,0.0835191943658501,"srmspe"
2019-09-11,143,12.9372337239674,1054,0.160085529180656,"srmspe"
2019-09-11,253,12.9286505688016,1401,0.212806371606598,"srmspe"
2019-09-11,284,12.9262316796186,1012,0.153686308673882,"srmspe"
2019-09-11,178,12.934502720051,388,0.0589186961063732,"srmspe"
2019-09-11,59,12.9437881333667,752,0.114178027945958,"srmspe"
2019-09-11,702,12.8936156899887,3148,0.477971350850643,"srmspe"
2019-09-11,110,12.9398086705171,1251,0.189935106732352,"srmspe"
2019-09-11,31,12.9459729364998,322,0.0489067870213816,"srmspe"
2019-09-11,44,12.9449585636166,305,0.0463165127823804,"srmspe"
2019-09-11,391,12.9178826105028,2693,0.408924449179401,"srmspe"
2019-09-11,312,12.9240468764855,2103,0.319322692262713,"srmspe"
2019-09-11,202,12.9326300316512,6318,0.959190733170071,"srmspe"
2019-09-11,58,12.94386616205,851,0.12922839860112,"srmspe"
2019-09-11,142,12.9373117526507,933,0.141673260357509,"srmspe"
2019-09-11,210,12.9320058021846,975,0.148051343752798,"srmspe"
2019-09-11,113,12.9395745844671,821,0.124714028989221,"srmspe"
2019-09-11,87,12.9416033302336,1306,0.198327083715673,"srmspe"
2019-09-11,10,12.9476115388496,3253,0.494082902618031,"srmspe"
2019-09-11,101,12.940510928667,1729,0.262542736876762,"srmspe"
2019-09-11,60,12.9437101046834,293,0.0445389131862494,"srmspe"
2019-09-11,577,12.9033692754043,2197,0.333543347399168,"srmspe"
2019-09-11,171,12.9350489208343,728,0.110565474346405,"srmspe"
2019-09-11,45,12.9448805349332,665,0.100959375614331,"srmspe"
2019-09-11,226,12.9307573432514,1319,0.200301410549284,"srmspe"
2019-09-11,406,12.9167121802529,2277,0.345748536482054,"srmspe"
2019-09-11,120,12.9390283836839,882,0.133942600709821,"srmspe"
2019-09-11,223,12.9309914293014,1161,0.176287549195101,"srmspe"
2019-09-11,120,12.9390283836839,5488,0.833220690121976,"srmspe"
2019-09-11,50,12.9444903915166,582,0.0884053977294505,"srmspe"
2019-09-11,81,12.9420715023335,916,0.139134199132549,"srmspe"
2019-09-11,371,12.9194431841693,2793,0.424105064679964,"srmspe"
2019-09-11,155,12.9362973797675,1839,0.279329317618991,"srmspe"
2019-09-11,139,12.9375458387007,798,0.121194926107603,"srmspe"
2019-09-11,87,12.9416033302336,800,0.121505490595406,"srmspe"
2019-09-11,111,12.9397306418338,732,0.111179725678641,"srmspe"
2019-09-11,241,12.9295869130015,1499,0.227650450251283,"srmspe"
2019-09-11,161,12.9358292076675,400,0.0607348946181746,"srmspe"
2019-09-11,69,12.9430078465334,589,0.0894380459248602,"srmspe"
2019-09-11,64,12.9433979899501,534,0.0810874634848523,"srmspe"
2019-09-11,1104,12.8622481592921,2738,0.415775774726188,"srmspe"
2019-09-11,198,12.9329421463845,2243,0.34063844792141,"srmspe"
2019-09-11,49,12.9445684201999,1049,0.159298162461725,"srmspe"
2019-09-11,173,12.9348928634676,1085,0.164800716081218,"srmspe"
2019-09-11,144,12.9371556952841,732,0.111181155608644,"srmspe"
2019-09-11,79,12.9422275597002,536,0.0814176846733246,"srmspe"
2019-09-11,75,12.9425396744335,599,0.0909577143110715,"srmspe"
2019-09-11,123,12.9387942976339,530,0.0804785181971634,"srmspe"
2019-09-11,85,12.9417593876002,1490,0.226293115960148,"srmspe"
2019-09-11,117,12.9392624697338,1049,0.159297197454546,"srmspe"
2019-09-11,507,12.9088312832371,2335,0.354566665182487,"srmspe"
2019-09-11,517,12.9080509964038,3388,0.514345939474904,"srmspe"
2019-09-11,353,12.9208477004691,3435,0.521483162732054,"srmspe"
2019-09-11,90,12.9413692441836,862,0.130912457784385,"srmspe"
2019-09-11,205,12.9323959456012,1018,0.154571626839341,"srmspe"
2019-09-11,236,12.9299770564182,1151,0.174777666132334,"srmspe"
2019-09-11,282,12.9263877369852,1297,0.196941574772946,"srmspe"
2019-09-11,190,12.9335663758511,1150,0.174669776154929,"srmspe"
2019-09-11,226,12.9307573432514,2470,0.375158637852475,"srmspe"
2019-09-11,352,12.9209257291525,1390,0.21105872111102,"srmspe"
2019-09-11,126,12.9385602115839,666,0.101146143685503,"srmspe"
2019-09-11,197,12.9330201750678,1870,0.283923351613678,"srmspe"
2019-09-11,206,12.9323179169179,1002,0.152128963828289,"srmspe"
2019-09-11,268,12.9274801385518,1508,0.228965579201937,"srmspe"
2019-09-11,279,12.9266218230352,538,0.0816974537566824,"srmspe"
2019-09-11,55,12.9441002481,1194,0.181272006420647,"srmspe"
2019-09-11,90,12.9413692441836,1130,0.171552833174686,"srmspe"
2019-09-11,226,12.9307573432514,899,0.136513865156063,"srmspe"
2019-09-11,152,12.9365314658175,831,0.126211608538303,"srmspe"
2019-09-11,238,12.9298209990515,1625,0.246685614173763,"srmspe"
2019-09-11,483,12.9107039716369,1565,0.237570726459247,"srmspe"
2019-09-11,191,12.9334883471678,1702,0.258378397583115,"srmspe"
2019-09-11,209,12.9320838308679,1087,0.16513141549525,"srmspe"
2019-09-11,519,12.9078949390372,1270,0.192802987150311,"srmspe"
2019-09-11,0,12.9483918256829,2137,0.324545296633628,"srmspe"
2019-09-11,250,12.9288846548516,1052,0.159774162844439,"srmspe"
2019-09-11,145,12.9370776666007,1147,0.174195765815377,"srmspe"
2019-09-11,233,12.9302111424681,1734,0.263304166280462,"srmspe"
2019-09-11,470,12.9117183445201,1330,0.201957314772688,"srmspe"
2019-09-11,210,12.9320058021846,1175,0.178412016776944,"srmspe"
2019-09-11,68,12.9430858752168,703,0.106746421015559,"srmspe"
2019-09-11,124,12.9387162689506,1247,0.189349853729858,"srmspe"
2019-09-11,216,12.9315376300847,1167,0.177228152318295,"srmspe"
2019-09-11,147,12.9369216092341,2318,0.351978895116809,"srmspe"
2019-09-11,155,12.9362973797675,2133,0.323836293302403,"srmspe"
2019-09-11,388,12.9181166965528,2099,0.318758964622328,"srmspe"
2019-09-11,315,12.9238127904355,1557,0.236460030176165,"srmspe"
2019-09-11,227,12.9306793145681,4626,0.702422589846602,"srmspe"
2019-09-11,153,12.9364534371341,1515,0.230118376725724,"srmspe"
2019-09-11,175,12.934736806101,1681,0.255222679285506,"srmspe"
2019-09-11,156,12.9362193510842,1207,0.183289822355263,"srmspe"
2019-09-11,188,12.9337224332178,359,0.0545336802942305,"srmspe"
2019-09-11,183,12.9341125766344,507,0.0769938373990661,"srmspe"
2019-09-11,96,12.9409010720837,888,0.134863772878083,"srmspe"
2019-09-11,300,12.9249832206854,2704,0.410610312871282,"srmspe"
2019-09-11,141,12.937389781334,1872,0.28433593387943,"srmspe"
2019-09-11,219,12.9313035440347,1083,0.164446934043153,"srmspe"
2019-09-11,282,12.9263877369852,4496,0.682791196340467,"srmspe"
2019-09-11,89,12.9414472728669,2251,0.341871046357758,"srmspe"
2019-09-11,231,12.9303671998348,931,0.141446681206646,"srmspe"
2019-09-11,184,12.9340345479511,2137,0.324578988297981,"srmspe"
2019-09-11,211,12.9319277735013,1420,0.2156400709184,"srmspe"
2019-09-11,42,12.9451146209832,350,0.0531608928068293,"srmspe"
2019-09-11,264,12.9277922532851,2698,0.409736030971018,"srmspe"
2019-09-11,426,12.9151516065864,1278,0.194070058612756,"srmspe"
2019-09-11,644,12.8981413536216,3024,0.459250184038077,"srmspe"
2019-09-11,275,12.9269339377685,1315,0.199792332980612,"srmspe"
2019-09-11,243,12.9294308556349,1568,0.238093183404848,"srmspe"
2019-09-11,656,12.8972050094217,1623,0.246512624868565,"srmspe"
2019-09-11,160,12.9359072363509,1367,0.207588316387297,"srmspe"
2019-09-11,310,12.9242029338521,3559,0.540410297929985,"srmspe"
2019-09-11,219,12.9313035440347,729,0.110714543853776,"srmspe"
2019-09-11,164,12.9355951216176,663,0.100672320172647,"srmspe"
2019-09-11,479,12.9110160863702,3362,0.510472075141929,"srmspe"
2019-09-11,230,12.9304452285181,1538,0.233517645789495,"srmspe"
2019-09-11,268,12.9274801385518,632,0.0960589635736289,"srmspe"
2019-09-11,15,12.947221395433,1379,0.20946683154851,"srmspe"
2019-09-11,158,12.9360632937175,955,0.144990064896998,"srmspe"
2019-09-11,172,12.934970892151,539,0.0818851677843505,"srmspe"
2019-09-11,119,12.9391064123672,501,0.0760858036282474,"srmspe"
2019-09-11,227,12.9306793145681,574,0.0871599308788728,"srmspe"
2019-09-11,85,12.9417593876002,779,0.118275757380158,"srmspe"
2019-09-11,82,12.9419934736502,611,0.0927847113500085,"srmspe"
2019-09-11,147,12.9369216092341,1893,0.287439261513762,"srmspe"
2019-09-11,194,12.9332542611178,2476,0.375929950635105,"srmspe"
2019-09-11,183,12.9341125766344,2340,0.355314561773864,"srmspe"
2019-09-11,362,12.9201454423192,2011,0.305350464679448,"srmspe"
2019-09-11,29,12.9461289938664,584,0.0886827526275789,"srmspe"
2019-09-11,98,12.940745014717,698,0.105986220191076,"srmspe"
2019-09-11,83,12.9419154449669,850,0.12906291920462,"srmspe"
2019-09-11,155,12.9362973797675,1081,0.164122263070281,"srmspe"
2019-09-11,99,12.9406669860337,372,0.0564941086754761,"srmspe"
2019-09-11,44,12.9449585636166,397,0.0603061401397162,"srmspe"
2019-09-11,843,12.8826136456399,6498,0.986592539466232,"srmspe"
2019-09-11,214,12.9316936874513,1911,0.290144252629907,"srmspe"
2019-09-11,77,12.9423836170668,529,0.0803341014459077,"srmspe"
2019-09-11,95,12.940979100767,1075,0.163228101942792,"srmspe"
2019-09-11,174,12.9348148347843,1270,0.192817599986678,"srmspe"
2019-09-11,113,12.9395745844671,1044,0.158553673768386,"srmspe"
2019-09-11,79,12.9422275597002,840,0.127544264891587,"srmspe"
2019-09-11,108,12.9399647278838,1001,0.152014096398384,"srmspe"
2019-09-11,126,12.9385602115839,865,0.131344472583959,"srmspe"
2019-09-11,73,12.9426957318001,2186,0.332004146243038,"srmspe"
2019-09-11,270,12.9273240811851,3869,0.587461027269513,"srmspe"
2019-09-11,300,12.9249832206854,2445,0.371253761778659,"srmspe"
2019-09-11,491,12.9100797421703,1778,0.269977951159445,"srmspe"
2019-09-11,48,12.9446464488833,810,0.123048991337723,"srmspe"
2019-09-11,571,12.9038374475043,2440,0.370461272641014,"srmspe"
2019-09-11,129,12.9383261255339,580,0.0880606126445428,"srmspe"
2019-09-11,81,12.9420715023335,910,0.138175394637763,"srmspe"
2019-09-11,260,12.9281043680184,678,0.102949758915935,"srmspe"
2019-09-11,87,12.9416033302336,996,0.151217300234671,"srmspe"
2019-09-11,78,12.9423055883835,834,0.126628051098977,"srmspe"
2019-09-11,114,12.9394965557838,582,0.0883911780127843,"srmspe"
2019-09-11,62,12.9435540473167,772,0.117239209457031,"srmspe"
2019-09-11,90,12.9413692441836,405,0.0615189736296652,"srmspe"
2019-09-11,173,12.9348928634676,773,0.117376600094773,"srmspe"
2019-09-11,283,12.9263097083019,4414,0.670195641655271,"srmspe"
2019-09-11,220,12.9312255153514,2167,0.32919754169429,"srmspe"
2019-09-11,268,12.9274801385518,2379,0.361244684589034,"srmspe"
2019-09-11,2625,12.7435665319547,6057,0.919759171324587,"srmspe"
2019-09-11,802,12.8858128216562,3113,0.472806728322438,"srmspe"
2019-09-11,286,12.9260756222519,1105,0.167792840636142,"srmspe"
2019-09-11,153,12.9364534371341,483,0.073379919633265,"srmspe"
2019-09-11,118,12.9391844410505,734,0.111462006896731,"srmspe"
2019-09-11,213,12.9317717161346,1105,0.167906338301474,"srmspe"
2019-09-11,114,12.9394965557838,1072,0.162796058240989,"srmspe"
2019-09-11,90,12.9413692441836,650,0.0987496197812916,"srmspe"
2019-09-11,82,12.9419934736502,1822,0.276701429432429,"srmspe"
2019-09-11,209,12.9320838308679,2432,0.369283452529843,"srmspe"
2019-09-11,96,12.9409010720837,856,0.129977873781114,"srmspe"
2019-09-11,156,12.9362193510842,631,0.0958496906253986,"srmspe"
2019-09-11,1435,12.8364206651115,13545,2.05637825889473,"srmspe"
2019-09-11,309,12.9242809625354,3089,0.469187555834604,"srmspe"
2019-09-11,100,12.9405889573504,1011,0.153518691686321,"srmspe"
2019-09-11,464,12.9121865166201,2488,0.377723925097963,"srmspe"
2019-09-11,92,12.941213186817,1581,0.240049221495652,"srmspe"
2019-09-11,428,12.9149955492198,2013,0.305639091344585,"srmspe"
2019-09-11,286,12.9260756222519,2059,0.312670839145177,"srmspe"
2019-09-11,123,12.9387942976339,1782,0.270594829144667,"srmspe"
2019-09-11,396,12.9174924670862,2456,0.372881568731038,"srmspe"
2019-09-11,1340,12.8438333900274,5440,0.826087386256072,"srmspe"
2019-09-11,1384,12.8404001279611,6359,0.9654615474931,"srmspe"
2019-09-11,390,12.9179606391861,92,0.0139922788154731,"srmspe"
2019-09-11,31,12.9459729364998,901,0.136830081810641,"srmspe"
2019-09-11,87,12.9416033302336,486,0.0738223433425826,"srmspe"
2019-09-11,70,12.9429298178501,687,0.104321762060985,"srmspe"
2019-09-11,160,12.9359072363509,686,0.104185066958904,"srmspe"
2019-09-11,381,12.918662897336,4406,0.668953969479811,"srmspe"
2019-09-11,421,12.915541750003,2017,0.306309503205115,"srmspe"
2019-09-11,131,12.9381700681673,2055,0.312071322962897,"srmspe"
2019-09-11,177,12.9345807487343,710,0.107818447468839,"srmspe"
2019-09-11,241,12.9295869130015,927,0.140768645650466,"srmspe"
2019-09-11,131,12.9381700681673,1178,0.17891430273503,"srmspe"
2019-09-11,257,12.9283384540683,3125,0.474497588699156,"srmspe"
2019-09-11,213,12.9317717161346,3360,0.510164214001606,"srmspe"
2019-09-11,716,12.8925232884222,4660,0.707584620815089,"srmspe"
2019-09-11,67,12.9431639039001,1017,0.154472170477658,"srmspe"
2019-09-11,314,12.9238908191188,4438,0.674004030247707,"srmspe"
2019-09-11,109,12.9398866992004,1656,0.251456617987635,"srmspe"
2019-09-11,77,12.9423836170668,875,0.132878736980853,"srmspe"
2019-09-11,130,12.9382480968506,1156,0.175617639239015,"srmspe"
2019-09-11,131,12.9381700681673,1960,0.297703161475635,"srmspe"
2019-09-11,254,12.9285725401183,1327,0.201476779016417,"srmspe"
2019-09-11,121,12.9389503550005,1136,0.172488200208965,"srmspe"
2019-09-11,264,12.9277922532851,4039,0.613297366409738,"srmspe"
2019-09-11,182,12.9341906053177,436,0.0662113373032983,"srmspe"
2019-09-11,193,12.9333322898011,1105,0.16778563520333,"srmspe"
2019-09-11,77,12.9423836170668,956,0.145163055077695,"srmspe"
2019-09-11,66,12.9432419325834,1028,0.156083754990362,"srmspe"
2019-09-11,282,12.9263877369852,1566,0.237772343063795,"srmspe"
2019-09-11,43,12.9450365922999,720,0.109356644318926,"srmspe"
2019-09-11,163,12.9356731503009,1011,0.153522034770719,"srmspe"
2019-09-11,111,12.9397306418338,904,0.137266736971349,"srmspe"
2019-09-11,1528,12.8291639975623,5939,0.901814679020088,"srmspe"
2019-09-11,458,12.91265468872,1256,0.190746994852406,"srmspe"
2019-09-11,249,12.9289626835349,2821,0.428391484106465,"srmspe"
2019-09-11,262,12.9279483106517,1695,0.25737329266628,"srmspe"
2019-09-11,127,12.9384821829006,2346,0.356304243379603,"srmspe"
2019-09-11,51,12.9444123628333,617,0.0937055255379684,"srmspe"
2019-09-11,217,12.9314596014013,1872,0.284192930535649,"srmspe"
2019-09-11,145,12.9370776666007,1101,0.167243275844846,"srmspe"
2019-09-11,421,12.915541750003,1001,0.152002685515042,"srmspe"
2019-09-11,96,12.9409010720837,1556,0.236252268420589,"srmspe"
2019-09-11,134,12.9379359821173,2106,0.31979969025419,"srmspe"
2019-09-11,156,12.9362193510842,1190,0.180745664568735,"srmspe"
2019-09-11,42,12.9451146209832,623,0.0945944958532174,"srmspe"
2019-09-11,551,12.9053980211708,2965,0.450272921237119,"srmspe"
2019-09-11,463,12.9122645453034,1571,0.238555105295107,"srmspe"
2019-09-11,400,12.9171803523529,1108,0.16827828877318,"srmspe"
2019-09-11,150,12.9366875231841,332,0.0504476467534657,"srmspe"
2019-09-11,115,12.9394185271005,1581,0.240052874065985,"srmspe"
2019-09-11,98,12.940745014717,1008,0.153065581069543,"srmspe"
2019-09-11,118,12.9391844410505,369,0.056047311594248,"srmspe"
2019-09-11,102,12.9404328999837,670,0.101751350349099,"srmspe"
2019-09-11,110,12.9398086705171,1109,0.168406740008946,"srmspe"
2019-09-11,117,12.9392624697338,770,0.116940748058789,"srmspe"
2019-09-11,102,12.9404328999837,1060,0.160963374033255,"srmspe"
2019-09-11,107,12.9400427565671,700,0.106312637187784,"srmspe"
2019-09-11,68,12.9430858752168,1361,0.206657829278751,"srmspe"
2019-09-11,170,12.9351269495176,637,0.096731490938384,"srmspe"
2019-09-11,169,12.9352049782009,2887,0.438413318245591,"srmspe"
2019-09-11,132,12.938092039484,766,0.116325742978697,"srmspe"
2019-09-11,130,12.9382480968506,1387,0.210599160279318,"srmspe"
2019-09-11,222,12.9310694579847,1155,0.175415726885481,"srmspe"
2019-09-11,150,12.9366875231841,1380,0.209569377825993,"srmspe"
2019-09-11,88,12.9415253015503,652,0.0989892354258729,"srmspe"
2019-09-11,350,12.9210817865191,2523,0.383099600501198,"srmspe"
2019-09-11,167,12.9353610355676,515,0.0782036505240829,"srmspe"
2019-09-11,318,12.9235787043855,1442,0.219022770717338,"srmspe"
2019-09-11,470,12.9117183445201,2727,0.41413018453008,"srmspe"
2019-09-11,281,12.9264657656685,1163,0.176752845922345,"srmspe"
2019-09-11,139,12.9375458387007,795,0.120815174771467,"srmspe"
2019-09-11,1377,12.8409463287443,2399,0.364270295016438,"srmspe"
2019-09-11,38,12.9454267357165,1765,0.268004189096834,"srmspe"
2019-09-11,76,12.9424616457502,830,0.126030565989275,"srmspe"
2019-09-11,220,12.9312255153514,830,0.12602321892474,"srmspe"
2019-09-11,35,12.9456608217665,566,0.0859871619290653,"srmspe"
2019-09-11,274,12.9270119664518,1081,0.164199588152322,"srmspe"
2019-09-11,182,12.9341906053177,1690,0.256666564191523,"srmspe"
2019-09-11,310,12.9242029338521,1556,0.236266653729839,"srmspe"
2019-09-11,109,12.9398866992004,1097,0.166606801772599,"srmspe"
2019-09-11,170,12.9351269495176,1101,0.167242692977743,"srmspe"
2019-09-11,185,12.9339565192677,1117,0.16962601557257,"srmspe"
2019-09-11,419,12.9156978073697,3064,0.465179032018597,"srmspe"
2019-09-11,321,12.9233446183355,1603,0.243373184357798,"srmspe"
2019-09-11,561,12.9046177343375,4053,0.615351623612351,"srmspe"
2019-09-11,346,12.9213939012524,1709,0.259465453095909,"srmspe"
2019-09-11,347,12.9213158725691,1807,0.274372940355568,"srmspe"
2019-09-11,71,12.9428517891668,636,0.0965731759233092,"srmspe"
2019-09-11,155,12.9362973797675,1124,0.170842350240338,"srmspe"
2019-09-11,203,12.9325520029679,953,0.144712449840636,"srmspe"
2019-09-11,74,12.9426177031168,615,0.0933840778761231,"srmspe"
2019-09-11,43,12.9450365922999,227,0.0344958859319879,"srmspe"
2019-09-11,702,12.8936156899887,2012,0.30561687984929,"srmspe"
2019-09-11,249,12.9289626835349,2437,0.369991616530565,"srmspe"
2019-09-11,302,12.9248271633187,1354,0.205570282256302,"srmspe"
2019-09-11,350,12.9210817865191,1057,0.160484257939927,"srmspe"
2019-09-11,115,12.9394185271005,1611,0.244608885538179,"srmspe"
2019-09-11,125,12.9386382402672,1016,0.154273226703598,"srmspe"
2019-09-11,228,12.9306012858848,729,0.110783666937771,"srmspe"
2019-09-11,224,12.9309134006181,1424,0.216234677728214,"srmspe"
2019-09-11,243,12.9294308556349,1368,0.207699484548101,"srmspe"
2019-09-11,113,12.9395745844671,2719,0.412935761752495,"srmspe"
2019-09-11,1463,12.8342358619784,4219,0.640504759797911,"srmspe"
2019-09-11,1205,12.8543672622762,5847,0.887746025090166,"srmspe"
2019-09-11,362,12.9201454423192,6175,0.937561511620921,"srmspe"
2019-09-11,1083,12.8638867616419,12509,1.89914714207596,"srmspe"
2019-09-11,79,12.9422275597002,1316,0.199852759667222,"srmspe"
2019-09-11,384,12.9184288112861,1167,0.177215078806253,"srmspe"
2019-09-11,1055,12.866071564775,5533,0.840163620096687,"srmspe"
2019-09-11,54,12.9441782767833,1457,0.221234700330824,"srmspe"
2019-09-11,496,12.9096895987537,2149,0.326496192072313,"srmspe"
2019-09-11,207,12.9322398882346,2187,0.332100644839606,"srmspe"
2019-09-11,116,12.9393404984172,1444,0.21926726867638,"srmspe"
2019-09-11,232,12.9302891711515,718,0.109041934696242,"srmspe"
2019-09-11,206,12.9323179169179,1732,0.262962509425187,"srmspe"
2019-09-11,0,12.9483918256829,5762,0.875125114089535,"srmspe"
2019-09-11,570,12.9039154761876,3462,0.525828217933763,"srmspe"
2019-09-11,51,12.9444123628333,897,0.136242965342745,"srmspe"
2019-09-11,303,12.9247491346354,4353,0.660868237611145,"srmspe"
2019-09-11,2627,12.7434104745881,4404,0.668634066207125,"srmspe"
2019-09-11,209,12.9320838308679,1228,0.186478920808293,"srmspe"
2019-09-11,244,12.9293528269516,1257,0.190897406230162,"srmspe"
2019-09-11,269,12.9274021098684,1762,0.267600668291374,"srmspe"
2019-09-11,621,12.899936013338,4930,0.748492250745474,"srmspe"
2019-09-11,860,12.8812871580234,6133,0.93109665266454,"srmspe"
2019-09-11,120,12.9390283836839,4114,0.62470490618871,"srmspe"
2019-09-11,1194,12.8552255777928,2366,0.359269312570107,"srmspe"
2019-09-11,341,12.921784044669,4245,0.644445889189496,"srmspe"
2019-09-11,500,12.9093774840204,3443,0.522771176556119,"srmspe"
2019-09-11,171,12.9350489208343,2193,0.332973843120613,"srmspe"
2019-09-11,149,12.9367655518674,1007,0.152909196257692,"srmspe"
2019-09-11,43,12.9450365922999,1394,0.211768110852296,"srmspe"
2019-09-11,123,12.9387942976339,5315,0.807015067747562,"srmspe"
2019-09-11,329,12.9227203888689,3173,0.481796276271347,"srmspe"
2019-09-11,49,12.9445684201999,593,0.0900409339268996,"srmspe"
2019-09-11,220,12.9312255153514,390,0.0592465710491724,"srmspe"
2019-09-11,135,12.937857953434,1370,0.208051249318107,"srmspe"
2019-09-11,829,12.8837060472064,3439,0.522124362249061,"srmspe"
2019-09-11,606,12.9011064435879,2938,0.44607647362227,"srmspe"
2019-09-11,294,12.9254513927853,1081,0.16419329298636,"srmspe"
2019-09-11,456,12.9128107460867,2642,0.40136499129017,"srmspe"
2019-09-11,71,12.9428517891668,271,0.0411743338815885,"srmspe"
2019-09-11,39,12.9453487070332,1802,0.273596459432807,"srmspe"
2019-09-11,71,12.9428517891668,281,0.0426641601483752,"srmspe"
2019-09-11,135,12.937857953434,3708,0.563002268484006,"srmspe"
2019-09-11,312,12.9240468764855,1726,0.262064685249751,"srmspe"
2019-09-11,745,12.8902604566057,3299,0.500867641387665,"srmspe"
2019-09-11,367,12.9197552989026,1408,0.213799049756915,"srmspe"
2019-09-11,227,12.9306793145681,3421,0.519476683324763,"srmspe"
2019-09-11,644,12.8981413536216,3883,0.589620633525999,"srmspe"
2019-09-11,1491,12.8320510588453,4650,0.705969477246561,"srmspe"
2019-09-11,108,12.9399647278838,1888,0.286777568069389,"srmspe"
2019-09-11,181,12.934268634001,1357,0.206035543696275,"srmspe"
2019-09-11,401,12.9171023236695,1133,0.172067249662342,"srmspe"
2019-09-11,243,12.9294308556349,2930,0.444798464444468,"srmspe"
2019-09-11,321,12.9233446183355,2251,0.341736024363175,"srmspe"
2019-09-11,358,12.9204575570525,1503,0.228206091493839,"srmspe"
2019-09-11,275,12.9269339377685,2948,0.447600395453667,"srmspe"
2019-09-11,136,12.9377799247507,1322,0.200816980318062,"srmspe"
2019-09-11,149,12.9367655518674,3013,0.457462929178801,"srmspe"
2019-09-11,217,12.9314596014013,329,0.0500075693020048,"srmspe"
2019-09-11,65,12.9433199612667,309,0.0469107057320491,"srmspe"
2019-09-11,146,12.9369996379174,1882,0.285832662250959,"srmspe"
2019-09-11,402,12.9170242949862,903,0.137174990465936,"srmspe"
2019-09-11,100,12.9405889573504,1186,0.180205573032126,"srmspe"
2019-09-11,160,12.9359072363509,1321,0.200639547161081,"srmspe"
2019-09-11,73,12.9426957318001,775,0.117708650991663,"srmspe"
2019-09-11,186,12.9338784905844,1030,0.156432631237654,"srmspe"
2019-09-11,253,12.9286505688016,1849,0.280736611585175,"srmspe"
2019-09-11,357,12.9205355857358,1115,0.169322212877597,"srmspe"
2019-09-11,233,12.9302111424681,1571,0.238599855244532,"srmspe"
2019-09-11,80,12.9421495310169,980,0.14881703706014,"srmspe"
2019-09-11,267,12.9275581672351,1377,0.209066265972542,"srmspe"
2019-09-11,316,12.9237347617522,1874,0.284558804966666,"srmspe"
2019-09-11,195,12.9331762324345,2009,0.30503499394132,"srmspe"
2019-09-11,80,12.9421495310169,577,0.0877194012517301,"srmspe"
2019-09-11,171,12.9350489208343,2393,0.363397116144448,"srmspe"
2019-09-11,73,12.9426957318001,2074,0.314989948078246,"srmspe"
2019-09-11,181,12.934268634001,1656,0.251415575519947,"srmspe"
2019-09-11,128,12.9384041542173,601,0.0912586959714859,"srmspe"
2019-09-11,76,12.9424616457502,1723,0.261613821117651,"srmspe"
2019-09-11,54,12.9441782767833,591,0.0897277812437326,"srmspe"
2019-09-11,134,12.9379359821173,652,0.0990080169328433,"srmspe"
2019-09-11,251,12.9288066261683,862,0.130927083927585,"srmspe"
2019-09-11,397,12.9174144384028,1933,0.293569431983677,"srmspe"
2019-09-11,183,12.9341125766344,970,0.147311172839078,"srmspe"
2019-09-11,184,12.9340345479511,1418,0.215335133453923,"srmspe"
2019-09-11,215,12.931615658768,1434,0.217779044029389,"srmspe"
2019-09-11,388,12.9181166965528,1470,0.223246787099076,"srmspe"
2019-09-11,630,12.8992337551881,3624,0.550188542620475,"srmspe"
2019-09-11,305,12.9245930772687,2130,0.323486700478479,"srmspe"
2019-09-11,434,12.9145273771198,2441,0.370667234944017,"srmspe"
2019-09-11,86,12.9416813589169,702,0.106600386111416,"srmspe"
2019-09-11,77,12.9423836170668,635,0.0964277452808406,"srmspe"
2019-09-11,118,12.9391844410505,771,0.117068546050465,"srmspe"
2019-09-11,119,12.9391064123672,446,0.0677250307443529,"srmspe"
2019-09-11,167,12.9353610355676,1123,0.170553932064685,"srmspe"
2019-09-11,118,12.9391844410505,1003,0.15233161435265,"srmspe"
2019-09-11,152,12.9365314658175,1059,0.160788722774288,"srmspe"
2019-09-11,221,12.931147486668,1474,0.223832030611795,"srmspe"
2019-09-11,669,12.8961906365384,2381,0.361570865569789,"srmspe"
2019-09-11,220,12.9312255153514,1346,0.204378732750255,"srmspe"
2019-09-11,220,12.9312255153514,1517,0.230448940637529,"srmspe"
2019-09-11,48,12.9446464488833,502,0.0762284940247027,"srmspe"
2019-09-11,131,12.9381700681673,767,0.116588337794264,"srmspe"
2019-09-11,392,12.9178045818195,4459,0.677157145562119,"srmspe"
2019-09-11,475,12.9113282011035,2040,0.309803314945935,"srmspe"
2019-09-11,497,12.9096115700703,4150,0.63023095691542,"srmspe"
2019-09-11,260,12.9281043680184,1589,0.24130966466881,"srmspe"
2019-09-11,192,12.9334103184845,2455,0.372751125192413,"srmspe"
2019-09-11,244,12.9293528269516,999,0.151692617783482,"srmspe"
2019-09-11,165,12.9355170929342,1388,0.21077141481517,"srmspe"
2019-09-11,408,12.9165561228863,1311,0.199062752022837,"srmspe"
2019-09-11,115,12.9394185271005,985,0.149560525708866,"srmspe"
2019-09-11,56,12.9440222194167,490,0.0744223921409845,"srmspe"
2019-09-11,106,12.9401207852504,523,0.0794378276490994,"srmspe"
2019-09-11,111,12.9397306418338,1357,0.206032089011055,"srmspe"
2019-09-11,108,12.9399647278838,446,0.067748051849047,"srmspe"
2019-09-11,47,12.9447244775666,531,0.0806509152468575,"srmspe"
2019-09-11,167,12.9353610355676,1988,0.301941727383311,"srmspe"
2019-09-11,341,12.921784044669,1068,0.162176658525116,"srmspe"
2019-09-11,64,12.9433979899501,1147,0.174178966421679,"srmspe"
2019-09-11,116,12.9393404984172,415,0.0630158940254743,"srmspe"
2019-09-11,104,12.9402768426171,1000,0.15186408422113,"srmspe"
2019-09-11,104,12.9402768426171,1374,0.208597323158562,"srmspe"
2019-09-11,76,12.9424616457502,420,0.0637880588275865,"srmspe"
2019-09-11,67,12.9431639039001,544,0.0826013668260292,"srmspe"
2019-09-11,38,12.9454267357165,340,0.0516351869785264,"srmspe"
2019-09-11,56,12.9440222194167,412,0.0625671790934536,"srmspe"
2019-09-11,91,12.9412912155003,531,0.0806291113830844,"srmspe"
2019-09-11,292,12.925607450152,1273,0.193309943944109,"srmspe"
2019-09-11,372,12.919365155486,1699,0.257998889714997,"srmspe"
2019-09-11,127,12.9384821829006,747,0.113427764561953,"srmspe"
2019-09-11,225,12.9308353719347,1673,0.254052878954114,"srmspe"
2019-09-11,279,12.9266218230352,1016,0.154266890928932,"srmspe"
2019-09-11,410,12.9164000655196,1328,0.201645296436292,"srmspe"
2019-09-11,284,12.9262316796186,1218,0.184925175817119,"srmspe"
2019-09-11,159,12.9359852650342,814,0.123612680628432,"srmspe"
2019-09-11,142,12.9373117526507,631,0.095822931719919,"srmspe"
2019-09-11,106,12.9401207852504,605,0.0918586501780396,"srmspe"
2019-09-11,131,12.9381700681673,695,0.105527407331527,"srmspe"
2019-09-11,184,12.9340345479511,701,0.106449494666725,"srmspe"
2019-09-11,50,12.9444903915166,941,0.142898188322547,"srmspe"
2019-09-11,52,12.94433433415,467,0.0709130221507996,"srmspe"
2019-09-11,104,12.9402768426171,622,0.0944529806141849,"srmspe"
2019-09-11,40,12.9452706783499,501,0.0760848144324402,"srmspe"
2019-09-11,90,12.9413692441836,793,0.120397542667554,"srmspe"
2019-09-11,59,12.9437881333667,513,0.0778968628015971,"srmspe"
2019-09-11,49,12.9445684201999,548,0.0832100755434535,"srmspe"
2019-09-11,47,12.9447244775666,349,0.0529932685261043,"srmspe"
2019-09-11,115,12.9394185271005,745,0.113116294137373,"srmspe"
2019-09-11,93,12.9411351581336,710,0.10780426033123,"srmspe"
2019-09-11,145,12.9370776666007,671,0.10190761072948,"srmspe"
2019-09-11,116,12.9393404984172,1080,0.164011389603041,"srmspe"
2019-09-11,274,12.9270119664518,1447,0.219793907324428,"srmspe"
2019-09-11,160,12.9359072363509,2310,0.350738486954311,"srmspe"
2019-09-11,134,12.9379359821173,1283,0.194812765585261,"srmspe"
2019-09-11,149,12.9367655518674,2263,0.343616819743179,"srmspe"
2019-09-11,240,12.9296649416849,1134,0.172260206614654,"srmspe"
2019-09-11,97,12.9408230434003,1872,0.284230456348197,"srmspe"
2019-09-11,108,12.9399647278838,510,0.0774280996424656,"srmspe"
2019-09-11,559,12.9047737917042,4211,0.639293275424967,"srmspe"
2019-09-11,150,12.9366875231841,910,0.138179033101732,"srmspe"
2019-09-11,138,12.937623867384,411,0.0624593251103013,"srmspe"
2019-09-11,142,12.9373117526507,921,0.139851137154197,"srmspe"
2019-09-11,375,12.919131069436,2844,0.431898190738871,"srmspe"
2019-09-11,79,12.9422275597002,429,0.0651444776639213,"srmspe"
2019-09-11,154,12.9363754084508,2554,0.387739202197315,"srmspe"
2019-09-11,398,12.9173364097195,2512,0.38142891211995,"srmspe"
2019-09-11,476,12.9112501724202,2429,0.368876245842101,"srmspe"
2019-09-11,164,12.9355951216176,764,0.116011742102959,"srmspe"
2019-09-11,189,12.9336444045344,1331,0.202115905351647,"srmspe"
2019-09-11,813,12.8849545061396,3450,0.523832341198,"srmspe"
2019-09-11,138,12.937623867384,2095,0.318106995664703,"srmspe"
2019-09-11,222,12.9310694579847,1265,0.192084764593013,"srmspe"
2019-09-11,200,12.9327860890179,671,0.101886826254256,"srmspe"
2019-09-11,154,12.9363754084508,1350,0.204953583844803,"srmspe"
2019-09-11,175,12.934736806101,778,0.118130353122926,"srmspe"
2019-09-11,137,12.9377018960673,1413,0.214560155149345,"srmspe"
2019-09-11,198,12.9329421463845,909,0.138034086664898,"srmspe"
2019-09-11,203,12.9325520029679,835,0.126792105803838,"srmspe"
2019-09-11,314,12.9238908191188,857,0.130146111210673,"srmspe"
2019-09-11,250,12.9288846548516,1142,0.173434647741081,"srmspe"
2019-09-11,319,12.9235006757022,613,0.0931102205219634,"srmspe"
2019-09-11,62,12.9435540473167,1113,0.169010349401299,"srmspe"
2019-09-11,469,12.9117963732034,1905,0.289314697640574,"srmspe"
2019-09-11,112,12.9396526131505,2673,0.405834252881909,"srmspe"
2019-09-11,208,12.9321618595513,1644,0.249704511004753,"srmspe"
2019-09-11,123,12.9387942976339,1234,0.18739918111227,"srmspe"
2019-09-11,209,12.9320838308679,1476,0.224108033787478,"srmspe"
2019-09-11,185,12.9339565192677,1320,0.200453308182567,"srmspe"
2019-09-11,98,12.940745014717,621,0.0943000367767829,"srmspe"
2019-09-11,858,12.88144321539,2417,0.366997811364429,"srmspe"
2019-09-11,739,12.8907286287057,2254,0.34232272234579,"srmspe"
2019-09-11,54,12.9441782767833,523,0.0794127731351071,"srmspe"
2019-09-11,41,12.9451926496665,378,0.0574040950972658,"srmspe"
2019-09-11,110,12.9398086705171,1906,0.289406983901689,"srmspe"
2019-09-11,461,12.91242060267,1109,0.168495917955192,"srmspe"
2019-09-11,564,12.9043836482876,6399,0.971452491733454,"srmspe"
2019-09-11,37,12.9455047643998,212,0.0322051478107502,"srmspe"
2019-09-11,170,12.9351269495176,2378,0.361049118142866,"srmspe"
2019-09-11,91,12.9412912155003,590,0.0895923556168499,"srmspe"
2019-09-11,59,12.9437881333667,859,0.130432851876891,"srmspe"
2019-09-11,154,12.9363754084508,995,0.15117818189827,"srmspe"
2019-09-11,99,12.9406669860337,461,0.0700124555895102,"srmspe"
2019-09-11,90,12.9413692441836,1041,0.158060828543817,"srmspe"
2019-09-11,236,12.9299770564182,2253,0.342092904831985,"srmspe"
2019-09-11,66,12.9432419325834,1162,0.176442015417744,"srmspe"
2019-09-11,115,12.9394185271005,1037,0.157462695666141,"srmspe"
2019-09-11,156,12.9362193510842,555,0.0842866739311731,"srmspe"
2019-09-11,250,12.9288846548516,1001,0.152001076339008,"srmspe"
2019-09-11,200,12.9327860890179,2059,0.312645730302079,"srmspe"
2019-09-11,415,12.916009922103,2321,0.352411160565543,"srmspe"
2019-09-11,229,12.9305232572014,1322,0.200777524630781,"srmspe"
2019-09-11,100,12.9405889573504,518,0.0786837105117779,"srmspe"
2019-09-11,556,12.9050078777542,1847,0.280446040924498,"srmspe"
2019-09-11,461,12.91242060267,1295,0.196676259132462,"srmspe"
2019-09-11,92,12.941213186817,1183,0.179653283482329,"srmspe"
2019-09-12,130,13.2882847702465,1087,0.160752249379511,"srmspe"
2019-09-12,0,13.2984284990788,1911,0.28272591661659,"srmspe"
2019-09-12,203,13.2825886763638,987,0.145958959143678,"srmspe"
2019-09-12,223,13.2810281026973,1214,0.179537030395037,"srmspe"
2019-09-12,162,13.2857878523801,1078,0.159396141461508,"srmspe"
2019-09-12,91,13.2913278888962,912,0.134840736751669,"srmspe"
2019-09-12,88,13.2915619749462,581,0.0859244205988754,"srmspe"
2019-09-12,102,13.2904695733796,1401,0.207181635423216,"srmspe"
2019-09-12,92,13.2912498602129,640,0.0946378710618036,"srmspe"
2019-09-12,136,13.2878165981466,513,0.0758669068679396,"srmspe"
2019-09-12,124,13.2887529423465,720,0.106473303462806,"srmspe"
2019-09-12,100,13.2906256307463,1103,0.163105069943772,"srmspe"
2019-09-12,107,13.290079429963,562,0.0831073882954176,"srmspe"
2019-09-12,42,13.2951512943791,626,0.0925832325678025,"srmspe"
2019-09-12,135,13.2878946268299,843,0.124680855742051,"srmspe"
2019-09-12,131,13.2882067415632,772,0.114183846671327,"srmspe"
2019-09-12,251,13.2788432995642,3116,0.460773054523518,"srmspe"
2019-09-12,72,13.2928104338794,2706,0.400220124084201,"srmspe"
2019-09-12,779,13.2376441547686,5400,0.798505633216713,"srmspe"
2019-09-12,176,13.2846954508136,2596,0.383909218927619,"srmspe"
2019-09-12,485,13.2605845876662,2180,0.322417190754793,"srmspe"
2019-09-12,127,13.2885188562965,687,0.101603313538362,"srmspe"
2019-09-12,323,13.2732252343648,2264,0.334826686451771,"srmspe"
2019-09-12,155,13.2863340531634,892,0.131939576022,"srmspe"
2019-09-12,542,13.2561369527166,4253,0.628856928788427,"srmspe"
2019-09-12,107,13.290079429963,1903,0.281456373563383,"srmspe"
2019-09-12,65,13.2933566346627,1256,0.185785519570993,"srmspe"
2019-09-12,86,13.2917180323128,767,0.113408872612786,"srmspe"
2019-09-12,133,13.2880506841966,654,0.0967191459991035,"srmspe"
2019-09-12,98,13.2907816881129,539,0.0797234587413938,"srmspe"
2019-09-12,222,13.2811061313806,1052,0.155577171962097,"srmspe"
2019-09-12,121,13.2889870283965,752,0.11119524248269,"srmspe"
2019-09-12,145,13.2871143399967,806,0.119198794978624,"srmspe"
2019-09-12,99,13.2907036594296,1253,0.185281163657077,"srmspe"
2019-09-12,301,13.274941865398,1452,0.214709830727344,"srmspe"
2019-09-12,68,13.2931225486127,549,0.081195456642773,"srmspe"
2019-09-12,103,13.2903915446963,369,0.0546157631252563,"srmspe"
2019-09-12,334,13.2723669188482,2701,0.399432873204647,"srmspe"
2019-09-12,60,13.2937467780793,1389,0.205451749198131,"srmspe"
2019-09-12,567,13.2541862356335,2815,0.416269253857933,"srmspe"
2019-09-12,134,13.2879726555132,411,0.0607752532670795,"srmspe"
2019-09-12,1225,13.2028433620057,7964,1.17771109630445,"srmspe"
2019-09-12,113,13.2896112578631,693,0.102507697809887,"srmspe"
2019-09-12,143,13.2872703973633,1095,0.1619377198281,"srmspe"
2019-09-12,95,13.2910157741629,367,0.0542763555179235,"srmspe"
2019-09-12,48,13.2946831222792,511,0.0755666489707613,"srmspe"
2019-09-12,63,13.2935126920293,572,0.0845825186325795,"srmspe"
2019-09-12,80,13.2921862044128,627,0.092756075714919,"srmspe"
2019-09-12,180,13.2843833360803,1853,0.274010298165125,"srmspe"
2019-09-12,208,13.2821985329472,2233,0.330177636504501,"srmspe"
2019-09-12,616,13.2503628301506,2221,0.328376453363562,"srmspe"
2019-09-12,292,13.2756441235479,2229,0.32958923062297,"srmspe"
2019-09-12,307,13.274473693298,2432,0.359679077403641,"srmspe"
2019-09-12,38,13.2954634091124,971,0.143585401712559,"srmspe"
2019-09-12,77,13.2924202904628,217,0.0321057909646791,"srmspe"
2019-09-12,80,13.2921862044128,364,0.0538431364989147,"srmspe"
2019-09-12,45,13.2949172083292,222,0.0328560503858184,"srmspe"
2019-09-12,158,13.2860999671134,1056,0.156168013425652,"srmspe"
2019-09-12,243,13.2794675290308,1070,0.158241009624049,"srmspe"
2019-09-12,131,13.2882067415632,1248,0.184553459173267,"srmspe"
2019-09-12,55,13.2941369214959,978,0.144621445358252,"srmspe"
2019-09-12,66,13.2932786059793,727,0.107501698846634,"srmspe"
2019-09-12,161,13.2858658810635,670,0.0990663026629796,"srmspe"
2019-09-12,153,13.2864901105301,821,0.121390768372547,"srmspe"
2019-09-12,329,13.2727570622649,2576,0.38097810010056,"srmspe"
2019-09-12,269,13.2774387832644,1130,0.167120899291975,"srmspe"
2019-09-12,356,13.2706502878151,2209,0.326612041452767,"srmspe"
2019-09-12,9,13.2977262409289,950,0.140478718540287,"srmspe"
2019-09-12,213,13.2818083895306,1862,0.275380225424935,"srmspe"
2019-09-12,204,13.2825106476805,2461,0.363948854627518,"srmspe"
2019-09-12,51,13.2944490362292,2030,0.300249668072357,"srmspe"
2019-09-12,387,13.268231398632,2444,0.36139515330232,"srmspe"
2019-09-12,251,13.2788432995642,1054,0.155899169014309,"srmspe"
2019-09-12,220,13.2812621887473,1224,0.181035771975404,"srmspe"
2019-09-12,283,13.2763463816978,2176,0.321789765801081,"srmspe"
2019-09-12,164,13.2856317950135,1593,0.235577643654072,"srmspe"
2019-09-12,207,13.2822765616305,1882,0.278337189890194,"srmspe"
2019-09-12,101,13.290547602063,1377,0.203659503820905,"srmspe"
2019-09-12,92,13.2912498602129,937,0.138565471209692,"srmspe"
2019-09-12,80,13.2921862044128,951,0.140625877559662,"srmspe"
2019-09-12,173,13.2849295368636,886,0.131027719216458,"srmspe"
2019-09-12,97,13.2908597167963,679,0.100402522604486,"srmspe"
2019-09-12,60,13.2937467780793,441,0.0652176797845657,"srmspe"
2019-09-12,91,13.2913278888962,498,0.0736464302951111,"srmspe"
2019-09-12,338,13.2720548041149,1226,0.181276435648594,"srmspe"
2019-09-12,113,13.2896112578631,673,0.0995076313204284,"srmspe"
2019-09-12,76,13.2924983191461,1116,0.165035200329187,"srmspe"
2019-09-12,143,13.2872703973633,1167,0.172566113896588,"srmspe"
2019-09-12,35,13.2956974951624,219,0.0324106572260386,"srmspe"
2019-09-12,110,13.289845343913,697,0.103078399594953,"srmspe"
2019-09-12,172,13.2850075655469,553,0.0817966064574073,"srmspe"
2019-09-12,66,13.2932786059793,598,0.0884288821459853,"srmspe"
2019-09-12,37,13.2955414377958,460,0.0680370926168372,"srmspe"
2019-09-12,56,13.2940588928126,437,0.0646151095442771,"srmspe"
2019-09-12,111,13.2897673152297,743,0.109885380045255,"srmspe"
2019-09-12,42,13.2951512943791,1112,0.164441942885807,"srmspe"
2019-09-12,99,13.2907036594296,483,0.0714362352607907,"srmspe"
2019-09-12,120,13.2890650570798,668,0.0987874844357529,"srmspe"
2019-09-12,165,13.2855537663302,1696,0.250763496839715,"srmspe"
2019-09-12,88,13.2915619749462,337,0.0498447447794464,"srmspe"
2019-09-12,60,13.2937467780793,587,0.0868014338942831,"srmspe"
2019-09-12,185,13.2839931926637,677,0.10012119864696,"srmspe"
2019-09-12,58,13.2939028354459,572,0.0845746902403127,"srmspe"
2019-09-12,131,13.2882067415632,394,0.0582677892404787,"srmspe"
2019-09-12,69,13.2930445199294,457,0.0675831095410112,"srmspe"
2019-09-12,41,13.2952293230625,404,0.0597412356512781,"srmspe"
2019-09-12,115,13.2894552004964,228,0.0337222876783102,"srmspe"
2019-09-12,73,13.2927324051961,563,0.0832552112777068,"srmspe"
2019-09-12,60,13.2937467780793,599,0.088579066627145,"srmspe"
2019-09-12,225,13.2808720453307,353,0.0522229610304399,"srmspe"
2019-09-12,40,13.2953073517458,715,0.105724260939575,"srmspe"
2019-09-12,280,13.2765804677478,1364,0.201716051600776,"srmspe"
2019-09-12,302,13.2748638367146,2208,0.32649700334467,"srmspe"
2019-09-12,626,13.2495825433173,2209,0.326615449605651,"srmspe"
2019-09-12,452,13.2631595342159,1920,0.283892394811418,"srmspe"
2019-09-12,273,13.2771266685311,2891,0.427443685997439,"srmspe"
2019-09-12,604,13.2512991743505,1998,0.295419869429328,"srmspe"
2019-09-12,59,13.2938248067626,522,0.0772094180383017,"srmspe"
2019-09-12,49,13.2946050935959,513,0.0758586622150688,"srmspe"
2019-09-12,66,13.2932786059793,521,0.0770527909950953,"srmspe"
2019-09-12,73,13.2927324051961,439,0.064921968673698,"srmspe"
2019-09-12,34,13.2957755238457,406,0.0600424298797796,"srmspe"
2019-09-12,57,13.2939808641293,685,0.101285594239066,"srmspe"
2019-09-12,121,13.2889870283965,546,0.0807447099190303,"srmspe"
2019-09-12,135,13.2878946268299,450,0.0665412207581424,"srmspe"
2019-09-12,39,13.2953853804291,450,0.0665435390083853,"srmspe"
2019-09-12,255,13.2785311848309,1034,0.152912753654178,"srmspe"
2019-09-12,181,13.284305307397,983,0.145381820463192,"srmspe"
2019-09-12,41,13.2952293230625,1633,0.241485655269987,"srmspe"
2019-09-12,24,13.296555810679,292,0.0432049685194342,"srmspe"
2019-09-12,161,13.2858658810635,2478,0.366420469764642,"srmspe"
2019-09-12,170,13.2851636229135,1165,0.172288506317133,"srmspe"
2019-09-12,205,13.2824326189972,1578,0.233335361019143,"srmspe"
2019-09-12,215,13.2816523321639,785,0.116101966185568,"srmspe"
2019-09-12,99,13.2907036594296,670,0.0990894245937504,"srmspe"
2019-09-12,93,13.2911718315296,683,0.101010666177286,"srmspe"
2019-09-12,105,13.2902354873297,3655,0.540486508107797,"srmspe"
2019-09-12,195,13.2832129058304,1185,0.175254497811249,"srmspe"
2019-09-12,727,13.2417016463015,2752,0.406958228419121,"srmspe"
2019-09-12,101,13.290547602063,2352,0.347829123520378,"srmspe"
2019-09-12,168,13.2853196802802,1573,0.232609058328303,"srmspe"
2019-09-12,189,13.2836810779304,1461,0.216064092238801,"srmspe"
2019-09-12,563,13.2544983503668,4881,0.721833938468043,"srmspe"
2019-09-12,381,13.268699570732,1469,0.217259534378313,"srmspe"
2019-09-12,286,13.2761122956478,4887,0.722718930235313,"srmspe"
2019-09-12,83,13.2919521183628,564,0.0834114886377603,"srmspe"
2019-09-12,119,13.2891430857631,519,0.0767490534660648,"srmspe"
2019-09-12,150,13.28672419658,1192,0.176279672460195,"srmspe"
2019-09-12,479,13.2610527597661,3098,0.458082346518625,"srmspe"
2019-09-12,219,13.2813402174306,2409,0.356169486787571,"srmspe"
2019-09-12,206,13.2823545903138,967,0.142999806389052,"srmspe"
2019-09-12,88,13.2915619749462,1079,0.159575937068584,"srmspe"
2019-09-12,94,13.2910938028462,810,0.119772472969269,"srmspe"
2019-09-12,55,13.2941369214959,400,0.0591553842159012,"srmspe"
2019-09-12,75,13.2925763478294,939,0.138845621462265,"srmspe"
2019-09-12,127,13.2885188562965,873,0.129094177371066,"srmspe"
2019-09-12,55,13.2941369214959,671,0.0992547457787864,"srmspe"
2019-09-12,109,13.2899233725964,676,0.0999958062765802,"srmspe"
2019-09-12,91,13.2913278888962,1214,0.179520743671043,"srmspe"
2019-09-12,452,13.2631595342159,3386,0.500716624319915,"srmspe"
2019-09-12,50,13.2945270649125,1290,0.190849679038647,"srmspe"
2019-09-12,445,13.2637057349992,3496,0.516975363438174,"srmspe"
2019-09-12,209,13.2821205042639,1411,0.208648754415325,"srmspe"
2019-09-12,314,13.2739274925147,2069,0.305906869275688,"srmspe"
2019-09-12,117,13.2892991431298,846,0.125092748113156,"srmspe"
2019-09-12,194,13.2832909345137,873,0.12909861235314,"srmspe"
2019-09-12,180,13.2843833360803,1433,0.211903793861751,"srmspe"
2019-09-12,330,13.2726790335815,5229,0.773299289733765,"srmspe"
2019-09-12,610,13.2508310022505,3155,0.466575161716051,"srmspe"
2019-09-12,202,13.2826667050471,3469,0.513078677274761,"srmspe"
2019-09-12,543,13.2560589240333,2911,0.430459016241394,"srmspe"
2019-09-12,398,13.2673730831154,1978,0.292493883122425,"srmspe"
2019-09-12,242,13.2795455577141,4088,0.604580716884935,"srmspe"
2019-09-12,49,13.2946050935959,1168,0.172796308575892,"srmspe"
2019-09-12,113,13.2896112578631,688,0.101817995919423,"srmspe"
2019-09-12,0,13.2984284990788,915,0.135382808651621,"srmspe"
2019-09-12,394,13.2676851978487,1054,0.15585923671366,"srmspe"
2019-09-12,372,13.2694018288819,626,0.0926211648880286,"srmspe"
2019-09-12,357,13.2705722591318,4481,0.662795044073221,"srmspe"
2019-09-12,283,13.2763463816978,876,0.129547450352956,"srmspe"
2019-09-12,112,13.2896892865464,5261,0.777970291427666,"srmspe"
2019-09-12,211,13.2819644468972,619,0.0915239271043661,"srmspe"
2019-09-12,115,13.2894552004964,983,0.145357560244702,"srmspe"
2019-09-12,2211,13.1259070802472,10938,1.61745042406017,"srmspe"
2019-09-12,259,13.2782190700976,1708,0.252619313569929,"srmspe"
2019-09-12,110,13.289845343913,1162,0.171813752821751,"srmspe"
2019-09-12,179,13.2844613647636,1493,0.220748691607871,"srmspe"
2019-09-12,86,13.2917180323128,674,0.0996668639032073,"srmspe"
2019-09-12,184,13.284071221347,3252,0.480866197265078,"srmspe"
2019-09-12,225,13.2808720453307,1380,0.204078576524258,"srmspe"
2019-09-12,320,13.2734593204148,313,0.0462970399683802,"srmspe"
2019-09-12,33,13.2958535525291,525,0.0776503514673584,"srmspe"
2019-09-12,394,13.2676851978487,2552,0.377538621165006,"srmspe"
2019-09-12,316,13.2737714351481,1252,0.185206443559049,"srmspe"
2019-09-12,137,13.2877385694633,1422,0.210342085634769,"srmspe"
2019-09-12,613,13.2505969162006,5148,0.761315908137847,"srmspe"
2019-09-12,2417,13.1098331714823,4029,0.595804656717777,"srmspe"
2019-09-12,153,13.2864901105301,855,0.126437176972857,"srmspe"
2019-09-12,130,13.2882847702465,2071,0.306204367338585,"srmspe"
2019-09-12,94,13.2910938028462,1203,0.177900787919991,"srmspe"
2019-09-12,119,13.2891430857631,616,0.0911374933887281,"srmspe"
2019-09-12,133,13.2880506841966,1842,0.272424141412252,"srmspe"
2019-09-12,318,13.2736153777814,2334,0.345091819759075,"srmspe"
2019-09-12,297,13.2752539801313,1822,0.269382698918887,"srmspe"
2019-09-12,75,13.2925763478294,698,0.103207882734171,"srmspe"
2019-09-12,25,13.2964777819957,587,0.0868069642458474,"srmspe"
2019-09-12,123,13.2888309710298,1162,0.171865329333227,"srmspe"
2019-09-12,304,13.274707779348,1388,0.205321214046768,"srmspe"
2019-09-12,281,13.2765024390645,1079,0.159571535715548,"srmspe"
2019-09-12,167,13.2853977089635,382,0.0564905492102657,"srmspe"
2019-09-12,59,13.2938248067626,751,0.111045276723489,"srmspe"
2019-09-12,690,13.2445887075845,3117,0.460890835297737,"srmspe"
2019-09-12,141,13.28742645473,1158,0.171222024976422,"srmspe"
2019-09-12,26,13.2963997533123,320,0.0473330407309146,"srmspe"
2019-09-12,61,13.293668749396,297,0.0439252435975266,"srmspe"
2019-09-12,415,13.2660465954989,2801,0.414191490709305,"srmspe"
2019-09-12,359,13.2704162017651,2051,0.303284439329007,"srmspe"
2019-09-12,218,13.2814182461139,6493,0.959980809047541,"srmspe"
2019-09-12,60,13.2937467780793,854,0.126293822327133,"srmspe"
2019-09-12,171,13.2850855942302,942,0.139298422742425,"srmspe"
2019-09-12,232,13.2803258445474,991,0.146545051450649,"srmspe"
2019-09-12,103,13.2903915446963,819,0.121158980519108,"srmspe"
2019-09-12,95,13.2910157741629,1415,0.209257162502813,"srmspe"
2019-09-12,8,13.2978042696122,3353,0.495947598393972,"srmspe"
2019-09-12,105,13.2902354873297,1738,0.257008006636217,"srmspe"
2019-09-12,76,13.2924983191461,291,0.0430781475907596,"srmspe"
2019-09-12,595,13.2520014325004,2198,0.324970243295231,"srmspe"
2019-09-12,166,13.2854757376468,689,0.101909430087061,"srmspe"
2019-09-12,34,13.2957755238457,644,0.0952151092211889,"srmspe"
2019-09-12,202,13.2826667050471,1359,0.200978418513389,"srmspe"
2019-09-12,445,13.2637057349992,2317,0.342620372626004,"srmspe"
2019-09-12,115,13.2894552004964,963,0.142416775490937,"srmspe"
2019-09-12,217,13.2814962747973,1228,0.181582112427195,"srmspe"
2019-09-12,139,13.2875825120966,5698,0.842482574288099,"srmspe"
2019-09-12,52,13.2943710075459,536,0.0792936701338287,"srmspe"
2019-09-12,59,13.2938248067626,919,0.13593825616513,"srmspe"
2019-09-12,377,13.2690116854653,2968,0.438882589177297,"srmspe"
2019-09-12,147,13.28695828263,1891,0.279709658330668,"srmspe"
2019-09-12,148,13.2868802539467,780,0.115363755709275,"srmspe"
2019-09-12,104,13.290313516013,777,0.11492710433906,"srmspe"
2019-09-12,108,13.2900014012797,745,0.11019340710805,"srmspe"
2019-09-12,270,13.277360754581,1463,0.216377060395312,"srmspe"
2019-09-12,156,13.2862560244801,395,0.0584081605982019,"srmspe"
2019-09-12,73,13.2927324051961,632,0.0934580094472311,"srmspe"
2019-09-12,67,13.293200577296,597,0.0882801895722095,"srmspe"
2019-09-12,1136,13.2097879148216,2875,0.425156627580052,"srmspe"
2019-09-12,239,13.2797796437641,2263,0.334690984906778,"srmspe"
2019-09-12,71,13.2928884625627,1077,0.15927109342657,"srmspe"
2019-09-12,165,13.2855537663302,1226,0.18133329243075,"srmspe"
2019-09-12,177,13.2846174221303,751,0.111083427489998,"srmspe"
2019-09-12,71,13.2928884625627,570,0.0843138168557221,"srmspe"
2019-09-12,65,13.2933566346627,645,0.0953799933116883,"srmspe"
2019-09-12,107,13.290079429963,517,0.0764519862106807,"srmspe"
2019-09-12,64,13.293434663346,1596,0.236044413771776,"srmspe"
2019-09-12,120,13.2890650570798,1052,0.15557517155948,"srmspe"
2019-09-12,558,13.2548884937834,2429,0.359189833844337,"srmspe"
2019-09-12,538,13.2564490674499,3517,0.519969288983998,"srmspe"
2019-09-12,380,13.2687775994153,3551,0.524999378137594,"srmspe"
2019-09-12,107,13.290079429963,875,0.129409793144562,"srmspe"
2019-09-12,165,13.2855537663302,1084,0.160286969719221,"srmspe"
2019-09-12,224,13.280950074014,1157,0.17109342404158,"srmspe"
2019-09-12,321,13.2733812917315,1318,0.194896998130852,"srmspe"
2019-09-12,175,13.2847734794969,1183,0.174980730482622,"srmspe"
2019-09-12,233,13.2802478158641,2515,0.372000065508176,"srmspe"
2019-09-12,353,13.2708843738651,1420,0.209975858830921,"srmspe"
2019-09-12,135,13.2878946268299,685,0.101311077844306,"srmspe"
2019-09-12,189,13.2836810779304,1939,0.286701202924799,"srmspe"
2019-09-12,222,13.2811061313806,1062,0.157019665387761,"srmspe"
2019-09-12,282,13.2764244103811,1462,0.21618089593073,"srmspe"
2019-09-12,322,13.2733032630481,551,0.0814829663645902,"srmspe"
2019-09-12,58,13.2939028354459,1278,0.188948296218903,"srmspe"
2019-09-12,72,13.2928104338794,1088,0.160859593998417,"srmspe"
2019-09-12,241,13.2796235863975,922,0.136344408886282,"srmspe"
2019-09-12,156,13.2862560244801,817,0.120842496024122,"srmspe"
2019-09-12,270,13.277360754581,1606,0.23742742042945,"srmspe"
2019-09-12,493,13.2599603581996,1626,0.240376323674392,"srmspe"
2019-09-12,178,13.2845393934469,1687,0.249406625719276,"srmspe"
2019-09-12,194,13.2832909345137,1139,0.168501534185536,"srmspe"
2019-09-12,472,13.2615989605494,1295,0.191458842948804,"srmspe"
2019-09-12,0,13.2984284990788,2189,0.32374935834887,"srmspe"
2019-09-12,285,13.2761903243312,1051,0.155449442353414,"srmspe"
2019-09-12,160,13.2859439097468,1221,0.180577992939876,"srmspe"
2019-09-12,248,13.2790773856142,1717,0.253908647012208,"srmspe"
2019-09-12,402,13.2670609683821,1399,0.206879864819243,"srmspe"
2019-09-12,205,13.2824326189972,1128,0.166801524320208,"srmspe"
2019-09-12,69,13.2930445199294,732,0.108243026621571,"srmspe"
2019-09-12,156,13.2862560244801,1298,0.191938900678381,"srmspe"
2019-09-12,222,13.2811061313806,1217,0.179987169243089,"srmspe"
2019-09-12,147,13.28695828263,2400,0.354901472155,"srmspe"
2019-09-12,179,13.2844613647636,2143,0.316849532676091,"srmspe"
2019-09-12,395,13.2676071691654,2180,0.322399893436475,"srmspe"
2019-09-12,333,13.2724449475316,1634,0.241661980901846,"srmspe"
2019-09-12,261,13.278063012731,4836,0.715095900124083,"srmspe"
2019-09-12,167,13.2853977089635,1638,0.242284412096728,"srmspe"
2019-09-12,151,13.2866461678967,1674,0.247514857696217,"srmspe"
2019-09-12,151,13.2866461678967,1227,0.18145491633042,"srmspe"
2019-09-12,164,13.2856317950135,336,0.0497093146789087,"srmspe"
2019-09-12,191,13.2835250205637,531,0.0785276752506919,"srmspe"
2019-09-12,109,13.2899233725964,907,0.134146803303526,"srmspe"
2019-09-12,313,13.2740055211981,2825,0.417764092785412,"srmspe"
2019-09-12,136,13.2878165981466,1915,0.283261413749275,"srmspe"
2019-09-12,227,13.280715987964,1188,0.175669044598259,"srmspe"
2019-09-12,307,13.274473693298,4754,0.7030728754158,"srmspe"
2019-09-12,107,13.290079429963,2441,0.361018068985871,"srmspe"
2019-09-12,260,13.2781410414143,993,0.14691512311001,"srmspe"
2019-09-12,212,13.2818864182139,2284,0.337824800893304,"srmspe"
2019-09-12,197,13.2830568484638,1546,0.228630072233863,"srmspe"
2019-09-12,47,13.2947611509625,375,0.0554675895292032,"srmspe"
2019-09-12,292,13.2756441235479,2833,0.418979797702667,"srmspe"
2019-09-12,480,13.2609747310828,1361,0.201265396358157,"srmspe"
2019-09-12,698,13.2439644781179,3123,0.461878470028879,"srmspe"
2019-09-12,279,13.2766584964311,1375,0.203438362237819,"srmspe"
2019-09-12,259,13.2782190700976,1558,0.230392001223879,"srmspe"
2019-09-12,641,13.2484121130675,1673,0.247460201248177,"srmspe"
2019-09-12,156,13.2862560244801,1398,0.206743176829599,"srmspe"
2019-09-12,302,13.2748638367146,3747,0.554074408083943,"srmspe"
2019-09-12,209,13.2821205042639,747,0.110480845246618,"srmspe"
2019-09-12,176,13.2846954508136,702,0.103804802062619,"srmspe"
2019-09-12,483,13.2607406450328,3400,0.502747027855977,"srmspe"
2019-09-12,254,13.2786092135142,1539,0.227559050515282,"srmspe"
2019-09-12,277,13.2768145537978,666,0.0985747300750429,"srmspe"
2019-09-12,16,13.2971800401456,1429,0.211382166585063,"srmspe"
2019-09-12,173,13.2849295368636,1029,0.152138562603851,"srmspe"
2019-09-12,166,13.2854757376468,545,0.0806324354587243,"srmspe"
2019-09-12,127,13.2885188562965,528,0.0780890104956037,"srmspe"
2019-09-12,224,13.280950074014,600,0.088724005789304,"srmspe"
2019-09-12,77,13.2924202904628,799,0.118139645689994,"srmspe"
2019-09-12,88,13.2915619749462,638,0.094349747813474,"srmspe"
2019-09-12,157,13.2861779957968,2001,0.295889394095454,"srmspe"
2019-09-12,201,13.2827447337305,2451,0.362403088158838,"srmspe"
2019-09-12,199,13.2829007910971,2417,0.357408330272396,"srmspe"
2019-09-12,399,13.2672950544321,2076,0.306975071756648,"srmspe"
2019-09-12,54,13.2942149501792,603,0.0891744434003987,"srmspe"
2019-09-12,79,13.2922642330961,644,0.0952319388936503,"srmspe"
2019-09-12,98,13.2907816881129,930,0.137515388224249,"srmspe"
2019-09-12,146,13.2870363113133,1041,0.153917928583442,"srmspe"
2019-09-12,99,13.2907036594296,350,0.0517634256289144,"srmspe"
2019-09-12,59,13.2938248067626,361,0.0534054151671484,"srmspe"
2019-09-12,876,13.2300753724861,6648,0.982971373067362,"srmspe"
2019-09-12,208,13.2821985329472,1922,0.284187624464565,"srmspe"
2019-09-12,115,13.2894552004964,524,0.077493412599608,"srmspe"
2019-09-12,89,13.2914839462629,1007,0.148907635184024,"srmspe"
2019-09-12,203,13.2825886763638,1335,0.197382517934692,"srmspe"
2019-09-12,127,13.2885188562965,1069,0.158102581894641,"srmspe"
2019-09-12,93,13.2911718315296,865,0.127906214667686,"srmspe"
2019-09-12,106,13.2901574586463,1057,0.15631631171028,"srmspe"
2019-09-12,110,13.289845343913,889,0.131459826125136,"srmspe"
2019-09-12,91,13.2913278888962,2238,0.331009119588326,"srmspe"
2019-09-12,269,13.2774387832644,4057,0.599891308266324,"srmspe"
2019-09-12,291,13.2757221522312,2523,0.373079686494736,"srmspe"
2019-09-12,525,13.2574634403332,1889,0.279327624534298,"srmspe"
2019-09-12,51,13.2944490362292,796,0.11776345886222,"srmspe"
2019-09-12,601,13.2515332604005,2545,0.376297806262176,"srmspe"
2019-09-12,122,13.2889089997131,652,0.096402170781278,"srmspe"
2019-09-12,107,13.290079429963,847,0.125251698011293,"srmspe"
2019-09-12,264,13.277828926681,704,0.104102294542008,"srmspe"
2019-09-12,84,13.2918740896795,1019,0.150663633403772,"srmspe"
2019-09-12,94,13.2910938028462,895,0.132334323421903,"srmspe"
2019-09-12,113,13.2896112578631,616,0.091103881868679,"srmspe"
2019-09-12,73,13.2927324051961,862,0.127474261363188,"srmspe"
2019-09-12,95,13.2910157741629,393,0.0581376503333007,"srmspe"
2019-09-12,201,13.2827447337305,844,0.124801734923516,"srmspe"
2019-09-12,256,13.2784531561476,4604,0.680758279087671,"srmspe"
2019-09-12,247,13.2791554142975,2154,0.318669994570878,"srmspe"
2019-09-12,297,13.2752539801313,2363,0.349436002839422,"srmspe"
2019-09-12,2702,13.0875949967346,6253,0.924678118773902,"srmspe"
2019-09-12,844,13.2325722903525,3041,0.449805381662081,"srmspe"
2019-09-12,309,13.2743176359314,1121,0.165769923450599,"srmspe"
2019-09-12,176,13.2846954508136,501,0.0741208924256466,"srmspe"
2019-09-12,105,13.2902354873297,799,0.11815582070871,"srmspe"
2019-09-12,201,13.2827447337305,1059,0.156714396357054,"srmspe"
2019-09-12,118,13.2892211144464,998,0.147599574253719,"srmspe"
2019-09-12,76,13.2924983191461,619,0.0915853302605685,"srmspe"
2019-09-12,65,13.2933566346627,1896,0.280407023340932,"srmspe"
2019-09-12,215,13.2816523321639,2482,0.367021508479383,"srmspe"
2019-09-12,112,13.2896892865464,880,0.130128400828391,"srmspe"
2019-09-12,142,13.2873484260466,671,0.099257516144381,"srmspe"
2019-09-12,1470,13.183726334591,13634,2.01576940987971,"srmspe"
2019-09-12,250,13.2789213282475,3102,0.458845311905441,"srmspe"
2019-09-12,102,13.2904695733796,1033,0.152756734968163,"srmspe"
2019-09-12,486,13.2605065589828,2555,0.377749745091254,"srmspe"
2019-09-12,99,13.2907036594296,1627,0.240570967662026,"srmspe"
2019-09-12,402,13.2670609683821,2138,0.316122831693774,"srmspe"
2019-09-12,320,13.2734593204148,2086,0.308488352105461,"srmspe"
2019-09-12,115,13.2894552004964,1764,0.260860467933408,"srmspe"
2019-09-12,443,13.2638617923658,2471,0.365348148137123,"srmspe"
2019-09-12,1357,13.1925435758068,5565,0.822968545626722,"srmspe"
2019-09-12,1282,13.1983957270561,6314,0.933567965070893,"srmspe"
2019-09-12,422,13.2655003947156,99,0.0146608171248637,"srmspe"
2019-09-12,37,13.2955414377958,919,0.135914494345538,"srmspe"
2019-09-12,103,13.2903915446963,494,0.0730741983929575,"srmspe"
2019-09-12,53,13.2942929788626,682,0.100855108543851,"srmspe"
2019-09-12,170,13.2851636229135,686,0.101461679679687,"srmspe"
2019-09-12,409,13.2665147675989,4433,0.655454858447423,"srmspe"
2019-09-12,417,13.2658905381323,2106,0.311456956532712,"srmspe"
2019-09-12,146,13.2870363113133,2139,0.316329330293512,"srmspe"
2019-09-12,153,13.2864901105301,782,0.115642866359104,"srmspe"
2019-09-12,255,13.2785311848309,957,0.141523661603805,"srmspe"
2019-09-12,151,13.2866461678967,1218,0.180147854895275,"srmspe"
2019-09-12,273,13.2771266685311,2951,0.436370270724367,"srmspe"
2019-09-12,219,13.2813402174306,3189,0.471548123049272,"srmspe"
2019-09-12,709,13.2431061626014,4767,0.704895075235978,"srmspe"
2019-09-12,76,13.2924983191461,1057,0.156347392575345,"srmspe"
2019-09-12,327,13.2729131196315,4593,0.679292730164468,"srmspe"
2019-09-12,112,13.2896892865464,1706,0.252271674642331,"srmspe"
2019-09-12,78,13.2923422617794,872,0.128961575327582,"srmspe"
2019-09-12,133,13.2880506841966,1186,0.175461101727491,"srmspe"
2019-09-12,143,13.2872703973633,2010,0.297313321731528,"srmspe"
2019-09-12,243,13.2794675290308,1423,0.210399427551379,"srmspe"
2019-09-12,128,13.2884408276132,1274,0.188377143795868,"srmspe"
2019-09-12,267,13.277594840631,4040,0.597404776111791,"srmspe"
2019-09-12,195,13.2832129058304,404,0.0597499177456614,"srmspe"
2019-09-12,181,13.284305307397,1131,0.167243046348511,"srmspe"
2019-09-12,70,13.292966491246,976,0.144324638334766,"srmspe"
2019-09-12,62,13.2935907207126,1048,0.154960616972392,"srmspe"
2019-09-12,317,13.2736934064648,1545,0.228450046154125,"srmspe"
2019-09-12,50,13.2945270649125,742,0.109747563461861,"srmspe"
2019-09-12,164,13.2856317950135,974,0.144036732339357,"srmspe"
2019-09-12,92,13.2912498602129,908,0.13426710418529,"srmspe"
2019-09-12,1450,13.1852869082575,5973,0.883265830230207,"srmspe"
2019-09-12,485,13.2605845876662,1315,0.19448113360944,"srmspe"
2019-09-12,292,13.2756441235479,3006,0.444533854575063,"srmspe"
2019-09-12,274,13.2770486398477,1693,0.250349149963546,"srmspe"
2019-09-12,132,13.2881287128799,2464,0.364429318794227,"srmspe"
2019-09-12,45,13.2949172083292,639,0.0945095416546275,"srmspe"
2019-09-12,227,13.280715987964,1971,0.291398152649157,"srmspe"
2019-09-12,164,13.2856317950135,1122,0.165977904388394,"srmspe"
2019-09-12,412,13.2662806815489,1025,0.151577317664478,"srmspe"
2019-09-12,103,13.2903915446963,1573,0.232588135339061,"srmspe"
2019-09-12,139,13.2875825120966,2149,0.317793654609931,"srmspe"
2019-09-12,156,13.2862560244801,1256,0.185774985445571,"srmspe"
2019-09-12,47,13.2947611509625,589,0.0870944801808186,"srmspe"
2019-09-12,558,13.2548884937834,3003,0.444115571474448,"srmspe"
2019-09-12,405,13.2668268823322,1495,0.221084705517944,"srmspe"
2019-09-12,415,13.2660465954989,1185,0.17526123683841,"srmspe"
2019-09-12,189,13.2836810779304,365,0.0540062673789633,"srmspe"
2019-09-12,113,13.2896112578631,1600,0.2365834729447,"srmspe"
2019-09-12,85,13.2917960609962,999,0.147731131154555,"srmspe"
2019-09-12,103,13.2903915446963,384,0.0567973456176056,"srmspe"
2019-09-12,93,13.2911718315296,665,0.0983490444253364,"srmspe"
2019-09-12,130,13.2882847702465,1014,0.149959838782259,"srmspe"
2019-09-12,110,13.289845343913,772,0.114176557188146,"srmspe"
2019-09-12,113,13.2896112578631,1052,0.155571211124696,"srmspe"
2019-09-12,124,13.2887529423465,725,0.107226382354197,"srmspe"
2019-09-12,77,13.2924202904628,1326,0.196081201229812,"srmspe"
2019-09-12,170,13.2851636229135,688,0.101739708521849,"srmspe"
2019-09-12,190,13.283603049247,2820,0.417046637960627,"srmspe"
2019-09-12,118,13.2892211144464,798,0.118013329806591,"srmspe"
2019-09-12,127,13.2885188562965,1405,0.207754063689284,"srmspe"
2019-09-12,214,13.2817303608472,1201,0.177628137231534,"srmspe"
2019-09-12,172,13.2850075655469,1424,0.210597176751523,"srmspe"
2019-09-12,107,13.290079429963,616,0.0910790533095728,"srmspe"
2019-09-12,382,13.2686215420486,2546,0.376487952098177,"srmspe"
2019-09-12,151,13.2866461678967,557,0.0823688842833586,"srmspe"
2019-09-12,321,13.2733812917315,1505,0.222610162469002,"srmspe"
2019-09-12,512,13.2584778132164,2762,0.408478692073437,"srmspe"
2019-09-12,325,13.2730691769982,1296,0.19179179192285,"srmspe"
2019-09-12,132,13.2881287128799,880,0.1302224091617,"srmspe"
2019-09-12,1514,13.1802930725247,2453,0.3627298544892,"srmspe"
2019-09-12,40,13.2953073517458,1957,0.289380998410804,"srmspe"
2019-09-12,82,13.2920301470461,886,0.131014213636672,"srmspe"
2019-09-12,242,13.2795455577141,856,0.126572009776278,"srmspe"
2019-09-12,29,13.2961656672624,589,0.0871394477074764,"srmspe"
2019-09-12,280,13.2765804677478,1190,0.176020384673738,"srmspe"
2019-09-12,195,13.2832129058304,1806,0.267103228548105,"srmspe"
2019-09-12,321,13.2733812917315,1635,0.241766913053663,"srmspe"
2019-09-12,147,13.28695828263,1142,0.168901805055029,"srmspe"
2019-09-12,171,13.2850855942302,1201,0.177649490040616,"srmspe"
2019-09-12,164,13.2856317950135,1091,0.161349366308392,"srmspe"
2019-09-12,397,13.2674511117988,3095,0.457595742296458,"srmspe"
2019-09-12,324,13.2731472056815,1610,0.238043387345254,"srmspe"
2019-09-12,606,13.2511431169838,4231,0.625574484304576,"srmspe"
2019-09-12,328,13.2728350909482,1670,0.246917211413494,"srmspe"
2019-09-12,335,13.2722888901649,1799,0.266015264875937,"srmspe"
2019-09-12,71,13.2928884625627,676,0.0999602360545159,"srmspe"
2019-09-12,168,13.2853196802802,1199,0.177462204073342,"srmspe"
2019-09-12,175,13.2847734794969,1052,0.155567052463242,"srmspe"
2019-09-12,69,13.2930445199294,626,0.0925682997899627,"srmspe"
2019-09-12,62,13.2935907207126,212,0.0313765849577127,"srmspe"
2019-09-12,727,13.2417016463015,2033,0.300729007855797,"srmspe"
2019-09-12,267,13.277594840631,2382,0.352186753791285,"srmspe"
2019-09-12,271,13.2772827258977,1371,0.202707095285861,"srmspe"
2019-09-12,345,13.2715086033317,1030,0.152296610997716,"srmspe"
2019-09-12,112,13.2896892865464,1588,0.234816114213443,"srmspe"
2019-09-12,157,13.2861779957968,1019,0.150682603811776,"srmspe"
2019-09-12,236,13.2800137298141,803,0.118827788052943,"srmspe"
2019-09-12,222,13.2811061313806,1518,0.224477893499466,"srmspe"
2019-09-12,245,13.2793114716642,1441,0.213061213105613,"srmspe"
2019-09-12,128,13.2884408276132,2864,0.423570013770524,"srmspe"
2019-09-12,1543,13.1780302407083,4416,0.65287815745852,"srmspe"
2019-09-12,1346,13.1934018913233,5929,0.876658516036643,"srmspe"
2019-09-12,301,13.274941865398,6029,0.891471921070571,"srmspe"
2019-09-12,1025,13.2184490986707,12963,1.91659991559431,"srmspe"
2019-09-12,87,13.2916400036295,1328,0.196399769368918,"srmspe"
2019-09-12,357,13.2705722591318,1244,0.183962123668893,"srmspe"
2019-09-12,1076,13.2144696358211,5744,0.849384115195509,"srmspe"
2019-09-12,42,13.2951512943791,1455,0.215152153251299,"srmspe"
2019-09-12,505,13.2590240139997,2054,0.303919446600961,"srmspe"
2019-09-12,212,13.2818864182139,2226,0.329182192515127,"srmspe"
2019-09-12,122,13.2889089997131,1493,0.220775638633945,"srmspe"
2019-09-12,231,13.2804038732307,753,0.111364396911781,"srmspe"
2019-09-12,188,13.2837591066137,1830,0.270572143670387,"srmspe"
2019-09-12,0,13.2984284990788,5867,0.867766115033568,"srmspe"
2019-09-12,547,13.2557468093,3633,0.537358245274511,"srmspe"
2019-09-12,38,13.2954634091124,936,0.138442764317038,"srmspe"
2019-09-12,334,13.2723669188482,4503,0.665764931948902,"srmspe"
2019-09-12,2715,13.0865806238514,4628,0.684264952762037,"srmspe"
2019-09-12,226,13.2807940166473,1300,0.192244137685514,"srmspe"
2019-09-12,221,13.281184160064,1344,0.198768701465931,"srmspe"
2019-09-12,307,13.274473693298,1811,0.267848654111501,"srmspe"
2019-09-12,636,13.2488022564841,5197,0.768391639841187,"srmspe"
2019-09-12,942,13.2249254793866,6344,0.937943768844283,"srmspe"
2019-09-12,109,13.2899233725964,4320,0.638824770449703,"srmspe"
2019-09-12,1188,13.2057304232887,2354,0.348106921866642,"srmspe"
2019-09-12,364,13.2700260583485,4540,0.671205901616377,"srmspe"
2019-09-12,513,13.2583997845331,3600,0.532312518670726,"srmspe"
2019-09-12,188,13.2837591066137,2323,0.343482766173951,"srmspe"
2019-09-12,183,13.2841492500303,1044,0.154384468495971,"srmspe"
2019-09-12,38,13.2954634091124,1514,0.223971926507509,"srmspe"
2019-09-12,140,13.2875044834133,5535,0.818435210701219,"srmspe"
2019-09-12,288,13.2759562382812,3249,0.480437754358203,"srmspe"
2019-09-12,61,13.293668749396,640,0.09463603355061,"srmspe"
2019-09-12,219,13.2813402174306,457,0.0676032185909714,"srmspe"
2019-09-12,191,13.2835250205637,1477,0.218429868467912,"srmspe"
2019-09-12,773,13.2381123268686,3672,0.542923000899488,"srmspe"
2019-09-12,663,13.2466954820343,3183,0.470628840283578,"srmspe"
2019-09-12,302,13.2748638367146,1136,0.168032432734667,"srmspe"
2019-09-12,453,13.2630815055326,2702,0.399744137039607,"srmspe"
2019-09-12,69,13.2930445199294,280,0.0414297591546767,"srmspe"
2019-09-12,54,13.2942149501792,1879,0.277826365700653,"srmspe"
2019-09-12,79,13.2922642330961,287,0.0424368531403292,"srmspe"
2019-09-12,171,13.2850855942302,3816,0.564249676241616,"srmspe"
2019-09-12,325,13.2730691769982,1848,0.273243490410891,"srmspe"
2019-09-12,787,13.237019925302,3279,0.48481818633181,"srmspe"
2019-09-12,382,13.2686215420486,1469,0.217225604601915,"srmspe"
2019-09-12,238,13.2798576724474,3505,0.518320284474506,"srmspe"
2019-09-12,661,13.246851539401,4038,0.597119937742693,"srmspe"
2019-09-12,1532,13.1788885562249,4821,0.712792233835674,"srmspe"
2019-09-12,136,13.2878165981466,1928,0.285193161434972,"srmspe"
2019-09-12,171,13.2850855942302,1329,0.196510637621087,"srmspe"
2019-09-12,383,13.2685435133653,1088,0.160917970570055,"srmspe"
2019-09-12,243,13.2794675290308,3001,0.44366307035996,"srmspe"
2019-09-12,297,13.2752539801313,2288,0.33827060711143,"srmspe"
2019-09-12,404,13.2669049110155,1506,0.222683228925646,"srmspe"
2019-09-12,237,13.2799357011308,3014,0.445655487666352,"srmspe"
2019-09-12,149,13.2868022252634,1327,0.19631000074619,"srmspe"
2019-09-12,146,13.2870363113133,3012,0.445355577552915,"srmspe"
2019-09-12,239,13.2797796437641,288,0.0426388200284511,"srmspe"
2019-09-12,75,13.2925763478294,299,0.0442063788767065,"srmspe"
2019-09-12,131,13.2882067415632,1957,0.289446716788429,"srmspe"
2019-09-12,414,13.2661246241822,1031,0.152511458246566,"srmspe"
2019-09-12,114,13.2895332291797,1257,0.185987338896386,"srmspe"
2019-09-12,163,13.2857098236968,1369,0.202491407623786,"srmspe"
2019-09-12,85,13.2917960609962,813,0.120247531931931,"srmspe"
2019-09-12,177,13.2846174221303,1002,0.148204850649389,"srmspe"
2019-09-12,274,13.2770486398477,1929,0.285223088973762,"srmspe"
2019-09-12,367,13.2697919722985,1130,0.167113774875724,"srmspe"
2019-09-12,275,13.2769706111644,1590,0.235170024919283,"srmspe"
2019-09-12,79,13.2922642330961,1019,0.150692951996618,"srmspe"
2019-09-12,271,13.2772827258977,1436,0.212322589804057,"srmspe"
2019-09-12,316,13.2737714351481,1897,0.280520360543532,"srmspe"
2019-09-12,171,13.2850855942302,2093,0.309476679821374,"srmspe"
2019-09-12,77,13.2924202904628,611,0.0904524092543703,"srmspe"
2019-09-12,192,13.2834469918804,2471,0.365425425653771,"srmspe"
2019-09-12,82,13.2920301470461,2179,0.322273586616763,"srmspe"
2019-09-12,178,13.2845393934469,1662,0.245730723676964,"srmspe"
2019-09-12,147,13.28695828263,592,0.0875413565513737,"srmspe"
2019-09-12,76,13.2924983191461,1789,0.264527827996316,"srmspe"
2019-09-12,70,13.292966491246,635,0.0938855261443285,"srmspe"
2019-09-12,148,13.2868802539467,701,0.103661493185152,"srmspe"
2019-09-12,236,13.2800137298141,908,0.134303527536438,"srmspe"
2019-09-12,435,13.2644860218324,1945,0.28766843276137,"srmspe"
2019-09-12,195,13.2832129058304,961,0.142129467935439,"srmspe"
2019-09-12,142,13.2873484260466,1516,0.224191345239362,"srmspe"
2019-09-12,230,13.280481901914,1549,0.229086277964937,"srmspe"
2019-09-12,416,13.2659685668156,1604,0.237218659191161,"srmspe"
2019-09-12,647,13.2479439409675,3756,0.555317880783744,"srmspe"
2019-09-12,325,13.2730691769982,2143,0.316956061209651,"srmspe"
2019-09-12,464,13.262223190016,2605,0.385218539474101,"srmspe"
2019-09-12,70,13.292966491246,681,0.100708377880207,"srmspe"
2019-09-12,69,13.2930445199294,636,0.0940551188711016,"srmspe"
2019-09-12,115,13.2894552004964,738,0.109128978831268,"srmspe"
2019-09-12,99,13.2907036594296,447,0.0661015596326343,"srmspe"
2019-09-12,140,13.2875044834133,1221,0.180578725278906,"srmspe"
2019-09-12,112,13.2896892865464,1009,0.14923557509975,"srmspe"
2019-09-12,189,13.2836810779304,1058,0.156435398411845,"srmspe"
2019-09-12,202,13.2826667050471,1487,0.219904062528462,"srmspe"
2019-09-12,728,13.2416236176182,2536,0.375024890989052,"srmspe"
2019-09-12,201,13.2827447337305,1293,0.191200672478671,"srmspe"
2019-09-12,217,13.2814962747973,1609,0.238018348669764,"srmspe"
2019-09-12,61,13.293668749396,576,0.0851731516458064,"srmspe"
2019-09-12,145,13.2871143399967,824,0.12196779951474,"srmspe"
2019-09-12,416,13.2659685668156,4613,0.682215020063123,"srmspe"
2019-09-12,458,13.2626913621159,2029,0.300079066847977,"srmspe"
2019-09-12,449,13.2633936202659,4313,0.637847270780997,"srmspe"
2019-09-12,296,13.2753320088146,1597,0.236185886188285,"srmspe"
2019-09-12,183,13.2841492500303,2542,0.375866231371797,"srmspe"
2019-09-12,281,13.2765024390645,993,0.1468388871666,"srmspe"
2019-09-12,167,13.2853977089635,1421,0.210137917175956,"srmspe"
2019-09-12,384,13.268465484682,1339,0.197998888425984,"srmspe"
2019-09-12,145,13.2871143399967,1019,0.150676161315172,"srmspe"
2019-09-12,39,13.2953853804291,536,0.0792764074464544,"srmspe"
2019-09-12,126,13.2885968849798,549,0.0812052294166012,"srmspe"
2019-09-12,102,13.2904695733796,1271,0.18793450138096,"srmspe"
2019-09-12,94,13.2910938028462,453,0.0670097626017067,"srmspe"
2019-09-12,40,13.2953073517458,498,0.073663655682497,"srmspe"
2019-09-12,178,13.2845393934469,1979,0.292715350656713,"srmspe"
2019-09-12,333,13.2724449475316,1137,0.168137116569334,"srmspe"
2019-09-12,63,13.2935126920293,1129,0.166964179751084,"srmspe"
2019-09-12,126,13.2885968849798,465,0.068758546748954,"srmspe"
2019-09-12,132,13.2881287128799,947,0.140058693704849,"srmspe"
2019-09-12,107,13.290079429963,1400,0.20698547188685,"srmspe"
2019-09-12,97,13.2908597167963,396,0.0585748250695757,"srmspe"
2019-09-12,54,13.2942149501792,578,0.0854692336784006,"srmspe"
2019-09-12,51,13.2944490362292,326,0.0482153453703649,"srmspe"
2019-09-12,54,13.2942149501792,400,0.0591563245308269,"srmspe"
2019-09-12,79,13.2922642330961,543,0.0802956017410116,"srmspe"
2019-09-12,272,13.2772046972144,1226,0.181306774102331,"srmspe"
2019-09-12,438,13.2642519357824,1723,0.254802826751398,"srmspe"
2019-09-12,122,13.2889089997131,809,0.119627802712589,"srmspe"
2019-09-12,262,13.2779849840476,1830,0.270616604938426,"srmspe"
2019-09-12,275,13.2769706111644,962,0.142252104012666,"srmspe"
2019-09-12,393,13.2677632265321,1384,0.204652399934972,"srmspe"
2019-09-12,274,13.2770486398477,1265,0.187039149318425,"srmspe"
2019-09-12,135,13.2878946268299,887,0.13116828355172,"srmspe"
2019-09-12,132,13.2881287128799,626,0.0925770225547061,"srmspe"
2019-09-12,102,13.2904695733796,584,0.086351692093954,"srmspe"
2019-09-12,138,13.2876605407799,725,0.107203585425036,"srmspe"
2019-09-12,191,13.2835250205637,738,0.109133131406686,"srmspe"
2019-09-12,39,13.2953853804291,886,0.13103280861505,"srmspe"
2019-09-12,40,13.2953073517458,513,0.0758590559058866,"srmspe"
2019-09-12,120,13.2890650570798,657,0.0971566704952802,"srmspe"
2019-09-12,24,13.296555810679,519,0.0767560265355683,"srmspe"
2019-09-12,82,13.2920301470461,782,0.115623876971647,"srmspe"
2019-09-12,78,13.2923422617794,586,0.0866495431593471,"srmspe"
2019-09-12,61,13.293668749396,594,0.0878334599085746,"srmspe"
2019-09-12,52,13.2943710075459,362,0.0535289520436703,"srmspe"
2019-09-12,128,13.2884408276132,762,0.112672204632859,"srmspe"
2019-09-12,99,13.2907036594296,761,0.112525040864818,"srmspe"
2019-09-12,133,13.2880506841966,721,0.106636133835771,"srmspe"
2019-09-12,110,13.289845343913,1131,0.167263601477453,"srmspe"
2019-09-12,266,13.2776728693143,1511,0.22351015778771,"srmspe"
2019-09-12,180,13.2843833360803,2407,0.355907483848125,"srmspe"
2019-09-12,138,13.2876605407799,1277,0.188833158247708,"srmspe"
2019-09-12,208,13.2821985329472,2247,0.332267411692779,"srmspe"
2019-09-12,253,13.2786872421976,1214,0.179580698836975,"srmspe"
2019-09-12,113,13.2896112578631,1977,0.292322231001877,"srmspe"
2019-09-12,111,13.2897673152297,496,0.0733337160734292,"srmspe"
2019-09-12,574,13.2536400348502,4305,0.636478909992366,"srmspe"
2019-09-12,136,13.2878165981466,900,0.133086183679277,"srmspe"
2019-09-12,136,13.2878165981466,384,0.0568362575547397,"srmspe"
2019-09-12,184,13.284071221347,978,0.144620223504014,"srmspe"
2019-09-12,384,13.268465484682,2920,0.431842572693706,"srmspe"
2019-09-12,76,13.2924983191461,459,0.0678758468772016,"srmspe"
2019-09-12,142,13.2873484260466,2629,0.388689961490631,"srmspe"
2019-09-12,396,13.2675291404821,2593,0.383430506793674,"srmspe"
2019-09-12,501,13.259336128733,2354,0.348145279928723,"srmspe"
2019-09-12,172,13.2850075655469,836,0.123622952225675,"srmspe"
2019-09-12,172,13.2850075655469,1337,0.197719211654349,"srmspe"
2019-09-12,803,13.2357714663688,3700,0.54709484488557,"srmspe"
2019-09-12,154,13.2864120818467,2093,0.309493174871296,"srmspe"
2019-09-12,230,13.280481901914,1353,0.200070751476338,"srmspe"
2019-09-12,249,13.2789993569309,712,0.105283939145515,"srmspe"
2019-09-12,178,13.2845393934469,1435,0.212159972405783,"srmspe"
2019-09-12,208,13.2821985329472,762,0.112675859203386,"srmspe"
2019-09-12,136,13.2878165981466,1510,0.223288054572664,"srmspe"
2019-09-12,151,13.2866461678967,890,0.131615822284543,"srmspe"
2019-09-12,208,13.2821985329472,838,0.12391912608681,"srmspe"
2019-09-12,332,13.2725229762149,863,0.127628647602424,"srmspe"
2019-09-12,245,13.2793114716642,1188,0.175700363384145,"srmspe"
2019-09-12,317,13.2736934064648,598,0.0884578402333444,"srmspe"
2019-09-12,63,13.2935126920293,1099,0.162519934474178,"srmspe"
2019-09-12,451,13.2632375628992,1910,0.282490883641221,"srmspe"
2019-09-12,135,13.2878946268299,2770,0.409560828111096,"srmspe"
2019-09-12,205,13.2824326189972,1664,0.246132896428291,"srmspe"
2019-09-12,131,13.2882067415632,1185,0.175255698088237,"srmspe"
2019-09-12,200,13.2828227624138,1442,0.21322298716256,"srmspe"
2019-09-12,179,13.2844613647636,1297,0.191812772303307,"srmspe"
2019-09-12,105,13.2902354873297,643,0.0950844828434987,"srmspe"
2019-09-12,894,13.2286708561862,2466,0.364645994538685,"srmspe"
2019-09-12,765,13.2387365563352,2345,0.34682580516661,"srmspe"
2019-09-12,85,13.2917960609962,556,0.0822126234298243,"srmspe"
2019-09-12,41,13.2952293230625,403,0.0595997895154431,"srmspe"
2019-09-12,117,13.2892991431298,1917,0.283463441976895,"srmspe"
2019-09-12,402,13.2670609683821,1163,0.172074127199414,"srmspe"
2019-09-12,572,13.2537960922169,6592,0.97458650936377,"srmspe"
2019-09-12,44,13.2949952370125,198,0.0292929529092307,"srmspe"
2019-09-12,164,13.2856317950135,2361,0.349092767338084,"srmspe"
2019-09-12,95,13.2910157741629,602,0.0890264287795818,"srmspe"
2019-09-12,55,13.2941369214959,865,0.127912362173511,"srmspe"
2019-09-12,179,13.2844613647636,1009,0.149294753075692,"srmspe"
2019-09-12,100,13.2906256307463,510,0.0754257472806051,"srmspe"
2019-09-12,102,13.2904695733796,1097,0.162206613568959,"srmspe"
2019-09-12,205,13.2824326189972,2233,0.330190254579424,"srmspe"
2019-09-12,55,13.2941369214959,1072,0.158523846544304,"srmspe"
2019-09-12,115,13.2894552004964,992,0.146693459992905,"srmspe"
2019-09-12,133,13.2880506841966,607,0.0897690587586926,"srmspe"
2019-09-12,250,13.2789213282475,1061,0.156896261173209,"srmspe"
2019-09-12,209,13.2821205042639,2076,0.306986834666869,"srmspe"
2019-09-12,409,13.2665147675989,2394,0.35399069491879,"srmspe"
2019-09-12,256,13.2784531561476,1400,0.207058743076538,"srmspe"
2019-09-12,92,13.2912498602129,524,0.0775144209802647,"srmspe"
2019-09-12,579,13.2532498914336,1907,0.281984591952865,"srmspe"
2019-09-12,452,13.2631595342159,1323,0.195671771446782,"srmspe"
2019-09-12,91,13.2913278888962,1201,0.177618168805867,"srmspe"
