"day","empirical","homo","power","exp","err_tag"
2019-08-26,159,249.509088948377,1525,206.280320517709,"logrmse"
2019-08-26,0,249.662120085978,3381,513.043333259953,"logrmse"
2019-08-26,306,249.367607330595,1543,199.722111949344,"logrmse"
2019-08-26,315,249.358945190731,1975,257.106631783238,"logrmse"
2019-08-26,257,249.414767869856,1624,194.795664089759,"logrmse"
2019-08-26,164,249.504276648453,1285,148.545970190035,"logrmse"
2019-08-26,98,249.567799007457,920,123.102054044543,"logrmse"
2019-08-26,207,249.462890869101,2042,265.101950097021,"logrmse"
2019-08-26,121,249.545662427804,896,115.975864982311,"logrmse"
2019-08-26,181,249.487914828709,763,104.265169322756,"logrmse"
2019-08-26,209,249.460965949132,983,130.931200386507,"logrmse"
2019-08-26,137,249.530263068045,1566,195.827206820195,"logrmse"
2019-08-26,128,249.538925207909,799,102.657534197515,"logrmse"
2019-08-26,70,249.594747887034,970,135.196824196352,"logrmse"
2019-08-26,203,249.466740709041,1394,197.057595138653,"logrmse"
2019-08-26,220,249.450378889298,1244,180.507592469206,"logrmse"
2019-08-26,414,249.263661652225,4716,579.555496886896,"logrmse"
2019-08-26,97,249.568761467442,3870,542.812947098893,"logrmse"
2019-08-26,1018,248.682335821338,7973,992.429348977628,"logrmse"
2019-08-26,267,249.405143270007,3780,504.700000467173,"logrmse"
2019-08-26,887,248.808418079362,2984,428.729387749138,"logrmse"
2019-08-26,164,249.504276648453,1104,143.781926485169,"logrmse"
2019-08-26,425,249.253074592391,3602,483.203024788279,"logrmse"
2019-08-26,189,249.48021514883,1486,209.402240928315,"logrmse"
2019-08-26,709,248.979735956676,6036,724.666749482188,"logrmse"
2019-08-26,175,249.493689588619,3060,406.205234137515,"logrmse"
2019-08-26,102,249.563949167517,2153,295.761342416393,"logrmse"
2019-08-26,102,249.563949167517,1145,134.775632561821,"logrmse"
2019-08-26,166,249.502351728483,910,121.225491937526,"logrmse"
2019-08-26,158,249.510051408362,697,107.207473582738,"logrmse"
2019-08-26,263,249.408993109946,1477,197.413715946476,"logrmse"
2019-08-26,237,249.434017069554,1111,135.61565052294,"logrmse"
2019-08-26,241,249.430167229614,1189,156.049201711024,"logrmse"
2019-08-26,168,249.500426808513,1861,227.119789103068,"logrmse"
2019-08-26,472,249.2078389731,2200,268.152958953881,"logrmse"
2019-08-26,99,249.566836547472,898,118.049402002985,"logrmse"
2019-08-26,137,249.530263068045,450,107.281031103504,"logrmse"
2019-08-26,678,249.009572216208,3850,509.067525387468,"logrmse"
2019-08-26,111,249.555287027653,2097,310.06076039401,"logrmse"
2019-08-26,807,248.885414878155,4058,520.892720970969,"logrmse"
2019-08-26,173,249.495614508588,496,65.1279342878969,"logrmse"
2019-08-26,1699,248.026900571614,11923,1488.51314431951,"logrmse"
2019-08-26,164,249.504276648453,1082,156.15349725526,"logrmse"
2019-08-26,174,249.494652048604,1520,205.289240983987,"logrmse"
2019-08-26,149,249.518713548226,479,69.2341864722145,"logrmse"
2019-08-26,65,249.599560186959,712,94.7222113379132,"logrmse"
2019-08-26,76,249.588973127125,856,107.441332151768,"logrmse"
2019-08-26,105,249.561061787562,969,149.463120406579,"logrmse"
2019-08-26,258,249.413805409871,2630,326.769347648767,"logrmse"
2019-08-26,263,249.408993109946,3411,395.707963985508,"logrmse"
2019-08-26,1074,248.628438062183,3147,355.824795448853,"logrmse"
2019-08-26,460,249.219388492919,3344,391.884217156284,"logrmse"
2019-08-26,490,249.190514693372,3529,479.984653060568,"logrmse"
2019-08-26,72,249.592822967064,1248,163.292659828726,"logrmse"
2019-08-26,107,249.559136867593,329,55.8729427098967,"logrmse"
2019-08-26,100,249.565874087487,499,78.3249057671302,"logrmse"
2019-08-26,78,249.587048207155,346,64.9125691171826,"logrmse"
2019-08-26,245,249.426317389675,1560,204.56236885838,"logrmse"
2019-08-26,339,249.335846151093,1619,213.361730239259,"logrmse"
2019-08-26,158,249.510051408362,2063,255.158918300133,"logrmse"
2019-08-26,109,249.557211947623,1583,192.577145925976,"logrmse"
2019-08-26,79,249.58608574717,1054,130.438876124319,"logrmse"
2019-08-26,218,249.452303809267,911,108.892567932307,"logrmse"
2019-08-26,192,249.477327768875,1141,134.944816375346,"logrmse"
2019-08-26,422,249.255961972346,3716,511.607779861465,"logrmse"
2019-08-26,364,249.31178465147,1545,233.995535670774,"logrmse"
2019-08-26,508,249.173190413643,3255,379.79990983995,"logrmse"
2019-08-26,25,249.638058586355,1437,184.279264197633,"logrmse"
2019-08-26,306,249.367607330595,2476,341.399195609262,"logrmse"
2019-08-26,247,249.424392469705,3481,463.115499334306,"logrmse"
2019-08-26,77,249.58801066714,3318,463.410740669359,"logrmse"
2019-08-26,583,249.101005914775,3615,438.862294223323,"logrmse"
2019-08-26,659,249.027858955922,1474,222.304328283137,"logrmse"
2019-08-26,341,249.333921231123,1688,252.670501760858,"logrmse"
2019-08-26,332,249.342583370988,3051,396.205114485621,"logrmse"
2019-08-26,170,249.498501888543,2559,329.391918810045,"logrmse"
2019-08-26,328,249.346433210927,2979,389.444314922301,"logrmse"
2019-08-26,169,249.499464348528,1972,279.159506706272,"logrmse"
2019-08-26,125,249.541812587864,1326,173.682081126895,"logrmse"
2019-08-26,133,249.534112907985,1413,175.029026908632,"logrmse"
2019-08-26,334,249.340658451018,1335,172.836550222316,"logrmse"
2019-08-26,116,249.550474727728,1127,132.771251624083,"logrmse"
2019-08-26,106,249.560099327577,696,90.347773598175,"logrmse"
2019-08-26,113,249.553362107683,776,99.6629256523639,"logrmse"
2019-08-26,493,249.187627313417,1809,214.815197444091,"logrmse"
2019-08-26,147,249.520638468196,887,106.553519930589,"logrmse"
2019-08-26,117,249.549512267743,1549,200.657226151588,"logrmse"
2019-08-26,187,249.4821400688,1719,210.875446558466,"logrmse"
2019-08-26,58,249.606297406853,304,58.4682989917423,"logrmse"
2019-08-26,151,249.516788628256,934,128.090378257705,"logrmse"
2019-08-26,223,249.447491509343,790,115.768760460707,"logrmse"
2019-08-26,107,249.559136867593,905,110.866331463703,"logrmse"
2019-08-26,42,249.621696766612,725,100.367414052429,"logrmse"
2019-08-26,69,249.595710347019,664,78.4303820786213,"logrmse"
2019-08-26,224,249.446529049358,1212,158.36634690407,"logrmse"
2019-08-26,84,249.581273447246,1698,211.354775131776,"logrmse"
2019-08-26,164,249.504276648453,903,117.478054095231,"logrmse"
2019-08-26,229,249.441716749433,950,125.110258579194,"logrmse"
2019-08-26,206,249.463853329086,2735,309.214874033186,"logrmse"
2019-08-26,154,249.513901248302,487,71.1389155580397,"logrmse"
2019-08-26,106,249.560099327577,956,116.600966463966,"logrmse"
2019-08-26,229,249.441716749433,1100,143.454040903554,"logrmse"
2019-08-26,77,249.58801066714,827,95.9430628144924,"logrmse"
2019-08-26,168,249.500426808513,560,72.9856654581386,"logrmse"
2019-08-26,128,249.538925207909,665,85.3048915491764,"logrmse"
2019-08-26,64,249.600522646944,549,69.6396059229789,"logrmse"
2019-08-26,150,249.517751088241,366,50.3405078653826,"logrmse"
2019-08-26,86,249.579348527276,761,98.6637187763527,"logrmse"
2019-08-26,87,249.578386067291,1057,127.170162208786,"logrmse"
2019-08-26,521,249.160678433839,512,81.62400852471,"logrmse"
2019-08-26,56,249.608222326823,1182,137.083559232361,"logrmse"
2019-08-26,453,249.226125712813,2244,281.843417097935,"logrmse"
2019-08-26,404,249.273286252074,3463,417.154480736185,"logrmse"
2019-08-26,921,248.775694439875,3133,365.988023475093,"logrmse"
2019-08-26,570,249.113517894579,2603,312.040559640846,"logrmse"
2019-08-26,385,249.291572991787,4189,472.86662807263,"logrmse"
2019-08-26,744,248.946049857204,3044,347.557766348978,"logrmse"
2019-08-26,67,249.597635266989,757,109.494248351565,"logrmse"
2019-08-26,83,249.58223590723,779,94.5942221636732,"logrmse"
2019-08-26,123,249.543737507834,765,105.905480814586,"logrmse"
2019-08-26,98,249.567799007457,646,86.1078955174121,"logrmse"
2019-08-26,83,249.58223590723,557,73.566590301479,"logrmse"
2019-08-26,86,249.579348527276,1015,118.037148110874,"logrmse"
2019-08-26,167,249.501389268498,765,101.192915796677,"logrmse"
2019-08-26,213,249.457116109192,553,67.9647740209281,"logrmse"
2019-08-26,78,249.587048207155,538,68.9987413261401,"logrmse"
2019-08-26,505,249.176077793598,1548,198.444007321224,"logrmse"
2019-08-26,272,249.400330970082,1507,199.430774570643,"logrmse"
2019-08-26,61,249.603410026898,2372,297.10723700798,"logrmse"
2019-08-26,37,249.626509066536,447,75.6892710985754,"logrmse"
2019-08-26,265,249.407068189977,3454,431.200679149973,"logrmse"
2019-08-26,265,249.407068189977,1649,223.633811409862,"logrmse"
2019-08-26,313,249.360870110701,2416,295.020026582705,"logrmse"
2019-08-26,321,249.353170430822,962,141.782802162189,"logrmse"
2019-08-26,154,249.513901248302,964,130.333498250938,"logrmse"
2019-08-26,138,249.52930060806,960,131.005603242258,"logrmse"
2019-08-26,154,249.513901248302,5378,663.277845302711,"logrmse"
2019-08-26,299,249.37434455049,1718,241.338350830411,"logrmse"
2019-08-26,990,248.709284700916,4391,537.616907652736,"logrmse"
2019-08-26,144,249.523525848151,3667,471.12604427348,"logrmse"
2019-08-26,227,249.443641669403,2409,307.32262814105,"logrmse"
2019-08-26,316,249.357982730746,2053,281.370229624541,"logrmse"
2019-08-26,873,248.821892519151,7278,957.112560588092,"logrmse"
2019-08-26,415,249.26269919224,2051,293.139119830272,"logrmse"
2019-08-26,412,249.265586572195,7145,935.983343960518,"logrmse"
2019-08-26,93,249.572611307381,752,101.680153231001,"logrmse"
2019-08-26,127,249.539887667894,750,95.4859299909881,"logrmse"
2019-08-26,181,249.487914828709,1701,225.979957975276,"logrmse"
2019-08-26,665,249.022084196012,4375,524.88564672358,"logrmse"
2019-08-26,359,249.316596951395,3537,397.396856592669,"logrmse"
2019-08-26,301,249.37241963052,1563,193.766839690577,"logrmse"
2019-08-26,109,249.557211947623,1614,215.078447722771,"logrmse"
2019-08-26,120,249.546624887789,1093,133.267273317086,"logrmse"
2019-08-26,80,249.585123287185,584,75.1539599992545,"logrmse"
2019-08-26,90,249.575498687336,1549,183.441026942029,"logrmse"
2019-08-26,142,249.525450768121,1147,149.624599389909,"logrmse"
2019-08-26,73,249.59186050708,860,145.081134172092,"logrmse"
2019-08-26,164,249.504276648453,960,150.530715980928,"logrmse"
2019-08-26,128,249.538925207909,1751,223.481582315341,"logrmse"
2019-08-26,644,249.042295855695,5671,705.70147250381,"logrmse"
2019-08-26,112,249.554324567668,1912,316.495510778588,"logrmse"
2019-08-26,610,249.075019495182,5196,644.804320165983,"logrmse"
2019-08-26,279,249.393593750188,2268,269.872748987196,"logrmse"
2019-08-26,478,249.20206421319,3131,348.356066489554,"logrmse"
2019-08-26,149,249.518713548226,1238,148.653005671248,"logrmse"
2019-08-26,310,249.363757490656,1305,167.32909476196,"logrmse"
2019-08-26,270,249.402255890052,2319,282.634436834671,"logrmse"
2019-08-26,504,249.177040253583,8583,1095.83928688912,"logrmse"
2019-08-26,928,248.76895721998,4515,596.554307255334,"logrmse"
2019-08-26,297,249.376269470459,5182,727.764514581129,"logrmse"
2019-08-26,740,248.949899697144,4049,514.450017659297,"logrmse"
2019-08-26,512,249.169340573703,2767,359.339518417882,"logrmse"
2019-08-26,387,249.289648071817,5857,796.547474878736,"logrmse"
2019-08-26,82,249.583198367215,1638,276.223392067405,"logrmse"
2019-08-26,157,249.511013868347,1002,199.46482111433,"logrmse"
2019-08-26,0,249.662120085978,1354,230.985052671088,"logrmse"
2019-08-26,493,249.187627313417,1405,185.818013207144,"logrmse"
2019-08-26,507,249.174152873628,883,169.368231394949,"logrmse"
2019-08-26,519,249.162603353809,6509,938.282890381842,"logrmse"
2019-08-26,456,249.223238332859,1333,174.455173867179,"logrmse"
2019-08-26,161,249.507164028407,8650,1053.84745751236,"logrmse"
2019-08-26,330,249.344508290957,956,115.190696929461,"logrmse"
2019-08-26,189,249.48021514883,1413,187.307495020714,"logrmse"
2019-08-26,3293,246.492739355665,16696,2028.84247117999,"logrmse"
2019-08-26,399,249.278098551998,2480,349.759812476236,"logrmse"
2019-08-26,135,249.532187988015,1635,193.657342435337,"logrmse"
2019-08-26,216,249.454228729237,2047,237.855363147439,"logrmse"
2019-08-26,140,249.527375688091,1129,137.62043156,"logrmse"
2019-08-26,270,249.402255890052,4762,581.02733776399,"logrmse"
2019-08-26,340,249.334883691108,1894,267.56035360635,"logrmse"
2019-08-26,703,248.985510716585,502,76.0600378147921,"logrmse"
2019-08-26,56,249.608222326823,1033,151.140769344283,"logrmse"
2019-08-26,578,249.105818214699,3987,613.564021583365,"logrmse"
2019-08-26,451,249.228050632783,1757,293.403062626606,"logrmse"
2019-08-26,199,249.470590548981,2635,369.757875358294,"logrmse"
2019-08-26,822,248.870977978381,7615,992.771720731163,"logrmse"
2019-08-26,3809,245.996110003451,6058,762.216236401416,"logrmse"
2019-08-26,247,249.424392469705,1107,160.226565259811,"logrmse"
2019-08-26,195,249.47444038892,3350,376.330598672344,"logrmse"
2019-08-26,183,249.485989908739,1879,235.602482756866,"logrmse"
2019-08-26,184,249.485027448754,959,153.570628560381,"logrmse"
2019-08-26,316,249.357982730746,2887,386.886878843516,"logrmse"
2019-08-26,452,249.227088172798,3678,417.798525728179,"logrmse"
2019-08-26,430,249.248262292466,2990,329.32118190566,"logrmse"
2019-08-26,121,249.545662427804,854,106.161011724634,"logrmse"
2019-08-26,64,249.600522646944,741,102.168472807277,"logrmse"
2019-08-26,190,249.479252688845,1573,226.578475158994,"logrmse"
2019-08-26,337,249.337771071063,2518,369.916336239048,"logrmse"
2019-08-26,413,249.26462411221,1562,200.364388180287,"logrmse"
2019-08-26,306,249.367607330595,559,71.849520547146,"logrmse"
2019-08-26,73,249.59186050708,1098,130.09157500408,"logrmse"
2019-08-26,1079,248.623625762259,4587,550.107099384082,"logrmse"
2019-08-26,207,249.462890869101,1917,221.814035036218,"logrmse"
2019-08-26,60,249.604372486883,470,67.6566633188196,"logrmse"
2019-08-26,79,249.58608574717,429,59.0590202878329,"logrmse"
2019-08-26,571,249.112555434594,4017,501.987239918164,"logrmse"
2019-08-26,489,249.191477153356,2960,365.93140049916,"logrmse"
2019-08-26,352,249.323334171289,9752,1077.36974930802,"logrmse"
2019-08-26,87,249.578386067291,1231,163.791472291214,"logrmse"
2019-08-26,259,249.412842949886,1334,170.473343045416,"logrmse"
2019-08-26,327,249.347395670912,1447,188.220831066136,"logrmse"
2019-08-26,148,249.519676008211,1139,198.032522188226,"logrmse"
2019-08-26,120,249.546624887789,1925,252.800080001757,"logrmse"
2019-08-26,62,249.602447566914,5022,726.412034220215,"logrmse"
2019-08-26,168,249.500426808513,2745,338.158384341561,"logrmse"
2019-08-26,108,249.558174407608,483,111.62814045159,"logrmse"
2019-08-26,914,248.782431659769,3557,395.288472682116,"logrmse"
2019-08-26,104,249.562024247547,1085,156.30545632886,"logrmse"
2019-08-26,64,249.600522646944,769,94.0329964091289,"logrmse"
2019-08-26,319,249.355095350791,2323,291.586104961123,"logrmse"
2019-08-26,855,248.839216798879,3482,428.75772372503,"logrmse"
2019-08-26,185,249.484064988769,1386,180.498207159415,"logrmse"
2019-08-26,321,249.353170430822,1684,207.152727641076,"logrmse"
2019-08-26,187,249.4821400688,8346,951.900187636336,"logrmse"
2019-08-26,78,249.587048207155,803,122.758157613793,"logrmse"
2019-08-26,113,249.553362107683,1541,225.198985428974,"logrmse"
2019-08-26,541,249.141429234141,4364,547.568042687161,"logrmse"
2019-08-26,160,249.508126488392,2981,421.921303333664,"logrmse"
2019-08-26,195,249.47444038892,1198,169.574399784778,"logrmse"
2019-08-26,160,249.508126488392,1189,172.671473129601,"logrmse"
2019-08-26,146,249.521600928181,1081,162.557633920953,"logrmse"
2019-08-26,370,249.306009891561,2129,306.089129730515,"logrmse"
2019-08-26,181,249.487914828709,564,68.1846801189377,"logrmse"
2019-08-26,80,249.585123287185,816,105.172605516645,"logrmse"
2019-08-26,102,249.563949167517,1028,124.533379020846,"logrmse"
2019-08-26,1637,248.086573090678,4242,543.356608896031,"logrmse"
2019-08-26,292,249.381081770384,3638,476.052407276627,"logrmse"
2019-08-26,82,249.583198367215,1564,206.472848264085,"logrmse"
2019-08-26,295,249.378194390429,1726,251.273255841846,"logrmse"
2019-08-26,249,249.422467549735,1117,167.667207727576,"logrmse"
2019-08-26,135,249.532187988015,774,120.108268237118,"logrmse"
2019-08-26,82,249.583198367215,1048,127.966380557431,"logrmse"
2019-08-26,130,249.53700028794,772,98.2584455812409,"logrmse"
2019-08-26,123,249.543737507834,2247,306.751502201028,"logrmse"
2019-08-26,194,249.475402848905,1560,203.151086349849,"logrmse"
2019-08-26,813,248.879640118245,3271,417.829476508689,"logrmse"
2019-08-26,841,248.852691238668,5009,552.394339712336,"logrmse"
2019-08-26,446,249.232862932708,5339,584.735036407037,"logrmse"
2019-08-26,163,249.505239108438,1311,176.650728178738,"logrmse"
2019-08-26,251,249.420542629765,1599,194.272040627258,"logrmse"
2019-08-26,297,249.376269470459,1690,222.307876947387,"logrmse"
2019-08-26,466,249.213613733009,1870,234.840848157539,"logrmse"
2019-08-26,280,249.392631290203,1699,252.640683572598,"logrmse"
2019-08-26,321,249.353170430822,3500,518.151012595366,"logrmse"
2019-08-26,484,249.196289453281,2059,262.592132670863,"logrmse"
2019-08-26,200,249.469628088996,1044,144.575705333014,"logrmse"
2019-08-26,312,249.361832570686,3131,359.844948585168,"logrmse"
2019-08-26,338,249.336808611078,1649,184.790796403024,"logrmse"
2019-08-26,345,249.330071391184,2534,297.910912559676,"logrmse"
2019-08-26,382,249.294460371742,858,105.926166077785,"logrmse"
2019-08-26,127,249.539887667894,1829,202.643724835611,"logrmse"
2019-08-26,126,249.540850127879,1890,206.959728626495,"logrmse"
2019-08-26,378,249.298310211682,1786,213.115770015804,"logrmse"
2019-08-26,227,249.443641669403,1511,204.037361826294,"logrmse"
2019-08-26,413,249.26462411221,2765,285.349093130991,"logrmse"
2019-08-26,731,248.958561837008,2297,241.65535161322,"logrmse"
2019-08-26,626,249.059620135424,2463,267.071825705004,"logrmse"
2019-08-26,282,249.390706370233,2009,295.187520285869,"logrmse"
2019-08-26,692,248.996097776419,2241,239.74560306192,"logrmse"
2019-08-26,0,249.662120085978,3155,446.907128004284,"logrmse"
2019-08-26,413,249.26462411221,1406,203.899934327994,"logrmse"
2019-08-26,204,249.465778249056,1726,234.62874262861,"logrmse"
2019-08-26,286,249.386856530293,2594,325.184372992079,"logrmse"
2019-08-26,646,249.040370935725,2084,259.750309696579,"logrmse"
2019-08-26,258,249.413805409871,1609,205.13998702296,"logrmse"
2019-08-26,144,249.523525848151,1107,140.803495957698,"logrmse"
2019-08-26,239,249.432092149584,1910,237.518268814168,"logrmse"
2019-08-26,338,249.336808611078,1765,244.642452458535,"logrmse"
2019-08-26,187,249.4821400688,3721,465.125490659794,"logrmse"
2019-08-26,248,249.42343000972,3296,371.966535311853,"logrmse"
2019-08-26,535,249.147203994051,2950,410.896766368768,"logrmse"
2019-08-26,435,249.243449992542,2172,315.498997953131,"logrmse"
2019-08-26,381,249.295422831727,6769,837.131791879436,"logrmse"
2019-08-26,260,249.411880489901,2313,354.714857472437,"logrmse"
2019-08-26,224,249.446529049358,2824,323.551150896156,"logrmse"
2019-08-26,251,249.420542629765,1716,224.025215471945,"logrmse"
2019-08-26,235,249.435941989524,522,83.1011192710947,"logrmse"
2019-08-26,218,249.452303809267,859,111.008620180263,"logrmse"
2019-08-26,137,249.530263068045,1421,197.894548163233,"logrmse"
2019-08-26,448,249.230938012738,4122,535.453506970252,"logrmse"
2019-08-26,229,249.441716749433,2731,402.204569917804,"logrmse"
2019-08-26,594,249.090418854941,1688,210.401517595007,"logrmse"
2019-08-26,440,249.238637692617,6679,908.335856267216,"logrmse"
2019-08-26,176,249.492727128634,3365,479.046943826358,"logrmse"
2019-08-26,390,249.286760691863,1447,239.044908043281,"logrmse"
2019-08-26,269,249.403218350037,3155,457.877098665021,"logrmse"
2019-08-26,304,249.369532250565,2179,291.796902893273,"logrmse"
2019-08-26,63,249.601485106929,583,82.0330490648304,"logrmse"
2019-08-26,370,249.306009891561,3954,532.738076286782,"logrmse"
2019-08-26,654,249.032671255846,2286,286.533516293085,"logrmse"
2019-08-26,903,248.793018719603,4718,616.014857239955,"logrmse"
2019-08-26,439,249.239600152602,2079,331.115375469293,"logrmse"
2019-08-26,387,249.289648071817,2282,293.116739964621,"logrmse"
2019-08-26,885,248.810342999332,2591,361.978622846455,"logrmse"
2019-08-26,240,249.431129689599,2050,271.056923916582,"logrmse"
2019-08-26,458,249.221313412889,5427,668.219024285747,"logrmse"
2019-08-26,944,248.753557860222,1110,153.933369735978,"logrmse"
2019-08-26,284,249.388781450263,1042,139.035522373538,"logrmse"
2019-08-26,660,249.026896495937,5208,617.352735871989,"logrmse"
2019-08-26,368,249.307934811531,2172,263.724403796576,"logrmse"
2019-08-26,462,249.217463572949,1004,198.837198024595,"logrmse"
2019-08-26,22,249.64094596631,2136,321.572405434004,"logrmse"
2019-08-26,212,249.458078569177,1836,203.615772119069,"logrmse"
2019-08-26,251,249.420542629765,838,142.058672554317,"logrmse"
2019-08-26,168,249.500426808513,823,113.844615502698,"logrmse"
2019-08-26,354,249.321409251319,939,121.907997306026,"logrmse"
2019-08-26,110,249.556249487638,1289,155.039911222383,"logrmse"
2019-08-26,126,249.540850127879,987,132.078125267034,"logrmse"
2019-08-26,201,249.468665629011,3570,421.164895086008,"logrmse"
2019-08-26,286,249.386856530293,4095,471.389212138712,"logrmse"
2019-08-26,322,249.352207970837,3493,439.354397228683,"logrmse"
2019-08-26,610,249.075019495182,3207,399.009002854716,"logrmse"
2019-08-26,47,249.616884466687,813,106.651431440586,"logrmse"
2019-08-26,133,249.534112907985,1003,129.622698819553,"logrmse"
2019-08-26,134,249.533150448,1374,166.250036146635,"logrmse"
2019-08-26,268,249.404180810022,1561,180.465666479544,"logrmse"
2019-08-26,120,249.546624887789,598,78.8215618558612,"logrmse"
2019-08-26,60,249.604372486883,576,88.6661144981177,"logrmse"
2019-08-26,1235,248.473482004613,10129,1190.85867427228,"logrmse"
2019-08-26,335,249.339695991033,2920,343.740421458125,"logrmse"
2019-08-26,162,249.506201568422,784,103.133643398881,"logrmse"
2019-08-26,198,249.471553008966,1412,175.045091887186,"logrmse"
2019-08-26,238,249.433054609569,2038,229.427748535279,"logrmse"
2019-08-26,121,249.545662427804,1535,212.449785291412,"logrmse"
2019-08-26,128,249.538925207909,1349,162.714277102286,"logrmse"
2019-08-26,166,249.502351728483,1351,185.741531749054,"logrmse"
2019-08-26,218,249.452303809267,1504,182.291615744159,"logrmse"
2019-08-26,132,249.53507536797,3102,441.588831683276,"logrmse"
2019-08-26,442,249.236712772647,6556,770.465676288228,"logrmse"
2019-08-26,430,249.248262292466,3735,469.058162732996,"logrmse"
2019-08-26,1247,248.461932484794,2908,352.936878954903,"logrmse"
2019-08-26,79,249.58608574717,1151,190.417448409811,"logrmse"
2019-08-26,994,248.705434860976,4199,484.279331532212,"logrmse"
2019-08-26,172,249.496576968573,881,109.27082659023,"logrmse"
2019-08-26,132,249.53507536797,1374,172.213687324491,"logrmse"
2019-08-26,526,249.155866133915,1030,127.069675827502,"logrmse"
2019-08-26,106,249.560099327577,1796,199.744009292993,"logrmse"
2019-08-26,178,249.490802208664,1354,157.66815076013,"logrmse"
2019-08-26,182,249.486952368724,1012,132.974350434991,"logrmse"
2019-08-26,82,249.583198367215,1285,164.196933674585,"logrmse"
2019-08-26,134,249.533150448,514,87.257653955525,"logrmse"
2019-08-26,331,249.343545830972,1020,136.153709295271,"logrmse"
2019-08-26,380,249.296385291712,7340,872.592496326578,"logrmse"
2019-08-26,348,249.327184011229,3427,547.571127385436,"logrmse"
2019-08-26,457,249.222275872874,3790,487.554640159316,"logrmse"
2019-08-26,3947,245.863290525533,9934,1225.14420012197,"logrmse"
2019-08-26,1243,248.465782324733,5436,741.496807207451,"logrmse"
2019-08-26,454,249.225163252828,1703,215.684043612039,"logrmse"
2019-08-26,228,249.442679209418,774,139.495107686306,"logrmse"
2019-08-26,180,249.488877288694,1184,168.326540801581,"logrmse"
2019-08-26,274,249.398406050112,2303,366.416304065369,"logrmse"
2019-08-26,174,249.494652048604,1587,230.223548877272,"logrmse"
2019-08-26,117,249.549512267743,1167,190.86067087084,"logrmse"
2019-08-26,97,249.568761467442,3173,423.785795755767,"logrmse"
2019-08-26,275,249.397443590127,4038,501.723783852488,"logrmse"
2019-08-26,162,249.506201568422,1304,172.863035231945,"logrmse"
2019-08-26,225,249.445566589373,934,155.692575790007,"logrmse"
2019-08-26,2292,247.456161800561,20105,2227.59283851355,"logrmse"
2019-08-26,471,249.208801433085,5104,728.024693122747,"logrmse"
2019-08-26,150,249.517751088241,1588,203.227843275421,"logrmse"
2019-08-26,655,249.031708795861,4218,477.415072188465,"logrmse"
2019-08-26,169,249.499464348528,2450,308.715430096836,"logrmse"
2019-08-26,691,248.997060236404,3399,394.87763907519,"logrmse"
2019-08-26,463,249.216501112964,3397,446.733702024921,"logrmse"
2019-08-26,184,249.485027448754,2659,353.447110303631,"logrmse"
2019-08-26,875,248.819967599181,3756,428.226028180078,"logrmse"
2019-08-26,2287,247.460974100486,9220,1148.68928475602,"logrmse"
2019-08-26,1920,247.814196914948,9597,1099.17296098199,"logrmse"
2019-08-26,683,249.004759916284,169,40.0997337635199,"logrmse"
2019-08-26,58,249.606297406853,1307,190.116519425539,"logrmse"
2019-08-26,172,249.496576968573,768,130.071068037477,"logrmse"
2019-08-26,105,249.561061787562,1241,155.182622388599,"logrmse"
2019-08-26,240,249.431129689599,1006,146.914213754301,"logrmse"
2019-08-26,1164,248.541816663541,7268,840.975801892223,"logrmse"
2019-08-26,581,249.102930834745,4020,508.087349360675,"logrmse"
2019-08-26,164,249.504276648453,3509,466.477321003229,"logrmse"
2019-08-26,215,249.455191189222,1078,154.084041414003,"logrmse"
2019-08-26,368,249.307934811531,1320,186.688389859349,"logrmse"
2019-08-26,207,249.462890869101,2312,308.416461787634,"logrmse"
2019-08-26,384,249.292535451772,4292,533.194560517175,"logrmse"
2019-08-26,277,249.395518670158,4669,567.399728690212,"logrmse"
2019-08-26,1006,248.693885341157,7293,881.449686764235,"logrmse"
2019-08-26,121,249.545662427804,1532,227.367382240535,"logrmse"
2019-08-26,433,249.245374912511,6916,939.438898038316,"logrmse"
2019-08-26,168,249.500426808513,2580,324.174034931441,"logrmse"
2019-08-26,121,249.545662427804,1342,184.872606294666,"logrmse"
2019-08-26,184,249.485027448754,1810,298.384934230529,"logrmse"
2019-08-26,177,249.491764668649,2805,417.628975721798,"logrmse"
2019-08-26,313,249.360870110701,1804,217.168607045125,"logrmse"
2019-08-26,190,249.479252688845,1906,224.744991025204,"logrmse"
2019-08-26,370,249.306009891561,6107,754.656110355286,"logrmse"
2019-08-26,259,249.412842949886,610,86.5737978764516,"logrmse"
2019-08-26,227,249.443641669403,1458,188.442906754944,"logrmse"
2019-08-26,97,249.568761467442,1286,163.194534433131,"logrmse"
2019-08-26,106,249.560099327577,1456,173.919650143867,"logrmse"
2019-08-26,393,249.283873311908,2132,257.154971664938,"logrmse"
2019-08-26,84,249.581273447246,1059,148.460217828382,"logrmse"
2019-08-26,224,249.446529049358,1363,176.92970467238,"logrmse"
2019-08-26,150,249.517751088241,1353,164.108655609644,"logrmse"
2019-08-26,2095,247.645766417589,8731,1090.63854807859,"logrmse"
2019-08-26,707,248.981660876646,1942,273.342483768904,"logrmse"
2019-08-26,436,249.242487532557,4279,559.901350271235,"logrmse"
2019-08-26,384,249.292535451772,2974,361.57562662056,"logrmse"
2019-08-26,175,249.493689588619,3582,495.954094118689,"logrmse"
2019-08-26,78,249.587048207155,900,132.566810482201,"logrmse"
2019-08-26,357,249.318521871365,3116,340.710640274599,"logrmse"
2019-08-26,222,249.448453969328,1638,255.255721139621,"logrmse"
2019-08-26,539,249.143354154111,1568,212.295563998614,"logrmse"
2019-08-26,161,249.507164028407,2708,320.017477963118,"logrmse"
2019-08-26,231,249.439791829464,3553,444.722169826318,"logrmse"
2019-08-26,233,249.437866909494,1841,280.688210198965,"logrmse"
2019-08-26,79,249.58608574717,925,112.043132523407,"logrmse"
2019-08-26,839,248.854616158638,4705,609.130347415337,"logrmse"
2019-08-26,586,249.09811853482,2233,283.926343958469,"logrmse"
2019-08-26,574,249.109668054639,2038,267.212644153182,"logrmse"
2019-08-26,202,249.467703169026,568,101.063205906566,"logrmse"
2019-08-26,198,249.471553008966,2268,269.183337745418,"logrmse"
2019-08-26,157,249.511013868347,1303,171.812253846049,"logrmse"
2019-08-26,152,249.515826168272,608,86.3148371121309,"logrmse"
2019-08-26,148,249.519676008211,1085,140.12690182192,"logrmse"
2019-08-26,207,249.462890869101,1639,210.069316168374,"logrmse"
2019-08-26,184,249.485027448754,1108,156.073896658509,"logrmse"
2019-08-26,173,249.495614508588,1575,202.043118086209,"logrmse"
2019-08-26,163,249.505239108438,1066,148.82207082001,"logrmse"
2019-08-26,142,249.525450768121,1981,248.025664313236,"logrmse"
2019-08-26,257,249.414767869856,982,127.142362668481,"logrmse"
2019-08-26,244,249.42727984966,4443,579.371658378814,"logrmse"
2019-08-26,170,249.498501888543,1262,165.913063331685,"logrmse"
2019-08-26,259,249.412842949886,2362,279.157293376953,"logrmse"
2019-08-26,397,249.280023471968,2032,268.409450677635,"logrmse"
2019-08-26,207,249.462890869101,2445,319.680172199291,"logrmse"
2019-08-26,219,249.451341349283,972,110.721603855428,"logrmse"
2019-08-26,469,249.210726353055,4064,494.687547445844,"logrmse"
2019-08-26,344,249.331033851169,1100,132.363007147818,"logrmse"
2019-08-26,530,249.152016293975,2035,307.264089433135,"logrmse"
2019-08-26,743,248.947012317189,4069,557.64468720304,"logrmse"
2019-08-26,436,249.242487532557,2211,385.320291318947,"logrmse"
2019-08-26,211,249.459041029162,1272,231.807667650334,"logrmse"
2019-08-26,2086,247.654428557453,3892,482.51988100685,"logrmse"
2019-08-26,68,249.596672807004,3141,382.879379136162,"logrmse"
2019-08-26,131,249.536037827955,1263,161.010522661759,"logrmse"
2019-08-26,346,249.329108931199,1291,158.999204650943,"logrmse"
2019-08-26,52,249.612072166763,836,142.225655290162,"logrmse"
2019-08-26,719,248.970111356827,1659,253.522022305908,"logrmse"
2019-08-26,288,249.384931610324,3039,409.475160081891,"logrmse"
2019-08-26,431,249.247299832481,2683,330.775239817313,"logrmse"
2019-08-26,197,249.472515468951,1946,269.494527879896,"logrmse"
2019-08-26,225,249.445566589373,1750,273.967732354241,"logrmse"
2019-08-26,260,249.411880489901,2101,266.040448401428,"logrmse"
2019-08-26,724,248.965299056902,4960,550.772003622342,"logrmse"
2019-08-26,438,249.240562612587,2490,291.968243551783,"logrmse"
2019-08-26,887,248.808418079362,6880,769.198050385862,"logrmse"
2019-08-26,448,249.230938012738,2751,311.809113422079,"logrmse"
2019-08-26,723,248.966261516887,2729,327.810613369372,"logrmse"
2019-08-26,108,249.558174407608,1075,136.220653987157,"logrmse"
2019-08-26,233,249.437866909494,1826,361.183641469353,"logrmse"
2019-08-26,244,249.42727984966,1615,212.483369930704,"logrmse"
2019-08-26,124,249.542775047849,1597,180.652386784695,"logrmse"
2019-08-26,88,249.577423607306,325,68.024708335636,"logrmse"
2019-08-26,1101,248.602451642591,3212,463.966759904974,"logrmse"
2019-08-26,417,249.26077427227,3837,436.347670711707,"logrmse"
2019-08-26,403,249.274248712059,2091,239.955781447651,"logrmse"
2019-08-26,569,249.114480354564,1508,179.414180641584,"logrmse"
2019-08-26,213,249.457116109192,2970,346.818546691684,"logrmse"
2019-08-26,222,249.448453969328,2133,250.455661360957,"logrmse"
2019-08-26,356,249.31948433135,1197,223.968965442124,"logrmse"
2019-08-26,340,249.334883691108,2149,282.888264947025,"logrmse"
2019-08-26,353,249.322371711304,2074,250.260319090155,"logrmse"
2019-08-26,179,249.489839748679,4479,610.341759617599,"logrmse"
2019-08-26,2884,246.886385489494,6530,724.264353868528,"logrmse"
2019-08-26,2042,247.696776796789,9531,1101.00959643592,"logrmse"
2019-08-26,470,249.20976389307,9080,1075.15913555641,"logrmse"
2019-08-26,1514,248.204955668822,19773,2210.81337820204,"logrmse"
2019-08-26,140,249.52737568809,1931,273.794618966108,"logrmse"
2019-08-26,580,249.10389329473,1813,251.599746469006,"logrmse"
2019-08-26,2006,247.731425356246,9202,1123.13746733294,"logrmse"
2019-08-26,107,249.559136867593,2014,273.743002627524,"logrmse"
2019-08-26,735,248.954711997068,3184,535.588004969569,"logrmse"
2019-08-26,330,249.344508290957,3837,478.027271397035,"logrmse"
2019-08-26,203,249.466740709041,2396,291.44219334773,"logrmse"
2019-08-26,323,249.351245510852,1355,174.46573274336,"logrmse"
2019-08-26,277,249.395518670158,2964,332.595987174509,"logrmse"
2019-08-26,0,249.662120085978,8448,1187.98500026587,"logrmse"
2019-08-26,1025,248.675598601444,5430,775.551288377874,"logrmse"
2019-08-26,43,249.620734306627,1416,217.364994784798,"logrmse"
2019-08-26,487,249.193402073326,7170,788.081511487475,"logrmse"
2019-08-26,4058,245.756457467208,7381,825.099395991812,"logrmse"
2019-08-26,327,249.347395670912,1953,253.695254813185,"logrmse"
2019-08-26,293,249.380119310399,1972,267.543666041131,"logrmse"
2019-08-26,447,249.231900472723,3054,402.588263113557,"logrmse"
2019-08-26,1443,248.273290327751,7585,858.712952663889,"logrmse"
2019-08-26,1275,248.434983605216,9997,1092.13656414399,"logrmse"
2019-08-26,143,249.524488308136,6221,775.627296915637,"logrmse"
2019-08-26,2571,247.187635464771,3516,447.288201235469,"logrmse"
2019-08-26,837,248.856541078607,6419,709.848999012053,"logrmse"
2019-08-26,689,248.998985156374,5193,640.933133146873,"logrmse"
2019-08-26,333,249.341620911003,3293,414.343832239905,"logrmse"
2019-08-26,317,249.357020270761,1542,205.362638844701,"logrmse"
2019-08-26,68,249.596672807004,2227,358.466047985535,"logrmse"
2019-08-26,200,249.469628088996,8763,1041.53562554164,"logrmse"
2019-08-26,433,249.245374912511,5624,673.867429271965,"logrmse"
2019-08-26,135,249.532187988015,1134,140.369737213998,"logrmse"
2019-08-26,367,249.308897271516,787,119.716176438808,"logrmse"
2019-08-26,241,249.430167229614,2540,326.68899940064,"logrmse"
2019-08-26,1169,248.537004363617,5399,621.165126105502,"logrmse"
2019-08-26,997,248.702547481022,4845,566.737020845217,"logrmse"
2019-08-26,450,249.229013092768,1586,239.736885650434,"logrmse"
2019-08-26,655,249.031708795861,4833,712.42345804292,"logrmse"
2019-08-26,163,249.505239108438,597,89.8064235699022,"logrmse"
2019-08-26,67,249.597635266989,2955,346.99296729042,"logrmse"
2019-08-26,182,249.486952368724,665,76.536986006477,"logrmse"
2019-08-26,188,249.481177608815,5683,678.08255820942,"logrmse"
2019-08-26,477,249.203026673175,2651,318.169057381692,"logrmse"
2019-08-26,1143,248.562028323224,5721,649.705992083809,"logrmse"
2019-08-26,508,249.173190413643,2062,269.135138428037,"logrmse"
2019-08-26,323,249.351245510852,5868,709.450885594547,"logrmse"
2019-08-26,995,248.704472400991,6253,763.152578738556,"logrmse"
2019-08-26,2321,247.428250460999,7158,806.279300022086,"logrmse"
2019-08-26,194,249.475402848905,2739,414.070273004968,"logrmse"
2019-08-26,293,249.380119310399,2403,284.223157731409,"logrmse"
2019-08-26,1017,248.683298281323,1708,231.375597131488,"logrmse"
2019-08-26,336,249.338733531048,5222,551.428722203844,"logrmse"
2019-08-26,519,249.162603353809,4074,452.834581489526,"logrmse"
2019-08-26,512,249.169340573703,2320,295.312647219258,"logrmse"
2019-08-26,379,249.297347751697,4888,573.903624166775,"logrmse"
2019-08-26,165,249.503314188468,1963,302.405072270241,"logrmse"
2019-08-26,230,249.440754289448,5269,604.341742995757,"logrmse"
2019-08-26,358,249.31755941138,433,104.562237820394,"logrmse"
2019-08-26,186,249.483102528785,689,75.0668450739799,"logrmse"
2019-08-26,232,249.438829369479,2736,389.194951307655,"logrmse"
2019-08-26,630,249.055770295484,1682,241.109044303774,"logrmse"
2019-08-26,193,249.47636530889,1939,335.746762930371,"logrmse"
2019-08-26,257,249.414767869856,1886,281.479808681645,"logrmse"
2019-08-26,122,249.544699967819,1165,177.772661025388,"logrmse"
2019-08-26,253,249.418617709796,1612,227.698362079039,"logrmse"
2019-08-26,394,249.282910851923,2851,341.420132846768,"logrmse"
2019-08-26,882,248.813230379286,1629,213.737060152784,"logrmse"
2019-08-26,368,249.307934811531,2371,346.869318280547,"logrmse"
2019-08-26,134,249.533150448,1570,207.621138725009,"logrmse"
2019-08-26,405,249.272323792089,2474,282.190206475041,"logrmse"
2019-08-26,443,249.235750312662,2754,358.280336919596,"logrmse"
2019-08-26,251,249.420542629765,3258,388.39702830709,"logrmse"
2019-08-26,108,249.558174407608,856,206.581429693999,"logrmse"
2019-08-26,257,249.414767869856,4510,570.441038485023,"logrmse"
2019-08-26,117,249.549512267743,4050,532.858853945736,"logrmse"
2019-08-26,190,249.479252688845,2906,325.656317556173,"logrmse"
2019-08-26,206,249.463853329086,946,122.850473781229,"logrmse"
2019-08-26,110,249.556249487638,2555,312.964585779803,"logrmse"
2019-08-26,60,249.604372486883,757,87.9502557196402,"logrmse"
2019-08-26,192,249.477327768875,886,115.465631644775,"logrmse"
2019-08-26,397,249.280023471968,1714,236.738353672795,"logrmse"
2019-08-26,1119,248.585127362862,2697,392.917404929973,"logrmse"
2019-08-26,312,249.361832570686,1405,200.154085266337,"logrmse"
2019-08-26,267,249.405143270007,2243,298.948524936881,"logrmse"
2019-08-26,280,249.392631290203,2089,286.414578756394,"logrmse"
2019-08-26,622,249.063469975363,2153,292.801677671405,"logrmse"
2019-08-26,1168,248.537966823602,5305,590.449715511638,"logrmse"
2019-08-26,542,249.140466774156,2956,424.662933812803,"logrmse"
2019-08-26,659,249.027858955922,3874,479.189781274575,"logrmse"
2019-08-26,123,249.543737507834,909,120.171229965125,"logrmse"
2019-08-26,122,249.544699967819,885,115.424749313545,"logrmse"
2019-08-26,142,249.525450768121,962,122.684241180917,"logrmse"
2019-08-26,132,249.53507536797,542,73.8591782988145,"logrmse"
2019-08-26,207,249.462890869101,1875,255.120812848742,"logrmse"
2019-08-26,166,249.502351728483,1499,216.092252782565,"logrmse"
2019-08-26,236,249.434979529539,1632,192.746345665137,"logrmse"
2019-08-26,323,249.351245510852,2191,284.097430350647,"logrmse"
2019-08-26,1002,248.697735181097,3828,496.986264727276,"logrmse"
2019-08-26,327,249.347395670912,1910,244.749638105237,"logrmse"
2019-08-26,323,249.351245510852,2342,373.470836659396,"logrmse"
2019-08-26,82,249.583198367215,757,96.6820525327318,"logrmse"
2019-08-26,210,249.460003489147,1147,231.079034042512,"logrmse"
2019-08-26,561,249.122180034443,6609,892.304694859785,"logrmse"
2019-08-26,724,248.965299056902,3202,428.272930474627,"logrmse"
2019-08-26,676,249.011497136178,6296,845.209314869068,"logrmse"
2019-08-26,389,249.287723151848,2494,326.048146911053,"logrmse"
2019-08-26,225,249.445566589373,3609,432.083137647266,"logrmse"
2019-08-26,412,249.265586572195,1428,183.157555617611,"logrmse"
2019-08-26,259,249.412842949886,2010,258.824891766471,"logrmse"
2019-08-26,545,249.137579394201,2042,252.84894337952,"logrmse"
2019-08-26,202,249.467703169026,1445,176.99264115165,"logrmse"
2019-08-26,79,249.58608574717,680,104.221700499814,"logrmse"
2019-08-26,124,249.542775047849,792,118.475035074422,"logrmse"
2019-08-26,158,249.510051408362,1968,231.202283321685,"logrmse"
2019-08-26,145,249.522563388166,654,100.769293105261,"logrmse"
2019-08-26,51,249.613034626748,736,112.18101835933,"logrmse"
2019-08-26,343,249.331996311154,2967,437.302464413309,"logrmse"
2019-08-26,497,249.183777473477,1710,222.419457661246,"logrmse"
2019-08-26,83,249.58223590723,1699,218.997747775901,"logrmse"
2019-08-26,155,249.512938788317,583,73.3518304155603,"logrmse"
2019-08-26,236,249.434979529539,1428,194.274173728522,"logrmse"
2019-08-26,188,249.481177608815,2096,237.822499301506,"logrmse"
2019-08-26,145,249.522563388166,641,89.7925089146272,"logrmse"
2019-08-26,114,249.552399647698,848,102.995226927675,"logrmse"
2019-08-26,53,249.611109706778,418,59.3421090660151,"logrmse"
2019-08-26,105,249.561061787562,517,71.2242808188848,"logrmse"
2019-08-26,100,249.565874087487,684,86.9300206521166,"logrmse"
2019-08-26,372,249.304084971591,1762,233.013573819495,"logrmse"
2019-08-26,562,249.121217574458,2603,333.493254971941,"logrmse"
2019-08-26,173,249.495614508588,1065,136.459002847654,"logrmse"
2019-08-26,579,249.104855754714,2508,320.542836071869,"logrmse"
2019-08-26,276,249.396481130143,1385,170.595842900823,"logrmse"
2019-08-26,602,249.082719175061,1834,229.440896071742,"logrmse"
2019-08-26,349,249.326221551244,1795,208.838000880282,"logrmse"
2019-08-26,173,249.495614508588,1117,146.992272275642,"logrmse"
2019-08-26,196,249.473477928935,915,124.195348024739,"logrmse"
2019-08-26,172,249.496576968573,850,102.97115079629,"logrmse"
2019-08-26,225,249.445566589373,958,118.092480048741,"logrmse"
2019-08-26,236,249.434979529539,1059,134.605859238371,"logrmse"
2019-08-26,76,249.588973127125,1361,177.945149852819,"logrmse"
2019-08-26,92,249.573573767366,759,93.4383223386543,"logrmse"
2019-08-26,196,249.473477928935,953,120.957863646676,"logrmse"
2019-08-26,49,249.614959546717,738,100.377345024818,"logrmse"
2019-08-26,134,249.533150448,1026,120.492804045016,"logrmse"
2019-08-26,86,249.579348527276,698,87.9427006547508,"logrmse"
2019-08-26,54,249.610147246793,741,92.7537280847042,"logrmse"
2019-08-26,84,249.581273447246,482,60.0151772634932,"logrmse"
2019-08-26,174,249.494652048604,1148,134.428101353917,"logrmse"
2019-08-26,161,249.507164028407,1069,130.809449141736,"logrmse"
2019-08-26,165,249.503314188468,1096,148.228388629838,"logrmse"
2019-08-26,188,249.481177608815,1590,211.727268823842,"logrmse"
2019-08-26,406,249.271361332104,2275,336.109920002773,"logrmse"
2019-08-26,282,249.390706370233,3775,445.764855484457,"logrmse"
2019-08-26,223,249.447491509343,1953,239.394858727191,"logrmse"
2019-08-26,273,249.399368510097,3296,408.549450234056,"logrmse"
2019-08-26,398,249.279061011983,1810,273.995880503634,"logrmse"
2019-08-26,178,249.490802208664,3059,354.955681748124,"logrmse"
2019-08-26,149,249.518713548226,815,90.9264772311809,"logrmse"
2019-08-26,836,248.857503538592,6199,692.917305892487,"logrmse"
2019-08-26,220,249.450378889298,1256,157.95818942301,"logrmse"
2019-08-26,187,249.4821400688,475,112.893022921726,"logrmse"
2019-08-26,233,249.437866909494,1565,191.431678052024,"logrmse"
2019-08-26,539,249.143354154111,4264,568.908713730386,"logrmse"
2019-08-26,103,249.562986707532,646,80.6123513917757,"logrmse"
2019-08-26,210,249.460003489147,3862,428.313350271869,"logrmse"
2019-08-26,628,249.057695215454,3796,466.588277884451,"logrmse"
2019-08-26,721,248.968186436857,3755,488.755175728585,"logrmse"
2019-08-26,276,249.396481130143,1162,149.915940067481,"logrmse"
2019-08-26,307,249.36664487061,1870,243.226023921362,"logrmse"
2019-08-26,1137,248.567803083134,5299,629.726742628869,"logrmse"
2019-08-26,215,249.455191189222,3298,397.568999348379,"logrmse"
2019-08-26,321,249.353170430822,2332,283.026742559325,"logrmse"
2019-08-26,348,249.327184011229,1014,129.961598903819,"logrmse"
2019-08-26,284,249.388781450263,2465,270.346479371903,"logrmse"
2019-08-26,262,249.409955569931,1177,146.313256895812,"logrmse"
2019-08-26,215,249.455191189222,2351,294.162808791855,"logrmse"
2019-08-26,246,249.42535492969,1343,174.532558292763,"logrmse"
2019-08-26,339,249.335846151093,1250,159.285186148348,"logrmse"
2019-08-26,551,249.131804634292,1334,177.357272026774,"logrmse"
2019-08-26,327,249.347395670912,1853,252.797599645925,"logrmse"
2019-08-26,515,249.166453193749,1010,146.469084704978,"logrmse"
2019-08-26,98,249.567799007457,1917,242.91494445034,"logrmse"
2019-08-26,949,248.748745560297,2918,401.131738315824,"logrmse"
2019-08-26,175,249.493689588619,4265,492.578252357556,"logrmse"
2019-08-26,305,249.36856979058,2440,365.32166689954,"logrmse"
2019-08-26,188,249.481177608815,2087,274.352629624385,"logrmse"
2019-08-26,228,249.442679209418,2059,250.403360440185,"logrmse"
2019-08-26,238,249.433054609569,1990,267.750090319144,"logrmse"
2019-08-26,108,249.558174407608,1030,130.40441526961,"logrmse"
2019-08-26,1306,248.405147345684,3663,446.317952592909,"logrmse"
2019-08-26,1092,248.611113782455,3458,473.94564622102,"logrmse"
2019-08-26,92,249.573573767366,729,88.0961483184721,"logrmse"
2019-08-26,31,249.632283826446,481,65.1096310855908,"logrmse"
2019-08-26,130,249.53700028794,2886,353.159013881746,"logrmse"
2019-08-26,807,248.885414878155,1678,278.73058518587,"logrmse"
2019-08-26,1022,248.678485981399,9607,1040.78038029424,"logrmse"
2019-08-26,65,249.599560186959,301,47.510835104816,"logrmse"
2019-08-26,235,249.435941989524,3352,398.60023326716,"logrmse"
2019-08-26,119,249.547587347774,863,113.632117820564,"logrmse"
2019-08-26,80,249.585123287185,1454,179.506880202164,"logrmse"
2019-08-26,210,249.460003489147,1551,264.06206197431,"logrmse"
2019-08-26,145,249.522563388166,689,94.5567778290616,"logrmse"
2019-08-26,153,249.514863708287,1647,197.328662371852,"logrmse"
2019-08-26,280,249.392631290203,3222,393.313802678732,"logrmse"
2019-08-26,88,249.577423607306,1575,197.617541496384,"logrmse"
2019-08-26,140,249.52737568809,1474,186.060480383295,"logrmse"
2019-08-26,194,249.475402848905,826,111.985754465684,"logrmse"
2019-08-26,711,248.977811036706,1522,192.794124794495,"logrmse"
2019-08-26,300,249.373382090505,3393,418.999014930321,"logrmse"
2019-08-26,551,249.131804634292,4381,510.293579959675,"logrmse"
2019-08-26,384,249.292535451772,2576,331.922469268777,"logrmse"
2019-08-26,130,249.53700028794,792,122.618491122692,"logrmse"
2019-08-26,871,248.82381743912,2862,356.058629025272,"logrmse"
2019-08-26,639,249.04710815562,2089,285.362641490803,"logrmse"
2019-08-26,143,249.524488308136,1744,242.486758038449,"logrmse"
2019-08-27,146,257.947421840577,1598,215.154376826914,"logrmse"
2019-08-27,0,258.089537341783,3484,530.12878301787,"logrmse"
2019-08-27,301,257.796545794775,1517,200.088077361725,"logrmse"
2019-08-27,296,257.801412763994,1976,260.453401995849,"logrmse"
2019-08-27,231,257.864683363847,1654,200.575131043296,"logrmse"
2019-08-27,162,257.931847539074,1339,154.925364871871,"logrmse"
2019-08-27,109,257.9834374128,969,129.637745023424,"logrmse"
2019-08-27,253,257.843268699281,2163,279.2841820972,"logrmse"
2019-08-27,139,257.954235597484,998,127.276484785467,"logrmse"
2019-08-27,212,257.88317784688,832,112.465894022457,"logrmse"
2019-08-27,188,257.906539299134,1058,140.0637485784,"logrmse"
2019-08-27,126,257.966889717454,1592,202.010727722816,"logrmse"
2019-08-27,143,257.950342022108,822,106.905260525623,"logrmse"
2019-08-27,76,258.015559409648,1015,141.490165903833,"logrmse"
2019-08-27,225,257.87052372691,1344,195.862105514423,"logrmse"
2019-08-27,209,257.886098028412,1260,184.136259694785,"logrmse"
2019-08-27,439,257.66221744432,4819,595.516134615032,"logrmse"
2019-08-27,118,257.974676868205,3919,554.007670969627,"logrmse"
2019-08-27,1051,257.066500411865,8296,1032.69026474497,"logrmse"
2019-08-27,279,257.81796045934,3935,525.461730052288,"logrmse"
2019-08-27,924,257.190121430038,3114,446.756275088928,"logrmse"
2019-08-27,169,257.925033782167,1116,146.648586414958,"logrmse"
2019-08-27,398,257.702126591919,3608,491.146467362993,"logrmse"
2019-08-27,212,257.88317784688,1537,216.872524974339,"logrmse"
2019-08-27,736,257.373119472687,6195,745.698066564883,"logrmse"
2019-08-27,181,257.913353056041,3080,412.96791867707,"logrmse"
2019-08-27,115,257.977597049737,2225,304.539001783769,"logrmse"
2019-08-27,131,257.962022748235,1182,139.565466636872,"logrmse"
2019-08-27,182,257.912379662197,883,120.165764474788,"logrmse"
2019-08-27,158,257.93574111445,734,111.030623909999,"logrmse"
2019-08-27,277,257.819907247028,1552,206.214273777592,"logrmse"
2019-08-27,238,257.85786960694,1151,140.993255364093,"logrmse"
2019-08-27,213,257.882204453037,1270,165.064839843917,"logrmse"
2019-08-27,176,257.91822002526,1851,228.021287211215,"logrmse"
2019-08-27,446,257.655403687412,2242,273.979591327105,"logrmse"
2019-08-27,95,257.997064926614,888,117.809043116066,"logrmse"
2019-08-27,164,257.929900751387,501,113.841131871188,"logrmse"
2019-08-27,674,257.433469891008,3950,525.605499455859,"logrmse"
2019-08-27,115,257.977597049737,2160,320.523692974559,"logrmse"
2019-08-27,889,257.224190214573,4181,537.554299126816,"logrmse"
2019-08-27,188,257.906539299134,521,68.3148483932342,"logrmse"
2019-08-27,1784,256.353002724301,12215,1528.64105415667,"logrmse"
2019-08-27,179,257.915299843728,1108,160.611492865278,"logrmse"
2019-08-27,178,257.916273237572,1550,210.960037342566,"logrmse"
2019-08-27,143,257.950342022108,490,71.2257693314809,"logrmse"
2019-08-27,55,258.03600068037,717,96.4384004946747,"logrmse"
2019-08-27,78,258.01361262196,856,108.930528550692,"logrmse"
2019-08-27,137,257.956182385171,1011,154.508846380925,"logrmse"
2019-08-27,283,257.814066883965,2703,336.636847278989,"logrmse"
2019-08-27,297,257.800439370151,3548,411.780657309289,"logrmse"
2019-08-27,1104,257.014910538139,3259,369.516394788028,"logrmse"
2019-08-27,468,257.633989022847,3508,411.250347741594,"logrmse"
2019-08-27,572,257.532756063084,3681,498.251576663984,"logrmse"
2019-08-27,81,258.010692440429,1247,165.915246331481,"logrmse"
2019-08-27,96,257.99609153277,342,58.1511516752178,"logrmse"
2019-08-27,94,257.998038320458,516,80.9871318289452,"logrmse"
2019-08-27,89,258.002905289678,364,69.0467580156144,"logrmse"
2019-08-27,278,257.818933853184,1538,205.063016100558,"logrmse"
2019-08-27,325,257.773184342522,1722,225.661031007698,"logrmse"
2019-08-27,183,257.911406268353,2076,258.989444729065,"logrmse"
2019-08-27,80,258.011665834273,1619,197.607450531186,"logrmse"
2019-08-27,87,258.004852077365,999,126.564358620703,"logrmse"
2019-08-27,211,257.884151240724,889,107.726962985601,"logrmse"
2019-08-27,191,257.903619117602,1108,133.061835881534,"logrmse"
2019-08-27,453,257.648589930505,3729,519.641452199612,"logrmse"
2019-08-27,390,257.70991374267,1588,240.948409890679,"logrmse"
2019-08-27,516,257.587266118341,3382,394.270133029571,"logrmse"
2019-08-27,25,258.065202495686,1456,187.637619875071,"logrmse"
2019-08-27,318,257.779998099429,2510,346.62791846207,"logrmse"
2019-08-27,245,257.851055850032,3427,462.747654546909,"logrmse"
2019-08-27,75,258.016532803492,3314,467.924336369886,"logrmse"
2019-08-27,544,257.560011090712,3719,452.714996494836,"logrmse"
2019-08-27,711,257.397454318784,1436,220.3290681173,"logrmse"
2019-08-27,331,257.767343979459,1636,250.488839984428,"logrmse"
2019-08-27,334,257.764423797927,3017,398.056090519261,"logrmse"
2019-08-27,158,257.93574111445,2579,334.104727584376,"logrmse"
2019-08-27,315,257.782918280961,2983,394.493876598461,"logrmse"
2019-08-27,184,257.910432874509,1974,282.20826596895,"logrmse"
2019-08-27,134,257.959102566703,1402,182.024384892999,"logrmse"
2019-08-27,154,257.939634689825,1537,190.27094057108,"logrmse"
2019-08-27,346,257.7527430718,1394,181.955335820765,"logrmse"
2019-08-27,126,257.966889717454,1157,137.484389833092,"logrmse"
2019-08-27,93,257.999011714302,794,101.580026458143,"logrmse"
2019-08-27,168,257.926007176011,782,101.913198889774,"logrmse"
2019-08-27,477,257.625228478252,1828,218.247220236275,"logrmse"
2019-08-27,134,257.959102566703,910,109.001012435425,"logrmse"
2019-08-27,104,257.988304382019,1617,208.507852807768,"logrmse"
2019-08-27,196,257.898752148382,1749,215.67884326462,"logrmse"
2019-08-27,67,258.024319954243,300,58.8933047058241,"logrmse"
2019-08-27,157,257.936714508294,976,135.287777519031,"logrmse"
2019-08-27,262,257.834508154686,903,129.250269769468,"logrmse"
2019-08-27,98,257.994144745083,1004,122.167095161099,"logrmse"
2019-08-27,55,258.03600068037,787,108.948844220578,"logrmse"
2019-08-27,79,258.012639228116,679,80.9599887008819,"logrmse"
2019-08-27,205,257.889991603788,1269,164.670094783804,"logrmse"
2019-08-27,90,258.001931895834,1705,213.29120046711,"logrmse"
2019-08-27,160,257.933794326762,900,118.145670412486,"logrmse"
2019-08-27,213,257.882204453037,953,126.284308919503,"logrmse"
2019-08-27,226,257.869550333066,2728,310.675869080599,"logrmse"
2019-08-27,146,257.947421840577,510,76.1825594174703,"logrmse"
2019-08-27,105,257.987330988176,970,120.821711953639,"logrmse"
2019-08-27,233,257.862736576159,1199,155.198533618733,"logrmse"
2019-08-27,76,258.015559409648,869,101.255576716285,"logrmse"
2019-08-27,191,257.903619117602,610,78.9070024586792,"logrmse"
2019-08-27,121,257.971756686674,668,86.8828999346012,"logrmse"
2019-08-27,77,258.014586015804,550,70.7843267228871,"logrmse"
2019-08-27,157,257.936714508294,366,51.5740631822946,"logrmse"
2019-08-27,111,257.981490625112,806,105.198397360484,"logrmse"
2019-08-27,97,257.995118138927,1016,124.600320683992,"logrmse"
2019-08-27,497,257.605760601375,526,84.4587126124072,"logrmse"
2019-08-27,76,258.015559409648,1181,138.503101340639,"logrmse"
2019-08-27,459,257.642749567442,2230,283.312564470444,"logrmse"
2019-08-27,395,257.70504677345,3446,418.804984915156,"logrmse"
2019-08-27,892,257.221270033042,3129,368.508660930594,"logrmse"
2019-08-27,588,257.517181761581,2614,314.553317497276,"logrmse"
2019-08-27,413,257.68752568426,4216,478.103234836933,"logrmse"
2019-08-27,746,257.363385534248,3048,350.404584655509,"logrmse"
2019-08-27,78,258.01361262196,742,109.92358658871,"logrmse"
2019-08-27,71,258.020426378868,801,98.1298089896258,"logrmse"
2019-08-27,128,257.964942929766,787,109.697211199044,"logrmse"
2019-08-27,96,257.99609153277,650,88.3095362085523,"logrmse"
2019-08-27,77,258.014586015804,584,77.6959676196054,"logrmse"
2019-08-27,107,257.985384200488,1052,123.143688886501,"logrmse"
2019-08-27,181,257.913353056041,857,110.898730564393,"logrmse"
2019-08-27,213,257.882204453037,642,77.7720338167254,"logrmse"
2019-08-27,69,258.022373166555,573,73.4974275999963,"logrmse"
2019-08-27,490,257.612574358282,1602,205.095366887406,"logrmse"
2019-08-27,288,257.809199914746,1534,202.954175764875,"logrmse"
2019-08-27,72,258.019452985024,2464,308.666591506812,"logrmse"
2019-08-27,32,258.058388738779,484,79.2426816943266,"logrmse"
2019-08-27,278,257.818933853184,3556,445.558326252621,"logrmse"
2019-08-27,267,257.829641185467,1734,234.237290904317,"logrmse"
2019-08-27,303,257.794599007087,2477,304.376373325255,"logrmse"
2019-08-27,320,257.778051311741,1046,151.14974773481,"logrmse"
2019-08-27,169,257.925033782167,967,131.926768338444,"logrmse"
2019-08-27,125,257.967863111298,1003,136.199748157651,"logrmse"
2019-08-27,154,257.939634689825,5477,678.82684731141,"logrmse"
2019-08-27,313,257.784865068649,1746,247.037591874391,"logrmse"
2019-08-27,1025,257.091808651806,4508,552.39189397126,"logrmse"
2019-08-27,165,257.928927357543,3715,479.619806872978,"logrmse"
2019-08-27,233,257.862736576159,2395,309.373114196821,"logrmse"
2019-08-27,298,257.799465976307,2118,290.943630873441,"logrmse"
2019-08-27,872,257.240737909919,7488,987.960651209545,"logrmse"
2019-08-27,405,257.695312835012,2152,306.683232252797,"logrmse"
2019-08-27,437,257.664164232007,7459,974.667540610712,"logrmse"
2019-08-27,96,257.99609153277,835,111.748530887793,"logrmse"
2019-08-27,125,257.967863111298,792,101.4953949417,"logrmse"
2019-08-27,152,257.941581477513,1755,232.749431290084,"logrmse"
2019-08-27,716,257.392587349565,4375,529.733651511583,"logrmse"
2019-08-27,357,257.742035739518,3581,403.791231779457,"logrmse"
2019-08-27,291,257.806279733214,1626,200.939416353314,"logrmse"
2019-08-27,126,257.966889717454,1547,210.34246430021,"logrmse"
2019-08-27,120,257.972730080517,1121,137.671856972552,"logrmse"
2019-08-27,91,258.00095850199,591,76.9552824926088,"logrmse"
2019-08-27,115,257.977597049737,1506,180.550235524692,"logrmse"
2019-08-27,155,257.938661295982,1194,155.451177599309,"logrmse"
2019-08-27,90,258.001931895834,916,152.557948597831,"logrmse"
2019-08-27,160,257.933794326762,1012,158.33663859981,"logrmse"
2019-08-27,156,257.937687902138,1778,227.944689322119,"logrmse"
2019-08-27,659,257.448070798666,5610,707.579581316407,"logrmse"
2019-08-27,92,257.999985108146,1912,321.561193160859,"logrmse"
2019-08-27,609,257.49674049086,5360,667.775483586473,"logrmse"
2019-08-27,281,257.816013671653,2383,283.735334090242,"logrmse"
2019-08-27,508,257.595053269092,3249,362.863516438018,"logrmse"
2019-08-27,165,257.928927357543,1239,150.148732010115,"logrmse"
2019-08-27,274,257.82282742856,1347,173.05249635692,"logrmse"
2019-08-27,275,257.821854034716,2327,285.793951626516,"logrmse"
2019-08-27,504,257.598946844467,8697,1118.04129770726,"logrmse"
2019-08-27,896,257.217376457666,4596,610.749251996967,"logrmse"
2019-08-27,304,257.793625613243,5302,747.722855298486,"logrmse"
2019-08-27,809,257.302061722084,4087,523.541164740828,"logrmse"
2019-08-27,497,257.605760601375,2823,369.483639793203,"logrmse"
2019-08-27,409,257.691419259636,5980,817.580133852808,"logrmse"
2019-08-27,99,257.993171351239,1717,289.359456830044,"logrmse"
2019-08-27,164,257.929900751387,1083,211.747415224648,"logrmse"
2019-08-27,0,258.089537341783,1425,243.266257069887,"logrmse"
2019-08-27,501,257.601867025999,1432,191.35566625092,"logrmse"
2019-08-27,509,257.594079875248,898,173.833903777398,"logrmse"
2019-08-27,508,257.595053269092,6668,965.279714450201,"logrmse"
2019-08-27,495,257.607707389062,1405,182.645956563792,"logrmse"
2019-08-27,167,257.926980569855,8720,1071.00764124349,"logrmse"
2019-08-27,331,257.767343979459,963,117.56442415494,"logrmse"
2019-08-27,194,257.90069893607,1428,190.516295801759,"logrmse"
2019-08-27,3441,254.740089124991,17056,2079.59503711335,"logrmse"
2019-08-27,427,257.673898170446,2554,360.891981719444,"logrmse"
2019-08-27,129,257.963969535922,1675,199.936235253801,"logrmse"
2019-08-27,196,257.898752148382,2249,259.072754601668,"logrmse"
2019-08-27,156,257.937687902138,1117,137.136071538902,"logrmse"
2019-08-27,279,257.81796045934,4755,586.227435178653,"logrmse"
2019-08-27,349,257.749822890269,1940,273.417618835911,"logrmse"
2019-08-27,665,257.442230435603,566,83.8604202032904,"logrmse"
2019-08-27,82,258.009719046585,1025,152.413736776624,"logrmse"
2019-08-27,602,257.503554247767,3887,612.085923761281,"logrmse"
2019-08-27,472,257.630095447472,1829,303.880547645075,"logrmse"
2019-08-27,205,257.889991603788,2717,381.615752942956,"logrmse"
2019-08-27,861,257.251445242202,7775,1018.54568528786,"logrmse"
2019-08-27,3842,254.349758193595,6146,778.848259033521,"logrmse"
2019-08-27,265,257.831587973155,1147,166.02158044648,"logrmse"
2019-08-27,237,257.858843000783,3423,385.373198404127,"logrmse"
2019-08-27,184,257.910432874509,1894,238.67700258706,"logrmse"
2019-08-27,203,257.891938391475,964,156.170791081637,"logrmse"
2019-08-27,284,257.813093490121,2935,397.421313444473,"logrmse"
2019-08-27,492,257.610627570594,3823,435.529337832128,"logrmse"
2019-08-27,413,257.68752568426,3179,350.110613903157,"logrmse"
2019-08-27,128,257.964942929766,957,117.226481908116,"logrmse"
2019-08-27,58,258.033080498838,806,110.090693300298,"logrmse"
2019-08-27,206,257.889018209944,1589,231.090129991727,"logrmse"
2019-08-27,380,257.719647681109,2501,372.416623206629,"logrmse"
2019-08-27,463,257.638855992066,1555,202.646675495431,"logrmse"
2019-08-27,302,257.795572400931,585,75.6481930666877,"logrmse"
2019-08-27,87,258.004852077365,1176,139.251291021797,"logrmse"
2019-08-27,1074,257.044112353456,4665,561.867411701517,"logrmse"
2019-08-27,189,257.90556590529,1960,227.098192826103,"logrmse"
2019-08-27,69,258.022373166555,535,75.3923906877276,"logrmse"
2019-08-27,90,258.001931895834,451,62.3060905206332,"logrmse"
2019-08-27,527,257.576558786058,4019,508.068848885518,"logrmse"
2019-08-27,494,257.608680782906,2923,366.005217359901,"logrmse"
2019-08-27,404,257.696286228855,9975,1105.30542495881,"logrmse"
2019-08-27,97,257.995118138927,1285,169.890730326501,"logrmse"
2019-08-27,237,257.858843000783,1341,172.958220790524,"logrmse"
2019-08-27,329,257.769290767146,1460,191.59450142431,"logrmse"
2019-08-27,163,257.930874145231,1162,203.111221893587,"logrmse"
2019-08-27,138,257.955208991328,1968,257.917272820134,"logrmse"
2019-08-27,59,258.032107104994,5145,746.880529177885,"logrmse"
2019-08-27,178,257.916273237572,2726,338.729081406549,"logrmse"
2019-08-27,108,257.984410806644,504,116.118392359526,"logrmse"
2019-08-27,936,257.178440703911,3658,407.196880534838,"logrmse"
2019-08-27,104,257.988304382019,1133,162.33103642701,"logrmse"
2019-08-27,70,258.021399772711,785,96.7379735402542,"logrmse"
2019-08-27,311,257.786811856336,2362,298.708207230393,"logrmse"
2019-08-27,859,257.25339202989,3583,443.319678545699,"logrmse"
2019-08-27,188,257.906539299134,1466,191.799780616126,"logrmse"
2019-08-27,382,257.717700893421,1779,219.491163879217,"logrmse"
2019-08-27,186,257.908486086821,8454,970.136159917784,"logrmse"
2019-08-27,84,258.007772258897,838,129.142149867315,"logrmse"
2019-08-27,109,257.9834374128,1592,233.562573843709,"logrmse"
2019-08-27,581,257.523995518489,4564,571.910075612099,"logrmse"
2019-08-27,188,257.906539299134,3097,438.568117493996,"logrmse"
2019-08-27,188,257.906539299134,1213,173.207445088119,"logrmse"
2019-08-27,147,257.946448446733,1203,176.623297966876,"logrmse"
2019-08-27,175,257.919193419104,1097,166.304927911252,"logrmse"
2019-08-27,367,257.732301801079,2191,316.932039061702,"logrmse"
2019-08-27,201,257.893885179163,599,72.450532789693,"logrmse"
2019-08-27,91,258.00095850199,873,111.877102279654,"logrmse"
2019-08-27,90,258.001931895834,1061,129.456704580929,"logrmse"
2019-08-27,1683,256.451315502533,4404,563.091959095167,"logrmse"
2019-08-27,312,257.785838462492,3766,493.237756329782,"logrmse"
2019-08-27,87,258.004852077365,1599,212.016534736657,"logrmse"
2019-08-27,303,257.794599007087,1785,260.990745142804,"logrmse"
2019-08-27,250,257.846188880813,1136,172.407841037923,"logrmse"
2019-08-27,131,257.962022748235,808,124.610713994142,"logrmse"
2019-08-27,66,258.025293348087,1064,130.338820816839,"logrmse"
2019-08-27,167,257.926980569855,829,104.591420669611,"logrmse"
2019-08-27,126,257.966889717454,2393,323.07731816172,"logrmse"
2019-08-27,190,257.904592511446,1589,207.968630293744,"logrmse"
2019-08-27,798,257.312769054367,3302,425.517718350183,"logrmse"
2019-08-27,883,257.230030577637,5177,571.312707420686,"logrmse"
2019-08-27,490,257.612574358282,5467,601.377353881178,"logrmse"
2019-08-27,188,257.906539299134,1298,177.006599310754,"logrmse"
2019-08-27,250,257.846188880813,1616,197.592674391103,"logrmse"
2019-08-27,291,257.806279733214,1740,229.513065525694,"logrmse"
2019-08-27,522,257.581425755278,1925,242.778694550259,"logrmse"
2019-08-27,266,257.830614579311,1743,261.303806306662,"logrmse"
2019-08-27,342,257.756636647176,3640,539.689634137802,"logrmse"
2019-08-27,491,257.611600964438,2139,274.124165544158,"logrmse"
2019-08-27,207,257.8880448161,1082,150.672495945198,"logrmse"
2019-08-27,327,257.771237554834,3218,372.306804679629,"logrmse"
2019-08-27,329,257.769290767146,1713,193.812445239136,"logrmse"
2019-08-27,388,257.711860530358,2610,308.513014161303,"logrmse"
2019-08-27,482,257.620361509033,873,109.022502411289,"logrmse"
2019-08-27,129,257.963969535922,1972,218.608228040539,"logrmse"
2019-08-27,143,257.950342022108,1981,217.541166492395,"logrmse"
2019-08-27,417,257.683632108885,1813,219.053267868043,"logrmse"
2019-08-27,227,257.868576939222,1593,214.5325935048,"logrmse"
2019-08-27,423,257.677791745822,2856,297.07537003929,"logrmse"
2019-08-27,744,257.365332321936,2473,260.63856188064,"logrmse"
2019-08-27,644,257.462671706324,2608,282.93181434832,"logrmse"
2019-08-27,288,257.809199914746,2087,306.805010117116,"logrmse"
2019-08-27,722,257.386746986501,2342,252.008019807856,"logrmse"
2019-08-27,0,258.089537341783,3283,465.73582561267,"logrmse"
2019-08-27,362,257.737168770298,1488,214.81297957834,"logrmse"
2019-08-27,210,257.885124634568,1723,236.311259437153,"logrmse"
2019-08-27,284,257.813093490121,2657,333.657294406963,"logrmse"
2019-08-27,719,257.389667168033,2072,259.918524049562,"logrmse"
2019-08-27,272,257.824774216248,1634,209.306903844931,"logrmse"
2019-08-27,135,257.958129172859,1114,143.48145073482,"logrmse"
2019-08-27,229,257.866630151534,1904,239.965172959348,"logrmse"
2019-08-27,330,257.768317373303,1848,256.085914656689,"logrmse"
2019-08-27,184,257.910432874509,3821,480.600024091933,"logrmse"
2019-08-27,245,257.851055850032,3429,388.42799950287,"logrmse"
2019-08-27,561,257.543463395366,3054,427.645934329884,"logrmse"
2019-08-27,442,257.659297262788,2242,327.449844537343,"logrmse"
2019-08-27,372,257.72743483186,6950,863.450048269318,"logrmse"
2019-08-27,258,257.838401730062,2356,364.49455802055,"logrmse"
2019-08-27,232,257.863709970003,2913,334.568242612124,"logrmse"
2019-08-27,226,257.869550333066,1757,229.740193851312,"logrmse"
2019-08-27,227,257.868576939222,512,83.3842882108133,"logrmse"
2019-08-27,251,257.845215486969,777,104.317627516202,"logrmse"
2019-08-27,135,257.958129172859,1445,202.660396105894,"logrmse"
2019-08-27,503,257.599920238311,4260,553.081114248723,"logrmse"
2019-08-27,236,257.859816394627,2871,419.527803679402,"logrmse"
2019-08-27,545,257.559037696868,1732,216.592985148893,"logrmse"
2019-08-27,463,257.638855992066,6908,941.056089222064,"logrmse"
2019-08-27,176,257.91822002526,3486,497.208966517278,"logrmse"
2019-08-27,394,257.706020167294,1448,243.134702774522,"logrmse"
2019-08-27,288,257.809199914746,3209,470.338812936641,"logrmse"
2019-08-27,303,257.794599007087,2250,302.280900494895,"logrmse"
2019-08-27,60,258.03113371115,593,85.3137630519966,"logrmse"
2019-08-27,387,257.712833924201,3963,539.803901840942,"logrmse"
2019-08-27,710,257.398427712628,2317,291.487045965793,"logrmse"
2019-08-27,909,257.204722337696,4793,630.207653995577,"logrmse"
2019-08-27,451,257.650536718193,2048,333.138119330723,"logrmse"
2019-08-27,374,257.725488044172,2342,302.52969074688,"logrmse"
2019-08-27,907,257.206669125384,2603,367.683858376419,"logrmse"
2019-08-27,238,257.85786960694,2134,281.666581749532,"logrmse"
2019-08-27,475,257.62717526594,5568,686.99574206459,"logrmse"
2019-08-27,929,257.185254460818,1205,164.891046932427,"logrmse"
2019-08-27,302,257.795572400931,1084,145.343119298492,"logrmse"
2019-08-27,717,257.391613955721,5231,625.272035998725,"logrmse"
2019-08-27,373,257.726461438016,2236,271.837369914507,"logrmse"
2019-08-27,460,257.641776173598,990,201.866973269334,"logrmse"
2019-08-27,25,258.065202495686,2099,321.70100076631,"logrmse"
2019-08-27,223,257.872470514598,1885,209.399794587734,"logrmse"
2019-08-27,266,257.830614579311,878,148.329597324911,"logrmse"
2019-08-27,189,257.90556590529,827,115.646110195914,"logrmse"
2019-08-27,344,257.754689859488,1010,130.495312841066,"logrmse"
2019-08-27,124,257.968836505142,1341,161.84279614543,"logrmse"
2019-08-27,125,257.967863111298,1024,138.360802492864,"logrmse"
2019-08-27,207,257.8880448161,3528,421.641322004873,"logrmse"
2019-08-27,290,257.807253127058,4148,479.669211954213,"logrmse"
2019-08-27,352,257.746902708737,3559,450.180192019874,"logrmse"
2019-08-27,614,257.491873521641,3321,413.459397576179,"logrmse"
2019-08-27,46,258.044761224965,870,113.326930699742,"logrmse"
2019-08-27,123,257.969809898986,1010,131.645112485161,"logrmse"
2019-08-27,147,257.946448446733,1468,178.238394033927,"logrmse"
2019-08-27,270,257.826721003935,1508,177.154339052964,"logrmse"
2019-08-27,122,257.97078329283,588,78.2064587069747,"logrmse"
2019-08-27,82,258.009719046585,602,93.8619135224952,"logrmse"
2019-08-27,1281,256.842619827772,10413,1227.94653230026,"logrmse"
2019-08-27,333,257.765397191771,2960,350.604264044807,"logrmse"
2019-08-27,156,257.937687902138,793,105.220596097626,"logrmse"
2019-08-27,211,257.884151240724,1480,182.831818296253,"logrmse"
2019-08-27,238,257.85786960694,2055,232.743654477428,"logrmse"
2019-08-27,124,257.968836505142,1599,220.726125407408,"logrmse"
2019-08-27,132,257.961049354391,1347,163.887206347044,"logrmse"
2019-08-27,173,257.921140206792,1398,191.925458291404,"logrmse"
2019-08-27,206,257.889018209944,1528,186.896960241685,"logrmse"
2019-08-27,130,257.962996142079,3168,453.439333002715,"logrmse"
2019-08-27,421,257.679738533509,6711,791.804807600163,"logrmse"
2019-08-27,426,257.67487156429,3912,490.201108218909,"logrmse"
2019-08-27,1186,256.935092242941,2938,360.138086737302,"logrmse"
2019-08-27,74,258.017506197336,1157,195.064780623227,"logrmse"
2019-08-27,999,257.117116891747,4245,493.230656840123,"logrmse"
2019-08-27,190,257.904592511446,932,114.373766345144,"logrmse"
2019-08-27,131,257.962022748235,1437,180.286246690191,"logrmse"
2019-08-27,516,257.587266118341,1042,129.187745451896,"logrmse"
2019-08-27,118,257.974676868205,1747,197.179301445414,"logrmse"
2019-08-27,192,257.902645723758,1342,157.416705722165,"logrmse"
2019-08-27,185,257.909459480665,1031,135.874233005853,"logrmse"
2019-08-27,94,257.998038320458,1263,163.741168969861,"logrmse"
2019-08-27,159,257.934767720606,550,91.6821214689724,"logrmse"
2019-08-27,335,257.763450404083,1100,145.046949837844,"logrmse"
2019-08-27,423,257.677791745822,7524,896.710822025803,"logrmse"
2019-08-27,343,257.755663253332,3395,551.675955698826,"logrmse"
2019-08-27,430,257.670977988915,3748,488.727207680101,"logrmse"
2019-08-27,4017,254.179414270916,10258,1265.79888858596,"logrmse"
2019-08-27,1276,256.847486796992,5496,755.528725768407,"logrmse"
2019-08-27,471,257.631068841315,1794,226.533508767423,"logrmse"
2019-08-27,232,257.863709970003,814,146.32904084436,"logrmse"
2019-08-27,191,257.903619117602,1182,171.138955285293,"logrmse"
2019-08-27,280,257.816987065497,2378,378.345641931997,"logrmse"
2019-08-27,175,257.919193419104,1603,234.947891115998,"logrmse"
2019-08-27,131,257.962022748235,1154,193.414202477016,"logrmse"
2019-08-27,90,258.001931895834,3159,428.259906666599,"logrmse"
2019-08-27,273,257.823800822404,4063,510.007797350852,"logrmse"
2019-08-27,167,257.926980569855,1324,176.8908492662,"logrmse"
2019-08-27,229,257.866630151534,923,156.947850964765,"logrmse"
2019-08-27,2365,255.787460901006,20460,2277.37394995509,"logrmse"
2019-08-27,460,257.641776173598,5194,745.680604929263,"logrmse"
2019-08-27,153,257.940608083669,1648,210.97697871372,"logrmse"
2019-08-27,675,257.432496497164,4225,481.357929193073,"logrmse"
2019-08-27,159,257.934767720606,2508,316.033242001781,"logrmse"
2019-08-27,708,257.400374500316,3381,395.71774373316,"logrmse"
2019-08-27,475,257.62717526594,3438,456.174384452729,"logrmse"
2019-08-27,175,257.919193419104,2759,366.656895009436,"logrmse"
2019-08-27,848,257.264099362173,3865,440.950030922959,"logrmse"
2019-08-27,2311,255.840024168576,9435,1180.44140499539,"logrmse"
2019-08-27,1903,256.237168856879,9742,1122.79709408196,"logrmse"
2019-08-27,689,257.41886898335,159,39.9091923785103,"logrmse"
2019-08-27,54,258.036974074214,1308,192.633799897317,"logrmse"
2019-08-27,148,257.945475052889,783,134.627611512005,"logrmse"
2019-08-27,121,257.971756686674,1240,157.007546375658,"logrmse"
2019-08-27,224,257.871497120754,1007,148.847231442037,"logrmse"
2019-08-27,1201,256.920491335283,7363,857.718886620394,"logrmse"
2019-08-27,621,257.485059764733,4061,517.327054721629,"logrmse"
2019-08-27,182,257.912379662197,3568,477.165071565756,"logrmse"
2019-08-27,234,257.861763182315,1129,160.451835560231,"logrmse"
2019-08-27,377,257.72256786264,1370,193.335303732073,"logrmse"
2019-08-27,217,257.878310877661,2404,319.924041282859,"logrmse"
2019-08-27,404,257.696286228855,4270,536.544196003186,"logrmse"
2019-08-27,284,257.813093490121,4669,572.939430835413,"logrmse"
2019-08-27,1005,257.111276528683,7456,904.986836839666,"logrmse"
2019-08-27,122,257.97078329283,1609,237.467938503081,"logrmse"
2019-08-27,413,257.68752568426,7103,969.172043131935,"logrmse"
2019-08-27,171,257.923086994479,2565,325.390916350618,"logrmse"
2019-08-27,105,257.987330988176,1330,185.223720350622,"logrmse"
2019-08-27,185,257.909459480665,1753,298.288986361976,"logrmse"
2019-08-27,196,257.898752148382,2803,422.31073535308,"logrmse"
2019-08-27,321,257.777077917897,1886,227.837419749016,"logrmse"
2019-08-27,183,257.911406268353,1981,234.781362494067,"logrmse"
2019-08-27,388,257.711860530358,6193,769.302457590989,"logrmse"
2019-08-27,270,257.826721003935,633,90.1404263013356,"logrmse"
2019-08-27,231,257.864683363847,1528,197.663736102299,"logrmse"
2019-08-27,115,257.977597049737,1301,167.319816706804,"logrmse"
2019-08-27,106,257.986357594332,1569,186.919097293727,"logrmse"
2019-08-27,428,257.672924776602,2219,268.43342534862,"logrmse"
2019-08-27,94,257.998038320458,1090,153.432827739727,"logrmse"
2019-08-27,207,257.8880448161,1472,189.3107645389,"logrmse"
2019-08-27,157,257.936714508294,1355,166.295103889855,"logrmse"
2019-08-27,2083,256.06195796498,8955,1123.70535755498,"logrmse"
2019-08-27,731,257.377986441907,2001,282.633274363813,"logrmse"
2019-08-27,453,257.648589930505,4398,576.786421426988,"logrmse"
2019-08-27,432,257.669031201227,3065,373.867933757614,"logrmse"
2019-08-27,191,257.903619117602,3744,516.651251595893,"logrmse"
2019-08-27,83,258.008745652741,895,134.140186804639,"logrmse"
2019-08-27,367,257.732301801079,3158,347.624895584833,"logrmse"
2019-08-27,231,257.864683363847,1699,265.206113851798,"logrmse"
2019-08-27,559,257.545410183054,1618,219.728492812633,"logrmse"
2019-08-27,146,257.947421840577,2795,331.949063146186,"logrmse"
2019-08-27,250,257.846188880813,3662,458.929010607698,"logrmse"
2019-08-27,227,257.868576939222,1865,286.987504826933,"logrmse"
2019-08-27,83,258.008745652741,919,112.97055391299,"logrmse"
2019-08-27,900,257.213482882291,4696,614.277040917125,"logrmse"
2019-08-27,620,257.486033158577,2306,293.001868001136,"logrmse"
2019-08-27,563,257.541516607678,1972,264.447626699818,"logrmse"
2019-08-27,208,257.887071422256,585,105.325440211183,"logrmse"
2019-08-27,178,257.916273237572,2407,285.212941200039,"logrmse"
2019-08-27,166,257.927953963699,1372,181.322394533301,"logrmse"
2019-08-27,146,257.947421840577,662,92.5284090195886,"logrmse"
2019-08-27,146,257.947421840577,1034,137.906144724411,"logrmse"
2019-08-27,216,257.879284271505,1592,209.193925332791,"logrmse"
2019-08-27,198,257.896805360695,1170,164.392807051104,"logrmse"
2019-08-27,177,257.917246631416,1643,210.497242953169,"logrmse"
2019-08-27,182,257.912379662197,1134,158.455710880056,"logrmse"
2019-08-27,133,257.960075960547,2060,256.659479415837,"logrmse"
2019-08-27,247,257.849109062345,1109,141.155321502326,"logrmse"
2019-08-27,267,257.829641185467,4581,599.910868358335,"logrmse"
2019-08-27,185,257.909459480665,1255,166.506857818788,"logrmse"
2019-08-27,244,257.852029243876,2344,280.784180660675,"logrmse"
2019-08-27,392,257.707966954982,2050,273.465527937578,"logrmse"
2019-08-27,220,257.875390696129,2433,323.229460326005,"logrmse"
2019-08-27,198,257.896805360695,1029,117.129052152241,"logrmse"
2019-08-27,453,257.648589930505,4207,513.253528273698,"logrmse"
2019-08-27,363,257.736195376454,1088,132.356982233477,"logrmse"
2019-08-27,539,257.564878059932,2152,322.297328146332,"logrmse"
2019-08-27,717,257.391613955721,4164,572.946272396661,"logrmse"
2019-08-27,464,257.637882598223,2234,392.852760041025,"logrmse"
2019-08-27,212,257.88317784688,1330,241.51105454453,"logrmse"
2019-08-27,2137,256.009394697411,3898,486.799753266525,"logrmse"
2019-08-27,68,258.023346560399,3228,394.014340756586,"logrmse"
2019-08-27,129,257.963969535922,1307,166.754900751017,"logrmse"
2019-08-27,365,257.734248588767,1320,163.018290430736,"logrmse"
2019-08-27,67,258.024319954243,848,146.0603696257,"logrmse"
2019-08-27,682,257.425682740257,1754,266.928049302408,"logrmse"
2019-08-27,325,257.773184342522,3082,418.94276071354,"logrmse"
2019-08-27,453,257.648589930505,2706,337.106028956787,"logrmse"
2019-08-27,217,257.878310877661,1946,273.488921202523,"logrmse"
2019-08-27,243,257.85300263772,1842,285.683513360748,"logrmse"
2019-08-27,290,257.807253127058,2181,276.956348853465,"logrmse"
2019-08-27,715,257.393560743409,5001,558.833389907693,"logrmse"
2019-08-27,460,257.641776173598,2513,296.797459747207,"logrmse"
2019-08-27,922,257.192068217725,6952,782.368674233434,"logrmse"
2019-08-27,473,257.629122053628,2811,318.572968311341,"logrmse"
2019-08-27,738,257.371172684999,2728,330.137967781781,"logrmse"
2019-08-27,122,257.97078329283,1145,144.548828762386,"logrmse"
2019-08-27,240,257.855922819252,1808,364.639904465579,"logrmse"
2019-08-27,213,257.882204453037,1644,217.38707269988,"logrmse"
2019-08-27,114,257.978570443581,1642,187.129498826666,"logrmse"
2019-08-27,110,257.982464018956,358,73.2140342409658,"logrmse"
2019-08-27,1080,257.038271990392,3304,478.66573560513,"logrmse"
2019-08-27,404,257.696286228855,3899,445.537562374911,"logrmse"
2019-08-27,433,257.668057807383,2131,244.909475111307,"logrmse"
2019-08-27,596,257.50939461083,1564,185.634662957062,"logrmse"
2019-08-27,236,257.859816394627,3061,358.596530547501,"logrmse"
2019-08-27,231,257.864683363847,2229,261.504531741652,"logrmse"
2019-08-27,368,257.731328407235,1216,227.98226760128,"logrmse"
2019-08-27,320,257.778051311741,2275,298.268703137991,"logrmse"
2019-08-27,355,257.743982527206,2128,258.097508582429,"logrmse"
2019-08-27,172,257.922113600636,4641,632.729614590977,"logrmse"
2019-08-27,2997,255.172275991674,6695,743.934336640481,"logrmse"
2019-08-27,2088,256.057090995761,9620,1119.18017245279,"logrmse"
2019-08-27,485,257.617441327501,9121,1089.49122071506,"logrmse"
2019-08-27,1524,256.60608512371,20164,2263.64841253049,"logrmse"
2019-08-27,152,257.941581477513,1999,283.568553137471,"logrmse"
2019-08-27,626,257.480192795514,1782,250.181890929205,"logrmse"
2019-08-27,1993,256.14956341093,9492,1161.27037477225,"logrmse"
2019-08-27,125,257.967863111298,2063,281.553988475339,"logrmse"
2019-08-27,738,257.371172684999,3235,548.302435496065,"logrmse"
2019-08-27,314,257.783891674805,3728,472.306847669068,"logrmse"
2019-08-27,210,257.885124634568,2402,295.190775764088,"logrmse"
2019-08-27,319,257.779024705585,1346,175.586731365599,"logrmse"
2019-08-27,288,257.809199914745,3021,340.48128825456,"logrmse"
2019-08-27,0,258.089537341783,8650,1218.68238996847,"logrmse"
2019-08-27,915,257.198881974633,5468,790.065380870554,"logrmse"
2019-08-27,47,258.043787831121,1443,220.774239384361,"logrmse"
2019-08-27,526,257.577532179902,7287,804.767283928042,"logrmse"
2019-08-27,4147,254.052873071212,7449,838.628170114129,"logrmse"
2019-08-27,318,257.779998099429,2006,261.744616196042,"logrmse"
2019-08-27,304,257.793625613243,2103,282.930880335081,"logrmse"
2019-08-27,452,257.649563324349,3207,421.084028178493,"logrmse"
2019-08-27,1439,256.688823600439,7804,885.660258894147,"logrmse"
2019-08-27,1308,256.816338193988,10191,1119.39367992703,"logrmse"
2019-08-27,156,257.937687902138,6437,803.852868441741,"logrmse"
2019-08-27,2564,255.593755526074,3618,461.283983300991,"logrmse"
2019-08-27,826,257.285514026738,6578,729.908943390407,"logrmse"
2019-08-27,690,257.417895589506,5230,650.025586148744,"logrmse"
2019-08-27,352,257.746902708737,3371,425.96158416664,"logrmse"
2019-08-27,310,257.78778525018,1547,207.888748787533,"logrmse"
2019-08-27,69,258.022373166555,2252,365.609512856553,"logrmse"
2019-08-27,191,257.903619117602,8856,1059.59803993242,"logrmse"
2019-08-27,454,257.647616536661,5645,681.875001386368,"logrmse"
2019-08-27,135,257.958129172859,1146,142.88290544381,"logrmse"
2019-08-27,372,257.72743483186,815,123.641439172481,"logrmse"
2019-08-27,246,257.850082456188,2603,335.88736750931,"logrmse"
2019-08-27,1166,256.954560119819,5477,634.130705508839,"logrmse"
2019-08-27,1025,257.091808651806,4886,574.360720382538,"logrmse"
2019-08-27,469,257.633015629003,1649,249.079193882472,"logrmse"
2019-08-27,661,257.446124010978,4867,725.376424999092,"logrmse"
2019-08-27,170,257.924060388323,609,91.8963570513425,"logrmse"
2019-08-27,71,258.020426378868,3022,356.845844611954,"logrmse"
2019-08-27,165,257.928927357543,673,77.9508666542603,"logrmse"
2019-08-27,194,257.90069893607,5834,697.809690838471,"logrmse"
2019-08-27,451,257.650536718193,2807,335.669459182625,"logrmse"
2019-08-27,1203,256.918544547595,5798,661.866071598438,"logrmse"
2019-08-27,586,257.519128549269,2100,275.325306441449,"logrmse"
2019-08-27,352,257.746902708737,5941,723.424005631512,"logrmse"
2019-08-27,1019,257.097649014869,6316,777.340432301734,"logrmse"
2019-08-27,2336,255.815689322479,7313,828.202296228803,"logrmse"
2019-08-27,208,257.887071422256,2834,429.201491002521,"logrmse"
2019-08-27,315,257.782918280961,2446,291.960850793237,"logrmse"
2019-08-27,1001,257.115170104059,1832,246.83420432766,"logrmse"
2019-08-27,368,257.731328407235,5298,562.154562149823,"logrmse"
2019-08-27,514,257.589212906029,4159,464.155388711284,"logrmse"
2019-08-27,566,257.538596426147,2346,300.079043946383,"logrmse"
2019-08-27,399,257.701153198075,5015,590.631814438484,"logrmse"
2019-08-27,175,257.919193419104,2039,314.417217207625,"logrmse"
2019-08-27,227,257.868576939222,5337,615.298802612525,"logrmse"
2019-08-27,344,257.754689859488,454,107.927420192552,"logrmse"
2019-08-27,175,257.919193419104,698,76.4191411552215,"logrmse"
2019-08-27,242,257.853976031564,2871,406.534219912806,"logrmse"
2019-08-27,667,257.440283647915,1664,243.09597036405,"logrmse"
2019-08-27,230,257.865656757691,1960,343.09601696821,"logrmse"
2019-08-27,254,257.842295305437,1974,294.3404197952,"logrmse"
2019-08-27,138,257.955208991328,1279,190.590462895777,"logrmse"
2019-08-27,240,257.855922819252,1708,239.728910301897,"logrmse"
2019-08-27,425,257.675844958134,2947,353.471525884293,"logrmse"
2019-08-27,922,257.192068217725,1661,220.152215585306,"logrmse"
2019-08-27,402,257.698233016543,2390,353.18264654149,"logrmse"
2019-08-27,150,257.943528265201,1592,212.625555851308,"logrmse"
2019-08-27,415,257.685578896573,2545,290.718761202134,"logrmse"
2019-08-27,420,257.680711927353,2804,366.579385984668,"logrmse"
2019-08-27,273,257.823800822404,3325,397.590943895552,"logrmse"
2019-08-27,107,257.985384200488,900,214.698964103324,"logrmse"
2019-08-27,265,257.831587973155,4490,575.69684738479,"logrmse"
2019-08-27,129,257.963969535922,4009,535.464393066186,"logrmse"
2019-08-27,209,257.886098028412,2948,332.532018045413,"logrmse"
2019-08-27,223,257.872470514598,984,128.294980646748,"logrmse"
2019-08-27,104,257.988304382019,2645,324.911197151236,"logrmse"
2019-08-27,79,258.012639228116,805,93.2624745729403,"logrmse"
2019-08-27,201,257.893885179163,890,117.817688720153,"logrmse"
2019-08-27,379,257.720621074952,1702,239.039322601552,"logrmse"
2019-08-27,1065,257.052872898051,2798,407.921849337032,"logrmse"
2019-08-27,300,257.797519188619,1441,205.215119539543,"logrmse"
2019-08-27,297,257.800439370151,2278,304.538664906657,"logrmse"
2019-08-27,307,257.790705431712,2122,292.545118318476,"logrmse"
2019-08-27,596,257.50939461083,2269,307.353564867934,"logrmse"
2019-08-27,1155,256.965267452101,5381,602.3537072953,"logrmse"
2019-08-27,485,257.617441327501,3000,433.524897830619,"logrmse"
2019-08-27,675,257.432496497164,3925,488.277210619588,"logrmse"
2019-08-27,123,257.969809898986,949,125.247598388258,"logrmse"
2019-08-27,116,257.976623655893,931,121.012538172183,"logrmse"
2019-08-27,154,257.939634689825,1020,129.125020179363,"logrmse"
2019-08-27,154,257.939634689825,581,77.9518001751763,"logrmse"
2019-08-27,222,257.873443908442,1860,256.812772367176,"logrmse"
2019-08-27,167,257.926980569855,1529,221.766569147859,"logrmse"
2019-08-27,266,257.830614579311,1618,193.721349438954,"logrmse"
2019-08-27,342,257.756636647176,2190,286.654971615096,"logrmse"
2019-08-27,1032,257.084994894899,4006,519.107308650117,"logrmse"
2019-08-27,336,257.762477010239,1872,244.447015796959,"logrmse"
2019-08-27,339,257.759556828708,2382,383.203253173508,"logrmse"
2019-08-27,91,258.00095850199,813,104.094426812704,"logrmse"
2019-08-27,236,257.859816394627,1178,236.912477555643,"logrmse"
2019-08-27,569,257.535676244615,6941,933.866077550199,"logrmse"
2019-08-27,715,257.393560743409,3319,445.668510677055,"logrmse"
2019-08-27,717,257.391613955721,6536,878.178524239879,"logrmse"
2019-08-27,393,257.706993561138,2568,337.594671055174,"logrmse"
2019-08-27,221,257.874417302286,3709,446.921894192662,"logrmse"
2019-08-27,391,257.708940348826,1494,191.943286519205,"logrmse"
2019-08-27,271,257.825747610091,2064,266.452509236658,"logrmse"
2019-08-27,575,257.529835881552,2078,258.270794033713,"logrmse"
2019-08-27,201,257.893885179163,1590,193.505013654512,"logrmse"
2019-08-27,88,258.003878683522,723,110.445974705557,"logrmse"
2019-08-27,137,257.956182385171,860,127.41377351997,"logrmse"
2019-08-27,172,257.922113600636,1934,229.391462009648,"logrmse"
2019-08-27,144,257.949368628264,688,105.692081529109,"logrmse"
2019-08-27,58,258.033080498838,770,116.18383351478,"logrmse"
2019-08-27,341,257.75761004102,3074,452.082112299265,"logrmse"
2019-08-27,500,257.602840419843,1768,231.087220479764,"logrmse"
2019-08-27,92,257.999985108146,1905,242.047984004571,"logrmse"
2019-08-27,155,257.938661295982,626,78.479589145819,"logrmse"
2019-08-27,229,257.866630151534,1467,199.943156363802,"logrmse"
2019-08-27,197,257.897778754539,2080,237.466299053531,"logrmse"
2019-08-27,152,257.941581477513,624,90.3509525650702,"logrmse"
2019-08-27,113,257.979543837425,879,108.124118575566,"logrmse"
2019-08-27,59,258.032107104994,446,63.3831287015389,"logrmse"
2019-08-27,87,258.004852077365,570,77.4442001578018,"logrmse"
2019-08-27,113,257.979543837425,697,90.1182167863148,"logrmse"
2019-08-27,389,257.710887136514,1777,236.058587189634,"logrmse"
2019-08-27,564,257.540543213835,2696,346.93772684111,"logrmse"
2019-08-27,200,257.894858573007,1068,138.841857395694,"logrmse"
2019-08-27,615,257.490900127797,2538,327.983783658674,"logrmse"
2019-08-27,312,257.785838462492,1408,175.447628101145,"logrmse"
2019-08-27,615,257.490900127797,1952,243.591899605205,"logrmse"
2019-08-27,402,257.698233016543,1853,216.61272357944,"logrmse"
2019-08-27,213,257.882204453037,1125,150.030321768353,"logrmse"
2019-08-27,183,257.911406268353,944,127.918473579612,"logrmse"
2019-08-27,146,257.947421840577,862,104.862975636846,"logrmse"
2019-08-27,213,257.882204453037,949,119.487671565552,"logrmse"
2019-08-27,235,257.860789788471,1091,139.506145124506,"logrmse"
2019-08-27,93,257.999011714302,1324,175.726633446804,"logrmse"
2019-08-27,84,258.007772258897,760,94.9238846910744,"logrmse"
2019-08-27,220,257.875390696129,994,127.227409087149,"logrmse"
2019-08-27,50,258.040867649589,742,101.818906082339,"logrmse"
2019-08-27,148,257.945475052889,1141,132.343725094136,"logrmse"
2019-08-27,67,258.024319954243,738,92.9468177807328,"logrmse"
2019-08-27,69,258.022373166555,746,94.3868133782099,"logrmse"
2019-08-27,87,258.004852077365,469,60.1031382841755,"logrmse"
2019-08-27,158,257.93574111445,1228,143.981741474809,"logrmse"
2019-08-27,141,257.952288809796,1064,131.485732961346,"logrmse"
2019-08-27,174,257.920166812948,1059,146.96058568707,"logrmse"
2019-08-27,173,257.921140206792,1619,216.195209920478,"logrmse"
2019-08-27,434,257.667084413539,2318,344.153172450563,"logrmse"
2019-08-27,274,257.82282742856,3863,458.477733160989,"logrmse"
2019-08-27,217,257.878310877661,2044,249.998381965148,"logrmse"
2019-08-27,297,257.800439370151,3412,422.007543740591,"logrmse"
2019-08-27,404,257.696286228855,1844,280.463863450902,"logrmse"
2019-08-27,185,257.909459480665,3011,353.295872643467,"logrmse"
2019-08-27,160,257.933794326762,817,92.6735455038729,"logrmse"
2019-08-27,842,257.269939725236,6350,713.446715307425,"logrmse"
2019-08-27,209,257.886098028412,1321,166.504645335727,"logrmse"
2019-08-27,202,257.892911785319,536,120.548561471804,"logrmse"
2019-08-27,251,257.845215486969,1560,192.645222949565,"logrmse"
2019-08-27,528,257.575585392214,4370,587.152556517678,"logrmse"
2019-08-27,117,257.975650262049,631,80.6107256539451,"logrmse"
2019-08-27,206,257.889018209944,3970,442.354304146679,"logrmse"
2019-08-27,628,257.478246007826,3952,485.715021988166,"logrmse"
2019-08-27,712,257.39648092494,3903,507.656505034987,"logrmse"
2019-08-27,294,257.803359551682,1226,156.982747472424,"logrmse"
2019-08-27,293,257.804332945526,2016,258.742646755813,"logrmse"
2019-08-27,1121,256.998362842793,5473,651.159184445602,"logrmse"
2019-08-27,206,257.889018209944,3269,398.335724147279,"logrmse"
2019-08-27,356,257.743009133362,2337,284.954519226009,"logrmse"
2019-08-27,353,257.745929314893,1056,134.925756016154,"logrmse"
2019-08-27,262,257.834508154686,2539,279.8506400378,"logrmse"
2019-08-27,236,257.859816394627,1216,150.783827066227,"logrmse"
2019-08-27,218,257.877337483817,2380,300.945590673684,"logrmse"
2019-08-27,259,257.837428336218,1294,172.278592315155,"logrmse"
2019-08-27,342,257.756636647176,1239,159.472662986109,"logrmse"
2019-08-27,547,257.557090909181,1337,178.784382703624,"logrmse"
2019-08-27,335,257.763450404083,1819,252.461154586893,"logrmse"
2019-08-27,515,257.588239512185,1005,147.194993135729,"logrmse"
2019-08-27,102,257.990251169707,1934,247.738982140144,"logrmse"
2019-08-27,952,257.162866402409,2943,410.183066327164,"logrmse"
2019-08-27,178,257.916273237572,4403,509.629921309975,"logrmse"
2019-08-27,315,257.782918280961,2519,378.685739624122,"logrmse"
2019-08-27,185,257.909459480665,2115,280.778892850251,"logrmse"
2019-08-27,257,257.839375123906,2098,256.321214140597,"logrmse"
2019-08-27,235,257.860789788471,1987,271.613831017882,"logrmse"
2019-08-27,115,257.977597049737,1011,129.465755810271,"logrmse"
2019-08-27,1356,256.769615289481,3763,460.02598618022,"logrmse"
2019-08-27,1144,256.975974784384,3546,487.74775765775,"logrmse"
2019-08-27,107,257.985384200488,742,91.0429976642355,"logrmse"
2019-08-27,35,258.055468557247,514,68.7147880314987,"logrmse"
2019-08-27,168,257.926007176011,2864,354.648225673931,"logrmse"
2019-08-27,817,257.294274571333,1731,288.16101946519,"logrmse"
2019-08-27,985,257.130744405561,9807,1067.82785660557,"logrmse"
2019-08-27,67,258.024319954243,317,49.6608290358792,"logrmse"
2019-08-27,237,257.858843000783,3448,411.118040681196,"logrmse"
2019-08-27,128,257.964942929766,979,126.612066681059,"logrmse"
2019-08-27,90,258.001931895834,1454,181.573629941448,"logrmse"
2019-08-27,202,257.892911785319,1565,270.427904258202,"logrmse"
2019-08-27,142,257.951315415952,728,98.827604046932,"logrmse"
2019-08-27,157,257.936714508294,1697,204.896715080828,"logrmse"
2019-08-27,290,257.807253127058,3238,398.298654237806,"logrmse"
2019-08-27,103,257.989277775863,1657,206.642664030273,"logrmse"
2019-08-27,134,257.959102566703,1502,190.461967429952,"logrmse"
2019-08-27,175,257.919193419104,862,116.791807461377,"logrmse"
2019-08-27,724,257.384800198814,1568,198.612701851982,"logrmse"
2019-08-27,312,257.785838462492,3388,422.269559060579,"logrmse"
2019-08-27,624,257.482139583202,4420,518.221493122211,"logrmse"
2019-08-27,389,257.710887136514,2529,331.652178876845,"logrmse"
2019-08-27,136,257.957155779015,832,129.070928459334,"logrmse"
2019-08-27,885,257.228083789949,2971,369.602578913548,"logrmse"
2019-08-27,640,257.4665652817,2074,287.143050709626,"logrmse"
2019-08-27,155,257.938661295982,1880,258.280048885743,"logrmse"
2019-08-28,165,272.548871145631,1662,225.716319457764,"logrmse"
2019-08-28,0,272.7093410369,3627,555.27529139724,"logrmse"
2019-08-28,314,272.40396197109,1600,209.852166363454,"logrmse"
2019-08-28,300,272.417577598228,2054,271.410039528033,"logrmse"
2019-08-28,261,272.455506845256,1686,204.724244375179,"logrmse"
2019-08-28,164,272.549843690426,1408,162.429581349519,"logrmse"
2019-08-28,121,272.591663116636,985,132.801094957965,"logrmse"
2019-08-28,232,272.483710644327,2179,284.807978587861,"logrmse"
2019-08-28,152,272.561514227973,972,126.463847945566,"logrmse"
2019-08-28,197,272.517749712172,874,117.849196216104,"logrmse"
2019-08-28,214,272.501216450648,1107,147.740282365118,"logrmse"
2019-08-28,163,272.550816235222,1750,219.524178408008,"logrmse"
2019-08-28,155,272.558596593586,892,114.984000464758,"logrmse"
2019-08-28,68,272.643207990801,1066,148.439418313095,"logrmse"
2019-08-28,225,272.490518457896,1452,211.081379818538,"logrmse"
2019-08-28,234,272.481765554736,1313,194.43016527718,"logrmse"
2019-08-28,434,272.287256595622,5023,622.454320901384,"logrmse"
2019-08-28,116,272.596525840614,4327,606.170286160556,"logrmse"
2019-08-28,1141,271.599667425152,8997,1117.60230803154,"logrmse"
2019-08-28,299,272.418550143024,4294,572.143776045173,"logrmse"
2019-08-28,1026,271.711510076643,3377,484.083447450818,"logrmse"
2019-08-28,192,272.52261243615,1158,153.077767644399,"logrmse"
2019-08-28,400,272.320323118671,3761,514.64898462974,"logrmse"
2019-08-28,224,272.491491002692,1519,218.543373427711,"logrmse"
2019-08-28,792,271.939085558807,6496,784.711375500655,"logrmse"
2019-08-28,164,272.549843690426,3334,444.221994375982,"logrmse"
2019-08-28,123,272.589718027045,2274,315.93531096679,"logrmse"
2019-08-28,120,272.592635661431,1217,144.546968136002,"logrmse"
2019-08-28,197,272.517749712172,1019,136.890551124188,"logrmse"
2019-08-28,182,272.532337884106,772,118.094935795184,"logrmse"
2019-08-28,294,272.423412867002,1652,219.177176424953,"logrmse"
2019-08-28,232,272.483710644327,1234,150.445783539692,"logrmse"
2019-08-28,225,272.490518457896,1322,172.285388664883,"logrmse"
2019-08-28,170,272.544008421653,2025,246.847825259942,"logrmse"
2019-08-28,473,272.249327348594,2399,293.065472706739,"logrmse"
2019-08-28,113,272.599443475,942,125.330382480846,"logrmse"
2019-08-28,201,272.51385953299,533,119.258893445494,"logrmse"
2019-08-28,680,272.048010575911,4040,543.984813710524,"logrmse"
2019-08-28,122,272.59069057184,2255,337.20681943051,"logrmse"
2019-08-28,909,271.825297817725,4437,570.782593535669,"logrmse"
2019-08-28,187,272.527475160128,517,69.1582358287727,"logrmse"
2019-08-28,1937,270.825521767876,13250,1654.79318995572,"logrmse"
2019-08-28,206,272.508996809012,1147,168.608923855449,"logrmse"
2019-08-28,174,272.54011824247,1667,225.439970128252,"logrmse"
2019-08-28,156,272.557624048791,542,77.5664632734911,"logrmse"
2019-08-28,74,272.637372722028,759,102.178779148948,"logrmse"
2019-08-28,88,272.62375709489,929,117.467424150867,"logrmse"
2019-08-28,126,272.586800392658,1063,162.757774862117,"logrmse"
2019-08-28,283,272.434110859753,2820,352.604934676116,"logrmse"
2019-08-28,268,272.448699031687,3686,430.718054224493,"logrmse"
2019-08-28,1154,271.587024342809,3294,377.102162982167,"logrmse"
2019-08-28,473,272.249327348594,3612,426.58724377043,"logrmse"
2019-08-28,567,272.15790813781,3801,519.888416226348,"logrmse"
2019-08-28,80,272.631537453254,1254,169.279076278315,"logrmse"
2019-08-28,89,272.622784550094,364,60.8597119655679,"logrmse"
2019-08-28,113,272.599443475,508,81.3971857484041,"logrmse"
2019-08-28,80,272.631537453254,388,71.857593846178,"logrmse"
2019-08-28,309,272.408824695068,1770,229.698803297332,"logrmse"
2019-08-28,372,272.347554372947,1821,238.845855148516,"logrmse"
2019-08-28,221,272.494408637079,2119,266.871408460101,"logrmse"
2019-08-28,106,272.606251288569,1748,213.281759840918,"logrmse"
2019-08-28,106,272.606251288569,1128,141.811649310253,"logrmse"
2019-08-28,247,272.469122472394,990,120.040402926429,"logrmse"
2019-08-28,205,272.509969353808,1243,149.344569078474,"logrmse"
2019-08-28,491,272.231821542274,4079,566.118538075633,"logrmse"
2019-08-28,399,272.321295663467,1697,258.663410876053,"logrmse"
2019-08-28,575,272.150127779446,3598,419.959460748689,"logrmse"
2019-08-28,33,272.677247058646,1524,196.472160760356,"logrmse"
2019-08-28,338,272.380620895997,2742,376.152241724185,"logrmse"
2019-08-28,305,272.41271487425,3730,500.472776411675,"logrmse"
2019-08-28,88,272.62375709489,3473,493.069117017312,"logrmse"
2019-08-28,594,272.13164942833,3884,474.794598142676,"logrmse"
2019-08-28,664,272.06357129264,1566,237.89004427388,"logrmse"
2019-08-28,343,272.375758172019,1796,271.184669533959,"logrmse"
2019-08-28,342,272.376730716814,3298,430.820729418161,"logrmse"
2019-08-28,173,272.541090787266,2654,346.911376219455,"logrmse"
2019-08-28,323,272.39520906793,3236,425.886043614821,"logrmse"
2019-08-28,187,272.527475160128,2226,311.841067400751,"logrmse"
2019-08-28,121,272.591663116636,1535,198.053495312792,"logrmse"
2019-08-28,155,272.558596593586,1576,195.085609222648,"logrmse"
2019-08-28,333,272.385483619974,1412,186.060249082941,"logrmse"
2019-08-28,141,272.572212220724,1144,137.016861733733,"logrmse"
2019-08-28,101,272.611114012547,760,99.2691322199783,"logrmse"
2019-08-28,131,272.58193766868,842,108.819183616235,"logrmse"
2019-08-28,528,272.195837384838,2047,243.49695630413,"logrmse"
2019-08-28,151,272.562486772769,1028,122.701941779491,"logrmse"
2019-08-28,120,272.592635661431,1781,229.939355074014,"logrmse"
2019-08-28,234,272.481765554736,1916,236.538217407197,"logrmse"
2019-08-28,80,272.631537453254,354,66.890029135629,"logrmse"
2019-08-28,166,272.547898600835,1052,144.3405372439,"logrmse"
2019-08-28,283,272.434110859753,917,131.257210417454,"logrmse"
2019-08-28,89,272.622784550094,989,121.890754873743,"logrmse"
2019-08-28,50,272.660713797121,746,106.544964553408,"logrmse"
2019-08-28,82,272.629592363663,712,84.0314553195095,"logrmse"
2019-08-28,249,272.467177382803,1303,172.311394996707,"logrmse"
2019-08-28,93,272.618894370912,1898,235.846162086033,"logrmse"
2019-08-28,142,272.571239675929,966,127.57713466865,"logrmse"
2019-08-28,209,272.506079174625,1061,140.862788849809,"logrmse"
2019-08-28,232,272.483710644327,3032,343.818857446506,"logrmse"
2019-08-28,120,272.592635661431,536,79.2741723373075,"logrmse"
2019-08-28,120,272.592635661431,949,119.650627645209,"logrmse"
2019-08-28,222,272.493436092283,1183,156.296995764517,"logrmse"
2019-08-28,82,272.629592363663,902,106.138903305731,"logrmse"
2019-08-28,197,272.517749712172,602,79.5255853032827,"logrmse"
2019-08-28,129,272.583882758271,725,94.5913901283796,"logrmse"
2019-08-28,97,272.61500419173,628,79.6451920154651,"logrmse"
2019-08-28,162,272.551788780017,348,50.6738183635902,"logrmse"
2019-08-28,110,272.602361109387,801,106.192083328611,"logrmse"
2019-08-28,96,272.615976736525,1107,136.111121507108,"logrmse"
2019-08-28,488,272.234739176661,589,92.7790375461423,"logrmse"
2019-08-28,79,272.63250999805,1210,143.758132369048,"logrmse"
2019-08-28,536,272.188057026473,2310,296.402192318611,"logrmse"
2019-08-28,446,272.275586058075,3737,452.671351584991,"logrmse"
2019-08-28,988,271.748466778874,3432,401.491859407036,"logrmse"
2019-08-28,645,272.082049643756,2869,343.479641001441,"logrmse"
2019-08-28,392,272.328103477036,4526,514.456017459517,"logrmse"
2019-08-28,846,271.886568139846,3215,371.02459592856,"logrmse"
2019-08-28,77,272.634455087641,786,115.725797489933,"logrmse"
2019-08-28,88,272.62375709489,797,98.3332075826276,"logrmse"
2019-08-28,126,272.586800392658,868,119.139509997445,"logrmse"
2019-08-28,96,272.615976736525,748,98.5307169202298,"logrmse"
2019-08-28,97,272.61500419173,621,81.961341816319,"logrmse"
2019-08-28,90,272.621812005299,1098,128.504084413178,"logrmse"
2019-08-28,202,272.512886988194,873,113.463238414879,"logrmse"
2019-08-28,218,272.497326271465,600,74.2334115984432,"logrmse"
2019-08-28,77,272.634455087641,590,75.5111395003321,"logrmse"
2019-08-28,514,272.209453011976,1656,214.952656811854,"logrmse"
2019-08-28,320,272.398126702317,1596,213.788951596614,"logrmse"
2019-08-28,62,272.649043259575,2595,325.574750974078,"logrmse"
2019-08-28,34,272.676274513851,546,87.2056888135156,"logrmse"
2019-08-28,286,272.431193225366,3818,476.368781681692,"logrmse"
2019-08-28,294,272.423412867002,1813,245.958960309386,"logrmse"
2019-08-28,323,272.39520906793,2507,311.627948504535,"logrmse"
2019-08-28,360,272.359224910494,1068,156.965903718809,"logrmse"
2019-08-28,147,272.566376951951,975,134.973136751357,"logrmse"
2019-08-28,142,272.571239675929,946,133.152269473942,"logrmse"
2019-08-28,144,272.569294586338,5892,727.133224095413,"logrmse"
2019-08-28,310,272.407852150273,1795,255.766121674561,"logrmse"
2019-08-28,1070,271.668718105637,4651,574.350004813754,"logrmse"
2019-08-28,172,272.542063332062,3846,500.531026639894,"logrmse"
2019-08-28,248,272.468149927598,2465,319.812820842404,"logrmse"
2019-08-28,315,272.402989426295,2189,301.979788421868,"logrmse"
2019-08-28,901,271.833078176089,7962,1050.99430195975,"logrmse"
2019-08-28,438,272.283366416439,2225,321.023436362837,"logrmse"
2019-08-28,419,272.301844767555,7938,1038.77428578951,"logrmse"
2019-08-28,107,272.605278743774,806,110.323822768851,"logrmse"
2019-08-28,119,272.593608206227,815,104.903530359161,"logrmse"
2019-08-28,189,272.525530070537,1822,244.029430571167,"logrmse"
2019-08-28,802,271.929360110851,4552,553.265712022488,"logrmse"
2019-08-28,360,272.359224910494,3824,431.966996499344,"logrmse"
2019-08-28,323,272.39520906793,1694,210.561381545809,"logrmse"
2019-08-28,137,272.576102399907,1704,230.069763266221,"logrmse"
2019-08-28,134,272.579020034293,1242,152.339457333468,"logrmse"
2019-08-28,91,272.620839460503,646,85.0088386198085,"logrmse"
2019-08-28,110,272.602361109387,1612,193.944496709503,"logrmse"
2019-08-28,197,272.517749712172,1306,169.686825640262,"logrmse"
2019-08-28,98,272.614031646934,995,162.586181815941,"logrmse"
2019-08-28,142,272.571239675929,1055,165.611936059464,"logrmse"
2019-08-28,172,272.542063332062,1840,236.854105038274,"logrmse"
2019-08-28,711,272.017861687248,5868,742.919940867696,"logrmse"
2019-08-28,103,272.609168922956,2018,340.198848096011,"logrmse"
2019-08-28,713,272.015916597657,5593,698.825964322971,"logrmse"
2019-08-28,265,272.451616666073,2442,293.240263351635,"logrmse"
2019-08-28,530,272.193892295247,3356,377.033121988329,"logrmse"
2019-08-28,190,272.524557525741,1323,160.306380249888,"logrmse"
2019-08-28,276,272.440918673322,1493,189.371355947202,"logrmse"
2019-08-28,262,272.45453430046,2419,299.902273607945,"logrmse"
2019-08-28,519,272.204590287998,9231,1188.97183814009,"logrmse"
2019-08-28,985,271.751384413261,4928,652.042283919446,"logrmse"
2019-08-28,339,272.379648351201,5774,809.433825208504,"logrmse"
2019-08-28,840,271.892403408619,4319,554.386860791854,"logrmse"
2019-08-28,524,272.19972756402,3044,397.786818092631,"logrmse"
2019-08-28,442,272.279476237257,6449,879.140971374476,"logrmse"
2019-08-28,97,272.61500419173,1822,308.04435630371,"logrmse"
2019-08-28,192,272.52261243615,1148,224.877649699321,"logrmse"
2019-08-28,0,272.7093410369,1416,249.064956817357,"logrmse"
2019-08-28,563,272.161798316993,1543,204.494371562147,"logrmse"
2019-08-28,526,272.197782474429,963,187.052510240824,"logrmse"
2019-08-28,564,272.160825772197,7156,1035.94665407743,"logrmse"
2019-08-28,492,272.230848997478,1488,192.899301304485,"logrmse"
2019-08-28,184,272.530392794515,9032,1118.95877863227,"logrmse"
2019-08-28,362,272.357279820903,989,121.625880901913,"logrmse"
2019-08-28,206,272.508996809012,1492,200.036084721018,"logrmse"
2019-08-28,3744,269.068133322277,18140,2214.84452295198,"logrmse"
2019-08-28,449,272.272668423688,2713,382.359190870148,"logrmse"
2019-08-28,155,272.558596593586,1750,209.683264301713,"logrmse"
2019-08-28,219,272.49635372667,2325,269.263622461309,"logrmse"
2019-08-28,156,272.557624048791,1172,144.243961059067,"logrmse"
2019-08-28,265,272.451616666073,5314,650.039106440481,"logrmse"
2019-08-28,361,272.358252365698,2108,294.175632899524,"logrmse"
2019-08-28,664,272.06357129264,585,86.9356632017435,"logrmse"
2019-08-28,78,272.633482542845,1033,155.996883410257,"logrmse"
2019-08-28,651,272.076214374982,4120,651.846577462102,"logrmse"
2019-08-28,497,272.225986273501,1934,319.942088088769,"logrmse"
2019-08-28,223,272.492463547487,2819,399.60077297587,"logrmse"
2019-08-28,986,271.750411868466,8335,1092.63882393224,"logrmse"
2019-08-28,4056,268.764699346058,6738,851.411564268858,"logrmse"
2019-08-28,276,272.440918673322,1216,175.357330349957,"logrmse"
2019-08-28,229,272.486628278714,3555,402.012341429795,"logrmse"
2019-08-28,196,272.518722256968,2019,253.607635584467,"logrmse"
2019-08-28,220,272.495381181874,1085,170.228780120812,"logrmse"
2019-08-28,301,272.416605053433,3119,422.897650612621,"logrmse"
2019-08-28,480,272.242519535025,3968,454.082127483692,"logrmse"
2019-08-28,474,272.248354803799,3199,354.750486699618,"logrmse"
2019-08-28,104,272.608196378161,1004,123.360895300254,"logrmse"
2019-08-28,56,272.654878528348,826,113.541413043837,"logrmse"
2019-08-28,228,272.48760082351,1696,247.036827130107,"logrmse"
2019-08-28,375,272.34463673856,2597,390.846131973193,"logrmse"
2019-08-28,443,272.278503692461,1676,216.976360497319,"logrmse"
2019-08-28,295,272.422440322206,637,80.5730236249205,"logrmse"
2019-08-28,79,272.63250999805,1187,141.427192005394,"logrmse"
2019-08-28,1182,271.559793088533,5034,605.287589378971,"logrmse"
2019-08-28,193,272.521639891355,2038,237.183101458626,"logrmse"
2019-08-28,76,272.635427632437,503,73.3595910213555,"logrmse"
2019-08-28,101,272.611114012547,432,61.6339585782533,"logrmse"
2019-08-28,595,272.130676883534,4407,551.796162220846,"logrmse"
2019-08-28,534,272.190002116064,3106,390.118432503861,"logrmse"
2019-08-28,399,272.321295663467,10584,1172.88935438179,"logrmse"
2019-08-28,104,272.608196378161,1442,188.859270738741,"logrmse"
2019-08-28,276,272.440918673322,1442,187.198466807823,"logrmse"
2019-08-28,342,272.376730716814,1521,199.469360755185,"logrmse"
2019-08-28,177,272.537200608084,1251,215.437845756307,"logrmse"
2019-08-28,158,272.5556789592,2064,272.813522994015,"logrmse"
2019-08-28,79,272.63250999805,5587,805.769426000734,"logrmse"
2019-08-28,197,272.517749712172,2796,351.761126848612,"logrmse"
2019-08-28,113,272.599443475,518,120.404390490196,"logrmse"
2019-08-28,1008,271.729015882963,3834,427.358187969207,"logrmse"
2019-08-28,98,272.614031646934,1189,171.014722760475,"logrmse"
2019-08-28,70,272.64126290121,844,103.457722504129,"logrmse"
2019-08-28,360,272.359224910494,2471,312.448345264256,"logrmse"
2019-08-28,839,271.893375953415,3802,470.87223723883,"logrmse"
2019-08-28,214,272.501216450648,1535,200.774154589577,"logrmse"
2019-08-28,364,272.355334731312,1848,228.405665722618,"logrmse"
2019-08-28,198,272.516777167377,8899,1022.75501638725,"logrmse"
2019-08-28,83,272.628619818868,812,128.226346946334,"logrmse"
2019-08-28,139,272.574157310316,1665,244.660427651024,"logrmse"
2019-08-28,630,272.096637815689,4733,597.320649635098,"logrmse"
2019-08-28,209,272.506079174625,3213,457.600834137994,"logrmse"
2019-08-28,205,272.509969353808,1288,182.946322854082,"logrmse"
2019-08-28,159,272.554706414404,1266,185.433145282161,"logrmse"
2019-08-28,160,272.553733869608,1180,176.852982358694,"logrmse"
2019-08-28,404,272.316432939489,2272,329.835889842485,"logrmse"
2019-08-28,192,272.52261243615,565,70.1666831268784,"logrmse"
2019-08-28,96,272.615976736525,910,117.430359759536,"logrmse"
2019-08-28,87,272.624729639685,1107,135.400555750911,"logrmse"
2019-08-28,1794,270.964595673643,4512,582.391053023614,"logrmse"
2019-08-28,295,272.422440322206,3907,516.190812673958,"logrmse"
2019-08-28,101,272.611114012547,1658,221.383527284334,"logrmse"
2019-08-28,317,272.401044336704,1890,275.861155192479,"logrmse"
2019-08-28,247,272.469122472394,1162,178.961172262482,"logrmse"
2019-08-28,126,272.586800392658,829,129.410985926778,"logrmse"
2019-08-28,78,272.633482542845,1046,130.452356861546,"logrmse"
2019-08-28,156,272.557624048791,868,109.620300439701,"logrmse"
2019-08-28,138,272.575129855111,2539,341.794931425317,"logrmse"
2019-08-28,177,272.537200608084,1660,218.869059869379,"logrmse"
2019-08-28,861,271.871979967912,3490,450.093947187357,"logrmse"
2019-08-28,886,271.847666348023,5381,596.740983846579,"logrmse"
2019-08-28,511,272.212370646363,5630,622.582298232351,"logrmse"
2019-08-28,212,272.503161540239,1456,197.33283352761,"logrmse"
2019-08-28,301,272.416605053433,1754,214.679949845815,"logrmse"
2019-08-28,342,272.376730716814,1807,238.638734477679,"logrmse"
2019-08-28,505,272.218205915136,2042,256.977434279611,"logrmse"
2019-08-28,294,272.423412867002,1840,274.415473737509,"logrmse"
2019-08-28,346,272.372840537632,3795,566.573458302757,"logrmse"
2019-08-28,529,272.194864840042,2226,285.561923930326,"logrmse"
2019-08-28,194,272.520667346559,1110,155.672228398764,"logrmse"
2019-08-28,337,272.381593440792,3322,386.496736313899,"logrmse"
2019-08-28,360,272.359224910494,1771,199.852458872438,"logrmse"
2019-08-28,340,272.378675806405,2672,318.296770608988,"logrmse"
2019-08-28,508,272.215288280749,915,113.761568168143,"logrmse"
2019-08-28,133,272.579992579089,2049,226.612469893002,"logrmse"
2019-08-28,126,272.586800392658,1969,217.710161036949,"logrmse"
2019-08-28,399,272.321295663467,1857,225.352293191959,"logrmse"
2019-08-28,260,272.456479390051,1508,210.247233151675,"logrmse"
2019-08-28,457,272.264888065323,2910,302.968615748224,"logrmse"
2019-08-28,782,271.948811006762,2569,270.180852039494,"logrmse"
2019-08-28,598,272.127759249148,2662,290.210524106049,"logrmse"
2019-08-28,309,272.408824695068,2099,314.259183560574,"logrmse"
2019-08-28,771,271.959508999514,2303,249.718030499931,"logrmse"
2019-08-28,0,272.7093410369,3389,484.312821740371,"logrmse"
2019-08-28,411,272.30962512592,1652,233.726294482202,"logrmse"
2019-08-28,247,272.469122472394,1864,255.119816983935,"logrmse"
2019-08-28,313,272.404934515886,2832,355.181547973571,"logrmse"
2019-08-28,718,272.011053873679,2237,280.261439426635,"logrmse"
2019-08-28,298,272.419522687819,1818,232.293239069514,"logrmse"
2019-08-28,128,272.584855303067,1282,161.920223798069,"logrmse"
2019-08-28,237,272.478847920349,2175,269.422540126843,"logrmse"
2019-08-28,341,272.37770326161,1943,270.716434480295,"logrmse"
2019-08-28,207,272.508024264217,4058,512.308052928485,"logrmse"
2019-08-28,278,272.438973583731,3561,404.567368528535,"logrmse"
2019-08-28,583,272.142347421081,3225,453.661258941247,"logrmse"
2019-08-28,475,272.247382259003,2445,354.903302665669,"logrmse"
2019-08-28,408,272.312542760306,7637,945.337906255556,"logrmse"
2019-08-28,264,272.452589210869,2630,401.508131047071,"logrmse"
2019-08-28,251,272.465232293211,2979,344.002049776034,"logrmse"
2019-08-28,262,272.45453430046,1933,251.47122545278,"logrmse"
2019-08-28,250,272.466204838007,589,93.7908777253276,"logrmse"
2019-08-28,251,272.465232293211,878,116.898067879569,"logrmse"
2019-08-28,145,272.568322041542,1540,214.74002096137,"logrmse"
2019-08-28,474,272.248354803799,4640,598.561391915897,"logrmse"
2019-08-28,240,272.475930285963,3009,442.82557986128,"logrmse"
2019-08-28,568,272.156935593015,1811,227.613977233067,"logrmse"
2019-08-28,504,272.219178459932,7447,1012.9410492239,"logrmse"
2019-08-28,190,272.524557525741,3785,539.751700950048,"logrmse"
2019-08-28,472,272.25029989339,1572,264.236346627578,"logrmse"
2019-08-28,310,272.407852150273,3541,515.417859647367,"logrmse"
2019-08-28,334,272.384511075179,2457,328.113762528103,"logrmse"
2019-08-28,72,272.639317811619,633,90.2716282316563,"logrmse"
2019-08-28,411,272.30962512592,4154,568.263094230149,"logrmse"
2019-08-28,725,272.00424606011,2425,307.782522888921,"logrmse"
2019-08-28,955,271.780560757128,5071,666.510948091043,"logrmse"
2019-08-28,482,272.240574445434,2171,353.106718535491,"logrmse"
2019-08-28,416,272.304762401942,2439,316.954077982452,"logrmse"
2019-08-28,963,271.772780398764,2791,393.101097900893,"logrmse"
2019-08-28,241,272.474957741167,2281,300.148999750803,"logrmse"
2019-08-28,481,272.24154699023,5877,724.836688234742,"logrmse"
2019-08-28,879,271.854474161592,1284,175.746129302665,"logrmse"
2019-08-28,293,272.424385411797,1188,156.426275923311,"logrmse"
2019-08-28,774,271.956591365127,5536,661.704896752828,"logrmse"
2019-08-28,385,272.334911290605,2394,290.756462390161,"logrmse"
2019-08-28,483,272.239601900639,1018,209.822702741844,"logrmse"
2019-08-28,26,272.684054872215,2250,343.458107275044,"logrmse"
2019-08-28,257,272.459397024438,1877,210.405700177255,"logrmse"
2019-08-28,259,272.457451934847,892,152.098796554392,"logrmse"
2019-08-28,171,272.543035876857,877,121.372251709877,"logrmse"
2019-08-28,383,272.336856380196,1032,134.203928215111,"logrmse"
2019-08-28,138,272.575129855111,1411,170.066645677954,"logrmse"
2019-08-28,125,272.587772937454,1086,146.652637571952,"logrmse"
2019-08-28,202,272.512886988194,3666,439.281449497301,"logrmse"
2019-08-28,339,272.379648351201,4496,519.88232246175,"logrmse"
2019-08-28,309,272.408824695068,3758,475.352516673973,"logrmse"
2019-08-28,750,271.979932440221,3472,434.575768674487,"logrmse"
2019-08-28,61,272.65001580437,940,122.232890994973,"logrmse"
2019-08-28,138,272.575129855111,1086,140.917097289723,"logrmse"
2019-08-28,146,272.567349496746,1528,185.663597320487,"logrmse"
2019-08-28,291,272.426330501388,1601,188.613756529504,"logrmse"
2019-08-28,130,272.582910213476,638,84.6722620398715,"logrmse"
2019-08-28,111,272.601388564592,604,94.2966320324063,"logrmse"
2019-08-28,1372,271.375009577375,11017,1301.81275973143,"logrmse"
2019-08-28,373,272.346581828152,3074,365.598453944353,"logrmse"
2019-08-28,155,272.558596593586,776,105.344687936585,"logrmse"
2019-08-28,191,272.523584980946,1589,196.176696021449,"logrmse"
2019-08-28,239,272.476902830758,2087,238.596772149516,"logrmse"
2019-08-28,127,272.585827847862,1709,235.819239883724,"logrmse"
2019-08-28,140,272.57318476552,1419,172.367525090652,"logrmse"
2019-08-28,174,272.54011824247,1483,203.783536292158,"logrmse"
2019-08-28,232,272.483710644327,1609,196.142868170875,"logrmse"
2019-08-28,135,272.578047489498,3346,479.078866922239,"logrmse"
2019-08-28,456,272.265860610119,6966,825.447930992147,"logrmse"
2019-08-28,480,272.242519535025,4008,505.302613800129,"logrmse"
2019-08-28,1173,271.568545991693,3112,380.970787440007,"logrmse"
2019-08-28,84,272.627647274072,1213,204.867114300211,"logrmse"
2019-08-28,1062,271.676498464002,4386,510.580065428794,"logrmse"
2019-08-28,210,272.50510662983,977,119.907985175175,"logrmse"
2019-08-28,161,272.552761324813,1473,185.80171087442,"logrmse"
2019-08-28,538,272.186111936882,1067,133.206853828565,"logrmse"
2019-08-28,112,272.600416019796,1851,208.671114587084,"logrmse"
2019-08-28,157,272.556651503995,1424,166.974716532345,"logrmse"
2019-08-28,228,272.48760082351,983,133.639571021646,"logrmse"
2019-08-28,87,272.624729639685,1307,170.045609398603,"logrmse"
2019-08-28,165,272.548871145631,595,97.7343671214011,"logrmse"
2019-08-28,340,272.378675806405,1160,153.025700790002,"logrmse"
2019-08-28,448,272.273640968484,7730,930.801868358284,"logrmse"
2019-08-28,350,272.36895035845,3641,590.068251604677,"logrmse"
2019-08-28,519,272.204590287998,3916,511.432167855797,"logrmse"
2019-08-28,4252,268.574080566126,10710,1334.06016861614,"logrmse"
2019-08-28,1390,271.357503771054,5804,801.250031255516,"logrmse"
2019-08-28,475,272.247382259003,1894,239.816000427955,"logrmse"
2019-08-28,257,272.459397024438,848,152.867142798717,"logrmse"
2019-08-28,217,272.498298816261,1252,180.254994832361,"logrmse"
2019-08-28,302,272.415632508637,2387,389.236163956821,"logrmse"
2019-08-28,171,272.543035876857,1707,249.840900620037,"logrmse"
2019-08-28,113,272.599443475,1184,200.620738632202,"logrmse"
2019-08-28,98,272.614031646934,3308,451.848860411723,"logrmse"
2019-08-28,320,272.398126702317,4276,539.104607747833,"logrmse"
2019-08-28,175,272.539145697675,1412,188.08917696558,"logrmse"
2019-08-28,255,272.461342114029,1003,168.095577575846,"logrmse"
2019-08-28,2505,270.273116323991,22157,2462.35119525002,"logrmse"
2019-08-28,453,272.268778244506,5515,793.974601456612,"logrmse"
2019-08-28,139,272.574157310316,1731,221.366497267139,"logrmse"
2019-08-28,737,271.992575522563,4476,510.092642828549,"logrmse"
2019-08-28,181,272.533310428901,2629,332.412043487214,"logrmse"
2019-08-28,744,271.985767708994,3645,425.223921467046,"logrmse"
2019-08-28,491,272.231821542274,3618,482.816757706575,"logrmse"
2019-08-28,191,272.523584980946,2918,387.272049656437,"logrmse"
2019-08-28,855,271.877815236686,4160,473.464880076173,"logrmse"
2019-08-28,2531,270.247830159306,10014,1254.85017544008,"logrmse"
2019-08-28,2110,270.657271518242,10426,1204.63344186963,"logrmse"
2019-08-28,723,272.006191149701,181,43.3787530083869,"logrmse"
2019-08-28,54,272.656823617939,1440,208.663511673189,"logrmse"
2019-08-28,158,272.5556789592,831,141.890913749028,"logrmse"
2019-08-28,143,272.570267131133,1245,159.086590410263,"logrmse"
2019-08-28,231,272.484683189123,1108,161.732552411619,"logrmse"
2019-08-28,1211,271.531589289462,7851,915.795759975081,"logrmse"
2019-08-28,676,272.051900755093,4218,542.21430349826,"logrmse"
2019-08-28,193,272.521639891355,3706,500.060562987712,"logrmse"
2019-08-28,244,272.47204010678,1181,168.560486115155,"logrmse"
2019-08-28,411,272.30962512592,1489,207.780338258387,"logrmse"
2019-08-28,216,272.499271361056,2521,337.633807260856,"logrmse"
2019-08-28,396,272.324213297853,4769,594.245614916608,"logrmse"
2019-08-28,331,272.387428709566,5099,624.046588027527,"logrmse"
2019-08-28,1135,271.605502693925,7990,972.545046629836,"logrmse"
2019-08-28,145,272.568322041542,1671,248.230573940194,"logrmse"
2019-08-28,435,272.286284050826,7516,1027.43860248093,"logrmse"
2019-08-28,190,272.524557525741,2688,341.226353100056,"logrmse"
2019-08-28,116,272.596525840614,1406,195.801813932864,"logrmse"
2019-08-28,197,272.517749712172,1832,314.205732558159,"logrmse"
2019-08-28,208,272.507051719421,3023,454.306707688812,"logrmse"
2019-08-28,337,272.381593440792,1866,228.300319560264,"logrmse"
2019-08-28,176,272.538173152879,2021,240.843339078993,"logrmse"
2019-08-28,443,272.278503692461,6722,834.468851044992,"logrmse"
2019-08-28,305,272.41271487425,667,94.6742509015463,"logrmse"
2019-08-28,208,272.507051719421,1571,204.589092691509,"logrmse"
2019-08-28,107,272.605278743774,1345,173.221320905278,"logrmse"
2019-08-28,100,272.612086557343,1634,195.141697253187,"logrmse"
2019-08-28,437,272.284338961235,2412,290.273358124338,"logrmse"
2019-08-28,110,272.602361109387,1149,162.261200053972,"logrmse"
2019-08-28,223,272.492463547487,1576,202.16426970834,"logrmse"
2019-08-28,181,272.533310428901,1487,180.155936978171,"logrmse"
2019-08-28,2328,270.445256752807,9668,1212.87115226871,"logrmse"
2019-08-28,752,271.97798735063,2160,304.917931087117,"logrmse"
2019-08-28,494,272.228903907887,4696,616.319650163329,"logrmse"
2019-08-28,430,272.291146774804,3322,403.993099737015,"logrmse"
2019-08-28,222,272.493436092283,3979,549.782970580851,"logrmse"
2019-08-28,78,272.633482542845,1013,148.592490087553,"logrmse"
2019-08-28,347,272.371867992836,3421,376.13315379979,"logrmse"
2019-08-28,253,272.46328720362,1791,279.855127836383,"logrmse"
2019-08-28,600,272.125814159557,1722,233.6449877154,"logrmse"
2019-08-28,159,272.554706414404,3009,355.973320145494,"logrmse"
2019-08-28,251,272.465232293211,3939,491.653363497228,"logrmse"
2019-08-28,256,272.460369569234,2073,314.986639901137,"logrmse"
2019-08-28,88,272.62375709489,945,115.560924240834,"logrmse"
2019-08-28,911,271.823352728134,5060,660.713303259218,"logrmse"
2019-08-28,716,272.01299896327,2399,306.947364088147,"logrmse"
2019-08-28,584,272.141374876286,2129,284.238629234306,"logrmse"
2019-08-28,233,272.482738099532,580,107.054681146553,"logrmse"
2019-08-28,226,272.489545913101,2478,294.027521821856,"logrmse"
2019-08-28,170,272.544008421653,1410,186.664862812594,"logrmse"
2019-08-28,156,272.557624048791,700,97.408630446118,"logrmse"
2019-08-28,197,272.517749712172,1124,147.428604273367,"logrmse"
2019-08-28,238,272.477875375554,1671,219.230939812121,"logrmse"
2019-08-28,181,272.533310428901,1239,173.762900825172,"logrmse"
2019-08-28,171,272.543035876857,1728,221.687066423811,"logrmse"
2019-08-28,204,272.510941898603,1165,162.776000143811,"logrmse"
2019-08-28,143,272.570267131133,2168,270.031088669292,"logrmse"
2019-08-28,281,272.436055949344,1105,142.099712027437,"logrmse"
2019-08-28,283,272.434110859753,4774,629.227683363933,"logrmse"
2019-08-28,184,272.530392794515,1365,179.268671126009,"logrmse"
2019-08-28,268,272.448699031687,2396,289.188692684241,"logrmse"
2019-08-28,399,272.321295663467,2065,279.866747179923,"logrmse"
2019-08-28,223,272.492463547487,2633,348.20240933815,"logrmse"
2019-08-28,207,272.508024264217,1081,123.413512725957,"logrmse"
2019-08-28,506,272.21723337034,4471,546.49632177356,"logrmse"
2019-08-28,370,272.349499462538,1182,143.320194237544,"logrmse"
2019-08-28,547,272.177359033722,2357,349.131003573121,"logrmse"
2019-08-28,769,271.961454089105,4625,627.431501318164,"logrmse"
2019-08-28,497,272.225986273501,2340,417.889369119572,"logrmse"
2019-08-28,226,272.489545913101,1416,256.70613958178,"logrmse"
2019-08-28,2237,270.533758329204,4221,526.889844538459,"logrmse"
2019-08-28,79,272.63250999805,3368,415.430581545303,"logrmse"
2019-08-28,156,272.557624048791,1350,174.13560819476,"logrmse"
2019-08-28,377,272.342691648969,1390,172.875415619207,"logrmse"
2019-08-28,63,272.648070714779,860,151.062283042959,"logrmse"
2019-08-28,737,271.992575522563,1826,280.664332026069,"logrmse"
2019-08-28,327,272.391318888748,3339,451.250862106929,"logrmse"
2019-08-28,510,272.213343191158,2846,355.693281050977,"logrmse"
2019-08-28,221,272.494408637079,2110,294.825285151519,"logrmse"
2019-08-28,255,272.461342114029,1887,297.725069024624,"logrmse"
2019-08-28,277,272.439946128527,2334,296.805351073614,"logrmse"
2019-08-28,755,271.975069716243,5438,607.207057372241,"logrmse"
2019-08-28,469,272.253217527777,2695,317.539189696146,"logrmse"
2019-08-28,975,271.761109861217,7203,813.314664013984,"logrmse"
2019-08-28,490,272.23279408707,3063,347.063410903634,"logrmse"
2019-08-28,793,271.938113014011,3029,364.438163107227,"logrmse"
2019-08-28,128,272.584855303067,1204,151.861145218634,"logrmse"
2019-08-28,283,272.434110859753,2022,398.297935795112,"logrmse"
2019-08-28,265,272.451616666073,1799,236.415435182278,"logrmse"
2019-08-28,131,272.58193766868,1629,187.999050437381,"logrmse"
2019-08-28,106,272.606251288569,386,77.8306394177783,"logrmse"
2019-08-28,1158,271.583134163627,3446,503.119689427692,"logrmse"
2019-08-28,456,272.265860610119,4103,471.465027800299,"logrmse"
2019-08-28,438,272.283366416439,2265,261.361244128967,"logrmse"
2019-08-28,643,272.083994733347,1604,192.788987749631,"logrmse"
2019-08-28,228,272.48760082351,3218,376.593954789912,"logrmse"
2019-08-28,256,272.460369569234,2258,267.106473651974,"logrmse"
2019-08-28,410,272.310597670715,1321,245.549529277014,"logrmse"
2019-08-28,387,272.332966201014,2425,317.35961751666,"logrmse"
2019-08-28,403,272.317405484284,2222,271.4703313774,"logrmse"
2019-08-28,198,272.516777167377,4837,666.100863553568,"logrmse"
2019-08-28,2944,269.846169158735,7102,791.546004117712,"logrmse"
2019-08-28,2218,270.55223668032,9933,1166.06447055785,"logrmse"
2019-08-28,545,272.179304123313,9882,1179.39896932008,"logrmse"
2019-08-28,1609,271.144516460824,21641,2429.02019163764,"logrmse"
2019-08-28,156,272.557624048791,2099,298.0737443492,"logrmse"
2019-08-28,628,272.098582905281,1978,273.449486859286,"logrmse"
2019-08-28,2060,270.705898758021,10197,1246.28020978233,"logrmse"
2019-08-28,120,272.592635661431,2196,298.992896369889,"logrmse"
2019-08-28,832,271.900183766984,3365,577.534422107021,"logrmse"
2019-08-28,329,272.389373799157,3955,502.159630379819,"logrmse"
2019-08-28,199,272.515804622581,2565,315.014158280267,"logrmse"
2019-08-28,382,272.337828924991,1389,182.584219700843,"logrmse"
2019-08-28,335,272.383538530383,3148,356.11103548353,"logrmse"
2019-08-28,0,272.7093410369,9405,1316.68537178362,"logrmse"
2019-08-28,944,271.79125874988,5860,845.12612643185,"logrmse"
2019-08-28,45,272.665576521099,1538,235.359512531564,"logrmse"
2019-08-28,556,272.168606130562,7657,848.317719032287,"logrmse"
2019-08-28,4381,268.448622287497,7818,882.228592417604,"logrmse"
2019-08-28,372,272.347554372947,2082,273.144294115876,"logrmse"
2019-08-28,327,272.391318888748,2251,302.040010365718,"logrmse"
2019-08-28,493,272.229876452683,3343,442.279878968847,"logrmse"
2019-08-28,1457,271.292343269751,8301,943.962435323498,"logrmse"
2019-08-28,1365,271.381817390944,10805,1188.03052813613,"logrmse"
2019-08-28,172,272.542063332062,6704,843.317504332866,"logrmse"
2019-08-28,2601,270.179752023616,3834,491.650164822498,"logrmse"
2019-08-28,830,271.902128856575,7012,781.160148755628,"logrmse"
2019-08-28,766,271.964371723492,5709,705.049107384284,"logrmse"
2019-08-28,363,272.356307276107,3603,454.879138899091,"logrmse"
2019-08-28,346,272.372840537632,1718,228.47567767638,"logrmse"
2019-08-28,90,272.621812005299,2471,397.780874033814,"logrmse"
2019-08-28,241,272.474957741167,9373,1125.98105903114,"logrmse"
2019-08-28,521,272.202645198407,5890,716.352003314826,"logrmse"
2019-08-28,141,272.572212220724,1240,153.717133559793,"logrmse"
2019-08-28,432,272.289201685213,859,130.337343518796,"logrmse"
2019-08-28,261,272.455506845256,2766,357.554524799696,"logrmse"
2019-08-28,1304,271.441142623474,5845,677.076513830471,"logrmse"
2019-08-28,1080,271.658992657682,5278,619.771419660032,"logrmse"
2019-08-28,484,272.238629355843,1722,261.920181567088,"logrmse"
2019-08-28,706,272.022724411226,5117,768.39603265275,"logrmse"
2019-08-28,165,272.548871145631,637,97.1045589443727,"logrmse"
2019-08-28,87,272.624729639685,3207,379.699132290795,"logrmse"
2019-08-28,177,272.537200608084,691,80.843561867032,"logrmse"
2019-08-28,226,272.489545913101,6151,735.05662868648,"logrmse"
2019-08-28,502,272.221123549523,2941,352.539578205475,"logrmse"
2019-08-28,1217,271.525754020688,6137,702.609720862502,"logrmse"
2019-08-28,655,272.0723241958,2221,292.150244101316,"logrmse"
2019-08-28,348,272.370895448041,6403,778.286269161882,"logrmse"
2019-08-28,1158,271.583134163627,6725,827.717827794255,"logrmse"
2019-08-28,2463,270.313963205405,7764,879.212532535227,"logrmse"
2019-08-28,203,272.511914443399,2987,453.698211603242,"logrmse"
2019-08-28,317,272.401044336704,2604,311.217475888302,"logrmse"
2019-08-28,1110,271.629816313815,1901,257.983628494015,"logrmse"
2019-08-28,381,272.338801469787,5470,583.691028655283,"logrmse"
2019-08-28,542,272.1822217577,4296,482.446638090313,"logrmse"
2019-08-28,608,272.118033801192,2494,318.928088056356,"logrmse"
2019-08-28,467,272.255162617368,5276,623.886923894847,"logrmse"
2019-08-28,170,272.544008421653,2160,333.941840678716,"logrmse"
2019-08-28,226,272.489545913101,5575,646.952580669127,"logrmse"
2019-08-28,369,272.350472007334,521,117.741898467014,"logrmse"
2019-08-28,180,272.534282973697,712,78.824429262888,"logrmse"
2019-08-28,255,272.461342114029,2984,426.369991363732,"logrmse"
2019-08-28,700,272.028559679999,1763,258.477144130575,"logrmse"
2019-08-28,224,272.491491002692,2185,375.617988876422,"logrmse"
2019-08-28,278,272.438973583731,2085,310.800986658564,"logrmse"
2019-08-28,158,272.5556789592,1346,199.678831580247,"logrmse"
2019-08-28,274,272.442863762913,1730,245.291043321239,"logrmse"
2019-08-28,432,272.289201685213,3069,370.423409332066,"logrmse"
2019-08-28,916,271.818490004156,1776,234.866621907418,"logrmse"
2019-08-28,439,272.282393871644,2509,374.431351140856,"logrmse"
2019-08-28,155,272.558596593586,1635,218.977100210079,"logrmse"
2019-08-28,427,272.294064409191,2515,290.95692332721,"logrmse"
2019-08-28,453,272.268778244506,3031,391.696858455189,"logrmse"
2019-08-28,301,272.416605053433,3457,414.98081383997,"logrmse"
2019-08-28,111,272.601388564592,965,226.406980250759,"logrmse"
2019-08-28,291,272.426330501388,4641,600.699526327132,"logrmse"
2019-08-28,123,272.589718027045,4129,558.667782663229,"logrmse"
2019-08-28,221,272.494408637079,3105,350.521749104863,"logrmse"
2019-08-28,248,272.468149927598,1036,134.580730095906,"logrmse"
2019-08-28,127,272.585827847862,2733,337.63425485152,"logrmse"
2019-08-28,72,272.639317811619,779,91.6578227405015,"logrmse"
2019-08-28,220,272.495381181874,1029,133.377615795941,"logrmse"
2019-08-28,414,272.306707491533,1755,248.251274106165,"logrmse"
2019-08-28,1066,271.67260828482,2955,432.804677964121,"logrmse"
2019-08-28,324,272.394236523135,1467,211.511868494369,"logrmse"
2019-08-28,299,272.418550143024,2361,317.627921887717,"logrmse"
2019-08-28,330,272.388401254361,2292,314.560234934326,"logrmse"
2019-08-28,662,272.065516382231,2359,321.581550532162,"logrmse"
2019-08-28,1190,271.552012730169,5747,644.001844398842,"logrmse"
2019-08-28,570,272.154990503424,3199,459.929448334775,"logrmse"
2019-08-28,687,272.041202762342,4106,513.77505243456,"logrmse"
2019-08-28,116,272.596525840614,1045,138.847462111818,"logrmse"
2019-08-28,132,272.580965123885,1046,135.73841719871,"logrmse"
2019-08-28,156,272.557624048791,1136,143.929199647711,"logrmse"
2019-08-28,157,272.556651503995,651,87.3765145943436,"logrmse"
2019-08-28,242,272.473985196372,2085,284.276271357698,"logrmse"
2019-08-28,178,272.536228063288,1685,242.886781400789,"logrmse"
2019-08-28,280,272.43702849414,1722,204.98419087111,"logrmse"
2019-08-28,377,272.342691648969,2319,302.701002172181,"logrmse"
2019-08-28,1062,271.676498464002,4190,545.954911728239,"logrmse"
2019-08-28,353,272.366032724063,2037,262.63783310703,"logrmse"
2019-08-28,318,272.400071791908,2563,412.103097319415,"logrmse"
2019-08-28,93,272.618894370912,847,108.176765263758,"logrmse"
2019-08-28,217,272.498298816261,1225,249.382770261673,"logrmse"
2019-08-28,579,272.146237600264,7466,1003.1592526822,"logrmse"
2019-08-28,720,272.009108784088,3513,472.727238021505,"logrmse"
2019-08-28,768,271.9624266339,6987,938.038624547621,"logrmse"
2019-08-28,401,272.319350573876,2773,361.554896467375,"logrmse"
2019-08-28,270,272.446753942095,3902,470.580693201755,"logrmse"
2019-08-28,394,272.326158387445,1590,204.260331386444,"logrmse"
2019-08-28,293,272.424385411797,2175,281.440389699838,"logrmse"
2019-08-28,578,272.147210145059,2219,275.460451037858,"logrmse"
2019-08-28,209,272.506079174625,1618,198.432901657891,"logrmse"
2019-08-28,68,272.643207990801,799,119.140483611524,"logrmse"
2019-08-28,142,272.571239675929,861,129.669501617264,"logrmse"
2019-08-28,178,272.536228063288,2117,249.572684428307,"logrmse"
2019-08-28,166,272.547898600835,708,110.089952069957,"logrmse"
2019-08-28,61,272.65001580437,827,124.30132828412,"logrmse"
2019-08-28,346,272.372840537632,3313,488.492029206447,"logrmse"
2019-08-28,532,272.191947205656,1927,250.194018731408,"logrmse"
2019-08-28,97,272.61500419173,1921,244.868316923429,"logrmse"
2019-08-28,167,272.546926056039,699,87.138416577151,"logrmse"
2019-08-28,244,272.47204010678,1526,209.202980750946,"logrmse"
2019-08-28,199,272.515804622581,2153,247.034940238768,"logrmse"
2019-08-28,143,272.570267131133,705,100.245943958504,"logrmse"
2019-08-28,117,272.595553295818,930,114.130634171144,"logrmse"
2019-08-28,70,272.64126290121,453,64.0859760021857,"logrmse"
2019-08-28,88,272.62375709489,544,76.251931518127,"logrmse"
2019-08-28,97,272.61500419173,732,93.6086167066534,"logrmse"
2019-08-28,422,272.298927133168,1841,247.387202957015,"logrmse"
2019-08-28,587,272.138457241899,2806,361.991063712409,"logrmse"
2019-08-28,209,272.506079174625,1100,143.260414717899,"logrmse"
2019-08-28,623,272.103445629258,2672,345.205971551465,"logrmse"
2019-08-28,314,272.40396197109,1438,180.341557041279,"logrmse"
2019-08-28,637,272.08983000212,2080,259.06981792465,"logrmse"
2019-08-28,442,272.279476237257,1923,225.624141106568,"logrmse"
2019-08-28,218,272.497326271465,1224,162.119003471762,"logrmse"
2019-08-28,194,272.520667346559,1020,137.550918087744,"logrmse"
2019-08-28,169,272.544980966448,893,109.91483753858,"logrmse"
2019-08-28,219,272.49635372667,1045,129.491022426973,"logrmse"
2019-08-28,249,272.467177382803,1127,144.657985605955,"logrmse"
2019-08-28,124,272.588745482249,1381,184.178497489012,"logrmse"
2019-08-28,103,272.609168922956,781,97.8984404966477,"logrmse"
2019-08-28,197,272.517749712172,1041,133.529061407046,"logrmse"
2019-08-28,52,272.65876870753,818,110.44743030082,"logrmse"
2019-08-28,153,272.560541683178,1128,132.322181594925,"logrmse"
2019-08-28,76,272.635427632437,736,93.9580649414683,"logrmse"
2019-08-28,65,272.646125625188,789,99.5643132556811,"logrmse"
2019-08-28,94,272.617921826116,504,63.5420793065115,"logrmse"
2019-08-28,173,272.541090787266,1231,145.919796081004,"logrmse"
2019-08-28,152,272.561514227973,1132,141.648255026406,"logrmse"
2019-08-28,180,272.534282973697,1152,159.506485107631,"logrmse"
2019-08-28,188,272.526502615332,1763,234.952161785138,"logrmse"
2019-08-28,466,272.256135162163,2361,357.878153401236,"logrmse"
2019-08-28,296,272.421467777411,3980,477.001866259619,"logrmse"
2019-08-28,243,272.473012651576,2150,263.566820051743,"logrmse"
2019-08-28,331,272.387428709566,3561,442.497738194377,"logrmse"
2019-08-28,405,272.315460394693,1998,301.032370201809,"logrmse"
2019-08-28,206,272.508996809012,3228,379.221374085321,"logrmse"
2019-08-28,180,272.534282973697,785,89.9997275027111,"logrmse"
2019-08-28,863,271.870034878321,6865,768.940305329211,"logrmse"
2019-08-28,203,272.511914443399,1439,178.750247929238,"logrmse"
2019-08-28,214,272.501216450648,599,129.24117378066,"logrmse"
2019-08-28,243,272.473012651576,1675,206.953499730697,"logrmse"
2019-08-28,509,272.214315735954,4615,622.843730114891,"logrmse"
2019-08-28,135,272.578047489498,666,84.3882988033369,"logrmse"
2019-08-28,226,272.489545913101,4278,475.821971858244,"logrmse"
2019-08-28,726,272.003273515314,4177,513.538464310346,"logrmse"
2019-08-28,771,271.959508999514,4020,529.429135076417,"logrmse"
2019-08-28,306,272.411742329455,1300,167.096004707951,"logrmse"
2019-08-28,294,272.423412867002,2164,276.63039028904,"logrmse"
2019-08-28,1156,271.585079253218,5778,688.299435883165,"logrmse"
2019-08-28,256,272.460369569234,3642,440.509912228614,"logrmse"
2019-08-28,350,272.36895035845,2449,299.416966585446,"logrmse"
2019-08-28,370,272.349499462538,1145,144.601326262852,"logrmse"
2019-08-28,295,272.422440322206,2548,281.851858247081,"logrmse"
2019-08-28,255,272.461342114029,1279,159.114472019818,"logrmse"
2019-08-28,235,272.480793009941,2466,313.603371315607,"logrmse"
2019-08-28,270,272.446753942095,1340,180.210531766184,"logrmse"
2019-08-28,371,272.348526917743,1286,166.333601945942,"logrmse"
2019-08-28,584,272.141374876286,1382,186.174191810359,"logrmse"
2019-08-28,332,272.38645616477,1984,271.903588273833,"logrmse"
2019-08-28,599,272.126786704352,1094,159.961269829634,"logrmse"
2019-08-28,117,272.595553295818,1976,255.645423642765,"logrmse"
2019-08-28,973,271.763054950808,3132,436.610827644248,"logrmse"
2019-08-28,205,272.509969353808,4582,531.870267327548,"logrmse"
2019-08-28,342,272.376730716814,2712,404.835403407983,"logrmse"
2019-08-28,200,272.514832077786,2247,297.541561979477,"logrmse"
2019-08-28,270,272.446753942095,2244,273.282358519639,"logrmse"
2019-08-28,251,272.465232293211,2124,290.242238480311,"logrmse"
2019-08-28,100,272.612086557343,1119,141.366566651868,"logrmse"
2019-08-28,1457,271.292343269751,4008,488.854072590808,"logrmse"
2019-08-28,1232,271.511165848755,3802,520.145022303269,"logrmse"
2019-08-28,93,272.618894370912,768,94.0186891644005,"logrmse"
2019-08-28,38,272.672384334668,522,70.1893173076573,"logrmse"
2019-08-28,158,272.5556789592,3101,382.513327327967,"logrmse"
2019-08-28,809,271.922552297282,1788,302.043416309908,"logrmse"
2019-08-28,1072,271.666773016046,10360,1128.04806855697,"logrmse"
2019-08-28,71,272.640290356414,338,52.6669143217195,"logrmse"
2019-08-28,238,272.477875375554,3758,445.698928469288,"logrmse"
2019-08-28,155,272.558596593586,1007,130.078326373217,"logrmse"
2019-08-28,109,272.603333654183,1528,190.428612624311,"logrmse"
2019-08-28,232,272.483710644327,1673,288.20828498801,"logrmse"
2019-08-28,177,272.537200608084,813,109.284270491125,"logrmse"
2019-08-28,154,272.559569138382,1713,207.889253144824,"logrmse"
2019-08-28,295,272.422440322206,3570,435.873532337128,"logrmse"
2019-08-28,102,272.610141467752,1743,218.029282529492,"logrmse"
2019-08-28,146,272.567349496746,1543,197.176105311723,"logrmse"
2019-08-28,199,272.515804622581,855,117.899946247419,"logrmse"
2019-08-28,652,272.075241830187,1660,210.41970806488,"logrmse"
2019-08-28,331,272.387428709566,3505,438.542523469383,"logrmse"
2019-08-28,669,272.058708568662,4592,538.581143907511,"logrmse"
2019-08-28,417,272.303789857146,2604,343.32059710354,"logrmse"
2019-08-28,161,272.552761324813,895,136.671796920387,"logrmse"
2019-08-28,911,271.823352728134,3186,392.956468391203,"logrmse"
2019-08-28,733,271.996465701745,2269,311.50667137105,"logrmse"
2019-08-28,162,272.551788780017,2017,274.366076375992,"logrmse"
2019-08-29,171,277.511413549251,1748,234.506379797973,"logrmse"
2019-08-29,0,277.678420245492,3631,559.878622071716,"logrmse"
2019-08-29,354,277.332687084852,1591,209.357646055372,"logrmse"
2019-08-29,322,277.363939799938,2092,275.704621107956,"logrmse"
2019-08-29,267,277.417655403992,1718,208.464730367242,"logrmse"
2019-08-29,163,277.519226728022,1442,165.973067429453,"logrmse"
2019-08-29,125,277.556339327187,999,134.384722564796,"logrmse"
2019-08-29,242,277.442071587653,2195,287.13966363976,"logrmse"
2019-08-29,125,277.556339327187,1007,130.109154042266,"logrmse"
2019-08-29,210,277.47332430274,836,114.648882870814,"logrmse"
2019-08-29,201,277.482114128858,1115,149.022985767577,"logrmse"
2019-08-29,151,277.53094649618,1678,214.304622716343,"logrmse"
2019-08-29,143,277.538759674951,857,112.033894470103,"logrmse"
2019-08-29,81,277.59931181043,1076,150.25776587704,"logrmse"
2019-08-29,243,277.441094940307,1513,217.075332380015,"logrmse"
2019-08-29,219,277.464534476622,1448,207.842485397006,"logrmse"
2019-08-29,423,277.265298417948,5051,628.087315468864,"logrmse"
2019-08-29,100,277.580755510848,4447,620.049651972953,"logrmse"
2019-08-29,1122,276.582621922785,8809,1105.07162541884,"logrmse"
2019-08-29,320,277.365893094631,4067,553.342666725814,"logrmse"
2019-08-29,891,276.808227459813,3301,479.988051908873,"logrmse"
2019-08-29,185,277.497740486401,1134,151.473549215875,"logrmse"
2019-08-29,414,277.274088244066,3856,527.281258765735,"logrmse"
2019-08-29,243,277.441094940307,1546,221.880862272081,"logrmse"
2019-08-29,805,276.892219131607,6774,816.177206819168,"logrmse"
2019-08-29,185,277.497740486401,3238,440.365788598093,"logrmse"
2019-08-29,135,277.546572853723,2295,320.514334543966,"logrmse"
2019-08-29,128,277.553409385148,1266,149.358626841487,"logrmse"
2019-08-29,222,277.461604534582,1057,140.380608199744,"logrmse"
2019-08-29,167,277.515320138637,848,126.895564010835,"logrmse"
2019-08-29,302,277.383472746867,1744,228.991607512848,"logrmse"
2019-08-29,245,277.439141645614,1222,149.910968711895,"logrmse"
2019-08-29,241,277.443048235,1295,171.449106446569,"logrmse"
2019-08-29,177,277.505553665172,2094,255.628059631937,"logrmse"
2019-08-29,518,277.172516920036,2474,302.594477053962,"logrmse"
2019-08-29,127,277.554386032494,959,128.399232051772,"logrmse"
2019-08-29,189,277.493833897015,523,120.111756775379,"logrmse"
2019-08-29,701,276.993790455637,4202,563.574044991679,"logrmse"
2019-08-29,123,277.55829262188,2257,340.080549770875,"logrmse"
2019-08-29,936,276.764278329223,4506,579.18105604468,"logrmse"
2019-08-29,188,277.494810544361,517,69.7383906715596,"logrmse"
2019-08-29,1859,275.862832828458,13291,1664.50964798894,"logrmse"
2019-08-29,183,277.499693781093,1253,180.474833052565,"logrmse"
2019-08-29,200,277.483090776204,1788,238.680236206599,"logrmse"
2019-08-29,163,277.519226728022,541,79.4074829009361,"logrmse"
2019-08-29,80,277.600288457777,799,107.586343976389,"logrmse"
2019-08-29,78,277.60224175247,966,122.79076451117,"logrmse"
2019-08-29,129,277.552432737801,1069,165.856315878674,"logrmse"
2019-08-29,305,277.380542804828,2974,371.370756748077,"logrmse"
2019-08-29,287,277.398122457064,3788,444.326572891197,"logrmse"
2019-08-29,1132,276.572855449321,3567,405.952473162122,"logrmse"
2019-08-29,531,277.159820504532,3695,437.850017319694,"logrmse"
2019-08-29,590,277.102198311092,3914,535.634857857542,"logrmse"
2019-08-29,74,277.606148341856,1403,184.7749125754,"logrmse"
2019-08-29,116,277.565129153305,343,60.2817736919026,"logrmse"
2019-08-29,110,277.570989037384,567,88.6913657244899,"logrmse"
2019-08-29,112,277.569035742691,363,69.5991074867624,"logrmse"
2019-08-29,281,277.403982341142,1759,231.407926906653,"logrmse"
2019-08-29,380,277.307294253845,1892,247.574672337711,"logrmse"
2019-08-29,189,277.493833897015,2129,270.639551849979,"logrmse"
2019-08-29,108,277.572942332077,1712,211.033441551846,"logrmse"
2019-08-29,131,277.550479443108,1103,139.797534815984,"logrmse"
2019-08-29,211,277.472347655393,1021,123.789063425847,"logrmse"
2019-08-29,216,277.467464418661,1248,150.553588608673,"logrmse"
2019-08-29,556,277.135404320871,4089,568.49427054516,"logrmse"
2019-08-29,407,277.280924775491,1738,264.6950681682,"logrmse"
2019-08-29,584,277.10805819517,3705,433.252387958837,"logrmse"
2019-08-29,29,277.650097472445,1601,205.278797524406,"logrmse"
2019-08-29,336,277.350266737088,2758,381.863810434091,"logrmse"
2019-08-29,254,277.430351819496,3768,508.368989641867,"logrmse"
2019-08-29,106,277.574895626769,3547,503.086620363129,"logrmse"
2019-08-29,596,277.096338427013,4001,490.656839417765,"logrmse"
2019-08-29,644,277.049459354384,1627,246.416584020625,"logrmse"
2019-08-29,364,277.322920611388,1855,279.212536193234,"logrmse"
2019-08-29,399,277.288737954262,3320,437.519120719465,"logrmse"
2019-08-29,199,277.48406742355,2729,356.491527598269,"logrmse"
2019-08-29,334,277.352220031781,3172,423.989519361729,"logrmse"
2019-08-29,198,277.485044070897,2138,306.560082000823,"logrmse"
2019-08-29,131,277.550479443108,1527,199.565330528534,"logrmse"
2019-08-29,144,277.537783027605,1538,192.121026736171,"logrmse"
2019-08-29,322,277.363939799938,1422,187.737499423638,"logrmse"
2019-08-29,133,277.548526148415,1129,136.761624316828,"logrmse"
2019-08-29,89,277.591498631659,728,96.7000321335517,"logrmse"
2019-08-29,129,277.552432737801,823,107.347282484816,"logrmse"
2019-08-29,518,277.172516920036,2064,246.147307335008,"logrmse"
2019-08-29,156,277.526063259447,1054,125.54467101511,"logrmse"
2019-08-29,141,277.540712969644,1795,232.230830475613,"logrmse"
2019-08-29,235,277.448908119079,1946,239.543773814448,"logrmse"
2019-08-29,76,277.604195047163,376,69.3665139251513,"logrmse"
2019-08-29,170,277.512390196597,1027,141.611570313902,"logrmse"
2019-08-29,259,277.425468582764,879,127.82021197737,"logrmse"
2019-08-29,82,277.598335163084,969,119.831818534774,"logrmse"
2019-08-29,50,277.62958787817,742,105.683932870915,"logrmse"
2019-08-29,92,277.58856868962,667,80.3041679567511,"logrmse"
2019-08-29,224,277.459651239889,1374,180.731518686541,"logrmse"
2019-08-29,98,277.582708805541,1923,240.242012856144,"logrmse"
2019-08-29,180,277.502623723133,988,130.68760220766,"logrmse"
2019-08-29,225,277.458674592543,1071,142.286260808129,"logrmse"
2019-08-29,232,277.451838061118,3051,349.097466164393,"logrmse"
2019-08-29,136,277.545596206376,512,76.5164303338305,"logrmse"
2019-08-29,109,277.57196568473,956,120.335110241735,"logrmse"
2019-08-29,242,277.442071587653,1164,154.475307951555,"logrmse"
2019-08-29,87,277.593451926352,936,109.549627605093,"logrmse"
2019-08-29,210,277.47332430274,640,83.5033048537992,"logrmse"
2019-08-29,128,277.553409385148,746,96.5989766195883,"logrmse"
2019-08-29,74,277.606148341856,636,81.328592400465,"logrmse"
2019-08-29,164,277.518250080676,374,53.0471267932428,"logrmse"
2019-08-29,96,277.584662100234,820,108.671879926376,"logrmse"
2019-08-29,110,277.570989037384,1120,137.338827591265,"logrmse"
2019-08-29,483,277.206699577161,576,92.3595052918334,"logrmse"
2019-08-29,78,277.60224175247,1233,146.654444305143,"logrmse"
2019-08-29,499,277.191073219618,2354,302.122383487904,"logrmse"
2019-08-29,466,277.223302582051,3605,444.125886426558,"logrmse"
2019-08-29,963,276.737908850869,3425,403.95548727301,"logrmse"
2019-08-29,682,277.012346755219,2808,340.110335756574,"logrmse"
2019-08-29,403,277.284831364876,4620,525.878003924285,"logrmse"
2019-08-29,852,276.846316706324,3219,373.656148648132,"logrmse"
2019-08-29,87,277.593451926352,811,120.276705733613,"logrmse"
2019-08-29,88,277.592475279005,838,102.887980117095,"logrmse"
2019-08-29,135,277.546572853723,848,119.710301466496,"logrmse"
2019-08-29,107,277.573918979423,748,99.4045905859643,"logrmse"
2019-08-29,98,277.582708805541,615,82.3898802006616,"logrmse"
2019-08-29,76,277.604195047163,1127,132.621555243093,"logrmse"
2019-08-29,208,277.475277597432,882,115.449169159238,"logrmse"
2019-08-29,220,277.463557829275,588,74.2566548230358,"logrmse"
2019-08-29,72,277.608101636548,576,74.392638581773,"logrmse"
2019-08-29,531,277.159820504532,1741,225.72685563689,"logrmse"
2019-08-29,317,277.36882303667,1658,223.167802599485,"logrmse"
2019-08-29,63,277.616891462666,2667,336.797026253301,"logrmse"
2019-08-29,34,277.645214235713,514,84.5998631728808,"logrmse"
2019-08-29,346,277.340500263624,3877,485.533689021322,"logrmse"
2019-08-29,304,277.381519452174,1885,254.873749894009,"logrmse"
2019-08-29,316,277.369799684017,2592,322.302408741815,"logrmse"
2019-08-29,350,277.336593674238,1109,161.736126093302,"logrmse"
2019-08-29,161,277.521180022715,1063,144.191224249586,"logrmse"
2019-08-29,143,277.538759674951,1062,145.043838086591,"logrmse"
2019-08-29,156,277.526063259447,5906,735.734949278045,"logrmse"
2019-08-29,325,277.361009857899,1901,268.217842584267,"logrmse"
2019-08-29,1139,276.566018917896,4808,593.016537352344,"logrmse"
2019-08-29,178,277.504577017826,3942,513.262918544675,"logrmse"
2019-08-29,280,277.404958988489,2576,333.166769919675,"logrmse"
2019-08-29,322,277.363939799938,2326,317.852398021987,"logrmse"
2019-08-29,897,276.802367575734,8073,1066.6647073712,"logrmse"
2019-08-29,471,277.218419345318,2303,330.847240406381,"logrmse"
2019-08-29,434,277.254555297137,8058,1056.85535935747,"logrmse"
2019-08-29,99,277.581732158194,824,111.369815440672,"logrmse"
2019-08-29,118,277.563175858612,781,101.133609016121,"logrmse"
2019-08-29,198,277.485044070897,1939,257.356215771989,"logrmse"
2019-08-29,763,276.933238320157,4911,592.048822614305,"logrmse"
2019-08-29,367,277.319990669348,4044,455.191748159286,"logrmse"
2019-08-29,325,277.361009857899,1741,217.921170686962,"logrmse"
2019-08-29,131,277.550479443108,1750,236.300757038272,"logrmse"
2019-08-29,127,277.554386032494,1232,151.183593016302,"logrmse"
2019-08-29,89,277.591498631659,657,85.7318291821738,"logrmse"
2019-08-29,135,277.546572853723,1684,202.301113565046,"logrmse"
2019-08-29,168,277.51434349129,1230,164.056213147007,"logrmse"
2019-08-29,84,277.596381868391,1021,166.695079960588,"logrmse"
2019-08-29,144,277.537783027605,1090,171.548985691184,"logrmse"
2019-08-29,168,277.51434349129,1943,248.045481055805,"logrmse"
2019-08-29,726,276.969374271976,5985,758.243778077302,"logrmse"
2019-08-29,98,277.582708805541,2050,345.775422597715,"logrmse"
2019-08-29,653,277.040669528266,5825,726.373994304294,"logrmse"
2019-08-29,274,277.410818872567,2499,300.896572461514,"logrmse"
2019-08-29,516,277.174470214729,3462,389.286584410224,"logrmse"
2019-08-29,209,277.474300950086,1358,164.545868644409,"logrmse"
2019-08-29,292,277.393239220331,1485,190.234077070111,"logrmse"
2019-08-29,257,277.427421877457,2461,305.604841581281,"logrmse"
2019-08-29,568,277.123684552714,9184,1190.55431566079,"logrmse"
2019-08-29,1013,276.689076483547,5076,670.91253525912,"logrmse"
2019-08-29,337,277.349290089741,5858,821.65381843809,"logrmse"
2019-08-29,835,276.862919711214,4477,574.774090389831,"logrmse"
2019-08-29,568,277.123684552714,3122,407.980913650361,"logrmse"
2019-08-29,466,277.223302582051,6565,894.500048549091,"logrmse"
2019-08-29,111,277.570012390037,1852,311.129868356069,"logrmse"
2019-08-29,186,277.496763839054,1164,227.294647040117,"logrmse"
2019-08-29,0,277.678420245492,1541,262.493330056633,"logrmse"
2019-08-29,576,277.115871373942,1553,205.621437629296,"logrmse"
2019-08-29,540,277.151030678414,949,188.155245904986,"logrmse"
2019-08-29,542,277.149077383721,7378,1059.6834256414,"logrmse"
2019-08-29,508,277.1822833935,1505,195.528237571231,"logrmse"
2019-08-29,183,277.499693781093,9187,1136.72764686859,"logrmse"
2019-08-29,364,277.322920611388,1042,127.232650535055,"logrmse"
2019-08-29,223,277.460627887236,1511,201.872806953686,"logrmse"
2019-08-29,3742,274.023805875109,18229,2230.81304879509,"logrmse"
2019-08-29,446,277.242835528979,2750,390.153300652738,"logrmse"
2019-08-29,157,277.525086612101,1853,220.179139892374,"logrmse"
2019-08-29,213,277.4703943607,2384,276.954008944355,"logrmse"
2019-08-29,156,277.526063259447,1223,149.484744723833,"logrmse"
2019-08-29,307,277.378589510135,5338,653.91979810669,"logrmse"
2019-08-29,380,277.307294253845,2133,299.290048297377,"logrmse"
2019-08-29,694,277.000626987062,596,88.7781277234676,"logrmse"
2019-08-29,81,277.59931181043,1072,160.376241754542,"logrmse"
2019-08-29,659,277.034809644187,4277,668.816719082214,"logrmse"
2019-08-29,493,277.196933103697,1921,321.050955152632,"logrmse"
2019-08-29,203,277.480160834165,2805,400.031702218211,"logrmse"
2019-08-29,926,276.774044802688,8333,1096.85086941233,"logrmse"
2019-08-29,4095,273.679049361815,6696,850.679335518227,"logrmse"
2019-08-29,283,277.402029046449,1254,180.66311742339,"logrmse"
2019-08-29,240,277.444024882346,3568,404.876380399767,"logrmse"
2019-08-29,196,277.48699736559,2054,259.170751060322,"logrmse"
2019-08-29,195,277.487974012936,1113,173.994114825074,"logrmse"
2019-08-29,306,277.379566157481,3046,418.222695761132,"logrmse"
2019-08-29,472,277.217442697972,3908,450.595138238162,"logrmse"
2019-08-29,495,277.194979809004,3164,352.567659208836,"logrmse"
2019-08-29,128,277.553409385148,1004,123.560219407086,"logrmse"
2019-08-29,52,277.627634583477,815,112.973040667904,"logrmse"
2019-08-29,229,277.454768003157,1776,257.126722594656,"logrmse"
2019-08-29,393,277.294597838341,2611,394.433035638023,"logrmse"
2019-08-29,491,277.19888639839,1681,219.405899017441,"logrmse"
2019-08-29,265,277.419608698685,624,80.4197006611234,"logrmse"
2019-08-29,69,277.611031578588,1145,137.498283365109,"logrmse"
2019-08-29,1183,276.523046434652,5105,614.507687122535,"logrmse"
2019-08-29,207,277.476254244779,2039,238.574751375969,"logrmse"
2019-08-29,67,277.612984873281,494,72.0514562555075,"logrmse"
2019-08-29,103,277.577825568809,461,64.3696065508134,"logrmse"
2019-08-29,639,277.054342591116,4490,565.020735109399,"logrmse"
2019-08-29,555,277.136380968217,3331,414.932638724943,"logrmse"
2019-08-29,405,277.282878070183,10813,1199.75837536685,"logrmse"
2019-08-29,105,277.575872274116,1443,190.714327376944,"logrmse"
2019-08-29,288,277.397145809717,1434,187.174928499326,"logrmse"
2019-08-29,374,277.313154137923,1629,211.232795736122,"logrmse"
2019-08-29,190,277.492857249668,1275,218.96184905466,"logrmse"
2019-08-29,150,277.531923143526,2145,282.485741493509,"logrmse"
2019-08-29,69,277.611031578588,5660,816.670887486709,"logrmse"
2019-08-29,205,277.478207539472,2800,353.585908130891,"logrmse"
2019-08-29,122,277.559269269226,533,123.002696591265,"logrmse"
2019-08-29,1006,276.695913014972,3830,429.345180478841,"logrmse"
2019-08-29,104,277.576848921462,1216,174.634669893059,"logrmse"
2019-08-29,64,277.61591481532,883,108.196147047144,"logrmse"
2019-08-29,366,277.320967316695,2441,311.159089884774,"logrmse"
2019-08-29,829,276.868779595292,3856,478.482470403423,"logrmse"
2019-08-29,220,277.463557829275,1528,199.356997283093,"logrmse"
2019-08-29,362,277.32487390608,1767,220.871746508152,"logrmse"
2019-08-29,216,277.467464418661,9198,1056.11993296365,"logrmse"
2019-08-29,69,277.611031578588,893,137.082082585937,"logrmse"
2019-08-29,136,277.545596206376,1596,239.111891427876,"logrmse"
2019-08-29,614,277.078758774777,4830,607.939169040745,"logrmse"
2019-08-29,220,277.463557829275,3161,455.052476037152,"logrmse"
2019-08-29,214,277.469417713354,1266,181.955713539504,"logrmse"
2019-08-29,161,277.521180022715,1249,185.241383976822,"logrmse"
2019-08-29,160,277.522156670062,1158,176.330062827187,"logrmse"
2019-08-29,400,277.287761306916,2296,334.316666135845,"logrmse"
2019-08-29,200,277.483090776204,601,73.9445749902492,"logrmse"
2019-08-29,90,277.590521984312,963,122.367769991153,"logrmse"
2019-08-29,91,277.589545336966,1069,132.453963217323,"logrmse"
2019-08-29,1803,275.917525079859,4802,612.5895095739,"logrmse"
2019-08-29,355,277.331710437506,3922,522.871002787693,"logrmse"
2019-08-29,106,277.574895626769,1706,227.601246246067,"logrmse"
2019-08-29,331,277.35514997382,2018,289.333017398642,"logrmse"
2019-08-29,256,277.428398524803,1239,187.564022993374,"logrmse"
2019-08-29,131,277.550479443108,840,131.962414140961,"logrmse"
2019-08-29,91,277.589545336966,1040,130.576798602579,"logrmse"
2019-08-29,177,277.505553665172,877,110.892009915102,"logrmse"
2019-08-29,138,277.543642911683,2581,350.390921713803,"logrmse"
2019-08-29,203,277.480160834165,1741,229.682133566875,"logrmse"
2019-08-29,886,276.813110696545,3755,479.923383293644,"logrmse"
2019-08-29,921,276.77892803942,5593,621.221434643608,"logrmse"
2019-08-29,532,277.158843857185,5924,654.005423044127,"logrmse"
2019-08-29,198,277.485044070897,1448,198.012621092646,"logrmse"
2019-08-29,321,277.364916447285,1741,214.692509427323,"logrmse"
2019-08-29,335,277.351243384434,1817,241.840710770713,"logrmse"
2019-08-29,547,277.144194146989,2055,258.586537782892,"logrmse"
2019-08-29,299,277.386402688906,1817,274.476154690188,"logrmse"
2019-08-29,319,277.366869741977,3813,570.329650228844,"logrmse"
2019-08-29,537,277.153960620453,2270,290.462045379616,"logrmse"
2019-08-29,230,277.453791355811,1104,155.858938897812,"logrmse"
2019-08-29,344,277.342453558316,3302,386.029221697497,"logrmse"
2019-08-29,355,277.331710437506,1852,210.042713572793,"logrmse"
2019-08-29,394,277.293621190994,2752,329.200363252323,"logrmse"
2019-08-29,544,277.147124089028,896,114.038543912337,"logrmse"
2019-08-29,137,277.54461955903,2122,236.060208295485,"logrmse"
2019-08-29,128,277.553409385148,2122,234.164751624419,"logrmse"
2019-08-29,464,277.225255876743,1946,235.924813742949,"logrmse"
2019-08-29,273,277.411795519914,1621,223.895475247,"logrmse"
2019-08-29,492,277.197909751043,3033,316.813153056812,"logrmse"
2019-08-29,759,276.937144909543,2729,287.855044480901,"logrmse"
2019-08-29,648,277.045552764998,2872,311.434982039547,"logrmse"
2019-08-29,314,277.37175297871,2223,330.282727536963,"logrmse"
2019-08-29,807,276.890265836914,2421,263.110138326749,"logrmse"
2019-08-29,0,277.678420245492,3464,496.174450437583,"logrmse"
2019-08-29,467,277.222325934704,1668,239.140722546582,"logrmse"
2019-08-29,242,277.442071587653,1983,269.541789249954,"logrmse"
2019-08-29,371,277.316084079962,2893,365.838554829155,"logrmse"
2019-08-29,746,276.949841325047,2339,293.149307060075,"logrmse"
2019-08-29,271,277.413748814607,1790,231.056956488039,"logrmse"
2019-08-29,150,277.531923143526,1256,161.590122395651,"logrmse"
2019-08-29,262,277.422538640725,2153,269.839984315443,"logrmse"
2019-08-29,347,277.339523616277,1983,275.529472820538,"logrmse"
2019-08-29,233,277.450861413771,4041,511.504047250313,"logrmse"
2019-08-29,261,277.423515288071,3535,404.007855564352,"logrmse"
2019-08-29,554,277.137357615564,3238,456.511434212721,"logrmse"
2019-08-29,505,277.185213335539,2419,352.635395935458,"logrmse"
2019-08-29,394,277.293621190994,7608,945.949742637018,"logrmse"
2019-08-29,272,277.41277216726,2591,399.877240280145,"logrmse"
2019-08-29,259,277.425468582764,3052,352.696878378972,"logrmse"
2019-08-29,261,277.423515288071,1899,250.344953850554,"logrmse"
2019-08-29,251,277.433281761535,594,94.9895083608882,"logrmse"
2019-08-29,244,277.440118292961,876,117.430228085289,"logrmse"
2019-08-29,141,277.540712969644,1556,219.140142148903,"logrmse"
2019-08-29,524,277.166657035957,4696,609.591596795763,"logrmse"
2019-08-29,222,277.461604534582,3136,459.359449140325,"logrmse"
2019-08-29,520,277.170563625343,1913,239.177472986639,"logrmse"
2019-08-29,492,277.197909751043,7466,1018.0859835272,"logrmse"
2019-08-29,195,277.487974012936,3695,533.502273696544,"logrmse"
2019-08-29,435,277.25357864979,1594,267.340745326886,"logrmse"
2019-08-29,303,277.38249609952,3543,515.734530620063,"logrmse"
2019-08-29,362,277.32487390608,2395,323.457444059462,"logrmse"
2019-08-29,88,277.592475279005,652,92.0793517081838,"logrmse"
2019-08-29,428,277.260415181215,4427,599.818222727389,"logrmse"
2019-08-29,779,276.917611962614,2430,310.710394980013,"logrmse"
2019-08-29,989,276.712516019862,5212,686.793740728077,"logrmse"
2019-08-29,463,277.22623252409,2202,360.782088593024,"logrmse"
2019-08-29,445,277.243812176326,2449,320.236040340405,"logrmse"
2019-08-29,957,276.743768734948,2819,399.208869783259,"logrmse"
2019-08-29,265,277.419608698685,2284,302.888815374762,"logrmse"
2019-08-29,479,277.210606166547,6044,747.613945982369,"logrmse"
2019-08-29,766,276.930308378118,1291,178.062433593738,"logrmse"
2019-08-29,302,277.383472746867,1203,158.347769191178,"logrmse"
2019-08-29,768,276.928355083425,5579,671.566633803657,"logrmse"
2019-08-29,393,277.294597838341,2435,296.070840506427,"logrmse"
2019-08-29,501,277.189119924925,1099,219.435803742877,"logrmse"
2019-08-29,23,277.655957356524,2283,350.670805717496,"logrmse"
2019-08-29,270,277.414725461953,1918,215.574476309235,"logrmse"
2019-08-29,256,277.428398524803,942,159.299325813916,"logrmse"
2019-08-29,195,277.487974012936,920,126.858981591096,"logrmse"
2019-08-29,386,277.301434369766,1033,134.154735426456,"logrmse"
2019-08-29,142,277.539736322298,1420,170.785981472616,"logrmse"
2019-08-29,122,277.559269269226,1105,150.007944635012,"logrmse"
2019-08-29,210,277.47332430274,3763,451.210967904992,"logrmse"
2019-08-29,316,277.369799684017,4467,519.060427576816,"logrmse"
2019-08-29,312,277.373706273402,3929,494.448432484833,"logrmse"
2019-08-29,695,276.999650339716,3701,459.035536974987,"logrmse"
2019-08-29,64,277.61591481532,930,121.675282275339,"logrmse"
2019-08-29,150,277.531923143526,1074,141.048876419374,"logrmse"
2019-08-29,146,277.535829732912,1489,182.160607832601,"logrmse"
2019-08-29,272,277.41277216726,1662,195.836709732374,"logrmse"
2019-08-29,130,277.551456090455,596,81.3906262132899,"logrmse"
2019-08-29,83,277.597358515738,624,96.760802383224,"logrmse"
2019-08-29,1408,276.303300781703,11006,1305.45532606054,"logrmse"
2019-08-29,383,277.304364311805,3186,379.388269214915,"logrmse"
2019-08-29,191,277.491880602322,819,109.462470284917,"logrmse"
2019-08-29,177,277.505553665172,1586,198.096755321436,"logrmse"
2019-08-29,265,277.419608698685,2133,243.451897864888,"logrmse"
2019-08-29,160,277.522156670062,1715,237.571086710103,"logrmse"
2019-08-29,141,277.540712969644,1397,172.053993291828,"logrmse"
2019-08-29,163,277.519226728022,1540,210.305054260488,"logrmse"
2019-08-29,222,277.461604534582,1565,194.637919781025,"logrmse"
2019-08-29,137,277.54461955903,3479,498.073420558014,"logrmse"
2019-08-29,466,277.223302582051,7161,846.069345303631,"logrmse"
2019-08-29,481,277.208652871854,4206,525.782328710302,"logrmse"
2019-08-29,1144,276.561135681163,3238,395.700364445056,"logrmse"
2019-08-29,78,277.60224175247,1280,213.821404079191,"logrmse"
2019-08-29,1089,276.614851285218,4488,522.219610737103,"logrmse"
2019-08-29,207,277.476254244779,1044,126.670320592217,"logrmse"
2019-08-29,149,277.532899790872,1537,193.508081369472,"logrmse"
2019-08-29,481,277.208652871854,1119,139.65970984335,"logrmse"
2019-08-29,112,277.569035742691,1804,205.61131669238,"logrmse"
2019-08-29,182,277.50067042844,1378,163.965329474448,"logrmse"
2019-08-29,193,277.489927307629,1050,141.411171221272,"logrmse"
2019-08-29,93,277.587592042273,1385,178.919687672445,"logrmse"
2019-08-29,169,277.513366843944,607,99.9854960190541,"logrmse"
2019-08-29,362,277.32487390608,1168,154.752124547207,"logrmse"
2019-08-29,406,277.281901422837,7796,940.933098657605,"logrmse"
2019-08-29,392,277.295574485687,3624,591.606087791901,"logrmse"
2019-08-29,504,277.186189982886,3982,520.432853635126,"logrmse"
2019-08-29,4279,273.49934625007,10769,1343.40558288304,"logrmse"
2019-08-29,1386,276.324787023325,5950,816.857755165485,"logrmse"
2019-08-29,519,277.171540272689,1888,240.131722033642,"logrmse"
2019-08-29,245,277.439141645614,866,156.231547991316,"logrmse"
2019-08-29,189,277.493833897015,1317,187.72254996656,"logrmse"
2019-08-29,319,277.366869741977,2406,394.32323377818,"logrmse"
2019-08-29,186,277.496763839054,1739,255.373175903023,"logrmse"
2019-08-29,138,277.543642911683,1237,206.804812014661,"logrmse"
2019-08-29,114,277.567082447998,3275,450.318320179362,"logrmse"
2019-08-29,341,277.345383500356,4208,534.515646987223,"logrmse"
2019-08-29,178,277.504577017826,1405,188.281690898672,"logrmse"
2019-08-29,240,277.444024882346,1031,170.837132811378,"logrmse"
2019-08-29,2489,275.2475450002,22238,2476.39807480855,"logrmse"
2019-08-29,474,277.215489403279,5680,811.325081081736,"logrmse"
2019-08-29,145,277.536806380258,1811,229.976074272407,"logrmse"
2019-08-29,749,276.946911383008,4503,514.431275274714,"logrmse"
2019-08-29,179,277.503600370479,2766,346.135659884839,"logrmse"
2019-08-29,740,276.955701209126,3592,422.703105745719,"logrmse"
2019-08-29,480,277.2096295192,3590,481.916447938074,"logrmse"
2019-08-29,203,277.480160834165,2997,396.202943790299,"logrmse"
2019-08-29,813,276.884405952835,4159,476.484543224172,"logrmse"
2019-08-29,2520,275.21726893246,10069,1265.11880431956,"logrmse"
2019-08-29,2074,275.652853648973,10579,1222.99622275358,"logrmse"
2019-08-29,756,276.940074851583,179,44.2851991077964,"logrmse"
2019-08-29,63,277.616891462666,1441,208.859188529833,"logrmse"
2019-08-29,189,277.493833897015,820,141.739101868299,"logrmse"
2019-08-29,118,277.563175858612,1301,166.299573862794,"logrmse"
2019-08-29,246,277.438164998268,1159,166.150929601061,"logrmse"
2019-08-29,1192,276.514256608534,7784,914.743262328887,"logrmse"
2019-08-29,669,277.025043170723,4157,538.87833883079,"logrmse"
2019-08-29,203,277.480160834165,3631,494.593183099515,"logrmse"
2019-08-29,231,277.452814708464,1176,168.548515863123,"logrmse"
2019-08-29,411,277.277018186105,1504,209.142099820481,"logrmse"
2019-08-29,228,277.455744650504,2475,333.974091320908,"logrmse"
2019-08-29,424,277.264321770601,4770,596.111659510963,"logrmse"
2019-08-29,322,277.363939799938,5179,633.321619869842,"logrmse"
2019-08-29,1125,276.579691980746,7950,972.392359228962,"logrmse"
2019-08-29,123,277.55829262188,1762,258.166536130784,"logrmse"
2019-08-29,448,277.240882234287,7596,1040.3946183418,"logrmse"
2019-08-29,183,277.499693781093,2735,348.855777851973,"logrmse"
2019-08-29,99,277.581732158195,1463,202.452139287502,"logrmse"
2019-08-29,203,277.480160834165,1814,315.909288515091,"logrmse"
2019-08-29,186,277.496763839054,3099,464.832729655541,"logrmse"
2019-08-29,344,277.342453558316,2018,244.318385059114,"logrmse"
2019-08-29,197,277.486020718243,2109,251.535058429352,"logrmse"
2019-08-29,440,277.248695413058,6714,836.271821919535,"logrmse"
2019-08-29,325,277.361009857899,676,96.8342136576609,"logrmse"
2019-08-29,241,277.443048235,1620,211.124849355565,"logrmse"
2019-08-29,121,277.560245916573,1358,176.420894768818,"logrmse"
2019-08-29,111,277.570012390037,1658,198.871666866519,"logrmse"
2019-08-29,448,277.240882234287,2450,295.708190058098,"logrmse"
2019-08-29,104,277.576848921462,1184,167.180305887141,"logrmse"
2019-08-29,238,277.445978177039,1598,206.060687094094,"logrmse"
2019-08-29,187,277.495787191708,1551,187.204494410696,"logrmse"
2019-08-29,2374,275.359859445041,9635,1213.48259520569,"logrmse"
2019-08-29,785,276.911752078536,2195,310.33411118556,"logrmse"
2019-08-29,494,277.19595645635,4794,629.393466934461,"logrmse"
2019-08-29,421,277.26725171264,3235,399.046692048311,"logrmse"
2019-08-29,211,277.472347655393,3973,553.909779465125,"logrmse"
2019-08-29,84,277.596381868391,1014,150.149352711927,"logrmse"
2019-08-29,405,277.282878070183,3406,377.387949185132,"logrmse"
2019-08-29,253,277.431328466843,1904,294.245150310027,"logrmse"
2019-08-29,648,277.045552764998,1748,237.665940307389,"logrmse"
2019-08-29,173,277.509460254558,3011,357.879516211063,"logrmse"
2019-08-29,280,277.404958988489,3931,493.291973739848,"logrmse"
2019-08-29,263,277.421561993378,2012,312.195918086994,"logrmse"
2019-08-29,90,277.590521984312,956,117.841237488133,"logrmse"
2019-08-29,972,276.729119024751,5100,666.931331489648,"logrmse"
2019-08-29,644,277.049459354384,2438,314.542135117079,"logrmse"
2019-08-29,645,277.048482707038,2088,283.620215230456,"logrmse"
2019-08-29,235,277.448908119079,590,109.629730413305,"logrmse"
2019-08-29,223,277.460627887236,2520,300.530822007512,"logrmse"
2019-08-29,165,277.517273433329,1402,187.727540812272,"logrmse"
2019-08-29,162,277.520203375369,685,96.5538931184675,"logrmse"
2019-08-29,179,277.503600370479,1153,151.491521334625,"logrmse"
2019-08-29,235,277.448908119079,1696,223.183818188371,"logrmse"
2019-08-29,202,277.481137481511,1216,171.971881066115,"logrmse"
2019-08-29,180,277.502623723133,1740,223.818429989397,"logrmse"
2019-08-29,204,277.479184186818,1180,164.48108654145,"logrmse"
2019-08-29,150,277.531923143526,2163,271.133715471174,"logrmse"
2019-08-29,294,277.391285925638,1085,140.530359994687,"logrmse"
2019-08-29,295,277.390309278292,4737,627.281636890479,"logrmse"
2019-08-29,178,277.504577017826,1381,181.730906500133,"logrmse"
2019-08-29,246,277.438164998268,2449,295.68486360552,"logrmse"
2019-08-29,400,277.287761306916,2063,281.597617110561,"logrmse"
2019-08-29,232,277.451838061118,2632,351.391052457863,"logrmse"
2019-08-29,216,277.467464418661,1060,121.660148231713,"logrmse"
2019-08-29,515,277.175446862075,4539,555.726748096462,"logrmse"
2019-08-29,373,277.31413078527,1239,149.719174021961,"logrmse"
2019-08-29,560,277.131497731485,2282,345.077722759523,"logrmse"
2019-08-29,826,276.871709537332,4629,632.218835392068,"logrmse"
2019-08-29,481,277.208652871854,2409,428.815487622034,"logrmse"
2019-08-29,222,277.461604534582,1372,254.694083419222,"logrmse"
2019-08-29,2408,275.326653435262,4355,541.155049233346,"logrmse"
2019-08-29,77,277.603218399816,3413,423.881096886689,"logrmse"
2019-08-29,135,277.546572853723,1426,182.660830829666,"logrmse"
2019-08-29,396,277.291667896301,1448,179.523502020745,"logrmse"
2019-08-29,63,277.616891462666,936,159.840131027415,"logrmse"
2019-08-29,693,277.001603634408,1901,291.414993389917,"logrmse"
2019-08-29,332,277.354173326474,3391,460.573422896809,"logrmse"
2019-08-29,511,277.179353451461,2950,367.529591849018,"logrmse"
2019-08-29,220,277.463557829275,2133,298.758513789539,"logrmse"
2019-08-29,275,277.409842225221,1980,306.274306525507,"logrmse"
2019-08-29,272,277.41277216726,2219,288.189330048343,"logrmse"
2019-08-29,732,276.963514387897,5412,607.083829125177,"logrmse"
2019-08-29,499,277.191073219618,2686,317.677107946314,"logrmse"
2019-08-29,1064,276.639267468879,7251,822.581104530234,"logrmse"
2019-08-29,492,277.197909751043,2946,337.502727354129,"logrmse"
2019-08-29,746,276.949841325047,2945,358.5257248278,"logrmse"
2019-08-29,130,277.551456090455,1233,154.338771756715,"logrmse"
2019-08-29,294,277.391285925638,2059,405.08629379495,"logrmse"
2019-08-29,283,277.402029046449,1850,243.665299694923,"logrmse"
2019-08-29,135,277.546572853723,1522,178.497496222381,"logrmse"
2019-08-29,122,277.559269269226,399,80.2294262070318,"logrmse"
2019-08-29,1196,276.510350019148,3504,510.372383412783,"logrmse"
2019-08-29,430,277.258461886522,4103,472.746282493452,"logrmse"
2019-08-29,438,277.250648707751,2259,260.969246262018,"logrmse"
2019-08-29,622,277.070945596006,1645,196.844732681999,"logrmse"
2019-08-29,231,277.452814708464,3129,371.186899877196,"logrmse"
2019-08-29,253,277.431328466843,2175,260.646316164841,"logrmse"
2019-08-29,412,277.276041538758,1320,248.493875905377,"logrmse"
2019-08-29,389,277.298504427727,2462,324.597803681642,"logrmse"
2019-08-29,393,277.294597838341,2358,285.693835256836,"logrmse"
2019-08-29,201,277.482114128858,4844,671.923548285493,"logrmse"
2019-08-29,2942,274.805123752262,7110,795.155591905037,"logrmse"
2019-08-29,2242,275.488776894771,10105,1184.16317868494,"logrmse"
2019-08-29,568,277.123684552714,9932,1187.72467108009,"logrmse"
2019-08-29,1764,275.95561432637,21603,2430.19907599762,"logrmse"
2019-08-29,158,277.524109964754,2204,309.444923910774,"logrmse"
2019-08-29,666,277.027973112762,2027,278.764180383737,"logrmse"
2019-08-29,1985,275.739775262806,10271,1258.87062003288,"logrmse"
2019-08-29,113,277.568059095344,2263,308.729271673309,"logrmse"
2019-08-29,833,276.864873005907,3576,599.429553406998,"logrmse"
2019-08-29,315,277.370776331363,3906,501.537490875441,"logrmse"
2019-08-29,229,277.454768003157,2541,313.874029701882,"logrmse"
2019-08-29,357,277.329757142813,1360,180.964125622023,"logrmse"
2019-08-29,318,277.367846389324,3164,358.843869889175,"logrmse"
2019-08-29,0,277.678420245492,9330,1320.34775271035,"logrmse"
2019-08-29,937,276.763301681877,6059,866.283712113727,"logrmse"
2019-08-29,48,277.631541172863,1559,239.413022668706,"logrmse"
2019-08-29,524,277.166657035957,7705,855.871194918852,"logrmse"
2019-08-29,4485,273.298156896703,7874,891.734088510219,"logrmse"
2019-08-29,364,277.322920611388,2160,281.590065933024,"logrmse"
2019-08-29,330,277.356126621167,2183,296.909321166727,"logrmse"
2019-08-29,474,277.215489403279,3249,436.959551003477,"logrmse"
2019-08-29,1412,276.299394192317,8392,957.762246270618,"logrmse"
2019-08-29,1474,276.238842056838,10817,1195.31074460584,"logrmse"
2019-08-29,195,277.487974012936,6944,870.65173313935,"logrmse"
2019-08-29,2491,275.245591705507,3948,508.034942297084,"logrmse"
2019-08-29,849,276.849246648364,7311,811.676706699076,"logrmse"
2019-08-29,797,276.900032310378,5920,728.464573320866,"logrmse"
2019-08-29,359,277.32780384812,3694,464.928261187377,"logrmse"
2019-08-29,364,277.322920611388,1769,235.709558429829,"logrmse"
2019-08-29,92,277.58856868962,2522,405.979566153942,"logrmse"
2019-08-29,220,277.463557829275,9565,1150.17982264766,"logrmse"
2019-08-29,547,277.144194146989,5933,724.164871656696,"logrmse"
2019-08-29,158,277.524109964754,1283,158.835046884756,"logrmse"
2019-08-29,451,277.237952292247,888,134.295834121286,"logrmse"
2019-08-29,291,277.394215867678,2774,362.223572423334,"logrmse"
2019-08-29,1389,276.321857081285,6004,695.025771524762,"logrmse"
2019-08-29,1100,276.604108164407,5480,642.296919696633,"logrmse"
2019-08-29,515,277.175446862075,1844,276.053274684944,"logrmse"
2019-08-29,690,277.004533576448,5022,767.381855999238,"logrmse"
2019-08-29,179,277.503600370479,656,99.9531822008074,"logrmse"
2019-08-29,66,277.613961520627,3283,389.091799700089,"logrmse"
2019-08-29,168,277.51434349129,748,87.0788905260825,"logrmse"
2019-08-29,222,277.461604534582,6240,749.620609930872,"logrmse"
2019-08-29,522,277.16861033065,3026,361.736631299884,"logrmse"
2019-08-29,1279,276.429288289394,6134,704.562435865615,"logrmse"
2019-08-29,625,277.068015653966,2237,294.170514498653,"logrmse"
2019-08-29,358,277.328780495466,6341,778.627160638018,"logrmse"
2019-08-29,1077,276.626571053375,6961,856.049797532394,"logrmse"
2019-08-29,2490,275.246568352853,7979,902.88104810604,"logrmse"
2019-08-29,218,277.465511123968,3163,473.093215264541,"logrmse"
2019-08-29,333,277.353196679127,2565,309.733131045384,"logrmse"
2019-08-29,1019,276.683216599469,1933,264.38517218518,"logrmse"
2019-08-29,386,277.301434369766,5501,588.718972404221,"logrmse"
2019-08-29,571,277.120754610674,4205,476.06652748098,"logrmse"
2019-08-29,638,277.055319238463,2528,322.725870846942,"logrmse"
2019-08-29,454,277.235022350208,5412,638.332027623991,"logrmse"
2019-08-29,202,277.481137481511,2238,345.496486878591,"logrmse"
2019-08-29,255,277.42937517215,5597,650.827578814102,"logrmse"
2019-08-29,408,277.279948128144,547,120.916611274931,"logrmse"
2019-08-29,217,277.466487771314,720,79.9820765900132,"logrmse"
2019-08-29,235,277.448908119079,3156,444.195974864661,"logrmse"
2019-08-29,692,277.002580281755,1798,265.483001616726,"logrmse"
2019-08-29,222,277.461604534582,2205,381.896307960353,"logrmse"
2019-08-29,278,277.406912283181,2230,328.052169121055,"logrmse"
2019-08-29,170,277.512390196597,1357,202.125139089098,"logrmse"
2019-08-29,265,277.419608698685,1772,250.976081584851,"logrmse"
2019-08-29,413,277.275064891412,3213,385.53060405678,"logrmse"
2019-08-29,851,276.847293353671,1805,239.011202784435,"logrmse"
2019-08-29,401,277.286784659569,2548,382.228331620478,"logrmse"
2019-08-29,163,277.519226728022,1709,228.088473942207,"logrmse"
2019-08-29,454,277.235022350208,2595,300.722126701719,"logrmse"
2019-08-29,505,277.185213335539,3076,399.012235572479,"logrmse"
2019-08-29,305,277.380542804828,3510,423.138694779788,"logrmse"
2019-08-29,99,277.581732158194,987,230.134773096932,"logrmse"
2019-08-29,304,277.381519452174,4553,594.709628791779,"logrmse"
2019-08-29,138,277.543642911683,4072,555.630799488385,"logrmse"
2019-08-29,235,277.448908119079,3081,350.633451576212,"logrmse"
2019-08-29,236,277.447931471732,1062,136.900250246318,"logrmse"
2019-08-29,138,277.543642911683,2818,347.441529046811,"logrmse"
2019-08-29,70,277.610054931241,843,97.65161224021,"logrmse"
2019-08-29,222,277.461604534582,989,129.776215367053,"logrmse"
2019-08-29,433,277.255531944483,1741,247.929986341503,"logrmse"
2019-08-29,1012,276.690053130894,3102,448.898508646435,"logrmse"
2019-08-29,329,277.357103268513,1501,216.996784971377,"logrmse"
2019-08-29,315,277.370776331363,2413,325.0933708008,"logrmse"
2019-08-29,339,277.347336795049,2358,324.294002176564,"logrmse"
2019-08-29,668,277.026019818069,2458,334.398027426535,"logrmse"
2019-08-29,1171,276.534766202809,5915,662.759437128717,"logrmse"
2019-08-29,531,277.159820504532,3339,477.971800056493,"logrmse"
2019-08-29,761,276.93519161485,4186,525.257780990368,"logrmse"
2019-08-29,137,277.54461955903,1013,135.744586230157,"logrmse"
2019-08-29,145,277.536806380258,1048,136.006325464581,"logrmse"
2019-08-29,146,277.535829732912,1089,140.101314329472,"logrmse"
2019-08-29,151,277.53094649618,585,81.240408906176,"logrmse"
2019-08-29,242,277.442071587653,2113,289.012760154025,"logrmse"
2019-08-29,162,277.520203375369,1711,246.586586504797,"logrmse"
2019-08-29,265,277.419608698685,1790,211.820817427935,"logrmse"
2019-08-29,368,277.319014022002,2325,305.277210715145,"logrmse"
2019-08-29,1112,276.592388396249,4262,553.652279006158,"logrmse"
2019-08-29,347,277.339523616277,2040,265.554317129349,"logrmse"
2019-08-29,349,277.337570321584,2602,418.919707290144,"logrmse"
2019-08-29,90,277.590521984312,883,111.922045930749,"logrmse"
2019-08-29,242,277.442071587653,1260,257.742144625315,"logrmse"
2019-08-29,613,277.079735422124,7393,998.87944787154,"logrmse"
2019-08-29,775,276.921518552,3437,467.491362919516,"logrmse"
2019-08-29,758,276.93812155689,7130,954.122701545837,"logrmse"
2019-08-29,449,277.23990558694,2708,359.479665470178,"logrmse"
2019-08-29,276,277.408865577874,3962,479.969086978456,"logrmse"
2019-08-29,419,277.269205007333,1613,207.928330945411,"logrmse"
2019-08-29,302,277.383472746867,2215,287.095405373779,"logrmse"
2019-08-29,589,277.103174958438,2270,282.269225830142,"logrmse"
2019-08-29,193,277.489927307629,1643,200.516531467225,"logrmse"
2019-08-29,81,277.59931181043,751,115.097614794659,"logrmse"
2019-08-29,147,277.534853085565,829,127.607390854306,"logrmse"
2019-08-29,169,277.513366843944,2109,250.557051127248,"logrmse"
2019-08-29,166,277.516296785983,684,107.978995791886,"logrmse"
2019-08-29,56,277.623727994091,795,121.736033897597,"logrmse"
2019-08-29,435,277.25357864979,3279,488.001842755848,"logrmse"
2019-08-29,561,277.130521084139,1953,255.50875623144,"logrmse"
2019-08-29,95,277.58563874758,1895,242.64069872539,"logrmse"
2019-08-29,174,277.508483607211,666,84.2199921538215,"logrmse"
2019-08-29,234,277.449884766425,1588,217.660574141812,"logrmse"
2019-08-29,217,277.466487771314,2171,249.594320303492,"logrmse"
2019-08-29,137,277.54461955903,735,102.658646436568,"logrmse"
2019-08-29,149,277.532899790872,960,116.84797172829,"logrmse"
2019-08-29,69,277.611031578588,482,66.8713577232377,"logrmse"
2019-08-29,101,277.579778863502,585,80.4796623321841,"logrmse"
2019-08-29,134,277.547549501069,729,93.1441197065609,"logrmse"
2019-08-29,454,277.235022350208,1994,263.314628767265,"logrmse"
2019-08-29,667,277.026996465416,2879,372.084754053172,"logrmse"
2019-08-29,217,277.466487771314,1208,154.937697117211,"logrmse"
2019-08-29,607,277.085595306202,2756,357.135032897991,"logrmse"
2019-08-29,301,277.384449394213,1498,187.748015740513,"logrmse"
2019-08-29,656,277.037739586227,2127,264.999777023267,"logrmse"
2019-08-29,438,277.250648707751,1944,229.480664571596,"logrmse"
2019-08-29,223,277.460627887236,1265,167.408514996166,"logrmse"
2019-08-29,190,277.492857249668,980,134.412143750634,"logrmse"
2019-08-29,155,277.527039906794,900,110.867375056089,"logrmse"
2019-08-29,202,277.481137481511,1056,130.363849511679,"logrmse"
2019-08-29,248,277.436211703575,1137,146.251931524371,"logrmse"
2019-08-29,99,277.581732158194,1448,192.051156438325,"logrmse"
2019-08-29,101,277.579778863502,770,96.7357098283072,"logrmse"
2019-08-29,208,277.475277597432,1016,130.391928941395,"logrmse"
2019-08-29,61,277.618844757359,768,106.568058769489,"logrmse"
2019-08-29,147,277.534853085565,1152,135.496213504849,"logrmse"
2019-08-29,82,277.598335163084,727,93.5667666352173,"logrmse"
2019-08-29,82,277.598335163084,754,96.5932726305132,"logrmse"
2019-08-29,73,277.607124989202,487,62.2490771978936,"logrmse"
2019-08-29,175,277.507506959865,1186,141.099872280276,"logrmse"
2019-08-29,154,277.52801655414,1157,143.949307434351,"logrmse"
2019-08-29,190,277.492857249668,1173,162.951350347466,"logrmse"
2019-08-29,173,277.509460254558,1772,237.751601213747,"logrmse"
2019-08-29,456,277.233069055515,2470,371.203352477775,"logrmse"
2019-08-29,281,277.403982341142,4106,492.531065343774,"logrmse"
2019-08-29,245,277.439141645614,2230,273.599267392372,"logrmse"
2019-08-29,340,277.346360147702,3643,454.890443194289,"logrmse"
2019-08-29,436,277.252602002444,2002,304.359393030375,"logrmse"
2019-08-29,208,277.475277597432,3291,387.656428086966,"logrmse"
2019-08-29,176,277.506530312519,753,87.1860959366987,"logrmse"
2019-08-29,947,276.753535208412,6824,770.573652784885,"logrmse"
2019-08-29,216,277.467464418661,1412,177.558802685558,"logrmse"
2019-08-29,204,277.479184186818,614,132.367833124621,"logrmse"
2019-08-29,286,277.39909910441,1715,213.138351107634,"logrmse"
2019-08-29,581,277.11098813721,4648,629.28404958455,"logrmse"
2019-08-29,122,277.559269269226,634,81.7808710981139,"logrmse"
2019-08-29,226,277.457697945196,4322,482.911730655317,"logrmse"
2019-08-29,698,276.996720397676,4255,525.804503919519,"logrmse"
2019-08-29,802,276.895149073646,4065,537.082610844674,"logrmse"
2019-08-29,313,277.372729626056,1363,173.821722766943,"logrmse"
2019-08-29,308,277.377612862788,2220,286.227163135967,"logrmse"
2019-08-29,1296,276.412685284504,5867,702.893792041247,"logrmse"
2019-08-29,265,277.419608698685,3594,437.860108957239,"logrmse"
2019-08-29,387,277.300457722419,2426,300.581403772548,"logrmse"
2019-08-29,387,277.300457722419,1196,150.496759478944,"logrmse"
2019-08-29,303,277.38249609952,2633,292.455844746872,"logrmse"
2019-08-29,223,277.460627887236,1310,162.731745855875,"logrmse"
2019-08-29,246,277.438164998268,2536,321.388498254795,"logrmse"
2019-08-29,261,277.423515288071,1399,187.0394219956,"logrmse"
2019-08-29,349,277.337570321584,1272,166.506461154553,"logrmse"
2019-08-29,603,277.089501895588,1434,191.805277645541,"logrmse"
2019-08-29,376,277.31120084323,1960,270.997090829368,"logrmse"
2019-08-29,569,277.122707905367,1048,156.328506935877,"logrmse"
2019-08-29,115,277.566105800651,1931,252.5540572698,"logrmse"
2019-08-29,861,276.837526880206,3255,450.541609665651,"logrmse"
2019-08-29,229,277.454768003157,4649,539.575659908002,"logrmse"
2019-08-29,325,277.361009857899,2768,411.423158568361,"logrmse"
2019-08-29,220,277.463557829275,2143,288.768731834399,"logrmse"
2019-08-29,271,277.413748814607,2222,273.312368070477,"logrmse"
2019-08-29,273,277.411795519914,2223,300.161568490095,"logrmse"
2019-08-29,139,277.542666264337,1040,134.80028625025,"logrmse"
2019-08-29,1493,276.220285757255,4079,499.23012172971,"logrmse"
2019-08-29,1184,276.522069787306,3934,539.183093681451,"logrmse"
2019-08-29,95,277.58563874758,767,94.7359420866607,"logrmse"
2019-08-29,30,277.649120825099,562,74.0690821499881,"logrmse"
2019-08-29,162,277.520203375369,3135,388.09304963213,"logrmse"
2019-08-29,780,276.916635315268,1878,314.6907012748,"logrmse"
2019-08-29,1057,276.646104000304,10524,1149.94715344197,"logrmse"
2019-08-29,66,277.613961520627,341,53.8340661020066,"logrmse"
2019-08-29,247,277.437188350921,3735,446.092533999003,"logrmse"
2019-08-29,132,277.549502795762,987,128.294981974705,"logrmse"
2019-08-29,106,277.574895626769,1498,189.834018659088,"logrmse"
2019-08-29,232,277.451838061118,1714,293.291774591663,"logrmse"
2019-08-29,164,277.518250080676,849,113.592544017425,"logrmse"
2019-08-29,159,277.523133317408,1771,213.740949058445,"logrmse"
2019-08-29,326,277.360033210552,3606,442.89784621063,"logrmse"
2019-08-29,103,277.577825568809,1751,221.423568479393,"logrmse"
2019-08-29,184,277.498717133747,1649,208.396464105547,"logrmse"
2019-08-29,216,277.467464418661,904,122.73192664849,"logrmse"
2019-08-29,634,277.059225827848,1759,222.111092304178,"logrmse"
2019-08-29,345,277.34147691097,3611,451.922089000339,"logrmse"
2019-08-29,672,277.022113228684,4569,540.055742417024,"logrmse"
2019-08-29,409,277.278971480798,2674,352.836256386321,"logrmse"
2019-08-29,155,277.527039906794,925,141.697742459107,"logrmse"
2019-08-29,932,276.768184918609,3306,405.669125769847,"logrmse"
2019-08-29,710,276.985000629519,2279,314.880821117476,"logrmse"
2019-08-29,181,277.501647075786,2019,276.704224776987,"logrmse"
2019-08-30,168,287.066160809845,1836,248.292221893282,"logrmse"
2019-08-30,0,287.231281447962,3593,567.22842341452,"logrmse"
2019-08-30,349,286.888262979493,1733,225.295731564353,"logrmse"
2019-08-30,321,286.915783085846,2171,285.891443960969,"logrmse"
2019-08-30,305,286.931508860905,1752,214.174410834089,"logrmse"
2019-08-30,172,287.06222936608,1516,175.262818328155,"logrmse"
2019-08-30,124,287.109406691257,1020,136.876733329624,"logrmse"
2019-08-30,229,287.006206292434,2168,287.690555887229,"logrmse"
2019-08-30,118,287.115303856904,1000,130.226140770922,"logrmse"
2019-08-30,198,287.03667498161,852,116.919850079266,"logrmse"
2019-08-30,236,286.999326265846,1099,148.956814942898,"logrmse"
2019-08-30,147,287.08680088961,1791,226.655383559457,"logrmse"
2019-08-30,145,287.088766611492,875,114.891359576558,"logrmse"
2019-08-30,77,287.155601155492,1111,154.093275420588,"logrmse"
2019-08-30,242,286.993429100199,1544,222.177858797753,"logrmse"
2019-08-30,232,287.00325770961,1442,209.266660866899,"logrmse"
2019-08-30,410,286.828308462082,5084,636.958338504375,"logrmse"
2019-08-30,109,287.124149605374,4420,623.611417981777,"logrmse"
2019-08-30,1166,286.085265590556,9227,1154.25082869085,"logrmse"
2019-08-30,346,286.891211562317,4308,582.787434344875,"logrmse"
2019-08-30,950,286.297563553849,3502,505.362407888327,"logrmse"
2019-08-30,189,287.045520730081,1257,165.057550299193,"logrmse"
2019-08-30,419,286.819462713611,3938,539.803076437416,"logrmse"
2019-08-30,220,287.015052040904,1576,226.841823627676,"logrmse"
2019-08-30,864,286.38208959479,6962,839.819572692815,"logrmse"
2019-08-30,203,287.031760676904,3314,452.915668316143,"logrmse"
2019-08-30,130,287.10350952561,2337,328.558335804214,"logrmse"
2019-08-30,137,287.096629499022,1268,151.536389120211,"logrmse"
2019-08-30,202,287.032743537845,1079,143.851451918565,"logrmse"
2019-08-30,198,287.03667498161,858,129.662585385749,"logrmse"
2019-08-30,333,286.903988754552,1790,236.31449336297,"logrmse"
2019-08-30,268,286.967874715728,1259,155.327411799899,"logrmse"
2019-08-30,244,286.991463378316,1388,181.773702548598,"logrmse"
2019-08-30,213,287.021932067492,2136,261.621355351367,"logrmse"
2019-08-30,512,286.728056646082,2520,310.621537222007,"logrmse"
2019-08-30,144,287.089749472433,1042,137.181109064037,"logrmse"
2019-08-30,204,287.030777815963,570,127.574378220323,"logrmse"
2019-08-30,714,286.529518735966,4283,575.981660727668,"logrmse"
2019-08-30,125,287.108423830316,2253,342.910557706973,"logrmse"
2019-08-30,866,286.380123872908,4504,585.054653900321,"logrmse"
2019-08-30,229,287.006206292434,528,71.6461978515488,"logrmse"
2019-08-30,1990,285.275388175031,13583,1707.88159767104,"logrmse"
2019-08-30,194,287.040606425375,1316,189.636003763917,"logrmse"
2019-08-30,210,287.024880650316,1851,248.794367074757,"logrmse"
2019-08-30,176,287.058297922316,594,85.6586767543187,"logrmse"
2019-08-30,100,287.132995353845,848,113.59247209761,"logrmse"
2019-08-30,90,287.142823963257,1034,130.571854018188,"logrmse"
2019-08-30,145,287.088766611492,1093,170.848100473197,"logrmse"
2019-08-30,292,286.94428605314,3115,387.186941475005,"logrmse"
2019-08-30,301,286.935440304669,3872,456.078891726519,"logrmse"
2019-08-30,1112,286.138340081379,3667,419.670984917602,"logrmse"
2019-08-30,523,286.717245175729,3787,450.245180550348,"logrmse"
2019-08-30,599,286.6425477442,4035,552.604926616266,"logrmse"
2019-08-30,68,287.164446903962,1427,189.923734160235,"logrmse"
2019-08-30,97,287.135943936668,375,63.9400026093589,"logrmse"
2019-08-30,97,287.135943936668,567,90.4820594799665,"logrmse"
2019-08-30,103,287.130046771021,409,74.8237044993968,"logrmse"
2019-08-30,292,286.94428605314,1813,238.355268147137,"logrmse"
2019-08-30,409,286.829291323023,1881,248.943045920223,"logrmse"
2019-08-30,188,287.046503591022,2233,283.047236571687,"logrmse"
2019-08-30,127,287.106458108433,1731,214.196580667616,"logrmse"
2019-08-30,118,287.115303856904,1182,147.129154265528,"logrmse"
2019-08-30,214,287.020949206551,1080,129.191969392483,"logrmse"
2019-08-30,236,286.999326265846,1277,153.393909801458,"logrmse"
2019-08-30,530,286.710365149141,4099,577.026327923481,"logrmse"
2019-08-30,449,286.789976885376,1698,263.046829469178,"logrmse"
2019-08-30,612,286.629770551965,3745,441.348825901313,"logrmse"
2019-08-30,29,287.202778480668,1592,207.420862503499,"logrmse"
2019-08-30,381,286.856811429376,2851,396.935173365387,"logrmse"
2019-08-30,305,286.931508860905,3956,532.345200909699,"logrmse"
2019-08-30,113,287.12021816161,3587,512.647055105599,"logrmse"
2019-08-30,663,286.579644643965,4087,502.893019775671,"logrmse"
2019-08-30,639,286.603233306553,1711,257.674123682571,"logrmse"
2019-08-30,384,286.853862846552,1895,287.50214615121,"logrmse"
2019-08-30,408,286.830274183964,3543,463.858027640191,"logrmse"
2019-08-30,208,287.026846372198,2821,369.056994584816,"logrmse"
2019-08-30,350,286.887280118552,3256,437.350439615124,"logrmse"
2019-08-30,211,287.023897789375,2198,317.281165570063,"logrmse"
2019-08-30,117,287.116286717845,1451,193.194050697723,"logrmse"
2019-08-30,173,287.061246505139,1570,197.456496097666,"logrmse"
2019-08-30,317,286.919714529611,1539,200.055374280177,"logrmse"
2019-08-30,138,287.09564663808,1242,148.567668472391,"logrmse"
2019-08-30,124,287.109406691257,780,102.584143017275,"logrmse"
2019-08-30,152,287.081886584904,896,115.561177626901,"logrmse"
2019-08-30,556,286.684810764671,2012,242.431356395134,"logrmse"
2019-08-30,170,287.064195087963,1034,124.470353539231,"logrmse"
2019-08-30,135,287.098595220904,1814,235.504959225216,"logrmse"
2019-08-30,250,286.985566212669,1932,241.435510093465,"logrmse"
2019-08-30,67,287.165429764904,385,71.3079328774718,"logrmse"
2019-08-30,176,287.058297922316,1024,143.074306730902,"logrmse"
2019-08-30,257,286.978686186081,913,133.312184814466,"logrmse"
2019-08-30,97,287.135943936668,972,121.047132880855,"logrmse"
2019-08-30,50,287.182138400903,768,109.770868548945,"logrmse"
2019-08-30,79,287.153635433609,665,80.909184814913,"logrmse"
2019-08-30,243,286.992446239257,1348,179.569722485442,"logrmse"
2019-08-30,108,287.125132466316,1982,247.965557373136,"logrmse"
2019-08-30,165,287.069109392669,1031,136.189341654603,"logrmse"
2019-08-30,211,287.023897789375,1076,143.504250825224,"logrmse"
2019-08-30,236,286.999326265846,2983,344.806520442475,"logrmse"
2019-08-30,146,287.087783750551,524,78.7686295596515,"logrmse"
2019-08-30,101,287.132012492904,996,125.078608438883,"logrmse"
2019-08-30,252,286.983600490787,1158,155.319885576522,"logrmse"
2019-08-30,84,287.148721128904,944,111.21809782904,"logrmse"
2019-08-30,210,287.024880650316,607,80.9928745196566,"logrmse"
2019-08-30,134,287.099578081845,739,97.0832465441116,"logrmse"
2019-08-30,84,287.148721128904,637,82.1717977755666,"logrmse"
2019-08-30,148,287.085818028669,400,55.5571716113996,"logrmse"
2019-08-30,100,287.132995353845,816,108.690336117796,"logrmse"
2019-08-30,115,287.118252439727,1109,137.427198408941,"logrmse"
2019-08-30,462,286.777199693141,618,97.9027971478837,"logrmse"
2019-08-30,83,287.149703989845,1212,145.446522037588,"logrmse"
2019-08-30,503,286.736902394553,2420,311.911443273914,"logrmse"
2019-08-30,458,286.781131136905,3752,463.484322059429,"logrmse"
2019-08-30,981,286.267094864673,3560,421.127410347798,"logrmse"
2019-08-30,721,286.522638709377,2919,354.573037217524,"logrmse"
2019-08-30,374,286.863691455964,4831,550.855022435886,"logrmse"
2019-08-30,878,286.368329541613,3274,382.862058951012,"logrmse"
2019-08-30,80,287.152652572668,872,127.727815034706,"logrmse"
2019-08-30,86,287.146755407021,842,104.555729473242,"logrmse"
2019-08-30,146,287.087783750551,896,125.879873171059,"logrmse"
2019-08-30,126,287.107440969374,763,102.295842552117,"logrmse"
2019-08-30,82,287.150686850786,686,90.3506031019366,"logrmse"
2019-08-30,90,287.142823963257,1125,134.038381182476,"logrmse"
2019-08-30,196,287.038640703492,891,118.307688491374,"logrmse"
2019-08-30,243,286.992446239257,620,77.822231397844,"logrmse"
2019-08-30,78,287.154618294551,617,78.9470129637207,"logrmse"
2019-08-30,553,286.687759347494,1747,227.363602617059,"logrmse"
2019-08-30,310,286.926594556199,1665,225.475580568294,"logrmse"
2019-08-30,82,287.150686850786,2778,349.624225058765,"logrmse"
2019-08-30,32,287.199829897845,576,92.9801936199318,"logrmse"
2019-08-30,357,286.880400091964,4075,510.427648386821,"logrmse"
2019-08-30,299,286.937406026552,2020,271.856184790196,"logrmse"
2019-08-30,326,286.91086878114,2665,331.917132081334,"logrmse"
2019-08-30,354,286.883348674787,1096,162.175158111469,"logrmse"
2019-08-30,198,287.03667498161,1047,143.374151492467,"logrmse"
2019-08-30,155,287.07893800208,1117,151.711447494369,"logrmse"
2019-08-30,165,287.069109392669,6131,765.373580754824,"logrmse"
2019-08-30,364,286.873520065376,1942,276.188924622811,"logrmse"
2019-08-30,1179,286.072488398321,4910,607.803499863288,"logrmse"
2019-08-30,182,287.052400756669,4010,525.286248356286,"logrmse"
2019-08-30,243,286.992446239257,2642,343.147994664317,"logrmse"
2019-08-30,330,286.906937337375,2327,322.146356752362,"logrmse"
2019-08-30,941,286.30640930232,8125,1083.47062803532,"logrmse"
2019-08-30,458,286.781131136905,2298,334.689640528752,"logrmse"
2019-08-30,422,286.816514130788,8205,1083.47304395009,"logrmse"
2019-08-30,107,287.126115327257,851,115.000777010958,"logrmse"
2019-08-30,129,287.104492386551,790,103.463200663543,"logrmse"
2019-08-30,200,287.034709259728,2037,269.423553518479,"logrmse"
2019-08-30,793,286.451872721613,5022,609.243345798006,"logrmse"
2019-08-30,391,286.846982819964,4064,461.395953505746,"logrmse"
2019-08-30,348,286.889245840434,1825,227.118167398487,"logrmse"
2019-08-30,148,287.085818028669,1869,250.369148097015,"logrmse"
2019-08-30,128,287.105475247492,1302,159.362130557395,"logrmse"
2019-08-30,95,287.137909658551,687,89.3991997886253,"logrmse"
2019-08-30,127,287.106458108433,1742,209.730417752375,"logrmse"
2019-08-30,203,287.031760676904,1276,170.302027621905,"logrmse"
2019-08-30,94,287.138892519492,1060,173.469738706413,"logrmse"
2019-08-30,155,287.07893800208,1128,178.772551589949,"logrmse"
2019-08-30,151,287.082869445845,2091,264.500126466484,"logrmse"
2019-08-30,727,286.51674154373,6065,774.18292945084,"logrmse"
2019-08-30,129,287.104492386551,2144,357.952943572406,"logrmse"
2019-08-30,683,286.559987425142,6033,755.716633781068,"logrmse"
2019-08-30,300,286.936423165611,2551,309.520584306004,"logrmse"
2019-08-30,568,286.673016433377,3550,401.198887440157,"logrmse"
2019-08-30,190,287.044537869139,1427,173.217145427656,"logrmse"
2019-08-30,321,286.915783085846,1541,197.930022748226,"logrmse"
2019-08-30,277,286.959028967257,2656,327.374883468393,"logrmse"
2019-08-30,559,286.681862181847,9218,1208.58358399127,"logrmse"
2019-08-30,999,286.249403367732,5226,691.752918873988,"logrmse"
2019-08-30,359,286.878434370081,5873,834.670171874758,"logrmse"
2019-08-30,856,286.389952482319,4580,589.793515866191,"logrmse"
2019-08-30,575,286.666136406788,3117,411.505019230542,"logrmse"
2019-08-30,445,286.793908329141,6602,910.256600022494,"logrmse"
2019-08-30,115,287.118252439727,1923,322.447955117527,"logrmse"
2019-08-30,177,287.057315061375,1201,234.034572614388,"logrmse"
2019-08-30,0,287.231281447962,1588,272.491362462671,"logrmse"
2019-08-30,584,286.657290658318,1622,215.495403466088,"logrmse"
2019-08-30,538,286.702502261612,970,191.910270300047,"logrmse"
2019-08-30,521,286.719210897612,7428,1075.69721345726,"logrmse"
2019-08-30,478,286.761473918082,1597,208.360966006007,"logrmse"
2019-08-30,190,287.044537869139,9509,1180.6848957927,"logrmse"
2019-08-30,358,286.879417231023,1128,137.319289056961,"logrmse"
2019-08-30,221,287.014069179963,1546,208.428922142984,"logrmse"
2019-08-30,3789,283.507221341863,18852,2308.04030061787,"logrmse"
2019-08-30,450,286.788994024435,2834,404.368636323196,"logrmse"
2019-08-30,171,287.063212227022,1867,224.670492833322,"logrmse"
2019-08-30,224,287.01112059714,2504,290.551592474664,"logrmse"
2019-08-30,162,287.072057975492,1269,156.547998296156,"logrmse"
2019-08-30,286,286.950183218787,5430,667.417198787565,"logrmse"
2019-08-30,426,286.812582687023,2289,319.453204080023,"logrmse"
2019-08-30,707,286.536398762554,647,95.0684294331601,"logrmse"
2019-08-30,76,287.156584016433,1135,168.012767476715,"logrmse"
2019-08-30,721,286.522638709377,4529,703.794662580731,"logrmse"
2019-08-30,492,286.747713864906,2066,338.838037678413,"logrmse"
2019-08-30,244,286.991463378316,2771,402.39791529908,"logrmse"
2019-08-30,956,286.291666388202,8454,1119.85581830729,"logrmse"
2019-08-30,4120,283.181894370335,6827,870.734822185718,"logrmse"
2019-08-30,272,286.963943271963,1255,184.297605166263,"logrmse"
2019-08-30,244,286.991463378316,3762,428.230609419404,"logrmse"
2019-08-30,205,287.029794955022,2131,270.204103049522,"logrmse"
2019-08-30,230,287.005223431493,1146,178.884556840507,"logrmse"
2019-08-30,323,286.913817363964,3152,430.716640964728,"logrmse"
2019-08-30,509,286.731005228906,4032,465.549499881797,"logrmse"
2019-08-30,483,286.756559613376,3252,363.604882290731,"logrmse"
2019-08-30,139,287.094663777139,970,120.934679180187,"logrmse"
2019-08-30,57,287.175258374315,810,113.9289751898,"logrmse"
2019-08-30,232,287.00325770961,1843,265.595575742542,"logrmse"
2019-08-30,398,286.840102793376,2605,398.404740192257,"logrmse"
2019-08-30,479,286.760491057141,1772,231.227813616047,"logrmse"
2019-08-30,262,286.973771881375,626,81.2610663936209,"logrmse"
2019-08-30,70,287.16248118208,1150,139.319373525188,"logrmse"
2019-08-30,1155,286.096077060909,5172,625.459537577798,"logrmse"
2019-08-30,238,286.997360543963,2122,249.826563516667,"logrmse"
2019-08-30,69,287.163464043021,505,74.0236382921413,"logrmse"
2019-08-30,99,287.133978214786,475,65.6319459316722,"logrmse"
2019-08-30,646,286.596353279965,4578,577.993907747208,"logrmse"
2019-08-30,517,286.723142341376,3343,420.758577033106,"logrmse"
2019-08-30,399,286.839119932435,11241,1250.66630780112,"logrmse"
2019-08-30,90,287.142823963257,1453,193.412467507021,"logrmse"
2019-08-30,270,286.965908993846,1516,198.01672067476,"logrmse"
2019-08-30,390,286.847965680905,1733,223.594745994257,"logrmse"
2019-08-30,206,287.028812094081,1347,229.573297379869,"logrmse"
2019-08-30,154,287.079920863022,2219,294.335930035674,"logrmse"
2019-08-30,65,287.167395486786,5706,832.342713108887,"logrmse"
2019-08-30,244,286.991463378316,2986,377.429697476423,"logrmse"
2019-08-30,128,287.105475247492,569,128.758750814832,"logrmse"
2019-08-30,1082,286.167825909614,3950,446.153692741923,"logrmse"
2019-08-30,92,287.140858241374,1305,187.141238264184,"logrmse"
2019-08-30,81,287.151669711727,849,106.641621156462,"logrmse"
2019-08-30,366,286.871554343493,2575,326.157016604172,"logrmse"
2019-08-30,831,286.414524005848,3834,479.708973209048,"logrmse"
2019-08-30,216,287.018983484669,1538,202.674557202396,"logrmse"
2019-08-30,358,286.879417231023,1831,228.959324935937,"logrmse"
2019-08-30,229,287.006206292434,9536,1096.97318016715,"logrmse"
2019-08-30,98,287.134961075727,870,136.954857108651,"logrmse"
2019-08-30,122,287.111372413139,1643,246.430721763874,"logrmse"
2019-08-30,640,286.602250445612,4666,598.168299993198,"logrmse"
2019-08-30,205,287.029794955022,3188,461.904450545564,"logrmse"
2019-08-30,206,287.028812094081,1265,183.544999159639,"logrmse"
2019-08-30,174,287.060263644198,1226,184.68196268225,"logrmse"
2019-08-30,183,287.051417895728,1155,177.503478126548,"logrmse"
2019-08-30,394,286.84403423714,2382,345.814230158538,"logrmse"
2019-08-30,209,287.025863511257,647,78.9259644332957,"logrmse"
2019-08-30,92,287.140858241374,1003,126.645832349436,"logrmse"
2019-08-30,105,287.128081049139,1037,130.895012334545,"logrmse"
2019-08-30,1847,285.415937289618,4956,636.803100388469,"logrmse"
2019-08-30,363,286.874502926317,4061,543.73714429747,"logrmse"
2019-08-30,96,287.13692679761,1767,235.340288876733,"logrmse"
2019-08-30,337,286.900057310787,2081,299.893395304315,"logrmse"
2019-08-30,260,286.975737603257,1261,193.192891858422,"logrmse"
2019-08-30,139,287.094663777139,870,135.870856971553,"logrmse"
2019-08-30,95,287.137909658551,1046,132.827796396279,"logrmse"
2019-08-30,169,287.065177948904,888,113.662043124642,"logrmse"
2019-08-30,159,287.075006558316,2674,362.622727398533,"logrmse"
2019-08-30,206,287.028812094081,1714,230.086913111953,"logrmse"
2019-08-30,988,286.260214838085,3800,487.962997564667,"logrmse"
2019-08-30,937,286.310340746084,5724,639.070447927427,"logrmse"
2019-08-30,577,286.664170684906,6080,673.897964443367,"logrmse"
2019-08-30,159,287.075006558316,1528,206.94292063231,"logrmse"
2019-08-30,284,286.952148940669,1794,220.958367375489,"logrmse"
2019-08-30,351,286.886297257611,1840,245.47783454382,"logrmse"
2019-08-30,519,286.721176619494,2116,267.50690913246,"logrmse"
2019-08-30,296,286.940354609375,1855,281.232312182385,"logrmse"
2019-08-30,331,286.905954476434,3941,589.684447215101,"logrmse"
2019-08-30,581,286.660239241141,2277,294.112573808985,"logrmse"
2019-08-30,245,286.990480517375,1115,158.401071170444,"logrmse"
2019-08-30,357,286.880400091964,3394,398.389571319122,"logrmse"
2019-08-30,410,286.828308462082,1918,217.359468960611,"logrmse"
2019-08-30,432,286.806685521376,2818,338.80106360506,"logrmse"
2019-08-30,505,286.73493667267,973,122.914546913948,"logrmse"
2019-08-30,133,287.100560942786,2216,246.506374877376,"logrmse"
2019-08-30,148,287.085818028669,2115,235.371321054779,"logrmse"
2019-08-30,461,286.778182554082,1984,242.522697251197,"logrmse"
2019-08-30,242,286.993429100199,1684,233.691397431453,"logrmse"
2019-08-30,484,286.755576752435,3152,329.620771478435,"logrmse"
2019-08-30,840,286.405678257378,2780,293.680498493876,"logrmse"
2019-08-30,625,286.61699335973,2915,319.180176074942,"logrmse"
2019-08-30,332,286.904971615493,2271,340.144527748252,"logrmse"
2019-08-30,816,286.429266919966,2529,274.815891506201,"logrmse"
2019-08-30,0,287.231281447962,3634,519.252681946552,"logrmse"
2019-08-30,515,286.725108063259,1653,240.744695554026,"logrmse"
2019-08-30,210,287.024880650316,2020,275.839646589238,"logrmse"
2019-08-30,336,286.901040171728,3022,381.679644179834,"logrmse"
2019-08-30,800,286.444992695025,2360,297.862381656084,"logrmse"
2019-08-30,283,286.95313180161,1891,242.703292263621,"logrmse"
2019-08-30,140,287.093680916198,1256,163.069236732286,"logrmse"
2019-08-30,242,286.993429100199,2242,280.978943607799,"logrmse"
2019-08-30,354,286.883348674787,2013,281.199677947926,"logrmse"
2019-08-30,235,287.000309126787,4195,531.467876464774,"logrmse"
2019-08-30,282,286.954114662552,3672,420.443068968804,"logrmse"
2019-08-30,597,286.644513466083,3423,478.982754322009,"logrmse"
2019-08-30,508,286.731988089847,2583,373.136004507026,"logrmse"
2019-08-30,405,286.833222766788,7842,977.519746275187,"logrmse"
2019-08-30,269,286.966891854787,2579,404.34001335392,"logrmse"
2019-08-30,271,286.964926132905,3167,367.483566077161,"logrmse"
2019-08-30,281,286.955097523493,2015,263.984658142828,"logrmse"
2019-08-30,276,286.960011828199,639,100.180212362773,"logrmse"
2019-08-30,248,286.987531934551,928,124.835210449361,"logrmse"
2019-08-30,163,287.071075114551,1623,228.41323768044,"logrmse"
2019-08-30,519,286.721176619494,4756,622.451652143989,"logrmse"
2019-08-30,255,286.980651907963,3226,473.615533352793,"logrmse"
2019-08-30,567,286.673999294318,1939,244.930804320432,"logrmse"
2019-08-30,549,286.691690791259,7696,1051.32656049691,"logrmse"
2019-08-30,202,287.032743537845,3907,560.499762072413,"logrmse"
2019-08-30,454,286.78506258067,1593,270.914049852106,"logrmse"
2019-08-30,336,286.901040171728,3660,533.445812867509,"logrmse"
2019-08-30,343,286.89416014514,2452,332.275071527579,"logrmse"
2019-08-30,89,287.143806824198,617,89.5882288085883,"logrmse"
2019-08-30,439,286.799805494788,4731,634.583101904841,"logrmse"
2019-08-30,731,286.512810099966,2600,330.285870360511,"logrmse"
2019-08-30,1007,286.241540480202,5378,712.355262560292,"logrmse"
2019-08-30,480,286.7595081962,2279,374.346489346618,"logrmse"
2019-08-30,440,286.798822633847,2640,342.16409609926,"logrmse"
2019-08-30,1035,286.21402037385,2916,413.662109104837,"logrmse"
2019-08-30,281,286.955097523493,2406,318.339042111474,"logrmse"
2019-08-30,560,286.680879320906,6241,773.190912413396,"logrmse"
2019-08-30,820,286.425335476201,1294,181.831483360378,"logrmse"
2019-08-30,321,286.915783085846,1217,161.91140075098,"logrmse"
2019-08-30,807,286.438112668437,5796,698.019117641856,"logrmse"
2019-08-30,397,286.841085654317,2563,311.702239000953,"logrmse"
2019-08-30,481,286.758525335259,1156,230.436828289217,"logrmse"
2019-08-30,36,287.19589845408,2398,366.886233137505,"logrmse"
2019-08-30,283,286.95313180161,1888,214.563194564416,"logrmse"
2019-08-30,264,286.971806159493,1010,168.553914832394,"logrmse"
2019-08-30,211,287.023897789375,943,130.342587087431,"logrmse"
2019-08-30,387,286.850914263729,1076,140.066104961607,"logrmse"
2019-08-30,138,287.09564663808,1501,180.217891735216,"logrmse"
2019-08-30,126,287.107440969374,1152,156.249690018427,"logrmse"
2019-08-30,253,286.982617629846,3912,469.460413258675,"logrmse"
2019-08-30,309,286.92757741714,4435,520.433432013217,"logrmse"
2019-08-30,340,286.897108727964,4082,515.358534865236,"logrmse"
2019-08-30,677,286.565884590789,3764,470.475240861021,"logrmse"
2019-08-30,51,287.181155539962,983,127.443487360224,"logrmse"
2019-08-30,135,287.098595220904,1084,143.270602704442,"logrmse"
2019-08-30,146,287.087783750551,1529,187.63673582693,"logrmse"
2019-08-30,286,286.950183218787,1814,211.343689256693,"logrmse"
2019-08-30,147,287.08680088961,703,92.9110464456088,"logrmse"
2019-08-30,92,287.140858241374,641,99.9728430126498,"logrmse"
2019-08-30,1419,285.83660177244,11139,1328.92066736495,"logrmse"
2019-08-30,382,286.855828568435,3338,396.897841165022,"logrmse"
2019-08-30,164,287.07009225361,878,116.120394984444,"logrmse"
2019-08-30,203,287.031760676904,1592,198.279814674188,"logrmse"
2019-08-30,245,286.990480517375,2204,252.383381070536,"logrmse"
2019-08-30,163,287.071075114551,1713,240.189553425316,"logrmse"
2019-08-30,156,287.077955141139,1440,177.411746762693,"logrmse"
2019-08-30,166,287.068126531728,1522,210.979088597219,"logrmse"
2019-08-30,232,287.00325770961,1654,204.979257599559,"logrmse"
2019-08-30,147,287.08680088961,3666,521.471326631027,"logrmse"
2019-08-30,547,286.693656513141,7254,864.33631059675,"logrmse"
2019-08-30,513,286.727073785141,4348,546.437586731307,"logrmse"
2019-08-30,1135,286.115734279732,3483,422.81293272644,"logrmse"
2019-08-30,77,287.155601155492,1353,224.968530403336,"logrmse"
2019-08-30,1131,286.119665723497,4675,544.604795093233,"logrmse"
2019-08-30,206,287.028812094081,1061,129.445813421835,"logrmse"
2019-08-30,149,287.084835167727,1584,200.574597698938,"logrmse"
2019-08-30,513,286.727073785141,1137,142.858378728973,"logrmse"
2019-08-30,110,287.123166744433,1897,216.387165018695,"logrmse"
2019-08-30,178,287.056332200433,1437,171.406866756175,"logrmse"
2019-08-30,218,287.017017762787,1114,148.74151552264,"logrmse"
2019-08-30,101,287.132012492904,1435,185.388969347159,"logrmse"
2019-08-30,157,287.076972280198,684,107.975589826234,"logrmse"
2019-08-30,381,286.856811429376,1208,160.580382674632,"logrmse"
2019-08-30,453,286.786045441611,8027,971.064211545136,"logrmse"
2019-08-30,426,286.812582687023,3762,615.153920253122,"logrmse"
2019-08-30,507,286.732970950788,4237,552.415024845575,"logrmse"
2019-08-30,4371,282.935196274101,11116,1389.27966337866,"logrmse"
2019-08-30,1429,285.826773163028,6067,838.821931767066,"logrmse"
2019-08-30,596,286.645496327024,1964,250.243404738011,"logrmse"
2019-08-30,251,286.984583351728,961,166.931917328313,"logrmse"
2019-08-30,199,287.035692120669,1363,194.167950165689,"logrmse"
2019-08-30,317,286.919714529611,2391,400.40898583101,"logrmse"
2019-08-30,186,287.048469312904,1850,269.581248828482,"logrmse"
2019-08-30,140,287.093680916198,1235,209.943841644305,"logrmse"
2019-08-30,96,287.13692679761,3412,467.347886490624,"logrmse"
2019-08-30,362,286.875485787258,4383,555.216589750808,"logrmse"
2019-08-30,171,287.063212227022,1460,195.541712716176,"logrmse"
2019-08-30,257,286.978686186081,1109,180.288289197535,"logrmse"
2019-08-30,2544,284.730883213622,22705,2538.79296330862,"logrmse"
2019-08-30,527,286.713313731965,5785,832.663451147416,"logrmse"
2019-08-30,175,287.059280783257,1915,242.262186346078,"logrmse"
2019-08-30,797,286.447941277848,4697,538.532495147075,"logrmse"
2019-08-30,168,287.066160809845,2902,364.057369541702,"logrmse"
2019-08-30,819,286.426318337143,3815,448.643803053075,"logrmse"
2019-08-30,541,286.699553678788,3691,495.736403785123,"logrmse"
2019-08-30,181,287.05338361761,3145,415.424025474428,"logrmse"
2019-08-30,827,286.418455449613,4511,515.494544275961,"logrmse"
2019-08-30,2579,284.696483080681,10221,1294.22720732197,"logrmse"
2019-08-30,2170,285.09847320562,10621,1235.38272739842,"logrmse"
2019-08-30,811,286.434181224672,168,44.5361529340607,"logrmse"
2019-08-30,86,287.146755407021,1508,217.374848417589,"logrmse"
2019-08-30,158,287.075989419257,860,148.123126612984,"logrmse"
2019-08-30,160,287.074023697375,1357,173.346251149057,"logrmse"
2019-08-30,246,286.989497656434,1193,172.173497079441,"logrmse"
2019-08-30,1126,286.124580028203,8094,951.698906127204,"logrmse"
2019-08-30,716,286.527553014083,4169,545.570570046524,"logrmse"
2019-08-30,214,287.020949206551,3752,510.527422783278,"logrmse"
2019-08-30,264,286.971806159493,1247,177.335431111453,"logrmse"
2019-08-30,399,286.839119932435,1648,224.836626260372,"logrmse"
2019-08-30,240,286.995394822081,2485,339.058485594113,"logrmse"
2019-08-30,411,286.827325601141,4856,608.924725003379,"logrmse"
2019-08-30,340,286.897108727964,5213,641.311980387401,"logrmse"
2019-08-30,1128,286.122614306321,8031,988.718941115036,"logrmse"
2019-08-30,133,287.100560942786,1754,259.781426934609,"logrmse"
2019-08-30,480,286.7595081962,7704,1062.28971667955,"logrmse"
2019-08-30,189,287.045520730081,2829,362.037289414877,"logrmse"
2019-08-30,127,287.106458108433,1502,209.67816414767,"logrmse"
2019-08-30,184,287.050435034786,1930,330.76289708235,"logrmse"
2019-08-30,204,287.030777815963,3245,487.233978905847,"logrmse"
2019-08-30,389,286.848948541846,2093,254.032833431312,"logrmse"
2019-08-30,211,287.023897789375,2201,262.452020632258,"logrmse"
2019-08-30,411,286.827325601141,6778,849.623384712851,"logrmse"
2019-08-30,317,286.919714529611,687,100.312522289825,"logrmse"
2019-08-30,236,286.999326265846,1718,222.974257047554,"logrmse"
2019-08-30,105,287.128081049139,1427,185.321390651881,"logrmse"
2019-08-30,124,287.109406691257,1743,208.727432471015,"logrmse"
2019-08-30,465,286.774251110317,2579,311.256146665189,"logrmse"
2019-08-30,114,287.119235300668,1217,173.357668071818,"logrmse"
2019-08-30,253,286.982617629846,1652,214.109763165346,"logrmse"
2019-08-30,175,287.059280783257,1563,191.029051259395,"logrmse"
2019-08-30,2346,284.925489679974,9880,1248.35302780714,"logrmse"
2019-08-30,780,286.464649913848,2174,311.015334463982,"logrmse"
2019-08-30,511,286.729039507023,4810,635.332811431287,"logrmse"
2019-08-30,400,286.838137071493,3274,404.935973484137,"logrmse"
2019-08-30,237,286.998343404904,4023,562.142748650352,"logrmse"
2019-08-30,105,287.128081049139,1077,157.558448714784,"logrmse"
2019-08-30,416,286.822411296435,3550,392.716414319137,"logrmse"
2019-08-30,263,286.972789020434,1904,297.875281091445,"logrmse"
2019-08-30,632,286.610113333142,1777,241.68685261339,"logrmse"
2019-08-30,190,287.044537869139,2972,355.906809940828,"logrmse"
2019-08-30,273,286.962960411022,3946,497.747962921398,"logrmse"
2019-08-30,240,286.995394822081,2016,315.620934392319,"logrmse"
2019-08-30,112,287.121201022551,924,115.992239896036,"logrmse"
2019-08-30,963,286.284786361614,5198,684.400095878846,"logrmse"
2019-08-30,654,286.588490392436,2363,308.719911007582,"logrmse"
2019-08-30,650,286.592421836201,2246,301.95414482845,"logrmse"
2019-08-30,232,287.00325770961,630,116.17315687087,"logrmse"
2019-08-30,210,287.024880650316,2601,312.118510296911,"logrmse"
2019-08-30,156,287.077955141139,1462,196.329342714066,"logrmse"
2019-08-30,156,287.077955141139,733,102.707693354538,"logrmse"
2019-08-30,192,287.042572147257,1170,155.550646916565,"logrmse"
2019-08-30,254,286.981634768904,1753,232.181306200631,"logrmse"
2019-08-30,231,287.004240570551,1250,178.168478490161,"logrmse"
2019-08-30,186,287.048469312904,1814,235.535665557294,"logrmse"
2019-08-30,187,287.047486451963,1260,175.306350818743,"logrmse"
2019-08-30,170,287.064195087963,2279,286.335998909097,"logrmse"
2019-08-30,289,286.947234635963,1153,149.762756223422,"logrmse"
2019-08-30,289,286.947234635963,4857,645.652557813073,"logrmse"
2019-08-30,211,287.023897789375,1439,189.717221512995,"logrmse"
2019-08-30,271,286.964926132905,2522,304.359740592261,"logrmse"
2019-08-30,444,286.794891190082,2053,282.357463453678,"logrmse"
2019-08-30,249,286.98654907361,2720,362.599911570568,"logrmse"
2019-08-30,233,287.002274848669,1094,126.737284938489,"logrmse"
2019-08-30,573,286.668102128671,4639,570.278840507452,"logrmse"
2019-08-30,374,286.863691455964,1258,153.73617396508,"logrmse"
2019-08-30,592,286.649427770788,2516,370.851956630092,"logrmse"
2019-08-30,804,286.44106125126,4763,647.981836452765,"logrmse"
2019-08-30,544,286.696605095965,2357,429.422438140225,"logrmse"
2019-08-30,241,286.99441196114,1445,267.480733996972,"logrmse"
2019-08-30,2423,284.849809387503,4358,545.837338346921,"logrmse"
2019-08-30,89,287.143806824198,3463,431.725845955064,"logrmse"
2019-08-30,129,287.104492386551,1564,197.446882721761,"logrmse"
2019-08-30,446,286.7929254682,1510,186.557602981253,"logrmse"
2019-08-30,62,287.170344069609,972,166.709412786652,"logrmse"
2019-08-30,685,286.55802170326,1952,299.415290538521,"logrmse"
2019-08-30,348,286.889245840434,3394,465.567973506107,"logrmse"
2019-08-30,510,286.730022367965,2982,373.180524435524,"logrmse"
2019-08-30,220,287.015052040904,2144,302.22899195248,"logrmse"
2019-08-30,277,286.959028967257,1990,310.208542366966,"logrmse"
2019-08-30,285,286.951166079728,2212,289.063843446288,"logrmse"
2019-08-30,767,286.477427106083,5359,607.416908271558,"logrmse"
2019-08-30,567,286.673999294318,2741,325.499464730379,"logrmse"
2019-08-30,1099,286.151117273615,7623,865.091345966281,"logrmse"
2019-08-30,527,286.713313731965,2992,344.608158718844,"logrmse"
2019-08-30,676,286.56686745173,3090,375.486300662292,"logrmse"
2019-08-30,142,287.091715194316,1273,159.934664177561,"logrmse"
2019-08-30,296,286.940354609375,2092,412.81857014071,"logrmse"
2019-08-30,270,286.965908993846,1864,246.919884762795,"logrmse"
2019-08-30,160,287.074023697375,1598,187.169332923206,"logrmse"
2019-08-30,117,287.116286717845,400,82.0624967766177,"logrmse"
2019-08-30,1185,286.066591232674,3705,536.933523433254,"logrmse"
2019-08-30,462,286.777199693141,4205,486.081530646471,"logrmse"
2019-08-30,483,286.756559613376,2400,275.904532036561,"logrmse"
2019-08-30,611,286.630753412906,1810,213.944343980893,"logrmse"
2019-08-30,230,287.005223431493,3240,386.696600224438,"logrmse"
2019-08-30,268,286.967874715728,2235,269.904301698054,"logrmse"
2019-08-30,421,286.817496991729,1373,255.333738908328,"logrmse"
2019-08-30,375,286.862708595023,2550,336.398701919852,"logrmse"
2019-08-30,453,286.786045441611,2431,294.416522890312,"logrmse"
2019-08-30,209,287.025863511257,4928,684.811492263694,"logrmse"
2019-08-30,3040,284.243384186801,7302,819.543331936569,"logrmse"
2019-08-30,2288,284.982495614562,10396,1223.97268357107,"logrmse"
2019-08-30,574,286.66711926773,9963,1200.94507198673,"logrmse"
2019-08-30,1835,285.427731620912,22280,2512.41638407081,"logrmse"
2019-08-30,166,287.068126531728,2273,320.79976345383,"logrmse"
2019-08-30,687,286.556055981377,2079,289.128200435146,"logrmse"
2019-08-30,2042,285.22427940609,10395,1283.48856344903,"logrmse"
2019-08-30,114,287.119235300668,2351,322.102144197239,"logrmse"
2019-08-30,892,286.354569488437,3809,630.787380493749,"logrmse"
2019-08-30,358,286.879417231023,4136,531.174630483883,"logrmse"
2019-08-30,238,286.997360543963,2730,337.061269658499,"logrmse"
2019-08-30,396,286.842068515258,1398,189.175953049393,"logrmse"
2019-08-30,333,286.903988754552,3383,383.881246817502,"logrmse"
2019-08-30,0,287.231281447962,9589,1356.12083502592,"logrmse"
2019-08-30,960,286.287734944437,6325,905.471790344661,"logrmse"
2019-08-30,58,287.174275513374,1749,262.356769682345,"logrmse"
2019-08-30,544,286.696605095965,7933,885.422803742217,"logrmse"
2019-08-30,4603,282.70717253575,8052,917.13697773024,"logrmse"
2019-08-30,400,286.838137071493,2217,288.145323239107,"logrmse"
2019-08-30,389,286.848948541846,2346,316.162811102604,"logrmse"
2019-08-30,514,286.7260909242,3375,453.267521671952,"logrmse"
2019-08-30,1358,285.896556289851,8638,989.353011208332,"logrmse"
2019-08-30,1460,285.796304473852,10998,1220.60056277486,"logrmse"
2019-08-30,163,287.071075114551,7077,891.827847076899,"logrmse"
2019-08-30,2489,284.784940565386,4043,519.840112623316,"logrmse"
2019-08-30,780,286.464649913848,7532,838.311709220051,"logrmse"
2019-08-30,829,286.416489727731,5986,738.375868409015,"logrmse"
2019-08-30,378,286.859760012199,3726,471.230872432946,"logrmse"
2019-08-30,366,286.871554343493,1768,237.464651432508,"logrmse"
2019-08-30,83,287.149703989845,2595,417.116507585162,"logrmse"
2019-08-30,254,286.981634768904,9622,1162.23889453011,"logrmse"
2019-08-30,541,286.699553678788,5926,728.555944450384,"logrmse"
2019-08-30,144,287.089749472433,1305,162.290204367033,"logrmse"
2019-08-30,446,286.7929254682,877,135.823996504914,"logrmse"
2019-08-30,286,286.950183218787,2810,369.359573525608,"logrmse"
2019-08-30,1376,285.87886479291,6122,711.779279683612,"logrmse"
2019-08-30,1119,286.131460054791,5526,650.542242023672,"logrmse"
2019-08-30,512,286.728056646082,1940,288.349271142878,"logrmse"
2019-08-30,700,286.543278789142,5011,774.425923909588,"logrmse"
2019-08-30,179,287.055349339492,664,102.885751724112,"logrmse"
2019-08-30,73,287.159532599257,3425,406.725794600063,"logrmse"
2019-08-30,199,287.035692120669,735,86.2386952278768,"logrmse"
2019-08-30,236,286.999326265846,6509,781.437815029865,"logrmse"
2019-08-30,551,286.689725069376,3062,366.798929145401,"logrmse"
2019-08-30,1288,285.965356555733,6255,718.647362555841,"logrmse"
2019-08-30,696,286.547210232907,2456,317.132020201611,"logrmse"
2019-08-30,388,286.849931402787,6426,793.965332015139,"logrmse"
2019-08-30,1129,286.121631445379,6963,862.579984581663,"logrmse"
2019-08-30,2558,284.717123160445,8140,925.562447021512,"logrmse"
2019-08-30,201,287.033726398787,3131,475.401997503646,"logrmse"
2019-08-30,335,286.90202303267,2548,309.279310565892,"logrmse"
2019-08-30,1002,286.246454784908,1942,266.435083032795,"logrmse"
2019-08-30,418,286.820445574552,5488,590.356487835268,"logrmse"
2019-08-30,582,286.6592563802,4185,476.826365509112,"logrmse"
2019-08-30,578,286.663187823965,2629,334.878590452268,"logrmse"
2019-08-30,459,286.780148275964,5348,636.953519235632,"logrmse"
2019-08-30,199,287.035692120669,2277,354.042684692522,"logrmse"
2019-08-30,260,286.975737603257,5581,653.393848238888,"logrmse"
2019-08-30,372,286.865657177846,541,121.432469906002,"logrmse"
2019-08-30,217,287.018000623728,752,83.4358771048772,"logrmse"
2019-08-30,238,286.997360543963,3150,447.290181704531,"logrmse"
2019-08-30,734,286.509861517142,1801,269.164254390355,"logrmse"
2019-08-30,262,286.973771881375,2173,382.759175541515,"logrmse"
2019-08-30,303,286.933474582787,2185,327.694121657542,"logrmse"
2019-08-30,156,287.077955141139,1367,207.725489486007,"logrmse"
2019-08-30,280,286.956080384434,1721,248.481347039637,"logrmse"
2019-08-30,404,286.834205627729,3224,389.828984231644,"logrmse"
2019-08-30,882,286.364398097849,1866,247.708112850226,"logrmse"
2019-08-30,429,286.809634104199,2486,379.864485769036,"logrmse"
2019-08-30,171,287.063212227022,1728,233.307934352171,"logrmse"
2019-08-30,475,286.764422500906,2691,311.67672375909,"logrmse"
2019-08-30,507,286.732970950788,3255,419.910303833451,"logrmse"
2019-08-30,351,286.886297257611,3484,424.690458102715,"logrmse"
2019-08-30,115,287.118252439727,994,234.978326549027,"logrmse"
2019-08-30,296,286.940354609375,4614,606.686060537286,"logrmse"
2019-08-30,117,287.116286717845,4079,562.263181046501,"logrmse"
2019-08-30,243,286.992446239257,3230,366.520013437283,"logrmse"
2019-08-30,261,286.974754742316,1064,138.893618077574,"logrmse"
2019-08-30,139,287.094663777139,2866,354.359349722391,"logrmse"
2019-08-30,74,287.158549738315,911,104.960214187516,"logrmse"
2019-08-30,233,287.002274848669,1042,136.182029374929,"logrmse"
2019-08-30,460,286.779165415023,1713,248.61648219063,"logrmse"
2019-08-30,968,286.279872056908,3151,459.455890850423,"logrmse"
2019-08-30,371,286.866640038787,1542,223.046279976258,"logrmse"
2019-08-30,304,286.932491721846,2512,338.088703902865,"logrmse"
2019-08-30,337,286.900057310787,2526,344.730729325998,"logrmse"
2019-08-30,719,286.52460443126,2509,343.426262048475,"logrmse"
2019-08-30,1198,286.053814040439,6018,678.426009163996,"logrmse"
2019-08-30,552,286.688742208435,3543,502.840311168818,"logrmse"
2019-08-30,780,286.464649913848,4334,544.177345654153,"logrmse"
2019-08-30,133,287.100560942786,1044,140.2827960397,"logrmse"
2019-08-30,139,287.094663777139,1041,137.181279135559,"logrmse"
2019-08-30,149,287.084835167727,1167,148.784234842633,"logrmse"
2019-08-30,170,287.064195087963,635,87.0977814297478,"logrmse"
2019-08-30,269,286.966891854787,2056,287.777809070249,"logrmse"
2019-08-30,166,287.068126531728,1798,257.494312839395,"logrmse"
2019-08-30,283,286.95313180161,1869,222.367928505954,"logrmse"
2019-08-30,377,286.86074287314,2500,324.740468222217,"logrmse"
2019-08-30,1013,286.235643314555,4241,558.483948068787,"logrmse"
2019-08-30,330,286.906937337375,2105,273.288668646169,"logrmse"
2019-08-30,355,286.882365813846,2622,424.631759259295,"logrmse"
2019-08-30,71,287.161498321139,859,110.712714679015,"logrmse"
2019-08-30,255,286.980651907963,1375,274.93541649542,"logrmse"
2019-08-30,660,286.582593226789,7633,1033.60064069114,"logrmse"
2019-08-30,790,286.454821304437,3522,478.826912871882,"logrmse"
2019-08-30,797,286.447941277848,7239,974.115166952984,"logrmse"
2019-08-30,435,286.803736938552,2837,377.542545723106,"logrmse"
2019-08-30,280,286.956080384434,4096,499.104252701878,"logrmse"
2019-08-30,422,286.816514130788,1654,214.851253950934,"logrmse"
2019-08-30,294,286.942320331258,2305,299.847930617611,"logrmse"
2019-08-30,630,286.612079055024,2310,289.246291996358,"logrmse"
2019-08-30,209,287.025863511257,1625,201.249084689899,"logrmse"
2019-08-30,96,287.13692679761,741,116.531388735182,"logrmse"
2019-08-30,130,287.10350952561,860,131.886980645052,"logrmse"
2019-08-30,244,286.991463378316,2220,262.807072290117,"logrmse"
2019-08-30,148,287.085818028669,804,121.542054185358,"logrmse"
2019-08-30,66,287.166412625845,898,133.85226460379,"logrmse"
2019-08-30,418,286.820445574552,3389,502.461928894998,"logrmse"
2019-08-30,579,286.662204963024,1948,258.120406967043,"logrmse"
2019-08-30,98,287.134961075727,1952,251.12204726431,"logrmse"
2019-08-30,203,287.031760676904,683,86.4951055854603,"logrmse"
2019-08-30,248,286.987531934551,1620,223.471523991989,"logrmse"
2019-08-30,227,287.008172014316,2314,266.706191595395,"logrmse"
2019-08-30,154,287.079920863022,702,100.873388626715,"logrmse"
2019-08-30,121,287.11235527408,958,117.542214203155,"logrmse"
2019-08-30,69,287.163464043021,489,68.4749815534736,"logrmse"
2019-08-30,93,287.139875380433,612,84.0928174006253,"logrmse"
2019-08-30,147,287.08680088961,754,96.5974538770683,"logrmse"
2019-08-30,392,286.845999959023,1946,262.769678062602,"logrmse"
2019-08-30,689,286.554090259495,2977,386.796498107994,"logrmse"
2019-08-30,234,287.001291987728,1289,164.303829965973,"logrmse"
2019-08-30,589,286.652376353612,2886,375.180988207594,"logrmse"
2019-08-30,318,286.918731668669,1535,193.930354905577,"logrmse"
2019-08-30,717,286.526570153142,2220,276.500133395653,"logrmse"
2019-08-30,472,286.767371083729,2098,245.724395041248,"logrmse"
2019-08-30,225,287.010137736198,1303,173.89858077542,"logrmse"
2019-08-30,222,287.013086319022,1081,146.014847752231,"logrmse"
2019-08-30,173,287.061246505139,1023,123.880672472383,"logrmse"
2019-08-30,225,287.010137736198,1053,132.04922180541,"logrmse"
2019-08-30,253,286.982617629846,1161,151.057575997759,"logrmse"
2019-08-30,88,287.144789685139,1553,204.412825953334,"logrmse"
2019-08-30,116,287.117269578786,805,101.469055347888,"logrmse"
2019-08-30,228,287.007189153375,1035,133.902531217556,"logrmse"
2019-08-30,55,287.177224096198,787,110.281821044954,"logrmse"
2019-08-30,138,287.09564663808,1197,141.122830432175,"logrmse"
2019-08-30,87,287.14577254608,777,99.3432373272562,"logrmse"
2019-08-30,78,287.154618294551,789,101.230639421599,"logrmse"
2019-08-30,84,287.148721128904,482,62.808106770205,"logrmse"
2019-08-30,163,287.071075114551,1252,148.830641053084,"logrmse"
2019-08-30,193,287.041589286316,1165,146.684527509936,"logrmse"
2019-08-30,221,287.014069179963,1231,170.20054017154,"logrmse"
2019-08-30,184,287.050435034786,1951,257.237499886025,"logrmse"
2019-08-30,507,286.732970950788,2557,384.203241074389,"logrmse"
2019-08-30,310,286.926594556199,4198,506.140985665791,"logrmse"
2019-08-30,252,286.983600490787,2292,282.572844714455,"logrmse"
2019-08-30,338,286.899074449846,3754,471.614770272734,"logrmse"
2019-08-30,424,286.814548408905,2117,320.611982963741,"logrmse"
2019-08-30,248,286.987531934551,3373,399.004246796616,"logrmse"
2019-08-30,178,287.056332200433,755,87.9646516532973,"logrmse"
2019-08-30,965,286.282820639731,7234,816.118255260676,"logrmse"
2019-08-30,210,287.024880650316,1464,185.589426703191,"logrmse"
2019-08-30,233,287.002274848669,653,139.010178139812,"logrmse"
2019-08-30,275,286.96099468914,1779,221.229144724342,"logrmse"
2019-08-30,623,286.618959081612,4830,656.698260439195,"logrmse"
2019-08-30,112,287.121201022551,666,86.0914729755164,"logrmse"
2019-08-30,259,286.976720464199,4583,511.937262011473,"logrmse"
2019-08-30,788,286.456787026319,4453,550.353449310619,"logrmse"
2019-08-30,836,286.409609701143,4051,542.206811598249,"logrmse"
2019-08-30,344,286.893177284199,1343,173.97014778831,"logrmse"
2019-08-30,313,286.923645973375,2267,293.791184420434,"logrmse"
2019-08-30,1329,285.925059257145,6082,729.96415805228,"logrmse"
2019-08-30,265,286.970823298552,3546,437.53158226761,"logrmse"
2019-08-30,408,286.830274183964,2470,308.170185105376,"logrmse"
2019-08-30,370,286.867622899729,1223,154.672996536133,"logrmse"
2019-08-30,297,286.939371748434,2627,294.901003279602,"logrmse"
2019-08-30,267,286.968857576669,1375,171.589937629878,"logrmse"
2019-08-30,252,286.983600490787,2443,315.50727176263,"logrmse"
2019-08-30,282,286.954114662552,1484,197.952045860502,"logrmse"
2019-08-30,370,286.867622899729,1386,180.272805617819,"logrmse"
2019-08-30,599,286.6425477442,1549,206.328711993635,"logrmse"
2019-08-30,401,286.837154210552,2092,285.679676105118,"logrmse"
2019-08-30,609,286.632719134789,1076,159.215388124406,"logrmse"
2019-08-30,101,287.132012492904,1995,261.019632289813,"logrmse"
2019-08-30,916,286.330980825849,3277,455.850750015323,"logrmse"
2019-08-30,233,287.002274848669,4598,539.550103097133,"logrmse"
2019-08-30,332,286.904971615493,2820,419.577854579198,"logrmse"
2019-08-30,233,287.002274848669,2187,295.860233877646,"logrmse"
2019-08-30,246,286.989497656434,2254,278.336346664347,"logrmse"
2019-08-30,317,286.919714529611,2219,302.227399249037,"logrmse"
2019-08-30,124,287.109406691257,1117,144.567830974655,"logrmse"
2019-08-30,1530,285.72750420797,4258,522.678158733623,"logrmse"
2019-08-30,1300,285.953562224439,4113,563.035769189586,"logrmse"
2019-08-30,109,287.124149605374,795,98.3722341094917,"logrmse"
2019-08-30,38,287.193932732197,576,76.5621969543581,"logrmse"
2019-08-30,188,287.046503591022,3143,390.962832055341,"logrmse"
2019-08-30,783,286.461701331025,1924,324.795481073299,"logrmse"
2019-08-30,1107,286.143254386085,10884,1191.53929484203,"logrmse"
2019-08-30,84,287.148721128904,352,55.8515016279216,"logrmse"
2019-08-30,237,286.998343404904,3762,451.400667107564,"logrmse"
2019-08-30,138,287.09564663808,977,128.890098155554,"logrmse"
2019-08-30,121,287.11235527408,1567,197.757632214589,"logrmse"
2019-08-30,252,286.983600490787,1742,298.920912128884,"logrmse"
2019-08-30,149,287.084835167727,844,114.421143367411,"logrmse"
2019-08-30,172,287.06222936608,1782,217.237407016783,"logrmse"
2019-08-30,307,286.929543139022,3481,435.203753137435,"logrmse"
2019-08-30,98,287.134961075727,1746,221.132634654016,"logrmse"
2019-08-30,182,287.052400756669,1669,211.867086719437,"logrmse"
2019-08-30,232,287.00325770961,858,119.751211406543,"logrmse"
2019-08-30,607,286.634684856671,1850,232.933884589739,"logrmse"
2019-08-30,387,286.850914263729,3666,461.372194949649,"logrmse"
2019-08-30,636,286.606181889377,4853,572.618791539574,"logrmse"
2019-08-30,453,286.786045441611,2781,367.097275681114,"logrmse"
2019-08-30,155,287.07893800208,952,147.048226899052,"logrmse"
2019-08-30,1005,286.243506202085,3379,417.829496385739,"logrmse"
2019-08-30,760,286.484307132672,2261,317.041970646059,"logrmse"
2019-08-30,183,287.051417895728,2038,283.938357426275,"logrmse"
2019-08-31,145,243.934760683164,1513,206.565670745904,"logrmse"
2019-08-31,0,244.075898468165,3116,489.079741595834,"logrmse"
2019-08-31,330,243.754688336783,1485,192.446955936859,"logrmse"
2019-08-31,288,243.795569626232,1911,250.499484517045,"logrmse"
2019-08-31,248,243.834504187611,1612,192.878197798918,"logrmse"
2019-08-31,166,243.91432003844,1243,144.557153986456,"logrmse"
2019-08-31,80,243.998029345406,865,116.843438772988,"logrmse"
2019-08-31,191,243.889985937577,1911,251.958869180503,"logrmse"
2019-08-31,100,243.978562064716,818,107.915557196126,"logrmse"
2019-08-31,157,243.92308031475,681,95.7230438020001,"logrmse"
2019-08-31,164,243.916266766508,927,125.157570967791,"logrmse"
2019-08-31,127,243.952281235785,1463,185.259016493484,"logrmse"
2019-08-31,146,243.933787319129,680,90.5458417651144,"logrmse"
2019-08-31,67,244.010683077854,934,130.20921110617,"logrmse"
2019-08-31,213,243.868571928819,1315,187.962615165517,"logrmse"
2019-08-31,219,243.862731744612,1175,172.460964729789,"logrmse"
2019-08-31,368,243.717700503473,4504,560.819089648965,"logrmse"
2019-08-31,100,243.978562064716,3727,530.679869945301,"logrmse"
2019-08-31,1021,243.082093788952,8162,1016.96025434643,"logrmse"
2019-08-31,296,243.787782713956,3791,512.457601543474,"logrmse"
2019-08-31,879,243.220311481849,3022,438.757605067296,"logrmse"
2019-08-31,153,243.926973770888,1039,137.944795062824,"logrmse"
2019-08-31,357,243.728407507852,3503,476.68231194168,"logrmse"
2019-08-31,182,243.898746213888,1380,198.357371002897,"logrmse"
2019-08-31,746,243.349768898436,5907,715.652737382718,"logrmse"
2019-08-31,156,243.924053678784,2917,391.956545994446,"logrmse"
2019-08-31,94,243.984402248923,2071,287.20854482712,"logrmse"
2019-08-31,136,243.943520959474,1085,129.34941121438,"logrmse"
2019-08-31,169,243.911399946336,936,123.8714735498,"logrmse"
2019-08-31,159,243.921133586681,697,107.788320144468,"logrmse"
2019-08-31,254,243.828664003405,1443,191.364949979102,"logrmse"
2019-08-31,203,243.878305569163,1104,135.751212491887,"logrmse"
2019-08-31,195,243.886092481439,1156,152.677625001976,"logrmse"
2019-08-31,171,243.909453218267,1742,214.307529258849,"logrmse"
2019-08-31,417,243.670005665783,2078,256.151064342122,"logrmse"
2019-08-31,113,243.965908332267,864,113.690003482147,"logrmse"
2019-08-31,171,243.909453218267,438,101.761209027964,"logrmse"
2019-08-31,666,243.427638021195,3715,499.823748335776,"logrmse"
2019-08-31,121,243.958121419991,1986,301.809621388778,"logrmse"
2019-08-31,813,243.284553508125,3921,510.605345145065,"logrmse"
2019-08-31,176,243.904586398095,509,66.7905110996971,"logrmse"
2019-08-31,1705,242.416312789362,12263,1526.24897349496,"logrmse"
2019-08-31,189,243.891932665646,1117,159.054864429116,"logrmse"
2019-08-31,158,243.922106950715,1530,206.161077903403,"logrmse"
2019-08-31,126,243.953254599819,518,73.3944966230856,"logrmse"
2019-08-31,69,244.008736349785,714,95.2810071023881,"logrmse"
2019-08-31,102,243.976615336647,844,107.009456237648,"logrmse"
2019-08-31,117,243.962014876129,949,146.090205828893,"logrmse"
2019-08-31,272,243.811143450784,2474,311.608657278641,"logrmse"
2019-08-31,259,243.823797183232,3369,393.050253721339,"logrmse"
2019-08-31,1021,243.082093788952,3109,353.971077697944,"logrmse"
2019-08-31,423,243.664165481576,3321,390.532453670911,"logrmse"
2019-08-31,514,243.575589354438,3468,475.314651774901,"logrmse"
2019-08-31,65,244.012629805923,1156,156.230566889783,"logrmse"
2019-08-31,89,243.989269069095,299,52.6238599482014,"logrmse"
2019-08-31,78,243.999976073474,457,74.5880817385377,"logrmse"
2019-08-31,92,243.986348976992,351,64.9416445137577,"logrmse"
2019-08-31,241,243.841317735853,1616,210.237310279304,"logrmse"
2019-08-31,345,243.740087876266,1624,214.216167644701,"logrmse"
2019-08-31,184,243.896799485819,1967,246.473939217603,"logrmse"
2019-08-31,117,243.962014876129,1529,188.091360149428,"logrmse"
2019-08-31,86,243.992189161199,1015,127.150562969637,"logrmse"
2019-08-31,190,243.890959301612,918,110.123705134565,"logrmse"
2019-08-31,207,243.874412113025,1101,132.241205536181,"logrmse"
2019-08-31,376,243.709913591197,3588,501.454160908162,"logrmse"
2019-08-31,335,243.749821516611,1430,222.218243104555,"logrmse"
2019-08-31,479,243.609657095645,3207,375.060329859605,"logrmse"
2019-08-31,24,244.052537731337,1374,176.526420737587,"logrmse"
2019-08-31,355,243.730354235921,2293,322.923901589438,"logrmse"
2019-08-31,229,243.852998104267,3149,428.745679235408,"logrmse"
2019-08-31,98,243.980508792785,3181,449.393058042114,"logrmse"
2019-08-31,606,243.486039863265,3510,429.475323753588,"logrmse"
2019-08-31,629,243.463652490471,1502,221.651696179023,"logrmse"
2019-08-31,314,243.770262161335,1553,238.485521069861,"logrmse"
2019-08-31,316,243.768315433266,3030,394.784346761392,"logrmse"
2019-08-31,184,243.896799485819,2479,319.728355329422,"logrmse"
2019-08-31,295,243.78875607799,2836,375.249336574311,"logrmse"
2019-08-31,172,243.908479854233,1857,264.98971785794,"logrmse"
2019-08-31,103,243.975641972612,1285,168.309279295205,"logrmse"
2019-08-31,143,243.936707411233,1379,171.751440873662,"logrmse"
2019-08-31,339,243.745928060473,1298,168.577203152808,"logrmse"
2019-08-31,131,243.948387779647,1096,129.646277015273,"logrmse"
2019-08-31,116,243.962988240164,700,90.4014067450746,"logrmse"
2019-08-31,87,243.991215797164,785,100.649338310406,"logrmse"
2019-08-31,488,243.600896819334,1781,213.984930016611,"logrmse"
2019-08-31,137,243.94254759544,865,105.098230705162,"logrmse"
2019-08-31,117,243.962014876129,1616,207.955619015879,"logrmse"
2019-08-31,231,243.851051376198,1650,205.573970235237,"logrmse"
2019-08-31,77,244.000949437509,348,62.5717628822394,"logrmse"
2019-08-31,132,243.947414415612,870,121.398516491943,"logrmse"
2019-08-31,230,243.852024740232,823,117.686716835795,"logrmse"
2019-08-31,75,244.002896165578,910,110.881917392696,"logrmse"
2019-08-31,46,244.031123722578,689,96.9421932046686,"logrmse"
2019-08-31,81,243.997055981371,612,73.6148912760527,"logrmse"
2019-08-31,201,243.880252297232,1243,162.457338301609,"logrmse"
2019-08-31,86,243.992189161199,1749,216.613435621428,"logrmse"
2019-08-31,167,243.913346674405,919,119.655828997691,"logrmse"
2019-08-31,206,243.87538547706,949,126.120493736206,"logrmse"
2019-08-31,202,243.879278933198,2726,310.609774435615,"logrmse"
2019-08-31,150,243.929893862991,469,69.7288867008051,"logrmse"
2019-08-31,110,243.968828424371,882,110.11430136081,"logrmse"
2019-08-31,192,243.889012573543,1039,137.750099578171,"logrmse"
2019-08-31,86,243.992189161199,805,93.9485769487605,"logrmse"
2019-08-31,184,243.896799485819,520,68.9038901147574,"logrmse"
2019-08-31,112,243.966881696302,657,84.1438552681828,"logrmse"
2019-08-31,65,244.012629805923,507,66.1519699811039,"logrmse"
2019-08-31,129,243.950334507716,326,46.6724337281831,"logrmse"
2019-08-31,90,243.988295705061,700,93.2262873353914,"logrmse"
2019-08-31,83,243.995109253302,994,121.705455999864,"logrmse"
2019-08-31,447,243.640804744748,552,85.4286131494896,"logrmse"
2019-08-31,77,244.000949437509,1062,126.412938713483,"logrmse"
2019-08-31,430,243.657351933335,2091,267.556898039397,"logrmse"
2019-08-31,365,243.720620595576,3182,390.625180577525,"logrmse"
2019-08-31,796,243.301100696712,3014,354.86205121112,"logrmse"
2019-08-31,551,243.539574885161,2518,302.703316183312,"logrmse"
2019-08-31,372,243.713807047335,4197,473.578189502804,"logrmse"
2019-08-31,766,243.330301617746,2822,327.711283419386,"logrmse"
2019-08-31,74,244.003869529612,681,102.906025793602,"logrmse"
2019-08-31,79,243.99900270944,736,90.8558726219633,"logrmse"
2019-08-31,116,243.962988240164,867,116.095203022338,"logrmse"
2019-08-31,113,243.965908332267,685,90.3154833007528,"logrmse"
2019-08-31,73,244.004842893647,594,78.1075272550463,"logrmse"
2019-08-31,76,244.001922801543,976,116.171391232335,"logrmse"
2019-08-31,166,243.91432003844,845,108.887368046562,"logrmse"
2019-08-31,204,243.877332205129,560,69.8541367796322,"logrmse"
2019-08-31,58,244.019443354164,548,70.0204905981103,"logrmse"
2019-08-31,509,243.58045617461,1529,198.093307726761,"logrmse"
2019-08-31,283,243.800436446404,1466,196.692368446405,"logrmse"
2019-08-31,74,244.003869529612,2283,289.635471395801,"logrmse"
2019-08-31,27,244.049617639233,436,73.7344741886943,"logrmse"
2019-08-31,311,243.773182253439,3320,418.011397014103,"logrmse"
2019-08-31,268,243.815036906922,1586,216.788842567247,"logrmse"
2019-08-31,273,243.810170086749,2314,285.150161928256,"logrmse"
2019-08-31,269,243.814063542887,1002,144.42306362769,"logrmse"
2019-08-31,164,243.916266766508,882,121.622389259681,"logrmse"
2019-08-31,128,243.95130787175,930,126.857646893632,"logrmse"
2019-08-31,118,243.961041512095,5279,655.416892811981,"logrmse"
2019-08-31,268,243.815036906922,1620,229.589025261174,"logrmse"
2019-08-31,1006,243.096694249469,4399,536.670741204783,"logrmse"
2019-08-31,165,243.915293402474,3478,453.850943812194,"logrmse"
2019-08-31,250,243.832557459542,2300,297.91056637032,"logrmse"
2019-08-31,271,243.812116814818,2040,281.058773994166,"logrmse"
2019-08-31,788,243.308887608988,7343,970.421918228581,"logrmse"
2019-08-31,356,243.729380871887,1878,280.532409891182,"logrmse"
2019-08-31,368,243.717700503473,7233,950.927616303123,"logrmse"
2019-08-31,102,243.976615336647,730,98.8819953602369,"logrmse"
2019-08-31,98,243.980508792785,708,91.5525585048566,"logrmse"
2019-08-31,139,243.940600867371,1691,225.566071389724,"logrmse"
2019-08-31,633,243.459759034333,4269,515.81566487838,"logrmse"
2019-08-31,323,243.761501885025,3555,399.863285670148,"logrmse"
2019-08-31,307,243.777075709577,1579,195.16496770269,"logrmse"
2019-08-31,119,243.96006814806,1550,208.731142682613,"logrmse"
2019-08-31,103,243.975641972612,1079,131.497900814964,"logrmse"
2019-08-31,73,244.004842893647,545,71.6907903695774,"logrmse"
2019-08-31,123,243.956174691923,1491,178.946206668716,"logrmse"
2019-08-31,163,243.917240130543,1049,139.968152393511,"logrmse"
2019-08-31,76,244.001922801543,850,140.342815766262,"logrmse"
2019-08-31,142,243.937680775267,911,144.479242414391,"logrmse"
2019-08-31,137,243.94254759544,1644,210.273422957441,"logrmse"
2019-08-31,614,243.478252950989,5168,660.397037863161,"logrmse"
2019-08-31,104,243.974668608578,1805,307.003808934553,"logrmse"
2019-08-31,610,243.482146407127,4933,618.216751706146,"logrmse"
2019-08-31,227,243.854944832336,2220,267.531656532136,"logrmse"
2019-08-31,472,243.616470643886,3074,345.332844386666,"logrmse"
2019-08-31,175,243.905559762129,1190,144.005672633283,"logrmse"
2019-08-31,258,243.824770547267,1316,167.390739463622,"logrmse"
2019-08-31,222,243.859811652508,2092,261.962976129528,"logrmse"
2019-08-31,477,243.611603823714,8217,1067.84163780205,"logrmse"
2019-08-31,855,243.243672218677,4457,590.748870412295,"logrmse"
2019-08-31,340,243.744954696438,5189,733.498796375041,"logrmse"
2019-08-31,682,243.412064196643,3876,502.580916741554,"logrmse"
2019-08-31,431,243.6563785693,2630,350.061407677632,"logrmse"
2019-08-31,397,243.689472946473,5790,796.626399083946,"logrmse"
2019-08-31,99,243.97953542875,1721,287.242674239683,"logrmse"
2019-08-31,175,243.905559762129,1055,207.063949197533,"logrmse"
2019-08-31,0,244.075898468165,1317,225.21944671768,"logrmse"
2019-08-31,513,243.576562718472,1429,188.317596369331,"logrmse"
2019-08-31,469,243.619390735989,820,161.95032349663,"logrmse"
2019-08-31,485,243.603816911438,6215,908.625366481451,"logrmse"
2019-08-31,430,243.657351933335,1399,182.508633544272,"logrmse"
2019-08-31,165,243.915293402474,8294,1027.04241495341,"logrmse"
2019-08-31,306,243.778049073611,904,111.004442960649,"logrmse"
2019-08-31,206,243.87538547706,1332,179.995502619756,"logrmse"
2019-08-31,3440,240.727526189524,16794,2042.33019460085,"logrmse"
2019-08-31,385,243.701153314887,2451,345.054306648833,"logrmse"
2019-08-31,148,243.93184059106,1587,189.713483765506,"logrmse"
2019-08-31,204,243.877332205129,2095,242.922439466026,"logrmse"
2019-08-31,154,243.926000406853,1059,129.381780362773,"logrmse"
2019-08-31,255,243.82769063937,4751,583.16934182539,"logrmse"
2019-08-31,324,243.76052852099,1912,270.882646423556,"logrmse"
2019-08-31,722,243.373129635264,544,80.4720339897029,"logrmse"
2019-08-31,67,244.010683077854,1080,153.845709195598,"logrmse"
2019-08-31,625,243.467545946609,3996,617.796647774877,"logrmse"
2019-08-31,436,243.651511749128,1796,291.538673920417,"logrmse"
2019-08-31,192,243.889012573543,2488,356.836815256227,"logrmse"
2019-08-31,840,243.258272679194,7525,989.758665711539,"logrmse"
2019-08-31,3773,240.403395966039,6111,773.786420231212,"logrmse"
2019-08-31,241,243.841317735853,1045,154.120857221316,"logrmse"
2019-08-31,201,243.880252297232,3356,378.860295287545,"logrmse"
2019-08-31,179,243.901666305991,1773,224.8014437732,"logrmse"
2019-08-31,210,243.871492020922,913,146.848988233316,"logrmse"
2019-08-31,276,243.807249994646,2910,391.929424790181,"logrmse"
2019-08-31,418,243.669032301748,3556,408.20449311845,"logrmse"
2019-08-31,426,243.661245389472,2816,313.309949804037,"logrmse"
2019-08-31,92,243.986348976992,868,107.259568042279,"logrmse"
2019-08-31,47,244.030150358544,708,99.2423017065623,"logrmse"
2019-08-31,219,243.862731744612,1535,222.94904591456,"logrmse"
2019-08-31,310,243.774155617473,2235,343.122069837241,"logrmse"
2019-08-31,386,243.700179950852,1486,195.066772338628,"logrmse"
2019-08-31,256,243.826717275336,566,72.6940440117905,"logrmse"
2019-08-31,72,244.005816257681,1049,124.992124377939,"logrmse"
2019-08-31,1021,243.082093788952,4411,529.108221929778,"logrmse"
2019-08-31,178,243.902639670026,1764,206.512822022136,"logrmse"
2019-08-31,49,244.028203630475,451,65.3835935808629,"logrmse"
2019-08-31,96,243.982455520854,389,54.9307337859274,"logrmse"
2019-08-31,539,243.551255253575,3727,471.640636560997,"logrmse"
2019-08-31,404,243.682659398231,2773,348.390420858588,"logrmse"
2019-08-31,365,243.720620595576,9215,1025.1292644193,"logrmse"
2019-08-31,86,243.992189161199,1266,167.761010230677,"logrmse"
2019-08-31,231,243.851051376198,1249,163.188378207991,"logrmse"
2019-08-31,329,243.755661700818,1387,180.724766612854,"logrmse"
2019-08-31,156,243.924053678784,1143,193.986388118059,"logrmse"
2019-08-31,124,243.955201327888,1919,252.725169197961,"logrmse"
2019-08-31,66,244.011656441888,5112,738.150924976236,"logrmse"
2019-08-31,203,243.878305569163,2591,325.859198359062,"logrmse"
2019-08-31,112,243.966881696302,414,104.390255934225,"logrmse"
2019-08-31,967,243.134655446814,3507,392.517810701042,"logrmse"
2019-08-31,70,244.00776298575,1071,155.768861541141,"logrmse"
2019-08-31,72,244.005816257681,715,89.2568537174887,"logrmse"
2019-08-31,303,243.780969165715,2241,282.541405307524,"logrmse"
2019-08-31,777,243.319594613367,3370,419.632327973942,"logrmse"
2019-08-31,168,243.912373310371,1331,174.621488256157,"logrmse"
2019-08-31,330,243.754688336783,1544,194.391694746511,"logrmse"
2019-08-31,167,243.913346674405,8252,942.450097128833,"logrmse"
2019-08-31,85,243.993162525233,782,120.565334522443,"logrmse"
2019-08-31,103,243.975641972612,1585,229.79248542731,"logrmse"
2019-08-31,551,243.539574885161,4235,538.299573131103,"logrmse"
2019-08-31,189,243.891932665646,2842,409.111029970998,"logrmse"
2019-08-31,188,243.892906029681,1089,158.552050848912,"logrmse"
2019-08-31,147,243.932813955095,1144,167.256083914705,"logrmse"
2019-08-31,166,243.91432003844,976,151.190183682058,"logrmse"
2019-08-31,336,243.748848152576,1972,290.306618308691,"logrmse"
2019-08-31,185,243.895826121784,556,67.9353005862455,"logrmse"
2019-08-31,65,244.012629805923,842,106.707337054024,"logrmse"
2019-08-31,91,243.987322341026,980,120.307431842881,"logrmse"
2019-08-31,1568,242.549663662087,3927,508.437560299711,"logrmse"
2019-08-31,287,243.796542990266,3499,460.804321820225,"logrmse"
2019-08-31,92,243.986348976992,1457,196.847575828291,"logrmse"
2019-08-31,304,243.77999580168,1799,256.796090365805,"logrmse"
2019-08-31,224,243.857864924439,1065,162.478856681411,"logrmse"
2019-08-31,109,243.969801788405,733,115.476198556273,"logrmse"
2019-08-31,90,243.988295705061,943,117.775297488168,"logrmse"
2019-08-31,164,243.916266766508,788,99.6071960090075,"logrmse"
2019-08-31,137,243.94254759544,2253,306.086023138308,"logrmse"
2019-08-31,167,243.913346674405,1399,188.315848309364,"logrmse"
2019-08-31,744,243.351715626505,3193,409.356809525597,"logrmse"
2019-08-31,805,243.292340420401,4958,548.543881150572,"logrmse"
2019-08-31,482,243.606737003541,5157,568.703865195072,"logrmse"
2019-08-31,156,243.924053678784,1325,179.35838198508,"logrmse"
2019-08-31,259,243.823797183232,1568,192.724934787231,"logrmse"
2019-08-31,272,243.811143450784,1578,210.809480073236,"logrmse"
2019-08-31,413,243.673899121921,1813,228.577931546192,"logrmse"
2019-08-31,242,243.840344371818,1610,243.535377954695,"logrmse"
2019-08-31,309,243.775128981508,3415,512.464166453244,"logrmse"
2019-08-31,494,243.595056635127,1911,248.550257945427,"logrmse"
2019-08-31,213,243.868571928819,992,138.341641007933,"logrmse"
2019-08-31,300,243.783889257818,3017,350.092277448378,"logrmse"
2019-08-31,310,243.774155617473,1556,176.027022867388,"logrmse"
2019-08-31,320,243.764421977128,2318,277.2883968261,"logrmse"
2019-08-31,398,243.688499582438,776,97.7865817319337,"logrmse"
2019-08-31,104,243.974668608578,1736,193.94814677602,"logrmse"
2019-08-31,123,243.956174691923,1744,193.067437782794,"logrmse"
2019-08-31,356,243.729380871887,1681,202.593659440866,"logrmse"
2019-08-31,198,243.883172389336,1385,191.237502631244,"logrmse"
2019-08-31,424,243.663192117541,2564,266.958954373749,"logrmse"
2019-08-31,672,243.421797836988,2230,235.09276004903,"logrmse"
2019-08-31,552,243.538601521127,2386,259.661022863706,"logrmse"
2019-08-31,291,243.792649534128,1821,277.00183622631,"logrmse"
2019-08-31,674,243.419851108919,2091,225.535305633475,"logrmse"
2019-08-31,0,244.075898468165,2977,426.346860669123,"logrmse"
2019-08-31,367,243.718673867507,1407,204.970484785257,"logrmse"
2019-08-31,202,243.879278933198,1673,230.544475364925,"logrmse"
2019-08-31,279,243.804329902542,2500,317.738858554244,"logrmse"
2019-08-31,689,243.405250648402,2036,254.729293154135,"logrmse"
2019-08-31,198,243.883172389336,1646,208.784015291914,"logrmse"
2019-08-31,101,243.977588700681,1053,135.945430465769,"logrmse"
2019-08-31,194,243.887065845474,1876,234.151884721089,"logrmse"
2019-08-31,320,243.764421977128,1702,237.928071762489,"logrmse"
2019-08-31,196,243.885119117405,3620,459.492907277334,"logrmse"
2019-08-31,253,243.829637367439,3226,366.96332936938,"logrmse"
2019-08-31,542,243.548335161472,2967,415.429080433684,"logrmse"
2019-08-31,438,243.649565021059,2200,320.838631350576,"logrmse"
2019-08-31,370,243.715753775404,6670,835.741892509253,"logrmse"
2019-08-31,233,243.849104648129,2169,341.197802941527,"logrmse"
2019-08-31,231,243.851051376198,2853,327.656351414004,"logrmse"
2019-08-31,237,243.845211191991,1702,222.758815462122,"logrmse"
2019-08-31,239,243.843264463922,554,86.3179539724341,"logrmse"
2019-08-31,217,243.864678472681,818,107.735139644144,"logrmse"
2019-08-31,122,243.957148055957,1425,198.156118852969,"logrmse"
2019-08-31,470,243.618417371955,3948,517.685171053039,"logrmse"
2019-08-31,188,243.892906029681,2747,401.34156445791,"logrmse"
2019-08-31,518,243.5716958983,1603,202.834200554188,"logrmse"
2019-08-31,446,243.641778108783,6847,929.776152818986,"logrmse"
2019-08-31,186,243.89485275775,3392,487.613486484473,"logrmse"
2019-08-31,388,243.698233222783,1344,229.907975530278,"logrmse"
2019-08-31,250,243.832557459542,3140,459.971138268959,"logrmse"
2019-08-31,281,243.802383174473,2076,282.208085864635,"logrmse"
2019-08-31,72,244.005816257681,529,76.7461747178601,"logrmse"
2019-08-31,356,243.729380871887,3813,518.250524977758,"logrmse"
2019-08-31,628,243.464625854506,2181,276.601282855207,"logrmse"
2019-08-31,926,243.174563372228,4489,594.794139494521,"logrmse"
2019-08-31,435,243.652485113162,1961,319.86296273727,"logrmse"
2019-08-31,416,243.670979029817,2234,288.388858677578,"logrmse"
2019-08-31,860,243.238805398504,2461,350.175144470266,"logrmse"
2019-08-31,244,243.838397643749,2055,269.990353296177,"logrmse"
2019-08-31,420,243.667085573679,5406,663.73024149255,"logrmse"
2019-08-31,816,243.281633416022,1097,152.07215065913,"logrmse"
2019-08-31,267,243.816010270956,1110,144.691843770233,"logrmse"
2019-08-31,627,243.46559921854,4913,592.270024189683,"logrmse"
2019-08-31,383,243.703100042955,2147,260.409515076548,"logrmse"
2019-08-31,392,243.694339766645,917,186.479123961351,"logrmse"
2019-08-31,23,244.053511095371,1897,294.581595272027,"logrmse"
2019-08-31,204,243.877332205129,1764,196.325509074101,"logrmse"
2019-08-31,204,243.877332205129,823,138.657410105271,"logrmse"
2019-08-31,165,243.915293402474,808,110.819527506994,"logrmse"
2019-08-31,380,243.706020135059,945,121.944759017698,"logrmse"
2019-08-31,136,243.943520959474,1303,155.990875731341,"logrmse"
2019-08-31,134,243.945467687543,1026,135.684586838071,"logrmse"
2019-08-31,201,243.880252297232,3293,393.099022516535,"logrmse"
2019-08-31,271,243.812116814818,3736,436.252144914929,"logrmse"
2019-08-31,251,243.831584095508,3284,416.408831375019,"logrmse"
2019-08-31,569,243.522054332541,3115,389.228967834051,"logrmse"
2019-08-31,58,244.019443354164,774,102.347560455584,"logrmse"
2019-08-31,132,243.947414415612,1020,129.564649615007,"logrmse"
2019-08-31,137,243.94254759544,1332,161.979194205549,"logrmse"
2019-08-31,278,243.805303266577,1472,172.038769759678,"logrmse"
2019-08-31,114,243.964934968233,594,78.0949265097392,"logrmse"
2019-08-31,75,244.002896165578,570,88.1663053734436,"logrmse"
2019-08-31,1242,242.86698033733,10040,1190.46586632893,"logrmse"
2019-08-31,369,243.716727139438,2802,333.006140673354,"logrmse"
2019-08-31,158,243.922106950715,717,96.4759788300587,"logrmse"
2019-08-31,164,243.916266766508,1375,170.930872837249,"logrmse"
2019-08-31,206,243.87538547706,1980,223.695020576877,"logrmse"
2019-08-31,134,243.945467687543,1529,211.02981931219,"logrmse"
2019-08-31,142,243.937680775267,1281,156.398570627216,"logrmse"
2019-08-31,166,243.914320038439,1307,180.831376967952,"logrmse"
2019-08-31,197,243.88414575337,1476,180.909725928751,"logrmse"
2019-08-31,99,243.97953542875,2965,425.223919007959,"logrmse"
2019-08-31,414,243.672925757886,6202,733.374635170582,"logrmse"
2019-08-31,389,243.697259858749,3506,444.806196940751,"logrmse"
2019-08-31,1119,242.986704113572,2769,337.860980269606,"logrmse"
2019-08-31,59,244.01846999013,1057,178.582213972484,"logrmse"
2019-08-31,896,243.203764293263,3956,459.605574306382,"logrmse"
2019-08-31,198,243.883172389336,910,110.546286591168,"logrmse"
2019-08-31,159,243.921133586681,1353,171.219275807906,"logrmse"
2019-08-31,488,243.600896819334,974,121.874986052586,"logrmse"
2019-08-31,90,243.988295705061,1654,187.863544649887,"logrmse"
2019-08-31,159,243.921133586681,1248,147.871399877996,"logrmse"
2019-08-31,163,243.917240130543,901,122.534667820841,"logrmse"
2019-08-31,83,243.995109253302,1169,152.841764220993,"logrmse"
2019-08-31,153,243.926973770888,517,84.7091632256126,"logrmse"
2019-08-31,310,243.774155617473,978,130.277077809248,"logrmse"
2019-08-31,369,243.716727139438,6990,842.667589154971,"logrmse"
2019-08-31,354,243.731327599956,3212,526.832815656147,"logrmse"
2019-08-31,407,243.679739306128,3643,475.446762992916,"logrmse"
2019-08-31,3838,240.340127303798,9778,1218.25451640383,"logrmse"
2019-08-31,1208,242.900074714502,5488,750.211110713048,"logrmse"
2019-08-31,527,243.562935621989,1603,206.66790015162,"logrmse"
2019-08-31,200,243.881225661267,827,142.849643968985,"logrmse"
2019-08-31,154,243.926000406853,1145,164.021064663391,"logrmse"
2019-08-31,267,243.816010270956,2081,347.897799172965,"logrmse"
2019-08-31,173,243.907506490198,1515,224.801907167289,"logrmse"
2019-08-31,122,243.957148055957,1196,192.197060444944,"logrmse"
2019-08-31,96,243.982455520854,2998,411.352954733048,"logrmse"
2019-08-31,311,243.773182253439,3917,494.110045529751,"logrmse"
2019-08-31,151,243.928920498957,1280,170.704688315369,"logrmse"
2019-08-31,248,243.834504187611,924,153.592750692638,"logrmse"
2019-08-31,2317,241.820614000255,20323,2256.71371840029,"logrmse"
2019-08-31,433,243.654431841231,5068,728.749853617475,"logrmse"
2019-08-31,111,243.967855060336,1613,206.501293797162,"logrmse"
2019-08-31,670,243.423744565057,4105,467.506940050745,"logrmse"
2019-08-31,144,243.935734047198,2352,299.538825493392,"logrmse"
2019-08-31,709,243.385783367712,3338,390.019369756263,"logrmse"
2019-08-31,451,243.63691128861,3257,437.546325270212,"logrmse"
2019-08-31,176,243.904586398095,2679,353.70371472186,"logrmse"
2019-08-31,803,243.29428714847,3858,439.26573070019,"logrmse"
2019-08-31,2364,241.774865890634,9171,1150.05443609096,"logrmse"
2019-08-31,1958,242.170051688636,9495,1097.89990733887,"logrmse"
2019-08-31,607,243.48506649923,144,37.6922530727098,"logrmse"
2019-08-31,72,244.005816257681,1321,190.436296489897,"logrmse"
2019-08-31,112,243.966881696302,683,121.93043203941,"logrmse"
2019-08-31,124,243.955201327888,1243,156.501446283461,"logrmse"
2019-08-31,198,243.883172389336,1084,154.618102525449,"logrmse"
2019-08-31,1002,243.100587705607,7151,837.660090186024,"logrmse"
2019-08-31,648,243.445158573816,3724,484.162599515061,"logrmse"
2019-08-31,173,243.907506490198,3333,451.77518516457,"logrmse"
2019-08-31,203,243.878305569163,1060,152.493179656281,"logrmse"
2019-08-31,372,243.713807047335,1430,195.404754691964,"logrmse"
2019-08-31,207,243.874412113025,2214,300.242287344635,"logrmse"
2019-08-31,357,243.728407507852,4285,535.627025915999,"logrmse"
2019-08-31,262,243.820877091129,4635,567.528925526626,"logrmse"
2019-08-31,1015,243.087933973159,7285,888.89627315509,"logrmse"
2019-08-31,113,243.965908332267,1565,228.735581112068,"logrmse"
2019-08-31,432,243.655405205266,6861,940.827408915412,"logrmse"
2019-08-31,172,243.908479854233,2385,305.945206427403,"logrmse"
2019-08-31,88,243.99024243313,1318,180.952134836288,"logrmse"
2019-08-31,168,243.912373310371,1630,283.989184581194,"logrmse"
2019-08-31,157,243.92308031475,2620,394.457368076413,"logrmse"
2019-08-31,279,243.804329902542,1768,214.856671535738,"logrmse"
2019-08-31,209,243.872465384957,1780,213.719709778175,"logrmse"
2019-08-31,355,243.730354235921,6094,756.996985180078,"logrmse"
2019-08-31,259,243.823797183232,604,86.4031057254542,"logrmse"
2019-08-31,230,243.852024740232,1399,183.550419712634,"logrmse"
2019-08-31,108,243.97077515244,1197,155.671022516843,"logrmse"
2019-08-31,103,243.975641972612,1477,176.649063531556,"logrmse"
2019-08-31,368,243.717700503473,2212,265.403826904383,"logrmse"
2019-08-31,100,243.978562064716,970,141.28856713786,"logrmse"
2019-08-31,211,243.870518656888,1393,179.87262548923,"logrmse"
2019-08-31,150,243.929893862991,1327,161.827982189508,"logrmse"
2019-08-31,2065,242.065901736946,8651,1090.08187816809,"logrmse"
2019-08-31,716,243.378969819471,1936,272.10451684784,"logrmse"
2019-08-31,451,243.63691128861,4215,552.672624931052,"logrmse"
2019-08-31,381,243.705046771024,2865,351.531944987772,"logrmse"
2019-08-31,183,243.897772849853,3503,487.438894491837,"logrmse"
2019-08-31,78,243.999976073474,900,131.340186510634,"logrmse"
2019-08-31,317,243.767342069232,3031,333.697909726121,"logrmse"
2019-08-31,252,243.830610731473,1596,249.12959906158,"logrmse"
2019-08-31,545,243.545415069368,1555,208.983640949199,"logrmse"
2019-08-31,170,243.910426582302,2565,305.646428569527,"logrmse"
2019-08-31,224,243.857864924439,3386,426.278730835377,"logrmse"
2019-08-31,210,243.871492020922,1727,268.636651078441,"logrmse"
2019-08-31,71,244.006789621716,863,106.349407905514,"logrmse"
2019-08-31,791,243.305967516884,4449,579.917597354919,"logrmse"
2019-08-31,572,243.519134240437,2104,269.754329694086,"logrmse"
2019-08-31,548,243.542494977265,1895,254.90159788991,"logrmse"
2019-08-31,196,243.885119117405,528,95.709310539381,"logrmse"
2019-08-31,182,243.898746213888,2253,269.145716599427,"logrmse"
2019-08-31,150,243.929893862991,1346,175.708281505892,"logrmse"
2019-08-31,139,243.940600867371,644,89.1878975037694,"logrmse"
2019-08-31,178,243.902639670026,1018,133.750286097835,"logrmse"
2019-08-31,223,243.858838288474,1530,199.2104376172,"logrmse"
2019-08-31,196,243.885119117405,1023,146.813182072868,"logrmse"
2019-08-31,123,243.956174691923,1452,189.877475226143,"logrmse"
2019-08-31,156,243.924053678784,994,142.46721960588,"logrmse"
2019-08-31,131,243.948387779647,1890,237.670127139933,"logrmse"
2019-08-31,229,243.852998104267,893,119.166310906816,"logrmse"
2019-08-31,236,243.846184556025,4441,582.420301265188,"logrmse"
2019-08-31,184,243.896799485819,1232,161.68521247001,"logrmse"
2019-08-31,250,243.832557459542,2275,271.079139839288,"logrmse"
2019-08-31,393,243.693366402611,1865,252.524365196446,"logrmse"
2019-08-31,213,243.868571928819,2259,301.864888568758,"logrmse"
2019-08-31,198,243.883172389336,927,105.925555989446,"logrmse"
2019-08-31,392,243.694339766645,3862,474.820798431827,"logrmse"
2019-08-31,289,243.794596262197,1057,127.801924509426,"logrmse"
2019-08-31,488,243.600896819334,2007,301.810948821332,"logrmse"
2019-08-31,712,243.382863275609,4148,560.551170538733,"logrmse"
2019-08-31,431,243.6563785693,1932,357.771839172727,"logrmse"
2019-08-31,226,243.85591819637,1225,224.576547462446,"logrmse"
2019-08-31,2099,242.032807359773,3671,459.108419177031,"logrmse"
2019-08-31,55,244.022363446268,2876,357.967787577728,"logrmse"
2019-08-31,125,243.954227963854,1225,157.17032291612,"logrmse"
2019-08-31,337,243.747874788542,1242,154.372407439629,"logrmse"
2019-08-31,59,244.01846999013,761,132.60471874354,"logrmse"
2019-08-31,613,243.479226315023,1586,246.381159640535,"logrmse"
2019-08-31,281,243.802383174473,2884,392.858387095122,"logrmse"
2019-08-31,447,243.640804744748,2535,315.942163800438,"logrmse"
2019-08-31,170,243.910426582302,1840,258.517637115024,"logrmse"
2019-08-31,228,243.853971468301,1638,259.465515577859,"logrmse"
2019-08-31,230,243.852024740232,1961,253.939941361379,"logrmse"
2019-08-31,671,243.422771201023,4543,511.086488927355,"logrmse"
2019-08-31,428,243.659298661404,2347,275.770496204976,"logrmse"
2019-08-31,864,243.234911942367,6398,721.977077321414,"logrmse"
2019-08-31,380,243.706020135059,2492,285.854194772812,"logrmse"
2019-08-31,541,243.549308525506,2559,310.145261361188,"logrmse"
2019-08-31,116,243.962988240164,1076,136.086756390608,"logrmse"
2019-08-31,255,243.82769063937,1721,347.205477576648,"logrmse"
2019-08-31,217,243.864678472681,1557,206.422171857791,"logrmse"
2019-08-31,132,243.947414415612,1476,169.887891926616,"logrmse"
2019-08-31,93,243.985375612957,373,71.454121798131,"logrmse"
2019-08-31,1015,243.087933973159,3074,444.542064748273,"logrmse"
2019-08-31,405,243.681686034197,3421,395.95776544347,"logrmse"
2019-08-31,386,243.700179950852,1952,224.551525528037,"logrmse"
2019-08-31,541,243.549308525506,1392,166.259389867833,"logrmse"
2019-08-31,197,243.88414575337,2905,338.976623931119,"logrmse"
2019-08-31,211,243.870518656888,2021,239.330498257793,"logrmse"
2019-08-31,350,243.735221056094,1110,212.230602705156,"logrmse"
2019-08-31,329,243.755661700818,2134,279.735493929659,"logrmse"
2019-08-31,358,243.727434143818,2006,243.521969946646,"logrmse"
2019-08-31,158,243.922106950715,4260,586.77116179759,"logrmse"
2019-08-31,2633,241.513030965356,6302,707.777860286335,"logrmse"
2019-08-31,1930,242.197305881602,9237,1081.28021211964,"logrmse"
2019-08-31,466,243.622310828093,8991,1070.09711821575,"logrmse"
2019-08-31,1689,242.431886613914,19666,2208.65689110553,"logrmse"
2019-08-31,146,243.933787319129,1923,271.60750699587,"logrmse"
2019-08-31,545,243.545415069368,1751,245.015409751176,"logrmse"
2019-08-31,1832,242.292695556982,9373,1145.61507114862,"logrmse"
2019-08-31,86,243.992189161199,1950,270.447070442028,"logrmse"
2019-08-31,729,243.366316087022,3330,551.403854361579,"logrmse"
2019-08-31,288,243.795569626232,3713,470.047315511573,"logrmse"
2019-08-31,198,243.883172389336,2446,296.963882981568,"logrmse"
2019-08-31,335,243.749821516611,1288,170.395877176189,"logrmse"
2019-08-31,287,243.796542990266,3031,340.163014131882,"logrmse"
2019-08-31,0,244.075898468165,8294,1170.09169316826,"logrmse"
2019-08-31,912,243.188190468711,5458,781.932217759712,"logrmse"
2019-08-31,54,244.023336810302,1440,220.640972419339,"logrmse"
2019-08-31,478,243.610630459679,6935,766.134606031251,"logrmse"
2019-08-31,4075,240.109440027624,6810,773.1267864163,"logrmse"
2019-08-31,350,243.735221056094,1881,244.332360732865,"logrmse"
2019-08-31,329,243.755661700818,1864,256.204087888978,"logrmse"
2019-08-31,379,243.706993499093,2884,386.051904962406,"logrmse"
2019-08-31,1242,242.86698033733,7471,848.60936019148,"logrmse"
2019-08-31,1215,242.893261166261,9688,1066.00665725497,"logrmse"
2019-08-31,146,243.933787319129,5968,752.416610499103,"logrmse"
2019-08-31,2216,241.918923767738,3440,441.263613249205,"logrmse"
2019-08-31,689,243.405250648402,6206,690.703154439046,"logrmse"
2019-08-31,715,243.379943183505,5178,635.200086105484,"logrmse"
2019-08-31,325,243.759555156956,3191,402.366483038731,"logrmse"
2019-08-31,332,243.752741608714,1442,195.132651158584,"logrmse"
2019-08-31,62,244.015549898026,2143,349.227305829728,"logrmse"
2019-08-31,202,243.879278933198,8333,1001.98795509362,"logrmse"
2019-08-31,441,243.646644928955,5163,631.514715214841,"logrmse"
2019-08-31,138,243.941574231405,1007,127.245334451671,"logrmse"
2019-08-31,337,243.747874788542,708,110.24743478907,"logrmse"
2019-08-31,218,243.863705108646,2343,306.942340749789,"logrmse"
2019-08-31,1157,242.949716280261,5219,602.783144064261,"logrmse"
2019-08-31,908,243.192083924849,4692,550.755600283369,"logrmse"
2019-08-31,442,243.645671564921,1575,236.781324164076,"logrmse"
2019-08-31,637,243.455865578195,4409,670.274839125954,"logrmse"
2019-08-31,160,243.920160222646,548,83.9821208793379,"logrmse"
2019-08-31,63,244.014576533992,2740,326.797507548271,"logrmse"
2019-08-31,163,243.917240130543,623,72.1663034508723,"logrmse"
2019-08-31,196,243.885119117405,5657,673.22145031438,"logrmse"
2019-08-31,470,243.618417371955,2569,308.718621650846,"logrmse"
2019-08-31,1086,243.01882512671,5345,614.226206542258,"logrmse"
2019-08-31,519,243.570722534265,1904,252.293136347446,"logrmse"
2019-08-31,316,243.768315433266,5386,665.641177511621,"logrmse"
2019-08-31,1008,243.0947475214,5991,738.391308893448,"logrmse"
2019-08-31,2175,241.958831693152,6980,791.714239194967,"logrmse"
2019-08-31,190,243.890959301612,2654,404.172449938985,"logrmse"
2019-08-31,286,243.797516354301,2246,269.781980875117,"logrmse"
2019-08-31,893,243.206684385366,1683,229.599709490062,"logrmse"
2019-08-31,318,243.766368705197,4795,512.918204945706,"logrmse"
2019-08-31,533,243.557095437782,3661,413.896008131275,"logrmse"
2019-08-31,490,243.598950091265,2283,289.300394784174,"logrmse"
2019-08-31,392,243.694339766645,4676,553.235513574705,"logrmse"
2019-08-31,165,243.915293402474,1933,298.128168694092,"logrmse"
2019-08-31,223,243.858838288474,4847,565.684819619147,"logrmse"
2019-08-31,332,243.752741608714,441,102.08891310075,"logrmse"
2019-08-31,196,243.885119117405,612,67.6244083193587,"logrmse"
2019-08-31,218,243.863705108646,2649,379.567500335801,"logrmse"
2019-08-31,630,243.462679126437,1417,215.00547294599,"logrmse"
2019-08-31,222,243.859811652508,1803,319.306920492963,"logrmse"
2019-08-31,244,243.838397643749,1897,280.431571618729,"logrmse"
2019-08-31,133,243.946441051578,1151,173.986135854963,"logrmse"
2019-08-31,286,243.797516354301,1500,214.583905357613,"logrmse"
2019-08-31,372,243.713807047335,2690,325.094375771688,"logrmse"
2019-08-31,819,243.278713323919,1593,211.108538821527,"logrmse"
2019-08-31,340,243.744954696438,2195,328.741249443571,"logrmse"
2019-08-31,154,243.926000406853,1415,191.813038967755,"logrmse"
2019-08-31,401,243.685579490335,2291,263.775329267164,"logrmse"
2019-08-31,407,243.679739306128,2615,342.08621005229,"logrmse"
2019-08-31,263,243.819903727094,2929,356.691170556738,"logrmse"
2019-08-31,130,243.949361143681,882,202.217750242862,"logrmse"
2019-08-31,290,243.793622898163,4090,533.948815654327,"logrmse"
2019-08-31,121,243.958121419991,3653,498.283804388614,"logrmse"
2019-08-31,173,243.907506490198,2661,303.052121572796,"logrmse"
2019-08-31,211,243.870518656888,1015,128.858156962565,"logrmse"
2019-08-31,103,243.975641972612,2369,294.288630474641,"logrmse"
2019-08-31,74,244.003869529612,799,91.987840660588,"logrmse"
2019-08-31,213,243.868571928819,846,110.404562863127,"logrmse"
2019-08-31,361,243.724514051714,1500,215.421077706639,"logrmse"
2019-08-31,881,243.21836475378,2609,385.942223143376,"logrmse"
2019-08-31,329,243.755661700818,1317,190.902395098014,"logrmse"
2019-08-31,262,243.820877091129,2127,287.896961225774,"logrmse"
2019-08-31,262,243.820877091129,2155,292.571903050279,"logrmse"
2019-08-31,614,243.478252950989,2188,296.980662423139,"logrmse"
2019-08-31,1103,243.002277938124,5129,576.182215483882,"logrmse"
2019-08-31,439,243.648591657024,2919,416.777177194473,"logrmse"
2019-08-31,684,243.410117468574,3841,475.904510236615,"logrmse"
2019-08-31,131,243.948387779647,845,114.678288807193,"logrmse"
2019-08-31,114,243.964934968233,902,117.556990326264,"logrmse"
2019-08-31,126,243.953254599819,971,123.997160163414,"logrmse"
2019-08-31,145,243.934760683164,487,69.0087775659313,"logrmse"
2019-08-31,245,243.837424279715,1639,232.570152856647,"logrmse"
2019-08-31,137,243.94254759544,1420,207.619753962146,"logrmse"
2019-08-31,218,243.863705108646,1567,186.622552893939,"logrmse"
2019-08-31,300,243.783889257818,2005,264.773935313574,"logrmse"
2019-08-31,927,243.173590008194,3772,494.663402884966,"logrmse"
2019-08-31,302,243.781942529749,1830,236.099299393344,"logrmse"
2019-08-31,294,243.789729442025,2164,354.167142095115,"logrmse"
2019-08-31,81,243.997055981371,748,95.4281971434453,"logrmse"
2019-08-31,222,243.859811652508,1042,220.18758800639,"logrmse"
2019-08-31,590,243.501613687816,6813,917.222474253017,"logrmse"
2019-08-31,636,243.45683894223,3239,435.264627849772,"logrmse"
2019-08-31,720,243.375076363333,6418,862.147755111669,"logrmse"
2019-08-31,347,243.738141148197,2533,328.633861505315,"logrmse"
2019-08-31,241,243.841317735853,3471,420.082593349819,"logrmse"
2019-08-31,397,243.689472946473,1364,177.735351167454,"logrmse"
2019-08-31,212,243.869545292853,1983,256.56638941046,"logrmse"
2019-08-31,526,243.563908986024,1998,248.082084968955,"logrmse"
2019-08-31,174,243.906533126164,1413,173.719100752433,"logrmse"
2019-08-31,79,243.99900270944,681,103.652982854479,"logrmse"
2019-08-31,122,243.957148055957,747,114.026862544577,"logrmse"
2019-08-31,169,243.911399946336,1903,223.770414037978,"logrmse"
2019-08-31,144,243.935734047198,632,98.4833127223567,"logrmse"
2019-08-31,57,244.020416718199,781,115.28778649761,"logrmse"
2019-08-31,310,243.774155617473,2883,425.518288473297,"logrmse"
2019-08-31,484,243.604790275472,1619,214.198143643565,"logrmse"
2019-08-31,85,243.993162525233,1763,223.217636678853,"logrmse"
2019-08-31,132,243.947414415612,577,72.9467441793784,"logrmse"
2019-08-31,189,243.891932665646,1418,193.095265453035,"logrmse"
2019-08-31,176,243.904586398095,1917,220.032668472563,"logrmse"
2019-08-31,125,243.954227963854,599,85.7079484179786,"logrmse"
2019-08-31,106,243.972721880509,828,101.093627241512,"logrmse"
2019-08-31,52,244.025283538371,454,62.0939312218584,"logrmse"
2019-08-31,82,243.996082617337,534,72.5933718329744,"logrmse"
2019-08-31,120,243.959094784026,661,84.8405777204068,"logrmse"
2019-08-31,363,243.722567323645,1592,215.111889768843,"logrmse"
2019-08-31,516,243.573642626369,2620,334.605784339657,"logrmse"
2019-08-31,174,243.906533126164,1004,131.435387017287,"logrmse"
2019-08-31,584,243.507453872023,2381,308.427484065191,"logrmse"
2019-08-31,304,243.77999580168,1330,165.922754351971,"logrmse"
2019-08-31,626,243.466572582575,1843,230.373644577823,"logrmse"
2019-08-31,415,243.671952393852,1773,207.022186542016,"logrmse"
2019-08-31,203,243.878305569163,1106,146.501993106722,"logrmse"
2019-08-31,205,243.876358841094,953,126.942434220463,"logrmse"
2019-08-31,147,243.932813955095,884,106.089772518585,"logrmse"
2019-08-31,197,243.88414575337,967,118.853754984401,"logrmse"
2019-08-31,233,243.849104648129,1027,131.398221668462,"logrmse"
2019-08-31,77,244.000949437509,1249,166.16486196491,"logrmse"
2019-08-31,117,243.962014876129,667,84.757401614231,"logrmse"
2019-08-31,174,243.906533126164,917,117.55590577649,"logrmse"
2019-08-31,37,244.039883998889,687,95.2931138171858,"logrmse"
2019-08-31,124,243.955201327888,1080,125.9974074804,"logrmse"
2019-08-31,83,243.995109253302,711,89.3976073692321,"logrmse"
2019-08-31,77,244.000949437509,740,92.6747126836921,"logrmse"
2019-08-31,75,244.002896165578,423,54.9284455320959,"logrmse"
2019-08-31,143,243.936707411233,1115,131.347353644071,"logrmse"
2019-08-31,158,243.922106950715,1028,126.831592851123,"logrmse"
2019-08-31,194,243.887065845474,1023,141.700112350594,"logrmse"
2019-08-31,192,243.889012573543,1593,211.054025539823,"logrmse"
2019-08-31,441,243.646644928955,2173,325.0066917147,"logrmse"
2019-08-31,238,243.844237827956,3661,436.054456251349,"logrmse"
2019-08-31,198,243.883172389336,2016,245.633601534419,"logrmse"
2019-08-31,274,243.809196722715,3227,402.494400645815,"logrmse"
2019-08-31,377,243.708940227162,1760,268.652321028428,"logrmse"
2019-08-31,189,243.891932665646,2860,337.108109831272,"logrmse"
2019-08-31,153,243.926973770888,744,84.6212854531929,"logrmse"
2019-08-31,781,243.315701157229,5800,654.564018052309,"logrmse"
2019-08-31,205,243.876358841094,1321,163.604037351148,"logrmse"
2019-08-31,189,243.891932665646,500,111.160286952394,"logrmse"
2019-08-31,230,243.852024740232,1536,190.271163929817,"logrmse"
2019-08-31,463,243.625230920196,3908,532.346748959093,"logrmse"
2019-08-31,124,243.955201327888,579,74.5384179171465,"logrmse"
2019-08-31,184,243.896799485819,3599,403.893944163987,"logrmse"
2019-08-31,627,243.46559921854,3521,438.804301757116,"logrmse"
2019-08-31,692,243.402330556299,3607,471.11943962025,"logrmse"
2019-08-31,287,243.796542990266,1107,144.111809985517,"logrmse"
2019-08-31,286,243.797516354301,1875,244.214064723744,"logrmse"
2019-08-31,1140,242.966263468848,5134,614.172041943211,"logrmse"
2019-08-31,213,243.868571928819,2991,365.914169624401,"logrmse"
2019-08-31,350,243.735221056094,2162,265.314331211501,"logrmse"
2019-08-31,356,243.729380871887,1029,129.789291588333,"logrmse"
2019-08-31,253,243.829637367439,2303,255.11424623334,"logrmse"
2019-08-31,202,243.879278933198,1111,138.960754505261,"logrmse"
2019-08-31,210,243.871492020922,2186,279.964698037359,"logrmse"
2019-08-31,220,243.861758380577,1223,162.981777301463,"logrmse"
2019-08-31,287,243.796542990266,1078,142.601571283651,"logrmse"
2019-08-31,526,243.563908986024,1295,171.390494065799,"logrmse"
2019-08-31,348,243.737167784163,1688,234.779584207301,"logrmse"
2019-08-31,499,243.590189814955,942,137.079637493323,"logrmse"
2019-08-31,92,243.986348976992,1821,235.840149135424,"logrmse"
2019-08-31,949,243.152175999435,2796,393.028279575232,"logrmse"
2019-08-31,179,243.901666305991,4105,476.709235628502,"logrmse"
2019-08-31,287,243.796542990266,2469,369.400546772515,"logrmse"
2019-08-31,211,243.870518656888,2040,270.954677133255,"logrmse"
2019-08-31,219,243.862731744612,1941,239.199216382156,"logrmse"
2019-08-31,218,243.863705108646,1836,252.34796059516,"logrmse"
2019-08-31,118,243.961041512095,1003,127.412417753946,"logrmse"
2019-08-31,1203,242.904941534675,3525,430.418406175805,"logrmse"
2019-08-31,988,243.11421480209,3433,467.867442925652,"logrmse"
2019-08-31,101,243.977588700681,718,87.7363506210277,"logrmse"
2019-08-31,29,244.047670911164,536,69.8570983912,"logrmse"
2019-08-31,144,243.935734047198,2703,335.018860354468,"logrmse"
2019-08-31,766,243.330301617746,1617,269.94362840347,"logrmse"
2019-08-31,917,243.183323648539,9383,1022.5962437771,"logrmse"
2019-08-31,68,244.009709713819,292,46.4680921083092,"logrmse"
2019-08-31,247,243.835477551646,3217,384.507644035142,"logrmse"
2019-08-31,128,243.95130787175,865,112.636485633684,"logrmse"
2019-08-31,90,243.988295705061,1431,177.601222329795,"logrmse"
2019-08-31,221,243.860785016543,1518,262.933511292738,"logrmse"
2019-08-31,130,243.949361143681,703,95.8530664289819,"logrmse"
2019-08-31,140,243.939627503336,1571,190.077436731044,"logrmse"
2019-08-31,271,243.812116814818,3002,370.554677543392,"logrmse"
2019-08-31,79,243.99900270944,1513,190.238519860957,"logrmse"
2019-08-31,147,243.932813955095,1405,177.500017967355,"logrmse"
2019-08-31,183,243.897772849853,747,104.174341281232,"logrmse"
2019-08-31,607,243.48506649923,1519,191.059949594936,"logrmse"
2019-08-31,311,243.773182253439,3147,393.661909468896,"logrmse"
2019-08-31,557,243.533734700955,4025,475.234374646728,"logrmse"
2019-08-31,394,243.692393038576,2397,311.91395191684,"logrmse"
2019-08-31,146,243.933787319129,768,118.548631704229,"logrmse"
2019-08-31,801,243.296233876539,2706,338.526259278757,"logrmse"
2019-08-31,619,243.473386130816,1772,252.065757766788,"logrmse"
2019-08-31,168,243.912373310371,1727,237.949758471931,"logrmse"
2019-09-01,162,242.477026546353,1559,212.536988667421,"logrmse"
2019-09-01,0,242.632430406401,3427,516.910909769005,"logrmse"
2019-09-01,353,242.29380347679,1423,186.631886563597,"logrmse"
2019-09-01,247,242.395487483982,1900,249.434834595718,"logrmse"
2019-09-01,263,242.380138954595,1571,187.899034313506,"logrmse"
2019-09-01,151,242.487578660307,1307,149.418854088748,"logrmse"
2019-09-01,97,242.53937994699,841,114.17942301855,"logrmse"
2019-09-01,206,242.434818090538,1924,252.886565029337,"logrmse"
2019-09-01,94,242.54225779625,867,111.630735133139,"logrmse"
2019-09-01,172,242.467433715486,702,97.0399289222524,"logrmse"
2019-09-01,165,242.474148697093,936,124.324722339395,"logrmse"
2019-09-01,112,242.524990700689,1485,186.140714620367,"logrmse"
2019-09-01,140,242.498130774261,692,91.3351533181483,"logrmse"
2019-09-01,51,242.583506968979,942,130.183883004817,"logrmse"
2019-09-01,227,242.414673145717,1219,176.954040013679,"logrmse"
2019-09-01,197,242.443451638318,1222,174.327308349886,"logrmse"
2019-09-01,364,242.283251362836,4692,575.549145765114,"logrmse"
2019-09-01,90,242.546094928597,3623,514.194046017224,"logrmse"
2019-09-01,906,241.763319929836,7995,996.70026463023,"logrmse"
2019-09-01,297,242.347523329647,3740,500.33527315385,"logrmse"
2019-09-01,994,241.678903018205,2900,419.768812338023,"logrmse"
2019-09-01,147,242.491415792654,988,132.483244462512,"logrmse"
2019-09-01,384,242.264065701102,3660,488.055094119341,"logrmse"
2019-09-01,211,242.430021675104,1295,190.947625114202,"logrmse"
2019-09-01,776,241.888026731109,5893,712.369515897697,"logrmse"
2019-09-01,171,242.468392998573,2873,384.66261609544,"logrmse"
2019-09-01,91,242.54513564551,2072,284.065917579469,"logrmse"
2019-09-01,102,242.534583531556,1100,129.998025882369,"logrmse"
2019-09-01,145,242.493334358828,924,121.966888773602,"logrmse"
2019-09-01,138,242.500049340435,721,107.91117216016,"logrmse"
2019-09-01,280,242.363831142121,1484,198.130376997678,"logrmse"
2019-09-01,193,242.447288770665,1054,130.692824382097,"logrmse"
2019-09-01,184,242.455922318446,1124,149.617199233041,"logrmse"
2019-09-01,169,242.470311564746,1710,209.521495922828,"logrmse"
2019-09-01,415,242.234327925414,2071,252.726779075189,"logrmse"
2019-09-01,108,242.528827833036,867,113.083840454556,"logrmse"
2019-09-01,214,242.427143825844,412,101.824214616138,"logrmse"
2019-09-01,775,241.888986014196,3947,517.432287441008,"logrmse"
2019-09-01,122,242.515397869822,1989,301.861172545504,"logrmse"
2019-09-01,806,241.859248238508,4015,519.820728434913,"logrmse"
2019-09-01,171,242.468392998573,664,81.6858947090205,"logrmse"
2019-09-01,1697,241.004527008243,11923,1487.3971288561,"logrmse"
2019-09-01,171,242.468392998573,1017,148.75124322624,"logrmse"
2019-09-01,158,242.4808636787,1504,202.137837018691,"logrmse"
2019-09-01,133,242.504845755868,479,68.4971942630184,"logrmse"
2019-09-01,74,242.561443457984,683,91.5376602261738,"logrmse"
2019-09-01,76,242.559524891811,810,102.881941743501,"logrmse"
2019-09-01,112,242.524990700689,882,138.716369109599,"logrmse"
2019-09-01,272,242.371505406814,2398,301.20217292759,"logrmse"
2019-09-01,269,242.374383256075,3376,389.724890137656,"logrmse"
2019-09-01,1108,241.569544746319,3032,342.561353592893,"logrmse"
2019-09-01,401,242.247757888628,3396,392.899791872193,"logrmse"
2019-09-01,534,242.120173238095,3709,494.826841143508,"logrmse"
2019-09-01,56,242.578710553545,1208,160.800107959677,"logrmse"
2019-09-01,87,242.548972777857,296,52.9157210180407,"logrmse"
2019-09-01,85,242.550891344031,480,76.3736451690323,"logrmse"
2019-09-01,93,242.543217079337,330,63.2652736653475,"logrmse"
2019-09-01,245,242.397406050156,1482,195.935579566554,"logrmse"
2019-09-01,335,242.311070572351,1594,208.595793146051,"logrmse"
2019-09-01,144,242.494293641914,2043,251.451684773946,"logrmse"
2019-09-01,74,242.561443457984,1592,192.350691111261,"logrmse"
2019-09-01,103,242.53362424847,994,123.720640636699,"logrmse"
2019-09-01,208,242.432899524364,940,110.092728132083,"logrmse"
2019-09-01,214,242.427143825844,1074,127.406436584392,"logrmse"
2019-09-01,407,242.242002190108,3452,480.532011673896,"logrmse"
2019-09-01,335,242.311070572351,1476,221.685774877041,"logrmse"
2019-09-01,501,242.151829579956,3224,372.915713463349,"logrmse"
2019-09-01,20,242.613244744667,1262,164.631939171329,"logrmse"
2019-09-01,323,242.322581969392,2322,323.875374738651,"logrmse"
2019-09-01,240,242.402202465589,3230,433.204569891013,"logrmse"
2019-09-01,100,242.53650209773,3325,466.202558504688,"logrmse"
2019-09-01,527,242.126888219702,3840,458.901682846569,"logrmse"
2019-09-01,829,241.837184727513,1398,215.025553028206,"logrmse"
2019-09-01,342,242.304355590744,1534,240.260471389374,"logrmse"
2019-09-01,339,242.307233440004,2973,388.922064455514,"logrmse"
2019-09-01,185,242.454963035359,2623,335.979884942636,"logrmse"
2019-09-01,298,242.34656404656,2788,368.148159269049,"logrmse"
2019-09-01,144,242.494293641914,1771,256.545903922381,"logrmse"
2019-09-01,124,242.513479303649,1262,163.352747676943,"logrmse"
2019-09-01,156,242.482782244874,1385,170.803380756939,"logrmse"
2019-09-01,361,242.286129212097,1298,167.123278097475,"logrmse"
2019-09-01,119,242.518275719082,1104,129.909640855658,"logrmse"
2019-09-01,93,242.543217079337,745,93.9672075581307,"logrmse"
2019-09-01,109,242.527868549949,769,98.4490555443999,"logrmse"
2019-09-01,455,242.195956601945,1707,204.907247239634,"logrmse"
2019-09-01,168,242.471270847833,886,106.155934817172,"logrmse"
2019-09-01,98,242.538420663903,1471,192.316878175628,"logrmse"
2019-09-01,178,242.461678016966,1624,201.775087072373,"logrmse"
2019-09-01,76,242.559524891811,276,54.6393023491369,"logrmse"
2019-09-01,149,242.489497226481,838,117.673491354762,"logrmse"
2019-09-01,203,242.437695939798,810,116.403863229626,"logrmse"
2019-09-01,107,242.529787116123,875,107.287236330533,"logrmse"
2019-09-01,59,242.575832704285,671,94.5054765291914,"logrmse"
2019-09-01,88,242.54801349477,664,78.0022299490184,"logrmse"
2019-09-01,195,242.445370204492,1148,151.57559747477,"logrmse"
2019-09-01,62,242.572954855025,1687,208.120422878081,"logrmse"
2019-09-01,154,242.484700811047,848,111.904890411789,"logrmse"
2019-09-01,177,242.462637300053,904,120.093878297422,"logrmse"
2019-09-01,202,242.438655222885,2604,295.077787173561,"logrmse"
2019-09-01,112,242.524990700689,496,72.5520468754113,"logrmse"
2019-09-01,101,242.535542814643,948,115.887106016437,"logrmse"
2019-09-01,200,242.440573789058,1071,138.984672867395,"logrmse"
2019-09-01,76,242.559524891811,780,91.4469309133466,"logrmse"
2019-09-01,164,242.47510798018,552,71.6161735035402,"logrmse"
2019-09-01,103,242.53362424847,620,80.6955184949318,"logrmse"
2019-09-01,76,242.559524891811,556,70.0163969389216,"logrmse"
2019-09-01,138,242.500049340435,325,46.6898497648887,"logrmse"
2019-09-01,81,242.554728476377,731,94.7192188886579,"logrmse"
2019-09-01,89,242.547054211684,1096,130.315421549841,"logrmse"
2019-09-01,556,242.099069010187,447,75.0137671105603,"logrmse"
2019-09-01,68,242.567199156505,1181,136.694369553169,"logrmse"
2019-09-01,400,242.248717171715,2112,267.319741183366,"logrmse"
2019-09-01,329,242.316826270872,3344,402.295343821132,"logrmse"
2019-09-01,922,241.747971400448,3010,350.908941560937,"logrmse"
2019-09-01,544,242.110580407227,2591,307.18071903296,"logrmse"
2019-09-01,379,242.268862116536,4075,459.35345531958,"logrmse"
2019-09-01,727,241.935031602358,3015,342.169375492556,"logrmse"
2019-09-01,90,242.546094928597,704,103.822773691949,"logrmse"
2019-09-01,67,242.568158439591,822,98.5139691108971,"logrmse"
2019-09-01,103,242.53362424847,800,108.538547919658,"logrmse"
2019-09-01,104,242.532664965383,669,87.7335558642406,"logrmse"
2019-09-01,67,242.568158439591,575,75.266904456834,"logrmse"
2019-09-01,86,242.549932060944,990,116.152564204105,"logrmse"
2019-09-01,180,242.459759450792,831,106.126656069499,"logrmse"
2019-09-01,186,242.454003752272,596,72.4781568920287,"logrmse"
2019-09-01,69,242.566239873418,533,67.8973767326832,"logrmse"
2019-09-01,488,242.164300260084,1523,192.892103291654,"logrmse"
2019-09-01,292,242.35231974508,1485,193.509447075519,"logrmse"
2019-09-01,52,242.582547685892,2258,284.354535525125,"logrmse"
2019-09-01,36,242.59789621528,429,72.3712270001541,"logrmse"
2019-09-01,267,242.376301822248,3318,414.84330281724,"logrmse"
2019-09-01,286,242.3580754436,1564,212.195406889538,"logrmse"
2019-09-01,246,242.396446767069,2422,291.292791534694,"logrmse"
2019-09-01,240,242.402202465589,1046,145.865940946977,"logrmse"
2019-09-01,199,242.441533072145,856,119.19016001249,"logrmse"
2019-09-01,117,242.520194285256,935,127.435101117851,"logrmse"
2019-09-01,115,242.522112851429,5162,631.784633326071,"logrmse"
2019-09-01,313,242.332174800259,1636,230.354833609149,"logrmse"
2019-09-01,991,241.681780867465,4518,545.66566061243,"logrmse"
2019-09-01,162,242.477026546353,3431,447.887130724407,"logrmse"
2019-09-01,221,242.420428844237,2376,305.309239165104,"logrmse"
2019-09-01,226,242.415632428803,1987,276.478106520459,"logrmse"
2019-09-01,787,241.877474617155,7509,982.056995949058,"logrmse"
2019-09-01,384,242.264065701102,2062,297.124885728048,"logrmse"
2019-09-01,434,242.216101546766,7458,966.005101073588,"logrmse"
2019-09-01,106,242.530746399209,712,97.0721602616709,"logrmse"
2019-09-01,112,242.524990700689,716,91.1989885523568,"logrmse"
2019-09-01,172,242.467433715486,1665,219.974284088152,"logrmse"
2019-09-01,620,242.037674892637,4159,499.56774469623,"logrmse"
2019-09-01,351,242.295722042964,3394,380.387946850415,"logrmse"
2019-09-01,279,242.364790425207,1495,184.337571900433,"logrmse"
2019-09-01,158,242.4808636787,1460,197.862636166336,"logrmse"
2019-09-01,119,242.518275719082,1113,133.220437688545,"logrmse"
2019-09-01,86,242.549932060944,584,74.4385335427043,"logrmse"
2019-09-01,103,242.53362424847,1435,171.825251954517,"logrmse"
2019-09-01,189,242.451125903012,1064,139.882314703367,"logrmse"
2019-09-01,85,242.550891344031,907,147.822770351103,"logrmse"
2019-09-01,130,242.507723605128,983,150.80115634163,"logrmse"
2019-09-01,140,242.498130774261,1757,222.91955564167,"logrmse"
2019-09-01,586,242.070290517585,5820,721.765475552298,"logrmse"
2019-09-01,86,242.549932060944,1848,311.6227770988,"logrmse"
2019-09-01,574,242.081801914626,4959,614.622305698942,"logrmse"
2019-09-01,268,242.375342539161,2246,269.40078501109,"logrmse"
2019-09-01,443,242.207467998986,3165,352.704879924858,"logrmse"
2019-09-01,175,242.464555866226,1148,139.396486032019,"logrmse"
2019-09-01,234,242.40795816411,1309,166.222020638869,"logrmse"
2019-09-01,243,242.399324616329,2124,263.3987513523,"logrmse"
2019-09-01,505,242.147992447609,8662,1108.20515884264,"logrmse"
2019-09-01,878,241.790179856264,4474,595.207954477191,"logrmse"
2019-09-01,329,242.316826270872,5088,721.76108851817,"logrmse"
2019-09-01,733,241.929275903838,4060,518.225600800194,"logrmse"
2019-09-01,527,242.126888219702,2692,352.474921519431,"logrmse"
2019-09-01,368,242.27941423049,5844,799.355151955809,"logrmse"
2019-09-01,74,242.561443457984,1601,272.730447947522,"logrmse"
2019-09-01,151,242.487578660307,963,196.996464359053,"logrmse"
2019-09-01,0,242.632430406401,1274,219.780757185501,"logrmse"
2019-09-01,527,242.126888219702,1344,180.560061067395,"logrmse"
2019-09-01,489,242.163340976997,825,158.461974213518,"logrmse"
2019-09-01,490,242.16238169391,5995,880.086737455695,"logrmse"
2019-09-01,414,242.235287208501,1378,180.921362308909,"logrmse"
2019-09-01,168,242.471270847833,8642,1052.51107478421,"logrmse"
2019-09-01,271,242.372464689901,847,105.294080939824,"logrmse"
2019-09-01,172,242.467433715486,1312,180.080604561316,"logrmse"
2019-09-01,3292,239.474470484929,17079,2065.19311976903,"logrmse"
2019-09-01,340,242.306274156918,2381,335.879190279057,"logrmse"
2019-09-01,138,242.500049340435,1534,184.134598165809,"logrmse"
2019-09-01,184,242.455922318446,2120,243.485188590735,"logrmse"
2019-09-01,173,242.466474432399,1056,128.584835895292,"logrmse"
2019-09-01,254,242.388772502375,4584,561.813511859055,"logrmse"
2019-09-01,319,242.326419101739,2017,283.692675095167,"logrmse"
2019-09-01,731,241.931194470011,559,81.2830056967861,"logrmse"
2019-09-01,61,242.573914138112,1111,158.58871000442,"logrmse"
2019-09-01,590,242.066453385238,4302,643.348543020712,"logrmse"
2019-09-01,408,242.241042907021,1762,295.098755395867,"logrmse"
2019-09-01,181,242.458800167706,2754,382.631377292744,"logrmse"
2019-09-01,824,241.841981142947,7525,980.092245902143,"logrmse"
2019-09-01,3786,239.000584640091,6014,756.405347191568,"logrmse"
2019-09-01,220,242.421388127324,1178,168.793610475702,"logrmse"
2019-09-01,203,242.437695939798,3523,392.446137180502,"logrmse"
2019-09-01,174,242.465515149313,1843,229.833567586113,"logrmse"
2019-09-01,189,242.451125903012,917,148.160194273566,"logrmse"
2019-09-01,304,242.34080834804,3073,405.509165535949,"logrmse"
2019-09-01,454,242.196915885032,3726,420.673573515429,"logrmse"
2019-09-01,396,242.252554304062,3083,335.792747095165,"logrmse"
2019-09-01,98,242.538420663903,876,108.012782325522,"logrmse"
2019-09-01,56,242.578710553545,663,94.8167848785795,"logrmse"
2019-09-01,205,242.435777373624,1528,219.347046695989,"logrmse"
2019-09-01,332,242.313948421611,2569,376.703415090167,"logrmse"
2019-09-01,408,242.241042907021,1453,192.146834287575,"logrmse"
2019-09-01,318,242.327378384825,570,72.160306616983,"logrmse"
2019-09-01,70,242.565280590331,1142,132.658008064275,"logrmse"
2019-09-01,943,241.727826455627,4156,503.824022713963,"logrmse"
2019-09-01,195,242.445370204492,1827,211.025078510277,"logrmse"
2019-09-01,64,242.571036288852,480,67.1014715318817,"logrmse"
2019-09-01,99,242.537461380816,376,53.9407347557725,"logrmse"
2019-09-01,487,242.16525954317,3612,457.978790156499,"logrmse"
2019-09-01,395,242.253513587148,2709,337.622344976786,"logrmse"
2019-09-01,353,242.29380347679,9072,1004.94851195885,"logrmse"
2019-09-01,90,242.546094928597,1234,161.19335754558,"logrmse"
2019-09-01,271,242.372464689901,1218,158.725353831153,"logrmse"
2019-09-01,352,242.294762759877,1431,184.499766542178,"logrmse"
2019-09-01,178,242.461678016966,1081,193.106536998698,"logrmse"
2019-09-01,125,242.512520020562,1844,243.428327886238,"logrmse"
2019-09-01,23,242.610366895407,5004,728.454976926405,"logrmse"
2019-09-01,197,242.443451638318,2961,360.355514088793,"logrmse"
2019-09-01,114,242.523072134516,444,108.493648540816,"logrmse"
2019-09-01,943,241.727826455627,3732,411.470837976045,"logrmse"
2019-09-01,123,242.514438586735,1032,154.914241416613,"logrmse"
2019-09-01,62,242.572954855025,798,97.4258306241581,"logrmse"
2019-09-01,267,242.376301822248,2398,295.828911029627,"logrmse"
2019-09-01,942,241.728785738714,3340,413.98184318223,"logrmse"
2019-09-01,158,242.4808636787,1321,172.989458560691,"logrmse"
2019-09-01,314,242.331215517172,1589,197.114839732289,"logrmse"
2019-09-01,152,242.486619377221,7928,903.385142707247,"logrmse"
2019-09-01,66,242.569117722678,806,124.200493087933,"logrmse"
2019-09-01,99,242.537461380816,1737,243.713565383002,"logrmse"
2019-09-01,535,242.119213955008,4507,561.505805416997,"logrmse"
2019-09-01,204,242.436736656711,2982,420.54020216174,"logrmse"
2019-09-01,191,242.449207336839,1174,166.190626222755,"logrmse"
2019-09-01,148,242.490456509567,1147,167.748733943667,"logrmse"
2019-09-01,172,242.467433715486,1008,154.289594567695,"logrmse"
2019-09-01,327,242.318744837045,2007,291.342947350651,"logrmse"
2019-09-01,179,242.460718733879,530,65.3671398479805,"logrmse"
2019-09-01,81,242.554728476377,816,104.958023005505,"logrmse"
2019-09-01,72,242.563362024158,1061,127.134069777808,"logrmse"
2019-09-01,1483,241.2098135888,4034,516.079547521361,"logrmse"
2019-09-01,282,242.361912575947,3511,456.913038635689,"logrmse"
2019-09-01,97,242.53937994699,1451,193.572257106812,"logrmse"
2019-09-01,280,242.363831142121,1753,251.63933384272,"logrmse"
2019-09-01,240,242.402202465589,1047,159.086809383124,"logrmse"
2019-09-01,142,242.496212208088,752,114.81743064761,"logrmse"
2019-09-01,96,242.540339230077,1032,125.627704232716,"logrmse"
2019-09-01,160,242.478945112527,787,98.1381890304713,"logrmse"
2019-09-01,137,242.501008623521,2160,295.04571849796,"logrmse"
2019-09-01,151,242.487578660307,1372,182.980566686755,"logrmse"
2019-09-01,729,241.933113036185,3086,394.746469222736,"logrmse"
2019-09-01,802,241.863085370854,4927,540.034645115198,"logrmse"
2019-09-01,473,242.178689506384,5177,564.273917323206,"logrmse"
2019-09-01,139,242.499090057348,1190,164.5305956267,"logrmse"
2019-09-01,247,242.395487483982,1504,183.992041489446,"logrmse"
2019-09-01,317,242.328337667912,1627,214.197462723523,"logrmse"
2019-09-01,399,242.249676454801,1790,226.081952226587,"logrmse"
2019-09-01,231,242.41083601337,1581,239.822097687856,"logrmse"
2019-09-01,306,242.338889781866,3388,507.457641954401,"logrmse"
2019-09-01,484,242.16813739243,1886,245.814791424248,"logrmse"
2019-09-01,192,242.448248053752,972,137.012958860565,"logrmse"
2019-09-01,285,242.359034726687,3245,368.271565550036,"logrmse"
2019-09-01,339,242.307233440004,1555,175.455099550111,"logrmse"
2019-09-01,348,242.298599892224,2537,294.769316562622,"logrmse"
2019-09-01,351,242.295722042964,867,105.322586657801,"logrmse"
2019-09-01,116,242.521153568342,1747,194.476098345221,"logrmse"
2019-09-01,120,242.517316435995,1907,207.338472521325,"logrmse"
2019-09-01,306,242.338889781866,1831,215.312232821836,"logrmse"
2019-09-01,217,242.424265976584,1569,205.915463822921,"logrmse"
2019-09-01,382,242.265984267276,2738,282.066028045948,"logrmse"
2019-09-01,751,241.912008808277,2171,228.831468647426,"logrmse"
2019-09-01,707,241.954217264093,2295,249.325501030163,"logrmse"
2019-09-01,287,242.357116160514,1914,279.828373140839,"logrmse"
2019-09-01,635,242.023285646336,2308,244.654587678081,"logrmse"
2019-09-01,0,242.632430406401,2970,425.66426127518,"logrmse"
2019-09-01,362,242.28516992901,1373,198.819928876605,"logrmse"
2019-09-01,218,242.423306693497,1690,226.586713606815,"logrmse"
2019-09-01,278,242.365749708294,2466,309.219522839519,"logrmse"
2019-09-01,669,241.990670021388,1929,240.883765419075,"logrmse"
2019-09-01,205,242.435777373624,1615,203.929777381942,"logrmse"
2019-09-01,115,242.522112851429,1018,131.085903367297,"logrmse"
2019-09-01,209,242.431940241278,1868,231.401175225595,"logrmse"
2019-09-01,331,242.314907704698,1603,227.87724455046,"logrmse"
2019-09-01,176,242.463596583139,3862,475.582924754722,"logrmse"
2019-09-01,235,242.406998881023,3480,387.393470316967,"logrmse"
2019-09-01,516,242.137440333656,2928,406.874573065554,"logrmse"
2019-09-01,417,242.232409359241,2128,311.188577928577,"logrmse"
2019-09-01,337,242.309152006178,6410,802.403690231698,"logrmse"
2019-09-01,256,242.386853936202,2116,328.886791626443,"logrmse"
2019-09-01,232,242.409876730283,2846,326.054882540734,"logrmse"
2019-09-01,238,242.404121031763,1741,224.220509591706,"logrmse"
2019-09-01,286,242.3580754436,478,77.7123977169368,"logrmse"
2019-09-01,207,242.433858807451,817,107.080175513648,"logrmse"
2019-09-01,129,242.508682888215,1262,180.038131413736,"logrmse"
2019-09-01,478,242.173893090951,3912,505.004949472724,"logrmse"
2019-09-01,180,242.459759450792,2657,385.097247603112,"logrmse"
2019-09-01,576,242.079883348453,1563,196.698828378272,"logrmse"
2019-09-01,428,242.221857245287,6451,891.384936666508,"logrmse"
2019-09-01,143,242.495252925001,3237,467.20432454641,"logrmse"
2019-09-01,383,242.265024984189,1320,222.031427281832,"logrmse"
2019-09-01,246,242.396446767069,2935,436.342639492053,"logrmse"
2019-09-01,288,242.356156877427,1991,271.559779312969,"logrmse"
2019-09-01,80,242.555687759464,548,77.2242692005332,"logrmse"
2019-09-01,372,242.275577098143,3678,497.855758172102,"logrmse"
2019-09-01,655,242.004099984602,2280,281.734272926195,"logrmse"
2019-09-01,917,241.752767815882,4412,576.124648318052,"logrmse"
2019-09-01,412,242.237205774674,1956,310.349827549121,"logrmse"
2019-09-01,397,242.251595020975,2159,277.252822268845,"logrmse"
2019-09-01,845,241.821836198126,2442,339.353704090032,"logrmse"
2019-09-01,224,242.417550994977,1996,258.757307914422,"logrmse"
2019-09-01,417,242.232409359241,5129,631.626072648879,"logrmse"
2019-09-01,1049,241.626142448435,1083,150.174862366881,"logrmse"
2019-09-01,270,242.373423972988,1103,144.78706698701,"logrmse"
2019-09-01,624,242.03383776029,4646,557.540454878669,"logrmse"
2019-09-01,382,242.265984267276,2090,249.888750149483,"logrmse"
2019-09-01,335,242.311070572351,898,183.980128567653,"logrmse"
2019-09-01,32,242.601733347627,1853,289.261283525157,"logrmse"
2019-09-01,200,242.440573789058,1768,194.264409948014,"logrmse"
2019-09-01,232,242.409876730283,807,136.68955084134,"logrmse"
2019-09-01,145,242.493334358827,731,103.360948551948,"logrmse"
2019-09-01,379,242.268862116536,947,123.556902461694,"logrmse"
2019-09-01,147,242.491415792654,1298,156.658594360541,"logrmse"
2019-09-01,130,242.507723605128,1005,133.199503635238,"logrmse"
2019-09-01,221,242.420428844237,3614,420.08133239118,"logrmse"
2019-09-01,248,242.394528200896,3916,448.325502448103,"logrmse"
2019-09-01,286,242.3580754436,3319,418.663267880999,"logrmse"
2019-09-01,540,242.114417539574,3098,383.868321534694,"logrmse"
2019-09-01,59,242.575832704285,801,105.446682654512,"logrmse"
2019-09-01,122,242.515397869822,1016,128.700465543256,"logrmse"
2019-09-01,134,242.503886472781,1359,163.15543021623,"logrmse"
2019-09-01,310,242.335052649519,1466,169.547204677394,"logrmse"
2019-09-01,113,242.524031417602,614,79.3357079301935,"logrmse"
2019-09-01,77,242.558565608724,583,90.1131745984589,"logrmse"
2019-09-01,1264,241.419896584791,10272,1208.62123156143,"logrmse"
2019-09-01,296,242.348482612733,2636,315.19895469561,"logrmse"
2019-09-01,147,242.491415792654,751,99.6052508959131,"logrmse"
2019-09-01,169,242.470311564746,1376,168.598124643116,"logrmse"
2019-09-01,207,242.433858807451,2135,235.669916464441,"logrmse"
2019-09-01,134,242.503886472781,1486,204.521350975647,"logrmse"
2019-09-01,142,242.496212208088,1417,167.693253768589,"logrmse"
2019-09-01,182,242.457840884619,1268,175.136902531775,"logrmse"
2019-09-01,209,242.431940241278,1565,186.868033384292,"logrmse"
2019-09-01,107,242.529787116123,2947,419.745182978803,"logrmse"
2019-09-01,434,242.216101546766,6366,743.764836289711,"logrmse"
2019-09-01,449,242.201712300466,3566,450.563042397831,"logrmse"
2019-09-01,1381,241.307660463645,2812,338.45533935155,"logrmse"
2019-09-01,61,242.573914138112,1141,184.823962355365,"logrmse"
2019-09-01,898,241.77099419453,4308,490.514772933347,"logrmse"
2019-09-01,174,242.465515149313,858,105.435940840242,"logrmse"
2019-09-01,169,242.470311564746,1325,166.799920560162,"logrmse"
2019-09-01,604,242.053023422024,956,118.9841255765,"logrmse"
2019-09-01,96,242.540339230077,1714,191.807040435339,"logrmse"
2019-09-01,125,242.512520020562,1354,157.279798664253,"logrmse"
2019-09-01,134,242.503886472781,867,119.207096301846,"logrmse"
2019-09-01,100,242.53650209773,1071,143.567508986868,"logrmse"
2019-09-01,147,242.491415792654,570,92.4867185472469,"logrmse"
2019-09-01,333,242.312989138525,995,134.865473572726,"logrmse"
2019-09-01,394,242.254472870235,7247,860.973503104338,"logrmse"
2019-09-01,323,242.322581969392,3425,545.393625591716,"logrmse"
2019-09-01,426,242.22377581146,3804,490.508083534774,"logrmse"
2019-09-01,3864,238.925760559327,9919,1221.67573770875,"logrmse"
2019-09-01,1232,241.450593643566,5791,775.801942397099,"logrmse"
2019-09-01,453,242.197875168119,1586,206.553146125791,"logrmse"
2019-09-01,213,242.428103108931,738,136.246638554938,"logrmse"
2019-09-01,140,242.498130774261,1066,158.261994003498,"logrmse"
2019-09-01,321,242.324500535565,2337,372.407969707643,"logrmse"
2019-09-01,169,242.470311564746,1611,235.24375383561,"logrmse"
2019-09-01,137,242.501008623521,1188,192.447476009726,"logrmse"
2019-09-01,102,242.534583531556,3287,437.208193519218,"logrmse"
2019-09-01,300,242.344645480386,4166,515.938772544209,"logrmse"
2019-09-01,144,242.494293641914,1229,167.682088844944,"logrmse"
2019-09-01,263,242.380138954595,904,154.517994061682,"logrmse"
2019-09-01,2322,240.404975079045,20015,2218.2809730379,"logrmse"
2019-09-01,422,242.227612943807,5515,767.018060323771,"logrmse"
2019-09-01,125,242.512520020562,1531,199.308167555627,"logrmse"
2019-09-01,652,242.006977833862,4299,485.628767192276,"logrmse"
2019-09-01,137,242.501008623521,2291,296.253195628676,"logrmse"
2019-09-01,711,241.950380131746,3587,413.163750123185,"logrmse"
2019-09-01,453,242.197875168119,3569,464.976710264054,"logrmse"
2019-09-01,164,242.47510798018,2629,351.898632208306,"logrmse"
2019-09-01,1067,241.608875352874,3823,433.887665123065,"logrmse"
2019-09-01,2372,240.357010924709,9678,1191.24910421069,"logrmse"
2019-09-01,1906,240.804036843119,9405,1079.67613833704,"logrmse"
2019-09-01,624,242.03383776029,137,36.3202052690908,"logrmse"
2019-09-01,74,242.561443457984,1308,191.875677210495,"logrmse"
2019-09-01,129,242.508682888215,650,120.207543879442,"logrmse"
2019-09-01,129,242.508682888215,1263,156.465345583157,"logrmse"
2019-09-01,205,242.435777373624,1055,152.315258268595,"logrmse"
2019-09-01,1309,241.376728845889,7435,857.858393664419,"logrmse"
2019-09-01,553,242.101946859447,4322,538.437975143421,"logrmse"
2019-09-01,196,242.444410921405,3635,480.8302355549,"logrmse"
2019-09-01,234,242.40795816411,1057,153.302965429632,"logrmse"
2019-09-01,359,242.28804777827,1305,187.424001304292,"logrmse"
2019-09-01,197,242.443451638318,2402,319.469583826284,"logrmse"
2019-09-01,365,242.28229207975,4137,516.435255988939,"logrmse"
2019-09-01,287,242.357116160514,4469,546.399661022112,"logrmse"
2019-09-01,1014,241.65971735647,7257,876.802831102406,"logrmse"
2019-09-01,126,242.511560737475,1545,226.885664521351,"logrmse"
2019-09-01,596,242.060697686718,6936,943.618953017858,"logrmse"
2019-09-01,176,242.463596583139,2436,309.49643654803,"logrmse"
2019-09-01,98,242.538420663903,1324,180.672091651716,"logrmse"
2019-09-01,184,242.455922318446,1653,284.395370819692,"logrmse"
2019-09-01,170,242.46935228166,2574,386.775294710024,"logrmse"
2019-09-01,303,242.341767631126,2016,236.420067603892,"logrmse"
2019-09-01,205,242.435777373624,1904,225.050179364304,"logrmse"
2019-09-01,325,242.320663403218,6071,747.293753424187,"logrmse"
2019-09-01,293,242.351360461993,589,84.8932005634032,"logrmse"
2019-09-01,260,242.383016803855,1564,198.294423163371,"logrmse"
2019-09-01,106,242.530746399209,1420,176.317061614087,"logrmse"
2019-09-01,107,242.529787116123,1472,175.315678118958,"logrmse"
2019-09-01,402,242.246798605541,2126,254.878990593989,"logrmse"
2019-09-01,94,242.54225779625,993,142.322003123679,"logrmse"
2019-09-01,220,242.421388127324,1411,180.028568299005,"logrmse"
2019-09-01,128,242.509642171302,1306,160.324711590724,"logrmse"
2019-09-01,1944,240.767584085824,8602,1074.2879632093,"logrmse"
2019-09-01,690,241.970525076567,1810,255.013385762322,"logrmse"
2019-09-01,414,242.235287208501,4089,531.880006958974,"logrmse"
2019-09-01,429,242.2208979622,2757,334.566436216282,"logrmse"
2019-09-01,186,242.454003752272,3492,476.172237552313,"logrmse"
2019-09-01,64,242.571036288852,922,132.059917752412,"logrmse"
2019-09-01,334,242.312029855438,2986,325.76215713285,"logrmse"
2019-09-01,201,242.439614505971,1572,242.083094476325,"logrmse"
2019-09-01,525,242.128806785875,1428,194.58163726924,"logrmse"
2019-09-01,126,242.511560737475,2445,291.09828910516,"logrmse"
2019-09-01,248,242.394528200896,3188,403.311981659935,"logrmse"
2019-09-01,193,242.447288770665,1723,263.372349138018,"logrmse"
2019-09-01,89,242.547054211684,907,109.876981724668,"logrmse"
2019-09-01,770,241.893782429629,4173,552.317644914431,"logrmse"
2019-09-01,526,242.127847502788,2043,260.423600713679,"logrmse"
2019-09-01,476,242.175811657124,1985,259.646099555669,"logrmse"
2019-09-01,197,242.443451638318,548,97.4156165983045,"logrmse"
2019-09-01,185,242.454963035359,2399,282.090061599276,"logrmse"
2019-09-01,147,242.491415792654,1521,191.368800424122,"logrmse"
2019-09-01,164,242.47510798018,638,89.4152806548643,"logrmse"
2019-09-01,166,242.473189414006,987,131.770082969774,"logrmse"
2019-09-01,216,242.425225259671,1561,202.503116342072,"logrmse"
2019-09-01,198,242.442492355232,1072,150.251664664131,"logrmse"
2019-09-01,137,242.501008623521,1517,194.80259243876,"logrmse"
2019-09-01,161,242.47798582944,1028,144.73600511859,"logrmse"
2019-09-01,139,242.499090057348,1894,237.458302222814,"logrmse"
2019-09-01,250,242.392609634722,927,121.59228134953,"logrmse"
2019-09-01,247,242.395487483982,4486,582.101170389464,"logrmse"
2019-09-01,179,242.460718733879,1203,159.000102479359,"logrmse"
2019-09-01,231,242.41083601337,2339,276.091854156301,"logrmse"
2019-09-01,351,242.295722042964,1995,264.196241968246,"logrmse"
2019-09-01,224,242.417550994977,2306,300.613948125088,"logrmse"
2019-09-01,178,242.461678016966,891,101.488746225091,"logrmse"
2019-09-01,451,242.199793734292,3975,482.559598486006,"logrmse"
2019-09-01,395,242.253513587148,1093,129.902220520738,"logrmse"
2019-09-01,483,242.169096675517,1979,298.162400931527,"logrmse"
2019-09-01,604,242.053023422024,3874,531.93022049371,"logrmse"
2019-09-01,452,242.198834451205,2133,372.352089195349,"logrmse"
2019-09-01,176,242.463596583139,1163,217.689278447093,"logrmse"
2019-09-01,2026,240.688922872713,3774,465.891650750425,"logrmse"
2019-09-01,46,242.588303384412,3031,370.21778488334,"logrmse"
2019-09-01,130,242.507723605128,1265,158.827033134395,"logrmse"
2019-09-01,355,242.291884910617,1227,150.982667389651,"logrmse"
2019-09-01,67,242.568158439591,761,130.85557498556,"logrmse"
2019-09-01,628,242.030000627943,1605,242.534894119528,"logrmse"
2019-09-01,278,242.365749708294,2871,385.594898460554,"logrmse"
2019-09-01,429,242.2208979622,2484,306.18492053232,"logrmse"
2019-09-01,166,242.473189414006,1845,252.82325406895,"logrmse"
2019-09-01,240,242.402202465589,1597,252.271214296541,"logrmse"
2019-09-01,249,242.393568917809,1912,244.714297005405,"logrmse"
2019-09-01,598,242.058779120545,4688,519.654841215192,"logrmse"
2019-09-01,405,242.243920756281,2224,264.057485198349,"logrmse"
2019-09-01,901,241.76811634527,6679,742.781501129083,"logrmse"
2019-09-01,376,242.271739965796,2791,310.178648916363,"logrmse"
2019-09-01,903,241.766197779096,2430,292.239894892933,"logrmse"
2019-09-01,122,242.515397869822,1052,135.243639050873,"logrmse"
2019-09-01,239,242.403161748676,1768,349.181249847255,"logrmse"
2019-09-01,226,242.415632428803,1559,205.983184911719,"logrmse"
2019-09-01,127,242.510601454388,1719,192.491264976623,"logrmse"
2019-09-01,75,242.560484174898,345,68.7192233003145,"logrmse"
2019-09-01,929,241.741256418841,2964,433.833415130142,"logrmse"
2019-09-01,404,242.244880039368,3570,405.847612148789,"logrmse"
2019-09-01,359,242.28804777827,1895,218.818048320249,"logrmse"
2019-09-01,532,242.122091804268,1318,159.96544728682,"logrmse"
2019-09-01,183,242.456881601532,3184,364.448859151809,"logrmse"
2019-09-01,218,242.423306693497,2230,258.588799778252,"logrmse"
2019-09-01,323,242.322581969392,1120,212.745036022377,"logrmse"
2019-09-01,346,242.300518458397,2096,272.785643878386,"logrmse"
2019-09-01,352,242.294762759877,2024,242.182143436718,"logrmse"
2019-09-01,174,242.465515149313,4058,561.651308354615,"logrmse"
2019-09-01,2892,239.858183719616,6225,696.431320450709,"logrmse"
2019-09-01,1799,240.906680133398,9732,1121.08128313374,"logrmse"
2019-09-01,447,242.203630866639,8795,1042.44807703475,"logrmse"
2019-09-01,1688,241.013160556023,19674,2201.60382614474,"logrmse"
2019-09-01,145,242.493334358828,1934,275.87794212281,"logrmse"
2019-09-01,528,242.125928936615,1702,243.347458409683,"logrmse"
2019-09-01,2157,240.563256788353,9465,1148.81476887163,"logrmse"
2019-09-01,72,242.563362024158,2093,284.779247848116,"logrmse"
2019-09-01,796,241.868841069375,3260,543.964274873301,"logrmse"
2019-09-01,302,242.342726914213,4188,511.733636141069,"logrmse"
2019-09-01,200,242.440573789058,2639,314.497464576413,"logrmse"
2019-09-01,326,242.319704120132,1556,194.466767535711,"logrmse"
2019-09-01,289,242.35519759434,3192,353.240191713077,"logrmse"
2019-09-01,0,242.632430406401,8238,1157.18035603605,"logrmse"
2019-09-01,1120,241.558033349279,5296,764.362290940091,"logrmse"
2019-09-01,77,242.558565608724,1408,221.016642783335,"logrmse"
2019-09-01,450,242.200753017379,6863,751.518644666379,"logrmse"
2019-09-01,3825,238.963172599709,6828,766.127732431545,"logrmse"
2019-09-01,307,242.337930498779,1723,229.225980044541,"logrmse"
2019-09-01,275,242.368627557554,1911,258.338340179428,"logrmse"
2019-09-01,421,242.228572226894,3094,401.198545046064,"logrmse"
2019-09-01,1523,241.171442265332,7165,808.730367612056,"logrmse"
2019-09-01,1253,241.430448698745,9361,1022.47500109254,"logrmse"
2019-09-01,142,242.496212208088,5687,716.377641970457,"logrmse"
2019-09-01,2546,240.19009566762,3247,414.793157654117,"logrmse"
2019-09-01,882,241.786342723917,6089,676.3373900472,"logrmse"
2019-09-01,644,242.014652098556,4907,609.066620590336,"logrmse"
2019-09-01,258,242.384935370029,3048,387.005495535917,"logrmse"
2019-09-01,348,242.298599892224,1437,194.084300887026,"logrmse"
2019-09-01,74,242.561443457984,2163,348.188456879473,"logrmse"
2019-09-01,222,242.41946956115,8273,986.858983738938,"logrmse"
2019-09-01,409,242.240083623934,5252,630.802382326253,"logrmse"
2019-09-01,164,242.47510798018,1129,139.389260146883,"logrmse"
2019-09-01,340,242.306274156918,862,125.394535409161,"logrmse"
2019-09-01,233,242.408917447196,2520,321.358120870673,"logrmse"
2019-09-01,1128,241.550359084585,5219,600.089030076207,"logrmse"
2019-09-01,898,241.77099419453,4838,560.868569987184,"logrmse"
2019-09-01,411,242.238165057761,1544,229.58389621604,"logrmse"
2019-09-01,584,242.072209083759,4711,687.735411812679,"logrmse"
2019-09-01,155,242.48374152796,668,94.7769753989082,"logrmse"
2019-09-01,70,242.565280590331,2799,330.721481255347,"logrmse"
2019-09-01,161,242.47798582944,762,85.4589097656574,"logrmse"
2019-09-01,160,242.478945112527,5307,635.47917605074,"logrmse"
2019-09-01,456,242.194997318859,2407,292.331977449681,"logrmse"
2019-09-01,1009,241.664513771904,5521,623.660413898367,"logrmse"
2019-09-01,557,242.0981097271,1919,253.378904884147,"logrmse"
2019-09-01,289,242.35519759434,5889,703.229400721601,"logrmse"
2019-09-01,927,241.743174985015,6041,734.479002559597,"logrmse"
2019-09-01,1949,240.76278767039,6768,763.972374729408,"logrmse"
2019-09-01,175,242.464555866226,2618,392.302303337541,"logrmse"
2019-09-01,222,242.41946956115,2150,258.322975813691,"logrmse"
2019-09-01,855,241.812243367258,1637,219.946147372013,"logrmse"
2019-09-01,315,242.330256234086,5032,530.311115191168,"logrmse"
2019-09-01,503,242.149911013783,3963,438.091261118572,"logrmse"
2019-09-01,518,242.135521767482,2116,272.487588231877,"logrmse"
2019-09-01,363,242.284210645923,4449,526.051309575587,"logrmse"
2019-09-01,160,242.478945112527,1909,289.985078257877,"logrmse"
2019-09-01,205,242.435777373624,4931,565.986332642768,"logrmse"
2019-09-01,303,242.341767631126,409,98.5315606010929,"logrmse"
2019-09-01,203,242.437695939798,711,77.0777714236709,"logrmse"
2019-09-01,220,242.421388127324,2610,368.702772566082,"logrmse"
2019-09-01,566,242.08947617932,1682,238.901123795087,"logrmse"
2019-09-01,181,242.458800167706,1782,311.670748152072,"logrmse"
2019-09-01,256,242.386853936202,1806,266.159360023373,"logrmse"
2019-09-01,107,242.529787116123,1165,176.743446400274,"logrmse"
2019-09-01,247,242.395487483982,1560,220.126233333804,"logrmse"
2019-09-01,356,242.29092562753,2586,314.463135295268,"logrmse"
2019-09-01,1105,241.572422595579,1546,203.472650521095,"logrmse"
2019-09-01,306,242.338889781866,2203,323.605015060638,"logrmse"
2019-09-01,123,242.514438586735,1320,182.631213571286,"logrmse"
2019-09-01,371,242.276536381229,2437,275.139450228011,"logrmse"
2019-09-01,411,242.238165057761,2721,356.33089514667,"logrmse"
2019-09-01,290,242.354238311254,3247,388.916550624235,"logrmse"
2019-09-01,105,242.531705682296,863,207.608316501112,"logrmse"
2019-09-01,277,242.366708991381,4710,590.872378855834,"logrmse"
2019-09-01,106,242.530746399209,4323,560.4059165056,"logrmse"
2019-09-01,163,242.476067263267,3104,343.948092760231,"logrmse"
2019-09-01,217,242.424265976584,978,126.873620771546,"logrmse"
2019-09-01,100,242.53650209773,2314,286.699850671999,"logrmse"
2019-09-01,75,242.560484174898,766,88.4268548846718,"logrmse"
2019-09-01,206,242.434818090538,884,113.42250926104,"logrmse"
2019-09-01,372,242.275577098143,1806,247.416845165496,"logrmse"
2019-09-01,1188,241.492802099382,2631,389.379758028387,"logrmse"
2019-09-01,304,242.34080834804,1339,192.672792932793,"logrmse"
2019-09-01,229,242.412754579543,2057,280.956390372924,"logrmse"
2019-09-01,271,242.372464689901,2095,285.241083627729,"logrmse"
2019-09-01,532,242.122091804268,2205,297.221049160145,"logrmse"
2019-09-01,1170,241.510069194943,5124,570.52611363062,"logrmse"
2019-09-01,424,242.225694377633,2957,423.760280833387,"logrmse"
2019-09-01,654,242.005059267689,3848,474.336405164311,"logrmse"
2019-09-01,105,242.531705682296,858,114.929690235847,"logrmse"
2019-09-01,139,242.499090057348,836,110.644845355188,"logrmse"
2019-09-01,131,242.506764322042,950,120.846635625708,"logrmse"
2019-09-01,154,242.484700811047,525,71.3564153327962,"logrmse"
2019-09-01,212,242.429062392017,1662,232.005173239689,"logrmse"
2019-09-01,137,242.501008623521,1410,203.495053705254,"logrmse"
2019-09-01,213,242.428103108931,1633,191.119399251299,"logrmse"
2019-09-01,313,242.332174800259,2015,265.774077516709,"logrmse"
2019-09-01,983,241.689455132159,3952,509.258456180456,"logrmse"
2019-09-01,345,242.301477741484,1814,233.748148028083,"logrmse"
2019-09-01,289,242.35519759434,2107,343.428113821286,"logrmse"
2019-09-01,109,242.527868549949,736,92.7728060972906,"logrmse"
2019-09-01,226,242.415632428803,1048,215.013215260446,"logrmse"
2019-09-01,561,242.094272594753,6411,878.190845874277,"logrmse"
2019-09-01,699,241.961891528786,3358,443.558827664844,"logrmse"
2019-09-01,642,242.016570664729,6288,848.457845646649,"logrmse"
2019-09-01,388,242.260228568755,2422,315.93524145062,"logrmse"
2019-09-01,217,242.424265976584,3430,412.292646489956,"logrmse"
2019-09-01,387,242.261187851842,1304,170.001742715399,"logrmse"
2019-09-01,197,242.443451638318,2000,256.164725444867,"logrmse"
2019-09-01,550,242.104824708707,1850,232.136277805437,"logrmse"
2019-09-01,174,242.465515149313,1401,170.976047902624,"logrmse"
2019-09-01,79,242.556647042551,633,98.4300749849057,"logrmse"
2019-09-01,130,242.507723605128,741,112.570574148192,"logrmse"
2019-09-01,142,242.496212208088,1965,227.086405037765,"logrmse"
2019-09-01,129,242.508682888215,598,94.5917190554197,"logrmse"
2019-09-01,56,242.578710553545,724,109.582209165402,"logrmse"
2019-09-01,300,242.344645480386,2779,411.272938048232,"logrmse"
2019-09-01,478,242.173893090951,1634,212.591436533302,"logrmse"
2019-09-01,74,242.561443457984,1687,217.927354605757,"logrmse"
2019-09-01,145,242.493334358827,627,77.0321431872627,"logrmse"
2019-09-01,178,242.461678016966,1387,188.886680199606,"logrmse"
2019-09-01,142,242.496212208088,1998,226.919901478523,"logrmse"
2019-09-01,119,242.518275719082,556,81.4323499148479,"logrmse"
2019-09-01,107,242.529787116123,809,98.5209529392564,"logrmse"
2019-09-01,54,242.580629119719,424,60.0392330009133,"logrmse"
2019-09-01,90,242.546094928597,515,71.2146080814317,"logrmse"
2019-09-01,93,242.543217079337,685,87.1805681384922,"logrmse"
2019-09-01,393,242.255432153322,1581,210.073603174344,"logrmse"
2019-09-01,552,242.102906142534,2604,331.383689367281,"logrmse"
2019-09-01,185,242.454963035359,1060,136.963915838322,"logrmse"
2019-09-01,596,242.060697686718,2430,310.429243382867,"logrmse"
2019-09-01,440,242.210345848246,1396,171.153993351761,"logrmse"
2019-09-01,592,242.064534819065,1887,232.567119873372,"logrmse"
2019-09-01,437,242.213223697506,1728,201.659441482873,"logrmse"
2019-09-01,185,242.454963035359,1119,145.799760782199,"logrmse"
2019-09-01,230,242.411795296457,932,124.131544190295,"logrmse"
2019-09-01,162,242.477026546353,913,107.498720858267,"logrmse"
2019-09-01,201,242.439614505971,931,114.334408197162,"logrmse"
2019-09-01,240,242.402202465589,1033,130.359576287429,"logrmse"
2019-09-01,90,242.546094928597,1236,163.402951119284,"logrmse"
2019-09-01,82,242.553769193291,678,84.8020543035892,"logrmse"
2019-09-01,174,242.465515149313,873,112.62610389463,"logrmse"
2019-09-01,50,242.584466252066,714,96.1080407571604,"logrmse"
2019-09-01,143,242.495252925001,1067,123.656334406496,"logrmse"
2019-09-01,89,242.547054211684,735,90.1750925277793,"logrmse"
2019-09-01,61,242.573914138112,756,92.8993613983529,"logrmse"
2019-09-01,71,242.564321307245,443,55.7829051462351,"logrmse"
2019-09-01,156,242.482782244874,1060,125.443202945125,"logrmse"
2019-09-01,147,242.491415792654,1045,127.719651544231,"logrmse"
2019-09-01,197,242.443451638318,1018,140.464212068622,"logrmse"
2019-09-01,161,242.47798582944,1661,215.997446823287,"logrmse"
2019-09-01,413,242.236246491587,2076,310.855501471953,"logrmse"
2019-09-01,219,242.42234741041,3537,420.360770054244,"logrmse"
2019-09-01,179,242.460718733879,1878,228.727191563798,"logrmse"
2019-09-01,300,242.344645480386,3080,381.995881634198,"logrmse"
2019-09-01,334,242.312029855438,1651,253.780508287768,"logrmse"
2019-09-01,213,242.428103108931,2937,340.638144348559,"logrmse"
2019-09-01,155,242.48374152796,796,89.2062819669482,"logrmse"
2019-09-01,801,241.864044653941,5674,637.900808858946,"logrmse"
2019-09-01,224,242.417550994977,1431,173.662069231364,"logrmse"
2019-09-01,164,242.47510798018,555,119.07058257058,"logrmse"
2019-09-01,226,242.415632428803,1544,187.850235729934,"logrmse"
2019-09-01,486,242.166218826257,3924,529.032374115088,"logrmse"
2019-09-01,106,242.530746399209,603,75.8595846836894,"logrmse"
2019-09-01,180,242.459759450792,3582,397.974744725099,"logrmse"
2019-09-01,559,242.096191160927,3556,437.5043111184,"logrmse"
2019-09-01,668,241.991629304475,3522,456.758535737632,"logrmse"
2019-09-01,293,242.351360461993,1156,147.678961908523,"logrmse"
2019-09-01,246,242.396446767069,1867,239.193993051225,"logrmse"
2019-09-01,1087,241.58968969114,5173,609.043311931682,"logrmse"
2019-09-01,211,242.430021675104,3174,378.970480305159,"logrmse"
2019-09-01,348,242.298599892224,2195,266.591763430341,"logrmse"
2019-09-01,310,242.335052649519,979,123.770750851844,"logrmse"
2019-09-01,237,242.40508031485,2203,244.757957584785,"logrmse"
2019-09-01,202,242.438655222885,1095,137.099292822187,"logrmse"
2019-09-01,207,242.433858807451,2390,297.097299434536,"logrmse"
2019-09-01,243,242.399324616329,1241,163.49128268187,"logrmse"
2019-09-01,307,242.337930498779,1095,143.214640132875,"logrmse"
2019-09-01,545,242.109621124141,1291,170.897801573553,"logrmse"
2019-09-01,333,242.312989138525,1710,237.542912425299,"logrmse"
2019-09-01,491,242.161422410823,846,127.976487010624,"logrmse"
2019-09-01,100,242.53650209773,2051,255.154612909851,"logrmse"
2019-09-01,1105,241.572422595579,2894,398.855778263482,"logrmse"
2019-09-01,198,242.442492355232,4252,487.997625358338,"logrmse"
2019-09-01,308,242.336971215693,2488,371.625017908076,"logrmse"
2019-09-01,181,242.458800167706,2267,291.42952231352,"logrmse"
2019-09-01,247,242.395487483982,1851,228.587158934223,"logrmse"
2019-09-01,228,242.41371386263,1875,251.942559869013,"logrmse"
2019-09-01,118,242.519235002169,1024,128.479469557022,"logrmse"
2019-09-01,1207,241.474575720734,3376,412.887314474249,"logrmse"
2019-09-01,1015,241.658758073384,3302,450.331474712934,"logrmse"
2019-09-01,113,242.524031417602,733,88.1719869423938,"logrmse"
2019-09-01,45,242.589262667499,493,65.3541781511522,"logrmse"
2019-09-01,169,242.470311564746,2553,316.449156921063,"logrmse"
2019-09-01,824,241.841981142947,1549,258.567355568754,"logrmse"
2019-09-01,924,241.746052834275,8839,962.71592445591,"logrmse"
2019-09-01,55,242.579669836632,317,48.4518442249485,"logrmse"
2019-09-01,217,242.424265976584,3109,369.927014691657,"logrmse"
2019-09-01,132,242.505805038955,809,107.403014182149,"logrmse"
2019-09-01,81,242.554728476377,1551,186.686827662494,"logrmse"
2019-09-01,215,242.426184542757,1568,267.425830227848,"logrmse"
2019-09-01,127,242.510601454388,744,99.4497681843686,"logrmse"
2019-09-01,127,242.510601454388,1607,191.656410758154,"logrmse"
2019-09-01,262,242.381098237682,2868,353.18493279572,"logrmse"
2019-09-01,81,242.554728476377,1546,190.685233360703,"logrmse"
2019-09-01,135,242.502927189695,1474,181.414344392367,"logrmse"
2019-09-01,176,242.463596583139,770,105.794642848918,"logrmse"
2019-09-01,699,241.961891528786,1492,186.410058129389,"logrmse"
2019-09-01,336,242.310111289265,3191,400.736244464216,"logrmse"
2019-09-01,555,242.100028293274,4293,499.479481557707,"logrmse"
2019-09-01,358,242.289007061357,2716,339.736724786837,"logrmse"
2019-09-01,139,242.499090057348,791,120.940410478323,"logrmse"
2019-09-01,816,241.84965540764,2803,348.856201751227,"logrmse"
2019-09-01,593,242.063575535978,2084,278.110942029316,"logrmse"
2019-09-01,139,242.499090057348,1748,241.524189746652,"logrmse"
2019-09-02,145,241.736271534616,1373,188.804943012834,"logrmse"
2019-09-02,0,241.876676824376,3134,472.646153714602,"logrmse"
2019-09-02,333,241.554228814101,1522,198.174080294949,"logrmse"
2019-09-02,276,241.609422617662,1931,253.636577536563,"logrmse"
2019-09-02,254,241.630725489211,1690,200.498646856008,"logrmse"
2019-09-02,157,241.724651786498,1374,157.023853699107,"logrmse"
2019-09-02,102,241.777908965373,883,118.850476511026,"logrmse"
2019-09-02,234,241.650091736075,2020,262.807728852756,"logrmse"
2019-09-02,120,241.760479343196,921,117.667990983393,"logrmse"
2019-09-02,184,241.698507353233,757,102.817039071412,"logrmse"
2019-09-02,162,241.719810224783,954,126.476482298904,"logrmse"
2019-09-02,131,241.749827907421,1489,186.632107253807,"logrmse"
2019-09-02,139,241.742081408675,765,98.2680335585345,"logrmse"
2019-09-02,63,241.815673146756,933,130.218230326466,"logrmse"
2019-09-02,195,241.687855917458,1244,178.82979255002,"logrmse"
2019-09-02,212,241.671394607624,1164,167.777205772809,"logrmse"
2019-09-02,369,241.519369569747,4827,587.475916478421,"logrmse"
2019-09-02,86,241.793401962863,3442,493.951714876549,"logrmse"
2019-09-02,977,240.930635665101,7762,963.886760890561,"logrmse"
2019-09-02,254,241.630725489211,3733,493.571195263747,"logrmse"
2019-09-02,940,240.966463221799,2886,412.664072082024,"logrmse"
2019-09-02,153,241.728525035871,1105,145.194084418329,"logrmse"
2019-09-02,377,241.511623071002,3706,488.330643699696,"logrmse"
2019-09-02,214,241.669457982938,1365,199.147135169601,"logrmse"
2019-09-02,731,241.168840501521,5564,676.978962135943,"logrmse"
2019-09-02,185,241.69753904089,2975,391.745846893434,"logrmse"
2019-09-02,87,241.79243365052,2191,293.563242318329,"logrmse"
2019-09-02,82,241.797275212236,1177,137.83727735302,"logrmse"
2019-09-02,155,241.726588411185,974,126.659372321623,"logrmse"
2019-09-02,137,241.744018033362,678,103.769801806232,"logrmse"
2019-09-02,270,241.615232491721,1358,183.24531374136,"logrmse"
2019-09-02,205,241.678172794026,1087,134.794086914014,"logrmse"
2019-09-02,226,241.65783823482,1167,154.46773392724,"logrmse"
2019-09-02,178,241.704317227292,1789,217.872262430432,"logrmse"
2019-09-02,409,241.48063707602,2228,267.814160020863,"logrmse"
2019-09-02,123,241.757574406166,923,119.08152804353,"logrmse"
2019-09-02,182,241.700443977919,394,95.0526544643085,"logrmse"
2019-09-02,823,241.079755765949,3710,490.979055875234,"logrmse"
2019-09-02,119,241.761447655539,1936,293.726295343282,"logrmse"
2019-09-02,776,241.125266446078,3902,506.841588516981,"logrmse"
2019-09-02,171,241.711095413694,666,81.7690963291194,"logrmse"
2019-09-02,1655,240.274119896434,11542,1431.32788582477,"logrmse"
2019-09-02,171,241.711095413694,1108,157.472628799755,"logrmse"
2019-09-02,202,241.681077731056,1556,208.047048138495,"logrmse"
2019-09-02,130,241.750796219764,550,75.8758677919038,"logrmse"
2019-09-02,80,241.799211836922,778,100.382714932146,"logrmse"
2019-09-02,97,241.782750527088,873,109.015409230551,"logrmse"
2019-09-02,121,241.759511030852,885,139.805164259265,"logrmse"
2019-09-02,247,241.637503675613,2379,298.462215970733,"logrmse"
2019-09-02,251,241.633630426241,3345,384.53337193751,"logrmse"
2019-09-02,1154,240.759244380361,2869,325.012593464523,"logrmse"
2019-09-02,387,241.50193994757,3300,382.53676163799,"logrmse"
2019-09-02,481,241.410918587312,3590,478.528067399447,"logrmse"
2019-09-02,70,241.808894960354,1231,164.708451577196,"logrmse"
2019-09-02,84,241.79533858755,317,56.0000194404261,"logrmse"
2019-09-02,101,241.778877277716,533,82.1428631199346,"logrmse"
2019-09-02,100,241.779845590059,346,66.5349803449659,"logrmse"
2019-09-02,253,241.631693801554,1519,199.855451959167,"logrmse"
2019-09-02,355,241.532925942551,1519,201.613749783268,"logrmse"
2019-09-02,168,241.714000350724,2150,261.515570436093,"logrmse"
2019-09-02,91,241.788560401147,1705,203.797257500331,"logrmse"
2019-09-02,87,241.79243365052,1088,133.880562370835,"logrmse"
2019-09-02,239,241.645250174359,976,113.951765114822,"logrmse"
2019-09-02,220,241.663648108879,1159,135.843893223502,"logrmse"
2019-09-02,405,241.484510325393,3323,466.070585300411,"logrmse"
2019-09-02,340,241.547450627699,1425,215.167098681056,"logrmse"
2019-09-02,489,241.403172088567,3149,364.995532391238,"logrmse"
2019-09-02,18,241.859247202199,1206,158.06293689375,"logrmse"
2019-09-02,316,241.570690123935,2238,312.406671703669,"logrmse"
2019-09-02,251,241.633630426241,3082,414.349203700326,"logrmse"
2019-09-02,95,241.784687151775,3339,460.222748785935,"logrmse"
2019-09-02,535,241.358629720781,3723,443.484496920531,"logrmse"
2019-09-02,904,241.001322466153,1403,211.468902100676,"logrmse"
2019-09-02,330,241.55713375113,1507,234.105775128875,"logrmse"
2019-09-02,341,241.546482315356,2794,368.223171181324,"logrmse"
2019-09-02,157,241.724651786498,2726,341.136273741245,"logrmse"
2019-09-02,323,241.563911937533,2837,370.223718474999,"logrmse"
2019-09-02,125,241.75563778148,1823,260.193821643756,"logrmse"
2019-09-02,126,241.754669469137,1279,164.295174195883,"logrmse"
2019-09-02,139,241.742081408675,1506,184.639736720656,"logrmse"
2019-09-02,402,241.487415262422,1335,172.685577995698,"logrmse"
2019-09-02,151,241.730461660557,1163,136.18135000056,"logrmse"
2019-09-02,98,241.781782214745,814,101.494047485518,"logrmse"
2019-09-02,122,241.758542718509,818,104.101031888925,"logrmse"
2019-09-02,488,241.40414040091,1756,210.516626839619,"logrmse"
2019-09-02,181,241.701412290262,936,111.904794387876,"logrmse"
2019-09-02,96,241.783718839432,1560,200.315593303489,"logrmse"
2019-09-02,199,241.683982668085,1590,197.981242695774,"logrmse"
2019-09-02,79,241.800180149265,295,56.411156577599,"logrmse"
2019-09-02,168,241.714000350724,903,124.54340885922,"logrmse"
2019-09-02,211,241.672362919967,848,122.431201900283,"logrmse"
2019-09-02,115,241.765320904911,968,117.432973250786,"logrmse"
2019-09-02,63,241.815673146756,720,100.973721313201,"logrmse"
2019-09-02,94,241.785655464118,734,85.7663071310998,"logrmse"
2019-09-02,223,241.660743171849,1161,151.801223620768,"logrmse"
2019-09-02,65,241.81373652207,1607,201.114011259388,"logrmse"
2019-09-02,138,241.743049721019,892,115.223871739504,"logrmse"
2019-09-02,186,241.696570728547,929,123.113132076477,"logrmse"
2019-09-02,211,241.672362919967,2649,299.905861748337,"logrmse"
2019-09-02,126,241.754669469137,564,79.9958956431506,"logrmse"
2019-09-02,119,241.761447655539,1026,124.407055211001,"logrmse"
2019-09-02,196,241.686887605115,1187,151.351721310675,"logrmse"
2019-09-02,77,241.802116773952,807,93.6310783594906,"logrmse"
2019-09-02,189,241.693665791517,536,70.3591498984627,"logrmse"
2019-09-02,110,241.770162466627,639,82.069439629643,"logrmse"
2019-09-02,78,241.801148461609,565,71.1579142859521,"logrmse"
2019-09-02,142,241.739176471646,355,50.6833614096445,"logrmse"
2019-09-02,91,241.788560401147,755,98.1429578689197,"logrmse"
2019-09-02,89,241.790497025834,1194,140.747384575705,"logrmse"
2019-09-02,620,241.276323171612,510,81.4970368189864,"logrmse"
2019-09-02,69,241.809863272697,1282,147.118250303658,"logrmse"
2019-09-02,391,241.498066698197,2171,270.783289452387,"logrmse"
2019-09-02,352,241.535830879581,3241,389.728763462387,"logrmse"
2019-09-02,806,241.096217075783,3086,355.395458353248,"logrmse"
2019-09-02,570,241.32473878877,2451,291.368257628167,"logrmse"
2019-09-02,351,241.536799191924,4089,457.192799832528,"logrmse"
2019-09-02,727,241.172713750893,2913,331.128909220222,"logrmse"
2019-09-02,108,241.772099091314,760,110.151348770179,"logrmse"
2019-09-02,67,241.811799897383,871,104.858771786139,"logrmse"
2019-09-02,108,241.772099091314,816,110.968505694029,"logrmse"
2019-09-02,109,241.77113077897,667,88.2430914993134,"logrmse"
2019-09-02,73,241.805990023324,605,78.6022444328083,"logrmse"
2019-09-02,94,241.785655464118,1009,118.790037217137,"logrmse"
2019-09-02,166,241.71593697541,819,106.346060358749,"logrmse"
2019-09-02,178,241.704317227292,618,75.1233092581035,"logrmse"
2019-09-02,69,241.809863272697,564,72.2054619421214,"logrmse"
2019-09-02,509,241.383805841704,1536,194.1020679234,"logrmse"
2019-09-02,276,241.609422617662,1525,197.786337994116,"logrmse"
2019-09-02,57,241.821483020815,2174,275.156260387345,"logrmse"
2019-09-02,30,241.847627454081,488,79.6863820891905,"logrmse"
2019-09-02,275,241.610390930005,3353,419.452597021054,"logrmse"
2019-09-02,279,241.606517680632,1558,212.084267010005,"logrmse"
2019-09-02,300,241.586183121426,2450,292.400319804107,"logrmse"
2019-09-02,259,241.625883927495,995,141.051301884145,"logrmse"
2019-09-02,190,241.692697479174,845,118.765133046909,"logrmse"
2019-09-02,112,241.768225841941,930,128.223239435376,"logrmse"
2019-09-02,128,241.75273284445,5099,624.673700427848,"logrmse"
2019-09-02,301,241.585214809082,1508,214.072565059494,"logrmse"
2019-09-02,937,240.969368158828,4486,538.406763257027,"logrmse"
2019-09-02,168,241.714000350724,3513,452.166506522227,"logrmse"
2019-09-02,206,241.677204481683,2411,305.673503540269,"logrmse"
2019-09-02,274,241.611359242348,1950,270.816189580861,"logrmse"
2019-09-02,749,241.151410879344,7356,958.123787794439,"logrmse"
2019-09-02,464,241.427379897146,1933,279.864321195185,"logrmse"
2019-09-02,389,241.500003322884,7269,936.628134669294,"logrmse"
2019-09-02,125,241.75563778148,755,103.034371752896,"logrmse"
2019-09-02,99,241.780813902402,798,100.624190672708,"logrmse"
2019-09-02,172,241.710127101351,1672,220.023748758485,"logrmse"
2019-09-02,584,241.311182415966,4077,490.437413236809,"logrmse"
2019-09-02,374,241.514528008031,3419,382.062251344901,"logrmse"
2019-09-02,261,241.623947302809,1530,187.748537981054,"logrmse"
2019-09-02,127,241.753701156793,1465,198.267749075588,"logrmse"
2019-09-02,96,241.783718839432,1133,135.71161883254,"logrmse"
2019-09-02,105,241.775004028343,542,70.8384749870394,"logrmse"
2019-09-02,95,241.784687151775,1463,173.825719088331,"logrmse"
2019-09-02,162,241.719810224783,1101,142.581727262002,"logrmse"
2019-09-02,77,241.802116773952,798,132.821351350372,"logrmse"
2019-09-02,129,241.751764532107,912,139.107405708046,"logrmse"
2019-09-02,150,241.731429972901,1625,207.202003862941,"logrmse"
2019-09-02,616,241.280196420985,5634,696.323337871037,"logrmse"
2019-09-02,103,241.776940653029,1819,305.802139678212,"logrmse"
2019-09-02,598,241.297626043162,5027,620.159019795746,"logrmse"
2019-09-02,247,241.637503675613,2366,280.00347612108,"logrmse"
2019-09-02,477,241.414791836685,3198,354.815367088492,"logrmse"
2019-09-02,160,241.721746849469,1171,141.168550927298,"logrmse"
2019-09-02,268,241.617169116407,1309,165.746930232405,"logrmse"
2019-09-02,282,241.603612743603,2138,264.704475183638,"logrmse"
2019-09-02,499,241.393488965135,8359,1064.47650916613,"logrmse"
2019-09-02,785,241.116551634989,4340,575.597225350767,"logrmse"
2019-09-02,292,241.593929620171,4799,685.491938298747,"logrmse"
2019-09-02,710,241.189175060727,3882,496.560597296085,"logrmse"
2019-09-02,497,241.395425589822,2588,338.244022085799,"logrmse"
2019-09-02,337,241.550355564728,5579,764.909694819799,"logrmse"
2019-09-02,85,241.794370275206,1644,274.886782683304,"logrmse"
2019-09-02,161,241.720778537126,982,196.874740649299,"logrmse"
2019-09-02,0,241.876676824376,1172,203.254248922424,"logrmse"
2019-09-02,535,241.358629720781,1413,187.252581774097,"logrmse"
2019-09-02,478,241.413823524342,796,154.116655791499,"logrmse"
2019-09-02,456,241.435126395891,5951,867.178168726834,"logrmse"
2019-09-02,392,241.497098385854,1316,170.491636098946,"logrmse"
2019-09-02,136,241.744986345705,8181,992.532488760708,"logrmse"
2019-09-02,258,241.626852239839,779,96.0792303128293,"logrmse"
2019-09-02,157,241.724651786498,1135,158.936882994425,"logrmse"
2019-09-02,3152,238.824556318713,16492,1988.2083094297,"logrmse"
2019-09-02,390,241.49903501054,2479,343.940436769178,"logrmse"
2019-09-02,141,241.740144783989,1510,181.72708416503,"logrmse"
2019-09-02,173,241.709158789008,2111,243.264893081182,"logrmse"
2019-09-02,146,241.735303222273,1049,128.627396744463,"logrmse"
2019-09-02,277,241.608454305318,4404,540.381508158883,"logrmse"
2019-09-02,280,241.605549368289,1801,255.945349341636,"logrmse"
2019-09-02,644,241.253083675376,493,72.8863647465773,"logrmse"
2019-09-02,62,241.816641459099,969,139.812458292886,"logrmse"
2019-09-02,552,241.342168410947,4019,599.754994180862,"logrmse"
2019-09-02,375,241.513559695688,1594,268.406670233091,"logrmse"
2019-09-02,166,241.71593697541,2479,345.727170270647,"logrmse"
2019-09-02,806,241.096217075783,7079,925.2614914847,"logrmse"
2019-09-02,3733,238.261966847333,5898,734.134659499658,"logrmse"
2019-09-02,211,241.672362919967,974,144.108583198118,"logrmse"
2019-09-02,200,241.683014355742,3271,363.339186335444,"logrmse"
2019-09-02,185,241.69753904089,1814,227.214864429158,"logrmse"
2019-09-02,185,241.69753904089,879,145.587456789529,"logrmse"
2019-09-02,301,241.585214809082,3145,408.292154473862,"logrmse"
2019-09-02,432,241.458365892127,3794,426.503684306415,"logrmse"
2019-09-02,373,241.515496320374,3092,336.628896558174,"logrmse"
2019-09-02,103,241.776940653029,923,113.412364989315,"logrmse"
2019-09-02,56,241.822451333158,742,102.976373577448,"logrmse"
2019-09-02,211,241.672362919967,1560,221.665286303157,"logrmse"
2019-09-02,337,241.550355564728,2523,366.132602345945,"logrmse"
2019-09-02,389,241.500003322884,1478,194.347090362937,"logrmse"
2019-09-02,349,241.53873581661,611,77.4913013879271,"logrmse"
2019-09-02,76,241.803085086295,1273,146.180032054317,"logrmse"
2019-09-02,894,241.011005589584,4140,500.058059276246,"logrmse"
2019-09-02,191,241.691729166831,1842,212.579522663964,"logrmse"
2019-09-02,50,241.828261207217,526,73.1626214469951,"logrmse"
2019-09-02,103,241.776940653029,407,58.1672789993546,"logrmse"
2019-09-02,509,241.383805841704,3551,449.533265764573,"logrmse"
2019-09-02,439,241.451587705725,2667,332.487618568446,"logrmse"
2019-09-02,329,241.558102063474,8889,981.27427545502,"logrmse"
2019-09-02,75,241.804053398638,1260,164.248543616921,"logrmse"
2019-09-02,254,241.630725489211,1176,153.336525736073,"logrmse"
2019-09-02,304,241.582309872053,1390,179.183016907065,"logrmse"
2019-09-02,160,241.721746849469,1002,179.113749307406,"logrmse"
2019-09-02,118,241.762415967882,1777,235.047230801446,"logrmse"
2019-09-02,28,241.849564078767,4728,691.791892574535,"logrmse"
2019-09-02,183,241.699475665576,2710,330.408362605155,"logrmse"
2019-09-02,91,241.788560401147,371,95.6245599971654,"logrmse"
2019-09-02,919,240.986797781005,3470,381.687394085027,"logrmse"
2019-09-02,98,241.781782214745,934,139.901734452662,"logrmse"
2019-09-02,50,241.828261207217,687,84.4393061307772,"logrmse"
2019-09-02,254,241.630725489211,2483,304.066293322976,"logrmse"
2019-09-02,1015,240.893839796061,3300,409.649242026264,"logrmse"
2019-09-02,184,241.698507353233,1387,180.363891671067,"logrmse"
2019-09-02,348,241.539704128953,1692,209.305219172774,"logrmse"
2019-09-02,144,241.73723984696,7902,900.095684391976,"logrmse"
2019-09-02,77,241.802116773952,811,126.38761016868,"logrmse"
2019-09-02,116,241.764352592568,1800,249.842370221766,"logrmse"
2019-09-02,533,241.360566345468,4494,557.192832155495,"logrmse"
2019-09-02,188,241.69463410386,3127,433.222654597848,"logrmse"
2019-09-02,216,241.667521358252,1151,164.789767286124,"logrmse"
2019-09-02,147,241.73433490993,1174,170.846185617295,"logrmse"
2019-09-02,163,241.718841912439,979,152.224261253977,"logrmse"
2019-09-02,324,241.562943625189,1935,284.58323085313,"logrmse"
2019-09-02,211,241.672362919967,541,66.5796833662486,"logrmse"
2019-09-02,77,241.802116773952,837,107.753132894539,"logrmse"
2019-09-02,93,241.786623776461,1158,136.696242496431,"logrmse"
2019-09-02,1403,240.518134606912,3899,498.153952083842,"logrmse"
2019-09-02,307,241.579404935023,3544,456.894899969387,"logrmse"
2019-09-02,89,241.790497025834,1531,200.343341042204,"logrmse"
2019-09-02,296,241.590056370798,1759,252.637030822735,"logrmse"
2019-09-02,250,241.634598738584,1115,164.611589541813,"logrmse"
2019-09-02,123,241.757574406166,800,119.413552231336,"logrmse"
2019-09-02,97,241.782750527088,1110,133.132723465618,"logrmse"
2019-09-02,192,241.690760854488,722,92.7610292313185,"logrmse"
2019-09-02,112,241.768225841941,2178,296.754375293029,"logrmse"
2019-09-02,163,241.718841912439,1411,186.678915619061,"logrmse"
2019-09-02,705,241.194016622443,3067,389.992872687646,"logrmse"
2019-09-02,729,241.170777126207,4832,529.710064503247,"logrmse"
2019-09-02,452,241.438999645264,5005,547.345324367819,"logrmse"
2019-09-02,143,241.738208159303,1282,172.527864353939,"logrmse"
2019-09-02,230,241.653964985447,1568,190.225682907346,"logrmse"
2019-09-02,286,241.59973949423,1614,213.79489777655,"logrmse"
2019-09-02,411,241.478700451334,1677,215.428425986581,"logrmse"
2019-09-02,230,241.653964985447,1570,238.294698602564,"logrmse"
2019-09-02,322,241.564880249876,3366,504.688620548946,"logrmse"
2019-09-02,472,241.419633398401,1851,242.102371145778,"logrmse"
2019-09-02,215,241.668489670595,874,128.507903721918,"logrmse"
2019-09-02,260,241.624915615152,3303,373.571720981742,"logrmse"
2019-09-02,325,241.561975312846,1488,168.803654068767,"logrmse"
2019-09-02,362,241.526147756149,2536,293.429372841629,"logrmse"
2019-09-02,369,241.519369569747,782,96.9501015739767,"logrmse"
2019-09-02,104,241.775972340686,1722,191.453960239852,"logrmse"
2019-09-02,132,241.748859595078,1967,211.820401965821,"logrmse"
2019-09-02,350,241.537767504267,1776,209.470697731325,"logrmse"
2019-09-02,220,241.663648108879,1606,208.332919798973,"logrmse"
2019-09-02,356,241.531957630208,2738,281.332998520044,"logrmse"
2019-09-02,678,241.220161055708,2149,227.214402381348,"logrmse"
2019-09-02,752,241.148505942314,2292,247.839183972504,"logrmse"
2019-09-02,239,241.645250174359,2039,291.083680868263,"logrmse"
2019-09-02,633,241.263735111151,2280,241.395162503712,"logrmse"
2019-09-02,0,241.876676824376,2694,388.653380826722,"logrmse"
2019-09-02,399,241.490320199452,1356,195.15414406106,"logrmse"
2019-09-02,212,241.671394607624,1763,233.375816035989,"logrmse"
2019-09-02,292,241.593929620171,2450,306.54400480455,"logrmse"
2019-09-02,640,241.256956924749,1968,244.470531401994,"logrmse"
2019-09-02,216,241.667521358252,1569,198.196322998147,"logrmse"
2019-09-02,116,241.764352592568,1044,132.49088727479,"logrmse"
2019-09-02,185,241.69753904089,1841,227.132856370126,"logrmse"
2019-09-02,297,241.589088058455,1652,232.57533246718,"logrmse"
2019-09-02,211,241.672362919967,3968,483.139626586543,"logrmse"
2019-09-02,258,241.626852239839,3582,396.056043502103,"logrmse"
2019-09-02,498,241.394457277478,2995,411.670681057463,"logrmse"
2019-09-02,446,241.444809519323,2183,314.443086674047,"logrmse"
2019-09-02,333,241.554228814101,6354,790.450460090697,"logrmse"
2019-09-02,260,241.624915615152,2145,328.511128988193,"logrmse"
2019-09-02,197,241.685919292772,2630,301.145367871609,"logrmse"
2019-09-02,197,241.685919292772,1691,219.23346242952,"logrmse"
2019-09-02,252,241.632662113898,461,75.8116066256585,"logrmse"
2019-09-02,219,241.664616421222,773,101.528219788401,"logrmse"
2019-09-02,132,241.748859595078,1277,181.767910000454,"logrmse"
2019-09-02,492,241.400267151537,3934,505.721963311562,"logrmse"
2019-09-02,203,241.680109418713,2660,385.667922858641,"logrmse"
2019-09-02,626,241.270513297553,1596,198.759274411158,"logrmse"
2019-09-02,416,241.473858889618,6468,881.848392124725,"logrmse"
2019-09-02,161,241.720778537126,3219,458.889069912933,"logrmse"
2019-09-02,367,241.521306194433,1375,225.719208901199,"logrmse"
2019-09-02,265,241.620074053436,3041,442.329449594385,"logrmse"
2019-09-02,291,241.594897932514,2041,276.534297463911,"logrmse"
2019-09-02,69,241.809863272697,549,78.8233199662758,"logrmse"
2019-09-02,370,241.518401257404,3621,489.324107047611,"logrmse"
2019-09-02,634,241.262766798808,2287,281.486323461334,"logrmse"
2019-09-02,897,241.008100652555,4274,561.925400979797,"logrmse"
2019-09-02,409,241.48063707602,1971,309.817292218092,"logrmse"
2019-09-02,360,241.528084380835,2240,284.094084763067,"logrmse"
2019-09-02,887,241.017783775986,2434,337.525885986189,"logrmse"
2019-09-02,225,241.658806547163,1979,257.713933769859,"logrmse"
2019-09-02,431,241.459334204471,5082,627.740899626889,"logrmse"
2019-09-02,1015,240.893839796061,1044,142.677816572787,"logrmse"
2019-09-02,232,241.652028360761,1047,136.85940982023,"logrmse"
2019-09-02,619,241.277291483955,4769,568.117570744592,"logrmse"
2019-09-02,381,241.507749821629,2091,250.217560655923,"logrmse"
2019-09-02,294,241.591992995485,826,172.187056586816,"logrmse"
2019-09-02,30,241.847627454081,1767,276.835072634279,"logrmse"
2019-09-02,162,241.719810224783,1839,199.72589543567,"logrmse"
2019-09-02,167,241.714968663067,773,130.429275593882,"logrmse"
2019-09-02,167,241.714968663067,685,97.1066009722573,"logrmse"
2019-09-02,340,241.547450627699,871,114.241492205987,"logrmse"
2019-09-02,122,241.758542718509,1204,145.560606361269,"logrmse"
2019-09-02,117,241.763384280225,924,122.517305966765,"logrmse"
2019-09-02,215,241.668489670595,3416,396.59177035603,"logrmse"
2019-09-02,244,241.640408612643,3835,438.124496367268,"logrmse"
2019-09-02,292,241.593929620171,3081,390.145414258619,"logrmse"
2019-09-02,557,241.337326849232,3042,376.046303571592,"logrmse"
2019-09-02,51,241.827292894874,821,108.684733595189,"logrmse"
2019-09-02,143,241.738208159303,996,126.449462410188,"logrmse"
2019-09-02,133,241.747891282734,1447,173.245744975235,"logrmse"
2019-09-02,333,241.554228814101,1533,176.471721332016,"logrmse"
2019-09-02,136,241.744986345705,679,85.7688377181648,"logrmse"
2019-09-02,85,241.794370275206,590,91.9769668400957,"logrmse"
2019-09-02,1249,240.66725470776,10043,1178.55891585663,"logrmse"
2019-09-02,303,241.583278184396,2713,321.883336930311,"logrmse"
2019-09-02,166,241.71593697541,729,97.8504654265218,"logrmse"
2019-09-02,146,241.735303222273,1425,172.21614059496,"logrmse"
2019-09-02,202,241.681077731056,2196,241.919216347863,"logrmse"
2019-09-02,142,241.739176471646,1489,204.886506066966,"logrmse"
2019-09-02,155,241.726588411185,1439,169.770242141972,"logrmse"
2019-09-02,156,241.725620098842,1292,177.383426279983,"logrmse"
2019-09-02,187,241.695602416203,1651,195.807470645948,"logrmse"
2019-09-02,121,241.759511030852,2912,414.462408170651,"logrmse"
2019-09-02,428,241.4622391415,6070,709.67936025203,"logrmse"
2019-09-02,390,241.49903501054,3320,421.088919292444,"logrmse"
2019-09-02,1329,240.589789720307,2666,320.152304054206,"logrmse"
2019-09-02,59,241.819546396129,1007,167.403933336025,"logrmse"
2019-09-02,827,241.075882516576,4047,461.754814611848,"logrmse"
2019-09-02,183,241.699475665576,831,102.460761523721,"logrmse"
2019-09-02,143,241.738208159303,1363,172.081488727526,"logrmse"
2019-09-02,665,241.23274911617,971,120.631475798289,"logrmse"
2019-09-02,100,241.779845590059,1823,202.611808965383,"logrmse"
2019-09-02,143,241.738208159303,1421,163.648097469767,"logrmse"
2019-09-02,157,241.724651786498,940,126.763993960407,"logrmse"
2019-09-02,88,241.791465338177,1147,151.852465272644,"logrmse"
2019-09-02,128,241.75273284445,527,86.9589077744465,"logrmse"
2019-09-02,273,241.612327554691,969,129.683361539347,"logrmse"
2019-09-02,362,241.526147756149,6705,800.553449551462,"logrmse"
2019-09-02,321,241.565848562219,3289,518.248819593861,"logrmse"
2019-09-02,387,241.50193994757,3658,467.935817731478,"logrmse"
2019-09-02,3481,238.505981557811,9453,1163.34143964144,"logrmse"
2019-09-02,1159,240.754402818645,5338,717.201730820228,"logrmse"
2019-09-02,426,241.464175766186,1446,188.218157437727,"logrmse"
2019-09-02,188,241.69463410386,685,125.132918920137,"logrmse"
2019-09-02,144,241.73723984696,995,146.215990869501,"logrmse"
2019-09-02,268,241.617169116407,2152,342.355006836582,"logrmse"
2019-09-02,151,241.730461660557,1415,210.134415253903,"logrmse"
2019-09-02,134,241.746922970391,1058,173.732343944207,"logrmse"
2019-09-02,75,241.804053398638,3075,407.362914810677,"logrmse"
2019-09-02,255,241.629757176868,3816,473.619611722113,"logrmse"
2019-09-02,122,241.758542718509,1088,148.930144171101,"logrmse"
2019-09-02,232,241.652028360761,752,134.518013670998,"logrmse"
2019-09-02,2286,239.663114807896,19151,2116.90508232867,"logrmse"
2019-09-02,391,241.498066698197,5079,708.635981132059,"logrmse"
2019-09-02,86,241.793401962863,1395,182.178401731826,"logrmse"
2019-09-02,635,241.261798486465,4078,458.553275822343,"logrmse"
2019-09-02,121,241.759511030852,2177,279.879036161515,"logrmse"
2019-09-02,640,241.256956924749,3401,390.375598656668,"logrmse"
2019-09-02,405,241.484510325393,3361,435.075195627186,"logrmse"
2019-09-02,155,241.726588411185,2542,333.816013449178,"logrmse"
2019-09-02,999,240.909332793552,3637,410.495630025067,"logrmse"
2019-09-02,2137,239.807393347028,9221,1130.37189549906,"logrmse"
2019-09-02,1907,240.030105185956,9145,1043.51689288027,"logrmse"
2019-09-02,530,241.363471282497,121,33.9945305264325,"logrmse"
2019-09-02,51,241.827292894874,1122,168.737154171183,"logrmse"
2019-09-02,123,241.757574406166,579,108.08832162909,"logrmse"
2019-09-02,100,241.779845590059,1080,136.675960459898,"logrmse"
2019-09-02,158,241.723683474155,892,132.804105165999,"logrmse"
2019-09-02,1219,240.696304078055,6874,791.677347352413,"logrmse"
2019-09-02,484,241.408013650283,4054,502.621019515927,"logrmse"
2019-09-02,178,241.704317227292,3447,452.841783533758,"logrmse"
2019-09-02,221,241.662679796536,958,139.822871578065,"logrmse"
2019-09-02,311,241.575531685651,1125,165.195753018041,"logrmse"
2019-09-02,169,241.71303203838,2180,290.461849639775,"logrmse"
2019-09-02,352,241.535830879581,4011,500.200890834969,"logrmse"
2019-09-02,256,241.628788864525,4384,533.878493618713,"logrmse"
2019-09-02,978,240.929667352758,7159,856.149466190338,"logrmse"
2019-09-02,122,241.758542718509,1539,225.204891076939,"logrmse"
2019-09-02,571,241.323770476427,6739,915.730860655873,"logrmse"
2019-09-02,176,241.706253851978,2452,311.010680963078,"logrmse"
2019-09-02,102,241.777908965373,1349,182.14424624424,"logrmse"
2019-09-02,186,241.696570728547,1626,279.583005242267,"logrmse"
2019-09-02,159,241.722715161812,2571,382.873312706944,"logrmse"
2019-09-02,329,241.558102063474,1949,231.609333676341,"logrmse"
2019-09-02,186,241.696570728547,1991,233.795100861834,"logrmse"
2019-09-02,334,241.553260501758,5910,723.573564235463,"logrmse"
2019-09-02,233,241.651060048418,521,75.5168881395512,"logrmse"
2019-09-02,243,241.641376924986,1607,203.716619030368,"logrmse"
2019-09-02,98,241.781782214745,1446,179.001390377213,"logrmse"
2019-09-02,99,241.780813902402,1487,176.74886670431,"logrmse"
2019-09-02,387,241.50193994757,2146,256.86839764391,"logrmse"
2019-09-02,95,241.784687151775,1013,143.467601305416,"logrmse"
2019-09-02,213,241.670426295281,1380,177.071441442212,"logrmse"
2019-09-02,137,241.744018033362,1305,159.803907972762,"logrmse"
2019-09-02,1848,240.087235614203,8406,1045.44747849026,"logrmse"
2019-09-02,646,241.25114705069,1906,264.212794609469,"logrmse"
2019-09-02,440,241.450619393382,4074,532.477545425828,"logrmse"
2019-09-02,434,241.456429267441,2780,337.243361826019,"logrmse"
2019-09-02,188,241.69463410386,3546,483.397861494246,"logrmse"
2019-09-02,67,241.811799897383,870,126.961990350856,"logrmse"
2019-09-02,321,241.565848562219,2962,323.582143223002,"logrmse"
2019-09-02,209,241.674299544654,1564,241.854664003723,"logrmse"
2019-09-02,549,241.345073347977,1494,200.880741414663,"logrmse"
2019-09-02,157,241.724651786498,2504,296.994835232759,"logrmse"
2019-09-02,255,241.629757176868,3242,410.489534896329,"logrmse"
2019-09-02,226,241.65783823482,1732,261.61119129801,"logrmse"
2019-09-02,69,241.809863272697,1005,120.739640723302,"logrmse"
2019-09-02,775,241.126234758421,4018,532.906726516811,"logrmse"
2019-09-02,555,241.339263473918,1945,250.495740026269,"logrmse"
2019-09-02,535,241.358629720781,2029,262.650763048022,"logrmse"
2019-09-02,188,241.69463410386,479,86.9558162815654,"logrmse"
2019-09-02,204,241.67914110637,2361,278.749685008758,"logrmse"
2019-09-02,164,241.717873600096,1523,192.644275282757,"logrmse"
2019-09-02,167,241.714968663067,631,89.5889910206708,"logrmse"
2019-09-02,143,241.738208159303,1036,136.410423080093,"logrmse"
2019-09-02,204,241.67914110637,1629,208.975321440683,"logrmse"
2019-09-02,178,241.704317227292,1151,159.332449494083,"logrmse"
2019-09-02,146,241.735303222273,1605,203.40714382241,"logrmse"
2019-09-02,186,241.696570728547,1058,149.325266877067,"logrmse"
2019-09-02,131,241.749827907421,1943,243.622154067467,"logrmse"
2019-09-02,273,241.612327554691,991,128.573172693505,"logrmse"
2019-09-02,267,241.61813742875,4585,589.159904639044,"logrmse"
2019-09-02,188,241.69463410386,1234,163.22548673441,"logrmse"
2019-09-02,275,241.610390930005,2422,283.149300719779,"logrmse"
2019-09-02,356,241.531957630208,2149,277.908737894517,"logrmse"
2019-09-02,227,241.656869922477,2256,295.403536037019,"logrmse"
2019-09-02,187,241.695602416203,799,91.8942733441535,"logrmse"
2019-09-02,435,241.455460955098,4085,493.681831618956,"logrmse"
2019-09-02,385,241.503876572256,1126,133.333537196704,"logrmse"
2019-09-02,526,241.36734453187,2022,303.847443198347,"logrmse"
2019-09-02,643,241.254051987719,3930,538.699651078171,"logrmse"
2019-09-02,427,241.463207453843,2208,372.561284079838,"logrmse"
2019-09-02,190,241.692697479174,1230,225.151784045676,"logrmse"
2019-09-02,1920,240.017517125495,3838,473.424337642642,"logrmse"
2019-09-02,51,241.827292894874,3079,372.731082554006,"logrmse"
2019-09-02,130,241.750796219764,1208,153.111518904154,"logrmse"
2019-09-02,341,241.546482315356,1193,147.399086695754,"logrmse"
2019-09-02,39,241.838912642992,711,122.726933484329,"logrmse"
2019-09-02,634,241.262766798808,1634,244.826527752294,"logrmse"
2019-09-02,276,241.609422617661,2881,385.079002101258,"logrmse"
2019-09-02,439,241.451587705725,2551,312.248672771032,"logrmse"
2019-09-02,186,241.696570728547,1930,260.522141056822,"logrmse"
2019-09-02,260,241.624915615152,1610,255.213099177289,"logrmse"
2019-09-02,290,241.595866244857,1916,245.424724811728,"logrmse"
2019-09-02,551,241.343136723291,4590,508.223138369747,"logrmse"
2019-09-02,403,241.486446950079,2069,247.433876286561,"logrmse"
2019-09-02,832,241.071040954861,6312,703.709603125125,"logrmse"
2019-09-02,372,241.516464632717,2670,297.034677924634,"logrmse"
2019-09-02,920,240.985829468662,2326,279.931755484433,"logrmse"
2019-09-02,113,241.767257529598,1010,128.602808277823,"logrmse"
2019-09-02,223,241.660743171849,1746,342.999148048652,"logrmse"
2019-09-02,232,241.652028360761,1539,202.386320016157,"logrmse"
2019-09-02,119,241.761447655539,1667,185.013449565771,"logrmse"
2019-09-02,74,241.805021710981,295,61.2455413315694,"logrmse"
2019-09-02,891,241.013910526614,2865,418.613816741771,"logrmse"
2019-09-02,379,241.509686446315,3497,395.648826095469,"logrmse"
2019-09-02,360,241.528084380835,1780,206.149289000255,"logrmse"
2019-09-02,439,241.451587705725,1322,159.219529555838,"logrmse"
2019-09-02,182,241.700443977919,2959,338.573708964133,"logrmse"
2019-09-02,235,241.649123423731,2107,242.837630577024,"logrmse"
2019-09-02,341,241.546482315356,1118,213.489942014879,"logrmse"
2019-09-02,324,241.562943625189,2103,272.566171958735,"logrmse"
2019-09-02,319,241.567785186905,1998,239.725578091093,"logrmse"
2019-09-02,185,241.69753904089,4096,563.655909542345,"logrmse"
2019-09-02,2767,239.197356570832,5620,632.87900485086,"logrmse"
2019-09-02,1641,240.287676269239,9087,1046.84421825369,"logrmse"
2019-09-02,393,241.496130073511,8641,1018.99341089086,"logrmse"
2019-09-02,1591,240.336091886397,18393,2062.33027091269,"logrmse"
2019-09-02,115,241.765320904911,1739,249.069527337178,"logrmse"
2019-09-02,536,241.357661408438,1619,229.360198434486,"logrmse"
2019-09-02,2100,239.843220903725,8750,1066.92812879822,"logrmse"
2019-09-02,65,241.81373652207,1814,251.204148169945,"logrmse"
2019-09-02,691,241.207572995247,3030,505.784046246429,"logrmse"
2019-09-02,278,241.607485992975,3940,479.708290508056,"logrmse"
2019-09-02,203,241.680109418713,2447,290.320664420277,"logrmse"
2019-09-02,327,241.56003868816,1454,181.355391894421,"logrmse"
2019-09-02,252,241.632662113898,3074,337.433379196555,"logrmse"
2019-09-02,0,241.876676824376,7701,1096.84357643527,"logrmse"
2019-09-02,1112,240.799913498774,4906,709.735434627914,"logrmse"
2019-09-02,67,241.811799897383,1293,203.617711401595,"logrmse"
2019-09-02,465,241.426411584803,7125,775.522048411895,"logrmse"
2019-09-02,3834,238.164167300673,7080,789.477114689957,"logrmse"
2019-09-02,292,241.593929620171,1675,226.83417870855,"logrmse"
2019-09-02,301,241.585214809082,1939,262.613258782631,"logrmse"
2019-09-02,391,241.498066698197,3354,426.106217941486,"logrmse"
2019-09-02,1718,240.213116218815,7166,809.488440281937,"logrmse"
2019-09-02,1225,240.690494203996,9655,1050.4098681154,"logrmse"
2019-09-02,141,241.740144783989,5753,723.465584607306,"logrmse"
2019-09-02,2792,239.173148762253,3248,412.590757587192,"logrmse"
2019-09-02,923,240.982924531632,5993,667.405691917606,"logrmse"
2019-09-02,679,241.219192743365,4817,603.45754321886,"logrmse"
2019-09-02,274,241.611359242348,2961,379.471951633608,"logrmse"
2019-09-02,317,241.569721811592,1454,194.113917479476,"logrmse"
2019-09-02,79,241.800180149265,2119,337.286137997405,"logrmse"
2019-09-02,198,241.684950980429,8543,1004.97256540678,"logrmse"
2019-09-02,404,241.485478637736,5550,657.349057773438,"logrmse"
2019-09-02,165,241.716905287753,1153,141.568502965172,"logrmse"
2019-09-02,363,241.525179443806,859,125.382382657256,"logrmse"
2019-09-02,235,241.649123423731,2577,325.485527542512,"logrmse"
2019-09-02,1118,240.794103624715,5208,600.124491112473,"logrmse"
2019-09-02,920,240.985829468662,4711,550.145526829992,"logrmse"
2019-09-02,423,241.467080703216,1496,224.979977058524,"logrmse"
2019-09-02,621,241.275354859269,4857,693.889850605421,"logrmse"
2019-09-02,156,241.725620098842,657,94.3005487119976,"logrmse"
2019-09-02,74,241.805021710981,2864,337.047064532546,"logrmse"
2019-09-02,170,241.712063726037,748,84.2230086659478,"logrmse"
2019-09-02,165,241.716905287753,5303,636.253562292353,"logrmse"
2019-09-02,417,241.472890577275,2327,287.118326270923,"logrmse"
2019-09-02,984,240.923857478699,5819,650.545203246603,"logrmse"
2019-09-02,557,241.337326849232,1966,259.874830167712,"logrmse"
2019-09-02,313,241.573595060964,6080,720.818812520538,"logrmse"
2019-09-02,938,240.968399846485,6324,760.398959779609,"logrmse"
2019-09-02,1986,239.953608510846,6765,765.01185178613,"logrmse"
2019-09-02,191,241.691729166831,2622,395.168115072643,"logrmse"
2019-09-02,248,241.63653536327,2233,266.284613384005,"logrmse"
2019-09-02,827,241.075882516576,1773,233.815250363082,"logrmse"
2019-09-02,315,241.571658436278,5145,540.960333471567,"logrmse"
2019-09-02,490,241.402203776224,4190,457.906369214805,"logrmse"
2019-09-02,462,241.429316521832,2117,272.825368923317,"logrmse"
2019-09-02,389,241.500003322884,4429,526.735185822892,"logrmse"
2019-09-02,165,241.716905287753,1902,288.503177233673,"logrmse"
2019-09-02,236,241.648155111388,5212,592.076631712233,"logrmse"
2019-09-02,308,241.57843662268,404,100.375752241786,"logrmse"
2019-09-02,198,241.684950980429,711,77.209409100822,"logrmse"
2019-09-02,219,241.664616421222,2691,378.30616572958,"logrmse"
2019-09-02,574,241.320865539398,1718,241.667735017859,"logrmse"
2019-09-02,178,241.704317227292,1758,306.91357740735,"logrmse"
2019-09-02,240,241.644281862016,1850,270.920436742872,"logrmse"
2019-09-02,120,241.760479343196,1088,164.340941626685,"logrmse"
2019-09-02,240,241.644281862016,1602,224.992865570799,"logrmse"
2019-09-02,317,241.569721811592,2577,313.299599843255,"logrmse"
2019-09-02,1200,240.714702012575,1534,201.610291107333,"logrmse"
2019-09-02,358,241.530021005522,2136,314.218603859874,"logrmse"
2019-09-02,109,241.77113077897,1204,168.36614692568,"logrmse"
2019-09-02,363,241.525179443806,2366,266.362535944234,"logrmse"
2019-09-02,395,241.494193448825,2622,343.149727786256,"logrmse"
2019-09-02,257,241.627820552182,3202,379.657648169394,"logrmse"
2019-09-02,94,241.785655464118,786,190.938844296546,"logrmse"
2019-09-02,251,241.633630426241,4493,560.019300371172,"logrmse"
2019-09-02,95,241.784687151775,4179,535.730774886011,"logrmse"
2019-09-02,155,241.726588411185,2872,319.3543885402,"logrmse"
2019-09-02,218,241.665584733565,895,116.146025680186,"logrmse"
2019-09-02,83,241.796306899893,2236,277.781602979813,"logrmse"
2019-09-02,74,241.805021710981,797,92.2169517081685,"logrmse"
2019-09-02,217,241.666553045908,835,109.626000426378,"logrmse"
2019-09-02,340,241.547450627699,1717,234.661060165282,"logrmse"
2019-09-02,1151,240.76214931739,2550,374.46344345587,"logrmse"
2019-09-02,291,241.594897932514,1375,196.295851152341,"logrmse"
2019-09-02,262,241.622978990466,2147,288.526295393238,"logrmse"
2019-09-02,214,241.669457982938,2061,277.509212444847,"logrmse"
2019-09-02,555,241.339263473918,2031,277.151572646094,"logrmse"
2019-09-02,1186,240.72825838538,4944,552.206804369752,"logrmse"
2019-09-02,393,241.496130073511,2965,418.431528034066,"logrmse"
2019-09-02,617,241.279228108642,3760,462.172281646693,"logrmse"
2019-09-02,105,241.775004028343,898,117.90541064764,"logrmse"
2019-09-02,132,241.748859595078,884,114.82026025926,"logrmse"
2019-09-02,150,241.731429972901,929,118.089843607394,"logrmse"
2019-09-02,151,241.730461660557,528,71.1231105881282,"logrmse"
2019-09-02,211,241.672362919967,1636,227.536311028985,"logrmse"
2019-09-02,140,241.741113096332,1361,197.881299005497,"logrmse"
2019-09-02,241,241.643313549672,1668,195.766339069015,"logrmse"
2019-09-02,314,241.572626748621,2068,271.178178130242,"logrmse"
2019-09-02,950,240.956780098367,3948,506.062176623746,"logrmse"
2019-09-02,349,241.53873581661,1806,233.27826773511,"logrmse"
2019-09-02,289,241.5968345572,2015,331.733097934081,"logrmse"
2019-09-02,85,241.794370275206,774,97.5425336217393,"logrmse"
2019-09-02,209,241.674299544654,1066,215.240924079107,"logrmse"
2019-09-02,586,241.30924579128,6347,862.300041860536,"logrmse"
2019-09-02,674,241.224034305081,3411,445.345107306923,"logrmse"
2019-09-02,630,241.26664004818,6174,828.346726165678,"logrmse"
2019-09-02,367,241.521306194433,2577,329.82309581688,"logrmse"
2019-09-02,231,241.652996673104,3506,419.170700610057,"logrmse"
2019-09-02,388,241.500971635227,1409,179.987569004686,"logrmse"
2019-09-02,228,241.655901610134,2022,257.63771781857,"logrmse"
2019-09-02,560,241.334421912202,1966,243.052856034179,"logrmse"
2019-09-02,177,241.705285539635,1476,180.450585980047,"logrmse"
2019-09-02,86,241.793401962863,671,103.792719203031,"logrmse"
2019-09-02,145,241.736271534616,766,116.474599948793,"logrmse"
2019-09-02,181,241.701412290262,2000,232.519110189706,"logrmse"
2019-09-02,127,241.753701156793,651,101.607642444992,"logrmse"
2019-09-02,54,241.824387957845,759,114.833462027011,"logrmse"
2019-09-02,284,241.601676118916,2707,401.35107673425,"logrmse"
2019-09-02,487,241.405108713253,1654,212.889178017532,"logrmse"
2019-09-02,81,241.798243524579,1796,230.780831410535,"logrmse"
2019-09-02,131,241.749827907421,624,77.2867112153243,"logrmse"
2019-09-02,195,241.687855917458,1433,194.586938158169,"logrmse"
2019-09-02,150,241.731429972901,2032,229.82120430359,"logrmse"
2019-09-02,111,241.769194154284,605,86.2776144604026,"logrmse"
2019-09-02,103,241.776940653029,825,101.123146095973,"logrmse"
2019-09-02,56,241.822451333158,469,65.4608929813328,"logrmse"
2019-09-02,88,241.791465338177,587,78.7587001701436,"logrmse"
2019-09-02,107,241.773067403657,722,91.6673685089905,"logrmse"
2019-09-02,392,241.497098385854,1613,213.298112986121,"logrmse"
2019-09-02,524,241.369281156556,2794,350.158105764753,"logrmse"
2019-09-02,208,241.675267856997,1039,135.942080969002,"logrmse"
2019-09-02,683,241.215319493993,2399,307.531234883662,"logrmse"
2019-09-02,443,241.447714456353,1432,174.343593524968,"logrmse"
2019-09-02,588,241.307309166593,1910,235.465232421001,"logrmse"
2019-09-02,448,241.442872894637,1724,201.493870855724,"logrmse"
2019-09-02,170,241.712063726037,1074,142.177533738985,"logrmse"
2019-09-02,197,241.685919292772,1028,134.944218755832,"logrmse"
2019-09-02,165,241.716905287753,974,114.019235564333,"logrmse"
2019-09-02,239,241.645250174359,1031,124.67615165455,"logrmse"
2019-09-02,262,241.622978990466,1096,137.600673670108,"logrmse"
2019-09-02,95,241.784687151775,1345,174.857525661788,"logrmse"
2019-09-02,104,241.775972340686,756,93.390586101073,"logrmse"
2019-09-02,188,241.69463410386,958,122.432676897749,"logrmse"
2019-09-02,59,241.819546396129,779,103.521190852625,"logrmse"
2019-09-02,126,241.754669469137,1087,126.887224120271,"logrmse"
2019-09-02,97,241.782750527088,779,95.5152209635923,"logrmse"
2019-09-02,59,241.819546396129,825,100.600264843324,"logrmse"
2019-09-02,80,241.799211836922,465,59.113096795016,"logrmse"
2019-09-02,176,241.706253851978,1179,137.977663924169,"logrmse"
2019-09-02,148,241.733366597587,1014,123.563252229003,"logrmse"
2019-09-02,182,241.700443977919,996,136.82465642051,"logrmse"
2019-09-02,174,241.708190476665,1547,204.786992337829,"logrmse"
2019-09-02,416,241.473858889618,2098,312.888629156295,"logrmse"
2019-09-02,242,241.642345237329,3657,429.579911431155,"logrmse"
2019-09-02,213,241.670426295281,1804,221.591171389669,"logrmse"
2019-09-02,284,241.601676118916,3019,375.189829376516,"logrmse"
2019-09-02,316,241.570690123935,1718,260.024896024602,"logrmse"
2019-09-02,185,241.69753904089,2954,341.363930702892,"logrmse"
2019-09-02,186,241.696570728547,879,97.5908455902281,"logrmse"
2019-09-02,789,241.112678385617,5556,623.961797903654,"logrmse"
2019-09-02,223,241.660743171849,1427,173.835781573998,"logrmse"
2019-09-02,162,241.719810224783,497,108.184115152652,"logrmse"
2019-09-02,219,241.664616421222,1563,189.134556936483,"logrmse"
2019-09-02,456,241.435126395891,3706,499.665829168854,"logrmse"
2019-09-02,121,241.759511030852,655,82.1248676649161,"logrmse"
2019-09-02,207,241.67623616934,3522,390.245698500905,"logrmse"
2019-09-02,556,241.338295161575,3502,429.391560196653,"logrmse"
2019-09-02,681,241.217256118679,3512,451.723569215134,"logrmse"
2019-09-02,253,241.631693801554,1123,144.575195710186,"logrmse"
2019-09-02,241,241.643313549672,1800,231.600754990967,"logrmse"
2019-09-02,1050,240.85994886405,5035,594.993840684569,"logrmse"
2019-09-02,208,241.675267856997,3139,374.006168153635,"logrmse"
2019-09-02,355,241.532925942551,2205,264.860989094748,"logrmse"
2019-09-02,314,241.572626748621,931,118.517736387649,"logrmse"
2019-09-02,213,241.670426295281,2201,242.190168950807,"logrmse"
2019-09-02,215,241.668489670595,1139,140.772455989952,"logrmse"
2019-09-02,195,241.687855917458,2399,297.39386090722,"logrmse"
2019-09-02,242,241.642345237329,1299,168.108949842918,"logrmse"
2019-09-02,314,241.572626748621,1152,148.114839779979,"logrmse"
2019-09-02,523,241.370249468899,1311,173.064327017206,"logrmse"
2019-09-02,361,241.527116068492,1709,236.397706252878,"logrmse"
2019-09-02,487,241.405108713253,795,121.687375107544,"logrmse"
2019-09-02,109,241.77113077897,2097,259.201859182577,"logrmse"
2019-09-02,1156,240.757307755675,2905,396.327301126559,"logrmse"
2019-09-02,180,241.702380602606,4275,489.371358370912,"logrmse"
2019-09-02,316,241.570690123935,2460,366.288603681926,"logrmse"
2019-09-02,189,241.693665791517,2344,298.950953865212,"logrmse"
2019-09-02,233,241.651060048418,1865,229.869099062443,"logrmse"
2019-09-02,193,241.689792542144,1827,246.568412565186,"logrmse"
2019-09-02,127,241.753701156793,1058,133.319779470108,"logrmse"
2019-09-02,1201,240.713733700232,3284,401.534219701636,"logrmse"
2019-09-02,976,240.931603977445,3340,452.72011387132,"logrmse"
2019-09-02,113,241.767257529598,737,89.7388751047891,"logrmse"
2019-09-02,32,241.845690829394,527,69.7661626916649,"logrmse"
2019-09-02,161,241.720778537126,2560,315.926796733671,"logrmse"
2019-09-02,839,241.064262768458,1617,261.226661161115,"logrmse"
2019-09-02,946,240.96065334774,8904,966.834311092739,"logrmse"
2019-09-02,59,241.819546396129,355,52.6260580899669,"logrmse"
2019-09-02,214,241.669457982938,3081,366.081245086821,"logrmse"
2019-09-02,147,241.73433490993,876,114.822798897472,"logrmse"
2019-09-02,87,241.79243365052,1601,191.55811798776,"logrmse"
2019-09-02,235,241.649123423731,1550,262.088973230464,"logrmse"
2019-09-02,146,241.735303222273,755,101.647895650805,"logrmse"
2019-09-02,130,241.750796219764,1727,204.27979922538,"logrmse"
2019-09-02,242,241.642345237329,2915,355.609319213151,"logrmse"
2019-09-02,90,241.789528713491,1538,189.310277234416,"logrmse"
2019-09-02,129,241.751764532107,1459,181.752032981752,"logrmse"
2019-09-02,191,241.691729166831,747,104.23747452433,"logrmse"
2019-09-02,774,241.127203070764,1424,177.464370079896,"logrmse"
2019-09-02,331,241.556165438787,3200,397.35379884749,"logrmse"
2019-09-02,508,241.384774154047,4066,472.478688493052,"logrmse"
2019-09-02,364,241.524211131463,2589,322.527935910665,"logrmse"
2019-09-02,122,241.758542718509,696,108.687265642511,"logrmse"
2019-09-02,735,241.164967252148,2557,321.682372370624,"logrmse"
2019-09-02,572,241.322802164084,2130,279.375617773154,"logrmse"
2019-09-02,134,241.746922970391,1611,223.175684729811,"logrmse"
2019-09-03,131,237.687732265779,1209,168.481188357871,"logrmse"
2019-09-03,0,237.814761259679,2783,423.218305741515,"logrmse"
2019-09-03,316,237.508340175157,1428,188.993569677774,"logrmse"
2019-09-03,301,237.522885479802,1814,241.30455483416,"logrmse"
2019-09-03,222,237.599490750932,1722,201.536526685673,"logrmse"
2019-09-03,157,237.662520404394,1321,151.065678544594,"logrmse"
2019-09-03,96,237.721671309951,863,115.991058376956,"logrmse"
2019-09-03,211,237.610157307672,2044,263.199090509017,"logrmse"
2019-09-03,129,237.689671639732,891,114.343801644002,"logrmse"
2019-09-03,198,237.622763238364,710,97.6167860496581,"logrmse"
2019-09-03,150,237.669308213229,914,122.443285254876,"logrmse"
2019-09-03,125,237.693550387637,1444,182.625101611399,"logrmse"
2019-09-03,124,237.694520074613,760,97.1013917181108,"logrmse"
2019-09-03,68,237.748822545288,876,123.957336704914,"logrmse"
2019-09-03,183,237.63730854301,1213,174.608961759575,"logrmse"
2019-09-03,188,237.632460108128,1158,166.18918086769,"logrmse"
2019-09-03,356,237.469552696103,4753,579.140162925209,"logrmse"
2019-09-03,91,237.726519744833,3177,458.187414486493,"logrmse"
2019-09-03,884,236.957557972597,7440,918.564221248943,"logrmse"
2019-09-03,248,237.574278889548,3620,471.747528732773,"logrmse"
2019-09-03,983,236.86155896194,2699,383.986113123753,"logrmse"
2019-09-03,147,237.672217274158,1135,149.419722741545,"logrmse"
2019-09-03,393,237.433674277979,3595,472.408463961703,"logrmse"
2019-09-03,187,237.633429795104,1353,196.959454728819,"logrmse"
2019-09-03,653,237.181555664131,5285,643.107881912057,"logrmse"
2019-09-03,169,237.650884160678,2952,387.131992231771,"logrmse"
2019-09-03,87,237.730398492738,2079,281.85024934749,"logrmse"
2019-09-03,88,237.729428805762,1208,140.870639844199,"logrmse"
2019-09-03,156,237.663490091371,987,128.638328401274,"logrmse"
2019-09-03,136,237.682883830897,725,109.661042652278,"logrmse"
2019-09-03,236,237.585915133264,1219,165.502772430253,"logrmse"
2019-09-03,206,237.615005742554,1113,138.453750995616,"logrmse"
2019-09-03,260,237.562642645832,1192,158.633621599097,"logrmse"
2019-09-03,168,237.651853847655,1935,233.458089326588,"logrmse"
2019-09-03,406,237.421068347286,2328,280.096708518398,"logrmse"
2019-09-03,122,237.696459448566,989,126.356328505077,"logrmse"
2019-09-03,168,237.651853847655,361,85.7440286607007,"logrmse"
2019-09-03,885,236.956588285621,3620,473.718443834601,"logrmse"
2019-09-03,126,237.692580700661,1922,288.189198567147,"logrmse"
2019-09-03,796,237.042890426515,3844,497.666985740193,"logrmse"
2019-09-03,175,237.64506603882,546,69.910697378812,"logrmse"
2019-09-03,1567,236.295261767759,10710,1330.62801596054,"logrmse"
2019-09-03,167,237.652823534631,1112,156.159501921799,"logrmse"
2019-09-03,204,237.616945116506,1464,199.070878709522,"logrmse"
2019-09-03,143,237.676096022063,517,72.1926447489895,"logrmse"
2019-09-03,69,237.747852858312,766,99.0448610828588,"logrmse"
2019-09-03,77,237.740095362501,878,109.176581508699,"logrmse"
2019-09-03,125,237.693550387637,943,147.378713375127,"logrmse"
2019-09-03,261,237.561672958855,2404,303.428775215658,"logrmse"
2019-09-03,235,237.58688482024,3425,394.286463933226,"logrmse"
2019-09-03,1245,236.60750097414,2837,323.291731368178,"logrmse"
2019-09-03,358,237.467613322151,3444,397.92674828914,"logrmse"
2019-09-03,480,237.349311511037,3493,461.352264572081,"logrmse"
2019-09-03,59,237.757549728075,1234,163.232480563132,"logrmse"
2019-09-03,104,237.71391381414,317,56.2664014103474,"logrmse"
2019-09-03,114,237.704216944377,544,83.0523054368981,"logrmse"
2019-09-03,97,237.720701622975,379,69.8821464124942,"logrmse"
2019-09-03,289,237.534521723518,1577,207.052475583216,"logrmse"
2019-09-03,365,237.460825513316,1557,206.801861495899,"logrmse"
2019-09-03,180,237.640217603939,2328,280.613341353857,"logrmse"
2019-09-03,77,237.740095362501,1891,223.155321778156,"logrmse"
2019-09-03,114,237.704216944377,1090,136.144939983357,"logrmse"
2019-09-03,248,237.574278889548,977,115.152340473029,"logrmse"
2019-09-03,201,237.619854177435,1172,138.529043082482,"logrmse"
2019-09-03,379,237.447249895647,3096,435.086871861323,"logrmse"
2019-09-03,336,237.48894643563,1411,209.424224682304,"logrmse"
2019-09-03,474,237.355129632895,3280,379.398090695893,"logrmse"
2019-09-03,14,237.80118564201,938,128.643284881052,"logrmse"
2019-09-03,329,237.495734244464,2114,294.676324735685,"logrmse"
2019-09-03,250,237.572339515595,2918,391.91247564352,"logrmse"
2019-09-03,97,237.720701622975,3241,441.9654918826,"logrmse"
2019-09-03,502,237.327978397558,3543,421.3334387631,"logrmse"
2019-09-03,995,236.849922718224,1336,198.568585758876,"logrmse"
2019-09-03,302,237.521915792825,1379,217.01836054986,"logrmse"
2019-09-03,322,237.502522053299,2575,342.384251132762,"logrmse"
2019-09-03,135,237.683853517874,2723,334.851367350203,"logrmse"
2019-09-03,327,237.497673618417,2807,364.959493280701,"logrmse"
2019-09-03,147,237.672217274158,1809,255.999291304081,"logrmse"
2019-09-03,105,237.712944127164,1388,175.242870698166,"logrmse"
2019-09-03,114,237.704216944377,1515,184.789317195859,"logrmse"
2019-09-03,438,237.390038364044,1236,162.487497738899,"logrmse"
2019-09-03,151,237.668338526252,1163,135.080049601519,"logrmse"
2019-09-03,83,237.734277240643,830,102.276957767761,"logrmse"
2019-09-03,127,237.691611013684,787,100.242074018228,"logrmse"
2019-09-03,479,237.350281198014,1867,223.623522146925,"logrmse"
2019-09-03,183,237.63730854301,970,116.231222102408,"logrmse"
2019-09-03,106,237.711974440187,1599,205.624538545762,"logrmse"
2019-09-03,231,237.590763568145,1594,198.681584880151,"logrmse"
2019-09-03,82,237.73524692762,337,60.4639040231117,"logrmse"
2019-09-03,158,237.661550717418,902,124.359213109251,"logrmse"
2019-09-03,185,237.635369169057,837,122.192782030464,"logrmse"
2019-09-03,126,237.692580700661,1033,124.120164346325,"logrmse"
2019-09-03,84,237.733307553667,775,105.875391861447,"logrmse"
2019-09-03,79,237.738155988549,776,90.2386542160086,"logrmse"
2019-09-03,197,237.623732925341,1278,164.222495821318,"logrmse"
2019-09-03,65,237.751731606217,1675,208.683263111978,"logrmse"
2019-09-03,151,237.668338526252,939,120.918568032992,"logrmse"
2019-09-03,194,237.62664198627,965,127.847058131462,"logrmse"
2019-09-03,233,237.588824194193,2758,310.932689051989,"logrmse"
2019-09-03,121,237.697429135542,612,84.4065138051564,"logrmse"
2019-09-03,142,237.677065709039,1062,127.765156965161,"logrmse"
2019-09-03,200,237.620823864412,1191,150.415618093584,"logrmse"
2019-09-03,78,237.739125675525,840,97.1416355800088,"logrmse"
2019-09-03,208,237.613066368601,571,74.274904255547,"logrmse"
2019-09-03,113,237.705186631353,654,83.2188418831282,"logrmse"
2019-09-03,69,237.747852858312,524,67.6879968154396,"logrmse"
2019-09-03,162,237.657671969513,353,51.7336281276509,"logrmse"
2019-09-03,96,237.721671309951,792,102.774536679717,"logrmse"
2019-09-03,103,237.714883501117,1335,154.369656468147,"logrmse"
2019-09-03,726,237.110768514859,538,85.3586101181748,"logrmse"
2019-09-03,87,237.730398492738,1392,157.751536354411,"logrmse"
2019-09-03,439,237.389068677067,2137,266.021481020799,"logrmse"
2019-09-03,327,237.497673618417,3281,390.063815180123,"logrmse"
2019-09-03,793,237.045799487444,2990,344.654295886174,"logrmse"
2019-09-03,525,237.305675597102,2456,288.606459516185,"logrmse"
2019-09-03,363,237.462764887269,3961,442.322553484306,"logrmse"
2019-09-03,721,237.11561694974,2848,324.005995068678,"logrmse"
2019-09-03,101,237.716822875069,808,114.417683538323,"logrmse"
2019-09-03,78,237.739125675525,897,107.585433872879,"logrmse"
2019-09-03,120,237.698398822519,816,110.249886006989,"logrmse"
2019-09-03,107,237.711004753211,658,87.7181958175303,"logrmse"
2019-09-03,68,237.748822545288,602,78.2425205620566,"logrmse"
2019-09-03,108,237.710035066235,1032,120.510543227245,"logrmse"
2019-09-03,175,237.64506603882,810,106.033593515282,"logrmse"
2019-09-03,178,237.642156977891,625,75.6487948465192,"logrmse"
2019-09-03,75,237.742034736454,586,74.3563933331904,"logrmse"
2019-09-03,580,237.252342813404,1546,197.108970378554,"logrmse"
2019-09-03,295,237.52870360166,1607,207.463171384709,"logrmse"
2019-09-03,61,237.755610354123,2192,278.084143665374,"logrmse"
2019-09-03,36,237.779852528531,511,82.9955076952902,"logrmse"
2019-09-03,252,237.570400141642,3236,406.462664200203,"logrmse"
2019-09-03,247,237.575248576524,1514,205.874028371574,"logrmse"
2019-09-03,272,237.551006402116,2444,291.209302044004,"logrmse"
2019-09-03,240,237.582036385358,1047,146.338935367501,"logrmse"
2019-09-03,184,237.636338856033,928,128.037854633758,"logrmse"
2019-09-03,137,237.681914143921,973,134.34115576542,"logrmse"
2019-09-03,141,237.678035396016,5219,635.245047360179,"logrmse"
2019-09-03,246,237.5762182635,1355,191.394999968334,"logrmse"
2019-09-03,989,236.855740840082,4403,524.544691498129,"logrmse"
2019-09-03,160,237.659611343465,3487,446.093472545214,"logrmse"
2019-09-03,223,237.598521063956,2535,312.94384141225,"logrmse"
2019-09-03,268,237.554885150021,1974,269.972091660188,"logrmse"
2019-09-03,732,237.104950393001,6976,912.047498402406,"logrmse"
2019-09-03,387,237.439492399837,1789,260.077906850616,"logrmse"
2019-09-03,340,237.485067687725,6754,874.003687544986,"logrmse"
2019-09-03,124,237.694520074613,807,108.581404727795,"logrmse"
2019-09-03,114,237.704216944377,819,103.110089011595,"logrmse"
2019-09-03,190,237.630520734175,1679,223.679327481236,"logrmse"
2019-09-03,622,237.211615960398,4121,496.168249249056,"logrmse"
2019-09-03,346,237.479249565867,3710,410.874038091961,"logrmse"
2019-09-03,328,237.496703931441,1619,197.245765605404,"logrmse"
2019-09-03,146,237.673186961134,1512,204.382177128886,"logrmse"
2019-09-03,101,237.716822875069,1044,127.022413616707,"logrmse"
2019-09-03,94,237.723610683904,507,67.1549206407016,"logrmse"
2019-09-03,97,237.720701622975,1546,182.804751941039,"logrmse"
2019-09-03,143,237.676096022063,1060,138.669193324239,"logrmse"
2019-09-03,74,237.74300442343,703,117.742785473907,"logrmse"
2019-09-03,122,237.696459448566,777,119.736681425426,"logrmse"
2019-09-03,129,237.689671639732,1433,184.746951075764,"logrmse"
2019-09-03,602,237.231009699924,5344,657.202247593761,"logrmse"
2019-09-03,85,237.732337866691,1831,302.370386938725,"logrmse"
2019-09-03,558,237.273675926883,4915,605.23992394973,"logrmse"
2019-09-03,277,237.546157967234,2364,277.026894300014,"logrmse"
2019-09-03,446,237.382280868233,3217,353.9104949442,"logrmse"
2019-09-03,152,237.667368839276,1178,141.116886864061,"logrmse"
2019-09-03,274,237.549067028163,1279,162.475345002947,"logrmse"
2019-09-03,278,237.545188280258,2076,258.047942814125,"logrmse"
2019-09-03,427,237.400704920783,8037,1014.25947298169,"logrmse"
2019-09-03,715,237.121435071598,4027,537.748929592333,"logrmse"
2019-09-03,272,237.551006402116,4502,641.451986702163,"logrmse"
2019-09-03,626,237.207737212492,3579,461.831875061645,"logrmse"
2019-09-03,502,237.327978397558,2321,306.22442939735,"logrmse"
2019-09-03,321,237.503491740275,5155,710.116762724859,"logrmse"
2019-09-03,59,237.757549728075,1541,260.426276567675,"logrmse"
2019-09-03,175,237.64506603882,906,185.39371390896,"logrmse"
2019-09-03,0,237.814761259679,990,176.267319095364,"logrmse"
2019-09-03,529,237.301796849197,1359,181.671211349081,"logrmse"
2019-09-03,445,237.383250555209,832,153.22519788813,"logrmse"
2019-09-03,496,237.333796519416,5592,820.347499645092,"logrmse"
2019-09-03,342,237.483128313772,1152,150.715004189403,"logrmse"
2019-09-03,127,237.691611013684,7986,959.851361664921,"logrmse"
2019-09-03,204,237.616945116506,641,79.8172841983846,"logrmse"
2019-09-03,139,237.679974769968,903,133.345278160088,"logrmse"
2019-09-03,2939,234.964851236225,15426,1863.94151297945,"logrmse"
2019-09-03,374,237.452098330529,2358,331.261689896766,"logrmse"
2019-09-03,143,237.676096022063,1557,184.96364964125,"logrmse"
2019-09-03,181,237.639247916962,2094,240.843415083665,"logrmse"
2019-09-03,166,237.653793221607,1034,126.603464405863,"logrmse"
2019-09-03,239,237.583006072335,3823,477.827827160424,"logrmse"
2019-09-03,246,237.5762182635,1641,236.03653477377,"logrmse"
2019-09-03,599,237.233918760853,410,61.8898833258294,"logrmse"
2019-09-03,40,237.775973780626,881,126.500752610454,"logrmse"
2019-09-03,498,237.331857145463,3820,567.359941069556,"logrmse"
2019-09-03,271,237.551976089092,1383,238.731963790697,"logrmse"
2019-09-03,124,237.694520074613,2231,313.552173832088,"logrmse"
2019-09-03,743,237.094283836261,6550,860.263836278882,"logrmse"
2019-09-03,3536,234.385948111351,5284,662.723061342616,"logrmse"
2019-09-03,201,237.619854177435,887,131.38466783034,"logrmse"
2019-09-03,152,237.667368839276,3011,332.789237730134,"logrmse"
2019-09-03,191,237.629551047199,1780,223.544372742186,"logrmse"
2019-09-03,209,237.612096681625,908,146.841485442831,"logrmse"
2019-09-03,322,237.502522053299,3102,399.59490923945,"logrmse"
2019-09-03,426,237.40167460776,3983,442.202450678498,"logrmse"
2019-09-03,376,237.450158956576,3292,354.925147924344,"logrmse"
2019-09-03,106,237.711974440187,949,117.292139127083,"logrmse"
2019-09-03,55,237.761428475981,758,107.009644067702,"logrmse"
2019-09-03,199,237.621793551388,1582,226.182004172465,"logrmse"
2019-09-03,310,237.514158297015,2400,347.045687201308,"logrmse"
2019-09-03,400,237.426886469144,1466,191.510510827616,"logrmse"
2019-09-03,382,237.444340834718,626,79.3902986175974,"logrmse"
2019-09-03,84,237.733307553667,1311,150.604538917103,"logrmse"
2019-09-03,898,236.943982354929,4249,510.664962279333,"logrmse"
2019-09-03,190,237.630520734175,1809,208.679188243691,"logrmse"
2019-09-03,67,237.749792232265,578,78.414841472048,"logrmse"
2019-09-03,101,237.716822875069,446,63.1623637438346,"logrmse"
2019-09-03,523,237.307614971055,3667,462.641500174925,"logrmse"
2019-09-03,406,237.421068347286,2856,351.781008504869,"logrmse"
2019-09-03,372,237.454037704482,8510,937.600910058649,"logrmse"
2019-09-03,82,237.73524692762,1339,172.599593017189,"logrmse"
2019-09-03,237,237.584945446287,1291,164.593848494638,"logrmse"
2019-09-03,235,237.58688482024,1243,160.584942579922,"logrmse"
2019-09-03,142,237.677065709039,922,164.992194031133,"logrmse"
2019-09-03,121,237.697429135542,1758,229.122962675694,"logrmse"
2019-09-03,25,237.790519085271,4353,640.967601209107,"logrmse"
2019-09-03,160,237.659611343465,2582,311.907698076822,"logrmse"
2019-09-03,78,237.739125675525,326,84.3750576679582,"logrmse"
2019-09-03,834,237.006042321414,3186,349.090659135983,"logrmse"
2019-09-03,88,237.729428805762,860,129.523586011609,"logrmse"
2019-09-03,55,237.761428475981,601,74.4579812297528,"logrmse"
2019-09-03,289,237.534521723518,2427,297.913067697693,"logrmse"
2019-09-03,1006,236.839256161484,3358,411.632175151753,"logrmse"
2019-09-03,205,237.61597542953,1442,185.630715884413,"logrmse"
2019-09-03,368,237.457916452387,1779,217.11338110935,"logrmse"
2019-09-03,154,237.665429465323,7868,898.966443075594,"logrmse"
2019-09-03,68,237.748822545288,866,130.276591026468,"logrmse"
2019-09-03,106,237.711974440187,1954,261.565475711682,"logrmse"
2019-09-03,570,237.262039683167,4393,542.932427634448,"logrmse"
2019-09-03,201,237.619854177435,3112,429.408987840873,"logrmse"
2019-09-03,217,237.604339185814,1109,159.89193459606,"logrmse"
2019-09-03,147,237.672217274158,1125,165.191440136266,"logrmse"
2019-09-03,188,237.632460108128,957,148.896648835643,"logrmse"
2019-09-03,311,237.513188610038,1915,281.335255630707,"logrmse"
2019-09-03,210,237.611126994648,535,66.3964513222835,"logrmse"
2019-09-03,68,237.748822545288,848,109.912036588299,"logrmse"
2019-09-03,91,237.726519744833,1311,152.319964785383,"logrmse"
2019-09-03,1348,236.507623215577,3696,470.453180620888,"logrmse"
2019-09-03,291,237.532582349565,3533,450.091815142218,"logrmse"
2019-09-03,90,237.727489431809,1499,197.519881379454,"logrmse"
2019-09-03,316,237.508340175157,1731,249.097147349474,"logrmse"
2019-09-03,238,237.583975759311,1102,162.616367344612,"logrmse"
2019-09-03,133,237.685792891826,749,114.689662692877,"logrmse"
2019-09-03,95,237.722640996927,1234,145.637073976585,"logrmse"
2019-09-03,149,237.670277900205,759,97.2007899609163,"logrmse"
2019-09-03,141,237.678035396016,2234,304.740534746995,"logrmse"
2019-09-03,151,237.668338526252,1408,189.108689420148,"logrmse"
2019-09-03,777,237.061314479065,3059,391.742047846482,"logrmse"
2019-09-03,751,237.08652634045,4924,539.471782853215,"logrmse"
2019-09-03,446,237.382280868233,5191,566.39749993033,"logrmse"
2019-09-03,152,237.667368839276,1311,176.958348091942,"logrmse"
2019-09-03,253,237.569430454666,1642,198.15706794462,"logrmse"
2019-09-03,290,237.533552036541,1596,210.928032642599,"logrmse"
2019-09-03,471,237.358038693824,1676,215.608054219648,"logrmse"
2019-09-03,207,237.614036055577,1541,234.391213356608,"logrmse"
2019-09-03,322,237.502522053299,3260,491.244897979982,"logrmse"
2019-09-03,480,237.349311511037,1874,243.919858547698,"logrmse"
2019-09-03,210,237.611126994648,885,130.752117959456,"logrmse"
2019-09-03,277,237.546157967234,3400,381.935421838354,"logrmse"
2019-09-03,358,237.467613322151,1591,180.392888379613,"logrmse"
2019-09-03,376,237.450158956576,2701,311.358093355487,"logrmse"
2019-09-03,425,237.402644294736,818,101.831086612583,"logrmse"
2019-09-03,118,237.700338196471,1843,204.773212806746,"logrmse"
2019-09-03,148,237.671247587181,2086,224.437836552152,"logrmse"
2019-09-03,360,237.465673948198,1960,228.976622298987,"logrmse"
2019-09-03,224,237.59755137698,1738,222.819394289448,"logrmse"
2019-09-03,413,237.414280538452,2904,298.261705450064,"logrmse"
2019-09-03,700,237.135980376243,2359,248.481833102749,"logrmse"
2019-09-03,817,237.022527000012,2444,263.505315493483,"logrmse"
2019-09-03,254,237.56846076769,2180,305.594967917392,"logrmse"
2019-09-03,669,237.16604067251,2454,259.492426481679,"logrmse"
2019-09-03,0,237.814761259679,2319,339.557912354842,"logrmse"
2019-09-03,385,237.441431773789,1386,199.491811084212,"logrmse"
2019-09-03,221,237.600460437909,1741,234.28810966746,"logrmse"
2019-09-03,283,237.540339845376,2520,315.984466400605,"logrmse"
2019-09-03,702,237.134041002291,2071,255.634362752716,"logrmse"
2019-09-03,212,237.609187620696,1572,199.10841492943,"logrmse"
2019-09-03,137,237.681914143921,1029,131.702464452201,"logrmse"
2019-09-03,215,237.606278559767,1824,227.250744309487,"logrmse"
2019-09-03,286,237.537430784447,1699,236.672818366095,"logrmse"
2019-09-03,219,237.602399811861,4020,482.529665514166,"logrmse"
2019-09-03,245,237.577187950477,3662,402.619400383416,"logrmse"
2019-09-03,496,237.333796519416,2850,393.750575581912,"logrmse"
2019-09-03,399,237.427856156121,2158,307.839391381479,"logrmse"
2019-09-03,329,237.495734244464,5894,734.361457697801,"logrmse"
2019-09-03,262,237.560703271879,2141,321.58321277386,"logrmse"
2019-09-03,166,237.653793221607,2345,268.603505234609,"logrmse"
2019-09-03,203,237.617914803483,1796,230.273664543771,"logrmse"
2019-09-03,256,237.566521393737,499,80.0705401227803,"logrmse"
2019-09-03,257,237.565551706761,798,104.999326330811,"logrmse"
2019-09-03,132,237.686762578803,1328,188.949932456614,"logrmse"
2019-09-03,487,237.342523702203,3964,511.052907169601,"logrmse"
2019-09-03,214,237.607248246743,2676,387.616418705586,"logrmse"
2019-09-03,671,237.164101298557,1619,202.303824727312,"logrmse"
2019-09-03,410,237.417189599381,6044,827.680559599095,"logrmse"
2019-09-03,186,237.634399482081,3028,429.71827101441,"logrmse"
2019-09-03,365,237.460825513316,1349,217.670585959815,"logrmse"
2019-09-03,259,237.563612332808,2905,422.407137244105,"logrmse"
2019-09-03,299,237.524824853754,2023,273.883926781521,"logrmse"
2019-09-03,85,237.732337866691,626,86.2016784778301,"logrmse"
2019-09-03,376,237.450158956576,3763,503.948603254455,"logrmse"
2019-09-03,673,237.162161924604,2343,288.424643442861,"logrmse"
2019-09-03,910,236.932346111213,4389,573.134319779918,"logrmse"
2019-09-03,439,237.389068677067,1987,310.577780418057,"logrmse"
2019-09-03,380,237.446280208671,2293,289.281665854059,"logrmse"
2019-09-03,882,236.95949734655,2428,336.661694599351,"logrmse"
2019-09-03,243,237.579127324429,2001,258.811281935674,"logrmse"
2019-09-03,454,237.374523372422,5072,628.306612318535,"logrmse"
2019-09-03,1049,236.797559621502,886,121.954454783606,"logrmse"
2019-09-03,155,237.664459778347,877,117.605133932165,"logrmse"
2019-09-03,594,237.238767195735,4717,562.807237250509,"logrmse"
2019-09-03,377,237.4491892696,2099,250.392452587993,"logrmse"
2019-09-03,154,237.665429465323,776,159.024274637625,"logrmse"
2019-09-03,27,237.788579711318,1468,241.61623269108,"logrmse"
2019-09-03,164,237.65573259556,1654,178.113513641507,"logrmse"
2019-09-03,180,237.640217603939,681,114.336398518585,"logrmse"
2019-09-03,122,237.696459448566,621,86.7646135900736,"logrmse"
2019-09-03,281,237.542279219328,735,98.2925586622617,"logrmse"
2019-09-03,104,237.71391381414,1015,124.534700681675,"logrmse"
2019-09-03,107,237.711004753211,738,100.391020949463,"logrmse"
2019-09-03,170,237.649914473702,3137,365.666991835918,"logrmse"
2019-09-03,237,237.584945446287,3903,444.309174849791,"logrmse"
2019-09-03,307,237.517067357944,2838,358.444701550946,"logrmse"
2019-09-03,516,237.314402779889,3171,389.180968121454,"logrmse"
2019-09-03,49,237.767246597839,798,107.29410643232,"logrmse"
2019-09-03,142,237.677065709039,923,118.900016154788,"logrmse"
2019-09-03,119,237.699368509495,1443,172.922337313605,"logrmse"
2019-09-03,383,237.443371147742,1599,183.654493030655,"logrmse"
2019-09-03,145,237.67415664811,748,92.9507273981994,"logrmse"
2019-09-03,63,237.75367098017,609,92.5225742320405,"logrmse"
2019-09-03,1114,236.73452996804,9849,1149.1693621802,"logrmse"
2019-09-03,358,237.467613322151,2781,330.864717662371,"logrmse"
2019-09-03,160,237.659611343465,755,101.916292633926,"logrmse"
2019-09-03,183,237.63730854301,1392,170.622123419393,"logrmse"
2019-09-03,228,237.593672629074,2301,252.835070550316,"logrmse"
2019-09-03,151,237.668338526252,1539,209.91381992766,"logrmse"
2019-09-03,159,237.660581030442,1570,182.622857600283,"logrmse"
2019-09-03,189,237.631490421152,1323,181.462746707402,"logrmse"
2019-09-03,196,237.624702612317,1749,205.387017517274,"logrmse"
2019-09-03,143,237.676096022063,2994,424.632971617038,"logrmse"
2019-09-03,400,237.426886469144,5625,662.21918914846,"logrmse"
2019-09-03,345,237.480219252843,2965,378.995695918499,"logrmse"
2019-09-03,1326,236.528956329056,2311,282.264505703516,"logrmse"
2019-09-03,47,237.769185971791,909,151.075473317434,"logrmse"
2019-09-03,705,237.131131941362,3671,422.25895792748,"logrmse"
2019-09-03,180,237.640217603939,735,90.7754895140825,"logrmse"
2019-09-03,149,237.670277900205,1382,174.257262309914,"logrmse"
2019-09-03,729,237.10785945393,1032,127.191528061115,"logrmse"
2019-09-03,113,237.705186631353,1957,215.832238882278,"logrmse"
2019-09-03,164,237.65573259556,1546,176.082504159597,"logrmse"
2019-09-03,158,237.661550717418,997,134.020357896746,"logrmse"
2019-09-03,86,237.731368179714,1258,163.988922821597,"logrmse"
2019-09-03,128,237.690641326708,467,78.9160028733718,"logrmse"
2019-09-03,234,237.587854507216,862,116.518123268595,"logrmse"
2019-09-03,355,237.47052238308,6584,780.250366019959,"logrmse"
2019-09-03,293,237.530642975612,3118,493.229772097536,"logrmse"
2019-09-03,333,237.491855496559,3461,443.65122378227,"logrmse"
2019-09-03,3275,234.639036412175,9068,1110.30100562952,"logrmse"
2019-09-03,1078,236.769438699188,5090,680.619600731998,"logrmse"
2019-09-03,332,237.492825183535,1182,159.066385250352,"logrmse"
2019-09-03,138,237.680944456945,566,106.960253772153,"logrmse"
2019-09-03,121,237.697429135542,784,120.400374986102,"logrmse"
2019-09-03,252,237.570400141642,2104,325.799949422595,"logrmse"
2019-09-03,150,237.669308213229,1341,197.477435476046,"logrmse"
2019-09-03,106,237.711974440187,941,154.801489251885,"logrmse"
2019-09-03,60,237.756580041099,2934,384.989627072304,"logrmse"
2019-09-03,226,237.595612003027,3548,439.449131678992,"logrmse"
2019-09-03,121,237.697429135542,837,120.652383608222,"logrmse"
2019-09-03,190,237.630520734175,646,119.591426925425,"logrmse"
2019-09-03,2134,235.745449252176,17523,1947.04759934911,"logrmse"
2019-09-03,370,237.455977078435,4760,664.674845683682,"logrmse"
2019-09-03,78,237.739125675525,1140,153.175346128092,"logrmse"
2019-09-03,555,237.276584987812,3799,427.06928345178,"logrmse"
2019-09-03,121,237.697429135542,1928,252.418679180325,"logrmse"
2019-09-03,576,237.256221561309,3213,366.844606512326,"logrmse"
2019-09-03,338,237.487007061677,3144,405.652348384341,"logrmse"
2019-09-03,136,237.682883830897,2240,296.763309438702,"logrmse"
2019-09-03,1048,236.798529308478,3249,367.275589174139,"logrmse"
2019-09-03,2092,235.786176105182,8763,1067.46074558261,"logrmse"
2019-09-03,1625,236.239019923132,8445,964.710120721909,"logrmse"
2019-09-03,486,237.343493389179,121,31.7038616308145,"logrmse"
2019-09-03,62,237.754640667146,909,143.878903308332,"logrmse"
2019-09-03,110,237.708095692282,481,92.5650812333942,"logrmse"
2019-09-03,98,237.719731935998,961,120.619717356493,"logrmse"
2019-09-03,113,237.705186631353,798,119.761442965958,"logrmse"
2019-09-03,1203,236.648227827146,6573,749.340395223606,"logrmse"
2019-09-03,411,237.416219912405,3931,481.720036586056,"logrmse"
2019-09-03,152,237.667368839276,3236,424.044147833526,"logrmse"
2019-09-03,178,237.642156977891,761,118.179390512517,"logrmse"
2019-09-03,256,237.566521393737,951,144.546086932887,"logrmse"
2019-09-03,128,237.690641326708,1994,267.923087865169,"logrmse"
2019-09-03,338,237.487007061677,3439,438.443360396244,"logrmse"
2019-09-03,232,237.589793881169,3784,469.718487827618,"logrmse"
2019-09-03,831,237.008951382343,6723,800.011816654568,"logrmse"
2019-09-03,134,237.68482320485,1552,224.930885715589,"logrmse"
2019-09-03,463,237.365796189635,6403,871.98128142062,"logrmse"
2019-09-03,175,237.64506603882,2500,312.659425674182,"logrmse"
2019-09-03,119,237.699368509495,1276,175.206255682922,"logrmse"
2019-09-03,175,237.64506603882,1630,274.996484881325,"logrmse"
2019-09-03,158,237.661550717418,2462,365.438915332867,"logrmse"
2019-09-03,321,237.503491740275,1813,217.465015800267,"logrmse"
2019-09-03,178,237.642156977891,2034,235.051365860082,"logrmse"
2019-09-03,310,237.514158297015,5494,672.878720856801,"logrmse"
2019-09-03,181,237.639247916962,500,70.1715895574654,"logrmse"
2019-09-03,262,237.560703271879,1421,185.458302473439,"logrmse"
2019-09-03,95,237.722640996927,1317,166.375024494187,"logrmse"
2019-09-03,112,237.706156318329,1452,173.037928745505,"logrmse"
2019-09-03,362,237.463734574245,2109,251.903080489227,"logrmse"
2019-09-03,84,237.733307553667,1013,142.481152704614,"logrmse"
2019-09-03,210,237.611126994648,1349,173.101529510275,"logrmse"
2019-09-03,134,237.68482320485,1296,157.640475841938,"logrmse"
2019-09-03,1582,236.280716463114,7814,974.928752441614,"logrmse"
2019-09-03,678,237.157313489723,1859,259.907517902206,"logrmse"
2019-09-03,419,237.408462416594,4149,539.070579210661,"logrmse"
2019-09-03,451,237.377432433351,2841,342.71542126788,"logrmse"
2019-09-03,215,237.606278559767,3589,486.648441300617,"logrmse"
2019-09-03,77,237.740095362501,862,126.622428976674,"logrmse"
2019-09-03,354,237.471492070056,3054,331.637987106045,"logrmse"
2019-09-03,208,237.613066368601,1657,249.804498449847,"logrmse"
2019-09-03,552,237.279494048741,1539,206.145141217975,"logrmse"
2019-09-03,150,237.669308213229,2552,301.94234838574,"logrmse"
2019-09-03,216,237.60530887279,3268,414.131787151206,"logrmse"
2019-09-03,200,237.620823864412,1794,262.796637262414,"logrmse"
2019-09-03,76,237.741065049478,1086,128.522624520873,"logrmse"
2019-09-03,785,237.053556983255,3979,523.422376977357,"logrmse"
2019-09-03,573,237.259130622238,2020,258.187986275721,"logrmse"
2019-09-03,526,237.304705910126,2131,275.187953584781,"logrmse"
2019-09-03,168,237.651853847655,430,76.9008526315729,"logrmse"
2019-09-03,173,237.647005412773,2259,268.396643833186,"logrmse"
2019-09-03,175,237.64506603882,1407,180.610685576127,"logrmse"
2019-09-03,168,237.651853847655,618,86.8711329179665,"logrmse"
2019-09-03,154,237.665429465323,1018,133.003651424633,"logrmse"
2019-09-03,207,237.614036055577,1625,206.464809001731,"logrmse"
2019-09-03,173,237.647005412773,1128,156.247942539316,"logrmse"
2019-09-03,131,237.687732265779,1565,198.647337768597,"logrmse"
2019-09-03,188,237.632460108128,1016,144.303566634948,"logrmse"
2019-09-03,109,237.709065379258,1926,240.880506940279,"logrmse"
2019-09-03,282,237.541309532352,940,122.428848259253,"logrmse"
2019-09-03,264,237.558763897926,4586,583.014010709546,"logrmse"
2019-09-03,168,237.651853847655,1185,158.106552916866,"logrmse"
2019-09-03,248,237.574278889548,2429,283.024713191503,"logrmse"
2019-09-03,349,237.476340504938,2098,272.052570733151,"logrmse"
2019-09-03,217,237.604339185814,2343,303.308535947656,"logrmse"
2019-09-03,175,237.64506603882,893,101.279985629098,"logrmse"
2019-09-03,472,237.357069006848,4165,501.589648585337,"logrmse"
2019-09-03,400,237.426886469144,1182,139.338629721714,"logrmse"
2019-09-03,514,237.316342153842,2040,307.178751876355,"logrmse"
2019-09-03,629,237.204828151563,3936,539.047368354166,"logrmse"
2019-09-03,467,237.36191744173,2239,371.099411608334,"logrmse"
2019-09-03,197,237.623732925341,1222,226.234003599474,"logrmse"
2019-09-03,1840,236.030537223219,3857,476.073884993859,"logrmse"
2019-09-03,61,237.755610354123,3157,380.020190577791,"logrmse"
2019-09-03,131,237.687732265779,1238,156.789560152556,"logrmse"
2019-09-03,349,237.476340504938,1236,152.130434326849,"logrmse"
2019-09-03,23,237.792458459223,642,110.871684631963,"logrmse"
2019-09-03,671,237.164101298557,1696,249.765628354657,"logrmse"
2019-09-03,275,237.548097341187,2914,388.44451271787,"logrmse"
2019-09-03,467,237.36191744173,2604,317.076514913127,"logrmse"
2019-09-03,193,237.627611673246,1932,260.497285775184,"logrmse"
2019-09-03,238,237.583975759311,1590,253.526233946706,"logrmse"
2019-09-03,300,237.523855166778,2033,255.699655381349,"logrmse"
2019-09-03,575,237.257191248285,4553,505.010854242697,"logrmse"
2019-09-03,401,237.425916782168,2091,249.78267912774,"logrmse"
2019-09-03,706,237.130162254385,5960,664.387558845124,"logrmse"
2019-09-03,416,237.411371477523,2805,309.537391763817,"logrmse"
2019-09-03,965,236.879013327514,2385,285.852667135753,"logrmse"
2019-09-03,102,237.715853188093,831,108.40761431537,"logrmse"
2019-09-03,256,237.566521393737,1723,336.272588108871,"logrmse"
2019-09-03,237,237.584945446287,1526,200.686383124416,"logrmse"
2019-09-03,108,237.710035066235,1621,176.549199856058,"logrmse"
2019-09-03,54,237.762398162957,239,51.7738770562853,"logrmse"
2019-09-03,819,237.020587626059,2912,418.139083020579,"logrmse"
2019-09-03,379,237.447249895647,3562,401.466548478402,"logrmse"
2019-09-03,386,237.440462086813,1878,215.293765291178,"logrmse"
2019-09-03,507,237.323129962676,1378,164.149828545837,"logrmse"
2019-09-03,181,237.639247916962,2703,307.429094487741,"logrmse"
2019-09-03,185,237.635369169057,1924,220.721997923835,"logrmse"
2019-09-03,323,237.501552366322,1082,210.186184176109,"logrmse"
2019-09-03,327,237.497673618417,2064,270.966734011204,"logrmse"
2019-09-03,318,237.506400801204,2062,246.088472565805,"logrmse"
2019-09-03,190,237.630520734175,4099,559.411702187296,"logrmse"
2019-09-03,2889,235.013335585042,5279,593.390622963684,"logrmse"
2019-09-03,1522,236.338897681694,8885,1016.05000352144,"logrmse"
2019-09-03,384,237.442401460766,7879,935.833040882826,"logrmse"
2019-09-03,1425,236.432957318399,17423,1949.4641640998,"logrmse"
2019-09-03,113,237.705186631353,1467,215.781238292228,"logrmse"
2019-09-03,458,237.370644624517,1438,208.688516126155,"logrmse"
2019-09-03,2118,235.760964243797,8179,992.572610653748,"logrmse"
2019-09-03,67,237.749792232265,1702,233.207552767224,"logrmse"
2019-09-03,652,237.182525351107,2756,467.254582268143,"logrmse"
2019-09-03,283,237.540339845376,3829,459.524919239217,"logrmse"
2019-09-03,165,237.654762908584,2308,270.586974646264,"logrmse"
2019-09-03,313,237.511249236086,1424,173.758140899092,"logrmse"
2019-09-03,211,237.610157307672,2844,310.255072355473,"logrmse"
2019-09-03,0,237.814761259679,7452,1056.51556864205,"logrmse"
2019-09-03,1169,236.681197184341,4481,656.161319393129,"logrmse"
2019-09-03,45,237.771125345744,1187,188.792965482928,"logrmse"
2019-09-03,444,237.384220242186,7180,780.413213086721,"logrmse"
2019-09-03,3744,234.184253220273,7158,797.486521826542,"logrmse"
2019-09-03,275,237.548097341187,1651,223.931036785177,"logrmse"
2019-09-03,290,237.533552036541,1947,263.913110913079,"logrmse"
2019-09-03,434,237.393917111949,3429,432.934967680133,"logrmse"
2019-09-03,1819,236.050900649722,7119,804.298940669064,"logrmse"
2019-09-03,1247,236.605561600187,9598,1045.03666723631,"logrmse"
2019-09-03,143,237.676096022063,5703,719.23691788322,"logrmse"
2019-09-03,2864,235.03757775945,3250,409.773050232851,"logrmse"
2019-09-03,974,236.870286144727,6000,668.627807333979,"logrmse"
2019-09-03,678,237.157313489723,4737,596.486058061081,"logrmse"
2019-09-03,248,237.574278889548,2916,374.897458254313,"logrmse"
2019-09-03,320,237.504461427251,1443,192.619016330461,"logrmse"
2019-09-03,84,237.733307553667,2146,334.786644067035,"logrmse"
2019-09-03,216,237.60530887279,8457,992.097600130266,"logrmse"
2019-09-03,428,237.399735233807,5614,660.573661025632,"logrmse"
2019-09-03,168,237.651853847655,1224,149.445545335443,"logrmse"
2019-09-03,394,237.432704591002,904,130.973264544491,"logrmse"
2019-09-03,254,237.56846076769,2742,340.179362769267,"logrmse"
2019-09-03,1123,236.725802785253,5214,601.698735771963,"logrmse"
2019-09-03,866,236.975012338171,4778,556.714536521484,"logrmse"
2019-09-03,433,237.394886798925,1546,229.504227666338,"logrmse"
2019-09-03,573,237.259130622238,4991,697.685281822586,"logrmse"
2019-09-03,166,237.653793221607,678,97.3233486406507,"logrmse"
2019-09-03,82,237.73524692762,2993,349.977277848035,"logrmse"
2019-09-03,176,237.644096351844,764,86.4192896244627,"logrmse"
2019-09-03,182,237.638278229986,5247,632.305665769632,"logrmse"
2019-09-03,412,237.415250225428,2301,283.955770032358,"logrmse"
2019-09-03,991,236.853801466129,5771,646.36751089865,"logrmse"
2019-09-03,555,237.276584987812,2031,267.244819467761,"logrmse"
2019-09-03,321,237.503491740275,6306,740.30446898206,"logrmse"
2019-09-03,929,236.913922058662,6451,771.099158524172,"logrmse"
2019-09-03,1922,235.951022891159,6664,756.599839460272,"logrmse"
2019-09-03,164,237.65573259556,2700,402.655878726948,"logrmse"
2019-09-03,255,237.567491080713,2278,270.774379800049,"logrmse"
2019-09-03,869,236.972103277242,1732,230.137686221675,"logrmse"
2019-09-03,312,237.512218923062,5244,548.503561896752,"logrmse"
2019-09-03,502,237.327978397558,4224,460.218199101765,"logrmse"
2019-09-03,475,237.354159945919,2047,265.921932156973,"logrmse"
2019-09-03,360,237.465673948198,4490,532.658598944898,"logrmse"
2019-09-03,174,237.646035725797,1922,290.405962190831,"logrmse"
2019-09-03,228,237.593672629074,5272,596.679435828631,"logrmse"
2019-09-03,326,237.498643305393,428,102.726483495089,"logrmse"
2019-09-03,196,237.624702612317,742,80.580994437373,"logrmse"
2019-09-03,243,237.579127324429,2733,382.027237623509,"logrmse"
2019-09-03,596,237.236827821782,1843,253.24241104725,"logrmse"
2019-09-03,197,237.623732925341,1786,304.655144925615,"logrmse"
2019-09-03,260,237.562642645832,1888,274.079628583664,"logrmse"
2019-09-03,98,237.719731935998,854,136.625866224613,"logrmse"
2019-09-03,236,237.585915133264,1519,216.753088657257,"logrmse"
2019-09-03,322,237.502522053299,2635,318.946024344442,"logrmse"
2019-09-03,1316,236.53865319882,1543,201.600527154418,"logrmse"
2019-09-03,372,237.454037704482,2137,310.118112547086,"logrmse"
2019-09-03,110,237.708095692282,967,139.777710628536,"logrmse"
2019-09-03,325,237.49961299237,2104,236.307689552864,"logrmse"
2019-09-03,364,237.461795200293,2307,307.448745799583,"logrmse"
2019-09-03,231,237.590763568145,3042,358.329925535285,"logrmse"
2019-09-03,91,237.726519744833,653,168.877498879621,"logrmse"
2019-09-03,240,237.582036385358,4309,532.3160094966,"logrmse"
2019-09-03,91,237.726519744833,4077,515.417684578825,"logrmse"
2019-09-03,133,237.685792891826,2683,297.633822551084,"logrmse"
2019-09-03,188,237.632460108128,787,102.650963092945,"logrmse"
2019-09-03,72,237.744943797383,2271,280.632633846201,"logrmse"
2019-09-03,55,237.761428475981,798,92.748351538421,"logrmse"
2019-09-03,205,237.61597542953,792,105.471798107138,"logrmse"
2019-09-03,304,237.519976418873,1655,223.75145733555,"logrmse"
2019-09-03,1140,236.709318106655,2338,345.441955224132,"logrmse"
2019-09-03,305,237.519006731896,1350,192.099607862331,"logrmse"
2019-09-03,209,237.612096681625,2160,287.879223772437,"logrmse"
2019-09-03,213,237.608217933719,1956,262.447869059816,"logrmse"
2019-09-03,531,237.299857475244,1917,262.563794461299,"logrmse"
2019-09-03,1167,236.683136558294,4942,549.332845397613,"logrmse"
2019-09-03,320,237.504461427251,2795,392.896995481955,"logrmse"
2019-09-03,567,237.264948744096,3703,453.029580456207,"logrmse"
2019-09-03,104,237.71391381414,896,117.364147512983,"logrmse"
2019-09-03,118,237.700338196471,903,116.492293903021,"logrmse"
2019-09-03,140,237.679005082992,948,119.50475820292,"logrmse"
2019-09-03,157,237.662520404394,495,68.0172312948136,"logrmse"
2019-09-03,237,237.584945446287,1609,225.298152087513,"logrmse"
2019-09-03,120,237.698398822519,1359,197.519949016089,"logrmse"
2019-09-03,223,237.598521063956,1573,186.864186031014,"logrmse"
2019-09-03,312,237.512218923062,2080,270.821650734637,"logrmse"
2019-09-03,970,236.874164892632,3861,493.299003393771,"logrmse"
2019-09-03,316,237.508340175157,1784,230.26331145684,"logrmse"
2019-09-03,272,237.551006402116,2090,333.556968863979,"logrmse"
2019-09-03,102,237.715853188093,831,103.68667282465,"logrmse"
2019-09-03,219,237.602399811861,1127,221.557886232514,"logrmse"
2019-09-03,519,237.31149371896,5957,814.068413471237,"logrmse"
2019-09-03,668,237.167010359486,3376,436.703448115815,"logrmse"
2019-09-03,583,237.249433752475,5738,776.573986330414,"logrmse"
2019-09-03,344,237.481188939819,2508,321.291386136735,"logrmse"
2019-09-03,199,237.621793551388,3418,408.73448643299,"logrmse"
2019-09-03,403,237.423977408215,1396,176.586051621047,"logrmse"
2019-09-03,250,237.572339515595,1987,252.18076419867,"logrmse"
2019-09-03,573,237.259130622238,1915,236.042892465086,"logrmse"
2019-09-03,198,237.622763238364,1526,186.181210406077,"logrmse"
2019-09-03,80,237.737186301572,702,109.493250969274,"logrmse"
2019-09-03,123,237.69548976159,817,124.395785993649,"logrmse"
2019-09-03,200,237.620823864412,2077,241.253564903239,"logrmse"
2019-09-03,141,237.678035396016,685,106.050319836488,"logrmse"
2019-09-03,60,237.756580041099,809,121.947835800166,"logrmse"
2019-09-03,309,237.515127983991,2692,394.703218245338,"logrmse"
2019-09-03,513,237.317311840818,1614,211.066486883956,"logrmse"
2019-09-03,93,237.72458037088,1778,228.466452414195,"logrmse"
2019-09-03,115,237.7032472574,586,73.5974840971023,"logrmse"
2019-09-03,210,237.611126994648,1529,205.504627511821,"logrmse"
2019-09-03,159,237.660581030442,1994,225.45017934661,"logrmse"
2019-09-03,125,237.693550387637,642,89.6413130164312,"logrmse"
2019-09-03,121,237.697429135542,916,109.596071430777,"logrmse"
2019-09-03,65,237.751731606217,466,65.7130054029323,"logrmse"
2019-09-03,93,237.72458037088,598,80.2157752157427,"logrmse"
2019-09-03,101,237.716822875069,741,94.1851869341427,"logrmse"
2019-09-03,449,237.379371807304,1594,213.960576531217,"logrmse"
2019-09-03,482,237.347372137085,2788,346.266240074938,"logrmse"
2019-09-03,203,237.617914803483,981,129.089210829093,"logrmse"
2019-09-03,751,237.08652634045,2285,293.970898773086,"logrmse"
2019-09-03,316,237.508340175157,1431,173.348473036849,"logrmse"
2019-09-03,554,237.277554674788,1776,222.842641675648,"logrmse"
2019-09-03,425,237.402644294736,1655,194.90968427561,"logrmse"
2019-09-03,206,237.615005742554,1048,138.383187825501,"logrmse"
2019-09-03,208,237.613066368601,1131,146.415890530368,"logrmse"
2019-09-03,165,237.654762908584,1079,124.604247292848,"logrmse"
2019-09-03,208,237.613066368601,1062,128.856687516084,"logrmse"
2019-09-03,277,237.546157967234,1129,140.909834567334,"logrmse"
2019-09-03,96,237.721671309951,1415,183.082206342729,"logrmse"
2019-09-03,105,237.712944127164,711,90.2211548588874,"logrmse"
2019-09-03,179,237.641187290915,995,126.932207209212,"logrmse"
2019-09-03,68,237.748822545288,764,103.020222419806,"logrmse"
2019-09-03,141,237.678035396016,1086,126.680756162718,"logrmse"
2019-09-03,94,237.723610683904,755,93.8011926316788,"logrmse"
2019-09-03,63,237.75367098017,806,99.2089817144093,"logrmse"
2019-09-03,75,237.742034736454,497,62.1027475034224,"logrmse"
2019-09-03,177,237.643126664868,1180,138.986403603039,"logrmse"
2019-09-03,167,237.652823534631,1093,131.303477454646,"logrmse"
2019-09-03,193,237.627611673246,1047,143.054131702649,"logrmse"
2019-09-03,191,237.629551047199,1641,215.152968694921,"logrmse"
2019-09-03,436,237.391977737996,2131,317.36535801704,"logrmse"
2019-09-03,219,237.602399811861,3812,446.320647030166,"logrmse"
2019-09-03,213,237.608217933719,2002,240.950102991487,"logrmse"
2019-09-03,299,237.524824853754,3147,388.516735540677,"logrmse"
2019-09-03,315,237.509309862133,1798,270.108148142908,"logrmse"
2019-09-03,201,237.619854177435,3074,354.146721308261,"logrmse"
2019-09-03,167,237.652823534631,934,103.659857750016,"logrmse"
2019-09-03,741,237.096223210213,5326,595.601283388243,"logrmse"
2019-09-03,230,237.591733255122,1295,160.614741574978,"logrmse"
2019-09-03,154,237.665429465323,443,96.8745726931574,"logrmse"
2019-09-03,227,237.594642316051,1644,198.962830388172,"logrmse"
2019-09-03,439,237.389068677067,3400,458.037317889097,"logrmse"
2019-09-03,131,237.687732265779,639,80.7724574393265,"logrmse"
2019-09-03,205,237.61597542953,3359,371.956298166262,"logrmse"
2019-09-03,516,237.314402779889,3420,416.543863428672,"logrmse"
2019-09-03,678,237.157313489723,3571,453.625398226656,"logrmse"
2019-09-03,291,237.532582349565,1147,147.638767040906,"logrmse"
2019-09-03,244,237.578157637453,1906,243.08064760501,"logrmse"
2019-09-03,1047,236.799498995454,5281,618.249386410262,"logrmse"
2019-09-03,210,237.611126994648,3191,380.459961706545,"logrmse"
2019-09-03,291,237.532582349565,2010,241.282037713787,"logrmse"
2019-09-03,280,237.543248906305,835,105.150462336528,"logrmse"
2019-09-03,186,237.634399482081,1886,208.545471239142,"logrmse"
2019-09-03,209,237.612096681625,1128,139.687199786679,"logrmse"
2019-09-03,177,237.643126664868,2463,301.216742446656,"logrmse"
2019-09-03,211,237.610157307672,1295,167.26147062062,"logrmse"
2019-09-03,310,237.514158297015,1148,147.364694201584,"logrmse"
2019-09-03,494,237.335735893369,1347,176.167033661173,"logrmse"
2019-09-03,347,237.47827987889,1710,235.887320863059,"logrmse"
2019-09-03,470,237.359008380801,812,123.121617006636,"logrmse"
2019-09-03,108,237.710035066235,2239,269.641927945586,"logrmse"
2019-09-03,1307,236.547380381607,2764,376.963690726579,"logrmse"
2019-09-03,198,237.622763238364,4325,490.983175405211,"logrmse"
2019-09-03,306,237.51803704492,2389,355.218424076625,"logrmse"
2019-09-03,182,237.638278229986,2506,310.931529618255,"logrmse"
2019-09-03,238,237.583975759311,1954,239.292170778664,"logrmse"
2019-09-03,208,237.613066368601,1758,239.705766890563,"logrmse"
2019-09-03,143,237.676096022063,1146,143.24861292941,"logrmse"
2019-09-03,1131,236.718045289442,3182,387.858795210632,"logrmse"
2019-09-03,971,236.873195205656,3182,432.277477733498,"logrmse"
2019-09-03,111,237.707126005306,745,90.5090772525739,"logrmse"
2019-09-03,41,237.775004093649,519,69.1343677803444,"logrmse"
2019-09-03,149,237.670277900205,2541,315.314036610687,"logrmse"
2019-09-03,865,236.975982025148,1613,256.054327150806,"logrmse"
2019-09-03,936,236.907134249828,8786,957.097784489432,"logrmse"
2019-09-03,66,237.750761919241,346,52.1015060691485,"logrmse"
2019-09-03,230,237.591733255122,3116,370.167389241938,"logrmse"
2019-09-03,143,237.676096022063,877,115.964958848991,"logrmse"
2019-09-03,77,237.740095362501,1740,204.922768372033,"logrmse"
2019-09-03,193,237.627611673246,1436,247.958128013541,"logrmse"
2019-09-03,148,237.671247587181,765,103.543624684423,"logrmse"
2019-09-03,136,237.682883830897,1710,201.06712809994,"logrmse"
2019-09-03,289,237.534521723518,2954,360.539303643762,"logrmse"
2019-09-03,77,237.740095362501,1637,199.29891569156,"logrmse"
2019-09-03,143,237.676096022063,1507,188.293931461686,"logrmse"
2019-09-03,160,237.659611343465,809,111.6152276689,"logrmse"
2019-09-03,717,237.119495697646,1274,157.943699627224,"logrmse"
2019-09-03,308,237.516097670967,2854,358.616550755372,"logrmse"
2019-09-03,412,237.415250225428,3734,434.433647959117,"logrmse"
2019-09-03,330,237.494764557488,2432,302.291747803441,"logrmse"
2019-09-03,102,237.715853188093,583,93.5924978141405,"logrmse"
2019-09-03,657,237.177676916226,2168,280.70192392423,"logrmse"
2019-09-03,568,237.26397905712,2257,293.903104429269,"logrmse"
2019-09-03,114,237.704216944377,1389,194.93511271742,"logrmse"
2019-09-04,109,189.050615695962,1104,151.080803350446,"logrmse"
2019-09-04,0,189.155813247119,2546,372.441240371272,"logrmse"
2019-09-04,246,188.918394920654,1134,150.536185824283,"logrmse"
2019-09-04,216,188.947348375101,1420,190.594265747775,"logrmse"
2019-09-04,167,188.994639017364,1425,164.860432863902,"logrmse"
2019-09-04,114,189.04579012022,1028,118.408345305397,"logrmse"
2019-09-04,86,189.072813344371,655,88.6247636421178,"logrmse"
2019-09-04,169,188.992708787068,1664,212.080397928423,"logrmse"
2019-09-04,91,189.06798776863,643,84.7005766012469,"logrmse"
2019-09-04,136,189.024557586959,551,75.8888890829891,"logrmse"
2019-09-04,118,189.041929659627,665,89.0469707856295,"logrmse"
2019-09-04,83,189.075708689816,1058,134.50175008756,"logrmse"
2019-09-04,87,189.071848229223,534,69.2274748501078,"logrmse"
2019-09-04,49,189.108522604855,693,97.1807515673748,"logrmse"
2019-09-04,137,189.023592471811,911,130.40402294472,"logrmse"
2019-09-04,115,189.044825005072,878,125.314342373874,"logrmse"
2019-09-04,280,188.885581005614,3875,466.260420144526,"logrmse"
2019-09-04,61,189.096941223077,2312,335.232375348463,"logrmse"
2019-09-04,593,188.583499964218,5694,706.758093233996,"logrmse"
2019-09-04,197,188.965685562917,2700,354.197546524187,"logrmse"
2019-09-04,814,188.370209516459,1977,285.195291347111,"logrmse"
2019-09-04,145,189.015871550625,956,124.857819197263,"logrmse"
2019-09-04,272,188.8933019268,2992,383.533887386074,"logrmse"
2019-09-04,147,189.013941320329,1056,154.971861982181,"logrmse"
2019-09-04,467,188.705104472895,3907,478.607100724598,"logrmse"
2019-09-04,119,189.040964544479,2333,299.542788058002,"logrmse"
2019-09-04,66,189.092115647336,1745,225.727535312689,"logrmse"
2019-09-04,76,189.082464495853,1007,118.134442435233,"logrmse"
2019-09-04,127,189.033243623293,775,100.323497862769,"logrmse"
2019-09-04,113,189.046755235369,556,85.5342612005523,"logrmse"
2019-09-04,182,188.980162290141,981,133.405774005129,"logrmse"
2019-09-04,162,188.999464593105,984,121.244436999166,"logrmse"
2019-09-04,183,188.979197174993,1038,136.57917993708,"logrmse"
2019-09-04,162,188.999464593105,1514,183.474148791802,"logrmse"
2019-09-04,286,188.879790314725,1910,227.116320651075,"logrmse"
2019-09-04,98,189.061231962592,793,101.450880892682,"logrmse"
2019-09-04,122,189.038069199035,317,72.0205493652069,"logrmse"
2019-09-04,764,188.418465273871,2768,361.780775844965,"logrmse"
2019-09-04,93,189.066057538333,1594,232.313291581617,"logrmse"
2019-09-04,644,188.534279091658,2981,388.183805332381,"logrmse"
2019-09-04,148,189.012976205181,467,58.2317694473983,"logrmse"
2019-09-04,1187,188.010221566169,8233,1023.48630665845,"logrmse"
2019-09-04,146,189.014906435477,913,126.635624435375,"logrmse"
2019-09-04,155,189.006220399143,1186,160.079380432449,"logrmse"
2019-09-04,130,189.030348277849,436,59.7310285395518,"logrmse"
2019-09-04,71,189.087290071594,636,81.5928241173508,"logrmse"
2019-09-04,64,189.094045877632,754,92.2533603725472,"logrmse"
2019-09-04,88,189.070883114074,740,116.37529837165,"logrmse"
2019-09-04,203,188.959894872028,1812,229.203893188008,"logrmse"
2019-09-04,168,188.993673902216,2804,317.457150896265,"logrmse"
2019-09-04,1015,188.176221371665,2218,250.842709750366,"logrmse"
2019-09-04,280,188.885581005614,2807,319.159977395668,"logrmse"
2019-09-04,339,188.828639211869,2664,351.301268313823,"logrmse"
2019-09-04,48,189.109487720004,952,127.190203493618,"logrmse"
2019-09-04,84,189.074743574667,246,44.025065125606,"logrmse"
2019-09-04,77,189.081499380705,410,64.602499905837,"logrmse"
2019-09-04,78,189.080534265557,318,57.217607285426,"logrmse"
2019-09-04,221,188.94252279936,1290,167.977589911786,"logrmse"
2019-09-04,314,188.852767090574,1183,158.404107575421,"logrmse"
2019-09-04,156,189.005255283995,1968,234.005168815396,"logrmse"
2019-09-04,73,189.085359841298,1630,189.059753190518,"logrmse"
2019-09-04,103,189.056406386851,896,111.450120798654,"logrmse"
2019-09-04,209,188.954104181139,796,92.9922080220818,"logrmse"
2019-09-04,170,188.99174367192,934,109.801048726446,"logrmse"
2019-09-04,279,188.886546120762,2266,319.544308071498,"logrmse"
2019-09-04,206,188.956999526583,966,147.909933378069,"logrmse"
2019-09-04,383,188.786174145346,2530,293.641462285025,"logrmse"
2019-09-04,12,189.14423186534,800,106.092375645293,"logrmse"
2019-09-04,238,188.92611584184,1525,213.930746211478,"logrmse"
2019-09-04,165,188.996569247661,2017,277.662125360165,"logrmse"
2019-09-04,77,189.081499380705,2546,346.798423213388,"logrmse"
2019-09-04,378,188.790999721088,2793,327.131763005182,"logrmse"
2019-09-04,862,188.323883989344,972,148.20115129972,"logrmse"
2019-09-04,225,188.938662338767,1024,164.562633361592,"logrmse"
2019-09-04,265,188.900057732838,1921,254.4025037582,"logrmse"
2019-09-04,104,189.055441271703,2143,262.494138240983,"logrmse"
2019-09-04,247,188.917429805506,2151,276.156490083913,"logrmse"
2019-09-04,114,189.04579012022,1256,182.883714754753,"logrmse"
2019-09-04,104,189.055441271703,1054,132.494976471302,"logrmse"
2019-09-04,98,189.061231962592,1284,153.727539367807,"logrmse"
2019-09-04,429,188.741778848528,961,125.821413203126,"logrmse"
2019-09-04,119,189.040964544479,980,111.858970955202,"logrmse"
2019-09-04,58,189.099836568521,740,88.533102709111,"logrmse"
2019-09-04,94,189.065092423185,608,78.5339088083355,"logrmse"
2019-09-04,373,188.795825296829,1483,178.878391595513,"logrmse"
2019-09-04,150,189.011045974884,823,97.6717869402191,"logrmse"
2019-09-04,75,189.083429611001,1217,158.425878990969,"logrmse"
2019-09-04,155,189.006220399143,1236,152.982411318591,"logrmse"
2019-09-04,67,189.091150532187,230,43.5729740338139,"logrmse"
2019-09-04,106,189.053511041406,656,92.8706190396906,"logrmse"
2019-09-04,172,188.989813441623,675,98.6151264718498,"logrmse"
2019-09-04,107,189.052545926258,828,100.144995842266,"logrmse"
2019-09-04,70,189.088255186743,631,86.1790135337927,"logrmse"
2019-09-04,73,189.085359841298,643,74.3986967262762,"logrmse"
2019-09-04,179,188.983057635585,1031,131.142011367441,"logrmse"
2019-09-04,51,189.106592374559,1345,165.619423557031,"logrmse"
2019-09-04,124,189.036138968738,812,101.607364497574,"logrmse"
2019-09-04,161,189.000429708254,719,97.9238776392231,"logrmse"
2019-09-04,149,189.012011090032,2282,254.313302820643,"logrmse"
2019-09-04,102,189.057371501999,496,68.4693972685335,"logrmse"
2019-09-04,116,189.043859889924,886,105.409541604431,"logrmse"
2019-09-04,145,189.015871550625,1000,123.556481335048,"logrmse"
2019-09-04,68,189.090185417039,616,71.3723887731094,"logrmse"
2019-09-04,161,189.000429708254,430,56.6655552136036,"logrmse"
2019-09-04,87,189.071848229223,474,60.4928641161374,"logrmse"
2019-09-04,55,189.102731913966,439,55.1680098637808,"logrmse"
2019-09-04,136,189.024557586959,287,42.5992893684855,"logrmse"
2019-09-04,76,189.082464495853,659,84.6869441635202,"logrmse"
2019-09-04,91,189.06798776863,1199,135.639805183719,"logrmse"
2019-09-04,686,188.493744255433,460,70.6842647897459,"logrmse"
2019-09-04,64,189.094045877632,1224,136.697587173755,"logrmse"
2019-09-04,320,188.846976399685,1696,205.55758428692,"logrmse"
2019-09-04,193,188.96954602351,2532,295.899218564873,"logrmse"
2019-09-04,549,188.62596503074,2246,256.425983050453,"logrmse"
2019-09-04,352,188.816092714942,1699,202.30261019554,"logrmse"
2019-09-04,234,188.929976302433,3015,332.859006906388,"logrmse"
2019-09-04,513,188.660709176076,2158,242.308827540187,"logrmse"
2019-09-04,58,189.099836568521,664,94.0404636281708,"logrmse"
2019-09-04,62,189.095976107928,767,90.4733918126332,"logrmse"
2019-09-04,82,189.076673804964,720,95.6283202456518,"logrmse"
2019-09-04,106,189.053511041406,578,75.8812950735697,"logrmse"
2019-09-04,64,189.094045877632,552,69.338376848851,"logrmse"
2019-09-04,93,189.066057538333,828,97.5980025694166,"logrmse"
2019-09-04,159,189.00235993855,724,92.5690319408659,"logrmse"
2019-09-04,146,189.014906435477,502,61.5040620647874,"logrmse"
2019-09-04,50,189.107557489707,509,63.6696311093721,"logrmse"
2019-09-04,516,188.657813830632,1228,155.114426256417,"logrmse"
2019-09-04,272,188.8933019268,1283,163.900029610877,"logrmse"
2019-09-04,61,189.096941223077,1698,214.83028926323,"logrmse"
2019-09-04,28,189.128790022968,434,69.9114064978674,"logrmse"
2019-09-04,216,188.947348375101,2515,316.023814794993,"logrmse"
2019-09-04,196,188.966650678066,1210,162.907556772042,"logrmse"
2019-09-04,214,188.949278605397,2082,243.165396153636,"logrmse"
2019-09-04,217,188.946383259953,802,112.921659983424,"logrmse"
2019-09-04,144,189.016836665774,727,100.995429104938,"logrmse"
2019-09-04,90,189.068952883778,829,112.259765093778,"logrmse"
2019-09-04,102,189.057371501999,4092,493.434359839004,"logrmse"
2019-09-04,203,188.959894872028,1035,147.681760153478,"logrmse"
2019-09-04,664,188.514976788694,3520,412.867306460123,"logrmse"
2019-09-04,131,189.029383162701,2694,340.889865516664,"logrmse"
2019-09-04,170,188.99174367192,1897,236.316194619747,"logrmse"
2019-09-04,197,188.965685562917,1414,198.6931576012,"logrmse"
2019-09-04,629,188.548755818882,5436,710.425931116035,"logrmse"
2019-09-04,295,188.871104278391,1335,195.225621418258,"logrmse"
2019-09-04,289,188.87689496928,5200,671.789328250941,"logrmse"
2019-09-04,108,189.05158081111,676,90.2913484745965,"logrmse"
2019-09-04,98,189.061231962592,659,83.6562587087808,"logrmse"
2019-09-04,148,189.012976205181,1330,178.059002030433,"logrmse"
2019-09-04,456,188.715720739526,3234,386.644615231244,"logrmse"
2019-09-04,271,188.894267041948,2960,327.264846889933,"logrmse"
2019-09-04,236,188.928046072136,1254,153.611065946866,"logrmse"
2019-09-04,124,189.036138968738,1197,161.64764661417,"logrmse"
2019-09-04,62,189.095976107928,781,94.5732739021915,"logrmse"
2019-09-04,80,189.07860403526,385,50.2888341772673,"logrmse"
2019-09-04,66,189.092115647336,1298,151.280979323024,"logrmse"
2019-09-04,110,189.049650580813,719,96.4784449077553,"logrmse"
2019-09-04,80,189.07860403526,594,97.5917260322529,"logrmse"
2019-09-04,90,189.068952883778,682,100.522549488742,"logrmse"
2019-09-04,113,189.046755235369,1141,146.988573258949,"logrmse"
2019-09-04,413,188.7572206909,4392,533.04417755487,"logrmse"
2019-09-04,66,189.092115647336,1490,241.060868234182,"logrmse"
2019-09-04,382,188.787139260495,3789,465.053833793308,"logrmse"
2019-09-04,182,188.980162290141,1892,219.297566919576,"logrmse"
2019-09-04,334,188.83346478761,2504,273.920271867864,"logrmse"
2019-09-04,132,189.028418047552,866,104.481802264046,"logrmse"
2019-09-04,192,188.970511138658,994,126.153108246735,"logrmse"
2019-09-04,219,188.944453029656,1648,203.390010391616,"logrmse"
2019-09-04,355,188.813197369497,6547,816.551537717381,"logrmse"
2019-09-04,538,188.636581297371,2963,402.660221372375,"logrmse"
2019-09-04,209,188.954104181139,3328,482.202216506835,"logrmse"
2019-09-04,480,188.692557975968,2628,342.065821730129,"logrmse"
2019-09-04,322,188.845046169389,1766,231.947188125784,"logrmse"
2019-09-04,244,188.92032515095,3859,537.781519795456,"logrmse"
2019-09-04,56,189.101766798818,1198,202.434465633556,"logrmse"
2019-09-04,127,189.033243623293,727,147.413380226968,"logrmse"
2019-09-04,0,189.155813247119,737,132.854378831104,"logrmse"
2019-09-04,386,188.783278799902,1034,140.106627165218,"logrmse"
2019-09-04,291,188.874964738984,541,106.877483560001,"logrmse"
2019-09-04,335,188.832499672462,4114,611.074527652575,"logrmse"
2019-09-04,294,188.872069393539,939,125.907680952072,"logrmse"
2019-09-04,108,189.05158081111,6904,811.137921276784,"logrmse"
2019-09-04,168,188.993673902216,560,69.7836024920626,"logrmse"
2019-09-04,117,189.042894774776,763,112.424753010186,"logrmse"
2019-09-04,2206,187.026769230122,12348,1481.38726667201,"logrmse"
2019-09-04,295,188.871104278391,1755,247.799933004281,"logrmse"
2019-09-04,93,189.066057538333,1191,141.208130398509,"logrmse"
2019-09-04,149,189.012011090032,1602,183.420899323323,"logrmse"
2019-09-04,150,189.011045974884,807,98.2451515913749,"logrmse"
2019-09-04,162,188.999464593105,2837,353.911645387064,"logrmse"
2019-09-04,226,188.937697223619,1395,200.740966437484,"logrmse"
2019-09-04,571,188.604732497479,338,51.6923061184602,"logrmse"
2019-09-04,41,189.116243526041,820,114.931610352118,"logrmse"
2019-09-04,427,188.743709078824,3339,477.483709631078,"logrmse"
2019-09-04,217,188.946383259953,1159,201.152042785285,"logrmse"
2019-09-04,107,189.052545926258,1991,272.743498263884,"logrmse"
2019-09-04,507,188.666499866966,5007,657.441314675259,"logrmse"
2019-09-04,2598,186.648444092016,3991,499.283696922679,"logrmse"
2019-09-04,182,188.980162290141,796,116.442568179309,"logrmse"
2019-09-04,148,189.012976205181,2689,294.864785393593,"logrmse"
2019-09-04,154,189.007185514291,1383,172.66339013522,"logrmse"
2019-09-04,164,188.997534362809,691,113.938959586761,"logrmse"
2019-09-04,300,188.86627870265,2614,329.369075621053,"logrmse"
2019-09-04,329,188.838290363351,3208,353.10309229538,"logrmse"
2019-09-04,278,188.887511235911,2652,282.962368378471,"logrmse"
2019-09-04,78,189.080534265557,763,95.0639772629717,"logrmse"
2019-09-04,53,189.104662144262,625,87.8933982505019,"logrmse"
2019-09-04,140,189.020697126366,1227,176.399340348511,"logrmse"
2019-09-04,258,188.906813538875,1971,281.782900278112,"logrmse"
2019-09-04,310,188.856627551167,1077,142.77590934871,"logrmse"
2019-09-04,331,188.836360133054,515,64.8531197637238,"logrmse"
2019-09-04,77,189.081499380705,1085,124.363231767383,"logrmse"
2019-09-04,681,188.498569831174,3223,388.3317277195,"logrmse"
2019-09-04,136,189.024557586959,1500,169.953455178362,"logrmse"
2019-09-04,48,189.109487720004,470,64.0635978286494,"logrmse"
2019-09-04,80,189.07860403526,354,51.2483765288518,"logrmse"
2019-09-04,363,188.805476448311,2672,342.664736181715,"logrmse"
2019-09-04,290,188.875929854132,2119,262.379373106939,"logrmse"
2019-09-04,292,188.873999623835,6744,739.842175485785,"logrmse"
2019-09-04,64,189.094045877632,1021,133.42277020251,"logrmse"
2019-09-04,180,188.982092520437,925,119.578624678859,"logrmse"
2019-09-04,206,188.956999526583,964,124.176015653106,"logrmse"
2019-09-04,117,189.042894774776,772,137.512659536578,"logrmse"
2019-09-04,101,189.058336617147,1262,165.880082773923,"logrmse"
2019-09-04,18,189.138441174451,3308,491.713473576917,"logrmse"
2019-09-04,144,189.016836665774,2346,279.666810484055,"logrmse"
2019-09-04,78,189.080534265557,280,73.6055231225373,"logrmse"
2019-09-04,665,188.514011673545,2872,312.296389294005,"logrmse"
2019-09-04,76,189.082464495853,769,114.393783516853,"logrmse"
2019-09-04,41,189.116243526041,550,67.4737683867857,"logrmse"
2019-09-04,228,188.935766993322,2041,245.788266255479,"logrmse"
2019-09-04,922,188.26597708045,2601,318.270808338656,"logrmse"
2019-09-04,163,188.998499477957,1101,143.467775314056,"logrmse"
2019-09-04,293,188.873034508687,1527,183.106694759849,"logrmse"
2019-09-04,126,189.034208738442,6045,690.292371071521,"logrmse"
2019-09-04,56,189.101766798818,697,104.756399441623,"logrmse"
2019-09-04,90,189.068952883778,1813,232.170031611871,"logrmse"
2019-09-04,447,188.72440677586,3541,435.500078397107,"logrmse"
2019-09-04,174,188.987883211327,2644,354.898441070632,"logrmse"
2019-09-04,181,188.981127405289,847,123.386475598335,"logrmse"
2019-09-04,119,189.040964544479,893,130.495391841482,"logrmse"
2019-09-04,143,189.017801780922,715,113.848297226503,"logrmse"
2019-09-04,236,188.928046072136,1433,211.80969507263,"logrmse"
2019-09-04,148,189.012976205181,485,58.7468697650023,"logrmse"
2019-09-04,45,189.112383065448,657,86.0287195535266,"logrmse"
2019-09-04,76,189.082464495853,1175,133.427219198145,"logrmse"
2019-09-04,1026,188.165605105034,2848,364.003158720255,"logrmse"
2019-09-04,225,188.938662338767,2925,365.82821816054,"logrmse"
2019-09-04,71,189.087290071594,1253,163.261322122837,"logrmse"
2019-09-04,266,188.899092617689,1486,208.566104256293,"logrmse"
2019-09-04,219,188.944453029656,875,130.40348456684,"logrmse"
2019-09-04,99,189.060266847444,636,95.3189486617481,"logrmse"
2019-09-04,94,189.065092423185,1065,123.934748832843,"logrmse"
2019-09-04,135,189.025522702108,647,82.6183025646373,"logrmse"
2019-09-04,113,189.046755235369,1751,238.782844248236,"logrmse"
2019-09-04,130,189.030348277849,1005,138.503575873171,"logrmse"
2019-09-04,560,188.61534876411,2248,290.745488990452,"logrmse"
2019-09-04,643,188.535244206807,3826,417.243214265785,"logrmse"
2019-09-04,351,188.81705783009,4023,436.760625053066,"logrmse"
2019-09-04,125,189.03517385359,982,134.991078894617,"logrmse"
2019-09-04,197,188.965685562917,1282,155.809597500112,"logrmse"
2019-09-04,199,188.963755332621,1222,162.791516652788,"logrmse"
2019-09-04,332,188.835395017906,1238,161.053070046446,"logrmse"
2019-09-04,151,189.010080859736,1187,180.449569626087,"logrmse"
2019-09-04,278,188.887511235911,2495,378.743842803039,"logrmse"
2019-09-04,324,188.843115939092,1437,188.169027298974,"logrmse"
2019-09-04,170,188.99174367192,670,99.8280116573016,"logrmse"
2019-09-04,220,188.943487914508,2811,310.072791368806,"logrmse"
2019-09-04,313,188.853732205723,1405,158.629651731721,"logrmse"
2019-09-04,322,188.845046169389,2446,274.678898900585,"logrmse"
2019-09-04,326,188.841185708796,750,91.4180896819431,"logrmse"
2019-09-04,98,189.061231962592,1603,177.957953549863,"logrmse"
2019-09-04,115,189.044825005072,1903,202.639802855782,"logrmse"
2019-09-04,312,188.854697320871,1830,207.958856375692,"logrmse"
2019-09-04,193,188.96954602351,1611,198.261926401739,"logrmse"
2019-09-04,343,188.824778751276,2665,271.130456021399,"logrmse"
2019-09-04,652,188.526558170472,1951,205.879072352736,"logrmse"
2019-09-04,839,188.346081637753,2071,221.332805466665,"logrmse"
2019-09-04,237,188.927080956988,1899,256.5349034705,"logrmse"
2019-09-04,549,188.62596503074,2271,236.988985325688,"logrmse"
2019-09-04,0,189.155813247119,1823,269.204956886011,"logrmse"
2019-09-04,291,188.874964738984,1018,149.450058355927,"logrmse"
2019-09-04,180,188.982092520437,1304,177.85068950304,"logrmse"
2019-09-04,181,188.981127405289,1951,244.974889423163,"logrmse"
2019-09-04,546,188.628860376185,1586,196.666587674622,"logrmse"
2019-09-04,140,189.020697126366,1122,144.375580928926,"logrmse"
2019-09-04,107,189.052545926258,796,101.934995482854,"logrmse"
2019-09-04,166,188.995604132512,1407,174.541504989201,"logrmse"
2019-09-04,212,188.951208835694,1256,177.366033511205,"logrmse"
2019-09-04,174,188.987883211327,3286,386.6591410075,"logrmse"
2019-09-04,201,188.961825102324,2977,323.330586139327,"logrmse"
2019-09-04,366,188.802581102866,2218,304.871505653363,"logrmse"
2019-09-04,293,188.873034508687,1679,238.473385176173,"logrmse"
2019-09-04,232,188.931906532729,4448,553.179348932682,"logrmse"
2019-09-04,228,188.935766993322,1545,233.567285217095,"logrmse"
2019-09-04,126,189.034208738442,2056,235.348582746278,"logrmse"
2019-09-04,163,188.998499477957,1320,172.822114644183,"logrmse"
2019-09-04,221,188.94252279936,369,59.8109899285646,"logrmse"
2019-09-04,167,188.994639017364,610,79.9870423877114,"logrmse"
2019-09-04,91,189.06798776863,1030,148.237049121142,"logrmse"
2019-09-04,407,188.763011381789,3090,398.329419431628,"logrmse"
2019-09-04,158,189.003325053698,2075,300.970169678115,"logrmse"
2019-09-04,734,188.447418728318,1275,158.221891232059,"logrmse"
2019-09-04,331,188.836360133054,4485,625.783682895391,"logrmse"
2019-09-04,106,189.053511041406,2209,319.437043361973,"logrmse"
2019-09-04,299,188.867243817798,1053,165.549524314798,"logrmse"
2019-09-04,221,188.94252279936,2135,314.641529667508,"logrmse"
2019-09-04,213,188.950243720546,1544,208.384864085208,"logrmse"
2019-09-04,59,189.098871453373,512,69.6020723016768,"logrmse"
2019-09-04,265,188.900057732838,2801,378.757161421051,"logrmse"
2019-09-04,516,188.657813830632,2064,246.772658838233,"logrmse"
2019-09-04,719,188.461895455541,3508,450.170255440858,"logrmse"
2019-09-04,365,188.803546218015,1607,244.396245204448,"logrmse"
2019-09-04,314,188.852767090574,1644,211.423558982145,"logrmse"
2019-09-04,612,188.565162776402,1919,262.221445089402,"logrmse"
2019-09-04,166,188.995604132512,1516,195.968875515849,"logrmse"
2019-09-04,328,188.839255478499,3897,485.525248168533,"logrmse"
2019-09-04,973,188.216756207891,688,94.2551669285109,"logrmse"
2019-09-04,131,189.029383162701,672,90.9913864076073,"logrmse"
2019-09-04,438,188.733092812194,3512,421.13693560014,"logrmse"
2019-09-04,279,188.886546120762,1530,183.321399986773,"logrmse"
2019-09-04,146,189.014906435477,581,120.984005466991,"logrmse"
2019-09-04,23,189.133615598709,1100,180.974959441011,"logrmse"
2019-09-04,150,189.011045974884,1394,148.23388780273,"logrmse"
2019-09-04,124,189.036138968738,513,88.5508315705709,"logrmse"
2019-09-04,84,189.074743574667,473,67.7799321552651,"logrmse"
2019-09-04,207,188.956034411435,582,78.3196043656614,"logrmse"
2019-09-04,95,189.064127308037,776,96.3327522855788,"logrmse"
2019-09-04,79,189.079569150409,542,74.5082170310817,"logrmse"
2019-09-04,145,189.015871550625,2731,310.532798023098,"logrmse"
2019-09-04,177,188.984987865882,3073,346.803878160969,"logrmse"
2019-09-04,238,188.92611584184,2161,275.177576241935,"logrmse"
2019-09-04,413,188.7572206909,2509,304.344908274797,"logrmse"
2019-09-04,45,189.112383065448,606,83.1821635654841,"logrmse"
2019-09-04,100,189.059301732296,684,88.7108835640074,"logrmse"
2019-09-04,87,189.071848229223,1229,144.145585481157,"logrmse"
2019-09-04,347,188.820918290683,1267,145.618986319331,"logrmse"
2019-09-04,133,189.027452932404,669,80.8173306713591,"logrmse"
2019-09-04,54,189.103697029114,509,76.4156692774202,"logrmse"
2019-09-04,840,188.345116522605,7907,918.586327017004,"logrmse"
2019-09-04,274,188.891371696504,2176,260.257433524638,"logrmse"
2019-09-04,128,189.032278508145,605,81.5078096966996,"logrmse"
2019-09-04,136,189.024557586959,1080,132.101288382163,"logrmse"
2019-09-04,171,188.990778556771,1913,208.974009465545,"logrmse"
2019-09-04,106,189.053511041406,1230,168.235979800076,"logrmse"
2019-09-04,119,189.040964544479,1354,155.611240425814,"logrmse"
2019-09-04,136,189.024557586959,1034,143.354652731227,"logrmse"
2019-09-04,219,188.944453029656,1497,173.752958439284,"logrmse"
2019-09-04,98,189.061231962592,2321,330.409822171369,"logrmse"
2019-09-04,287,188.878825199577,4662,542.615933605895,"logrmse"
2019-09-04,260,188.904883308579,2265,292.42045260941,"logrmse"
2019-09-04,1278,187.92239608768,1852,223.053532485185,"logrmse"
2019-09-04,34,189.122999332079,663,112.031567792384,"logrmse"
2019-09-04,597,188.579639503625,3095,350.745565476632,"logrmse"
2019-09-04,142,189.01876689607,618,75.5114464330267,"logrmse"
2019-09-04,138,189.022627356663,1219,151.179813965204,"logrmse"
2019-09-04,658,188.520767479583,903,108.681625612883,"logrmse"
2019-09-04,90,189.068952883778,1743,189.965903799229,"logrmse"
2019-09-04,146,189.014906435477,1313,148.500254906742,"logrmse"
2019-09-04,143,189.017801780922,810,109.785812565899,"logrmse"
2019-09-04,67,189.091150532187,1034,134.171039158844,"logrmse"
2019-09-04,96,189.063162192889,354,61.7331575349326,"logrmse"
2019-09-04,225,188.938662338767,712,95.8355750163641,"logrmse"
2019-09-04,280,188.885581005614,5357,630.329224586445,"logrmse"
2019-09-04,233,188.930941417581,2825,425.263695968593,"logrmse"
2019-09-04,292,188.873999623835,3063,386.621061172005,"logrmse"
2019-09-04,2474,186.768118370397,7455,896.719824410448,"logrmse"
2019-09-04,847,188.338360716568,4261,561.065134786918,"logrmse"
2019-09-04,300,188.86627870265,1074,142.368735439956,"logrmse"
2019-09-04,142,189.01876689607,496,93.883380766317,"logrmse"
2019-09-04,97,189.06219707774,696,106.472288553648,"logrmse"
2019-09-04,221,188.94252279936,1923,286.592752092965,"logrmse"
2019-09-04,103,189.056406386851,1116,164.483494978936,"logrmse"
2019-09-04,95,189.064127308037,868,138.942659633272,"logrmse"
2019-09-04,45,189.112383065448,2610,331.804876187702,"logrmse"
2019-09-04,169,188.992708787068,3072,373.020921618143,"logrmse"
2019-09-04,100,189.059301732296,707,102.043488482292,"logrmse"
2019-09-04,152,189.009115744588,534,100.897029042321,"logrmse"
2019-09-04,1700,187.515117495127,13129,1467.19296203087,"logrmse"
2019-09-04,308,188.858557781464,4036,552.171567662645,"logrmse"
2019-09-04,77,189.081499380705,982,133.13512370091,"logrmse"
2019-09-04,483,188.689662630523,3352,373.81350413299,"logrmse"
2019-09-04,116,189.043859889924,1703,220.694394939916,"logrmse"
2019-09-04,464,188.70799981834,2850,323.717501518573,"logrmse"
2019-09-04,287,188.878825199577,2753,345.984496559667,"logrmse"
2019-09-04,130,189.030348277849,1900,253.964733472521,"logrmse"
2019-09-04,1037,188.154988838404,2705,307.349112339428,"logrmse"
2019-09-04,1608,187.603908088764,7321,879.549812187313,"logrmse"
2019-09-04,1170,188.026628523689,6387,726.926676696996,"logrmse"
2019-09-04,442,188.729232351601,116,28.4536245867137,"logrmse"
2019-09-04,44,189.113348180597,729,118.96012617596,"logrmse"
2019-09-04,86,189.072813344371,420,80.9384582001185,"logrmse"
2019-09-04,76,189.082464495853,893,109.67632421436,"logrmse"
2019-09-04,114,189.04579012022,627,96.3276459449957,"logrmse"
2019-09-04,1164,188.032419214579,5461,616.641789750581,"logrmse"
2019-09-04,320,188.846976399685,3570,423.437789852744,"logrmse"
2019-09-04,122,189.038069199035,2867,365.537194626648,"logrmse"
2019-09-04,160,189.001394823402,626,98.1207832354184,"logrmse"
2019-09-04,187,188.9753367144,767,119.952105689336,"logrmse"
2019-09-04,127,189.033243623293,1778,232.563972122271,"logrmse"
2019-09-04,260,188.904883308579,2549,324.239216672385,"logrmse"
2019-09-04,175,188.986918096178,2796,346.633631348287,"logrmse"
2019-09-04,602,188.574813927884,5036,599.061274927351,"logrmse"
2019-09-04,109,189.050615695962,1233,177.583491944992,"logrmse"
2019-09-04,405,188.764941612085,5000,679.85379076863,"logrmse"
2019-09-04,133,189.027452932404,1895,238.911573087182,"logrmse"
2019-09-04,83,189.075708689816,1001,136.224731915752,"logrmse"
2019-09-04,146,189.014906435477,1276,214.262845535693,"logrmse"
2019-09-04,114,189.04579012022,1687,260.461481776495,"logrmse"
2019-09-04,261,188.903918193431,1456,172.815759499996,"logrmse"
2019-09-04,147,189.013941320329,1632,186.384262515629,"logrmse"
2019-09-04,231,188.932871647877,3995,491.985034671177,"logrmse"
2019-09-04,183,188.979197174993,431,60.966436909304,"logrmse"
2019-09-04,204,188.95892975688,1180,151.280139884777,"logrmse"
2019-09-04,72,189.086324956446,1038,130.738836785307,"logrmse"
2019-09-04,94,189.065092423185,1129,133.428846796487,"logrmse"
2019-09-04,288,188.877860084428,1637,193.463191210431,"logrmse"
2019-09-04,67,189.091150532187,787,109.929127399509,"logrmse"
2019-09-04,164,188.997534362809,1054,134.133341056065,"logrmse"
2019-09-04,97,189.06219707774,963,117.959065360754,"logrmse"
2019-09-04,1204,187.993814608649,5849,728.345595940653,"logrmse"
2019-09-04,544,188.630790606481,1492,206.688457186499,"logrmse"
2019-09-04,329,188.838290363351,3267,423.682959825643,"logrmse"
2019-09-04,403,188.766871842382,2479,290.319099356221,"logrmse"
2019-09-04,153,189.008150629439,2875,387.392277085063,"logrmse"
2019-09-04,64,189.094045877632,706,103.550286118288,"logrmse"
2019-09-04,300,188.86627870265,2557,275.072311009299,"logrmse"
2019-09-04,148,189.012976205181,1304,196.3966747752,"logrmse"
2019-09-04,474,188.698348666857,1188,162.183635642103,"logrmse"
2019-09-04,115,189.044825005072,2214,257.993093748515,"logrmse"
2019-09-04,152,189.009115744588,2685,339.791333392515,"logrmse"
2019-09-04,159,189.00235993855,1316,193.284810971749,"logrmse"
2019-09-04,65,189.093080762484,862,102.472968463004,"logrmse"
2019-09-04,586,188.590255770256,3056,405.82950074459,"logrmse"
2019-09-04,414,188.756255575751,1554,198.484646111124,"logrmse"
2019-09-04,440,188.731162581897,1870,233.910235600313,"logrmse"
2019-09-04,141,189.019732011218,395,65.8493112717269,"logrmse"
2019-09-04,128,189.032278508145,1742,207.06742898966,"logrmse"
2019-09-04,137,189.023592471811,1195,150.215323259803,"logrmse"
2019-09-04,161,189.000429708254,493,68.7084875940496,"logrmse"
2019-09-04,108,189.05158081111,754,99.8563342725286,"logrmse"
2019-09-04,172,188.989813441623,1240,158.278113198606,"logrmse"
2019-09-04,130,189.030348277849,941,127.863545487993,"logrmse"
2019-09-04,110,189.049650580813,1205,153.541054805967,"logrmse"
2019-09-04,144,189.016836665774,821,116.383772955727,"logrmse"
2019-09-04,109,189.050615695962,1507,188.584252355854,"logrmse"
2019-09-04,219,188.944453029656,743,97.0396671036404,"logrmse"
2019-09-04,235,188.929011187285,3825,475.785085980865,"logrmse"
2019-09-04,156,189.005255283995,955,126.500449719409,"logrmse"
2019-09-04,189,188.973406484103,2041,233.759640520089,"logrmse"
2019-09-04,273,188.892336811652,1754,222.972934188903,"logrmse"
2019-09-04,164,188.997534362809,2034,254.726948814811,"logrmse"
2019-09-04,164,188.997534362809,691,77.7810060085869,"logrmse"
2019-09-04,379,188.790034605939,3298,397.494294409334,"logrmse"
2019-09-04,383,188.786174145346,1036,119.17215295004,"logrmse"
2019-09-04,405,188.764941612085,1669,248.469954799924,"logrmse"
2019-09-04,477,188.695453321413,3041,421.131431088786,"logrmse"
2019-09-04,339,188.828639211869,1841,295.163151025122,"logrmse"
2019-09-04,158,189.003325053698,978,180.911867378254,"logrmse"
2019-09-04,1446,187.760256742778,3004,371.376082481906,"logrmse"
2019-09-04,61,189.096941223077,2495,298.419000358535,"logrmse"
2019-09-04,104,189.055441271703,1016,128.156333763234,"logrmse"
2019-09-04,292,188.873999623835,1003,123.42763782452,"logrmse"
2019-09-04,16,189.140371404747,464,81.3874709086408,"logrmse"
2019-09-04,681,188.498569831174,1319,193.366192339681,"logrmse"
2019-09-04,205,188.957964641731,2506,321.268906086034,"logrmse"
2019-09-04,347,188.820918290683,2257,269.292604365808,"logrmse"
2019-09-04,165,188.996569247661,1597,212.147157019953,"logrmse"
2019-09-04,164,188.997534362809,1172,195.012316182599,"logrmse"
2019-09-04,276,188.889441466207,1809,220.506332798101,"logrmse"
2019-09-04,424,188.746604424269,3586,394.76241760292,"logrmse"
2019-09-04,310,188.856627551167,1602,191.851437224633,"logrmse"
2019-09-04,569,188.606662727776,4864,537.230553766776,"logrmse"
2019-09-04,287,188.878825199577,2285,248.71817292791,"logrmse"
2019-09-04,881,188.305546801528,1752,210.021452960698,"logrmse"
2019-09-04,76,189.082464495853,673,87.5044932047174,"logrmse"
2019-09-04,196,188.966650678066,1304,258.164374135144,"logrmse"
2019-09-04,168,188.993673902216,1176,155.192737832889,"logrmse"
2019-09-04,85,189.073778459519,1418,151.727043258129,"logrmse"
2019-09-04,43,189.114313295745,171,38.4181418507398,"logrmse"
2019-09-04,612,188.565162776402,2198,322.237142553754,"logrmse"
2019-09-04,299,188.867243817798,2828,315.692620206739,"logrmse"
2019-09-04,314,188.852767090574,1437,164.791074509784,"logrmse"
2019-09-04,377,188.791964836236,1075,128.047096016007,"logrmse"
2019-09-04,147,189.013941320329,2229,250.242442711888,"logrmse"
2019-09-04,127,189.033243623293,1682,188.835631910956,"logrmse"
2019-09-04,252,188.912604229765,813,162.77931063909,"logrmse"
2019-09-04,282,188.883650775318,1670,217.145472520864,"logrmse"
2019-09-04,260,188.904883308579,1702,201.139219135412,"logrmse"
2019-09-04,138,189.022627356663,3199,435.144319226685,"logrmse"
2019-09-04,2542,186.702490540317,4107,462.103530310432,"logrmse"
2019-09-04,1245,187.954244887572,7436,837.719825260326,"logrmse"
2019-09-04,288,188.877860084428,5761,685.844483633177,"logrmse"
2019-09-04,1181,188.016012257059,13761,1535.42961213494,"logrmse"
2019-09-04,99,189.060266847444,1357,194.921964056815,"logrmse"
2019-09-04,415,188.755290460603,1254,180.612471190266,"logrmse"
2019-09-04,1923,187.299896817072,6556,790.568472713116,"logrmse"
2019-09-04,67,189.091150532187,1427,196.278676559468,"logrmse"
2019-09-04,520,188.653953370039,2312,382.789889849695,"logrmse"
2019-09-04,229,188.934801878174,3547,414.874902297714,"logrmse"
2019-09-04,153,189.008150629439,2108,243.758661434229,"logrmse"
2019-09-04,229,188.934801878174,1380,163.40379890159,"logrmse"
2019-09-04,190,188.972441368955,2532,273.996137691522,"logrmse"
2019-09-04,0,189.155813247119,5525,798.444287635814,"logrmse"
2019-09-04,1131,188.06426801447,3715,535.844391747314,"logrmse"
2019-09-04,52,189.105627259411,1026,162.111440710854,"logrmse"
2019-09-04,370,188.798720642273,5778,623.356128016127,"logrmse"
2019-09-04,2843,186.4119908807,5774,637.171984825078,"logrmse"
2019-09-04,189,188.973406484103,1225,170.006700306622,"logrmse"
2019-09-04,247,188.917429805506,1526,207.339924833762,"logrmse"
2019-09-04,310,188.856627551167,2976,364.996842147811,"logrmse"
2019-09-04,1686,187.528629107202,5445,613.896720632113,"logrmse"
2019-09-04,934,188.254395698672,7600,823.394222242975,"logrmse"
2019-09-04,96,189.063162192889,4363,552.513450753826,"logrmse"
2019-09-04,2571,186.674502201018,2428,305.790838133983,"logrmse"
2019-09-04,867,188.319058413603,4581,512.205561516204,"logrmse"
2019-09-04,489,188.683871939634,3670,465.928791101169,"logrmse"
2019-09-04,188,188.974371599251,2142,281.714880757617,"logrmse"
2019-09-04,255,188.90970888432,1089,146.770010744521,"logrmse"
2019-09-04,68,189.090185417039,1615,253.170603401759,"logrmse"
2019-09-04,156,189.005255283995,6820,790.648351765684,"logrmse"
2019-09-04,314,188.852767090574,4617,537.659716621677,"logrmse"
2019-09-04,146,189.014906435477,1062,127.529581042481,"logrmse"
2019-09-04,337,188.830569442165,791,111.319684945685,"logrmse"
2019-09-04,188,188.974371599251,2268,277.155444148127,"logrmse"
2019-09-04,835,188.349942098346,4169,478.510507203752,"logrmse"
2019-09-04,657,188.521732594731,3808,441.599678766838,"logrmse"
2019-09-04,339,188.828639211869,1253,183.416499203249,"logrmse"
2019-09-04,418,188.752395115158,4166,564.137700900884,"logrmse"
2019-09-04,148,189.012976205181,634,86.2237856682174,"logrmse"
2019-09-04,74,189.08439472615,2442,283.456986310763,"logrmse"
2019-09-04,154,189.007185514291,706,78.2800867317919,"logrmse"
2019-09-04,129,189.031313392997,4062,491.842516070904,"logrmse"
2019-09-04,320,188.846976399685,1689,212.889640357281,"logrmse"
2019-09-04,717,188.463825685838,4724,526.378836884978,"logrmse"
2019-09-04,441,188.730197466749,1573,209.788390395666,"logrmse"
2019-09-04,232,188.931906532729,5274,607.631890819356,"logrmse"
2019-09-04,756,188.426186195057,5135,609.28845963021,"logrmse"
2019-09-04,1415,187.790175312373,5097,580.054729730247,"logrmse"
2019-09-04,145,189.015871550625,2085,314.037782326626,"logrmse"
2019-09-04,182,188.980162290141,2081,239.658099460799,"logrmse"
2019-09-04,894,188.293000304601,1411,184.065698353692,"logrmse"
2019-09-04,235,188.929011187285,4386,453.504670800226,"logrmse"
2019-09-04,418,188.752395115158,3584,383.527371426866,"logrmse"
2019-09-04,360,188.808371793756,1579,206.056947647165,"logrmse"
2019-09-04,283,188.882685660169,3671,432.34119429164,"logrmse"
2019-09-04,157,189.004290168847,1542,228.776239574059,"logrmse"
2019-09-04,170,188.99174367192,4362,489.166895639572,"logrmse"
2019-09-04,243,188.921290266099,314,80.1741160255885,"logrmse"
2019-09-04,177,188.984987865882,685,73.3647360688029,"logrmse"
2019-09-04,177,188.984987865882,2164,303.292068405164,"logrmse"
2019-09-04,444,188.727302121304,1569,210.016250022017,"logrmse"
2019-09-04,162,188.999464593105,1350,229.551601792376,"logrmse"
2019-09-04,222,188.941557684212,1510,216.981029977951,"logrmse"
2019-09-04,88,189.070883114074,663,106.686468751975,"logrmse"
2019-09-04,183,188.979197174993,1189,170.058020165085,"logrmse"
2019-09-04,238,188.92611584184,1915,234.70687473629,"logrmse"
2019-09-04,1209,187.988989032908,1202,154.887129858006,"logrmse"
2019-09-04,241,188.923220496395,1565,228.299622695119,"logrmse"
2019-09-04,77,189.081499380705,750,109.888861576418,"logrmse"
2019-09-04,233,188.930941417581,1737,192.98249271581,"logrmse"
2019-09-04,269,188.896197272245,1790,240.075006811244,"logrmse"
2019-09-04,172,188.989813441623,2468,289.700232929592,"logrmse"
2019-09-04,69,189.089220301891,531,141.579286292911,"logrmse"
2019-09-04,197,188.965685562917,3831,460.492179469092,"logrmse"
2019-09-04,83,189.075708689816,3628,444.710971798565,"logrmse"
2019-09-04,106,189.053511041406,2329,254.20615820329,"logrmse"
2019-09-04,130,189.030348277849,602,80.0197637399974,"logrmse"
2019-09-04,69,189.089220301891,1594,199.316337617077,"logrmse"
2019-09-04,57,189.10080168367,661,76.7752134987814,"logrmse"
2019-09-04,152,189.009115744588,589,78.237837655399,"logrmse"
2019-09-04,269,188.896197272245,1451,192.366228924924,"logrmse"
2019-09-04,1031,188.160779529293,1853,273.992016351514,"logrmse"
2019-09-04,240,188.924185611543,1022,147.010259654377,"logrmse"
2019-09-04,177,188.984987865882,1641,219.430129363732,"logrmse"
2019-09-04,166,188.995604132512,1430,191.196698455371,"logrmse"
2019-09-04,359,188.809336908904,1397,192.514642305658,"logrmse"
2019-09-04,1023,188.168500450479,3465,386.419977413587,"logrmse"
2019-09-04,242,188.922255381247,2086,296.195197176259,"logrmse"
2019-09-04,429,188.741778848528,2747,335.305015413362,"logrmse"
2019-09-04,77,189.081499380705,627,83.7457022573676,"logrmse"
2019-09-04,102,189.057371501999,679,87.9092536022722,"logrmse"
2019-09-04,88,189.070883114074,651,84.0404973156551,"logrmse"
2019-09-04,107,189.052545926258,338,47.1279357644273,"logrmse"
2019-09-04,155,189.006220399143,1245,171.598327747733,"logrmse"
2019-09-04,87,189.071848229223,1002,144.864438580774,"logrmse"
2019-09-04,183,188.979197174993,1265,149.411949629419,"logrmse"
2019-09-04,201,188.961825102324,1674,216.460573235594,"logrmse"
2019-09-04,710,188.470581491875,3153,398.988705263769,"logrmse"
2019-09-04,249,188.915499575209,1310,172.416898718844,"logrmse"
2019-09-04,180,188.982092520437,1511,243.777420572377,"logrmse"
2019-09-04,78,189.080534265557,670,83.4480558338874,"logrmse"
2019-09-04,199,188.963755332621,817,165.317107403902,"logrmse"
2019-09-04,400,188.769767187827,4501,623.111913892863,"logrmse"
2019-09-04,497,188.676151018448,2857,361.521512833745,"logrmse"
2019-09-04,436,188.73502304249,4361,597.701434532969,"logrmse"
2019-09-04,222,188.941557684212,1949,247.697572674206,"logrmse"
2019-09-04,150,189.011045974884,2541,305.145234836456,"logrmse"
2019-09-04,290,188.875929854132,1066,134.074532735719,"logrmse"
2019-09-04,181,188.981127405289,1522,192.271677796069,"logrmse"
2019-09-04,440,188.731162581897,1466,179.34361962889,"logrmse"
2019-09-04,186,188.976301829548,1252,151.579539661919,"logrmse"
2019-09-04,73,189.085359841298,597,91.6349312680979,"logrmse"
2019-09-04,103,189.056406386851,700,104.281931799119,"logrmse"
2019-09-04,160,189.001394823402,1767,202.910907486803,"logrmse"
2019-09-04,98,189.061231962592,618,92.3587544777529,"logrmse"
2019-09-04,54,189.103697029114,659,100.235766824991,"logrmse"
2019-09-04,259,188.905848423727,1922,287.331721294556,"logrmse"
2019-09-04,383,188.786174145346,1310,168.251565012613,"logrmse"
2019-09-04,81,189.077638920112,1450,186.306828822388,"logrmse"
2019-09-04,89,189.069917998926,439,55.1674868088542,"logrmse"
2019-09-04,138,189.022627356663,1238,166.896604664554,"logrmse"
2019-09-04,138,189.022627356663,1575,176.863971794521,"logrmse"
2019-09-04,86,189.072813344371,486,67.8616066940164,"logrmse"
2019-09-04,85,189.073778459519,702,83.9915350571446,"logrmse"
2019-09-04,51,189.106592374559,427,57.5198740548277,"logrmse"
2019-09-04,82,189.076673804964,468,63.6442275889055,"logrmse"
2019-09-04,107,189.052545926258,579,74.4954002799154,"logrmse"
2019-09-04,364,188.804511333163,1257,166.371742624331,"logrmse"
2019-09-04,376,188.792929951384,2226,273.343268619852,"logrmse"
2019-09-04,173,188.988848326475,784,102.265835469275,"logrmse"
2019-09-04,640,188.538139552251,1643,214.52251148553,"logrmse"
2019-09-04,302,188.864348472353,1115,134.592546659275,"logrmse"
2019-09-04,443,188.728267236453,1330,166.844373161058,"logrmse"
2019-09-04,336,188.831534557313,1308,152.13700501079,"logrmse"
2019-09-04,147,189.013941320329,826,107.854500904379,"logrmse"
2019-09-04,172,188.989813441623,997,126.565469765281,"logrmse"
2019-09-04,162,188.999464593105,930,105.78630153376,"logrmse"
2019-09-04,191,188.971476253807,918,109.664400474537,"logrmse"
2019-09-04,256,188.908743769172,930,115.635966249102,"logrmse"
2019-09-04,82,189.076673804964,1122,146.118500307929,"logrmse"
2019-09-04,82,189.076673804964,637,79.2335894652555,"logrmse"
2019-09-04,164,188.997534362809,843,106.362799402969,"logrmse"
2019-09-04,47,189.110452835152,702,91.0630488725354,"logrmse"
2019-09-04,112,189.047720350517,957,109.97090464472,"logrmse"
2019-09-04,91,189.06798776863,673,81.4451497649331,"logrmse"
2019-09-04,56,189.101766798818,720,86.4839251538982,"logrmse"
2019-09-04,71,189.087290071594,389,49.3863692015265,"logrmse"
2019-09-04,137,189.023592471811,1003,117.615362010659,"logrmse"
2019-09-04,134,189.026487817256,788,95.6419385699856,"logrmse"
2019-09-04,142,189.01876689607,816,110.608066429169,"logrmse"
2019-09-04,133,189.027452932404,1262,167.219479901247,"logrmse"
2019-09-04,327,188.840220593647,1667,248.60590716075,"logrmse"
2019-09-04,170,188.99174367192,3206,368.911609810381,"logrmse"
2019-09-04,163,188.998499477957,1569,187.605650528653,"logrmse"
2019-09-04,254,188.910673999468,2452,300.962099296863,"logrmse"
2019-09-04,259,188.905848423727,1381,209.471989590773,"logrmse"
2019-09-04,149,189.012011090032,2641,297.801623158234,"logrmse"
2019-09-04,122,189.038069199035,806,88.4360435914123,"logrmse"
2019-09-04,527,188.647197564001,4062,453.380779018953,"logrmse"
2019-09-04,165,188.996569247661,1067,130.091724430893,"logrmse"
2019-09-04,131,189.0293831627,345,77.6281977013912,"logrmse"
2019-09-04,167,188.994639017364,1386,164.384633345786,"logrmse"
2019-09-04,306,188.86048801176,2549,344.76676676672,"logrmse"
2019-09-04,104,189.055441271703,526,67.0984980174212,"logrmse"
2019-09-04,131,189.029383162701,2630,288.884482302237,"logrmse"
2019-09-04,418,188.752395115158,2635,320.087349656165,"logrmse"
2019-09-04,583,188.5931511157,2838,356.324731889361,"logrmse"
2019-09-04,221,188.94252279936,899,116.816225828368,"logrmse"
2019-09-04,207,188.956034411435,1437,184.011203357498,"logrmse"
2019-09-04,776,188.406883892092,4135,480.582255597238,"logrmse"
2019-09-04,151,189.010080859736,2516,296.319503134107,"logrmse"
2019-09-04,229,188.934801878174,1688,197.764544768566,"logrmse"
2019-09-04,239,188.925150726692,696,86.3664488780754,"logrmse"
2019-09-04,163,188.998499477957,1562,170.680352100501,"logrmse"
2019-09-04,127,189.033243623293,903,111.136806675472,"logrmse"
2019-09-04,147,189.013941320329,2013,243.240178681277,"logrmse"
2019-09-04,173,188.988848326475,997,128.58535961457,"logrmse"
2019-09-04,287,188.878825199577,821,107.751885311877,"logrmse"
2019-09-04,379,188.790034605939,1071,138.318490331245,"logrmse"
2019-09-04,277,188.888476351059,1256,178.093665397978,"logrmse"
2019-09-04,350,188.818022945238,601,92.7415308957328,"logrmse"
2019-09-04,83,189.075708689816,1995,233.765856011782,"logrmse"
2019-09-04,1263,187.936872814904,2186,295.669608917753,"logrmse"
2019-09-04,153,189.008150629439,3468,391.661662193694,"logrmse"
2019-09-04,251,188.913569344913,1902,282.851720200566,"logrmse"
2019-09-04,141,189.019732011218,2313,276.419500870181,"logrmse"
2019-09-04,177,188.984987865882,1514,186.738376057199,"logrmse"
2019-09-04,133,189.027452932404,1307,177.799833569707,"logrmse"
2019-09-04,118,189.041929659627,975,120.768627629315,"logrmse"
2019-09-04,916,188.27176777134,2394,292.591209987796,"logrmse"
2019-09-04,769,188.41363969813,2387,327.309519753625,"logrmse"
2019-09-04,92,189.067022653482,662,78.9348874539966,"logrmse"
2019-09-04,21,189.135545829006,465,60.5945822154861,"logrmse"
2019-09-04,132,189.028418047552,2045,250.398676372137,"logrmse"
2019-09-04,753,188.429081540501,1314,204.488141807685,"logrmse"
2019-09-04,786,188.39723274061,6620,722.357746197484,"logrmse"
2019-09-04,59,189.098871453373,286,42.7603313301832,"logrmse"
2019-09-04,180,188.982092520437,2446,289.188027681489,"logrmse"
2019-09-04,116,189.043859889924,715,94.2939018620848,"logrmse"
2019-09-04,64,189.094045877632,1504,174.666528327098,"logrmse"
2019-09-04,119,189.040964544479,1140,196.564257616275,"logrmse"
2019-09-04,123,189.037104083886,634,85.0067118566237,"logrmse"
2019-09-04,118,189.041929659627,1392,161.474048123118,"logrmse"
2019-09-04,213,188.950243720546,2216,270.740543232851,"logrmse"
2019-09-04,63,189.09501099278,1301,156.591747706763,"logrmse"
2019-09-04,139,189.021662241515,1176,146.418873635726,"logrmse"
2019-09-04,154,189.007185514291,612,85.7445585998631,"logrmse"
2019-09-04,621,188.556476740068,1034,126.325435769921,"logrmse"
2019-09-04,259,188.905848423727,2213,279.213961423882,"logrmse"
2019-09-04,329,188.838290363351,3040,351.228251370663,"logrmse"
2019-09-04,254,188.910673999468,2134,257.309365017491,"logrmse"
2019-09-04,81,189.077638920112,427,69.7008524824603,"logrmse"
2019-09-04,487,188.68580216993,1755,226.930906876472,"logrmse"
2019-09-04,414,188.756255575751,1780,229.483321718006,"logrmse"
2019-09-04,74,189.08439472615,1069,151.223953915559,"logrmse"
2019-09-05,140,260.586106776362,1467,200.656627877013,"logrmse"
2019-09-05,0,260.723278501886,3208,494.827391516947,"logrmse"
2019-09-05,331,260.398965350825,1593,207.512735976053,"logrmse"
2019-09-05,313,260.416601715535,1994,264.037966176421,"logrmse"
2019-09-05,270,260.458733031232,1732,207.398670072592,"logrmse"
2019-09-05,175,260.551813844981,1433,164.037535946917,"logrmse"
2019-09-05,114,260.611581525388,890,121.368412850509,"logrmse"
2019-09-05,225,260.502823943008,2106,275.823186369667,"logrmse"
2019-09-05,152,260.574349199888,958,122.818922073965,"logrmse"
2019-09-05,208,260.519480509679,788,107.424957482847,"logrmse"
2019-09-05,159,260.567490613612,1024,136.440491449796,"logrmse"
2019-09-05,121,260.604722939112,1579,200.501616988098,"logrmse"
2019-09-05,138,260.588066372441,810,104.957023323425,"logrmse"
2019-09-05,67,260.657632033242,944,133.691066919735,"logrmse"
2019-09-05,215,260.512621923402,1298,189.127861571133,"logrmse"
2019-09-05,208,260.519480509679,1257,182.138183862265,"logrmse"
2019-09-05,401,260.330379488063,5023,616.22541997018,"logrmse"
2019-09-05,112,260.613541121467,3816,538.980203700886,"logrmse"
2019-09-05,1049,259.695470358494,8275,1034.37462042053,"logrmse"
2019-09-05,295,260.434238080246,3797,513.063012123786,"logrmse"
2019-09-05,848,259.892409764425,3078,444.370777115685,"logrmse"
2019-09-05,174,260.55279364302,1166,155.686650524888,"logrmse"
2019-09-05,388,260.343116862576,3879,516.319867099385,"logrmse"
2019-09-05,207,260.520460307718,1467,212.864009697494,"logrmse"
2019-09-05,724,260.013904721318,6097,737.685461143692,"logrmse"
2019-09-05,196,260.531238086152,3102,413.47977401785,"logrmse"
2019-09-05,104,260.621379505782,2211,303.397118906339,"logrmse"
2019-09-05,109,260.616480515585,1349,157.690933625176,"logrmse"
2019-09-05,154,260.572389603809,1028,136.40836721757,"logrmse"
2019-09-05,173,260.55377344106,727,112.710467787766,"logrmse"
2019-09-05,289,260.440116868483,1422,189.65202789215,"logrmse"
2019-09-05,216,260.511642125363,1313,159.425122745842,"logrmse"
2019-09-05,289,260.440116868483,1318,173.777622488645,"logrmse"
2019-09-05,196,260.531238086152,2034,248.621418291264,"logrmse"
2019-09-05,458,260.274530999814,2418,294.807913874586,"logrmse"
2019-09-05,108,260.617460313624,985,129.848866609454,"logrmse"
2019-09-05,159,260.567490613612,480,105.495636448954,"logrmse"
2019-09-05,708,260.029581489949,4115,540.857090224883,"logrmse"
2019-09-05,113,260.612561323427,2056,314.081353178536,"logrmse"
2019-09-05,810,259.929642089925,4237,546.834752424896,"logrmse"
2019-09-05,185,260.542015864586,614,78.2291282553766,"logrmse"
2019-09-05,1734,259.024308701465,12301,1535.44839722598,"logrmse"
2019-09-05,208,260.519480509679,1176,168.66125296375,"logrmse"
2019-09-05,207,260.520460307718,1702,226.365983413257,"logrmse"
2019-09-05,182,260.544955258705,583,80.9423836288725,"logrmse"
2019-09-05,87,260.638036072453,826,108.414413614422,"logrmse"
2019-09-05,81,260.64391486069,994,123.410706333175,"logrmse"
2019-09-05,125,260.600803746954,1019,157.662844608224,"logrmse"
2019-09-05,289,260.440116868482,2724,340.07588881726,"logrmse"
2019-09-05,285,260.44403606064,3567,415.385444017135,"logrmse"
2019-09-05,1114,259.631783485929,3298,373.983447589318,"logrmse"
2019-09-05,416,260.315682517471,3586,419.813986352152,"logrmse"
2019-09-05,519,260.214763319407,3664,498.68760612783,"logrmse"
2019-09-05,64,260.660571427361,1369,180.055654154053,"logrmse"
2019-09-05,105,260.620399707743,348,60.2625150108384,"logrmse"
2019-09-05,121,260.604722939112,558,87.2171753057496,"logrmse"
2019-09-05,88,260.637056274414,374,71.3914079773659,"logrmse"
2019-09-05,259,260.469510809666,1653,218.200785601098,"logrmse"
2019-09-05,380,260.350955246892,1684,222.603137904582,"logrmse"
2019-09-05,173,260.55377344106,2165,270.847554300939,"logrmse"
2019-09-05,81,260.64391486069,1670,205.473109078122,"logrmse"
2019-09-05,131,260.594924958717,1141,140.524936344568,"logrmse"
2019-09-05,275,260.453834041035,1059,123.843413135459,"logrmse"
2019-09-05,234,260.494005760653,1244,146.581082726809,"logrmse"
2019-09-05,407,260.324500699826,3688,512.568243519555,"logrmse"
2019-09-05,407,260.324500699826,1517,230.139323058681,"logrmse"
2019-09-05,510,260.223581501762,3533,408.928186367548,"logrmse"
2019-09-05,9,260.714460319531,1318,170.666594500894,"logrmse"
2019-09-05,344,260.386227976312,2446,338.458388198903,"logrmse"
2019-09-05,260,260.468531011627,3414,455.201767643377,"logrmse"
2019-09-05,99,260.62627849598,3297,463.302489105882,"logrmse"
2019-09-05,544,260.190268368421,3662,446.11583408134,"logrmse"
2019-09-05,663,260.073672401725,1440,217.36762144804,"logrmse"
2019-09-05,334,260.396025956707,1582,242.080599317906,"logrmse"
2019-09-05,338,260.392106764549,2971,391.19095029808,"logrmse"
2019-09-05,159,260.567490613612,2517,324.63191921181,"logrmse"
2019-09-05,352,260.378389591997,2960,390.643776399902,"logrmse"
2019-09-05,167,260.559652229296,1980,281.595110329004,"logrmse"
2019-09-05,112,260.613541121467,1449,186.859914903194,"logrmse"
2019-09-05,142,260.584147180283,1554,192.376461313397,"logrmse"
2019-09-05,380,260.350955246892,1346,177.890841816499,"logrmse"
2019-09-05,155,260.57140980577,1150,136.712807516693,"logrmse"
2019-09-05,68,260.656652235203,805,102.78239876949,"logrmse"
2019-09-05,128,260.597864352835,840,107.795758332928,"logrmse"
2019-09-05,505,260.228480491959,1959,232.670308818115,"logrmse"
2019-09-05,189,260.538096672428,1032,121.716229254595,"logrmse"
2019-09-05,121,260.604722939112,1643,214.153026933218,"logrmse"
2019-09-05,210,260.5175209136,1803,223.000234190773,"logrmse"
2019-09-05,80,260.644894658729,331,63.1213889442074,"logrmse"
2019-09-05,170,260.556712835178,991,135.748265231149,"logrmse"
2019-09-05,224,260.503803741047,902,131.047588305121,"logrmse"
2019-09-05,96,260.629217890098,1056,128.539020724757,"logrmse"
2019-09-05,81,260.64391486069,781,109.880532417874,"logrmse"
2019-09-05,76,260.648813850887,708,84.8177545859986,"logrmse"
2019-09-05,215,260.512621923402,1222,162.904254173854,"logrmse"
2019-09-05,70,260.654692639124,1820,225.942650044444,"logrmse"
2019-09-05,151,260.575328997928,896,119.889703494906,"logrmse"
2019-09-05,187,260.540056268507,1026,135.644887741744,"logrmse"
2019-09-05,240,260.488126972416,2832,322.262561394519,"logrmse"
2019-09-05,142,260.584147180283,577,82.7275730799045,"logrmse"
2019-09-05,118,260.60766233323,1022,126.222311141814,"logrmse"
2019-09-05,217,260.510662327323,1196,154.84491158418,"logrmse"
2019-09-05,92,260.633137082256,820,96.9903704896437,"logrmse"
2019-09-05,209,260.518500711639,598,78.1600961199503,"logrmse"
2019-09-05,101,260.624318899901,650,85.4880276830277,"logrmse"
2019-09-05,74,260.650773446966,576,73.7647195273871,"logrmse"
2019-09-05,185,260.542015864586,364,51.4571026483126,"logrmse"
2019-09-05,95,260.630197688137,842,109.52668528871,"logrmse"
2019-09-05,91,260.634116880295,1142,137.672473262575,"logrmse"
2019-09-05,511,260.222601703723,516,85.8421716536202,"logrmse"
2019-09-05,83,260.641955264611,1192,140.484364016516,"logrmse"
2019-09-05,436,260.296086556682,2246,284.205705047016,"logrmse"
2019-09-05,363,260.367611813563,3493,421.785749865977,"logrmse"
2019-09-05,911,259.830682487939,3163,369.867330352464,"logrmse"
2019-09-05,601,260.134419880171,2667,317.800575796049,"logrmse"
2019-09-05,381,260.349975448852,4302,484.71924198021,"logrmse"
2019-09-05,771,259.967854213463,3061,351.034205080468,"logrmse"
2019-09-05,87,260.638036072453,865,123.930699884219,"logrmse"
2019-09-05,62,260.66253102344,887,108.404197039059,"logrmse"
2019-09-05,116,260.609621929309,867,119.737028171444,"logrmse"
2019-09-05,118,260.60766233323,733,97.9069700173643,"logrmse"
2019-09-05,76,260.648813850887,678,88.7109332865521,"logrmse"
2019-09-05,103,260.622359303822,1163,136.262159707528,"logrmse"
2019-09-05,214,260.513601721442,909,118.54526318631,"logrmse"
2019-09-05,225,260.502823943008,680,83.6008992111429,"logrmse"
2019-09-05,71,260.653712841084,670,83.8032793880877,"logrmse"
2019-09-05,513,260.220642107644,1657,211.436937876744,"logrmse"
2019-09-05,330,260.399945148865,1601,210.541172981028,"logrmse"
2019-09-05,67,260.657632033242,2459,309.760465809933,"logrmse"
2019-09-05,35,260.688985570505,521,86.6569053488638,"logrmse"
2019-09-05,289,260.440116868482,3616,452.960089745482,"logrmse"
2019-09-05,273,260.455793637114,1703,231.138328979682,"logrmse"
2019-09-05,321,260.40876333122,2580,311.848208481155,"logrmse"
2019-09-05,261,260.467551213587,1127,159.457319604018,"logrmse"
2019-09-05,201,260.526339095955,994,136.486108513789,"logrmse"
2019-09-05,124,260.601783544993,1084,147.501616948601,"logrmse"
2019-09-05,154,260.572389603809,5615,691.671070014573,"logrmse"
2019-09-05,273,260.455793637114,1640,229.537854137292,"logrmse"
2019-09-05,1017,259.726823895757,4469,548.778018158271,"logrmse"
2019-09-05,165,260.561611825375,3632,473.786534432567,"logrmse"
2019-09-05,249,260.479308790061,2386,309.657156573988,"logrmse"
2019-09-05,273,260.455793637114,2089,289.754737505526,"logrmse"
2019-09-05,834,259.906126936978,7734,1015.50067730537,"logrmse"
2019-09-05,468,260.264733019419,2140,307.602198514362,"logrmse"
2019-09-05,449,260.283349182169,7720,1001.21393679424,"logrmse"
2019-09-05,126,260.599823948914,855,115.744946957767,"logrmse"
2019-09-05,139,260.587086574401,842,107.550822763484,"logrmse"
2019-09-05,184,260.542995662626,1817,240.30571565166,"logrmse"
2019-09-05,725,260.012924923279,4491,541.561260885577,"logrmse"
2019-09-05,375,260.355854237089,3743,420.191129184448,"logrmse"
2019-09-05,307,260.422480503772,1650,204.369004826026,"logrmse"
2019-09-05,127,260.598844150875,1646,221.681247162689,"logrmse"
2019-09-05,124,260.601783544993,1143,139.337134763724,"logrmse"
2019-09-05,105,260.620399707743,592,76.8481040832055,"logrmse"
2019-09-05,98,260.627258294019,1554,187.309267944782,"logrmse"
2019-09-05,172,260.554753239099,1179,153.93966072266,"logrmse"
2019-09-05,76,260.648813850887,871,141.986496377153,"logrmse"
2019-09-05,162,260.564551219494,913,143.143288146938,"logrmse"
2019-09-05,141,260.585126978322,1664,212.061257814026,"logrmse"
2019-09-05,638,260.098167352711,5355,679.849691713801,"logrmse"
2019-09-05,92,260.633137082256,1936,325.408141147783,"logrmse"
2019-09-05,630,260.106005737027,5316,662.908858338435,"logrmse"
2019-09-05,269,260.459712829272,2327,281.376584857778,"logrmse"
2019-09-05,505,260.228480491959,3325,371.966329007466,"logrmse"
2019-09-05,198,260.529278490073,1296,156.435279438563,"logrmse"
2019-09-05,292,260.437177474364,1366,176.074623522882,"logrmse"
2019-09-05,273,260.455793637114,2326,287.911817936192,"logrmse"
2019-09-05,539,260.195167358618,8631,1110.64404828274,"logrmse"
2019-09-05,913,259.82872289186,4566,604.655010851357,"logrmse"
2019-09-05,307,260.422480503772,5344,755.789160843594,"logrmse"
2019-09-05,766,259.972753203661,4148,530.552140453132,"logrmse"
2019-09-05,531,260.203005742933,2848,371.173299112803,"logrmse"
2019-09-05,394,260.337238074339,6150,836.826105212326,"logrmse"
2019-09-05,82,260.64293506265,1764,295.861191617617,"logrmse"
2019-09-05,173,260.55377344106,1089,214.526616709563,"logrmse"
2019-09-05,0,260.723278501886,1201,213.203354263949,"logrmse"
2019-09-05,561,260.17361180175,1471,196.576842673902,"logrmse"
2019-09-05,482,260.251015846867,923,172.079059690591,"logrmse"
2019-09-05,516,260.217702713525,6305,924.395963446369,"logrmse"
2019-09-05,412,260.319601709629,1380,177.085584912338,"logrmse"
2019-09-05,154,260.572389603809,8577,1053.99820481638,"logrmse"
2019-09-05,267,260.461672425351,801,99.8168366849103,"logrmse"
2019-09-05,157,260.569450209691,1248,173.062682054616,"logrmse"
2019-09-05,3482,257.311621728491,17668,2130.92187026692,"logrmse"
2019-09-05,412,260.319601709629,2628,367.581664183297,"logrmse"
2019-09-05,148,260.578268392046,1747,207.719137792823,"logrmse"
2019-09-05,222,260.505763337126,2354,269.799428837223,"logrmse"
2019-09-05,154,260.572389603809,1159,141.599349451509,"logrmse"
2019-09-05,283,260.445995656719,4696,577.138958760394,"logrmse"
2019-09-05,286,260.443056262601,1943,273.713035782687,"logrmse"
2019-09-05,585,260.150096648803,529,77.8702417763523,"logrmse"
2019-09-05,61,260.663510821479,936,139.579322212855,"logrmse"
2019-09-05,558,260.176551195868,4161,634.480313722745,"logrmse"
2019-09-05,382,260.348995650813,1704,285.128005204338,"logrmse"
2019-09-05,195,260.532217884192,2517,359.951486527246,"logrmse"
2019-09-05,895,259.846359256571,7777,1012.07032269019,"logrmse"
2019-09-05,3700,257.098025755889,6215,784.049041767564,"logrmse"
2019-09-05,219,260.508702731245,1133,161.816802237732,"logrmse"
2019-09-05,212,260.515561317521,3230,363.03529302389,"logrmse"
2019-09-05,203,260.524379499876,1946,245.843806002803,"logrmse"
2019-09-05,220,260.507722933205,972,156.149806850801,"logrmse"
2019-09-05,337,260.393086562588,3109,416.447138504855,"logrmse"
2019-09-05,487,260.24611685667,3873,441.014143342971,"logrmse"
2019-09-05,412,260.319601709629,3109,342.812792311475,"logrmse"
2019-09-05,128,260.597864352835,989,120.423010371368,"logrmse"
2019-09-05,52,260.672329003834,807,111.675204971785,"logrmse"
2019-09-05,210,260.5175209136,1689,241.502942277491,"logrmse"
2019-09-05,299,260.430318888088,2353,357.358358697609,"logrmse"
2019-09-05,428,260.303924940998,1571,207.200135505787,"logrmse"
2019-09-05,319,260.410722927299,616,79.7306448277183,"logrmse"
2019-09-05,76,260.648813850887,1242,147.092395960598,"logrmse"
2019-09-05,1021,259.722904703599,4698,565.392354580799,"logrmse"
2019-09-05,241,260.487147174377,1941,225.456464205888,"logrmse"
2019-09-05,76,260.648813850887,551,78.3107956073728,"logrmse"
2019-09-05,96,260.629217890098,484,65.5349249444958,"logrmse"
2019-09-05,550,260.184389580184,4048,513.672516805783,"logrmse"
2019-09-05,489,260.244157260591,3061,380.852452724577,"logrmse"
2019-09-05,368,260.362712823365,9740,1079.21667283136,"logrmse"
2019-09-05,95,260.630197688137,1370,178.47981902267,"logrmse"
2019-09-05,250,260.478328992021,1368,176.75573687688,"logrmse"
2019-09-05,317,260.412682523378,1378,179.41352478495,"logrmse"
2019-09-05,156,260.57043000773,1141,195.670271411547,"logrmse"
2019-09-05,143,260.583167382243,1951,255.549859288868,"logrmse"
2019-09-05,24,260.699763348939,5241,757.775676143188,"logrmse"
2019-09-05,186,260.541036066547,2635,328.4809351349,"logrmse"
2019-09-05,107,260.618440111664,417,102.110719180966,"logrmse"
2019-09-05,944,259.798349152637,3486,386.548588283731,"logrmse"
2019-09-05,138,260.588066372441,971,145.291352033209,"logrmse"
2019-09-05,48,260.676248195992,770,93.8791008106834,"logrmse"
2019-09-05,315,260.414642119457,2390,300.857585409757,"logrmse"
2019-09-05,876,259.86497541932,3650,450.662352591974,"logrmse"
2019-09-05,223,260.504783539087,1482,193.91207219043,"logrmse"
2019-09-05,374,260.356834035128,1924,234.303092638009,"logrmse"
2019-09-05,162,260.564551219494,8745,996.548720769118,"logrmse"
2019-09-05,68,260.656652235203,904,138.389805355658,"logrmse"
2019-09-05,130,260.595904756756,1784,253.173221253501,"logrmse"
2019-09-05,626,260.109924929185,4537,573.682500410065,"logrmse"
2019-09-05,206,260.521440105758,3266,455.650622707945,"logrmse"
2019-09-05,252,260.476369395942,1181,171.519601489076,"logrmse"
2019-09-05,146,260.580227988125,1200,177.949148892773,"logrmse"
2019-09-05,184,260.542995662626,1090,166.509929690337,"logrmse"
2019-09-05,371,260.359773429247,2215,317.346492457861,"logrmse"
2019-09-05,217,260.510662327323,661,80.0880739082168,"logrmse"
2019-09-05,73,260.651753245006,913,115.764707013513,"logrmse"
2019-09-05,88,260.637056274414,1100,133.945425097925,"logrmse"
2019-09-05,1573,259.182056185818,4269,546.625484511716,"logrmse"
2019-09-05,348,260.382308784154,3637,480.220474713103,"logrmse"
2019-09-05,109,260.616480515585,1586,211.7979632913,"logrmse"
2019-09-05,301,260.428359292009,1937,276.729349724347,"logrmse"
2019-09-05,232,260.495965356732,1210,179.317229505317,"logrmse"
2019-09-05,131,260.594924958717,853,128.71540651339,"logrmse"
2019-09-05,108,260.617460313624,1189,144.391497381616,"logrmse"
2019-09-05,190,260.537116874389,852,109.036551715451,"logrmse"
2019-09-05,138,260.588066372441,2409,327.551540721049,"logrmse"
2019-09-05,190,260.537116874389,1590,210.793600488182,"logrmse"
2019-09-05,828,259.912005725214,3483,442.33748832612,"logrmse"
2019-09-05,842,259.898288552662,5298,583.372851494638,"logrmse"
2019-09-05,538,260.196147156657,5529,606.959153457747,"logrmse"
2019-09-05,150,260.576308795967,1361,185.964967713366,"logrmse"
2019-09-05,281,260.447955252798,1666,203.81852596078,"logrmse"
2019-09-05,318,260.411702725338,1778,233.397435300142,"logrmse"
2019-09-05,443,260.289227970406,1830,234.011741291211,"logrmse"
2019-09-05,270,260.458733031232,1744,260.720933604905,"logrmse"
2019-09-05,391,260.340177468458,3651,543.455627520062,"logrmse"
2019-09-05,481,260.251995644906,2103,270.733983208462,"logrmse"
2019-09-05,238,260.490086568495,1000,142.173812284059,"logrmse"
2019-09-05,324,260.405823937101,3331,382.098370573123,"logrmse"
2019-09-05,376,260.35487443905,1694,192.590092646334,"logrmse"
2019-09-05,416,260.315682517471,2708,318.345130036648,"logrmse"
2019-09-05,483,260.250036048827,909,112.696376903561,"logrmse"
2019-09-05,135,260.591005766559,2008,222.584381527214,"logrmse"
2019-09-05,126,260.599823948914,2106,229.242185816813,"logrmse"
2019-09-05,375,260.355854237089,1914,229.570902461455,"logrmse"
2019-09-05,264,260.464611819469,1653,220.719548509243,"logrmse"
2019-09-05,410,260.321561305708,2951,306.482431589761,"logrmse"
2019-09-05,774,259.964914819345,2556,268.44595973759,"logrmse"
2019-09-05,690,260.04721785466,2630,285.542214815247,"logrmse"
2019-09-05,303,260.42639969593,2138,313.185830214285,"logrmse"
2019-09-05,736,260.002147144845,2416,259.321686755458,"logrmse"
2019-09-05,0,260.723278501886,2903,418.853230842205,"logrmse"
2019-09-05,397,260.334298680221,1531,220.572338953352,"logrmse"
2019-09-05,225,260.502823943008,1856,250.130755809665,"logrmse"
2019-09-05,304,260.425419897891,2711,340.648262149321,"logrmse"
2019-09-05,736,260.002147144845,2099,264.165124743091,"logrmse"
2019-09-05,251,260.477349193982,1727,218.560505125349,"logrmse"
2019-09-05,123,260.602763343033,1149,146.579187755664,"logrmse"
2019-09-05,225,260.502823943008,1990,248.208742840075,"logrmse"
2019-09-05,326,260.403864341022,1782,250.31097655566,"logrmse"
2019-09-05,229,260.49890475085,4047,501.343943500902,"logrmse"
2019-09-05,265,260.463632021429,3602,404.297654530451,"logrmse"
2019-09-05,533,260.201046146855,3221,444.490587112939,"logrmse"
2019-09-05,444,260.288248172366,2391,343.581552660582,"logrmse"
2019-09-05,363,260.367611813563,6896,857.560990061228,"logrmse"
2019-09-05,257,260.471470405745,2287,353.512320702449,"logrmse"
2019-09-05,224,260.503803741047,2650,305.573601301332,"logrmse"
2019-09-05,247,260.48126838614,1863,241.574108701663,"logrmse"
2019-09-05,328,260.401904744944,527,84.8523275338053,"logrmse"
2019-09-05,233,260.494985558692,844,112.315637497697,"logrmse"
2019-09-05,137,260.58904617048,1447,204.979268689118,"logrmse"
2019-09-05,552,260.182429984105,4329,557.165559062548,"logrmse"
2019-09-05,203,260.524379499876,3044,435.275632650101,"logrmse"
2019-09-05,577,260.157935033118,1822,225.607128612772,"logrmse"
2019-09-05,489,260.244157260591,6998,953.774905967894,"logrmse"
2019-09-05,166,260.560632027336,3441,493.286345014262,"logrmse"
2019-09-05,447,260.285308778248,1447,240.404417829721,"logrmse"
2019-09-05,314,260.415621917496,3321,479.071078461086,"logrmse"
2019-09-05,300,260.429339090048,2220,299.377902062432,"logrmse"
2019-09-05,80,260.644894658729,644,90.2178088782425,"logrmse"
2019-09-05,400,260.331359286103,4109,554.956604150508,"logrmse"
2019-09-05,735,260.003126942884,2404,300.499998929997,"logrmse"
2019-09-05,936,259.806187536953,4856,636.004640866927,"logrmse"
2019-09-05,430,260.301965344919,2095,337.852804320136,"logrmse"
2019-09-05,447,260.285308778248,2364,305.319978573602,"logrmse"
2019-09-05,913,259.82872289186,2711,377.035482858733,"logrmse"
2019-09-05,254,260.474409799864,2197,286.605870039394,"logrmse"
2019-09-05,484,260.249056250788,5686,699.400009783495,"logrmse"
2019-09-05,884,259.857137035005,1051,147.070595726998,"logrmse"
2019-09-05,227,260.500864346929,1058,138.904274815955,"logrmse"
2019-09-05,707,260.030561287989,5066,610.995992051523,"logrmse"
2019-09-05,398,260.333318882181,2321,277.851409876088,"logrmse"
2019-09-05,345,260.385248178273,963,190.604971422517,"logrmse"
2019-09-05,35,260.688985570505,1919,298.34761743208,"logrmse"
2019-09-05,223,260.504783539087,1734,191.535753931079,"logrmse"
2019-09-05,220,260.507722933205,783,133.38488391409,"logrmse"
2019-09-05,146,260.580227988125,784,107.137979093302,"logrmse"
2019-09-05,378,260.352914842971,882,115.030303159911,"logrmse"
2019-09-05,129,260.596884554796,1229,148.011306821177,"logrmse"
2019-09-05,129,260.596884554796,943,126.344989222686,"logrmse"
2019-09-05,260,260.468531011627,3631,425.783787106465,"logrmse"
2019-09-05,295,260.434238080246,4169,481.470185051195,"logrmse"
2019-09-05,283,260.445995656719,3399,430.590920843765,"logrmse"
2019-09-05,596,260.139318870369,3369,416.693098282543,"logrmse"
2019-09-05,58,260.666450215597,848,112.050561779034,"logrmse"
2019-09-05,153,260.573369401849,970,127.284062121292,"logrmse"
2019-09-05,140,260.586106776362,1509,182.282059832889,"logrmse"
2019-09-05,335,260.395046158667,1729,199.481642312123,"logrmse"
2019-09-05,148,260.578268392046,721,92.8330563027124,"logrmse"
2019-09-05,85,260.639995668532,657,100.490976559156,"logrmse"
2019-09-05,1287,259.462278425103,10809,1268.92694694363,"logrmse"
2019-09-05,318,260.411702725338,3041,360.12116949139,"logrmse"
2019-09-05,159,260.567490613612,871,114.028781704634,"logrmse"
2019-09-05,192,260.53515727831,1526,187.303109778145,"logrmse"
2019-09-05,267,260.461672425351,2267,254.238488166863,"logrmse"
2019-09-05,149,260.577288594007,1595,222.582177788846,"logrmse"
2019-09-05,157,260.569450209691,1525,181.984863961599,"logrmse"
2019-09-05,169,260.557692633217,1432,197.2343049484,"logrmse"
2019-09-05,238,260.490086568495,1658,202.247416565775,"logrmse"
2019-09-05,118,260.60766233323,3285,468.611027251612,"logrmse"
2019-09-05,436,260.296086556682,6608,775.094594669159,"logrmse"
2019-09-05,402,260.329399690024,3575,453.483561734826,"logrmse"
2019-09-05,1347,259.403490542735,2927,353.312593841157,"logrmse"
2019-09-05,54,260.670369407755,1065,180.130987878913,"logrmse"
2019-09-05,938,259.804227940874,4344,496.25994409569,"logrmse"
2019-09-05,192,260.53515727831,887,107.935576369163,"logrmse"
2019-09-05,159,260.567490613612,1516,191.295655802212,"logrmse"
2019-09-05,613,260.122662303698,1168,143.065025175958,"logrmse"
2019-09-05,123,260.602763343033,2014,224.746993044785,"logrmse"
2019-09-05,186,260.541036066547,1527,177.539108791698,"logrmse"
2019-09-05,205,260.522419903797,1097,145.969517954372,"logrmse"
2019-09-05,87,260.638036072453,1414,181.529354454472,"logrmse"
2019-09-05,128,260.597864352835,518,85.5731828345004,"logrmse"
2019-09-05,290,260.439137070443,1090,140.935089609607,"logrmse"
2019-09-05,373,260.357813833168,7262,869.807134973497,"logrmse"
2019-09-05,311,260.418561311614,3433,549.745370278548,"logrmse"
2019-09-05,411,260.320581507669,3759,486.119053227787,"logrmse"
2019-09-05,3947,256.856015640143,10090,1246.59485951565,"logrmse"
2019-09-05,1248,259.500490548642,5714,773.749583279867,"logrmse"
2019-09-05,421,260.310783527274,1498,196.093635638948,"logrmse"
2019-09-05,205,260.522419903797,687,128.784455702325,"logrmse"
2019-09-05,134,260.591985564599,1046,153.799021830804,"logrmse"
2019-09-05,310,260.419541109654,2178,356.836869795613,"logrmse"
2019-09-05,147,260.579248190086,1599,232.941126674824,"logrmse"
2019-09-05,134,260.591985564599,1030,175.904623740236,"logrmse"
2019-09-05,78,260.646854254808,3173,428.466891619394,"logrmse"
2019-09-05,266,260.46265222339,4043,506.870298615876,"logrmse"
2019-09-05,141,260.585126978322,1192,161.384483021812,"logrmse"
2019-09-05,262,260.466571415548,868,148.946389160235,"logrmse"
2019-09-05,2401,258.370783409146,20422,2268.89863603994,"logrmse"
2019-09-05,438,260.294126960603,5278,750.563518715481,"logrmse"
2019-09-05,93,260.632157284216,1494,192.131938810195,"logrmse"
2019-09-05,713,260.024682499752,4042,461.072391438752,"logrmse"
2019-09-05,151,260.575328997928,2390,302.997376391754,"logrmse"
2019-09-05,629,260.106985535067,3441,398.79150961763,"logrmse"
2019-09-05,451,260.28138958609,3405,451.606542232846,"logrmse"
2019-09-05,160,260.566510815573,2736,356.394743481475,"logrmse"
2019-09-05,866,259.874773399715,3830,433.663923760938,"logrmse"
2019-09-05,2462,258.311015728739,9647,1197.39482656674,"logrmse"
2019-09-05,1932,258.830308689652,9552,1102.51047832562,"logrmse"
2019-09-05,636,260.10012694879,151,38.2993632991957,"logrmse"
2019-09-05,70,260.654692639124,1223,182.08834032428,"logrmse"
2019-09-05,153,260.573369401849,601,112.855503675512,"logrmse"
2019-09-05,110,260.615500717546,1070,137.524767795488,"logrmse"
2019-09-05,196,260.531238086152,974,144.098462157405,"logrmse"
2019-09-05,1150,259.596510756509,7543,870.497418739286,"logrmse"
2019-09-05,579,260.15597543704,4031,514.541816718173,"logrmse"
2019-09-05,185,260.542015864586,3552,473.268256900964,"logrmse"
2019-09-05,234,260.494005760653,1018,148.577950174366,"logrmse"
2019-09-05,304,260.425419897891,1318,186.877443765306,"logrmse"
2019-09-05,208,260.519480509679,2228,303.35249339029,"logrmse"
2019-09-05,404,260.327440093945,4243,530.402958841946,"logrmse"
2019-09-05,278,260.450894646917,4652,567.676630145959,"logrmse"
2019-09-05,1035,259.709187531046,7390,896.592964655393,"logrmse"
2019-09-05,125,260.600803746954,1575,233.735074828693,"logrmse"
2019-09-05,659,260.077591593883,7148,975.890302246494,"logrmse"
2019-09-05,188,260.539076470468,2605,332.108121354787,"logrmse"
2019-09-05,109,260.616480515585,1323,185.161018750515,"logrmse"
2019-09-05,195,260.532217884192,1724,298.100916943107,"logrmse"
2019-09-05,199,260.528298692034,2771,414.136457565414,"logrmse"
2019-09-05,373,260.357813833168,2038,241.959113790753,"logrmse"
2019-09-05,184,260.542995662626,1992,237.197879613514,"logrmse"
2019-09-05,394,260.337238074339,6083,755.244938421933,"logrmse"
2019-09-05,273,260.455793637114,539,79.0452651728574,"logrmse"
2019-09-05,285,260.44403606064,1666,211.71049031903,"logrmse"
2019-09-05,104,260.621379505782,1431,179.705622278814,"logrmse"
2019-09-05,117,260.608642131269,1627,192.873999079651,"logrmse"
2019-09-05,443,260.289227970406,2440,290.769456139962,"logrmse"
2019-09-05,108,260.617460313624,1142,161.249541790441,"logrmse"
2019-09-05,231,260.496945154771,1590,201.898858684163,"logrmse"
2019-09-05,135,260.591005766559,1394,171.358370083434,"logrmse"
2019-09-05,2033,258.731349087667,8883,1112.62980041612,"logrmse"
2019-09-05,792,259.947278454635,1939,272.347762508767,"logrmse"
2019-09-05,431,260.300985546879,4405,574.493915158341,"logrmse"
2019-09-05,424,260.307844133156,2869,351.748045751156,"logrmse"
2019-09-05,221,260.506743135166,3659,505.439707657909,"logrmse"
2019-09-05,83,260.641955264611,956,139.176253208062,"logrmse"
2019-09-05,355,260.375450197878,3177,348.706288405228,"logrmse"
2019-09-05,242,260.486167376337,1735,266.444135536148,"logrmse"
2019-09-05,631,260.105025938988,1597,213.04243585542,"logrmse"
2019-09-05,163,260.563571421454,2524,302.987822219466,"logrmse"
2019-09-05,220,260.507722933205,3403,432.613708460102,"logrmse"
2019-09-05,213,260.514581519481,1861,282.789613381809,"logrmse"
2019-09-05,95,260.630197688137,968,119.573390628564,"logrmse"
2019-09-05,868,259.872813803636,4507,596.130496506418,"logrmse"
2019-09-05,598,260.13735927429,2249,288.386258849244,"logrmse"
2019-09-05,578,260.156955235079,2090,277.273260893847,"logrmse"
2019-09-05,209,260.518500711639,528,94.9728169564045,"logrmse"
2019-09-05,175,260.551813844981,2418,289.189357803722,"logrmse"
2019-09-05,174,260.55279364302,1563,200.57779244945,"logrmse"
2019-09-05,208,260.519480509679,651,93.0484549375854,"logrmse"
2019-09-05,153,260.573369401849,1022,137.912063217343,"logrmse"
2019-09-05,210,260.5175209136,1667,217.741007146249,"logrmse"
2019-09-05,182,260.544955258705,1255,173.128432862883,"logrmse"
2019-09-05,165,260.561611825375,1660,213.87498410507,"logrmse"
2019-09-05,221,260.506743135166,1131,158.644381672869,"logrmse"
2019-09-05,143,260.583167382243,2031,255.828133212056,"logrmse"
2019-09-05,300,260.429339090048,1080,138.303045140271,"logrmse"
2019-09-05,318,260.411702725338,4727,615.527507724914,"logrmse"
2019-09-05,186,260.541036066547,1295,171.537236024413,"logrmse"
2019-09-05,257,260.471470405745,2420,288.042184665822,"logrmse"
2019-09-05,399,260.332339084142,2054,275.912826511953,"logrmse"
2019-09-05,232,260.495965356732,2317,310.838367699652,"logrmse"
2019-09-05,225,260.502823943008,973,111.95396011488,"logrmse"
2019-09-05,515,260.218682511565,4170,509.196837321034,"logrmse"
2019-09-05,406,260.325480497866,1132,136.69531831188,"logrmse"
2019-09-05,531,260.203005742933,2163,325.806357358908,"logrmse"
2019-09-05,664,260.072692603685,4224,575.881680312278,"logrmse"
2019-09-05,431,260.300985546879,2293,396.890728735606,"logrmse"
2019-09-05,209,260.518500711639,1323,242.989617668372,"logrmse"
2019-09-05,2116,258.650025850392,3977,494.165884509442,"logrmse"
2019-09-05,68,260.656652235203,3188,391.222548057629,"logrmse"
2019-09-05,127,260.598844150875,1364,171.615882813,"logrmse"
2019-09-05,415,260.316662315511,1317,162.362357584275,"logrmse"
2019-09-05,31,260.692904762663,759,132.250698324651,"logrmse"
2019-09-05,567,260.167733013513,1746,265.328477615559,"logrmse"
2019-09-05,286,260.443056262601,3001,409.408077779805,"logrmse"
2019-09-05,501,260.232399684117,2633,325.635112557804,"logrmse"
2019-09-05,197,260.530258288113,1896,263.463171483571,"logrmse"
2019-09-05,270,260.458733031232,1708,269.267224488737,"logrmse"
2019-09-05,269,260.459712829272,1851,244.945823416445,"logrmse"
2019-09-05,621,260.114823919382,5060,564.691275661002,"logrmse"
2019-09-05,454,260.278450191972,2416,287.344673571923,"logrmse"
2019-09-05,910,259.831662285979,6831,765.398234865066,"logrmse"
2019-09-05,480,260.252975442946,3020,337.087832095165,"logrmse"
2019-09-05,932,259.810106729111,2737,328.162858753414,"logrmse"
2019-09-05,113,260.612561323427,961,124.529143725694,"logrmse"
2019-09-05,267,260.461672425351,1837,365.145384183595,"logrmse"
2019-09-05,226,260.501844144968,1656,218.488040263805,"logrmse"
2019-09-05,114,260.611581525388,1513,171.829430308126,"logrmse"
2019-09-05,73,260.651753245006,272,61.0581468403299,"logrmse"
2019-09-05,984,259.759157231059,3206,468.082040531284,"logrmse"
2019-09-05,459,260.273551201775,3895,443.243119333644,"logrmse"
2019-09-05,424,260.307844133156,2167,248.029315255944,"logrmse"
2019-09-05,549,260.185369378223,1583,188.59843787815,"logrmse"
2019-09-05,182,260.544955258705,2908,338.917871983733,"logrmse"
2019-09-05,205,260.522419903797,1992,236.062832012549,"logrmse"
2019-09-05,385,260.346056256694,1196,226.215948606767,"logrmse"
2019-09-05,362,260.368591611602,2314,300.615761050696,"logrmse"
2019-09-05,362,260.368591611602,2250,268.340473352059,"logrmse"
2019-09-05,175,260.551813844981,4316,599.294783813517,"logrmse"
2019-09-05,2850,257.930854089429,6381,714.420272645422,"logrmse"
2019-09-05,1907,258.854803640639,9676,1122.56799182102,"logrmse"
2019-09-05,453,260.279429990011,8970,1068.82615336761,"logrmse"
2019-09-05,1664,259.092894564227,20151,2255.60169757368,"logrmse"
2019-09-05,132,260.593945160677,1845,263.287986621064,"logrmse"
2019-09-05,570,260.164793619395,1746,245.025687896003,"logrmse"
2019-09-05,2103,258.662763224905,9574,1165.35935564049,"logrmse"
2019-09-05,92,260.633137082256,1991,272.765622799908,"logrmse"
2019-09-05,759,259.979611789937,3185,541.710425740899,"logrmse"
2019-09-05,321,260.40876333122,3781,474.688420451305,"logrmse"
2019-09-05,185,260.542015864586,2385,289.315440815895,"logrmse"
2019-09-05,370,260.360753227286,1321,171.174232262183,"logrmse"
2019-09-05,270,260.458733031232,2998,333.829550052255,"logrmse"
2019-09-05,0,260.723278501886,8505,1198.31123641618,"logrmse"
2019-09-05,1061,259.68371278202,5326,771.941795523639,"logrmse"
2019-09-05,70,260.654692639124,1351,212.750370476846,"logrmse"
2019-09-05,514,260.219662309604,7570,828.756211045221,"logrmse"
2019-09-05,4284,256.525823700845,7376,830.537380709279,"logrmse"
2019-09-05,314,260.415621917496,1889,250.429766313273,"logrmse"
2019-09-05,333,260.397005754746,2015,276.393523818776,"logrmse"
2019-09-05,449,260.283349182169,3242,426.065038244278,"logrmse"
2019-09-05,1557,259.197732954449,7868,889.005861091188,"logrmse"
2019-09-05,1302,259.447581454511,10224,1120.89499173524,"logrmse"
2019-09-05,148,260.578268392046,6290,792.539007340134,"logrmse"
2019-09-05,2732,258.046470258085,3549,451.437511228992,"logrmse"
2019-09-05,889,259.852238044807,6539,726.119676669542,"logrmse"
2019-09-05,668,260.068773411528,5228,651.552429185142,"logrmse"
2019-09-05,323,260.406803735141,3192,407.571269903406,"logrmse"
2019-09-05,330,260.399945148865,1552,208.322627200472,"logrmse"
2019-09-05,85,260.639995668532,2228,361.330567536216,"logrmse"
2019-09-05,222,260.505763337126,8850,1055.49673126188,"logrmse"
2019-09-05,433,260.2990259508,5752,687.250143356746,"logrmse"
2019-09-05,168,260.558672431257,1212,149.006081527798,"logrmse"
2019-09-05,371,260.359773429247,922,134.135608524817,"logrmse"
2019-09-05,277,260.451874444956,2615,336.651117867512,"logrmse"
2019-09-05,1224,259.524005701589,5507,635.147469892569,"logrmse"
2019-09-05,974,259.768955211453,5019,586.780675592404,"logrmse"
2019-09-05,473,260.259834029222,1725,254.232238458524,"logrmse"
2019-09-05,611,260.124621899777,5031,732.418190146182,"logrmse"
2019-09-05,159,260.567490613612,682,99.3694675067289,"logrmse"
2019-09-05,71,260.653712841084,3085,363.060191211413,"logrmse"
2019-09-05,158,260.568470411652,779,88.3460107366423,"logrmse"
2019-09-05,207,260.520460307718,5956,709.309838941843,"logrmse"
2019-09-05,450,260.28236938413,2653,321.136892311678,"logrmse"
2019-09-05,1116,259.62982388985,5967,672.671681911441,"logrmse"
2019-09-05,521,260.212803723328,2145,280.610643085091,"logrmse"
2019-09-05,317,260.412682523378,6157,742.4914776731,"logrmse"
2019-09-05,1002,259.741520866349,6384,782.452143850757,"logrmse"
2019-09-05,2145,258.621611707247,7446,841.637688926728,"logrmse"
2019-09-05,205,260.522419903797,2809,424.584384160876,"logrmse"
2019-09-05,239,260.489106770455,2235,270.922538531728,"logrmse"
2019-09-05,736,260.002147144845,1735,237.249716313937,"logrmse"
2019-09-05,374,260.356834035128,5361,566.546915664066,"logrmse"
2019-09-05,537,260.197126954697,4243,470.075971331339,"logrmse"
2019-09-05,526,260.207904733131,2295,294.865470512646,"logrmse"
2019-09-05,420,260.311763325313,4641,553.821187379611,"logrmse"
2019-09-05,203,260.524379499876,2100,319.592965236342,"logrmse"
2019-09-05,256,260.472450203785,5365,613.735247057708,"logrmse"
2019-09-05,342,260.388187572391,433,106.230675197302,"logrmse"
2019-09-05,205,260.522419903797,723,79.0431988653731,"logrmse"
2019-09-05,231,260.496945154771,2867,403.323293609753,"logrmse"
2019-09-05,617,260.11874311154,1820,257.080370528919,"logrmse"
2019-09-05,198,260.529278490073,1892,331.912835499534,"logrmse"
2019-09-05,258,260.470490607706,2082,301.17144405124,"logrmse"
2019-09-05,104,260.621379505782,1095,168.806581935062,"logrmse"
2019-09-05,231,260.496945154771,1637,234.41855023566,"logrmse"
2019-09-05,350,260.380349188076,2781,338.461937883903,"logrmse"
2019-09-05,1024,259.71996530948,1717,225.123534963269,"logrmse"
2019-09-05,341,260.389167370431,2259,337.82947171309,"logrmse"
2019-09-05,131,260.594924958717,1364,185.404091295558,"logrmse"
2019-09-05,379,260.351935044931,2270,260.466721149535,"logrmse"
2019-09-05,421,260.310783527274,2639,345.460676869062,"logrmse"
2019-09-05,229,260.49890475085,3076,370.862104127865,"logrmse"
2019-09-05,85,260.639995668532,794,197.861618616196,"logrmse"
2019-09-05,256,260.472450203785,4380,561.961994161335,"logrmse"
2019-09-05,126,260.599823948914,4030,534.421144616177,"logrmse"
2019-09-05,213,260.514581519481,2733,309.146691230438,"logrmse"
2019-09-05,215,260.512621923402,941,120.773658537374,"logrmse"
2019-09-05,100,260.62529869794,2466,306.465706378585,"logrmse"
2019-09-05,85,260.639995668532,931,106.585536319283,"logrmse"
2019-09-05,204,260.523399701836,880,116.90739201074,"logrmse"
2019-09-05,396,260.33527847826,1572,223.650025411487,"logrmse"
2019-09-05,947,259.795409758519,2696,395.47706959603,"logrmse"
2019-09-05,338,260.392106764549,1443,207.484595323908,"logrmse"
2019-09-05,270,260.458733031232,2277,307.23203354836,"logrmse"
2019-09-05,276,260.452854242995,2161,294.725182518228,"logrmse"
2019-09-05,612,260.123642101737,2187,298.971327688498,"logrmse"
2019-09-05,1168,259.578874391798,5359,599.010906453194,"logrmse"
2019-09-05,447,260.285308778248,3019,427.607873204104,"logrmse"
2019-09-05,663,260.073672401725,3902,485.194856171896,"logrmse"
2019-09-05,128,260.597864352835,964,127.611169628416,"logrmse"
2019-09-05,127,260.598844150875,942,123.692052457556,"logrmse"
2019-09-05,147,260.579248190086,1056,133.434271529612,"logrmse"
2019-09-05,171,260.555733037139,570,77.3962319878751,"logrmse"
2019-09-05,241,260.487147174377,1802,251.400086145758,"logrmse"
2019-09-05,161,260.565531017533,1478,215.812127050876,"logrmse"
2019-09-05,249,260.479308790061,1791,209.977159437569,"logrmse"
2019-09-05,292,260.437177474364,2256,293.152657328372,"logrmse"
2019-09-05,1030,259.714086521244,4015,523.20897789715,"logrmse"
2019-09-05,316,260.413662321417,1963,253.279299911221,"logrmse"
2019-09-05,297,260.432278484167,2251,366.438042056821,"logrmse"
2019-09-05,104,260.621379505782,839,106.441719410068,"logrmse"
2019-09-05,212,260.515561317521,1164,239.605521427718,"logrmse"
2019-09-05,584,260.151076446842,7033,947.732483626587,"logrmse"
2019-09-05,716,260.021743105634,3453,461.740321075271,"logrmse"
2019-09-05,689,260.048197652699,6642,893.814179533785,"logrmse"
2019-09-05,420,260.311763325313,2594,340.453980365922,"logrmse"
2019-09-05,237,260.491066366534,3860,461.888699984465,"logrmse"
2019-09-05,429,260.302945142958,1511,194.887477094818,"logrmse"
2019-09-05,265,260.463632021429,2205,282.169119940668,"logrmse"
2019-09-05,597,260.138339072329,2139,264.836025201853,"logrmse"
2019-09-05,211,260.51654111556,1645,199.864652536115,"logrmse"
2019-09-05,79,260.645874456769,733,113.250259759184,"logrmse"
2019-09-05,138,260.588066372441,842,127.768436477967,"logrmse"
2019-09-05,192,260.53515727831,2195,257.02160237978,"logrmse"
2019-09-05,146,260.580227988125,721,111.870482421615,"logrmse"
2019-09-05,65,260.659591629321,830,124.494273277808,"logrmse"
2019-09-05,319,260.410722927299,2972,437.913710811405,"logrmse"
2019-09-05,553,260.181450186065,1781,232.128853467565,"logrmse"
2019-09-05,93,260.632157284216,1899,244.897411561499,"logrmse"
2019-09-05,139,260.587086574401,638,79.9883549812843,"logrmse"
2019-09-05,229,260.49890475085,1579,213.59529777279,"logrmse"
2019-09-05,205,260.522419903797,2096,238.963226927514,"logrmse"
2019-09-05,127,260.598844150875,643,92.5452293933427,"logrmse"
2019-09-05,106,260.619419909703,936,113.547108020672,"logrmse"
2019-09-05,62,260.66253102344,473,67.5122037750792,"logrmse"
2019-09-05,115,260.610601727348,602,82.8859672425264,"logrmse"
2019-09-05,133,260.592965362638,791,100.487284585402,"logrmse"
2019-09-05,436,260.296086556682,1817,241.593307200083,"logrmse"
2019-09-05,583,260.152056244882,2799,358.528729918458,"logrmse"
2019-09-05,209,260.518500711639,1140,146.730605247796,"logrmse"
2019-09-05,558,260.176551195868,2591,334.463812997514,"logrmse"
2019-09-05,404,260.327440093945,1506,184.858339957909,"logrmse"
2019-09-05,664,260.072692603685,2077,255.961528601812,"logrmse"
2019-09-05,472,260.260813827262,1951,226.138508780434,"logrmse"
2019-09-05,241,260.487147174377,1242,162.330469396303,"logrmse"
2019-09-05,240,260.488126972416,1119,145.753665340298,"logrmse"
2019-09-05,194,260.533197682231,1075,126.201961896948,"logrmse"
2019-09-05,183,260.543975460665,1145,140.205936634317,"logrmse"
2019-09-05,286,260.443056262601,1193,151.950378962427,"logrmse"
2019-09-05,96,260.629217890098,1515,197.252439915641,"logrmse"
2019-09-05,108,260.617460313624,783,98.9329318200357,"logrmse"
2019-09-05,232,260.495965356732,1061,135.014780353451,"logrmse"
2019-09-05,59,260.665470417558,774,107.799613280304,"logrmse"
2019-09-05,154,260.572389603809,1248,144.765665936406,"logrmse"
2019-09-05,117,260.608642131269,793,100.357159498372,"logrmse"
2019-09-05,65,260.659591629321,866,107.955613118714,"logrmse"
2019-09-05,77,260.647834052848,546,68.3009473994171,"logrmse"
2019-09-05,194,260.533197682231,1255,148.560532931762,"logrmse"
2019-09-05,171,260.555733037139,1106,135.777080499064,"logrmse"
2019-09-05,222,260.505763337126,1082,150.270483479583,"logrmse"
2019-09-05,176,260.550834046941,1728,228.669431988004,"logrmse"
2019-09-05,442,260.290207768445,2434,356.459199073421,"logrmse"
2019-09-05,291,260.438157272404,3938,466.962970305308,"logrmse"
2019-09-05,221,260.506743135166,2078,253.837199653368,"logrmse"
2019-09-05,321,260.40876333122,3421,424.117316543745,"logrmse"
2019-09-05,396,260.33527847826,1884,286.038846135568,"logrmse"
2019-09-05,218,260.509682529284,3134,366.58084108687,"logrmse"
2019-09-05,189,260.538096672428,827,94.2485555621781,"logrmse"
2019-09-05,837,259.903187542859,6185,693.191281353897,"logrmse"
2019-09-05,210,260.5175209136,1405,175.392140052285,"logrmse"
2019-09-05,191,260.536137076349,528,113.401717264694,"logrmse"
2019-09-05,248,260.4802885881,1673,204.44406825264,"logrmse"
2019-09-05,514,260.219662309604,4019,543.779594584164,"logrmse"
2019-09-05,142,260.584147180283,643,83.8615669842187,"logrmse"
2019-09-05,217,260.510662327323,3889,432.451311397499,"logrmse"
2019-09-05,629,260.106985535067,3845,472.704794120031,"logrmse"
2019-09-05,782,259.957076435029,3813,494.860127235691,"logrmse"
2019-09-05,256,260.472450203785,1245,160.526027233147,"logrmse"
2019-09-05,253,260.475389597903,2086,266.591027109446,"logrmse"
2019-09-05,1217,259.530864287865,5545,658.24323521432,"logrmse"
2019-09-05,226,260.501844144968,3454,416.126139926147,"logrmse"
2019-09-05,344,260.386227976312,2135,262.554186375364,"logrmse"
2019-09-05,320,260.409743129259,1042,129.581265043615,"logrmse"
2019-09-05,274,260.454813839074,2157,240.272770665748,"logrmse"
2019-09-05,233,260.494985558692,1182,147.968902690659,"logrmse"
2019-09-05,194,260.533197682231,2443,306.602867042883,"logrmse"
2019-09-05,249,260.479308790061,1438,186.144736758852,"logrmse"
2019-09-05,347,260.383288582194,1244,160.11000452531,"logrmse"
2019-09-05,510,260.223581501762,1438,189.268486631622,"logrmse"
2019-09-05,338,260.392106764549,1788,249.303394877666,"logrmse"
2019-09-05,501,260.232399684117,916,139.072409884077,"logrmse"
2019-09-05,95,260.630197688137,2098,264.47993112698,"logrmse"
2019-09-05,1064,259.680773387902,3079,425.43233472912,"logrmse"
2019-09-05,222,260.505763337126,4292,498.48269850116,"logrmse"
2019-09-05,328,260.401904744944,2652,394.815826299824,"logrmse"
2019-09-05,196,260.531238086152,2383,307.385814438395,"logrmse"
2019-09-05,252,260.476369395942,2104,258.839359102832,"logrmse"
2019-09-05,254,260.474409799864,1929,263.34644044533,"logrmse"
2019-09-05,160,260.566510815573,1171,145.674682009516,"logrmse"
2019-09-05,1357,259.393692562341,3624,443.453607834808,"logrmse"
2019-09-05,1066,259.678813791823,3591,489.852894486615,"logrmse"
2019-09-05,121,260.604722939112,867,104.67513863661,"logrmse"
2019-09-05,53,260.671349205795,613,79.8601941820629,"logrmse"
2019-09-05,191,260.536137076349,2882,354.737612811027,"logrmse"
2019-09-05,787,259.952177444832,1819,293.173655821311,"logrmse"
2019-09-05,1005,259.73858147223,9731,1061.02189286421,"logrmse"
2019-09-05,75,260.649793648927,353,55.3179668011158,"logrmse"
2019-09-05,257,260.471470405745,3423,407.767435364421,"logrmse"
2019-09-05,153,260.573369401849,961,125.890792744911,"logrmse"
2019-09-05,89,260.636076476374,1627,199.214983559092,"logrmse"
2019-09-05,234,260.494005760653,1624,279.001514040477,"logrmse"
2019-09-05,147,260.579248190086,776,105.247183696258,"logrmse"
2019-09-05,129,260.596884554796,1767,210.954023018059,"logrmse"
2019-09-05,310,260.419541109654,3206,395.639500799563,"logrmse"
2019-09-05,105,260.620399707743,1686,210.05474154427,"logrmse"
2019-09-05,147,260.579248190086,1607,202.385420023647,"logrmse"
2019-09-05,211,260.51654111556,870,118.925551487507,"logrmse"
2019-09-05,604,260.131480486053,1525,190.204454446694,"logrmse"
2019-09-05,305,260.424440099851,3150,394.620044560486,"logrmse"
2019-09-05,550,260.184389580184,4115,485.309421663149,"logrmse"
2019-09-05,383,260.348015852773,2693,341.886057574797,"logrmse"
2019-09-05,118,260.60766233323,683,111.325898264083,"logrmse"
2019-09-05,841,259.899268350701,2800,349.463686275261,"logrmse"
2019-09-05,656,260.080530988001,2306,309.221359145464,"logrmse"
2019-09-05,123,260.602763343033,1669,232.866124192977,"logrmse"
2019-09-06,172,283.329410713451,1683,226.926890059285,"logrmse"
2019-09-06,0,283.497047988067,3599,551.321174300843,"logrmse"
2019-09-06,368,283.138382191214,1716,223.032599803947,"logrmse"
2019-09-06,331,283.174443697963,2114,281.304728329561,"logrmse"
2019-09-06,304,283.200758851536,1884,223.881372816542,"logrmse"
2019-09-06,169,283.332334619404,1577,179.430222452534,"logrmse"
2019-09-06,135,283.3654722202,1006,135.818419923995,"logrmse"
2019-09-06,220,283.282628218209,2312,301.558809241295,"logrmse"
2019-09-06,164,283.337207795991,992,128.725296918397,"logrmse"
2019-09-06,202,283.300171653925,883,119.489101979251,"logrmse"
2019-09-06,205,283.297247747973,1169,153.804017745435,"logrmse"
2019-09-06,149,283.351827325754,1736,219.920448921102,"logrmse"
2019-09-06,159,283.342080972579,880,113.944561516703,"logrmse"
2019-09-06,87,283.412254715442,1091,151.90180480684,"logrmse"
2019-09-06,239,283.264110147176,1583,222.567135182291,"logrmse"
2019-09-06,243,283.260211605906,1434,206.263568032076,"logrmse"
2019-09-06,403,283.104269955101,5478,670.154352697274,"logrmse"
2019-09-06,113,283.386914197186,4295,600.7595948604,"logrmse"
2019-09-06,1137,282.38888763203,9238,1143.25893166431,"logrmse"
2019-09-06,335,283.170545156693,4263,570.154934586622,"logrmse"
2019-09-06,999,282.523387305849,3411,488.929155035879,"logrmse"
2019-09-06,222,283.280678947574,1247,165.54649220659,"logrmse"
2019-09-06,444,283.064309907082,4173,557.883234022835,"logrmse"
2019-09-06,229,283.273856500352,1485,220.914816152331,"logrmse"
2019-09-06,812,282.705644110229,6754,811.43230812488,"logrmse"
2019-09-06,203,283.299197018608,3315,444.274820612313,"logrmse"
2019-09-06,115,283.384964926551,2347,324.235941082558,"logrmse"
2019-09-06,130,283.370345396788,1382,162.112188735661,"logrmse"
2019-09-06,163,283.338182431309,1063,142.308606241006,"logrmse"
2019-09-06,173,283.328436078134,818,124.549962468045,"logrmse"
2019-09-06,303,283.201733486854,1670,218.811593798262,"logrmse"
2019-09-06,248,283.255338429318,1350,164.276744746292,"logrmse"
2019-09-06,279,283.225124734475,1386,182.442738673832,"logrmse"
2019-09-06,206,283.296273112655,2145,261.847949623639,"logrmse"
2019-09-06,501,283.008755693982,2531,310.140810725456,"logrmse"
2019-09-06,128,283.372294667423,1056,138.293840150452,"logrmse"
2019-09-06,185,283.316740454323,542,119.482587447967,"logrmse"
2019-09-06,740,282.775817853091,4529,593.749737292955,"logrmse"
2019-09-06,109,283.390812738456,2328,350.920781058379,"logrmse"
2019-09-06,915,282.605256672522,4753,607.239050527939,"logrmse"
2019-09-06,221,283.281653582892,666,85.2573174126188,"logrmse"
2019-09-06,1939,281.607230107366,13659,1692.63525005436,"logrmse"
2019-09-06,197,283.305044830513,1305,186.364807647539,"logrmse"
2019-09-06,231,283.271907229717,1841,244.881771691073,"logrmse"
2019-09-06,188,283.313816548371,637,88.2330518817629,"logrmse"
2019-09-06,106,283.393736644408,894,117.054413734913,"logrmse"
2019-09-06,103,283.396660550361,1095,135.050823234171,"logrmse"
2019-09-06,138,283.362548314247,1066,166.20316160648,"logrmse"
2019-09-06,325,283.180291509868,2993,370.741879614186,"logrmse"
2019-09-06,298,283.206606663442,3818,445.87007327958,"logrmse"
2019-09-06,1166,282.360623207821,3579,405.922969714711,"logrmse"
2019-09-06,453,283.055538189224,3828,448.783255287771,"logrmse"
2019-09-06,523,282.987313716996,4090,552.275173455343,"logrmse"
2019-09-06,59,283.439544504333,1564,202.094581745732,"logrmse"
2019-09-06,138,283.362548314247,376,65.4573636279009,"logrmse"
2019-09-06,141,283.359624408295,611,94.9965668183323,"logrmse"
2019-09-06,103,283.396660550361,396,76.233641672408,"logrmse"
2019-09-06,262,283.241693534873,1871,241.796971892298,"logrmse"
2019-09-06,394,283.113041672958,1843,242.109573450955,"logrmse"
2019-09-06,207,283.295298477337,2241,281.77450917292,"logrmse"
2019-09-06,96,283.403482997584,1824,221.605192785541,"logrmse"
2019-09-06,135,283.3654722202,1246,152.092046635122,"logrmse"
2019-09-06,286,283.218302287252,1124,131.386609557435,"logrmse"
2019-09-06,224,283.278729676939,1328,156.367897479655,"logrmse"
2019-09-06,445,283.063335271764,4130,567.690245918862,"logrmse"
2019-09-06,470,283.038969388826,1701,255.700122780877,"logrmse"
2019-09-06,587,282.924937056674,3856,445.36531662947,"logrmse"
2019-09-06,13,283.484377728939,1494,192.414523263682,"logrmse"
2019-09-06,357,283.149103179707,2770,379.100596128594,"logrmse"
2019-09-06,307,283.197834945584,3758,501.646077597164,"logrmse"
2019-09-06,105,283.394711279726,3555,501.758247780249,"logrmse"
2019-09-06,601,282.911292162229,4113,496.054185526771,"logrmse"
2019-09-06,737,282.778741759044,1585,239.732302580273,"logrmse"
2019-09-06,378,283.128635838039,1760,268.06438083417,"logrmse"
2019-09-06,397,283.110117767006,3355,436.653926384395,"logrmse"
2019-09-06,205,283.297247747972,2787,358.938790076831,"logrmse"
2019-09-06,349,283.156900262247,3206,423.827488721009,"logrmse"
2019-09-06,181,283.320638995593,2147,305.728326923194,"logrmse"
2019-09-06,133,283.367421490835,1593,204.779318170204,"logrmse"
2019-09-06,151,283.349878055119,1682,206.735161839342,"logrmse"
2019-09-06,417,283.090625060655,1487,193.92589550756,"logrmse"
2019-09-06,169,283.332334619404,1253,148.264945418265,"logrmse"
2019-09-06,101,283.398609820996,867,109.890523520144,"logrmse"
2019-09-06,130,283.370345396788,898,115.55702152174,"logrmse"
2019-09-06,581,282.930784868579,2071,245.85640894027,"logrmse"
2019-09-06,184,283.317715089641,1074,127.159855682784,"logrmse"
2019-09-06,114,283.385939561868,1781,231.118018486302,"logrmse"
2019-09-06,234,283.268983323764,1956,240.549176676924,"logrmse"
2019-09-06,72,283.426874245205,348,67.2418208867117,"logrmse"
2019-09-06,160,283.341106337262,1089,148.176561900942,"logrmse"
2019-09-06,231,283.271907229717,970,140.656599237144,"logrmse"
2019-09-06,128,283.372294667423,1080,132.59728736003,"logrmse"
2019-09-06,52,283.446366951555,861,119.870516254465,"logrmse"
2019-09-06,82,283.417127892029,808,95.3348080397615,"logrmse"
2019-09-06,225,283.277755041622,1347,178.434377796021,"logrmse"
2019-09-06,78,283.421026433299,1931,240.51095360601,"logrmse"
2019-09-06,152,283.348903419802,991,131.44052242347,"logrmse"
2019-09-06,189,283.312841913053,1165,150.985861112004,"logrmse"
2019-09-06,248,283.255338429318,3129,353.963988237308,"logrmse"
2019-09-06,146,283.354751231707,594,86.4030515940843,"logrmse"
2019-09-06,113,283.386914197186,1135,139.021796547215,"logrmse"
2019-09-06,251,283.252414523366,1252,162.989262608254,"logrmse"
2019-09-06,98,283.401533726949,842,100.094243562607,"logrmse"
2019-09-06,190,283.311867277735,600,79.5426443072344,"logrmse"
2019-09-06,103,283.396660550361,710,93.0685060494547,"logrmse"
2019-09-06,73,283.425899609887,636,80.3563872309236,"logrmse"
2019-09-06,192,283.3099180071,367,52.2136203249621,"logrmse"
2019-09-06,89,283.410305444807,847,111.898193653348,"logrmse"
2019-09-06,99,283.400559091631,1198,144.450088966127,"logrmse"
2019-09-06,540,282.970744916598,555,91.469902949426,"logrmse"
2019-09-06,76,283.422975703935,1283,149.861539016908,"logrmse"
2019-09-06,457,283.051639647954,2389,304.13420681026,"logrmse"
2019-09-06,428,283.079904072162,3733,452.364725995797,"logrmse"
2019-09-06,1007,282.515590223309,3482,405.21693130053,"logrmse"
2019-09-06,650,282.863535031669,2954,350.892186964547,"logrmse"
2019-09-06,414,283.093548966608,4653,524.560222800189,"logrmse"
2019-09-06,869,282.650089897129,3299,378.004109467364,"logrmse"
2019-09-06,94,283.405432268219,947,135.197158495481,"logrmse"
2019-09-06,81,283.418102527347,965,118.153978395393,"logrmse"
2019-09-06,152,283.348903419802,946,129.506113671974,"logrmse"
2019-09-06,134,283.366446855517,852,110.513452753375,"logrmse"
2019-09-06,87,283.412254715442,749,97.1490775511153,"logrmse"
2019-09-06,121,283.379117114645,1252,146.58922366958,"logrmse"
2019-09-06,228,283.274831135669,982,127.6836680419,"logrmse"
2019-09-06,237,283.266059417811,781,93.8871829630975,"logrmse"
2019-09-06,83,283.416153256712,718,90.5003701580487,"logrmse"
2019-09-06,586,282.925911691992,1763,226.733079628378,"logrmse"
2019-09-06,351,283.154950991612,1745,230.296895373568,"logrmse"
2019-09-06,77,283.422001068617,2717,339.938610001759,"logrmse"
2019-09-06,31,283.466834293224,554,92.1451569976061,"logrmse"
2019-09-06,295,283.209530569394,3980,495.352467310995,"logrmse"
2019-09-06,286,283.218302287252,1858,251.392182279597,"logrmse"
2019-09-06,313,283.191987133679,2649,324.912533456608,"logrmse"
2019-09-06,309,283.195885674949,1212,171.509454807546,"logrmse"
2019-09-06,216,283.28652675948,1097,148.795001221521,"logrmse"
2019-09-06,128,283.372294667423,1165,156.987029725967,"logrmse"
2019-09-06,144,283.356700502342,6105,751.940448507858,"logrmse"
2019-09-06,332,283.173469062645,1857,259.408321677668,"logrmse"
2019-09-06,1183,282.344054407423,4739,584.779202389019,"logrmse"
2019-09-06,163,283.338182431309,4019,520.535853626928,"logrmse"
2019-09-06,259,283.244617440826,2663,341.454409744087,"logrmse"
2019-09-06,296,283.208555934077,2345,320.874023749843,"logrmse"
2019-09-06,991,282.53118438839,8652,1120.19915143494,"logrmse"
2019-09-06,557,282.9541761162,2317,332.154592984157,"logrmse"
2019-09-06,444,283.064309907082,8561,1102.41428498363,"logrmse"
2019-09-06,129,283.371320032105,974,129.462156435155,"logrmse"
2019-09-06,177,283.324537536863,918,116.074097183551,"logrmse"
2019-09-06,223,283.279704312257,1970,259.862026392657,"logrmse"
2019-09-06,801,282.716365098721,5024,600.778373616298,"logrmse"
2019-09-06,419,283.08867579002,4227,469.227331994489,"logrmse"
2019-09-06,328,283.177367603916,1869,228.686786502459,"logrmse"
2019-09-06,149,283.351827325754,1811,241.101875494958,"logrmse"
2019-09-06,150,283.350852690437,1266,153.26021985009,"logrmse"
2019-09-06,92,283.407381538854,664,85.7123375398592,"logrmse"
2019-09-06,102,283.397635185679,1703,204.002639884278,"logrmse"
2019-09-06,189,283.312841913053,1342,173.070488492569,"logrmse"
2019-09-06,110,283.389838103138,990,160.952770968356,"logrmse"
2019-09-06,177,283.324537536863,1045,164.08606997021,"logrmse"
2019-09-06,159,283.342080972579,1909,241.283235772182,"logrmse"
2019-09-06,674,282.840143784048,5988,754.967077881158,"logrmse"
2019-09-06,112,283.387888832503,2118,357.303871744687,"logrmse"
2019-09-06,709,282.806031547935,5803,722.424713905278,"logrmse"
2019-09-06,282,283.222200828522,2575,309.568290947094,"logrmse"
2019-09-06,582,282.929810233262,3561,398.600789368032,"logrmse"
2019-09-06,197,283.305044830513,1381,167.028290768212,"logrmse"
2019-09-06,311,283.193936404314,1503,192.155386511269,"logrmse"
2019-09-06,295,283.209530569394,2553,314.184578297696,"logrmse"
2019-09-06,597,282.915190703499,9432,1210.60012239028,"logrmse"
2019-09-06,946,282.575042977679,4975,659.647207314575,"logrmse"
2019-09-06,287,283.217327651935,5866,825.731530031302,"logrmse"
2019-09-06,911,282.609155213793,4444,570.295084880203,"logrmse"
2019-09-06,561,282.95027757493,3102,403.564414356379,"logrmse"
2019-09-06,401,283.106219225736,6727,911.400759780311,"logrmse"
2019-09-06,111,283.388863467821,1917,320.693150999936,"logrmse"
2019-09-06,171,283.330385348769,1214,236.105201831154,"logrmse"
2019-09-06,0,283.497047988067,1412,246.836094768768,"logrmse"
2019-09-06,621,282.891799455878,1585,209.996478890509,"logrmse"
2019-09-06,544,282.966846375328,1069,194.239161154058,"logrmse"
2019-09-06,599,282.913241432864,7111,1023.42116901847,"logrmse"
2019-09-06,447,283.061386001129,1485,191.806624885091,"logrmse"
2019-09-06,158,283.343055607897,9361,1147.15889285288,"logrmse"
2019-09-06,324,283.181266145186,1002,120.867648753869,"logrmse"
2019-09-06,180,283.321613630911,1432,194.734514243838,"logrmse"
2019-09-06,3932,279.664781919519,19152,2307.35451933881,"logrmse"
2019-09-06,457,283.051639647954,2891,401.847578836015,"logrmse"
2019-09-06,140,283.360599043612,1895,224.716522770183,"logrmse"
2019-09-06,246,283.257287699954,2539,289.837810329478,"logrmse"
2019-09-06,194,283.307968736465,1275,154.6427421352,"logrmse"
2019-09-06,294,283.210505204712,5287,644.138725754617,"logrmse"
2019-09-06,334,283.17151979201,2172,302.901014692501,"logrmse"
2019-09-06,668,282.845991595954,583,85.6819060919372,"logrmse"
2019-09-06,65,283.433696692427,1064,157.149212232242,"logrmse"
2019-09-06,632,282.881078467385,4570,694.063756164207,"logrmse"
2019-09-06,476,283.03312157692,1893,315.199553931218,"logrmse"
2019-09-06,232,283.270932594399,2758,393.362207493257,"logrmse"
2019-09-06,939,282.581865424902,8417,1097.73033513679,"logrmse"
2019-09-06,4158,279.444514337756,6774,853.970987007858,"logrmse"
2019-09-06,260,283.243642805508,1276,180.397090734352,"logrmse"
2019-09-06,198,283.304070195195,3634,406.17285194934,"logrmse"
2019-09-06,218,283.284577488844,2159,269.751461844813,"logrmse"
2019-09-06,237,283.266059417811,1084,172.694463956207,"logrmse"
2019-09-06,363,283.143255367802,3369,452.363378535663,"logrmse"
2019-09-06,499,283.010704964617,4148,470.908709194125,"logrmse"
2019-09-06,455,283.053588918589,3353,368.140877308268,"logrmse"
2019-09-06,129,283.371320032105,997,122.636004220411,"logrmse"
2019-09-06,50,283.44831622219,823,114.741969305337,"logrmse"
2019-09-06,237,283.266059417811,1828,261.418406163536,"logrmse"
2019-09-06,402,283.105244590418,2561,389.172569226213,"logrmse"
2019-09-06,489,283.020451317792,1727,225.551580582367,"logrmse"
2019-09-06,368,283.138382191214,654,85.3444728473427,"logrmse"
2019-09-06,95,283.404457632901,1379,161.419796228203,"logrmse"
2019-09-06,1150,282.376217372902,5158,618.31938619142,"logrmse"
2019-09-06,225,283.277755041622,2184,251.706839178832,"logrmse"
2019-09-06,72,283.426874245205,588,83.3305790726928,"logrmse"
2019-09-06,111,283.388863467821,474,65.2782279792718,"logrmse"
2019-09-06,633,282.880103832067,4522,567.599922018493,"logrmse"
2019-09-06,520,282.990237622949,3393,419.501362896842,"logrmse"
2019-09-06,453,283.055538189224,10736,1184.94245264089,"logrmse"
2019-09-06,103,283.396660550361,1477,192.698038710988,"logrmse"
2019-09-06,254,283.249490617413,1576,200.567267062348,"logrmse"
2019-09-06,374,283.132534379309,1580,203.143139014582,"logrmse"
2019-09-06,186,283.315765819006,1275,218.014568919653,"logrmse"
2019-09-06,159,283.342080972579,2199,285.172641802795,"logrmse"
2019-09-06,26,283.471707469811,5762,828.072056844517,"logrmse"
2019-09-06,180,283.321613630911,2975,366.994707542379,"logrmse"
2019-09-06,136,283.364497584882,451,112.657478463097,"logrmse"
2019-09-06,1029,282.494148246323,3802,421.064492585117,"logrmse"
2019-09-06,180,283.321613630911,1104,162.802467437593,"logrmse"
2019-09-06,72,283.426874245205,936,110.95324389157,"logrmse"
2019-09-06,347,283.158849532882,2639,329.811779151252,"logrmse"
2019-09-06,990,282.532159023707,3929,485.328408185038,"logrmse"
2019-09-06,207,283.295298477337,1627,211.852802010453,"logrmse"
2019-09-06,408,283.099396778513,2064,251.030042951137,"logrmse"
2019-09-06,203,283.299197018608,9539,1084.59919011518,"logrmse"
2019-09-06,87,283.412254715442,995,150.782997986985,"logrmse"
2019-09-06,123,283.37716784401,1794,261.517004832047,"logrmse"
2019-09-06,652,282.861585761034,5159,642.701815881633,"logrmse"
2019-09-06,238,283.265084782494,3446,485.061795881389,"logrmse"
2019-09-06,281,283.22317546384,1285,186.130230121419,"logrmse"
2019-09-06,181,283.320638995593,1313,193.893016348421,"logrmse"
2019-09-06,185,283.316740454323,1213,183.202031643563,"logrmse"
2019-09-06,446,283.062360636446,2380,342.743682034326,"logrmse"
2019-09-06,280,283.224150099157,716,86.1360027532838,"logrmse"
2019-09-06,86,283.413229350759,942,119.639200275174,"logrmse"
2019-09-06,77,283.422001068617,1176,142.348863494144,"logrmse"
2019-09-06,1797,281.745628322456,4820,611.390225684799,"logrmse"
2019-09-06,322,283.183215415821,3953,523.174535939581,"logrmse"
2019-09-06,114,283.385939561868,1783,233.435280927165,"logrmse"
2019-09-06,336,283.169570521375,2088,297.70931308446,"logrmse"
2019-09-06,285,283.21927692257,1260,188.924513945998,"logrmse"
2019-09-06,175,283.326486807499,885,134.472623050458,"logrmse"
2019-09-06,110,283.389838103138,1221,148.89028705488,"logrmse"
2019-09-06,186,283.315765819006,930,117.970617036803,"logrmse"
2019-09-06,154,283.346954149167,2581,350.78517179135,"logrmse"
2019-09-06,170,283.331359984086,1694,225.573992105368,"logrmse"
2019-09-06,966,282.555550271328,3860,486.232871217546,"logrmse"
2019-09-06,899,282.620850837603,5767,635.069096510216,"logrmse"
2019-09-06,592,282.920063880086,6051,661.480511657063,"logrmse"
2019-09-06,181,283.320638995593,1480,200.852337272246,"logrmse"
2019-09-06,336,283.169570521375,1777,217.032054297362,"logrmse"
2019-09-06,364,283.142280732484,1952,255.161337491316,"logrmse"
2019-09-06,496,283.01362887057,2024,256.201068077603,"logrmse"
2019-09-06,279,283.225124734475,1913,284.77237331896,"logrmse"
2019-09-06,404,283.103295319783,3955,587.39439702015,"logrmse"
2019-09-06,558,282.953201480883,2235,287.906248809374,"logrmse"
2019-09-06,214,283.288476030115,1078,152.745487827433,"logrmse"
2019-09-06,312,283.192961768996,3507,403.479528628163,"logrmse"
2019-09-06,372,283.134483649944,1729,196.761204901563,"logrmse"
2019-09-06,418,283.089650425337,2858,335.988496811816,"logrmse"
2019-09-06,559,282.952226845565,965,118.235064841092,"logrmse"
2019-09-06,127,283.37326930274,2122,233.646302449863,"logrmse"
2019-09-06,153,283.347928784484,2159,234.548603766159,"logrmse"
2019-09-06,353,283.153001720977,1890,230.072705206646,"logrmse"
2019-09-06,258,283.245592076143,1677,227.393664525082,"logrmse"
2019-09-06,411,283.09647287256,3046,315.725924213242,"logrmse"
2019-09-06,838,282.680303591973,2696,281.438203327636,"logrmse"
2019-09-06,674,282.840143784048,2708,294.169019398938,"logrmse"
2019-09-06,306,283.198809580901,2175,323.942114006146,"logrmse"
2019-09-06,809,282.708568016181,2494,266.845163071979,"logrmse"
2019-09-06,0,283.497047988067,3489,489.819863039781,"logrmse"
2019-09-06,482,283.027273765015,1730,245.403773848348,"logrmse"
2019-09-06,226,283.276780406304,2126,282.604257151409,"logrmse"
2019-09-06,389,283.117914849546,3045,379.227310230391,"logrmse"
2019-09-06,829,282.68907530983,2410,298.318042985129,"logrmse"
2019-09-06,286,283.218302287252,1920,241.614293989954,"logrmse"
2019-09-06,146,283.354751231707,1307,164.982769593784,"logrmse"
2019-09-06,253,283.250465252731,2206,274.054151589935,"logrmse"
2019-09-06,356,283.150077815025,1910,267.468780607593,"logrmse"
2019-09-06,237,283.266059417811,4277,531.898393712048,"logrmse"
2019-09-06,258,283.245592076143,3837,430.169157245094,"logrmse"
2019-09-06,587,282.924937056674,3400,472.618147905406,"logrmse"
2019-09-06,503,283.006806423347,2526,364.377120977023,"logrmse"
2019-09-06,379,283.127661202721,7514,934.161056121225,"logrmse"
2019-09-06,263,283.240718899555,2488,385.115720470779,"logrmse"
2019-09-06,258,283.245592076143,2939,337.624643235094,"logrmse"
2019-09-06,285,283.21927692257,2005,259.367707467458,"logrmse"
2019-09-06,316,283.189063227726,597,93.9352516789066,"logrmse"
2019-09-06,284,283.220251557887,923,122.073096691823,"logrmse"
2019-09-06,140,283.360599043612,1512,215.426842120108,"logrmse"
2019-09-06,589,282.922987786039,4781,611.142658979209,"logrmse"
2019-09-06,246,283.257287699954,3248,467.646678112282,"logrmse"
2019-09-06,570,282.941505857072,1896,237.385068699155,"logrmse"
2019-09-06,472,283.037020118191,7769,1048.12957294625,"logrmse"
2019-09-06,188,283.313816548371,3790,540.496986719782,"logrmse"
2019-09-06,413,283.094523601925,1560,261.104934639696,"logrmse"
2019-09-06,351,283.154950991612,3467,508.208005643328,"logrmse"
2019-09-06,326,283.179316874551,2419,323.759597834038,"logrmse"
2019-09-06,106,283.393736644408,654,92.795523572236,"logrmse"
2019-09-06,453,283.055538189224,4623,615.13586369862,"logrmse"
2019-09-06,782,282.734883169755,2523,318.095795614757,"logrmse"
2019-09-06,1043,282.480503351878,5330,696.47646495145,"logrmse"
2019-09-06,436,283.072106989622,2332,372.557421413693,"logrmse"
2019-09-06,434,283.074056260257,2556,329.647522294706,"logrmse"
2019-09-06,1003,282.519488764579,2936,409.007175228386,"logrmse"
2019-09-06,260,283.243642805508,2387,311.945329159381,"logrmse"
2019-09-06,530,282.980491269773,6119,753.327852860974,"logrmse"
2019-09-06,887,282.632546461413,1220,168.547822274166,"logrmse"
2019-09-06,283,283.221226193205,1148,151.638573306681,"logrmse"
2019-09-06,804,282.713441192769,5829,691.234541577536,"logrmse"
2019-09-06,409,283.098422143195,2501,301.814913946713,"logrmse"
2019-09-06,493,283.016552776522,1093,214.393959773611,"logrmse"
2019-09-06,27,283.470732834494,2251,342.233732713106,"logrmse"
2019-09-06,239,283.264110147176,1851,205.935929629863,"logrmse"
2019-09-06,258,283.245592076143,893,152.335534865275,"logrmse"
2019-09-06,183,283.318689724958,856,118.566278613379,"logrmse"
2019-09-06,415,283.09257433129,1002,129.25311716589,"logrmse"
2019-09-06,142,283.358649772977,1411,167.811006631343,"logrmse"
2019-09-06,123,283.37716784401,1088,145.285243844386,"logrmse"
2019-09-06,258,283.245592076143,3881,458.582003092792,"logrmse"
2019-09-06,326,283.179316874551,4600,529.562884778303,"logrmse"
2019-09-06,315,283.190037863044,3866,485.936494640091,"logrmse"
2019-09-06,687,282.82747352492,3764,460.977489836244,"logrmse"
2019-09-06,74,283.42492497457,906,118.470734364889,"logrmse"
2019-09-06,182,283.319664360276,1111,144.541734717503,"logrmse"
2019-09-06,159,283.342080972579,1562,190.123539429302,"logrmse"
2019-09-06,363,283.143255367802,1823,210.32795155921,"logrmse"
2019-09-06,169,283.332334619404,763,97.8990331009062,"logrmse"
2019-09-06,94,283.405432268219,678,105.107775865981,"logrmse"
2019-09-06,1502,282.033145741129,11946,1391.02991680499,"logrmse"
2019-09-06,381,283.125711932086,3241,384.09049121497,"logrmse"
2019-09-06,193,283.308943371783,896,118.394922732858,"logrmse"
2019-09-06,207,283.295298477337,1705,207.783351505275,"logrmse"
2019-09-06,273,283.23097254638,2396,268.736911438499,"logrmse"
2019-09-06,192,283.3099180071,1744,240.945171114409,"logrmse"
2019-09-06,151,283.349878055119,1623,193.658803426344,"logrmse"
2019-09-06,171,283.330385348769,1588,216.063123026584,"logrmse"
2019-09-06,254,283.249490617413,1757,213.541307315523,"logrmse"
2019-09-06,126,283.374243938058,3577,507.049868752563,"logrmse"
2019-09-06,442,283.066259177717,7379,859.612616172611,"logrmse"
2019-09-06,462,283.046766471366,4088,512.827993364978,"logrmse"
2019-09-06,1329,282.201757651063,3244,392.399276661597,"logrmse"
2019-09-06,68,283.430772786475,1278,210.469574442035,"logrmse"
2019-09-06,1104,282.421050597508,4629,531.141781540493,"logrmse"
2019-09-06,208,283.29432384202,918,112.918874033232,"logrmse"
2019-09-06,176,283.325512172181,1651,206.292132669965,"logrmse"
2019-09-06,632,282.881078467385,1205,148.576750373462,"logrmse"
2019-09-06,113,283.386914197186,2114,235.543603120685,"logrmse"
2019-09-06,203,283.299197018608,1559,182.201173070633,"logrmse"
2019-09-06,212,283.29042530075,1140,151.87280465068,"logrmse"
2019-09-06,91,283.408356174172,1477,189.760211304807,"logrmse"
2019-09-06,163,283.338182431309,587,96.0164166959801,"logrmse"
2019-09-06,328,283.177367603916,1226,157.768358660678,"logrmse"
2019-09-06,404,283.103295319783,7888,941.010920611899,"logrmse"
2019-09-06,361,283.145204638437,3648,588.755175819809,"logrmse"
2019-09-06,446,283.062360636446,4071,525.76759189274,"logrmse"
2019-09-06,4300,279.306116122666,10922,1350.79680627229,"logrmse"
2019-09-06,1433,282.100395578039,6126,831.732409050247,"logrmse"
2019-09-06,531,282.979516634456,1701,219.611491672176,"logrmse"
2019-09-06,238,283.265084782494,848,150.932482100521,"logrmse"
2019-09-06,193,283.308943371783,1244,177.715377942086,"logrmse"
2019-09-06,318,283.187113957091,2302,384.533461996563,"logrmse"
2019-09-06,173,283.328436078134,1720,251.963499340031,"logrmse"
2019-09-06,152,283.348903419802,1201,198.899167430325,"logrmse"
2019-09-06,89,283.410305444807,3406,461.380355182809,"logrmse"
2019-09-06,312,283.192961768996,4358,546.955364701972,"logrmse"
2019-09-06,166,283.335258525356,1392,184.297133107466,"logrmse"
2019-09-06,265,283.23876962892,1013,168.100876989139,"logrmse"
2019-09-06,2547,281.014651834305,22741,2511.36821105653,"logrmse"
2019-09-06,462,283.046766471366,5811,821.599987522982,"logrmse"
2019-09-06,127,283.37326930274,1706,217.296807791951,"logrmse"
2019-09-06,749,282.767046135233,4471,506.659137464298,"logrmse"
2019-09-06,146,283.354751231707,2685,336.658842819414,"logrmse"
2019-09-06,698,282.816752536428,3718,430.380539196642,"logrmse"
2019-09-06,462,283.046766471366,3692,490.332281608833,"logrmse"
2019-09-06,210,283.292374571385,2961,386.526106783809,"logrmse"
2019-09-06,954,282.567245895139,4082,463.879328903139,"logrmse"
2019-09-06,2631,280.932782467632,10611,1310.72975021843,"logrmse"
2019-09-06,2182,281.370393725205,10539,1211.51036596646,"logrmse"
2019-09-06,738,282.777767123726,146,40.0199208046088,"logrmse"
2019-09-06,64,283.434671327745,1406,204.568299614035,"logrmse"
2019-09-06,151,283.349878055119,780,135.723247201894,"logrmse"
2019-09-06,108,283.391787373773,1254,158.797397086682,"logrmse"
2019-09-06,239,283.264110147176,1076,158.155637649469,"logrmse"
2019-09-06,1197,282.330409512977,8189,946.335616877924,"logrmse"
2019-09-06,668,282.845991595954,4312,552.199150048569,"logrmse"
2019-09-06,193,283.308943371783,3832,511.490459902118,"logrmse"
2019-09-06,229,283.273856500352,1131,164.030403229286,"logrmse"
2019-09-06,358,283.14812854439,1508,209.204894617236,"logrmse"
2019-09-06,232,283.270932594399,2455,331.848853125638,"logrmse"
2019-09-06,435,283.073081624939,4812,595.028829043601,"logrmse"
2019-09-06,324,283.181266145186,5217,631.697165685956,"logrmse"
2019-09-06,1149,282.377192008219,8065,977.789244949576,"logrmse"
2019-09-06,97,283.402508362266,1707,255.954403633594,"logrmse"
2019-09-06,685,282.829422795556,8053,1083.50467069798,"logrmse"
2019-09-06,218,283.284577488844,2912,366.838072114007,"logrmse"
2019-09-06,137,283.363522949565,1497,206.877615896951,"logrmse"
2019-09-06,213,283.289450665432,2011,337.112061196315,"logrmse"
2019-09-06,204,283.29822238329,3175,466.817810118253,"logrmse"
2019-09-06,408,283.099396778513,2263,267.151518333404,"logrmse"
2019-09-06,206,283.296273112655,2146,255.759312455232,"logrmse"
2019-09-06,421,283.086726519385,6721,829.83972094138,"logrmse"
2019-09-06,324,283.181266145186,628,90.7365684592433,"logrmse"
2019-09-06,309,283.195885674949,1852,233.490330233699,"logrmse"
2019-09-06,117,283.383015655916,1572,197.219022329779,"logrmse"
2019-09-06,101,283.398609820996,1806,212.131836462106,"logrmse"
2019-09-06,476,283.03312157692,2641,314.215121239451,"logrmse"
2019-09-06,99,283.400559091631,1223,173.378767411945,"logrmse"
2019-09-06,230,283.272881865034,1670,214.112765324296,"logrmse"
2019-09-06,160,283.341106337262,1527,186.74951836955,"logrmse"
2019-09-06,2306,281.249538945831,9732,1216.14014961736,"logrmse"
2019-09-06,796,282.721238275309,2157,300.264738249266,"logrmse"
2019-09-06,455,283.053588918589,4854,629.482423450771,"logrmse"
2019-09-06,504,283.005831788029,2961,367.288300214132,"logrmse"
2019-09-06,254,283.249490617413,4075,557.54580794787,"logrmse"
2019-09-06,80,283.419077162664,1007,146.403844314595,"logrmse"
2019-09-06,409,283.098422143195,3222,355.939292044752,"logrmse"
2019-09-06,239,283.264110147176,1939,294.82734387068,"logrmse"
2019-09-06,721,282.794335924124,1779,233.725935639253,"logrmse"
2019-09-06,186,283.315765819006,2703,323.415422615162,"logrmse"
2019-09-06,244,283.259236970589,3573,454.396211162653,"logrmse"
2019-09-06,241,283.262160876541,2012,306.838780998637,"logrmse"
2019-09-06,89,283.410305444807,1125,136.541929219419,"logrmse"
2019-09-06,969,282.552626365376,5107,665.337016466674,"logrmse"
2019-09-06,675,282.839169148731,2497,317.944038268281,"logrmse"
2019-09-06,648,282.865484302304,2208,294.663147282617,"logrmse"
2019-09-06,226,283.276780406304,615,110.138919367277,"logrmse"
2019-09-06,216,283.28652675948,2729,321.528707969238,"logrmse"
2019-09-06,190,283.311867277735,1705,217.760914561442,"logrmse"
2019-09-06,183,283.318689724958,741,104.38127231253,"logrmse"
2019-09-06,174,283.327461442816,1162,154.212025773892,"logrmse"
2019-09-06,259,283.244617440826,1783,233.420643587212,"logrmse"
2019-09-06,198,283.304070195195,1362,186.868435227611,"logrmse"
2019-09-06,195,283.306994101148,1832,233.332440713037,"logrmse"
2019-09-06,229,283.273856500352,1257,174.154755264346,"logrmse"
2019-09-06,148,283.352801961072,2283,283.773842157563,"logrmse"
2019-09-06,308,283.196860310266,1172,149.951960306994,"logrmse"
2019-09-06,302,283.202708122172,5073,662.183311814979,"logrmse"
2019-09-06,187,283.314791183688,1440,188.757434465025,"logrmse"
2019-09-06,279,283.225124734475,2622,311.455314503024,"logrmse"
2019-09-06,399,283.108168496371,2232,299.067844063273,"logrmse"
2019-09-06,244,283.259236970589,2390,324.215050549624,"logrmse"
2019-09-06,202,283.300171653925,1029,118.8123001992,"logrmse"
2019-09-06,510,282.999983976124,4689,565.906175927783,"logrmse"
2019-09-06,411,283.09647287256,1170,142.053342474835,"logrmse"
2019-09-06,572,282.939556586437,2371,353.323796987907,"logrmse"
2019-09-06,743,282.772893947139,4590,621.899925733304,"logrmse"
2019-09-06,460,283.048715742001,2503,431.274266242414,"logrmse"
2019-09-06,251,283.252414523366,1408,258.259541686956,"logrmse"
2019-09-06,2351,281.205680356542,4415,542.076770028364,"logrmse"
2019-09-06,74,283.42492497457,3501,426.980187022216,"logrmse"
2019-09-06,135,283.3654722202,1414,177.980472461959,"logrmse"
2019-09-06,395,283.112067037641,1415,173.475291012267,"logrmse"
2019-09-06,55,283.443443045603,927,156.309545058778,"logrmse"
2019-09-06,500,283.0097303293,1898,287.525988801842,"logrmse"
2019-09-06,301,283.203682757489,3215,440.244308479406,"logrmse"
2019-09-06,530,282.980491269773,2819,347.004287145094,"logrmse"
2019-09-06,212,283.29042530075,1926,272.342753391409,"logrmse"
2019-09-06,264,283.239744264238,1887,291.248669457043,"logrmse"
2019-09-06,304,283.200758851536,2009,265.034267051245,"logrmse"
2019-09-06,721,282.794335924124,5592,621.466588133243,"logrmse"
2019-09-06,517,282.993161528901,2655,314.389014156638,"logrmse"
2019-09-06,1006,282.516564858627,7541,842.820455791456,"logrmse"
2019-09-06,577,282.934683409849,3162,354.966077836993,"logrmse"
2019-09-06,943,282.577966883631,3053,365.071135602194,"logrmse"
2019-09-06,123,283.37716784401,1110,141.522201631909,"logrmse"
2019-09-06,270,283.233896452333,2014,396.108695778179,"logrmse"
2019-09-06,261,283.24266817019,1783,234.893745799992,"logrmse"
2019-09-06,136,283.364497584882,1589,182.155714623445,"logrmse"
2019-09-06,98,283.401533726949,355,73.8246816570274,"logrmse"
2019-09-06,1179,282.347952948693,3549,513.621960414695,"logrmse"
2019-09-06,447,283.061386001129,4383,495.43976790172,"logrmse"
2019-09-06,446,283.062360636446,2326,266.945335238636,"logrmse"
2019-09-06,583,282.928835597944,1742,206.565980957409,"logrmse"
2019-09-06,204,283.29822238329,3202,373.571714403141,"logrmse"
2019-09-06,233,283.269957959081,2188,259.102589419901,"logrmse"
2019-09-06,405,283.102320684465,1343,247.66309995318,"logrmse"
2019-09-06,397,283.110117767006,2494,323.130951079209,"logrmse"
2019-09-06,366,283.140331461849,2392,285.169764634839,"logrmse"
2019-09-06,202,283.300171653925,4589,638.72905226454,"logrmse"
2019-09-06,3069,280.505892198552,6989,778.586551916238,"logrmse"
2019-09-06,2127,281.42399866767,10481,1214.25641042214,"logrmse"
2019-09-06,475,283.034096212238,10073,1190.16385800783,"logrmse"
2019-09-06,1836,281.707617545072,22133,2468.11038325791,"logrmse"
2019-09-06,124,283.376193208693,2138,300.244100604786,"logrmse"
2019-09-06,627,282.885951643973,1912,267.258419834862,"logrmse"
2019-09-06,2213,281.340180030362,10533,1276.51962023559,"logrmse"
2019-09-06,86,283.413229350759,2243,304.380817690025,"logrmse"
2019-09-06,854,282.664709426892,3523,593.938659292171,"logrmse"
2019-09-06,360,283.146179273755,4096,513.982776824783,"logrmse"
2019-09-06,209,283.293349206702,2620,317.715079564099,"logrmse"
2019-09-06,371,283.135458285262,1451,187.22244872472,"logrmse"
2019-09-06,288,283.216353016617,3292,366.313601687936,"logrmse"
2019-09-06,0,283.497047988067,9249,1299.36448747633,"logrmse"
2019-09-06,1118,282.407405703063,5920,849.885341153143,"logrmse"
2019-09-06,68,283.430772786475,1506,234.938911222347,"logrmse"
2019-09-06,534,282.976592728503,8028,882.113948531856,"logrmse"
2019-09-06,4561,279.051736304789,8280,925.646113059327,"logrmse"
2019-09-06,342,283.16372270947,2095,272.836311684552,"logrmse"
2019-09-06,354,283.15202708566,2232,301.775999502046,"logrmse"
2019-09-06,472,283.037020118191,3514,460.219068879951,"logrmse"
2019-09-06,1584,281.953225645091,8512,963.414588027203,"logrmse"
2019-09-06,1471,282.063359435973,11162,1221.38304301197,"logrmse"
2019-09-06,187,283.314791183688,7169,888.230506892978,"logrmse"
2019-09-06,2721,280.845065289054,3903,494.257392366384,"logrmse"
2019-09-06,951,282.570169801091,7239,798.184271623783,"logrmse"
2019-09-06,755,282.761198323328,5786,712.779348017583,"logrmse"
2019-09-06,318,283.187113957091,3558,446.39087252677,"logrmse"
2019-09-06,332,283.173469062645,1712,227.976213251066,"logrmse"
2019-09-06,78,283.421026433299,2426,392.071383783919,"logrmse"
2019-09-06,240,283.263135511859,9588,1138.06511398519,"logrmse"
2019-09-06,538,282.972694187233,6029,721.719102266546,"logrmse"
2019-09-06,172,283.329410713451,1294,158.52331872713,"logrmse"
2019-09-06,414,283.093548966608,948,139.232800882037,"logrmse"
2019-09-06,297,283.207581298759,2829,363.857552139402,"logrmse"
2019-09-06,1366,282.165696144314,6041,693.737464489603,"logrmse"
2019-09-06,1103,282.422025232826,5422,631.420218857836,"logrmse"
2019-09-06,505,283.004857152712,1823,271.9086813032,"logrmse"
2019-09-06,702,282.812853995157,5151,764.121038412433,"logrmse"
2019-09-06,161,283.340131701944,662,99.7542840542763,"logrmse"
2019-09-06,68,283.430772786475,3306,389.072215544044,"logrmse"
2019-09-06,172,283.329410713451,766,87.6436927857851,"logrmse"
2019-09-06,234,283.268983323764,6385,760.467694439416,"logrmse"
2019-09-06,548,282.962947834058,2817,338.963965824033,"logrmse"
2019-09-06,1229,282.299221182816,6290,707.393085821161,"logrmse"
2019-09-06,654,282.859636490399,2296,299.581030254537,"logrmse"
2019-09-06,388,283.118889484864,6623,798.055939954594,"logrmse"
2019-09-06,1086,282.438594033224,7016,856.774948558736,"logrmse"
2019-09-06,2579,280.983463504144,8168,917.233571978622,"logrmse"
2019-09-06,201,283.301146289243,3241,477.534150298329,"logrmse"
2019-09-06,299,283.205632028124,2364,288.326238702091,"logrmse"
2019-09-06,697,282.817727171745,1992,266.914090170719,"logrmse"
2019-09-06,393,283.114016308276,5569,588.824958178323,"logrmse"
2019-09-06,536,282.974643457868,4351,485.109204710151,"logrmse"
2019-09-06,535,282.975618093186,2497,317.819113942192,"logrmse"
2019-09-06,455,283.053588918589,5016,595.147980303824,"logrmse"
2019-09-06,227,283.275805770987,2290,348.340279055602,"logrmse"
2019-09-06,265,283.23876962892,5686,649.329361915808,"logrmse"
2019-09-06,376,283.130585108674,538,119.165255285473,"logrmse"
2019-09-06,183,283.318689724958,744,81.4300212288549,"logrmse"
2019-09-06,255,283.248515982096,3250,449.71473312317,"logrmse"
2019-09-06,690,282.824549618968,1900,272.569091379968,"logrmse"
2019-09-06,220,283.282628218209,2165,371.312375231626,"logrmse"
2019-09-06,308,283.196860310266,2287,329.774874471349,"logrmse"
2019-09-06,112,283.387888832503,1286,193.738425072228,"logrmse"
2019-09-06,292,283.212454475347,1784,255.19752233296,"logrmse"
2019-09-06,410,283.097447507878,3015,365.596190562457,"logrmse"
2019-09-06,1078,282.446391115764,1761,233.556765012344,"logrmse"
2019-09-06,411,283.09647287256,2538,374.246637463547,"logrmse"
2019-09-06,157,283.344030243214,1633,217.704211021803,"logrmse"
2019-09-06,404,283.103295319783,2627,298.730043921009,"logrmse"
2019-09-06,485,283.024349859063,2969,385.771349032294,"logrmse"
2019-09-06,284,283.220251557887,3443,413.113541042373,"logrmse"
2019-09-06,107,283.392762009091,986,227.989402904843,"logrmse"
2019-09-06,324,283.181266145186,4721,606.93328621415,"logrmse"
2019-09-06,128,283.372294667423,4333,576.166860730838,"logrmse"
2019-09-06,251,283.252414523366,2995,339.236173672585,"logrmse"
2019-09-06,250,283.253389158683,1024,132.008627521894,"logrmse"
2019-09-06,102,283.397635185679,2832,346.262942523288,"logrmse"
2019-09-06,96,283.403482997584,1035,117.482983284666,"logrmse"
2019-09-06,212,283.29042530075,1012,131.296842031702,"logrmse"
2019-09-06,412,283.095498237243,1767,249.129185611011,"logrmse"
2019-09-06,1006,282.516564858627,3072,444.521446659962,"logrmse"
2019-09-06,312,283.192961768996,1631,231.736611450731,"logrmse"
2019-09-06,296,283.208555934077,2460,332.295577861902,"logrmse"
2019-09-06,359,283.147153909072,2397,324.736991359438,"logrmse"
2019-09-06,672,282.842093054684,2462,332.253828303941,"logrmse"
2019-09-06,1228,282.300195818134,5906,656.869392125744,"logrmse"
2019-09-06,484,283.02532449438,3337,472.624698179259,"logrmse"
2019-09-06,718,282.797259830077,4309,532.082600307894,"logrmse"
2019-09-06,138,283.362548314247,1085,141.552875719546,"logrmse"
2019-09-06,140,283.360599043612,1017,132.834417865265,"logrmse"
2019-09-06,183,283.318689724958,1161,145.54740255446,"logrmse"
2019-09-06,164,283.337207795991,658,88.1389960034356,"logrmse"
2019-09-06,275,283.229023275745,2054,283.613675856521,"logrmse"
2019-09-06,198,283.304070195195,1719,246.121727188595,"logrmse"
2019-09-06,298,283.206606663442,1908,223.652416637326,"logrmse"
2019-09-06,356,283.150077815025,2429,316.554356881495,"logrmse"
2019-09-06,1169,282.357699301868,4501,580.132468010198,"logrmse"
2019-09-06,337,283.168595886058,2246,285.392096696685,"logrmse"
2019-09-06,343,283.162748074153,2644,416.783590861763,"logrmse"
2019-09-06,100,283.399584456314,861,110.352648087703,"logrmse"
2019-09-06,236,283.267034053129,1312,264.230979578855,"logrmse"
2019-09-06,643,282.870357478892,7746,1035.61405260817,"logrmse"
2019-09-06,798,282.719289004674,3759,502.271551345863,"logrmse"
2019-09-06,801,282.716365098721,7459,988.485568860784,"logrmse"
2019-09-06,437,283.071132354304,2864,373.934371476668,"logrmse"
2019-09-06,272,283.231947181698,4255,505.599542813256,"logrmse"
2019-09-06,460,283.048715742001,1701,216.204305936977,"logrmse"
2019-09-06,299,283.205632028124,2416,307.730554540964,"logrmse"
2019-09-06,673,282.841118419366,2314,286.41969504378,"logrmse"
2019-09-06,249,283.254363794001,1769,213.591795287835,"logrmse"
2019-09-06,104,283.395685915044,797,121.212891858247,"logrmse"
2019-09-06,129,283.371320032105,928,138.085668607187,"logrmse"
2019-09-06,192,283.3099180071,2395,278.069502347593,"logrmse"
2019-09-06,146,283.354751231707,833,125.063422923513,"logrmse"
2019-09-06,66,283.43272205711,911,134.662632349416,"logrmse"
2019-09-06,376,283.130585108674,3405,493.631801275993,"logrmse"
2019-09-06,620,282.892774091195,2009,258.751940868133,"logrmse"
2019-09-06,107,283.392762009091,2002,259.676571859153,"logrmse"
2019-09-06,163,283.338182431309,687,85.6654130893509,"logrmse"
2019-09-06,210,283.292374571385,1686,227.536824353148,"logrmse"
2019-09-06,216,283.28652675948,2304,262.053080946846,"logrmse"
2019-09-06,153,283.347928784484,655,96.2091838628236,"logrmse"
2019-09-06,98,283.401533726949,957,116.716909720405,"logrmse"
2019-09-06,70,283.42882351584,528,75.1531886120182,"logrmse"
2019-09-06,121,283.379117114645,717,95.5655894661963,"logrmse"
2019-09-06,141,283.359624408295,908,113.712988739755,"logrmse"
2019-09-06,473,283.036045482873,1981,262.328078978889,"logrmse"
2019-09-06,658,282.855737949129,3015,386.416784745009,"logrmse"
2019-09-06,241,283.262160876541,1272,161.730843134173,"logrmse"
2019-09-06,557,282.9541761162,2874,368.960442841677,"logrmse"
2019-09-06,450,283.058462095176,1677,204.899713544607,"logrmse"
2019-09-06,744,282.771919311821,2256,276.932860985887,"logrmse"
2019-09-06,489,283.020451317792,2149,247.141030936566,"logrmse"
2019-09-06,262,283.241693534873,1289,170.314547271707,"logrmse"
2019-09-06,262,283.241693534873,1189,154.334651713996,"logrmse"
2019-09-06,208,283.29432384202,1139,133.489043006525,"logrmse"
2019-09-06,217,283.285552124162,1215,148.490348947495,"logrmse"
2019-09-06,293,283.211479840029,1243,158.547300401437,"logrmse"
2019-09-06,93,283.406406903536,1549,203.483805553546,"logrmse"
2019-09-06,107,283.392762009091,911,112.372301723069,"logrmse"
2019-09-06,258,283.245592076143,1200,149.515997161163,"logrmse"
2019-09-06,47,283.451240128143,856,117.270246410855,"logrmse"
2019-09-06,148,283.352801961072,1331,154.212214682068,"logrmse"
2019-09-06,104,283.395685915044,879,110.04692079655,"logrmse"
2019-09-06,89,283.410305444807,897,112.491874302803,"logrmse"
2019-09-06,84,283.415178621394,613,75.9271634398156,"logrmse"
2019-09-06,214,283.288476030115,1390,162.58789846655,"logrmse"
2019-09-06,193,283.308943371783,1192,146.985939223274,"logrmse"
2019-09-06,210,283.292374571385,1224,168.212314004907,"logrmse"
2019-09-06,191,283.310892642418,1921,251.822278993857,"logrmse"
2019-09-06,494,283.015578141205,2450,368.807176342237,"logrmse"
2019-09-06,253,283.250465252731,4234,502.786443685197,"logrmse"
2019-09-06,240,283.263135511859,2287,278.14475288981,"logrmse"
2019-09-06,365,283.141306097167,3729,461.295856854758,"logrmse"
2019-09-06,384,283.122788026134,2017,307.000075323066,"logrmse"
2019-09-06,213,283.289450665432,3435,400.028027181127,"logrmse"
2019-09-06,194,283.307968736465,932,104.938549006038,"logrmse"
2019-09-06,949,282.572119071726,6989,778.216766954518,"logrmse"
2019-09-06,216,283.28652675948,1627,199.749667475246,"logrmse"
2019-09-06,181,283.320638995593,622,131.178816309994,"logrmse"
2019-09-06,266,283.237794993603,1854,225.472624530226,"logrmse"
2019-09-06,601,282.911292162229,4677,623.931928474765,"logrmse"
2019-09-06,139,283.36157367893,735,94.0989729137413,"logrmse"
2019-09-06,237,283.266059417811,4390,485.369422012882,"logrmse"
2019-09-06,704,282.810904724522,4376,531.593990788083,"logrmse"
2019-09-06,836,282.682252862608,4063,532.338333839469,"logrmse"
2019-09-06,311,283.193936404314,1369,174.350548524157,"logrmse"
2019-09-06,288,283.216353016617,2384,300.278859854584,"logrmse"
2019-09-06,1337,282.193960568523,6123,722.931493320445,"logrmse"
2019-09-06,239,283.264110147176,3795,455.70467788461,"logrmse"
2019-09-06,353,283.153001720977,2325,287.432798798491,"logrmse"
2019-09-06,326,283.179316874551,1108,139.772566359374,"logrmse"
2019-09-06,295,283.209530569394,2484,275.266775424547,"logrmse"
2019-09-06,269,283.23487108765,1277,160.034547748582,"logrmse"
2019-09-06,209,283.293349206702,2739,340.382221716052,"logrmse"
2019-09-06,278,283.226099369792,1476,194.430289734753,"logrmse"
2019-09-06,367,283.139356826532,1361,175.077856686162,"logrmse"
2019-09-06,616,282.896672632465,1546,203.096641973374,"logrmse"
2019-09-06,338,283.16762125074,2036,280.678083988364,"logrmse"
2019-09-06,578,282.933708774532,1047,156.025129811086,"logrmse"
2019-09-06,127,283.37326930274,2127,272.7268457657,"logrmse"
2019-09-06,1027,282.496097516959,3442,472.221579812257,"logrmse"
2019-09-06,233,283.269957959081,4770,551.55972040748,"logrmse"
2019-09-06,345,283.160798803518,2982,438.262928608998,"logrmse"
2019-09-06,227,283.275805770987,2398,315.940133323061,"logrmse"
2019-09-06,301,283.203682757489,2288,279.829875991745,"logrmse"
2019-09-06,300,283.204657392807,2211,298.353123280377,"logrmse"
2019-09-06,153,283.347928784484,1250,154.67532187964,"logrmse"
2019-09-06,1496,282.038993553034,4140,500.629451092866,"logrmse"
2019-09-06,1241,282.287525559006,3955,536.075582867931,"logrmse"
2019-09-06,136,283.364497584882,878,107.00824095545,"logrmse"
2019-09-06,48,283.450265492826,652,85.7351854855669,"logrmse"
2019-09-06,173,283.328436078134,3158,387.587606686323,"logrmse"
2019-09-06,744,282.771919311821,1924,315.712207157808,"logrmse"
2019-09-06,1145,282.381090549489,10773,1167.53150623639,"logrmse"
2019-09-06,57,283.441493774968,408,62.5585247467778,"logrmse"
2019-09-06,261,283.24266817019,3807,450.039653734564,"logrmse"
2019-09-06,145,283.355725867025,1005,133.037454831718,"logrmse"
2019-09-06,101,283.398609820996,1736,212.11035960206,"logrmse"
2019-09-06,268,283.235845722968,1865,313.190152008619,"logrmse"
2019-09-06,167,283.334283890039,809,109.643131233845,"logrmse"
2019-09-06,132,283.368396126153,1921,228.316277163533,"logrmse"
2019-09-06,325,283.180291509868,3584,439.104586940345,"logrmse"
2019-09-06,120,283.380091749963,1880,231.844182676096,"logrmse"
2019-09-06,176,283.325512172181,1735,216.804295210374,"logrmse"
2019-09-06,200,283.30212092456,974,131.242764950205,"logrmse"
2019-09-06,669,282.845016960636,1650,207.442394345971,"logrmse"
2019-09-06,359,283.147153909072,3443,431.408360525421,"logrmse"
2019-09-06,647,282.866458937622,4531,533.557249560818,"logrmse"
2019-09-06,434,283.074056260257,2777,359.828387297862,"logrmse"
2019-09-06,160,283.341106337262,823,129.946989049304,"logrmse"
2019-09-06,947,282.574068342361,3219,395.794852333453,"logrmse"
2019-09-06,743,282.772893947138,2518,335.704649432461,"logrmse"
2019-09-06,140,283.360599043612,1944,266.748832667936,"logrmse"
2019-09-07,173,264.286110277462,1682,223.808039726718,"logrmse"
2019-09-07,0,264.453720903738,3404,518.327806323984,"logrmse"
2019-09-07,348,264.116561956085,1598,208.805644491806,"logrmse"
2019-09-07,320,264.143689687505,1994,266.54885258287,"logrmse"
2019-09-07,300,264.16306663852,1782,211.680898446795,"logrmse"
2019-09-07,157,264.301611838274,1504,170.403292092378,"logrmse"
2019-09-07,122,264.335521502549,969,129.448228585095,"logrmse"
2019-09-07,219,264.241543290129,2209,288.178718519343,"logrmse"
2019-09-07,135,264.32292648439,1015,128.74221306866,"logrmse"
2019-09-07,197,264.262857936245,824,111.604620753068,"logrmse"
2019-09-07,189,264.270608716651,1024,136.394416488619,"logrmse"
2019-09-07,115,264.342303435404,1600,201.766950626121,"logrmse"
2019-09-07,159,264.299674143172,797,103.727764535351,"logrmse"
2019-09-07,84,264.372337709477,994,139.459497430964,"logrmse"
2019-09-07,184,264.275452954404,1456,204.691513838566,"logrmse"
2019-09-07,250,264.211509016056,1243,182.642219898255,"logrmse"
2019-09-07,364,264.101060395273,5294,646.111510309977,"logrmse"
2019-09-07,98,264.358773843767,4105,575.915580631578,"logrmse"
2019-09-07,1114,263.374424732228,8579,1073.36654629968,"logrmse"
2019-09-07,294,264.168879723824,4043,544.045799707987,"logrmse"
2019-09-07,980,263.504250304026,3199,463.260251603365,"logrmse"
2019-09-07,193,264.266733326448,1251,163.529130495332,"logrmse"
2019-09-07,374,264.091371919766,4105,544.512059856592,"logrmse"
2019-09-07,240,264.221197491563,1403,209.913544330797,"logrmse"
2019-09-07,777,263.700926356823,6244,758.440946123892,"logrmse"
2019-09-07,198,264.261889088694,3146,418.951827572274,"logrmse"
2019-09-07,105,264.351991910912,2283,311.446368238328,"logrmse"
2019-09-07,113,264.344241130506,1280,150.474173512929,"logrmse"
2019-09-07,139,264.319051094187,948,128.034929646395,"logrmse"
2019-09-07,185,264.274484106853,788,119.864414262109,"logrmse"
2019-09-07,291,264.171786266476,1594,207.76429335989,"logrmse"
2019-09-07,220,264.240574442578,1233,151.588879137337,"logrmse"
2019-09-07,241,264.220228644013,1301,171.893042164251,"logrmse"
2019-09-07,226,264.234761357274,2017,245.457718852903,"logrmse"
2019-09-07,451,264.01677065836,2421,294.32378077234,"logrmse"
2019-09-07,132,264.325833027042,1002,131.285314410927,"logrmse"
2019-09-07,175,264.284172582361,561,117.14486500206,"logrmse"
2019-09-07,790,263.688331338664,4274,562.734524611216,"logrmse"
2019-09-07,128,264.329708417245,2146,328.876048390115,"logrmse"
2019-09-07,885,263.596290821345,4472,576.163047071242,"logrmse"
2019-09-07,204,264.25607600339,783,94.6609064272187,"logrmse"
2019-09-07,1791,262.718514940386,13307,1643.90462054341,"logrmse"
2019-09-07,170,264.289016820114,1204,172.84670056706,"logrmse"
2019-09-07,192,264.267702173998,1731,230.697990306847,"logrmse"
2019-09-07,174,264.285141429911,541,77.7868116651273,"logrmse"
2019-09-07,74,264.382026184984,867,112.447914205101,"logrmse"
2019-09-07,105,264.351991910912,949,119.539454850246,"logrmse"
2019-09-07,129,264.328739569694,936,150.393014050721,"logrmse"
2019-09-07,265,264.196976302795,2703,337.494939571871,"logrmse"
2019-09-07,276,264.186318979737,3671,424.66148612448,"logrmse"
2019-09-07,1160,263.329857744895,3378,380.955235871483,"logrmse"
2019-09-07,426,264.040991847128,3651,425.003157827159,"logrmse"
2019-09-07,477,263.991580622041,3913,527.907304458502,"logrmse"
2019-09-07,64,264.391714660491,1423,186.474758704537,"logrmse"
2019-09-07,144,264.314206856433,385,64.2415449395372,"logrmse"
2019-09-07,144,264.314206856433,621,93.2239459043796,"logrmse"
2019-09-07,108,264.349085368259,379,72.4083637321358,"logrmse"
2019-09-07,222,264.238636747477,1711,223.717295595329,"logrmse"
2019-09-07,370,264.095247309969,1645,219.394805059228,"logrmse"
2019-09-07,187,264.272546411752,2260,279.19414267472,"logrmse"
2019-09-07,82,264.374275404578,1795,216.315057850508,"logrmse"
2019-09-07,107,264.35005421581,1150,141.50365773452,"logrmse"
2019-09-07,269,264.193100912592,1032,120.389861127029,"logrmse"
2019-09-07,221,264.239605595027,1226,143.803434880999,"logrmse"
2019-09-07,439,264.028396828969,3930,541.271529954209,"logrmse"
2019-09-07,368,264.09718500507,1565,239.032551898096,"logrmse"
2019-09-07,523,263.947013634708,3638,419.12258079231,"logrmse"
2019-09-07,17,264.437250495376,1420,181.876604007679,"logrmse"
2019-09-07,365,264.100091547723,2415,337.821054240165,"logrmse"
2019-09-07,242,264.219259796462,3357,452.743249133518,"logrmse"
2019-09-07,69,264.386870422738,3533,491.38071787517,"logrmse"
2019-09-07,571,263.900508952273,3963,476.498420634593,"logrmse"
2019-09-07,910,263.572069632577,1443,220.944018888131,"logrmse"
2019-09-07,310,264.153378163013,1600,249.341882530387,"logrmse"
2019-09-07,380,264.085558834462,3047,400.970237608444,"logrmse"
2019-09-07,183,264.276421801955,2791,354.098878939669,"logrmse"
2019-09-07,373,264.092340767317,3026,397.476580336689,"logrmse"
2019-09-07,179,264.280297192158,1955,279.776631218753,"logrmse"
2019-09-07,124,264.333583807448,1464,187.469411795464,"logrmse"
2019-09-07,131,264.326801874593,1564,193.302332348299,"logrmse"
2019-09-07,388,264.077808054056,1462,188.598803710352,"logrmse"
2019-09-07,176,264.28320373481,1178,140.055191828811,"logrmse"
2019-09-07,94,264.36264923397,814,103.797505912481,"logrmse"
2019-09-07,119,264.338428045201,846,108.768365643517,"logrmse"
2019-09-07,541,263.929574378795,1869,225.09180903787,"logrmse"
2019-09-07,163,264.295798752969,967,116.298225688079,"logrmse"
2019-09-07,114,264.343272282955,1644,213.461323055399,"logrmse"
2019-09-07,202,264.258013698491,1768,218.215971774926,"logrmse"
2019-09-07,86,264.370400014375,316,60.9367537454922,"logrmse"
2019-09-07,161,264.297736448071,1010,137.29582882476,"logrmse"
2019-09-07,243,264.218290948911,831,124.997089072307,"logrmse"
2019-09-07,118,264.339396892752,977,121.308364838514,"logrmse"
2019-09-07,69,264.386870422738,745,106.544179163527,"logrmse"
2019-09-07,91,264.365555776622,722,86.3788873992616,"logrmse"
2019-09-07,206,264.254138308288,1311,172.128856912491,"logrmse"
2019-09-07,76,264.380088489883,1812,225.842638939968,"logrmse"
2019-09-07,167,264.291923362767,971,127.592486009168,"logrmse"
2019-09-07,190,264.2696398691,1028,135.805486796678,"logrmse"
2019-09-07,202,264.258013698491,2978,336.41062860014,"logrmse"
2019-09-07,138,264.320019941738,570,82.1881579263806,"logrmse"
2019-09-07,112,264.345209978057,1068,131.1368261695,"logrmse"
2019-09-07,279,264.183412437085,1166,152.580646976869,"logrmse"
2019-09-07,98,264.358773843767,824,96.8877449708509,"logrmse"
2019-09-07,181,264.278359497056,595,78.2914352639789,"logrmse"
2019-09-07,100,264.356836148665,696,89.5521558693545,"logrmse"
2019-09-07,75,264.381057337433,583,73.8394138450918,"logrmse"
2019-09-07,177,264.282234887259,358,52.0148173550578,"logrmse"
2019-09-07,95,264.361680386419,844,109.327373185967,"logrmse"
2019-09-07,95,264.361680386419,1205,142.959551119302,"logrmse"
2019-09-07,643,263.830751928621,519,85.1476899910809,"logrmse"
2019-09-07,74,264.382026184984,1306,151.110465114813,"logrmse"
2019-09-07,418,264.048742627534,2386,297.694825508973,"logrmse"
2019-09-07,402,264.064244188346,3501,422.452953828997,"logrmse"
2019-09-07,888,263.593384278692,3252,378.793626582239,"logrmse"
2019-09-07,553,263.917948208186,2715,323.342124502338,"logrmse"
2019-09-07,399,264.067150730998,4416,496.077439750698,"logrmse"
2019-09-07,821,263.658297064591,3074,352.690625432194,"logrmse"
2019-09-07,120,264.337459197651,860,124.037150350811,"logrmse"
2019-09-07,72,264.383963880086,980,117.594394888586,"logrmse"
2019-09-07,124,264.333583807448,885,121.996364007757,"logrmse"
2019-09-07,125,264.332614959897,772,100.912745869133,"logrmse"
2019-09-07,90,264.366524624172,681,88.4169180603841,"logrmse"
2019-09-07,97,264.359742691317,1173,137.506254920693,"logrmse"
2019-09-07,219,264.241543290129,915,118.572773245656,"logrmse"
2019-09-07,202,264.258013698491,670,82.5750734735871,"logrmse"
2019-09-07,83,264.373306557028,743,90.9454665825772,"logrmse"
2019-09-07,599,263.873381220853,1686,217.237052460253,"logrmse"
2019-09-07,356,264.108811175679,1682,221.730258159924,"logrmse"
2019-09-07,87,264.369431166825,2481,313.806546921139,"logrmse"
2019-09-07,54,264.401403135999,537,88.4288510988359,"logrmse"
2019-09-07,284,264.178568199331,3662,457.73029991104,"logrmse"
2019-09-07,231,264.22991711952,1837,243.280017754317,"logrmse"
2019-09-07,331,264.133032364447,2649,318.179878589813,"logrmse"
2019-09-07,317,264.146596230158,1093,156.333319272982,"logrmse"
2019-09-07,160,264.298705295622,1027,139.571814696686,"logrmse"
2019-09-07,142,264.316144551535,1083,145.88675082417,"logrmse"
2019-09-07,170,264.289016820114,5727,707.219149042497,"logrmse"
2019-09-07,254,264.207633625853,1673,236.966641507866,"logrmse"
2019-09-07,1080,263.407365548953,4660,569.427217109891,"logrmse"
2019-09-07,165,264.293861057868,3766,489.273179463195,"logrmse"
2019-09-07,240,264.221197491563,2531,326.210076414697,"logrmse"
2019-09-07,287,264.175661656679,2124,296.512264347531,"logrmse"
2019-09-07,862,263.618574315011,8355,1083.11886518597,"logrmse"
2019-09-07,538,263.932480921447,2212,318.463482582988,"logrmse"
2019-09-07,475,263.993518317143,8258,1060.35375043418,"logrmse"
2019-09-07,128,264.329708417245,893,119.413848482872,"logrmse"
2019-09-07,180,264.279328344607,875,110.343537040536,"logrmse"
2019-09-07,219,264.241543290129,1891,250.390556868682,"logrmse"
2019-09-07,703,263.772621075577,4840,575.596764009732,"logrmse"
2019-09-07,391,264.074901511404,4193,463.735422194684,"logrmse"
2019-09-07,331,264.133032364447,1840,225.575064175261,"logrmse"
2019-09-07,129,264.328739569694,1721,229.364339216433,"logrmse"
2019-09-07,123,264.334552654999,1183,141.99538609109,"logrmse"
2019-09-07,100,264.356836148665,604,77.3616658078747,"logrmse"
2019-09-07,90,264.366524624172,1726,203.844398705732,"logrmse"
2019-09-07,154,264.304518380926,1173,152.649447616666,"logrmse"
2019-09-07,106,264.351023063361,935,152.013496260936,"logrmse"
2019-09-07,137,264.320988789288,906,146.805076620369,"logrmse"
2019-09-07,152,264.306456076027,1716,219.820503358677,"logrmse"
2019-09-07,620,263.853035422287,5841,731.122120519306,"logrmse"
2019-09-07,110,264.347147673158,1941,334.085882945806,"logrmse"
2019-09-07,595,263.877256611055,5394,670.341128565476,"logrmse"
2019-09-07,291,264.171786266476,2433,291.400198885083,"logrmse"
2019-09-07,492,263.97704790878,3292,369.950095351817,"logrmse"
2019-09-07,191,264.268671021549,1295,156.45307459517,"logrmse"
2019-09-07,260,264.201820540549,1424,181.797825905969,"logrmse"
2019-09-07,301,264.162097790969,2346,290.352271118244,"logrmse"
2019-09-07,579,263.892758171867,8845,1144.54359117659,"logrmse"
2019-09-07,853,263.627293942968,4688,624.306830917068,"logrmse"
2019-09-07,317,264.146596230158,5516,781.505147695883,"logrmse"
2019-09-07,791,263.687362491113,4217,544.934267085067,"logrmse"
2019-09-07,526,263.944107092056,2919,381.014552687743,"logrmse"
2019-09-07,420,264.046804932433,6408,870.084502096009,"logrmse"
2019-09-07,89,264.367493471723,1744,299.818152354949,"logrmse"
2019-09-07,172,264.287079125013,1107,221.132307056508,"logrmse"
2019-09-07,0,264.453720903738,1287,224.200824118394,"logrmse"
2019-09-07,540,263.930543226345,1570,206.399229117999,"logrmse"
2019-09-07,517,263.952826720012,879,172.525899884331,"logrmse"
2019-09-07,511,263.958639805316,6764,976.836228824515,"logrmse"
2019-09-07,393,264.072963816302,1407,183.462110140185,"logrmse"
2019-09-07,159,264.299674143172,8956,1097.33464147956,"logrmse"
2019-09-07,282,264.180505894433,938,112.981072959389,"logrmse"
2019-09-07,156,264.302580685825,1381,185.919054293699,"logrmse"
2019-09-07,3699,260.869953813599,18512,2229.44192236744,"logrmse"
2019-09-07,421,264.045836084882,2629,368.529864192479,"logrmse"
2019-09-07,146,264.312269161332,1762,208.516411144953,"logrmse"
2019-09-07,228,264.232823662172,2295,263.212612031853,"logrmse"
2019-09-07,178,264.281266039708,1223,148.732423294246,"logrmse"
2019-09-07,273,264.189225522389,5204,632.198405250234,"logrmse"
2019-09-07,338,264.126250431592,2100,293.124049107427,"logrmse"
2019-09-07,707,263.768745685374,542,79.6218231995409,"logrmse"
2019-09-07,43,264.412060459057,1065,154.385761629128,"logrmse"
2019-09-07,618,263.854973117389,4347,663.847077748383,"logrmse"
2019-09-07,434,264.033241066722,1799,297.878537312521,"logrmse"
2019-09-07,216,264.244449832781,2648,374.449688180328,"logrmse"
2019-09-07,872,263.608885839504,8327,1077.32928400694,"logrmse"
2019-09-07,4158,260.425252787816,6621,831.609063087415,"logrmse"
2019-09-07,235,264.226041729317,1339,182.551625191882,"logrmse"
2019-09-07,177,264.282234887259,3550,394.990165470869,"logrmse"
2019-09-07,184,264.275452954404,2101,260.764285059913,"logrmse"
2019-09-07,230,264.230885967071,897,152.275867574531,"logrmse"
2019-09-07,344,264.120437346288,3359,446.174772342415,"logrmse"
2019-09-07,466,264.002237945099,4063,459.785446248965,"logrmse"
2019-09-07,403,264.063275340795,3281,360.266094626437,"logrmse"
2019-09-07,128,264.329708417245,977,120.690425348644,"logrmse"
2019-09-07,50,264.405278526202,845,115.183931789075,"logrmse"
2019-09-07,190,264.2696398691,1684,243.316598410887,"logrmse"
2019-09-07,378,264.087496529563,2559,381.270034301777,"logrmse"
2019-09-07,460,264.008051030404,1546,205.719063843927,"logrmse"
2019-09-07,332,264.132063516897,635,82.4878423352163,"logrmse"
2019-09-07,78,264.378150794781,1244,147.369598532732,"logrmse"
2019-09-07,999,263.485842200562,4625,556.132286442243,"logrmse"
2019-09-07,239,264.222166339114,2110,241.660267261028,"logrmse"
2019-09-07,64,264.391714660491,522,75.4101603701203,"logrmse"
2019-09-07,99,264.357804996216,460,64.2313662790185,"logrmse"
2019-09-07,617,263.855941964939,3890,493.617244963373,"logrmse"
2019-09-07,481,263.987705231838,3017,375.639881599232,"logrmse"
2019-09-07,378,264.087496529563,9885,1089.25754856147,"logrmse"
2019-09-07,104,264.352960758462,1269,170.431799114948,"logrmse"
2019-09-07,251,264.210540168505,1357,175.237721723299,"logrmse"
2019-09-07,320,264.143689687505,1422,185.130707786822,"logrmse"
2019-09-07,139,264.319051094187,1231,207.823067890302,"logrmse"
2019-09-07,125,264.332614959897,2071,267.982177619328,"logrmse"
2019-09-07,18,264.436281647825,5448,787.892693535666,"logrmse"
2019-09-07,176,264.28320373481,3021,366.973769937955,"logrmse"
2019-09-07,109,264.348116520709,399,104.546492642954,"logrmse"
2019-09-07,980,263.504250304026,3688,406.478847744939,"logrmse"
2019-09-07,280,264.182443589534,1086,157.98640179798,"logrmse"
2019-09-07,81,264.375244252129,967,113.212713585351,"logrmse"
2019-09-07,300,264.16306663852,2476,311.6416379714,"logrmse"
2019-09-07,1021,263.464527554446,3694,457.339690572505,"logrmse"
2019-09-07,179,264.280297192158,1434,191.207179201758,"logrmse"
2019-09-07,335,264.129156974244,1933,236.909783817578,"logrmse"
2019-09-07,153,264.305487228477,8959,1018.47298407196,"logrmse"
2019-09-07,76,264.380088489883,951,144.096847219357,"logrmse"
2019-09-07,126,264.331646112346,1911,268.94517517193,"logrmse"
2019-09-07,701,263.774558770678,4965,618.321023344913,"logrmse"
2019-09-07,244,264.217322101361,3417,474.771070676969,"logrmse"
2019-09-07,272,264.19019436994,1148,171.315202712418,"logrmse"
2019-09-07,168,264.290954515216,1212,181.628688617864,"logrmse"
2019-09-07,179,264.280297192158,1069,167.40538353384,"logrmse"
2019-09-07,385,264.080714596708,2241,324.066414041486,"logrmse"
2019-09-07,230,264.230885967071,666,80.3573592303319,"logrmse"
2019-09-07,60,264.395590050694,948,120.030534264565,"logrmse"
2019-09-07,81,264.375244252129,1230,145.788053841564,"logrmse"
2019-09-07,1565,262.93747448685,4354,554.367440849198,"logrmse"
2019-09-07,404,264.062306493244,3745,488.830629716849,"logrmse"
2019-09-07,111,264.346178825607,1721,223.720354906916,"logrmse"
2019-09-07,325,264.138845449752,2025,284.861443975954,"logrmse"
2019-09-07,272,264.19019436994,1308,188.763345352448,"logrmse"
2019-09-07,137,264.320988789288,894,133.06077146405,"logrmse"
2019-09-07,100,264.356836148665,1153,139.836815453527,"logrmse"
2019-09-07,198,264.261889088694,844,107.255604830184,"logrmse"
2019-09-07,142,264.316144551535,2343,322.188216501,"logrmse"
2019-09-07,153,264.305487228477,1515,204.238348540333,"logrmse"
2019-09-07,817,263.662172454794,3527,445.33423465615,"logrmse"
2019-09-07,883,263.598228516446,5487,601.285369612175,"logrmse"
2019-09-07,555,263.916010513085,5578,610.330630987214,"logrmse"
2019-09-07,177,264.282234887259,1341,183.495743868816,"logrmse"
2019-09-07,285,264.177599351781,1629,200.574400417713,"logrmse"
2019-09-07,320,264.143689687505,1769,235.658546293035,"logrmse"
2019-09-07,473,263.995456012244,1878,240.700807068242,"logrmse"
2019-09-07,291,264.171786266476,1757,265.127955088015,"logrmse"
2019-09-07,387,264.078776901607,3683,555.301062840857,"logrmse"
2019-09-07,517,263.952826720012,2124,274.569333817462,"logrmse"
2019-09-07,209,264.251231765636,1023,146.431977270152,"logrmse"
2019-09-07,269,264.193100912592,3507,400.218479515159,"logrmse"
2019-09-07,331,264.133032364447,1571,178.546582344016,"logrmse"
2019-09-07,362,264.102998090375,2630,307.570228271635,"logrmse"
2019-09-07,404,264.062306493244,856,105.327568079878,"logrmse"
2019-09-07,126,264.331646112346,1804,200.997217777735,"logrmse"
2019-09-07,145,264.313238008883,2007,217.409716492568,"logrmse"
2019-09-07,339,264.125281584041,1827,218.230886847716,"logrmse"
2019-09-07,215,264.245418680332,1611,214.404526685397,"logrmse"
2019-09-07,376,264.089434224665,2830,291.988286499383,"logrmse"
2019-09-07,730,263.746462191707,2313,243.533308120719,"logrmse"
2019-09-07,716,263.760026057418,2429,264.152152267712,"logrmse"
2019-09-07,278,264.184381284636,2074,305.164602699717,"logrmse"
2019-09-07,714,263.761963752519,2329,247.720619380621,"logrmse"
2019-09-07,0,264.453720903738,3165,446.438122907308,"logrmse"
2019-09-07,429,264.038085304476,1551,225.319716756232,"logrmse"
2019-09-07,216,264.244449832781,1923,260.43322753112,"logrmse"
2019-09-07,355,264.10978002323,2862,359.155219264205,"logrmse"
2019-09-07,835,263.644733198881,2327,289.012583351016,"logrmse"
2019-09-07,223,264.237667899926,1682,214.298196133493,"logrmse"
2019-09-07,132,264.325833027042,1229,153.974398232728,"logrmse"
2019-09-07,254,264.207633625853,2034,251.967703856213,"logrmse"
2019-09-07,366,264.099122700172,1799,253.398501558433,"logrmse"
2019-09-07,231,264.22991711952,4173,515.8913493619,"logrmse"
2019-09-07,276,264.186318979737,3737,417.0537225113,"logrmse"
2019-09-07,570,263.901477799824,3212,447.80120615304,"logrmse"
2019-09-07,493,263.97607906123,2383,345.711285925504,"logrmse"
2019-09-07,337,264.127219279143,7280,902.887995039279,"logrmse"
2019-09-07,298,264.165004333621,2302,359.584675501118,"logrmse"
2019-09-07,250,264.211509016056,2813,322.716383042357,"logrmse"
2019-09-07,233,264.227979424419,1803,236.477740723016,"logrmse"
2019-09-07,309,264.154347010563,511,83.0655967347158,"logrmse"
2019-09-07,236,264.225072881766,842,111.494490580232,"logrmse"
2019-09-07,184,264.275452954404,1494,211.220348294335,"logrmse"
2019-09-07,520,263.94992017736,4372,564.077420967423,"logrmse"
2019-09-07,193,264.266733326448,2920,427.582470820863,"logrmse"
2019-09-07,621,263.852066574737,1812,226.254412606851,"logrmse"
2019-09-07,496,263.973172518577,7268,991.25780998142,"logrmse"
2019-09-07,158,264.300642990723,3536,511.272394912593,"logrmse"
2019-09-07,396,264.07005727365,1412,243.086391148364,"logrmse"
2019-09-07,270,264.192132065042,3362,491.736671189006,"logrmse"
2019-09-07,295,264.167910876273,2270,306.319689733263,"logrmse"
2019-09-07,92,264.364586929071,598,85.7112550863171,"logrmse"
2019-09-07,371,264.094278462418,4176,560.130454331741,"logrmse"
2019-09-07,728,263.748399886809,2441,305.994558412916,"logrmse"
2019-09-07,1042,263.444181755881,4949,649.063820888157,"logrmse"
2019-09-07,442,264.025490286317,2224,353.495736309627,"logrmse"
2019-09-07,407,264.059399950592,2370,306.376677451754,"logrmse"
2019-09-07,918,263.564318852171,2656,375.518245947047,"logrmse"
2019-09-07,252,264.209571320955,2134,282.361149894775,"logrmse"
2019-09-07,486,263.982860994085,5722,703.713300366141,"logrmse"
2019-09-07,946,263.53719112075,1157,156.870787454938,"logrmse"
2019-09-07,265,264.196976302795,1118,146.228344184135,"logrmse"
2019-09-07,697,263.778434160881,5311,635.058649817909,"logrmse"
2019-09-07,370,264.095247309969,2274,275.616200184896,"logrmse"
2019-09-07,499,263.970265975925,974,192.845371970364,"logrmse"
2019-09-07,25,264.42949971497,2066,313.884298290379,"logrmse"
2019-09-07,220,264.240574442578,1821,201.38979340183,"logrmse"
2019-09-07,223,264.237667899926,787,137.767602620865,"logrmse"
2019-09-07,170,264.289016820114,778,108.879786017706,"logrmse"
2019-09-07,395,264.071026121201,910,119.33826857511,"logrmse"
2019-09-07,133,264.324864179491,1296,155.793397068837,"logrmse"
2019-09-07,126,264.331646112346,997,133.03330152846,"logrmse"
2019-09-07,236,264.225072881766,3555,418.626694525876,"logrmse"
2019-09-07,260,264.201820540549,4065,469.475840394533,"logrmse"
2019-09-07,299,264.164035486071,3444,434.833229664684,"logrmse"
2019-09-07,643,263.830751928621,3421,420.276508837194,"logrmse"
2019-09-07,64,264.391714660491,876,114.855660269611,"logrmse"
2019-09-07,180,264.279328344607,1010,131.738779472373,"logrmse"
2019-09-07,143,264.315175703984,1513,182.422178262496,"logrmse"
2019-09-07,344,264.120437346288,1724,199.265176571707,"logrmse"
2019-09-07,180,264.279328344607,735,94.2135604234809,"logrmse"
2019-09-07,79,264.37718194723,630,99.2485543235838,"logrmse"
2019-09-07,1416,263.081832771909,11548,1346.16677902317,"logrmse"
2019-09-07,377,264.088465377114,3259,383.205689701328,"logrmse"
2019-09-07,170,264.289016820114,804,107.638666608412,"logrmse"
2019-09-07,183,264.276421801955,1514,185.965440447761,"logrmse"
2019-09-07,250,264.211509016056,2219,249.623062918227,"logrmse"
2019-09-07,159,264.299674143172,1663,228.821788220036,"logrmse"
2019-09-07,149,264.30936261868,1543,183.372844599697,"logrmse"
2019-09-07,172,264.287079125013,1464,199.562448451688,"logrmse"
2019-09-07,223,264.237667899926,1702,205.902102628772,"logrmse"
2019-09-07,110,264.347147673158,3156,453.544406297715,"logrmse"
2019-09-07,395,264.071026121201,6720,784.182038197228,"logrmse"
2019-09-07,406,264.060368798143,3697,465.549015941742,"logrmse"
2019-09-07,1314,263.180655222083,2887,349.601398704482,"logrmse"
2019-09-07,70,264.385901575187,1121,186.500842498728,"logrmse"
2019-09-07,913,263.569163089924,4324,494.557786852643,"logrmse"
2019-09-07,205,264.255107155839,871,107.068451008169,"logrmse"
2019-09-07,160,264.298705295622,1543,193.456643531836,"logrmse"
2019-09-07,621,263.852066574737,1122,137.815850409086,"logrmse"
2019-09-07,109,264.348116520709,1927,216.477992730599,"logrmse"
2019-09-07,173,264.286110277462,1509,175.043989774541,"logrmse"
2019-09-07,189,264.270608716651,1067,142.596087941373,"logrmse"
2019-09-07,98,264.358773843767,1397,178.491665426912,"logrmse"
2019-09-07,148,264.31033146623,572,93.5224952552998,"logrmse"
2019-09-07,298,264.165004333621,1148,148.59630096208,"logrmse"
2019-09-07,428,264.039054152027,7698,914.057627444313,"logrmse"
2019-09-07,310,264.153378163013,3496,563.122970840598,"logrmse"
2019-09-07,385,264.080714596708,3834,498.25865145473,"logrmse"
2019-09-07,4268,260.318679557236,10592,1305.51837071448,"logrmse"
2019-09-07,1259,263.233941837373,5939,803.756184430819,"logrmse"
2019-09-07,505,263.964452890621,1517,199.983214782588,"logrmse"
2019-09-07,210,264.250262918085,814,142.940246555383,"logrmse"
2019-09-07,183,264.276421801955,1136,163.692107403951,"logrmse"
2019-09-07,317,264.146596230158,2171,362.61918975714,"logrmse"
2019-09-07,142,264.316144551535,1525,230.275413098821,"logrmse"
2019-09-07,143,264.315175703984,1196,192.966552516908,"logrmse"
2019-09-07,86,264.370400014375,3130,429.232308986896,"logrmse"
2019-09-07,289,264.173723961578,4063,512.975948323449,"logrmse"
2019-09-07,184,264.275452954404,1281,171.102583858277,"logrmse"
2019-09-07,243,264.218290948911,979,160.533907080209,"logrmse"
2019-09-07,2616,261.919215711037,22084,2433.35916533746,"logrmse"
2019-09-07,411,264.055524560389,5397,772.288172414819,"logrmse"
2019-09-07,111,264.346178825607,1568,202.391785134396,"logrmse"
2019-09-07,695,263.780371855983,4259,482.360064433213,"logrmse"
2019-09-07,116,264.341334587854,2370,304.914401707648,"logrmse"
2019-09-07,666,263.808468434954,3577,414.164593944556,"logrmse"
2019-09-07,445,264.022583743664,3383,454.955817669579,"logrmse"
2019-09-07,196,264.263826783795,2740,359.966251640628,"logrmse"
2019-09-07,1050,263.436430975475,3766,430.706798237425,"logrmse"
2019-09-07,2563,261.970564631225,9931,1235.37973239755,"logrmse"
2019-09-07,2093,262.425922980067,10563,1205.31426297473,"logrmse"
2019-09-07,613,263.859817355142,116,35.2109095725718,"logrmse"
2019-09-07,58,264.397527745796,1334,193.529369203661,"logrmse"
2019-09-07,139,264.319051094187,685,123.361565173804,"logrmse"
2019-09-07,106,264.351023063361,1220,153.076562660237,"logrmse"
2019-09-07,232,264.228948271969,1016,148.937243288371,"logrmse"
2019-09-07,1174,263.316293879185,7612,882.240926043663,"logrmse"
2019-09-07,637,263.836565013925,4026,517.387982930254,"logrmse"
2019-09-07,193,264.266733326448,3499,474.21475515703,"logrmse"
2019-09-07,217,264.24348098523,1072,154.615393096906,"logrmse"
2019-09-07,354,264.110748870781,1401,195.27280568839,"logrmse"
2019-09-07,201,264.258982546042,2381,318.678384411326,"logrmse"
2019-09-07,405,264.061337645694,4735,584.446372470609,"logrmse"
2019-09-07,324,264.139814297302,5089,616.365254741769,"logrmse"
2019-09-07,1094,263.393801683243,7995,964.927053528171,"logrmse"
2019-09-07,102,264.354898453564,1662,246.969252388535,"logrmse"
2019-09-07,766,263.711583679881,7616,1030.97032685697,"logrmse"
2019-09-07,195,264.264795631346,2727,346.062582701189,"logrmse"
2019-09-07,123,264.334552654999,1442,197.320410521563,"logrmse"
2019-09-07,187,264.272546411752,1792,311.40229177932,"logrmse"
2019-09-07,167,264.291923362767,2780,416.729856446171,"logrmse"
2019-09-07,360,264.104935785476,2265,263.923037587295,"logrmse"
2019-09-07,245,264.21635325381,2034,241.303317218086,"logrmse"
2019-09-07,349,264.115593108534,6593,812.787458639889,"logrmse"
2019-09-07,279,264.183412437085,615,88.9303428831738,"logrmse"
2019-09-07,271,264.191163217491,1794,225.42833408122,"logrmse"
2019-09-07,129,264.328739569694,1602,196.96472044223,"logrmse"
2019-09-07,89,264.367493471723,1615,191.121344396234,"logrmse"
2019-09-07,425,264.041960694679,2418,287.667001813315,"logrmse"
2019-09-07,103,264.353929606013,1119,159.794629576278,"logrmse"
2019-09-07,243,264.218290948911,1563,199.783647615272,"logrmse"
2019-09-07,132,264.325833027042,1377,171.675345228495,"logrmse"
2019-09-07,2318,262.207932281153,9356,1168.77667131323,"logrmse"
2019-09-07,707,263.768745685374,1948,273.297600718122,"logrmse"
2019-09-07,483,263.985767536737,4413,575.69736607209,"logrmse"
2019-09-07,395,264.071026121201,2692,335.198057697872,"logrmse"
2019-09-07,207,264.253169460737,3809,519.678618612137,"logrmse"
2019-09-07,94,264.36264923397,944,135.829195488227,"logrmse"
2019-09-07,347,264.117530803636,3011,330.846123146767,"logrmse"
2019-09-07,251,264.210540168505,1747,266.700205678248,"logrmse"
2019-09-07,592,263.880163153708,1571,208.673486299618,"logrmse"
2019-09-07,177,264.282234887259,2373,285.563258577152,"logrmse"
2019-09-07,208,264.252200613187,3288,417.441265054765,"logrmse"
2019-09-07,212,264.248325222984,1907,290.900287094388,"logrmse"
2019-09-07,101,264.355867301114,1108,132.79937310172,"logrmse"
2019-09-07,827,263.652483979287,4468,592.13765803126,"logrmse"
2019-09-07,644,263.82978308107,2160,278.399838577275,"logrmse"
2019-09-07,631,263.842378099229,2190,289.578397026682,"logrmse"
2019-09-07,202,264.258013698491,541,99.3919497526097,"logrmse"
2019-09-07,168,264.290954515216,2675,312.74910991805,"logrmse"
2019-09-07,173,264.286110277462,1699,213.793987650644,"logrmse"
2019-09-07,164,264.294829905419,691,98.0010089319203,"logrmse"
2019-09-07,152,264.306456076027,1054,142.582917364347,"logrmse"
2019-09-07,236,264.225072881766,1679,219.907593353053,"logrmse"
2019-09-07,203,264.25704485094,1242,171.618588780102,"logrmse"
2019-09-07,173,264.286110277462,1662,213.715805351011,"logrmse"
2019-09-07,199,264.260920241143,1158,161.126966846691,"logrmse"
2019-09-07,120,264.337459197651,2089,262.688090642235,"logrmse"
2019-09-07,288,264.174692809129,1052,136.373829824935,"logrmse"
2019-09-07,292,264.170817418926,4888,638.213431870562,"logrmse"
2019-09-07,186,264.273515259303,1283,171.310673199637,"logrmse"
2019-09-07,242,264.219259796462,2555,301.978778429223,"logrmse"
2019-09-07,380,264.085558834462,2187,290.672197049424,"logrmse"
2019-09-07,252,264.209571320955,2160,294.679718066312,"logrmse"
2019-09-07,214,264.246387527882,895,103.042729167696,"logrmse"
2019-09-07,434,264.033241066722,4220,511.921786670899,"logrmse"
2019-09-07,371,264.094278462418,1066,128.836491154102,"logrmse"
2019-09-07,546,263.924730141041,2064,314.728519733715,"logrmse"
2019-09-07,701,263.774558770678,4247,574.920074095774,"logrmse"
2019-09-07,416,264.050680322636,2257,395.743231963897,"logrmse"
2019-09-07,219,264.241543290129,1295,238.000703987297,"logrmse"
2019-09-07,2201,262.321287444588,3981,492.087067033384,"logrmse"
2019-09-07,69,264.386870422738,3121,383.138741201531,"logrmse"
2019-09-07,125,264.332614959897,1266,160.548184970751,"logrmse"
2019-09-07,348,264.116561956085,1290,158.56026388832,"logrmse"
2019-09-07,49,264.406247373752,810,138.21967826324,"logrmse"
2019-09-07,460,264.008051030404,1748,264.323351157255,"logrmse"
2019-09-07,282,264.180505894433,2920,401.646367293662,"logrmse"
2019-09-07,498,263.971234823476,2503,309.672471484006,"logrmse"
2019-09-07,209,264.251231765636,1782,250.184573420759,"logrmse"
2019-09-07,279,264.183412437085,1704,265.646683738027,"logrmse"
2019-09-07,297,264.165973181172,1699,229.203972233392,"logrmse"
2019-09-07,594,263.878225458606,4978,554.425481550904,"logrmse"
2019-09-07,485,263.983829841635,2350,278.18968187517,"logrmse"
2019-09-07,933,263.54978613891,6725,755.525665044656,"logrmse"
2019-09-07,424,264.04292954223,2799,315.154909685308,"logrmse"
2019-09-07,894,263.587571193388,2496,304.204976322948,"logrmse"
2019-09-07,122,264.335521502549,1034,132.84423598923,"logrmse"
2019-09-07,275,264.187287827288,1800,365.204604984161,"logrmse"
2019-09-07,241,264.220228644013,1636,216.318291375048,"logrmse"
2019-09-07,128,264.329708417245,1593,180.612308883472,"logrmse"
2019-09-07,74,264.382026184984,292,64.5791397543354,"logrmse"
2019-09-07,1072,263.415116329359,3062,452.36785218765,"logrmse"
2019-09-07,383,264.08265229181,3871,437.878487189852,"logrmse"
2019-09-07,402,264.064244188346,1999,230.811712030569,"logrmse"
2019-09-07,493,263.97607906123,1525,181.753841763909,"logrmse"
2019-09-07,166,264.292892210317,3104,357.688579116208,"logrmse"
2019-09-07,226,264.234761357274,2214,256.196357792694,"logrmse"
2019-09-07,349,264.115593108534,1159,223.165958944827,"logrmse"
2019-09-07,373,264.092340767317,2281,295.86185006104,"logrmse"
2019-09-07,319,264.144658535056,2209,262.732055168721,"logrmse"
2019-09-07,160,264.298705295622,4255,595.397182684946,"logrmse"
2019-09-07,2961,261.584963306036,6779,756.033824011792,"logrmse"
2019-09-07,1924,262.58965821614,10336,1190.45816710262,"logrmse"
2019-09-07,469,263.999331402447,9800,1155.12029423736,"logrmse"
2019-09-07,1791,262.718514940386,21179,2365.15501586849,"logrmse"
2019-09-07,126,264.331646112346,1969,279.737792271804,"logrmse"
2019-09-07,556,263.915041665534,1702,244.497011483259,"logrmse"
2019-09-07,2008,262.508275021878,10060,1221.11816769673,"logrmse"
2019-09-07,83,264.373306557028,2152,291.793059424934,"logrmse"
2019-09-07,714,263.761963752519,3383,572.27809765719,"logrmse"
2019-09-07,291,264.171786266476,4108,508.727339730785,"logrmse"
2019-09-07,167,264.291923362767,2644,316.816396123349,"logrmse"
2019-09-07,353,264.111717718331,1478,187.238392443903,"logrmse"
2019-09-07,261,264.200851692998,3232,357.397405607709,"logrmse"
2019-09-07,0,264.453720903738,8815,1239.97951844247,"logrmse"
2019-09-07,1157,263.332764287547,5478,796.974026634014,"logrmse"
2019-09-07,56,264.399465440897,1423,224.993881869101,"logrmse"
2019-09-07,465,264.00320679265,7600,832.717049455329,"logrmse"
2019-09-07,4402,260.188853985438,7641,854.573246956188,"logrmse"
2019-09-07,311,264.152409315462,1936,252.612841561117,"logrmse"
2019-09-07,299,264.164035486071,1980,272.812066950005,"logrmse"
2019-09-07,398,264.068119578549,3215,423.611688299251,"logrmse"
2019-09-07,1528,262.973321846227,8020,904.061360196326,"logrmse"
2019-09-07,1367,263.129306301894,10622,1154.79669959136,"logrmse"
2019-09-07,144,264.314206856433,6548,815.619546275784,"logrmse"
2019-09-07,2586,261.948281137558,3616,457.926891805141,"logrmse"
2019-09-07,897,263.584664650736,6465,717.39787082835,"logrmse"
2019-09-07,740,263.7367737162,5321,656.883173692374,"logrmse"
2019-09-07,290,264.172755114027,3282,413.28013656572,"logrmse"
2019-09-07,324,264.139814297302,1553,208.226042908756,"logrmse"
2019-09-07,76,264.380088489883,2217,363.680676107188,"logrmse"
2019-09-07,198,264.261889088694,8939,1063.80558516573,"logrmse"
2019-09-07,483,263.985767536737,5535,664.891497820376,"logrmse"
2019-09-07,155,264.303549533375,1123,139.402346153507,"logrmse"
2019-09-07,352,264.112686565882,856,126.115966800525,"logrmse"
2019-09-07,254,264.207633625853,2558,329.848687365773,"logrmse"
2019-09-07,1185,263.305636556127,5660,648.436654416871,"logrmse"
2019-09-07,961,263.522658407489,5046,587.092532647037,"logrmse"
2019-09-07,499,263.970265975925,1580,241.098208339162,"logrmse"
2019-09-07,643,263.830751928621,4812,718.43163862139,"logrmse"
2019-09-07,144,264.314206856433,640,93.5099775223263,"logrmse"
2019-09-07,76,264.380088489883,2913,344.666650837112,"logrmse"
2019-09-07,146,264.312269161332,719,81.6634445096742,"logrmse"
2019-09-07,208,264.252200613187,6003,714.247698195673,"logrmse"
2019-09-07,519,263.950889024911,2639,317.169048628022,"logrmse"
2019-09-07,1127,263.361829714069,5825,655.060762144386,"logrmse"
2019-09-07,571,263.900508952273,2029,267.855437889882,"logrmse"
2019-09-07,352,264.112686565882,6049,732.354462044664,"logrmse"
2019-09-07,1036,263.449994841185,6563,798.834293687956,"logrmse"
2019-09-07,2422,262.107172135878,7622,856.415999407487,"logrmse"
2019-09-07,169,264.289985667665,2830,427.837987116362,"logrmse"
2019-09-07,237,264.224104034216,2095,256.313269668413,"logrmse"
2019-09-07,629,263.844315794331,1683,231.026915578097,"logrmse"
2019-09-07,389,264.076839206505,5299,558.175978414934,"logrmse"
2019-09-07,545,263.925698988592,4140,459.682485483829,"logrmse"
2019-09-07,522,263.947982482259,2386,301.836903897157,"logrmse"
2019-09-07,369,264.09621615752,4481,537.007280522242,"logrmse"
2019-09-07,171,264.288047972564,2048,316.451102956058,"logrmse"
2019-09-07,231,264.22991711952,5266,602.027663724991,"logrmse"
2019-09-07,323,264.140783144853,483,108.845614446518,"logrmse"
2019-09-07,193,264.266733326448,661,72.4154309427397,"logrmse"
2019-09-07,231,264.22991711952,2869,404.967233482486,"logrmse"
2019-09-07,593,263.879194306157,1730,247.801402658066,"logrmse"
2019-09-07,202,264.258013698491,1906,337.699792459047,"logrmse"
2019-09-07,259,264.2027893881,2001,293.237287321966,"logrmse"
2019-09-07,116,264.341334587854,1250,183.773094023702,"logrmse"
2019-09-07,280,264.182443589534,1617,235.38072931121,"logrmse"
2019-09-07,388,264.077808054056,2849,346.0747013462,"logrmse"
2019-09-07,1168,263.322106964489,1645,219.062471789864,"logrmse"
2019-09-07,407,264.059399950592,2393,352.637986134805,"logrmse"
2019-09-07,147,264.311300313781,1523,202.546553751607,"logrmse"
2019-09-07,386,264.079745749157,2406,274.726129410465,"logrmse"
2019-09-07,455,264.012895268157,2662,353.127549586523,"logrmse"
2019-09-07,281,264.181474741984,3383,402.081718892687,"logrmse"
2019-09-07,114,264.343272282955,847,207.07561758908,"logrmse"
2019-09-07,274,264.188256674839,4476,577.361908860442,"logrmse"
2019-09-07,121,264.3364903501,4133,549.206618393289,"logrmse"
2019-09-07,260,264.201820540549,2952,331.864265370299,"logrmse"
2019-09-07,220,264.240574442578,937,122.159322464253,"logrmse"
2019-09-07,104,264.352960758462,2650,323.797068252891,"logrmse"
2019-09-07,90,264.366524624172,901,103.573460239596,"logrmse"
2019-09-07,232,264.228948271969,885,116.311335489483,"logrmse"
2019-09-07,388,264.077808054056,1752,243.226179036412,"logrmse"
2019-09-07,1079,263.408334396504,2901,419.845241841031,"logrmse"
2019-09-07,348,264.116561956085,1468,212.832250006358,"logrmse"
2019-09-07,265,264.196976302795,2334,315.415824272253,"logrmse"
2019-09-07,299,264.164035486071,2275,305.704779159597,"logrmse"
2019-09-07,628,263.845284641881,2290,310.386601172568,"logrmse"
2019-09-07,1234,263.258163026141,5539,615.095132219814,"logrmse"
2019-09-07,417,264.049711475085,3075,439.965575920116,"logrmse"
2019-09-07,690,263.785216093736,4118,506.853247654152,"logrmse"
2019-09-07,123,264.334552654999,936,124.323088673476,"logrmse"
2019-09-07,112,264.345209978057,898,119.067024262475,"logrmse"
2019-09-07,176,264.28320373481,966,124.440414909295,"logrmse"
2019-09-07,141,264.317113399085,553,75.493764888484,"logrmse"
2019-09-07,239,264.222166339114,1844,255.640623408097,"logrmse"
2019-09-07,163,264.295798752969,1414,211.454355007153,"logrmse"
2019-09-07,273,264.18922552239,1771,207.799125702402,"logrmse"
2019-09-07,278,264.184381284636,2306,300.945359864043,"logrmse"
2019-09-07,1064,263.422867109765,4422,567.101274129617,"logrmse"
2019-09-07,296,264.166942028723,2107,269.131593122491,"logrmse"
2019-09-07,323,264.140783144853,2378,382.530250224056,"logrmse"
2019-09-07,103,264.353929606013,861,108.268014700233,"logrmse"
2019-09-07,200,264.259951393593,1120,236.045921902111,"logrmse"
2019-09-07,554,263.916979360635,7373,990.149933962114,"logrmse"
2019-09-07,749,263.728054088244,3720,492.174414622551,"logrmse"
2019-09-07,726,263.75033758191,6971,935.045417186242,"logrmse"
2019-09-07,387,264.078776901607,2560,337.83236818433,"logrmse"
2019-09-07,239,264.222166339114,3812,456.793028125792,"logrmse"
2019-09-07,428,264.039054152027,1561,198.48066388947,"logrmse"
2019-09-07,267,264.195038607694,2208,282.475368416178,"logrmse"
2019-09-07,634,263.839471556577,2163,266.718540803593,"logrmse"
2019-09-07,205,264.255107155839,1657,201.990614628741,"logrmse"
2019-09-07,93,264.36361808152,808,120.170420357041,"logrmse"
2019-09-07,177,264.282234887259,861,128.963177451445,"logrmse"
2019-09-07,207,264.253169460737,2316,267.383986507082,"logrmse"
2019-09-07,168,264.290954515216,769,116.987017472282,"logrmse"
2019-09-07,71,264.384932727636,892,131.595769449351,"logrmse"
2019-09-07,310,264.153378163013,3070,451.86140067703,"logrmse"
2019-09-07,586,263.885976239012,1818,235.504055587198,"logrmse"
2019-09-07,90,264.366524624172,1866,243.794784690172,"logrmse"
2019-09-07,171,264.288047972564,654,80.8035466093515,"logrmse"
2019-09-07,189,264.270608716651,1550,212.272221034351,"logrmse"
2019-09-07,190,264.2696398691,2311,259.35342392187,"logrmse"
2019-09-07,140,264.318082246636,603,88.1422727865837,"logrmse"
2019-09-07,111,264.346178825607,893,109.016136587002,"logrmse"
2019-09-07,59,264.396558898245,527,73.3571354535891,"logrmse"
2019-09-07,119,264.338428045201,677,89.8925799805106,"logrmse"
2019-09-07,158,264.300642990723,823,103.537955808954,"logrmse"
2019-09-07,437,264.03033452407,1841,242.26270756822,"logrmse"
2019-09-07,596,263.876287763505,2798,360.444273974953,"logrmse"
2019-09-07,208,264.252200613187,1201,153.563308258869,"logrmse"
2019-09-07,579,263.892758171867,2606,335.417170480043,"logrmse"
2019-09-07,525,263.945075939606,1563,190.613437277352,"logrmse"
2019-09-07,655,263.819125758012,1978,246.536501296616,"logrmse"
2019-09-07,435,264.032272219172,1889,220.154718384595,"logrmse"
2019-09-07,248,264.213446711158,1233,160.24837243371,"logrmse"
2019-09-07,237,264.224104034216,1137,149.141058304575,"logrmse"
2019-09-07,184,264.275452954404,1112,130.147873602068,"logrmse"
2019-09-07,227,264.233792509723,1135,138.782248817408,"logrmse"
2019-09-07,270,264.192132065042,1119,144.900073961145,"logrmse"
2019-09-07,76,264.380088489883,1510,196.444138353449,"logrmse"
2019-09-07,107,264.35005421581,867,107.00851241749,"logrmse"
2019-09-07,222,264.238636747477,1065,136.709794331168,"logrmse"
2019-09-07,61,264.394621203144,820,111.60412359606,"logrmse"
2019-09-07,132,264.325833027042,1220,141.855515643797,"logrmse"
2019-09-07,85,264.371368861926,813,101.899345823538,"logrmse"
2019-09-07,63,264.392683508042,845,105.816396411109,"logrmse"
2019-09-07,104,264.352960758462,619,75.2360214188415,"logrmse"
2019-09-07,225,264.235730204824,1306,152.425071674033,"logrmse"
2019-09-07,172,264.287079125013,1133,138.063412372631,"logrmse"
2019-09-07,206,264.254138308288,1135,155.704951935639,"logrmse"
2019-09-07,186,264.273515259303,1690,226.524822628274,"logrmse"
2019-09-07,467,264.001269097548,2376,353.362296931933,"logrmse"
2019-09-07,262,264.199882845447,4109,485.441061357578,"logrmse"
2019-09-07,237,264.224104034216,2279,275.710016755085,"logrmse"
2019-09-07,348,264.116561956085,3663,449.572291003727,"logrmse"
2019-09-07,388,264.077808054056,2045,304.161145895578,"logrmse"
2019-09-07,191,264.268671021549,3270,380.575865260328,"logrmse"
2019-09-07,181,264.278359497056,869,97.9229074056616,"logrmse"
2019-09-07,822,263.65732821704,6226,698.273758565129,"logrmse"
2019-09-07,258,264.20375823565,1587,192.417286873748,"logrmse"
2019-09-07,195,264.264795631346,574,122.128775765984,"logrmse"
2019-09-07,274,264.188256674839,1840,222.419058864407,"logrmse"
2019-09-07,540,263.930543226345,4144,556.876024928442,"logrmse"
2019-09-07,131,264.326801874593,744,93.3373328597908,"logrmse"
2019-09-07,215,264.245418680332,3966,438.69520962909,"logrmse"
2019-09-07,613,263.859817355142,3946,480.894230302595,"logrmse"
2019-09-07,770,263.707708289678,3738,488.640221228239,"logrmse"
2019-09-07,324,264.139814297302,1251,161.345931876608,"logrmse"
2019-09-07,288,264.174692809129,2241,284.244245858731,"logrmse"
2019-09-07,1238,263.254287635938,5684,673.058106391487,"logrmse"
2019-09-07,208,264.252200613187,3397,407.005463550119,"logrmse"
2019-09-07,351,264.113655413433,2231,273.580017719654,"logrmse"
2019-09-07,300,264.16306663852,1038,131.732144620877,"logrmse"
2019-09-07,245,264.21635325381,2459,269.580156453792,"logrmse"
2019-09-07,262,264.199882845447,1189,149.624255424735,"logrmse"
2019-09-07,200,264.259951393593,2584,322.336634137704,"logrmse"
2019-09-07,266,264.196007455245,1418,185.073530886272,"logrmse"
2019-09-07,381,264.084589986911,1270,163.310396244683,"logrmse"
2019-09-07,610,263.862723897795,1449,191.149557503009,"logrmse"
2019-09-07,340,264.124312736491,1874,260.828829249687,"logrmse"
2019-09-07,543,263.927636683693,854,131.468580267931,"logrmse"
2019-09-07,102,264.354898453564,2225,278.258224629715,"logrmse"
2019-09-07,1184,263.306605403677,3220,444.043797724524,"logrmse"
2019-09-07,199,264.260920241143,4530,524.578710086292,"logrmse"
2019-09-07,335,264.129156974244,2896,424.975412666162,"logrmse"
2019-09-07,191,264.268671021549,2525,324.35285239185,"logrmse"
2019-09-07,223,264.237667899926,2184,265.491790355328,"logrmse"
2019-09-07,273,264.18922552239,1988,271.370847459603,"logrmse"
2019-09-07,144,264.314206856433,1141,144.079459852992,"logrmse"
2019-09-07,1382,263.114773588633,3593,440.312041731728,"logrmse"
2019-09-07,1149,263.340515067953,3542,484.523794563085,"logrmse"
2019-09-07,121,264.3364903501,779,96.0475082179418,"logrmse"
2019-09-07,42,264.413029306607,610,80.5011312649186,"logrmse"
2019-09-07,180,264.279328344607,2913,357.125806857151,"logrmse"
2019-09-07,775,263.702864051925,1883,299.240200354636,"logrmse"
2019-09-07,1012,263.473247182402,10246,1108.08941876506,"logrmse"
2019-09-07,61,264.394621203144,381,58.1653313965249,"logrmse"
2019-09-07,248,264.213446711158,3464,410.167860582981,"logrmse"
2019-09-07,132,264.325833027042,900,121.037329877195,"logrmse"
2019-09-07,118,264.339396892752,1649,201.041556522051,"logrmse"
2019-09-07,233,264.227979424419,1760,298.995649604286,"logrmse"
2019-09-07,136,264.321957636839,722,100.619808538354,"logrmse"
2019-09-07,120,264.337459197651,1922,225.569784603073,"logrmse"
2019-09-07,277,264.185350132187,3302,401.000529350795,"logrmse"
2019-09-07,106,264.351023063361,1724,212.411451862294,"logrmse"
2019-09-07,176,264.28320373481,1620,201.863237010093,"logrmse"
2019-09-07,211,264.249294070535,826,114.895654194973,"logrmse"
2019-09-07,720,263.756150667215,1529,192.021063267672,"logrmse"
2019-09-07,327,264.13690775465,3269,410.2739687868,"logrmse"
2019-09-07,637,263.836565013925,4094,483.778696449487,"logrmse"
2019-09-07,410,264.05649340794,2642,336.636643439414,"logrmse"
2019-09-07,126,264.331646112346,716,115.29812865365,"logrmse"
2019-09-07,809,263.6699232352,2889,358.022225377146,"logrmse"
2019-09-07,627,263.846253489432,2253,298.851897200221,"logrmse"
2019-09-07,117,264.340365740303,1755,242.337204427278,"logrmse"
2019-09-08,196,239.587521165671,1549,205.949885128062,"logrmse"
2019-09-08,0,239.777433140324,3172,479.335506715038,"logrmse"
2019-09-08,335,239.452838693851,1489,193.923432444281,"logrmse"
2019-09-08,281,239.505161380745,1884,249.771570408957,"logrmse"
2019-09-08,252,239.533260601485,1713,201.113421745855,"logrmse"
2019-09-08,149,239.633061282042,1386,157.111322245459,"logrmse"
2019-09-08,98,239.682477152998,870,116.885282675768,"logrmse"
2019-09-08,184,239.599148429426,2026,263.869055572583,"logrmse"
2019-09-08,126,239.655346870904,846,110.276169068884,"logrmse"
2019-09-08,170,239.612713570472,723,99.225716796244,"logrmse"
2019-09-08,173,239.609806754534,928,123.663271927075,"logrmse"
2019-09-08,97,239.683446091644,1518,189.124793982246,"logrmse"
2019-09-08,142,239.639843852565,712,92.9621312089832,"logrmse"
2019-09-08,79,239.700886987275,911,127.323370264137,"logrmse"
2019-09-08,192,239.591396920256,1322,184.594510335413,"logrmse"
2019-09-08,206,239.577831779209,1180,169.690655980525,"logrmse"
2019-09-08,346,239.442180368743,4903,594.998924750981,"logrmse"
2019-09-08,86,239.694104416752,3526,499.128688466238,"logrmse"
2019-09-08,998,238.810432371428,7749,965.29155444205,"logrmse"
2019-09-08,242,239.542949987947,3693,491.423445029613,"logrmse"
2019-09-08,918,238.887947463123,2870,412.768359662214,"logrmse"
2019-09-08,175,239.607868877241,1090,143.300755345879,"logrmse"
2019-09-08,372,239.416987963942,3933,512.046024367399,"logrmse"
2019-09-08,230,239.554577251701,1306,193.882234762733,"logrmse"
2019-09-08,705,239.094331394761,5628,684.128440030092,"logrmse"
2019-09-08,168,239.614651447765,2894,382.130244405328,"logrmse"
2019-09-08,105,239.675694582474,2088,282.684758055943,"logrmse"
2019-09-08,106,239.674725643828,1192,138.856109119604,"logrmse"
2019-09-08,137,239.644688545796,860,115.332396605664,"logrmse"
2019-09-08,136,239.645657484443,703,105.915830830967,"logrmse"
2019-09-08,236,239.548763619824,1360,180.394651094028,"logrmse"
2019-09-08,206,239.577831779209,1091,134.826978065446,"logrmse"
2019-09-08,221,239.563297699517,1195,156.788623386212,"logrmse"
2019-09-08,190,239.593334797548,1781,217.190352499606,"logrmse"
2019-09-08,363,239.425708411758,2183,264.099573775695,"logrmse"
2019-09-08,118,239.663098380074,865,113.66730649618,"logrmse"
2019-09-08,160,239.622402956934,428,97.714553900487,"logrmse"
2019-09-08,767,239.034257198698,4083,527.602279899649,"logrmse"
2019-09-08,111,239.669880950597,2031,306.985506682535,"logrmse"
2019-09-08,826,238.977089818573,4121,529.468647038791,"logrmse"
2019-09-08,186,239.597210552133,745,89.8863934629305,"logrmse"
2019-09-08,1630,238.198063147037,11769,1456.16223596481,"logrmse"
2019-09-08,162,239.620465079642,1011,147.080815130014,"logrmse"
2019-09-08,160,239.622402956934,1497,201.979806132539,"logrmse"
2019-09-08,140,239.641781729858,502,70.1824879528908,"logrmse"
2019-09-08,84,239.696042294044,696,92.6008401327189,"logrmse"
2019-09-08,96,239.68441503029,836,104.791252346705,"logrmse"
2019-09-08,110,239.670849889243,849,134.900182214215,"logrmse"
2019-09-08,248,239.53713635607,2319,292.109060733746,"logrmse"
2019-09-08,242,239.542949987947,3303,380.490377252486,"logrmse"
2019-09-08,1116,238.696097611178,2937,331.003194175575,"logrmse"
2019-09-08,371,239.417956902588,3310,382.858175782389,"logrmse"
2019-09-08,418,239.372416786217,3602,483.290735121301,"logrmse"
2019-09-08,63,239.716390005614,1271,167.730277563882,"logrmse"
2019-09-08,108,239.672787766536,358,59.0350459682621,"logrmse"
2019-09-08,118,239.663098380074,503,78.9562820112065,"logrmse"
2019-09-08,97,239.683446091644,359,67.4677907018608,"logrmse"
2019-09-08,247,239.538105294716,1516,198.435191628752,"logrmse"
2019-09-08,329,239.458652325728,1510,199.706901082431,"logrmse"
2019-09-08,160,239.622402956934,2103,256.587649659066,"logrmse"
2019-09-08,75,239.70476274186,1708,202.99668774239,"logrmse"
2019-09-08,100,239.680539275705,1012,126.22609554671,"logrmse"
2019-09-08,227,239.557484067639,917,108.035771505885,"logrmse"
2019-09-08,201,239.58267647244,1098,129.142461843668,"logrmse"
2019-09-08,412,239.378230418095,3360,466.98074962039,"logrmse"
2019-09-08,338,239.449931877913,1414,212.459228979135,"logrmse"
2019-09-08,475,239.317187283385,3131,362.916374636728,"logrmse"
2019-09-08,10,239.767743753862,1292,165.532012321272,"logrmse"
2019-09-08,317,239.470279589483,2283,314.107422242022,"logrmse"
2019-09-08,261,239.524540153669,2993,405.758539057215,"logrmse"
2019-09-08,87,239.693135478106,3246,449.112843317629,"logrmse"
2019-09-08,533,239.260988841906,3651,436.006787680353,"logrmse"
2019-09-08,839,238.964493616172,1398,208.708055191717,"logrmse"
2019-09-08,313,239.474155344067,1547,235.153995612665,"logrmse"
2019-09-08,360,239.428615227696,2822,368.907914215525,"logrmse"
2019-09-08,161,239.621434018288,2662,332.867596028432,"logrmse"
2019-09-08,303,239.483844730529,2740,359.683851571176,"logrmse"
2019-09-08,148,239.634030220688,1729,249.150153659931,"logrmse"
2019-09-08,125,239.656315809551,1364,172.05410242157,"logrmse"
2019-09-08,121,239.660191564135,1416,175.057912983881,"logrmse"
2019-09-08,376,239.413112209357,1289,167.712131130641,"logrmse"
2019-09-08,176,239.606899938595,1117,131.066629839002,"logrmse"
2019-09-08,94,239.686352907582,786,97.7261224670054,"logrmse"
2019-09-08,113,239.667943073305,787,100.577514456067,"logrmse"
2019-09-08,475,239.317187283385,1763,209.72970879052,"logrmse"
2019-09-08,141,239.640812791212,894,107.229010552027,"logrmse"
2019-09-08,118,239.663098380074,1457,188.831505856561,"logrmse"
2019-09-08,171,239.611744631826,1538,191.068873853018,"logrmse"
2019-09-08,65,239.714452128322,289,54.6392280897687,"logrmse"
2019-09-08,146,239.635968097981,891,122.69812668415,"logrmse"
2019-09-08,208,239.575893901917,784,115.880502221599,"logrmse"
2019-09-08,131,239.650502177674,953,116.09340520378,"logrmse"
2019-09-08,52,239.727048330722,709,100.069882576548,"logrmse"
2019-09-08,84,239.696042294044,717,84.0566546510879,"logrmse"
2019-09-08,172,239.61077569318,1184,153.941672508085,"logrmse"
2019-09-08,70,239.709607435091,1544,194.231023606003,"logrmse"
2019-09-08,125,239.656315809551,893,115.212469448353,"logrmse"
2019-09-08,188,239.595272674841,936,122.989830512268,"logrmse"
2019-09-08,192,239.591396920256,2685,301.346646887078,"logrmse"
2019-09-08,107,239.673756705182,568,79.9002238075501,"logrmse"
2019-09-08,114,239.666974134659,1023,123.592143995862,"logrmse"
2019-09-08,204,239.579769656502,1090,141.647363162985,"logrmse"
2019-09-08,104,239.676663521121,778,91.2812663511233,"logrmse"
2019-09-08,182,239.601086306718,567,73.6647063777142,"logrmse"
2019-09-08,97,239.683446091644,620,81.0748582403069,"logrmse"
2019-09-08,77,239.702824864568,525,66.4932356741238,"logrmse"
2019-09-08,157,239.625309772873,332,48.2880205196841,"logrmse"
2019-09-08,91,239.689259723521,744,97.9096470420541,"logrmse"
2019-09-08,94,239.686352907582,1155,135.708110592526,"logrmse"
2019-09-08,632,239.165063915933,495,79.0546977412292,"logrmse"
2019-09-08,72,239.707669557799,1282,145.869259627015,"logrmse"
2019-09-08,384,239.405360700188,2096,263.33688698691,"logrmse"
2019-09-08,302,239.484813669175,3233,388.221220915517,"logrmse"
2019-09-08,785,239.016816303066,2950,343.098543960155,"logrmse"
2019-09-08,504,239.289088062645,2436,289.834222997662,"logrmse"
2019-09-08,365,239.423770534465,3962,444.759178768786,"logrmse"
2019-09-08,708,239.091424578823,2829,322.551238810737,"logrmse"
2019-09-08,77,239.702824864568,774,111.347399036749,"logrmse"
2019-09-08,64,239.715421066968,852,103.225531306627,"logrmse"
2019-09-08,107,239.673756705182,770,105.958924430848,"logrmse"
2019-09-08,109,239.67181882789,692,89.8980872670366,"logrmse"
2019-09-08,74,239.705731680506,648,82.1468630684727,"logrmse"
2019-09-08,119,239.662129441428,1014,119.293513334893,"logrmse"
2019-09-08,200,239.583645411087,836,107.500418960183,"logrmse"
2019-09-08,193,239.59042798161,652,78.4333569711008,"logrmse"
2019-09-08,72,239.707669557799,637,78.8148558630661,"logrmse"
2019-09-08,568,239.227075989289,1440,185.914659550524,"logrmse"
2019-09-08,283,239.503223503453,1551,200.388488198431,"logrmse"
2019-09-08,60,239.719296821553,2173,275.16742575499,"logrmse"
2019-09-08,46,239.7328619626,487,78.8257769105819,"logrmse"
2019-09-08,236,239.548763619824,3229,405.120515245007,"logrmse"
2019-09-08,218,239.566204515455,1569,210.692017942535,"logrmse"
2019-09-08,281,239.505161380745,2399,286.333515943917,"logrmse"
2019-09-08,252,239.533260601485,978,139.284137767923,"logrmse"
2019-09-08,175,239.607868877241,894,123.073290495872,"logrmse"
2019-09-08,117,239.66406731872,989,132.961307674725,"logrmse"
2019-09-08,127,239.654377932258,5120,626.293175772327,"logrmse"
2019-09-08,235,239.54973255847,1490,211.817103404669,"logrmse"
2019-09-08,1042,238.767799070996,4302,521.706193732302,"logrmse"
2019-09-08,152,239.630154466104,3535,454.208897059715,"logrmse"
2019-09-08,226,239.558453006286,2429,309.060061567356,"logrmse"
2019-09-08,248,239.53713635607,2021,279.109687190509,"logrmse"
2019-09-08,819,238.983872389096,7720,992.615425958359,"logrmse"
2019-09-08,486,239.306528958277,1901,278.933699403993,"logrmse"
2019-09-08,396,239.393733436434,7497,959.24210934796,"logrmse"
2019-09-08,108,239.672787766536,807,108.497667407922,"logrmse"
2019-09-08,135,239.646626423089,817,102.185351881533,"logrmse"
2019-09-08,182,239.601086306718,1661,218.754925594008,"logrmse"
2019-09-08,617,239.179597995626,4208,500.796394258106,"logrmse"
2019-09-08,331,239.456714448436,3642,401.899499536026,"logrmse"
2019-09-08,275,239.510975012622,1550,191.070069995824,"logrmse"
2019-09-08,114,239.666974134659,1525,202.156460526871,"logrmse"
2019-09-08,139,239.642750668504,1007,123.013637716458,"logrmse"
2019-09-08,93,239.687321846229,562,71.1705403433604,"logrmse"
2019-09-08,83,239.697011232691,1507,177.641314626799,"logrmse"
2019-09-08,149,239.633061282042,1032,136.248355791098,"logrmse"
2019-09-08,100,239.680539275705,810,132.829849233856,"logrmse"
2019-09-08,128,239.653408993612,840,132.783280380149,"logrmse"
2019-09-08,118,239.663098380074,1553,198.975812735493,"logrmse"
2019-09-08,617,239.179597995626,5395,669.244001610613,"logrmse"
2019-09-08,95,239.685383968936,1851,311.987245099062,"logrmse"
2019-09-08,563,239.23192068252,4862,603.262309825899,"logrmse"
2019-09-08,269,239.5167886445,2344,277.631244844394,"logrmse"
2019-09-08,476,239.316218344739,3098,345.88086932837,"logrmse"
2019-09-08,161,239.621434018288,1272,151.067365330244,"logrmse"
2019-09-08,250,239.535198478777,1306,166.710156054091,"logrmse"
2019-09-08,252,239.533260601485,2164,267.353146494866,"logrmse"
2019-09-08,450,239.341410749539,8251,1056.01896416643,"logrmse"
2019-09-08,807,238.99549965285,4202,560.652732611111,"logrmse"
2019-09-08,288,239.498378810222,4931,699.739343170874,"logrmse"
2019-09-08,692,239.106927597162,3833,494.108171423087,"logrmse"
2019-09-08,488,239.304591080984,2598,338.98229355927,"logrmse"
2019-09-08,325,239.462528080313,5759,782.395840907649,"logrmse"
2019-09-08,76,239.703793803214,1546,267.455361651479,"logrmse"
2019-09-08,154,239.628216588811,975,197.390561032274,"logrmse"
2019-09-08,0,239.777433140324,1231,208.929516865102,"logrmse"
2019-09-08,491,239.301684265046,1369,183.088748506491,"logrmse"
2019-09-08,449,239.342379688186,805,153.506541769796,"logrmse"
2019-09-08,467,239.324938792554,5825,849.842071155391,"logrmse"
2019-09-08,359,239.429584166343,1293,169.059863651739,"logrmse"
2019-09-08,150,239.632092343396,8204,998.295034336737,"logrmse"
2019-09-08,255,239.530353785546,847,102.203274586547,"logrmse"
2019-09-08,142,239.639843852565,1167,160.802577479288,"logrmse"
2019-09-08,3294,236.58574923978,16680,2007.5949251718,"logrmse"
2019-09-08,364,239.424739473112,2361,332.437005347512,"logrmse"
2019-09-08,145,239.636937036627,1613,191.252973363975,"logrmse"
2019-09-08,187,239.596241613487,2155,246.487315919012,"logrmse"
2019-09-08,161,239.621434018288,1083,132.196756780014,"logrmse"
2019-09-08,253,239.532291662839,4405,540.55353780205,"logrmse"
2019-09-08,280,239.506130319391,2063,282.168763522137,"logrmse"
2019-09-08,755,239.045884462452,463,69.6878040553468,"logrmse"
2019-09-08,49,239.729955146661,1061,149.658323940091,"logrmse"
2019-09-08,538,239.256144148675,4099,613.935715479716,"logrmse"
2019-09-08,367,239.421832657173,1534,262.613051225856,"logrmse"
2019-09-08,185,239.598179490779,2529,351.896659515467,"logrmse"
2019-09-08,776,239.025536750882,7264,942.851433695734,"logrmse"
2019-09-08,3759,236.135192769303,5882,734.86741116876,"logrmse"
2019-09-08,218,239.566204515455,1308,176.03315453992,"logrmse"
2019-09-08,179,239.603993122656,3300,366.004976848564,"logrmse"
2019-09-08,177,239.605930999949,1924,238.308405467128,"logrmse"
2019-09-08,205,239.578800717856,866,144.007310236891,"logrmse"
2019-09-08,314,239.473186405421,3085,408.181265406653,"logrmse"
2019-09-08,454,239.337534994955,3859,432.525124195139,"logrmse"
2019-09-08,387,239.402453884249,3139,341.323866047818,"logrmse"
2019-09-08,93,239.687321846229,909,112.182725048385,"logrmse"
2019-09-08,50,239.728986208015,718,100.67790671399,"logrmse"
2019-09-08,173,239.609806754534,1475,213.975006678111,"logrmse"
2019-09-08,328,239.459621264374,2368,349.104190926171,"logrmse"
2019-09-08,407,239.383075111326,1497,196.66037061476,"logrmse"
2019-09-08,322,239.465434896252,634,79.7062296608309,"logrmse"
2019-09-08,74,239.705731680506,1248,144.325089467648,"logrmse"
2019-09-08,904,238.90151260417,4168,500.411998952341,"logrmse"
2019-09-08,220,239.564266638163,1913,218.393637948166,"logrmse"
2019-09-08,57,239.722203637491,529,73.6507294078935,"logrmse"
2019-09-08,95,239.685383968936,416,58.6698636499367,"logrmse"
2019-09-08,529,239.264864596491,3469,439.558964533341,"logrmse"
2019-09-08,399,239.390826620495,2687,333.585047641442,"logrmse"
2019-09-08,371,239.417956902588,8883,977.071135829889,"logrmse"
2019-09-08,87,239.693135478106,1210,158.67453570696,"logrmse"
2019-09-08,247,239.538105294716,1246,159.029451456991,"logrmse"
2019-09-08,280,239.506130319391,1287,167.470765333465,"logrmse"
2019-09-08,119,239.662129441428,962,174.18561877402,"logrmse"
2019-09-08,131,239.650502177674,1811,236.894201065088,"logrmse"
2019-09-08,17,239.760961183339,4839,703.251727501406,"logrmse"
2019-09-08,145,239.636937036627,2934,351.991812450131,"logrmse"
2019-09-08,91,239.689259723521,377,97.6343668685179,"logrmse"
2019-09-08,915,238.890854279062,3415,375.435222910474,"logrmse"
2019-09-08,333,239.454776571143,978,143.638509917293,"logrmse"
2019-09-08,59,239.720265760199,988,113.1144733331,"logrmse"
2019-09-08,288,239.498378810222,2357,293.352710928289,"logrmse"
2019-09-08,973,238.834655837583,3445,424.07511896311,"logrmse"
2019-09-08,197,239.586552227025,1356,177.670605555597,"logrmse"
2019-09-08,346,239.442180368743,1745,213.380521881048,"logrmse"
2019-09-08,139,239.642750668504,7784,886.490754659374,"logrmse"
2019-09-08,82,239.697980171337,878,131.963248458394,"logrmse"
2019-09-08,115,239.666005196013,1823,252.296890055482,"logrmse"
2019-09-08,646,239.151498774887,4549,566.10560690785,"logrmse"
2019-09-08,201,239.58267647244,3231,443.340283655544,"logrmse"
2019-09-08,216,239.568142392748,1082,159.669596007222,"logrmse"
2019-09-08,168,239.614651447765,1109,165.960583008431,"logrmse"
2019-09-08,161,239.621434018288,979,153.287082632496,"logrmse"
2019-09-08,348,239.440242491451,2091,298.486853984968,"logrmse"
2019-09-08,212,239.572018147332,613,73.1471061907936,"logrmse"
2019-09-08,80,239.699918048629,843,108.070021429187,"logrmse"
2019-09-08,94,239.686352907582,1166,136.708719987589,"logrmse"
2019-09-08,1474,238.349217575843,3886,495.888258759513,"logrmse"
2019-09-08,316,239.471248528129,3416,442.424801681806,"logrmse"
2019-09-08,82,239.697980171337,1473,193.565380510242,"logrmse"
2019-09-08,272,239.513881828561,1714,246.238889807313,"logrmse"
2019-09-08,255,239.530353785546,1072,159.24655585394,"logrmse"
2019-09-08,121,239.660191564135,772,115.880719879148,"logrmse"
2019-09-08,94,239.686352907582,1121,133.525168486458,"logrmse"
2019-09-08,173,239.609806754534,767,97.2259889890435,"logrmse"
2019-09-08,121,239.660191564135,2121,289.502898760408,"logrmse"
2019-09-08,136,239.645657484443,1304,177.20209990491,"logrmse"
2019-09-08,710,239.089486701531,3044,387.039195889275,"logrmse"
2019-09-08,782,239.019723119005,4891,533.621595856341,"logrmse"
2019-09-08,472,239.320094099323,4986,543.904806527229,"logrmse"
2019-09-08,146,239.635968097981,1198,163.337318976619,"logrmse"
2019-09-08,269,239.5167886445,1518,184.482601227054,"logrmse"
2019-09-08,285,239.501285626161,1609,214.489118316005,"logrmse"
2019-09-08,431,239.359820583817,1745,222.896465800427,"logrmse"
2019-09-08,270,239.515819705853,1645,245.349804884046,"logrmse"
2019-09-08,393,239.396640252372,3346,504.199932039469,"logrmse"
2019-09-08,458,239.33365924037,2035,259.803838589573,"logrmse"
2019-09-08,221,239.563297699517,922,132.785077620423,"logrmse"
2019-09-08,257,239.528415908254,3350,377.982895845521,"logrmse"
2019-09-08,306,239.480937914591,1423,160.688256812039,"logrmse"
2019-09-08,331,239.456714448436,2358,274.368455447744,"logrmse"
2019-09-08,337,239.450900816559,755,93.2224886148763,"logrmse"
2019-09-08,97,239.683446091644,1595,177.767125889635,"logrmse"
2019-09-08,122,239.659222625489,1799,194.658352312822,"logrmse"
2019-09-08,294,239.492565178345,1665,197.23118178384,"logrmse"
2019-09-08,203,239.580738595148,1451,191.704709253353,"logrmse"
2019-09-08,374,239.41505008665,2523,259.401643406495,"logrmse"
2019-09-08,658,239.139871511132,2072,217.53975666729,"logrmse"
2019-09-08,638,239.159250284056,2201,238.160625573893,"logrmse"
2019-09-08,250,239.535198478777,1856,270.171409154691,"logrmse"
2019-09-08,627,239.169908609164,2123,224.648107500648,"logrmse"
2019-09-08,0,239.777433140324,2791,397.608439862681,"logrmse"
2019-09-08,359,239.429584166343,1343,195.202725744556,"logrmse"
2019-09-08,206,239.577831779209,1625,222.202937748989,"logrmse"
2019-09-08,287,239.499347748868,2489,312.070747109068,"logrmse"
2019-09-08,707,239.092393517469,1985,247.287937707895,"logrmse"
2019-09-08,188,239.595272674841,1553,196.019540608116,"logrmse"
2019-09-08,119,239.662129441428,1081,135.461637950784,"logrmse"
2019-09-08,189,239.594303736195,1871,229.434401996377,"logrmse"
2019-09-08,319,239.46834171219,1594,226.798988353056,"logrmse"
2019-09-08,182,239.601086306718,3922,479.233851665755,"logrmse"
2019-09-08,248,239.53713635607,3516,389.98781089718,"logrmse"
2019-09-08,492,239.3007153264,2949,409.015858851952,"logrmse"
2019-09-08,447,239.344317565478,2112,308.947024033164,"logrmse"
2019-09-08,326,239.461559141667,6399,793.713998154196,"logrmse"
2019-09-08,243,239.5419810493,2093,322.566679290812,"logrmse"
2019-09-08,199,239.584614349733,2694,306.804523909809,"logrmse"
2019-09-08,234,239.550701497116,1601,208.743199540793,"logrmse"
2019-09-08,245,239.540043172008,475,75.2404688094305,"logrmse"
2019-09-08,226,239.558453006286,825,105.6635651997,"logrmse"
2019-09-08,131,239.650502177674,1277,181.062562566478,"logrmse"
2019-09-08,476,239.316218344739,3864,496.717417278756,"logrmse"
2019-09-08,173,239.609806754534,2601,379.313324780906,"logrmse"
2019-09-08,574,239.221262357412,1572,195.798281634622,"logrmse"
2019-09-08,423,239.367572092987,6508,887.926924572836,"logrmse"
2019-09-08,147,239.634999159335,3196,458.149010115035,"logrmse"
2019-09-08,370,239.418925841235,1311,219.596606047007,"logrmse"
2019-09-08,276,239.510006073976,3014,439.040216800146,"logrmse"
2019-09-08,268,239.517757583146,2011,273.420707877413,"logrmse"
2019-09-08,97,239.683446091644,587,82.0267963707527,"logrmse"
2019-09-08,326,239.461559141667,3648,489.905781203957,"logrmse"
2019-09-08,599,239.197038891257,2200,273.333616901834,"logrmse"
2019-09-08,943,238.863723996969,4350,567.657581956991,"logrmse"
2019-09-08,389,239.400516006957,1985,311.551544964427,"logrmse"
2019-09-08,357,239.431522043635,2143,274.784623338404,"logrmse"
2019-09-08,858,238.946083781895,2348,329.57860152977,"logrmse"
2019-09-08,223,239.561359822224,1876,248.302237934889,"logrmse"
2019-09-08,440,239.351100136001,4915,607.881001690496,"logrmse"
2019-09-08,966,238.841438408106,985,136.540597306653,"logrmse"
2019-09-08,265,239.520664399084,989,130.713366690142,"logrmse"
2019-09-08,584,239.21157297095,4810,570.312839947799,"logrmse"
2019-09-08,365,239.423770534465,2022,243.909119015324,"logrmse"
2019-09-08,442,239.349162258709,859,173.55953476845,"logrmse"
2019-09-08,26,239.752240735523,1907,288.292668027328,"logrmse"
2019-09-08,229,239.555546190347,1674,184.324291528371,"logrmse"
2019-09-08,207,239.576862840563,703,122.809788008516,"logrmse"
2019-09-08,143,239.638874913919,702,98.3936182180389,"logrmse"
2019-09-08,318,239.469310650836,884,114.360151619598,"logrmse"
2019-09-08,140,239.641781729858,1184,142.384318779274,"logrmse"
2019-09-08,115,239.666005196013,905,120.43268080471,"logrmse"
2019-09-08,211,239.572987085978,3299,385.663745262166,"logrmse"
2019-09-08,245,239.540043172008,3698,425.673071444898,"logrmse"
2019-09-08,287,239.499347748868,3118,393.916515663149,"logrmse"
2019-09-08,559,239.235796437105,3054,374.110926820215,"logrmse"
2019-09-08,59,239.720265760199,790,104.518931243606,"logrmse"
2019-09-08,147,239.634999159335,945,121.985225477164,"logrmse"
2019-09-08,125,239.656315809551,1376,165.866098245191,"logrmse"
2019-09-08,321,239.466403834898,1488,172.095394939979,"logrmse"
2019-09-08,147,239.634999159335,665,84.1607720603554,"logrmse"
2019-09-08,79,239.700886987275,555,88.835654183637,"logrmse"
2019-09-08,1262,238.554632568835,10644,1233.8147491428,"logrmse"
2019-09-08,317,239.470279589483,2765,326.385989096338,"logrmse"
2019-09-08,144,239.637905975273,737,98.7848006060534,"logrmse"
2019-09-08,171,239.611744631826,1384,169.026999248366,"logrmse"
2019-09-08,216,239.568142392748,2122,235.279037311395,"logrmse"
2019-09-08,138,239.64371960715,1432,198.869284926997,"logrmse"
2019-09-08,134,239.647595361735,1444,169.378788857544,"logrmse"
2019-09-08,167,239.615620386411,1265,174.449182141334,"logrmse"
2019-09-08,199,239.584614349733,1569,187.835550666205,"logrmse"
2019-09-08,110,239.670849889243,2813,401.100694017674,"logrmse"
2019-09-08,392,239.397609191018,6022,703.746095306122,"logrmse"
2019-09-08,373,239.416019025296,3310,419.73866218258,"logrmse"
2019-09-08,1268,238.548818936958,2583,312.79925011041,"logrmse"
2019-09-08,62,239.71735894426,1022,169.983620235704,"logrmse"
2019-09-08,841,238.96255573888,3929,449.507370318429,"logrmse"
2019-09-08,181,239.602055245364,819,100.206966017687,"logrmse"
2019-09-08,131,239.650502177674,1368,172.031262220535,"logrmse"
2019-09-08,636,239.161188161348,1000,122.571278848537,"logrmse"
2019-09-08,102,239.678601398413,1813,201.486557790827,"logrmse"
2019-09-08,167,239.615620386411,1410,162.138485030033,"logrmse"
2019-09-08,159,239.62337189558,972,129.54541620206,"logrmse"
2019-09-08,86,239.694104416752,1225,158.321118054084,"logrmse"
2019-09-08,125,239.656315809551,487,81.7791526188002,"logrmse"
2019-09-08,298,239.48868942376,934,123.820466999049,"logrmse"
2019-09-08,356,239.432490982281,6782,807.448740064712,"logrmse"
2019-09-08,264,239.52163333773,3275,517.032193802825,"logrmse"
2019-09-08,337,239.450900816559,3596,462.680726104287,"logrmse"
2019-09-08,3621,236.268906302477,9552,1174.02351122231,"logrmse"
2019-09-08,1217,238.598234807913,5509,737.361728353638,"logrmse"
2019-09-08,425,239.365634215694,1459,189.816099186631,"logrmse"
2019-09-08,194,239.589459042964,731,130.176210557332,"logrmse"
2019-09-08,187,239.596241613487,997,146.125459297755,"logrmse"
2019-09-08,280,239.506130319391,2169,348.90604804457,"logrmse"
2019-09-08,132,239.649533239027,1489,220.525341448567,"logrmse"
2019-09-08,122,239.659222625489,1162,183.881283692429,"logrmse"
2019-09-08,87,239.693135478106,2919,394.836074057725,"logrmse"
2019-09-08,273,239.512912889915,3757,470.061248734283,"logrmse"
2019-09-08,148,239.634030220688,1136,153.274114883951,"logrmse"
2019-09-08,245,239.540043172008,861,144.282969164538,"logrmse"
2019-09-08,2326,237.52368184929,19410,2143.3034514772,"logrmse"
2019-09-08,414,239.376292540802,5168,722.319491721118,"logrmse"
2019-09-08,112,239.668912011951,1365,180.032621616298,"logrmse"
2019-09-08,622,239.174753302395,3970,446.89823206221,"logrmse"
2019-09-08,134,239.647595361735,2079,270.093975107583,"logrmse"
2019-09-08,607,239.189287382088,3327,384.524903554616,"logrmse"
2019-09-08,368,239.420863718527,3175,420.646938278519,"logrmse"
2019-09-08,159,239.62337189558,2515,331.165200755313,"logrmse"
2019-09-08,1031,238.778457396104,3461,395.257371893703,"logrmse"
2019-09-08,2271,237.576973474831,9274,1140.58592759022,"logrmse"
2019-09-08,1830,238.0042754178,9273,1057.6876066624,"logrmse"
2019-09-08,511,239.282305492122,134,34.4686220873013,"logrmse"
2019-09-08,58,239.721234698845,1191,175.026307966252,"logrmse"
2019-09-08,123,239.658253686843,645,114.41495950692,"logrmse"
2019-09-08,93,239.687321846229,1206,148.171578259092,"logrmse"
2019-09-08,197,239.586552227025,953,137.731457222872,"logrmse"
2019-09-08,1206,238.608893133021,7092,814.738939293045,"logrmse"
2019-09-08,572,239.223200234705,3923,493.132393411272,"logrmse"
2019-09-08,173,239.609806754534,3214,432.164089965041,"logrmse"
2019-09-08,194,239.589459042964,908,134.256806124604,"logrmse"
2019-09-08,291,239.495471994283,1302,181.355508619895,"logrmse"
2019-09-08,214,239.57008027004,2254,298.774409378463,"logrmse"
2019-09-08,360,239.428615227696,3996,498.806173293967,"logrmse"
2019-09-08,266,239.519695460438,4343,530.1623826452,"logrmse"
2019-09-08,982,238.825935389767,7196,861.773501534163,"logrmse"
2019-09-08,108,239.672787766536,1550,228.002163966218,"logrmse"
2019-09-08,810,238.992592836912,6910,931.773766236563,"logrmse"
2019-09-08,175,239.607868877241,2488,316.45587640039,"logrmse"
2019-09-08,112,239.668912011951,1307,178.72695834123,"logrmse"
2019-09-08,183,239.600117368072,1684,288.093296653755,"logrmse"
2019-09-08,177,239.605930999949,2507,375.174997921478,"logrmse"
2019-09-08,359,239.429584166343,2076,242.156642098773,"logrmse"
2019-09-08,192,239.591396920256,1966,230.777788171683,"logrmse"
2019-09-08,335,239.452838693851,5926,724.045151951893,"logrmse"
2019-09-08,241,239.543918926593,592,84.083354107218,"logrmse"
2019-09-08,282,239.504192442099,1706,211.74562960086,"logrmse"
2019-09-08,99,239.681508214352,1564,190.057488192473,"logrmse"
2019-09-08,100,239.680539275705,1473,175.081200865402,"logrmse"
2019-09-08,403,239.38695086591,2175,258.898936019511,"logrmse"
2019-09-08,82,239.697980171337,1075,149.786189697895,"logrmse"
2019-09-08,258,239.527446969608,1458,183.984695012006,"logrmse"
2019-09-08,129,239.652440054966,1311,162.096822821887,"logrmse"
2019-09-08,1900,237.936449712567,8365,1041.36965679358,"logrmse"
2019-09-08,629,239.167970731872,1774,247.408803178194,"logrmse"
2019-09-08,417,239.373385724864,4053,524.024343472829,"logrmse"
2019-09-08,349,239.439273552804,2528,310.813629443466,"logrmse"
2019-09-08,219,239.565235576809,3458,468.830107494032,"logrmse"
2019-09-08,60,239.719296821553,851,122.125471283464,"logrmse"
2019-09-08,312,239.475124282713,2731,299.403642958722,"logrmse"
2019-09-08,190,239.593334797548,1592,241.605146972232,"logrmse"
2019-09-08,564,239.230951743874,1444,191.411754909107,"logrmse"
2019-09-08,152,239.630154466104,2274,269.046883413246,"logrmse"
2019-09-08,188,239.595272674841,2954,375.956460550653,"logrmse"
2019-09-08,198,239.585583288379,1668,254.519586239343,"logrmse"
2019-09-08,95,239.685383968936,982,118.56669869796,"logrmse"
2019-09-08,740,239.060418542145,4098,538.831408646776,"logrmse"
2019-09-08,572,239.223200234705,2008,255.675304966153,"logrmse"
2019-09-08,563,239.23192068252,1928,253.195999544788,"logrmse"
2019-09-08,189,239.594303736195,526,91.4805244468939,"logrmse"
2019-09-08,191,239.592365858902,2475,288.734841032981,"logrmse"
2019-09-08,165,239.617558263703,1612,200.669883537806,"logrmse"
2019-09-08,163,239.619496140995,596,86.8229230739818,"logrmse"
2019-09-08,157,239.625309772873,992,133.094510884711,"logrmse"
2019-09-08,193,239.59042798161,1566,204.752238610548,"logrmse"
2019-09-08,159,239.62337189558,1089,153.403528672997,"logrmse"
2019-09-08,149,239.633061282042,1498,193.112706949329,"logrmse"
2019-09-08,185,239.598179490779,1007,142.501493481538,"logrmse"
2019-09-08,144,239.637905975273,1914,239.941477588488,"logrmse"
2019-09-08,247,239.538105294716,980,126.004278232794,"logrmse"
2019-09-08,284,239.502254564807,4507,583.856968404327,"logrmse"
2019-09-08,174,239.608837815887,1256,164.177591578108,"logrmse"
2019-09-08,226,239.558453006286,2413,283.547552734347,"logrmse"
2019-09-08,362,239.426677350404,2056,271.21749840578,"logrmse"
2019-09-08,213,239.571049208686,1951,264.180546806386,"logrmse"
2019-09-08,189,239.594303736195,781,90.3803648109795,"logrmse"
2019-09-08,426,239.364665277048,3815,462.09372515779,"logrmse"
2019-09-08,372,239.416987963942,997,119.09625736957,"logrmse"
2019-09-08,445,239.34625544277,1943,290.018620666473,"logrmse"
2019-09-08,666,239.132120001963,3787,514.847086439277,"logrmse"
2019-09-08,379,239.410205393419,2060,356.195860068933,"logrmse"
2019-09-08,189,239.594303736195,1092,206.356883270142,"logrmse"
2019-09-08,1960,237.878313393795,3590,444.997010321992,"logrmse"
2019-09-08,71,239.708638496445,2820,345.716242855998,"logrmse"
2019-09-08,115,239.666005196013,1164,146.18090925919,"logrmse"
2019-09-08,321,239.466403834898,1184,144.445256741584,"logrmse"
2019-09-08,48,239.730924085307,739,127.09206023177,"logrmse"
2019-09-08,438,239.353038013294,1577,236.249098606502,"logrmse"
2019-09-08,255,239.530353785546,2612,357.257412198897,"logrmse"
2019-09-08,449,239.342379688186,2307,283.376923213768,"logrmse"
2019-09-08,215,239.569111331394,1587,222.57309950436,"logrmse"
2019-09-08,227,239.557484067639,1464,233.42483170937,"logrmse"
2019-09-08,280,239.506130319391,1648,217.375973333555,"logrmse"
2019-09-08,549,239.245485823567,4526,502.18646964984,"logrmse"
2019-09-08,416,239.37435466351,2097,248.983203951275,"logrmse"
2019-09-08,798,239.004220100666,6298,701.549802323729,"logrmse"
2019-09-08,393,239.396640252372,2555,285.866326441741,"logrmse"
2019-09-08,834,238.969338309403,2311,278.349628096524,"logrmse"
2019-09-08,118,239.663098380074,994,125.910212111572,"logrmse"
2019-09-08,223,239.561359822224,1656,330.435086498311,"logrmse"
2019-09-08,218,239.566204515455,1468,194.021887682994,"logrmse"
2019-09-08,119,239.662129441428,1570,175.241285076073,"logrmse"
2019-09-08,76,239.703793803214,306,62.3334629293946,"logrmse"
2019-09-08,932,238.874382322077,2852,415.631568725102,"logrmse"
2019-09-08,384,239.405360700188,3473,392.393958028569,"logrmse"
2019-09-08,349,239.439273552804,1814,208.656640412745,"logrmse"
2019-09-08,432,239.358851645171,1347,160.938689641144,"logrmse"
2019-09-08,172,239.61077569318,2876,329.879058070993,"logrmse"
2019-09-08,174,239.608837815887,2112,242.577881806042,"logrmse"
2019-09-08,333,239.454776571143,1055,202.824909065238,"logrmse"
2019-09-08,320,239.467372773544,2071,266.197997060675,"logrmse"
2019-09-08,318,239.469310650836,1970,233.703209785798,"logrmse"
2019-09-08,133,239.648564300381,3739,524.687603203065,"logrmse"
2019-09-08,2747,237.115758679245,5856,655.23882988345,"logrmse"
2019-09-08,1729,238.102138221065,9289,1067.76545479107,"logrmse"
2019-09-08,409,239.381137234033,8630,1015.15967384484,"logrmse"
2019-09-08,1618,238.209690410792,19058,2123.60593850817,"logrmse"
2019-09-08,119,239.662129441428,1788,256.365709461239,"logrmse"
2019-09-08,523,239.270678228368,1516,219.394099032059,"logrmse"
2019-09-08,1939,237.898661105365,9040,1096.78978400227,"logrmse"
2019-09-08,80,239.699918048629,2077,277.11459011793,"logrmse"
2019-09-08,715,239.0846420083,3062,516.64050313393,"logrmse"
2019-09-08,277,239.50903713533,3867,475.20865615732,"logrmse"
2019-09-08,154,239.628216588811,2478,295.643756088121,"logrmse"
2019-09-08,303,239.483844730529,1444,179.950277137542,"logrmse"
2019-09-08,259,239.526478030961,3007,331.093633775148,"logrmse"
2019-09-08,0,239.777433140324,7676,1089.38394242297,"logrmse"
2019-09-08,1153,238.660246881269,4913,714.017631708765,"logrmse"
2019-09-08,56,239.723172576138,1240,201.505038290995,"logrmse"
2019-09-08,419,239.371447847571,6666,731.065843824131,"logrmse"
2019-09-08,3741,236.152633664934,6916,770.619434817345,"logrmse"
2019-09-08,297,239.489658362406,1611,215.787985806945,"logrmse"
2019-09-08,310,239.477062160006,1761,241.608025810326,"logrmse"
2019-09-08,355,239.433459920927,3063,394.714529764748,"logrmse"
2019-09-08,1455,238.36762741012,7042,794.900064717259,"logrmse"
2019-09-08,1245,238.57110452582,9431,1024.22040052341,"logrmse"
2019-09-08,144,239.637905975273,5833,725.078367516379,"logrmse"
2019-09-08,2514,237.341521383807,3165,401.505396297819,"logrmse"
2019-09-08,825,238.978058757219,5876,649.902841435672,"logrmse"
2019-09-08,623,239.173784363749,4851,598.414545248483,"logrmse"
2019-09-08,243,239.5419810493,2904,367.395472536569,"logrmse"
2019-09-08,313,239.474155344067,1373,184.782109594988,"logrmse"
2019-09-08,70,239.709607435091,1995,324.305916333961,"logrmse"
2019-09-08,193,239.59042798161,8201,967.282132130717,"logrmse"
2019-09-08,437,239.35400695194,5125,609.745753924703,"logrmse"
2019-09-08,150,239.632092343396,1073,131.365001480544,"logrmse"
2019-09-08,318,239.469310650836,811,117.451721584094,"logrmse"
2019-09-08,232,239.552639374408,2322,298.399340012416,"logrmse"
2019-09-08,1087,238.724196831918,5116,585.328714503044,"logrmse"
2019-09-08,862,238.94220802731,4585,533.203487563803,"logrmse"
2019-09-08,439,239.352069074648,1475,220.547315623823,"logrmse"
2019-09-08,583,239.212541909596,4565,661.36878683912,"logrmse"
2019-09-08,142,239.639843852565,608,87.1173317973025,"logrmse"
2019-09-08,57,239.722203637491,2646,312.965560106792,"logrmse"
2019-09-08,151,239.63112340475,701,78.5825218299455,"logrmse"
2019-09-08,171,239.611744631826,5178,619.040896208425,"logrmse"
2019-09-08,440,239.351100136001,2322,281.063363524233,"logrmse"
2019-09-08,928,238.878258076661,5353,600.140122578191,"logrmse"
2019-09-08,542,239.25226839409,1873,245.656873554004,"logrmse"
2019-09-08,337,239.450900816559,5635,673.586886607882,"logrmse"
2019-09-08,945,238.861786119676,6049,729.252757648426,"logrmse"
2019-09-08,2132,237.711655946651,6629,747.518539277186,"logrmse"
2019-09-08,156,239.626278711519,2640,391.604832378287,"logrmse"
2019-09-08,217,239.567173454101,2015,243.305808460175,"logrmse"
2019-09-08,641,239.156343468118,1528,208.695605954112,"logrmse"
2019-09-08,331,239.456714448436,4897,513.364568857967,"logrmse"
2019-09-08,492,239.3007153264,3951,432.80130332865,"logrmse"
2019-09-08,523,239.270678228368,2089,265.876906040858,"logrmse"
2019-09-08,342,239.446056123328,4039,483.83601220812,"logrmse"
2019-09-08,190,239.593334797548,1870,284.040820251802,"logrmse"
2019-09-08,201,239.58267647244,4887,554.255883219458,"logrmse"
2019-09-08,281,239.505161380745,437,99.149185864497,"logrmse"
2019-09-08,179,239.603993122657,665,71.7968834461925,"logrmse"
2019-09-08,222,239.56232876087,2681,371.944334894109,"logrmse"
2019-09-08,522,239.271647167014,1611,228.17838455457,"logrmse"
2019-09-08,170,239.612713570472,1717,299.355314990256,"logrmse"
2019-09-08,248,239.53713635607,1815,264.617593100045,"logrmse"
2019-09-08,124,239.657284748197,1077,162.43065793732,"logrmse"
2019-09-08,264,239.52163333773,1497,216.551444709803,"logrmse"
2019-09-08,346,239.442180368743,2584,314.402432386126,"logrmse"
2019-09-08,1193,238.621489335422,1528,201.715777374968,"logrmse"
2019-09-08,320,239.467372773544,2122,312.787016172013,"logrmse"
2019-09-08,116,239.665036257366,1378,182.842937204911,"logrmse"
2019-09-08,352,239.436366736866,2179,248.899792074372,"logrmse"
2019-09-08,405,239.385012988618,2441,322.558699418498,"logrmse"
2019-09-08,251,239.534229540131,3042,361.155595589418,"logrmse"
2019-09-08,90,239.690228662167,720,183.694639652043,"logrmse"
2019-09-08,234,239.550701497116,4160,530.457559843285,"logrmse"
2019-09-08,112,239.668912011951,3846,505.404487317775,"logrmse"
2019-09-08,163,239.619496140995,2689,300.540762360053,"logrmse"
2019-09-08,192,239.591396920256,875,113.959135762337,"logrmse"
2019-09-08,100,239.680539275705,2389,292.22699632655,"logrmse"
2019-09-08,81,239.698949109983,831,95.1506136544084,"logrmse"
2019-09-08,189,239.594303736195,869,111.884415762507,"logrmse"
2019-09-08,310,239.477062160006,1566,217.982132290868,"logrmse"
2019-09-08,1050,238.760047561827,2465,364.202157342868,"logrmse"
2019-09-08,324,239.463497018959,1337,194.462868850146,"logrmse"
2019-09-08,229,239.555546190347,2126,288.858407622228,"logrmse"
2019-09-08,253,239.532291662839,2029,274.225248073192,"logrmse"
2019-09-08,516,239.277460798891,2065,280.048978985887,"logrmse"
2019-09-08,1175,238.638930231053,4925,547.480131226581,"logrmse"
2019-09-08,409,239.381137234033,2906,408.712030635134,"logrmse"
2019-09-08,611,239.185411627503,3803,463.927837485187,"logrmse"
2019-09-08,108,239.672787766536,818,109.548319224798,"logrmse"
2019-09-08,94,239.686352907582,860,111.317316567923,"logrmse"
2019-09-08,133,239.648564300381,891,113.706717464434,"logrmse"
2019-09-08,136,239.645657484443,470,65.5355699912228,"logrmse"
2019-09-08,225,239.559421944932,1636,227.056214444586,"logrmse"
2019-09-08,150,239.632092343396,1327,194.542729627917,"logrmse"
2019-09-08,263,239.522602276377,1635,191.019393141696,"logrmse"
2019-09-08,248,239.537136356069,2109,275.12352950267,"logrmse"
2019-09-08,989,238.819152819244,4094,522.371822824667,"logrmse"
2019-09-08,283,239.503223503453,1887,242.211564157421,"logrmse"
2019-09-08,281,239.505161380745,2139,342.215849194918,"logrmse"
2019-09-08,105,239.675694582474,778,98.3930495555006,"logrmse"
2019-09-08,178,239.604962061303,1015,209.040078826979,"logrmse"
2019-09-08,493,239.299746387753,6575,885.717724887106,"logrmse"
2019-09-08,684,239.114679106331,3415,450.346571386301,"logrmse"
2019-09-08,615,239.181535872918,6247,839.107877845785,"logrmse"
2019-09-08,341,239.447025061974,2446,316.575994247412,"logrmse"
2019-09-08,207,239.576862840563,3425,410.679152488479,"logrmse"
2019-09-08,376,239.413112209357,1369,175.224544047379,"logrmse"
2019-09-08,237,239.547794681178,1981,253.991316388135,"logrmse"
2019-09-08,561,239.233858559813,1912,236.887089985384,"logrmse"
2019-09-08,191,239.592365858902,1554,186.630416126449,"logrmse"
2019-09-08,79,239.700886987275,662,103.368529484816,"logrmse"
2019-09-08,123,239.658253686843,769,117.261278339487,"logrmse"
2019-09-08,181,239.602055245364,1971,229.217904127708,"logrmse"
2019-09-08,132,239.649533239027,682,103.720503051613,"logrmse"
2019-09-08,56,239.723172576138,734,112.004776440561,"logrmse"
2019-09-08,303,239.483844730529,2760,402.442285665972,"logrmse"
2019-09-08,522,239.271647167014,1629,209.486823212388,"logrmse"
2019-09-08,68,239.711545312383,1715,223.997054396942,"logrmse"
2019-09-08,144,239.637905975273,637,77.3768089701523,"logrmse"
2019-09-08,184,239.599148429426,1361,186.921789576503,"logrmse"
2019-09-08,164,239.618527202349,2040,229.83790747819,"logrmse"
2019-09-08,136,239.645657484443,589,84.8644432196391,"logrmse"
2019-09-08,94,239.686352907582,918,108.919626038437,"logrmse"
2019-09-08,54,239.72511045343,456,64.7589362125523,"logrmse"
2019-09-08,94,239.686352907582,598,79.7691415762412,"logrmse"
2019-09-08,126,239.655346870904,728,92.5789621371618,"logrmse"
2019-09-08,421,239.369509970279,1603,212.019021678178,"logrmse"
2019-09-08,521,239.27261610566,2672,337.715503433862,"logrmse"
2019-09-08,197,239.586552227025,1072,138.460723840536,"logrmse"
2019-09-08,620,239.176691179687,2362,302.842777420577,"logrmse"
2019-09-08,516,239.277460798891,1511,181.627772840343,"logrmse"
2019-09-08,580,239.215448725535,1830,227.589115885859,"logrmse"
2019-09-08,403,239.38695086591,1746,203.608631727982,"logrmse"
2019-09-08,221,239.563297699517,1154,149.059836565195,"logrmse"
2019-09-08,182,239.601086306718,1031,134.578419979867,"logrmse"
2019-09-08,163,239.619496140995,981,114.264670568579,"logrmse"
2019-09-08,184,239.599148429426,1047,127.393027003165,"logrmse"
2019-09-08,268,239.517757583146,1023,131.264397737904,"logrmse"
2019-09-08,78,239.701855925921,1322,172.122312649163,"logrmse"
2019-09-08,94,239.686352907582,759,94.2977777620143,"logrmse"
2019-09-08,209,239.574924963271,997,126.001753289526,"logrmse"
2019-09-08,53,239.726079392076,751,101.008044612504,"logrmse"
2019-09-08,124,239.657284748197,1175,134.013634794963,"logrmse"
2019-09-08,82,239.697980171337,751,93.3978513871814,"logrmse"
2019-09-08,59,239.720265760199,783,97.2790219286926,"logrmse"
2019-09-08,100,239.680539275705,523,64.4018823633387,"logrmse"
2019-09-08,191,239.592365858902,1193,139.200794399461,"logrmse"
2019-09-08,184,239.599148429426,1003,122.209432064065,"logrmse"
2019-09-08,181,239.602055245364,1008,138.04012110504,"logrmse"
2019-09-08,160,239.622402956934,1594,208.274348802934,"logrmse"
2019-09-08,397,239.392764497787,2050,307.205574852888,"logrmse"
2019-09-08,230,239.554577251701,3563,420.404175404248,"logrmse"
2019-09-08,195,239.588490104317,1943,235.332726650201,"logrmse"
2019-09-08,311,239.47609322136,3191,390.470258921347,"logrmse"
2019-09-08,333,239.454776571143,1708,258.463581963693,"logrmse"
2019-09-08,180,239.60302418401,2901,335.857698089805,"logrmse"
2019-09-08,203,239.580738595148,832,92.8427497028673,"logrmse"
2019-09-08,760,239.041039769221,5614,627.465335644795,"logrmse"
2019-09-08,229,239.555546190347,1507,181.548707642315,"logrmse"
2019-09-08,165,239.617558263703,442,102.505215740963,"logrmse"
2019-09-08,254,239.531322724192,1583,191.029537103009,"logrmse"
2019-09-08,473,239.319125160677,3910,516.632035782039,"logrmse"
2019-09-08,125,239.656315809551,649,82.0768764640173,"logrmse"
2019-09-08,167,239.615620386411,3520,389.716268587132,"logrmse"
2019-09-08,546,239.248392639505,3512,428.568797382338,"logrmse"
2019-09-08,705,239.094331394761,3426,443.687775034545,"logrmse"
2019-09-08,265,239.520664399084,1074,139.219355339051,"logrmse"
2019-09-08,269,239.5167886445,1922,243.700476644141,"logrmse"
2019-09-08,1070,238.740668788903,5105,599.12467997565,"logrmse"
2019-09-08,184,239.599148429426,3068,366.366540526426,"logrmse"
2019-09-08,312,239.475124282713,2097,255.449385187881,"logrmse"
2019-09-08,278,239.508068196684,966,121.69755044448,"logrmse"
2019-09-08,234,239.550701497116,2239,244.5642946146,"logrmse"
2019-09-08,185,239.598179490779,1112,138.818002663059,"logrmse"
2019-09-08,201,239.58267647244,2436,301.450623929678,"logrmse"
2019-09-08,269,239.5167886445,1318,170.475583221751,"logrmse"
2019-09-08,368,239.420863718527,1069,140.253477533986,"logrmse"
2019-09-08,522,239.271647167014,1341,176.156326647649,"logrmse"
2019-09-08,332,239.45574550979,1620,230.201435228546,"logrmse"
2019-09-08,487,239.305560019631,794,120.714973563975,"logrmse"
2019-09-08,92,239.688290784875,2130,262.24759420663,"logrmse"
2019-09-08,1162,238.651526433453,2927,402.977886935463,"logrmse"
2019-09-08,186,239.597210552133,4265,489.789137378146,"logrmse"
2019-09-08,298,239.48868942376,2599,384.154121226925,"logrmse"
2019-09-08,176,239.606899938595,2374,301.695193990087,"logrmse"
2019-09-08,227,239.557484067639,1901,232.80562979858,"logrmse"
2019-09-08,255,239.530353785546,1806,245.172279738799,"logrmse"
2019-09-08,150,239.632092343396,1010,127.596790898926,"logrmse"
2019-09-08,1197,238.617613580837,3318,403.637251054096,"logrmse"
2019-09-08,1017,238.792022537151,3177,434.131449919881,"logrmse"
2019-09-08,116,239.665036257366,748,90.7992023485281,"logrmse"
2019-09-08,43,239.735768778538,545,71.7002976248084,"logrmse"
2019-09-08,154,239.628216588811,2555,314.745729474371,"logrmse"
2019-09-08,766,239.035226137344,1673,265.370314378122,"logrmse"
2019-09-08,915,238.890854279062,8913,964.370367187235,"logrmse"
2019-09-08,40,239.738675594477,354,52.9982110168709,"logrmse"
2019-09-08,210,239.573956024625,3119,368.558665027637,"logrmse"
2019-09-08,124,239.657284748197,876,114.820180039102,"logrmse"
2019-09-08,88,239.69216653946,1546,185.655769839895,"logrmse"
2019-09-08,187,239.596241613487,1576,270.04857048915,"logrmse"
2019-09-08,135,239.646626423089,674,93.3555983888324,"logrmse"
2019-09-08,133,239.648564300381,1703,201.043512768058,"logrmse"
2019-09-08,280,239.506130319391,2950,357.284385112616,"logrmse"
2019-09-08,91,239.689259723521,1619,196.375838851657,"logrmse"
2019-09-08,155,239.627247650165,1443,179.886883660959,"logrmse"
2019-09-08,175,239.607868877241,758,105.044273846146,"logrmse"
2019-09-08,669,239.129213186024,1422,177.435804205961,"logrmse"
2019-09-08,295,239.491596239699,3044,379.360019504345,"logrmse"
2019-09-08,520,239.273585044306,3912,456.893509480875,"logrmse"
2019-09-08,341,239.447025061974,2458,310.593217564652,"logrmse"
2019-09-08,128,239.653408993612,689,107.537415223529,"logrmse"
2019-09-08,740,239.060418542145,2532,318.055723298732,"logrmse"
2019-09-08,556,239.238703253044,2050,270.123736386739,"logrmse"
2019-09-08,130,239.65147111632,1576,218.714287494484,"logrmse"
2019-09-09,211,269.584809835452,1827,240.044655056647,"logrmse"
2019-09-09,0,269.788886880891,3453,530.836120948513,"logrmse"
2019-09-09,349,269.451337644596,1623,212.651171401011,"logrmse"
2019-09-09,279,269.519040929813,2107,278.949787985363,"logrmse"
2019-09-09,292,269.506467462558,1805,215.070587387019,"logrmse"
2019-09-09,152,269.641874032992,1502,171.197049204687,"logrmse"
2019-09-09,108,269.6844303837,985,133.446502361368,"logrmse"
2019-09-09,220,269.576105127353,2315,298.651030710414,"logrmse"
2019-09-09,138,269.655414690035,953,125.099642508033,"logrmse"
2019-09-09,187,269.608022390384,805,111.758245927459,"logrmse"
2019-09-09,188,269.607055200595,1046,140.505202593839,"logrmse"
2019-09-09,142,269.65154593088,1658,209.690634134188,"logrmse"
2019-09-09,151,269.642841222781,808,105.80632415439,"logrmse"
2019-09-09,85,269.706675748842,1034,145.518334774212,"logrmse"
2019-09-09,213,269.582875455875,1469,209.129395143871,"logrmse"
2019-09-09,207,269.588678594607,1373,197.720672528315,"logrmse"
2019-09-09,433,269.370093702336,5295,647.389779533722,"logrmse"
2019-09-09,112,269.680561624545,4015,566.927126089604,"logrmse"
2019-09-09,1089,268.735617200876,8602,1074.57308321583,"logrmse"
2019-09-09,280,269.518073740024,4038,541.067468015017,"logrmse"
2019-09-09,923,268.896170705818,3228,463.519432834621,"logrmse"
2019-09-09,213,269.582875455875,1194,161.366547384183,"logrmse"
2019-09-09,451,269.352684286137,4048,537.79721398413,"logrmse"
2019-09-09,250,269.547089433689,1457,215.741143701321,"logrmse"
2019-09-09,789,269.025774137519,6508,784.400589119048,"logrmse"
2019-09-09,186,269.608989580172,3136,423.023989914514,"logrmse"
2019-09-09,111,269.681528814333,2158,303.518191549828,"logrmse"
2019-09-09,104,269.688299142855,1392,163.258749092172,"logrmse"
2019-09-09,172,269.622530237216,980,132.498053383276,"logrmse"
2019-09-09,159,269.63510370447,784,119.606773946117,"logrmse"
2019-09-09,280,269.518073740024,1551,207.0776485997,"logrmse"
2019-09-09,245,269.551925382633,1318,161.053172849382,"logrmse"
2019-09-09,268,269.52968001749,1368,181.127305466127,"logrmse"
2019-09-09,209,269.58674421503,2136,260.706887476929,"logrmse"
2019-09-09,518,269.287882570287,2504,305.801240896295,"logrmse"
2019-09-09,132,269.661217828768,1060,138.867874591142,"logrmse"
2019-09-09,165,269.629300565737,550,118.763983554797,"logrmse"
2019-09-09,745,269.068330488227,4379,571.159047068045,"logrmse"
2019-09-09,123,269.669922536868,2188,331.557618769365,"logrmse"
2019-09-09,845,268.971611509346,4443,572.004993688982,"logrmse"
2019-09-09,215,269.580941076297,727,89.8672248917104,"logrmse"
2019-09-09,1859,267.990881063491,12725,1590.65779733764,"logrmse"
2019-09-09,192,269.60318644144,1205,175.522693027768,"logrmse"
2019-09-09,212,269.583842645663,1778,238.387472755088,"logrmse"
2019-09-09,169,269.625431806582,609,85.058277056804,"logrmse"
2019-09-09,94,269.697971040743,865,114.141855955231,"logrmse"
2019-09-09,111,269.681528814333,1005,126.376813758278,"logrmse"
2019-09-09,136,269.657349069613,997,159.239219582542,"logrmse"
2019-09-09,310,269.48905804636,2785,349.932891480891,"logrmse"
2019-09-09,317,269.482287717838,3709,431.573611661702,"logrmse"
2019-09-09,1183,268.644701360727,3421,387.479036388993,"logrmse"
2019-09-09,458,269.345913957616,3709,434.284029705438,"logrmse"
2019-09-09,501,269.304324796697,3895,528.30002511857,"logrmse"
2019-09-09,99,269.693135091799,1472,192.717460249998,"logrmse"
2019-09-09,108,269.6844303837,421,69.56730116843,"logrmse"
2019-09-09,147,269.646709981936,609,94.4233503380698,"logrmse"
2019-09-09,103,269.689266332644,382,75.6114914026889,"logrmse"
2019-09-09,291,269.507434652347,1753,230.637311228112,"logrmse"
2019-09-09,369,269.43199384882,1785,235.900397342195,"logrmse"
2019-09-09,195,269.600284872073,2327,289.083184650066,"logrmse"
2019-09-09,104,269.688299142855,1859,224.652460377233,"logrmse"
2019-09-09,127,269.666053777712,1230,150.718008042251,"logrmse"
2019-09-09,276,269.521942499179,1087,127.939909012534,"logrmse"
2019-09-09,216,269.579973886508,1286,151.93504701734,"logrmse"
2019-09-09,466,269.338176439305,3828,532.894763231884,"logrmse"
2019-09-09,389,269.412650053044,1661,248.332395605536,"logrmse"
2019-09-09,563,269.24435902979,3636,421.974400639418,"logrmse"
2019-09-09,18,269.771477464693,1453,187.432457822555,"logrmse"
2019-09-09,343,269.457140783329,2670,366.039348116357,"logrmse"
2019-09-09,271,269.526778448123,3572,480.474417893715,"logrmse"
2019-09-09,104,269.688299142855,3638,504.825305633665,"logrmse"
2019-09-09,582,269.225982423803,4074,490.954263972074,"logrmse"
2019-09-09,809,269.006430341743,1582,238.069947381694,"logrmse"
2019-09-09,347,269.453272024174,1784,269.795015376615,"logrmse"
2019-09-09,390,269.411682863255,3227,422.584318775752,"logrmse"
2019-09-09,196,269.599317682284,2828,361.733118340068,"logrmse"
2019-09-09,354,269.446501695652,3030,403.230691152743,"logrmse"
2019-09-09,175,269.619628667849,2063,293.754066944101,"logrmse"
2019-09-09,139,269.654447500247,1588,203.122652718752,"logrmse"
2019-09-09,128,269.665086587924,1601,199.175718432845,"logrmse"
2019-09-09,408,269.394273447056,1410,185.731345239026,"logrmse"
2019-09-09,152,269.641874032992,1233,145.331807253098,"logrmse"
2019-09-09,89,269.702806989687,821,104.992877544291,"logrmse"
2019-09-09,133,269.66025063898,791,104.896729845583,"logrmse"
2019-09-09,574,269.233719942114,2028,240.812972715367,"logrmse"
2019-09-09,170,269.624464616793,1055,125.293494560355,"logrmse"
2019-09-09,94,269.697971040743,1732,223.978003765931,"logrmse"
2019-09-09,224,269.572236368198,1722,216.453781947093,"logrmse"
2019-09-09,63,269.727953924196,318,62.3198432216692,"logrmse"
2019-09-09,153,269.640906843203,1021,141.071514970288,"logrmse"
2019-09-09,278,269.520008119602,901,133.100499000955,"logrmse"
2019-09-09,130,269.663152208346,1110,135.799619635043,"logrmse"
2019-09-09,84,269.707642938631,859,119.098593940388,"logrmse"
2019-09-09,85,269.706675748842,824,97.2100601930333,"logrmse"
2019-09-09,225,269.571269178409,1301,172.029086324153,"logrmse"
2019-09-09,68,269.723117975252,1781,224.954849211361,"logrmse"
2019-09-09,157,269.637038084048,954,126.215417395721,"logrmse"
2019-09-09,217,269.579006696719,1117,145.531008871901,"logrmse"
2019-09-09,255,269.542253484744,2997,340.432912126365,"logrmse"
2019-09-09,150,269.64380841257,601,87.5187527578988,"logrmse"
2019-09-09,115,269.677660055178,1144,140.332883454205,"logrmse"
2019-09-09,242,269.554826951999,1206,158.135215866474,"logrmse"
2019-09-09,117,269.6757256756,883,104.019104156903,"logrmse"
2019-09-09,212,269.583842645663,646,84.1268901868325,"logrmse"
2019-09-09,109,269.683463193911,741,95.4274383283551,"logrmse"
2019-09-09,67,269.724085165041,614,77.9970659110171,"logrmse"
2019-09-09,168,269.626398996371,382,54.6176036126476,"logrmse"
2019-09-09,91,269.70087261011,896,116.699599172319,"logrmse"
2019-09-09,106,269.686364763277,1200,144.89897133715,"logrmse"
2019-09-09,566,269.241457460424,573,93.1561973663616,"logrmse"
2019-09-09,75,269.716347646731,1319,153.999730000535,"logrmse"
2019-09-09,456,269.347848337193,2270,289.841541793358,"logrmse"
2019-09-09,421,269.381699979802,3505,427.764337891952,"logrmse"
2019-09-09,941,268.87876128962,3275,384.05641662956,"logrmse"
2019-09-09,609,269.199868299505,2825,336.612773978439,"logrmse"
2019-09-09,430,269.372995271702,4401,498.913420004505,"logrmse"
2019-09-09,840,268.97644745829,3114,358.666134197516,"logrmse"
2019-09-09,96,269.696036661166,950,134.804658048608,"logrmse"
2019-09-09,88,269.703774179476,1003,120.907235004371,"logrmse"
2019-09-09,126,269.667020967501,933,127.740718058344,"logrmse"
2019-09-09,126,269.667020967501,830,108.195033243224,"logrmse"
2019-09-09,86,269.705708559054,763,97.5579575451755,"logrmse"
2019-09-09,127,269.666053777712,1229,144.090731240448,"logrmse"
2019-09-09,240,269.556761331577,963,125.226297827446,"logrmse"
2019-09-09,234,269.562564470309,710,87.2516272363748,"logrmse"
2019-09-09,85,269.706675748842,717,90.2434603769801,"logrmse"
2019-09-09,566,269.241457460424,1709,220.251369687973,"logrmse"
2019-09-09,346,269.454239213963,1665,221.11992892679,"logrmse"
2019-09-09,78,269.713446077364,2526,319.840546356433,"logrmse"
2019-09-09,41,269.74923209955,532,89.8528944657999,"logrmse"
2019-09-09,256,269.541286294956,3841,479.770965024749,"logrmse"
2019-09-09,257,269.540319105167,1833,246.539011995258,"logrmse"
2019-09-09,327,269.47261581995,2595,318.092095077077,"logrmse"
2019-09-09,314,269.485189287205,1182,167.403770684845,"logrmse"
2019-09-09,173,269.621563047427,1049,144.5613726978,"logrmse"
2019-09-09,134,269.659283449191,1105,151.088367807005,"logrmse"
2019-09-09,171,269.623497427005,5744,709.998639391703,"logrmse"
2019-09-09,281,269.517106550235,1700,243.364295794333,"logrmse"
2019-09-09,1100,268.724978113199,4537,563.122684886264,"logrmse"
2019-09-09,164,269.630267755526,3760,492.282364278792,"logrmse"
2019-09-09,222,269.574170747775,2586,331.888061276144,"logrmse"
2019-09-09,290,269.508401842136,2188,303.124825999477,"logrmse"
2019-09-09,946,268.873925340676,8064,1054.48511417356,"logrmse"
2019-09-09,529,269.27724348261,2191,317.058078541418,"logrmse"
2019-09-09,456,269.347848337193,8076,1045.81495358717,"logrmse"
2019-09-09,118,269.674758485812,956,128.228064845971,"logrmse"
2019-09-09,157,269.637038084048,934,118.169292135607,"logrmse"
2019-09-09,232,269.564498849887,1860,247.602100668377,"logrmse"
2019-09-09,700,269.111854028723,4779,573.795319380069,"logrmse"
2019-09-09,372,269.429092279454,4132,458.703738400559,"logrmse"
2019-09-09,316,269.483254907627,1801,221.787944336138,"logrmse"
2019-09-09,130,269.663152208346,1730,231.924777002061,"logrmse"
2019-09-09,150,269.64380841257,1159,141.968602087667,"logrmse"
2019-09-09,91,269.70087261011,609,79.4990868498345,"logrmse"
2019-09-09,95,269.697003850954,1666,198.913136931566,"logrmse"
2019-09-09,166,269.628333375949,1218,159.41239971861,"logrmse"
2019-09-09,114,269.678627244967,926,153.579105718393,"logrmse"
2019-09-09,146,269.647677171725,950,152.852468977118,"logrmse"
2019-09-09,137,269.656381879824,1757,226.620131566537,"logrmse"
2019-09-09,700,269.111854028723,6042,753.393106073734,"logrmse"
2019-09-09,95,269.697003850954,2077,345.67429740161,"logrmse"
2019-09-09,658,269.152475999853,5573,694.670951096652,"logrmse"
2019-09-09,264,269.533548776645,2459,296.980904997949,"logrmse"
2019-09-09,533,269.273374723455,3399,382.367631418004,"logrmse"
2019-09-09,164,269.630267755526,1377,165.292242127027,"logrmse"
2019-09-09,294,269.504533082981,1424,183.485303767217,"logrmse"
2019-09-09,317,269.482287717838,2478,304.650067812011,"logrmse"
2019-09-09,566,269.241457460424,9139,1173.56399351333,"logrmse"
2019-09-09,981,268.840073698067,4823,640.520361798467,"logrmse"
2019-09-09,327,269.47261581995,5528,783.00094237431,"logrmse"
2019-09-09,805,269.010299100898,4361,559.523334633322,"logrmse"
2019-09-09,523,269.283046621343,3049,394.889103610674,"logrmse"
2019-09-09,407,269.395240636845,6413,871.178452171542,"logrmse"
2019-09-09,85,269.706675748842,1768,300.4475997701,"logrmse"
2019-09-09,169,269.625431806582,1085,217.780254078666,"logrmse"
2019-09-09,0,269.788886880891,1370,238.183930625172,"logrmse"
2019-09-09,584,269.224048044225,1567,208.121903435625,"logrmse"
2019-09-09,542,269.264670015356,930,177.254230248936,"logrmse"
2019-09-09,541,269.265637205144,6731,975.113542956065,"logrmse"
2019-09-09,404,269.398142206212,1421,185.67365963531,"logrmse"
2019-09-09,164,269.630267755526,9092,1111.6388827659,"logrmse"
2019-09-09,312,269.487123666782,903,110.913814612225,"logrmse"
2019-09-09,173,269.621563047427,1410,190.775921294779,"logrmse"
2019-09-09,3597,266.309905210536,18168,2202.25384339904,"logrmse"
2019-09-09,423,269.379765600224,2685,378.560132286073,"logrmse"
2019-09-09,161,269.633169324893,1742,208.874265998963,"logrmse"
2019-09-09,224,269.572236368198,2437,279.293194300635,"logrmse"
2019-09-09,178,269.616727098483,1244,151.950879554849,"logrmse"
2019-09-09,302,269.49679556467,4983,610.521882796804,"logrmse"
2019-09-09,349,269.451337644596,2288,312.581995356838,"logrmse"
2019-09-09,728,269.084772714637,543,80.5471278705317,"logrmse"
2019-09-09,65,269.726019544619,1073,156.639589316103,"logrmse"
2019-09-09,613,269.19599954035,4376,667.792808150875,"logrmse"
2019-09-09,477,269.327537351628,1794,302.714704421236,"logrmse"
2019-09-09,201,269.59448173334,2738,386.38724365338,"logrmse"
2019-09-09,861,268.956136472725,7961,1042.60843470642,"logrmse"
2019-09-09,3921,265.996535718961,6429,811.320140848802,"logrmse"
2019-09-09,255,269.542253484744,1433,194.590238297865,"logrmse"
2019-09-09,206,269.589645784396,3530,395.911159395125,"logrmse"
2019-09-09,196,269.599317682284,2119,265.556427158509,"logrmse"
2019-09-09,205,269.590612974185,1016,164.120555620735,"logrmse"
2019-09-09,330,269.469714250584,3183,428.151510613796,"logrmse"
2019-09-09,497,269.308193555852,4042,460.654228409598,"logrmse"
2019-09-09,445,269.35848742487,3278,361.576739626508,"logrmse"
2019-09-09,132,269.661217828768,1032,126.810552147273,"logrmse"
2019-09-09,52,269.738593011873,849,117.758311157034,"logrmse"
2019-09-09,208,269.587711404819,1771,253.295201957442,"logrmse"
2019-09-09,374,269.427157899876,2661,393.795671143525,"logrmse"
2019-09-09,407,269.395240636845,1646,217.090608417509,"logrmse"
2019-09-09,395,269.406846914311,656,85.3352430090369,"logrmse"
2019-09-09,94,269.697971040743,1385,162.656048412366,"logrmse"
2019-09-09,1076,268.74819066813,5020,601.420061703459,"logrmse"
2019-09-09,240,269.556761331577,2152,247.709459588552,"logrmse"
2019-09-09,77,269.714413267153,624,86.6290463567484,"logrmse"
2019-09-09,105,269.687331953066,468,65.6507455658736,"logrmse"
2019-09-09,601,269.207605817816,4233,535.606157349939,"logrmse"
2019-09-09,527,269.279177862188,3227,400.589359786522,"logrmse"
2019-09-09,412,269.390404687901,10415,1149.92641662385,"logrmse"
2019-09-09,106,269.686364763277,1411,185.532862327099,"logrmse"
2019-09-09,269,269.528712827701,1443,185.136925223912,"logrmse"
2019-09-09,337,269.462943922062,1433,188.63024369319,"logrmse"
2019-09-09,166,269.628333375949,1221,210.824551629999,"logrmse"
2019-09-09,127,269.666053777712,2164,279.626570717815,"logrmse"
2019-09-09,20,269.769543085115,5471,790.798186377519,"logrmse"
2019-09-09,196,269.599317682284,3195,386.563639711908,"logrmse"
2019-09-09,93,269.698938230532,434,109.670555300237,"logrmse"
2019-09-09,989,268.832336179757,3699,411.392010814491,"logrmse"
2019-09-09,327,269.47261581995,1164,167.927685194602,"logrmse"
2019-09-09,70,269.721183595675,1087,126.217664224954,"logrmse"
2019-09-09,307,269.491959615726,2535,318.010719177922,"logrmse"
2019-09-09,949,268.871023771309,3768,466.058027600213,"logrmse"
2019-09-09,220,269.576105127353,1548,204.042691145134,"logrmse"
2019-09-09,410,269.392339067479,2058,250.797793015681,"logrmse"
2019-09-09,193,269.602219251651,8902,1019.01222547597,"logrmse"
2019-09-09,81,269.710544507998,982,149.9457132967,"logrmse"
2019-09-09,131,269.662185018557,1838,261.037149494714,"logrmse"
2019-09-09,655,269.15537756922,4747,598.118066710173,"logrmse"
2019-09-09,230,269.566433229465,3409,474.412985252274,"logrmse"
2019-09-09,257,269.540319105167,1301,185.811670365473,"logrmse"
2019-09-09,192,269.60318644144,1344,194.072738170018,"logrmse"
2019-09-09,176,269.618661478061,1155,176.398720254235,"logrmse"
2019-09-09,395,269.406846914311,2342,335.40084051504,"logrmse"
2019-09-09,235,269.561597280521,704,85.2216985689072,"logrmse"
2019-09-09,80,269.711511697786,1001,125.952961656764,"logrmse"
2019-09-09,93,269.698938230532,1161,141.629911178158,"logrmse"
2019-09-09,1715,268.13015639308,4538,580.940699347353,"logrmse"
2019-09-09,368,269.432961038609,3812,504.705614885762,"logrmse"
2019-09-09,87,269.704741369265,1752,229.452266707826,"logrmse"
2019-09-09,331,269.468747060795,1989,286.764972186532,"logrmse"
2019-09-09,262,269.535483156223,1275,188.405336306229,"logrmse"
2019-09-09,162,269.632202135104,844,130.056058079267,"logrmse"
2019-09-09,118,269.674758485812,1213,147.587363407694,"logrmse"
2019-09-09,197,269.598350492496,912,115.841080979843,"logrmse"
2019-09-09,117,269.6757256756,2528,344.080375456975,"logrmse"
2019-09-09,151,269.642841222781,1715,225.789786473824,"logrmse"
2019-09-09,851,268.965808370613,3635,461.552736993349,"logrmse"
2019-09-09,868,268.949366144203,5527,609.191712907613,"logrmse"
2019-09-09,545,269.261768445989,5756,631.741985767834,"logrmse"
2019-09-09,160,269.634136514682,1440,194.622503093048,"logrmse"
2019-09-09,288,269.510336221714,1812,219.57812437075,"logrmse"
2019-09-09,327,269.47261581995,1897,248.378113620037,"logrmse"
2019-09-09,451,269.352684286137,1960,250.089009018164,"logrmse"
2019-09-09,283,269.515172170658,1839,275.032208594482,"logrmse"
2019-09-09,402,269.400076585789,3834,568.577114896294,"logrmse"
2019-09-09,492,269.313029504796,2195,283.320518949267,"logrmse"
2019-09-09,232,269.564498849887,1079,152.578860987167,"logrmse"
2019-09-09,309,269.490025236149,3531,404.802400844729,"logrmse"
2019-09-09,359,269.441665746708,1730,194.547685974319,"logrmse"
2019-09-09,409,269.393306257268,2635,311.606195053841,"logrmse"
2019-09-09,414,269.388470308323,938,114.866490076543,"logrmse"
2019-09-09,128,269.665086587924,1963,217.294221035951,"logrmse"
2019-09-09,127,269.666053777712,1973,217.052251482453,"logrmse"
2019-09-09,380,269.421354761143,1855,223.239241594101,"logrmse"
2019-09-09,254,269.543220674533,1626,218.925052320268,"logrmse"
2019-09-09,412,269.390404687901,2859,296.856204426014,"logrmse"
2019-09-09,810,269.005463151954,2413,253.931021463599,"logrmse"
2019-09-09,619,269.190196401617,2610,283.952284381291,"logrmse"
2019-09-09,337,269.462943922062,2091,309.360584182395,"logrmse"
2019-09-09,691,269.120558736823,2377,255.045661786372,"logrmse"
2019-09-09,0,269.788886880891,3308,467.144872460111,"logrmse"
2019-09-09,433,269.370093702336,1561,227.013388125685,"logrmse"
2019-09-09,213,269.582875455875,1976,266.841286340947,"logrmse"
2019-09-09,362,269.438764177342,2841,357.742115458831,"logrmse"
2019-09-09,803,269.012233480476,2297,286.257494126241,"logrmse"
2019-09-09,254,269.543220674533,1697,218.022382570731,"logrmse"
2019-09-09,145,269.648644361514,1222,154.519295668007,"logrmse"
2019-09-09,226,269.57030198862,2168,266.998381349948,"logrmse"
2019-09-09,361,269.43973136713,1924,267.013304034269,"logrmse"
2019-09-09,234,269.562564470309,4255,525.836709111305,"logrmse"
2019-09-09,233,269.563531660098,3844,430.098624523614,"logrmse"
2019-09-09,590,269.218244905493,3285,455.843284255691,"logrmse"
2019-09-09,510,269.295620088598,2434,351.915070350786,"logrmse"
2019-09-09,384,269.417486001988,7185,893.79879799954,"logrmse"
2019-09-09,269,269.528712827701,2409,371.998197514388,"logrmse"
2019-09-09,226,269.57030198862,2891,332.452779805556,"logrmse"
2019-09-09,232,269.564498849887,1912,247.964615545574,"logrmse"
2019-09-09,305,269.493893995304,524,84.9853942939977,"logrmse"
2019-09-09,275,269.522909688968,905,118.629796512096,"logrmse"
2019-09-09,148,269.645742792147,1454,207.407021214127,"logrmse"
2019-09-09,513,269.292718519231,4490,578.602370274381,"logrmse"
2019-09-09,247,269.549991003055,2934,432.582341136014,"logrmse"
2019-09-09,561,269.246293409368,1867,232.326682339041,"logrmse"
2019-09-09,460,269.343979578038,7336,996.653949768349,"logrmse"
2019-09-09,167,269.62736618616,3612,515.284215917139,"logrmse"
2019-09-09,409,269.393306257267,1545,255.901406806316,"logrmse"
2019-09-09,333,269.466812681217,3431,497.693407515757,"logrmse"
2019-09-09,345,269.455206403751,2355,315.930443439737,"logrmse"
2019-09-09,83,269.70861012842,671,94.5595605467741,"logrmse"
2019-09-09,419,269.383634359379,4272,575.28313732044,"logrmse"
2019-09-09,757,269.056724210761,2412,304.606486123782,"logrmse"
2019-09-09,1013,268.809123624825,5021,658.289055662034,"logrmse"
2019-09-09,483,269.321734212895,2256,355.936681312461,"logrmse"
2019-09-09,400,269.402010965367,2447,315.474796067824,"logrmse"
2019-09-09,969,268.851679975533,2764,385.557330084496,"logrmse"
2019-09-09,247,269.549991003055,2182,288.575099231518,"logrmse"
2019-09-09,498,269.307226366063,5750,711.300097433846,"logrmse"
2019-09-09,950,268.87005658152,1164,161.320832000967,"logrmse"
2019-09-09,276,269.521942499179,1100,146.340538790485,"logrmse"
2019-09-09,722,269.090575853369,5454,650.867333083939,"logrmse"
2019-09-09,399,269.402978155156,2338,282.764994868415,"logrmse"
2019-09-09,495,269.31012793543,1007,202.977718664233,"logrmse"
2019-09-09,32,269.757936807649,2180,332.174021148791,"logrmse"
2019-09-09,243,269.55385976221,1844,204.985783227028,"logrmse"
2019-09-09,251,269.5461222439,798,140.930695039945,"logrmse"
2019-09-09,166,269.628333375949,783,110.882778699413,"logrmse"
2019-09-09,364,269.436829797764,963,125.842165123581,"logrmse"
2019-09-09,140,269.653480310458,1295,157.249712914878,"logrmse"
2019-09-09,131,269.662185018557,1003,135.864279359929,"logrmse"
2019-09-09,242,269.554826951999,3709,440.33435662606,"logrmse"
2019-09-09,329,269.470681440372,4359,503.812240246406,"logrmse"
2019-09-09,310,269.48905804636,3711,466.623147586766,"logrmse"
2019-09-09,666,269.144738481543,3459,427.955175303597,"logrmse"
2019-09-09,79,269.712478887575,898,118.364839002043,"logrmse"
2019-09-09,172,269.622530237216,1074,139.62114634048,"logrmse"
2019-09-09,128,269.665086587924,1572,190.071363919513,"logrmse"
2019-09-09,348,269.452304834385,1875,215.115503590113,"logrmse"
2019-09-09,181,269.613825529117,756,97.7092183872655,"logrmse"
2019-09-09,91,269.70087261011,660,103.974261317098,"logrmse"
2019-09-09,1319,268.513163549449,11229,1316.78802353144,"logrmse"
2019-09-09,383,269.418453191777,3191,376.989842820973,"logrmse"
2019-09-09,167,269.62736618616,842,113.249599753975,"logrmse"
2019-09-09,186,269.608989580172,1623,199.872802467509,"logrmse"
2019-09-09,284,269.514204980869,2310,260.617732091553,"logrmse"
2019-09-09,188,269.607055200595,1711,236.405578937884,"logrmse"
2019-09-09,144,269.649611551303,1625,193.251045482901,"logrmse"
2019-09-09,186,269.608989580172,1579,213.211222076465,"logrmse"
2019-09-09,241,269.555794141788,1749,212.164178405872,"logrmse"
2019-09-09,134,269.659283449191,3391,479.870284886089,"logrmse"
2019-09-09,434,269.369126512547,7064,826.682007490838,"logrmse"
2019-09-09,461,269.343012388249,3921,493.075650549941,"logrmse"
2019-09-09,1274,268.556687089945,3063,373.530942977153,"logrmse"
2019-09-09,86,269.705708559054,1205,200.293446533797,"logrmse"
2019-09-09,1020,268.802353296304,4458,514.211602846275,"logrmse"
2019-09-09,207,269.588678594607,903,111.605482955867,"logrmse"
2019-09-09,173,269.621563047427,1636,204.00991780729,"logrmse"
2019-09-09,630,269.17955731394,1182,145.913825901489,"logrmse"
2019-09-09,130,269.663152208346,2049,229.478637130463,"logrmse"
2019-09-09,169,269.625431806582,1599,185.62482732295,"logrmse"
2019-09-09,205,269.590612974185,1119,150.113988693091,"logrmse"
2019-09-09,98,269.694102281588,1441,186.002774672038,"logrmse"
2019-09-09,135,269.658316259402,565,94.1352934871824,"logrmse"
2019-09-09,316,269.483254907627,1122,147.45504200332,"logrmse"
2019-09-09,448,269.355585855504,7517,900.553433208059,"logrmse"
2019-09-09,321,269.478418958683,3630,579.024250452639,"logrmse"
2019-09-09,401,269.401043775578,3947,512.431439516397,"logrmse"
2019-09-09,4055,265.86693228726,10546,1302.07619762511,"logrmse"
2019-09-09,1354,268.479311906841,5805,792.395839546985,"logrmse"
2019-09-09,469,269.335274869939,1679,217.396942199867,"logrmse"
2019-09-09,237,269.559662900943,769,142.005928081055,"logrmse"
2019-09-09,174,269.620595857638,1147,167.3339838904,"logrmse"
2019-09-09,322,269.477451768894,2281,376.952150730849,"logrmse"
2019-09-09,168,269.626398996371,1630,242.271257212417,"logrmse"
2019-09-09,143,269.650578741091,1200,196.725044885625,"logrmse"
2019-09-09,116,269.676692865389,3284,444.175854839956,"logrmse"
2019-09-09,332,269.467779871006,4179,524.763990798658,"logrmse"
2019-09-09,166,269.628333375949,1280,173.438806649949,"logrmse"
2019-09-09,224,269.572236368198,970,162.800077827394,"logrmse"
2019-09-09,2448,267.421206277881,21227,2360.0176016603,"logrmse"
2019-09-09,443,269.360421804448,5536,785.947538410945,"logrmse"
2019-09-09,131,269.662185018557,1544,202.000681703377,"logrmse"
2019-09-09,709,269.103149320624,4357,495.612055320713,"logrmse"
2019-09-09,149,269.644775602358,2514,319.971786469837,"logrmse"
2019-09-09,662,269.148607240698,3655,425.941764571869,"logrmse"
2019-09-09,446,269.357520235081,3639,479.111503195963,"logrmse"
2019-09-09,181,269.613825529117,2842,373.738467781465,"logrmse"
2019-09-09,1028,268.794615777993,3964,453.090936202874,"logrmse"
2019-09-09,2452,267.417337518725,9989,1243.56968408391,"logrmse"
2019-09-09,2037,267.818721281082,10029,1154.62805951747,"logrmse"
2019-09-09,677,269.134099393866,149,39.3585904415372,"logrmse"
2019-09-09,66,269.72505235483,1327,195.781551570269,"logrmse"
2019-09-09,129,269.664119398135,710,127.388182251346,"logrmse"
2019-09-09,109,269.683463193911,1243,156.183754290095,"logrmse"
2019-09-09,205,269.590612974185,1077,156.688032974984,"logrmse"
2019-09-09,1206,268.622455995585,7763,900.012895626772,"logrmse"
2019-09-09,629,269.180524503729,4265,541.586970765078,"logrmse"
2019-09-09,214,269.581908266086,3671,491.5568794362,"logrmse"
2019-09-09,199,269.596416112918,1137,163.272924611184,"logrmse"
2019-09-09,365,269.435862607975,1462,203.338535968353,"logrmse"
2019-09-09,234,269.562564470309,2401,323.41468639827,"logrmse"
2019-09-09,412,269.390404687901,4497,560.850693772505,"logrmse"
2019-09-09,327,269.47261581995,4884,595.78006740142,"logrmse"
2019-09-09,1060,268.763665704751,7628,926.7526983976,"logrmse"
2019-09-09,116,269.676692865389,1633,244.24743564637,"logrmse"
2019-09-09,703,269.108952459357,7514,1020.01975133274,"logrmse"
2019-09-09,199,269.596416112918,2840,358.200673955126,"logrmse"
2019-09-09,136,269.657349069613,1435,199.567754710164,"logrmse"
2019-09-09,186,269.608989580172,1950,324.620483622088,"logrmse"
2019-09-09,174,269.620595857638,2962,441.609096973233,"logrmse"
2019-09-09,373,269.428125089665,2219,261.964996243383,"logrmse"
2019-09-09,210,269.585777025241,2111,250.695780359131,"logrmse"
2019-09-09,398,269.403945344944,6328,785.292291668399,"logrmse"
2019-09-09,294,269.504533082981,662,95.227154890611,"logrmse"
2019-09-09,310,269.48905804636,1817,229.357976014328,"logrmse"
2019-09-09,117,269.6757256756,1553,193.868629032331,"logrmse"
2019-09-09,114,269.678627244967,1646,196.604604723696,"logrmse"
2019-09-09,478,269.326570161839,2522,299.981620213867,"logrmse"
2019-09-09,114,269.678627244967,1190,168.216742018205,"logrmse"
2019-09-09,230,269.566433229465,1644,209.65960308091,"logrmse"
2019-09-09,161,269.633169324893,1341,168.777850538485,"logrmse"
2019-09-09,2133,267.725871061356,9374,1168.71209077754,"logrmse"
2019-09-09,752,269.061560159705,2081,289.211634118313,"logrmse"
2019-09-09,440,269.363323373814,4732,609.77528605614,"logrmse"
2019-09-09,427,269.375896841069,2794,349.279750414887,"logrmse"
2019-09-09,243,269.55385976221,3955,538.036980562359,"logrmse"
2019-09-09,74,269.717314836519,966,139.891093369075,"logrmse"
2019-09-09,352,269.44843607523,3110,343.507125328302,"logrmse"
2019-09-09,243,269.55385976221,1790,275.191894135741,"logrmse"
2019-09-09,660,269.150541620276,1693,223.035902853179,"logrmse"
2019-09-09,181,269.613825529117,2495,300.800506797352,"logrmse"
2019-09-09,218,269.578039506931,3374,430.457650027109,"logrmse"
2019-09-09,214,269.581908266086,1959,297.952164268843,"logrmse"
2019-09-09,94,269.697971040743,1133,137.555334056802,"logrmse"
2019-09-09,975,268.8458768368,4833,634.371845019411,"logrmse"
2019-09-09,686,269.125394685767,2394,306.475656816773,"logrmse"
2019-09-09,652,269.158279138586,2136,284.524104208161,"logrmse"
2019-09-09,216,269.579973886508,576,104.259598193329,"logrmse"
2019-09-09,189,269.606088010806,2561,305.227738530966,"logrmse"
2019-09-09,176,269.618661478061,1715,218.238263069719,"logrmse"
2019-09-09,188,269.607055200595,697,99.455222848506,"logrmse"
2019-09-09,126,269.667020967501,1123,149.530823399495,"logrmse"
2019-09-09,226,269.57030198862,1747,228.377295985992,"logrmse"
2019-09-09,204,269.591580163974,1282,178.928369405779,"logrmse"
2019-09-09,165,269.629300565738,1791,227.704667033121,"logrmse"
2019-09-09,203,269.592547353763,1165,164.996063626502,"logrmse"
2019-09-09,157,269.637038084048,2162,270.379061079016,"logrmse"
2019-09-09,270,269.527745637912,1087,141.424374546914,"logrmse"
2019-09-09,315,269.484222097416,4861,634.330336009225,"logrmse"
2019-09-09,179,269.615759908694,1377,180.490706029191,"logrmse"
2019-09-09,258,269.539351915378,2429,292.338941927683,"logrmse"
2019-09-09,366,269.434895418186,2169,291.111539959048,"logrmse"
2019-09-09,238,269.558695711154,2254,306.618907632679,"logrmse"
2019-09-09,199,269.596416112918,1074,122.103074122287,"logrmse"
2019-09-09,493,269.312062315007,4345,530.184135084101,"logrmse"
2019-09-09,382,269.419420381565,1169,140.880357845649,"logrmse"
2019-09-09,524,269.282079431554,2307,341.109509494214,"logrmse"
2019-09-09,785,269.029642896674,4348,591.195706653251,"logrmse"
2019-09-09,482,269.322701402684,2232,397.34064195422,"logrmse"
2019-09-09,229,269.567400419254,1336,246.833941482043,"logrmse"
2019-09-09,2234,267.628184892686,4020,501.336830809695,"logrmse"
2019-09-09,60,269.730855493563,3262,400.794348426571,"logrmse"
2019-09-09,135,269.658316259402,1337,168.880353999017,"logrmse"
2019-09-09,372,269.429092279454,1344,164.982050876644,"logrmse"
2019-09-09,58,269.73278987314,862,147.893735726005,"logrmse"
2019-09-09,474,269.330438920995,1815,273.993316815167,"logrmse"
2019-09-09,296,269.502598703403,3000,412.854208930101,"logrmse"
2019-09-09,513,269.292718519231,2627,325.56443413573,"logrmse"
2019-09-09,221,269.575137937564,1838,258.793398020971,"logrmse"
2019-09-09,257,269.540319105167,1790,276.366939871741,"logrmse"
2019-09-09,313,269.486156476993,1803,243.028546680922,"logrmse"
2019-09-09,640,269.169885416052,5352,597.098505742658,"logrmse"
2019-09-09,516,269.289816949865,2614,307.899089435625,"logrmse"
2019-09-09,981,268.840073698067,7159,804.25509163217,"logrmse"
2019-09-09,511,269.294652898809,2946,333.376312725031,"logrmse"
2019-09-09,828,268.988053735755,2760,336.872329642608,"logrmse"
2019-09-09,116,269.676692865389,1080,138.5244333898,"logrmse"
2019-09-09,263,269.534515966434,1841,370.987161307536,"logrmse"
2019-09-09,234,269.562564470309,1661,220.236553536649,"logrmse"
2019-09-09,123,269.669922536868,1625,185.073758615887,"logrmse"
2019-09-09,90,269.701839799898,329,70.2807488070515,"logrmse"
2019-09-09,1152,268.67468424418,3365,490.53836127415,"logrmse"
2019-09-09,388,269.413617242833,4123,469.548899179218,"logrmse"
2019-09-09,476,269.328504541417,2212,253.563812336053,"logrmse"
2019-09-09,598,269.210507387182,1702,200.406077431484,"logrmse"
2019-09-09,192,269.60318644144,3139,366.110891884609,"logrmse"
2019-09-09,227,269.569334798831,2209,259.851738449859,"logrmse"
2019-09-09,395,269.406846914311,1231,231.703291335262,"logrmse"
2019-09-09,353,269.447468885441,2370,307.251783171877,"logrmse"
2019-09-09,375,269.426190710087,2214,265.862973291416,"logrmse"
2019-09-09,195,269.600284872073,4323,604.831559089149,"logrmse"
2019-09-09,2977,266.909562879599,6775,754.933411799773,"logrmse"
2019-09-09,2108,267.750050806077,10033,1163.34537777379,"logrmse"
2019-09-09,486,269.318832643529,9444,1122.87572054546,"logrmse"
2019-09-09,1704,268.140795480756,21008,2351.40112551783,"logrmse"
2019-09-09,126,269.667020967501,2081,294.885618211303,"logrmse"
2019-09-09,626,269.183426073095,1761,251.957349577723,"logrmse"
2019-09-09,2128,267.7307070103,9979,1217.1055303871,"logrmse"
2019-09-09,83,269.70861012842,2329,310.786851853288,"logrmse"
2019-09-09,782,269.032544466041,3360,571.063499264392,"logrmse"
2019-09-09,332,269.467779871006,4109,514.549146603748,"logrmse"
2019-09-09,210,269.585777025241,2690,324.936020708917,"logrmse"
2019-09-09,377,269.424256330509,1521,193.279578878969,"logrmse"
2019-09-09,283,269.515172170658,3279,364.515840031907,"logrmse"
2019-09-09,0,269.788886880891,8785,1239.57924536037,"logrmse"
2019-09-09,1133,268.693060850168,5643,813.968792612239,"logrmse"
2019-09-09,76,269.715380456942,1490,232.941400454914,"logrmse"
2019-09-09,527,269.279177862188,7613,839.704069174389,"logrmse"
2019-09-09,4244,265.684133417175,7874,884.555385620987,"logrmse"
2019-09-09,341,269.459075162907,1893,250.995944674688,"logrmse"
2019-09-09,374,269.427157899876,2115,286.984592509519,"logrmse"
2019-09-09,459,269.344946767827,3451,448.523180224871,"logrmse"
2019-09-09,1577,268.263628583936,8123,920.244344666096,"logrmse"
2019-09-09,1446,268.39033044627,10558,1158.32208340683,"logrmse"
2019-09-09,165,269.629300565737,6699,835.654380199723,"logrmse"
2019-09-09,2614,267.260652772938,3656,465.765774969997,"logrmse"
2019-09-09,813,269.002561582588,6883,762.040878848301,"logrmse"
2019-09-09,697,269.11475559809,5586,688.276869172498,"logrmse"
2019-09-09,279,269.519040929813,3362,423.746759413629,"logrmse"
2019-09-09,307,269.491959615726,1588,213.103974742837,"logrmse"
2019-09-09,69,269.722150785463,2308,373.164126752202,"logrmse"
2019-09-09,209,269.58674421503,9146,1088.09119798889,"logrmse"
2019-09-09,484,269.320767023107,5777,691.508535512213,"logrmse"
2019-09-09,185,269.609956769961,1201,148.388840579747,"logrmse"
2019-09-09,379,269.422321950932,914,133.912759413474,"logrmse"
2019-09-09,268,269.52968001749,2675,345.30383650173,"logrmse"
2019-09-09,1279,268.551851141001,5684,657.591345302947,"logrmse"
2019-09-09,1022,268.800418916726,5066,594.112797176925,"logrmse"
2019-09-09,482,269.322701402684,1715,256.505831712622,"logrmse"
2019-09-09,652,269.158279138586,4918,731.434399997102,"logrmse"
2019-09-09,168,269.626398996371,647,96.9038108662854,"logrmse"
2019-09-09,79,269.712478887575,3120,368.825247736816,"logrmse"
2019-09-09,172,269.622530237216,753,85.9756291017296,"logrmse"
2019-09-09,206,269.589645784396,6028,721.789107651677,"logrmse"
2019-09-09,458,269.345913957616,2713,326.649365949382,"logrmse"
2019-09-09,1156,268.670815485025,5910,667.754506067659,"logrmse"
2019-09-09,605,269.20373705866,2218,289.780485812381,"logrmse"
2019-09-09,368,269.432961038609,6305,762.777003751806,"logrmse"
2019-09-09,1079,268.745289098764,6835,830.166860354425,"logrmse"
2019-09-09,2355,267.51115492824,7649,865.814105368347,"logrmse"
2019-09-09,205,269.590612974185,3065,452.507371918863,"logrmse"
2019-09-09,266,269.531614397068,2226,272.692483062336,"logrmse"
2019-09-09,617,269.192130781195,1834,249.551562654982,"logrmse"
2019-09-09,377,269.424256330509,5308,562.110090452477,"logrmse"
2019-09-09,520,269.285948190709,4203,467.711318886514,"logrmse"
2019-09-09,560,269.247260599157,2286,294.59825323657,"logrmse"
2019-09-09,429,269.373962461491,4697,560.71184214412,"logrmse"
2019-09-09,208,269.587711404819,2135,327.175764331285,"logrmse"
2019-09-09,258,269.539351915378,5468,623.705475761433,"logrmse"
2019-09-09,326,269.473583009739,484,111.742711514214,"logrmse"
2019-09-09,186,269.608989580172,722,79.2875737571913,"logrmse"
2019-09-09,250,269.547089433689,3133,431.625609525089,"logrmse"
2019-09-09,677,269.134099393866,1713,250.796964819908,"logrmse"
2019-09-09,209,269.58674421503,2050,351.820639080344,"logrmse"
2019-09-09,278,269.520008119602,2138,310.245593921496,"logrmse"
2019-09-09,122,269.670889726656,1241,187.621129621781,"logrmse"
2019-09-09,305,269.493893995304,1772,250.529776136003,"logrmse"
2019-09-09,409,269.393306257267,2972,359.697807164059,"logrmse"
2019-09-09,1120,268.705634317422,1718,228.394959418667,"logrmse"
2019-09-09,395,269.406846914311,2456,362.100950871414,"logrmse"
2019-09-09,137,269.656381879824,1558,208.906308728815,"logrmse"
2019-09-09,380,269.421354761143,2472,283.878817214953,"logrmse"
2019-09-09,449,269.354618665715,2841,373.363465046282,"logrmse"
2019-09-09,285,269.51323779108,3414,409.278155880909,"logrmse"
2019-09-09,99,269.693135091799,939,219.872243453727,"logrmse"
2019-09-09,296,269.502598703403,4709,600.836357720752,"logrmse"
2019-09-09,125,269.66798815729,4314,569.586552360981,"logrmse"
2019-09-09,229,269.567400419254,3033,341.556885640404,"logrmse"
2019-09-09,224,269.572236368198,966,126.349211374617,"logrmse"
2019-09-09,117,269.6757256756,2634,326.300894491889,"logrmse"
2019-09-09,77,269.714413267153,967,111.446115324853,"logrmse"
2019-09-09,218,269.578039506931,1011,129.771172382586,"logrmse"
2019-09-09,390,269.411682863255,1801,251.296885392295,"logrmse"
2019-09-09,1110,268.715306215311,2965,429.661204250182,"logrmse"
2019-09-09,342,269.458107973118,1541,220.604316742432,"logrmse"
2019-09-09,251,269.5461222439,2421,324.666478708618,"logrmse"
2019-09-09,345,269.455206403751,2305,313.40134288876,"logrmse"
2019-09-09,656,269.154410379431,2383,321.714004674514,"logrmse"
2019-09-09,1134,268.692093660379,5695,634.280133554726,"logrmse"
2019-09-09,498,269.307226366063,3199,457.474652833872,"logrmse"
2019-09-09,692,269.119591547034,4109,510.300574950605,"logrmse"
2019-09-09,106,269.686364763277,987,130.189125609757,"logrmse"
2019-09-09,118,269.674758485812,968,126.313156569162,"logrmse"
2019-09-09,150,269.64380841257,1044,132.640928957488,"logrmse"
2019-09-09,144,269.649611551303,570,78.2158174445211,"logrmse"
2019-09-09,246,269.550958192844,1927,266.061554749569,"logrmse"
2019-09-09,160,269.634136514682,1561,227.261614160461,"logrmse"
2019-09-09,306,269.492926805515,1767,208.906950492831,"logrmse"
2019-09-09,334,269.465845491428,2353,306.392486671558,"logrmse"
2019-09-09,1066,268.757862566018,4221,547.741533170112,"logrmse"
2019-09-09,349,269.451337644596,2180,276.772797478978,"logrmse"
2019-09-09,317,269.482287717838,2496,397.037470575244,"logrmse"
2019-09-09,105,269.687331953066,902,114.467962129197,"logrmse"
2019-09-09,217,269.579006696719,1244,250.033195363832,"logrmse"
2019-09-09,599,269.209540197393,7223,976.010352380216,"logrmse"
2019-09-09,724,269.088641473792,3536,474.795158182805,"logrmse"
2019-09-09,685,269.126361875555,6808,918.919031585774,"logrmse"
2019-09-09,417,269.385568738957,2745,358.518291663007,"logrmse"
2019-09-09,252,269.545155054111,3997,478.729313781851,"logrmse"
2019-09-09,423,269.379765600224,1601,204.814061439479,"logrmse"
2019-09-09,286,269.512270601291,2302,294.736624590202,"logrmse"
2019-09-09,640,269.169885416052,2176,271.423872886912,"logrmse"
2019-09-09,225,269.571269178409,1761,213.672513540784,"logrmse"
2019-09-09,96,269.696036661166,806,122.537308154324,"logrmse"
2019-09-09,170,269.624464616793,896,135.488419617219,"logrmse"
2019-09-09,194,269.601252061862,2408,279.12952879386,"logrmse"
2019-09-09,150,269.64380841257,794,121.775182999966,"logrmse"
2019-09-09,66,269.72505235483,886,133.454336078659,"logrmse"
2019-09-09,352,269.44843607523,3142,461.387795768306,"logrmse"
2019-09-09,556,269.251129358312,1887,244.323692185068,"logrmse"
2019-09-09,92,269.699905420321,2023,261.534003714692,"logrmse"
2019-09-09,168,269.626398996371,685,84.96738419761,"logrmse"
2019-09-09,224,269.572236368198,1626,222.356991292585,"logrmse"
2019-09-09,205,269.590612974185,2322,262.727065897143,"logrmse"
2019-09-09,143,269.650578741091,709,100.202891487229,"logrmse"
2019-09-09,121,269.671856916445,989,119.834490679657,"logrmse"
2019-09-09,67,269.724085165041,528,74.8692112600588,"logrmse"
2019-09-09,123,269.669922536868,689,92.9989165708868,"logrmse"
2019-09-09,143,269.650578741091,839,107.638942007798,"logrmse"
2019-09-09,462,269.34204519846,2005,262.124354359306,"logrmse"
2019-09-09,614,269.195032350561,2978,380.303295315076,"logrmse"
2019-09-09,230,269.566433229465,1197,154.649968576181,"logrmse"
2019-09-09,630,269.17955731394,2696,347.862609919552,"logrmse"
2019-09-09,474,269.330438920995,1633,198.694068867953,"logrmse"
2019-09-09,672,269.13893534281,2162,266.270883982815,"logrmse"
2019-09-09,482,269.322701402684,2021,234.434992780962,"logrmse"
2019-09-09,262,269.535483156223,1257,165.06372535863,"logrmse"
2019-09-09,251,269.5461222439,1178,154.714875029342,"logrmse"
2019-09-09,214,269.581908266086,1135,133.714046841829,"logrmse"
2019-09-09,226,269.57030198862,1194,145.919599099304,"logrmse"
2019-09-09,292,269.506467462558,1182,153.425595006276,"logrmse"
2019-09-09,85,269.706675748842,1562,204.797315919209,"logrmse"
2019-09-09,95,269.697003850954,879,109.577238697832,"logrmse"
2019-09-09,223,269.573203557986,1160,147.163690832517,"logrmse"
2019-09-09,40,269.750199289339,857,116.996773324928,"logrmse"
2019-09-09,150,269.64380841257,1315,152.294653386019,"logrmse"
2019-09-09,117,269.6757256756,833,104.994670807373,"logrmse"
2019-09-09,71,269.720216405886,907,112.8534882874,"logrmse"
2019-09-09,104,269.688299142855,608,75.0759528992133,"logrmse"
2019-09-09,217,269.579006696719,1364,160.709754714181,"logrmse"
2019-09-09,210,269.585777025241,1178,143.803144349791,"logrmse"
2019-09-09,214,269.581908266086,1193,162.634963207499,"logrmse"
2019-09-09,194,269.601252061862,1817,239.523991850172,"logrmse"
2019-09-09,414,269.388470308323,2383,357.225436993605,"logrmse"
2019-09-09,265,269.532581586856,4067,482.899209125559,"logrmse"
2019-09-09,243,269.55385976221,2195,267.651104646717,"logrmse"
2019-09-09,301,269.497762754459,3642,449.305436957105,"logrmse"
2019-09-09,392,269.409748483677,1925,294.366778655934,"logrmse"
2019-09-09,193,269.602219251651,3321,387.000979894383,"logrmse"
2019-09-09,180,269.614792718905,969,109.011842048661,"logrmse"
2019-09-09,883,268.934858297371,6578,737.899538809693,"logrmse"
2019-09-09,253,269.544187864322,1523,188.370033646243,"logrmse"
2019-09-09,207,269.588678594607,560,123.585294221207,"logrmse"
2019-09-09,259,269.538384725589,1770,216.619163298972,"logrmse"
2019-09-09,554,269.25306373789,4485,599.724899858312,"logrmse"
2019-09-09,149,269.644775602358,749,94.8580752830604,"logrmse"
2019-09-09,235,269.561597280521,4125,458.140382970594,"logrmse"
2019-09-09,635,269.174721364996,4137,506.413103687894,"logrmse"
2019-09-09,790,269.02480694773,3977,520.727405657334,"logrmse"
2019-09-09,317,269.482287717838,1320,167.980456445052,"logrmse"
2019-09-09,320,269.479386148472,2166,277.287219743138,"logrmse"
2019-09-09,1233,268.596341871287,5772,685.095534914532,"logrmse"
2019-09-09,236,269.560630090732,3490,423.850453684846,"logrmse"
2019-09-09,344,269.45617359354,2348,288.034383789553,"logrmse"
2019-09-09,316,269.483254907627,1078,136.758333315386,"logrmse"
2019-09-09,266,269.531614397068,2466,272.333101593739,"logrmse"
2019-09-09,248,269.549023813266,1275,158.990733565568,"logrmse"
2019-09-09,235,269.561597280521,2540,318.31739280954,"logrmse"
2019-09-09,269,269.528712827701,1441,189.978393013626,"logrmse"
2019-09-09,384,269.417486001988,1344,171.762694344448,"logrmse"
2019-09-09,603,269.205671438238,1506,198.900226839118,"logrmse"
2019-09-09,352,269.44843607523,1955,269.829031625877,"logrmse"
2019-09-09,604,269.204704248449,969,146.14400334921,"logrmse"
2019-09-09,110,269.682496004122,2146,270.688555503423,"logrmse"
2019-09-09,1107,268.718207784677,3115,434.023466642046,"logrmse"
2019-09-09,218,269.578039506931,4504,523.65053820004,"logrmse"
2019-09-09,338,269.461976732273,2720,406.924140517883,"logrmse"
2019-09-09,186,269.608989580172,2451,316.561177688665,"logrmse"
2019-09-09,292,269.506467462558,2304,279.697134850578,"logrmse"
2019-09-09,287,269.511303411502,2064,281.292127640982,"logrmse"
2019-09-09,161,269.633169324893,1232,154.121470901769,"logrmse"
2019-09-09,1398,268.436755556133,3880,474.326853268176,"logrmse"
2019-09-09,1209,268.619554426218,3704,508.350887056774,"logrmse"
2019-09-09,121,269.671856916445,870,105.887405749287,"logrmse"
2019-09-09,46,269.744396150606,642,84.4764114902861,"logrmse"
2019-09-09,168,269.626398996371,3017,373.401724498925,"logrmse"
2019-09-09,758,269.055757020972,1897,308.431379876379,"logrmse"
2019-09-09,1072,268.752059427285,10150,1104.10506734369,"logrmse"
2019-09-09,65,269.726019544619,403,61.6931517334775,"logrmse"
2019-09-09,261,269.536450346012,3700,438.464043450287,"logrmse"
2019-09-09,143,269.650578741091,1036,135.239572047271,"logrmse"
2019-09-09,96,269.696036661166,1720,210.061800864357,"logrmse"
2019-09-09,233,269.563531660098,1649,286.004390604621,"logrmse"
2019-09-09,158,269.636070894259,787,107.41554991644,"logrmse"
2019-09-09,159,269.63510370447,1843,219.446651216118,"logrmse"
2019-09-09,334,269.465845491428,3491,426.936413052816,"logrmse"
2019-09-09,106,269.686364763277,1818,225.753379342105,"logrmse"
2019-09-09,172,269.622530237216,1700,213.123231805456,"logrmse"
2019-09-09,199,269.596416112918,929,126.656190919037,"logrmse"
2019-09-09,711,269.101214941046,1556,197.625113021012,"logrmse"
2019-09-09,323,269.476484579105,3419,428.545518037113,"logrmse"
2019-09-09,622,269.187294832251,4450,523.270069898625,"logrmse"
2019-09-09,386,269.41555162241,2689,349.036463383753,"logrmse"
2019-09-09,132,269.661217828768,834,129.408011020083,"logrmse"
2019-09-09,905,268.913580122017,3084,381.064620579855,"logrmse"
2019-09-09,656,269.154410379431,2310,312.68393760702,"logrmse"
2019-09-09,139,269.654447500247,1852,256.252321023359,"logrmse"
2019-09-10,219,273.108248700562,1759,233.37019890475,"logrmse"
2019-09-10,0,273.319986753365,3655,553.221981101095,"logrmse"
2019-09-10,357,272.974824722083,1611,213.280298172444,"logrmse"
2019-09-10,317,273.013498339034,2096,278.686579842008,"logrmse"
2019-09-10,259,273.069575083612,1834,218.7593330197,"logrmse"
2019-09-10,157,273.168192806835,1498,171.175731385996,"logrmse"
2019-09-10,133,273.191396977005,986,133.01279465351,"logrmse"
2019-09-10,222,273.105348179291,2295,297.838958378479,"logrmse"
2019-09-10,121,273.20299906209,981,127.811161975938,"logrmse"
2019-09-10,192,273.134353392003,812,112.395522668152,"logrmse"
2019-09-10,193,273.13338655158,1072,143.253170275036,"logrmse"
2019-09-10,133,273.191396977005,1732,217.282055755965,"logrmse"
2019-09-10,143,273.181728572767,807,106.78107193201,"logrmse"
2019-09-10,84,273.238772157769,1058,147.444091556661,"logrmse"
2019-09-10,215,273.112116062257,1475,209.914451775337,"logrmse"
2019-09-10,229,273.098580296324,1312,191.915266213633,"logrmse"
2019-09-10,427,272.907145892421,5384,658.19533495492,"logrmse"
2019-09-10,103,273.220402189718,4174,584.53833781897,"logrmse"
2019-09-10,1111,272.245827042571,8766,1094.97172060583,"logrmse"
2019-09-10,275,273.054105636832,4131,552.791309971576,"logrmse"
2019-09-10,976,272.376350499778,3245,468.038150017674,"logrmse"
2019-09-10,189,273.137253913275,1175,159.844298229834,"logrmse"
2019-09-10,451,272.88394172225,4200,555.315874361265,"logrmse"
2019-09-10,249,273.079243487849,1522,222.277059304102,"logrmse"
2019-09-10,817,272.530078127156,6560,791.717452090856,"logrmse"
2019-09-10,203,273.123718147342,3241,434.040757245098,"logrmse"
2019-09-10,110,273.213634306751,2246,312.748225636712,"logrmse"
2019-09-10,122,273.202032221666,1396,163.201954575842,"logrmse"
2019-09-10,185,273.14112127497,1024,137.676201732636,"logrmse"
2019-09-10,140,273.184629094039,792,121.068059190067,"logrmse"
2019-09-10,281,273.048304594289,1581,210.459619817357,"logrmse"
2019-09-10,246,273.08214400912,1263,156.660196014607,"logrmse"
2019-09-10,262,273.06667456234,1385,182.884557306879,"logrmse"
2019-09-10,212,273.115016583528,2126,259.981422400224,"logrmse"
2019-09-10,496,272.840433903181,2537,309.072284885328,"logrmse"
2019-09-10,132,273.192363817429,1081,140.464254463167,"logrmse"
2019-09-10,196,273.130486030308,556,119.501129386338,"logrmse"
2019-09-10,776,272.56971858453,4524,588.699231015371,"logrmse"
2019-09-10,99,273.224269551413,2313,347.060466075318,"logrmse"
2019-09-10,906,272.444029329441,4632,594.116880309151,"logrmse"
2019-09-10,202,273.124684987766,724,90.353696546104,"logrmse"
2019-09-10,1859,271.522630405602,13042,1627.37509504183,"logrmse"
2019-09-10,215,273.112116062257,1224,177.796667580681,"logrmse"
2019-09-10,220,273.107281860138,1812,242.182566872869,"logrmse"
2019-09-10,168,273.157557562173,650,89.1942122409147,"logrmse"
2019-09-10,102,273.221369030141,880,115.369413438447,"logrmse"
2019-09-10,113,273.21073378548,1042,129.772997994784,"logrmse"
2019-09-10,130,273.194297498276,1032,162.727088005552,"logrmse"
2019-09-10,305,273.025100424119,2830,353.227604710245,"logrmse"
2019-09-10,282,273.047337753865,3763,437.259514014768,"logrmse"
2019-09-10,1205,272.154944042738,3365,383.211318187384,"logrmse"
2019-09-10,446,272.888775924369,3747,438.10023893489,"logrmse"
2019-09-10,512,272.824964456401,4015,542.52365332731,"logrmse"
2019-09-10,83,273.239738998193,1468,193.119861695429,"logrmse"
2019-09-10,117,273.206866423785,399,67.3774691036593,"logrmse"
2019-09-10,142,273.182695413191,596,93.4585131504065,"logrmse"
2019-09-10,93,273.230070593955,407,77.1303283953554,"logrmse"
2019-09-10,274,273.055072477255,1775,233.317245055329,"logrmse"
2019-09-10,370,272.962255796575,1742,231.85322042779,"logrmse"
2019-09-10,201,273.125651828189,2346,290.887826141612,"logrmse"
2019-09-10,98,273.225236391836,1866,226.351871075656,"logrmse"
2019-09-10,107,273.216534828023,1299,158.151457499477,"logrmse"
2019-09-10,317,273.013498339034,1118,131.225824553144,"logrmse"
2019-09-10,235,273.092779253782,1390,161.830791897831,"logrmse"
2019-09-10,491,272.8452681053,3957,547.12754064233,"logrmse"
2019-09-10,419,272.914880615811,1689,252.755609988913,"logrmse"
2019-09-10,568,272.770821392671,3685,426.913229591677,"logrmse"
2019-09-10,17,273.303550466161,1494,192.154955131818,"logrmse"
2019-09-10,356,272.975791562507,2717,372.26506643757,"logrmse"
2019-09-10,288,273.041536711323,3663,491.387347528209,"logrmse"
2019-09-10,88,273.234904796074,3594,502.92187583515,"logrmse"
2019-09-10,574,272.765020350128,4157,499.579709645219,"logrmse"
2019-09-10,823,272.524277084613,1600,239.978997244256,"logrmse"
2019-09-10,348,272.983526285897,1854,276.642451316286,"logrmse"
2019-09-10,428,272.906179051997,3296,429.567972775943,"logrmse"
2019-09-10,204,273.122751306918,2907,369.402074478225,"logrmse"
2019-09-10,376,272.956454754032,3110,412.110551810092,"logrmse"
2019-09-10,174,273.151756519631,2139,302.941763160387,"logrmse"
2019-09-10,151,273.173993849377,1556,199.054370522435,"logrmse"
2019-09-10,139,273.185595934462,1568,196.382623637458,"logrmse"
2019-09-10,374,272.95838843488,1443,189.249160845007,"logrmse"
2019-09-10,177,273.14885599836,1168,139.735910433932,"logrmse"
2019-09-10,79,273.243606359888,825,105.402567012218,"logrmse"
2019-09-10,135,273.189463296157,834,108.612578899765,"logrmse"
2019-09-10,585,272.754385105467,2087,246.861841457892,"logrmse"
2019-09-10,191,273.135320232427,1111,131.025812709013,"logrmse"
2019-09-10,112,273.211700625904,1799,230.431264830289,"logrmse"
2019-09-10,201,273.12565182819,1832,228.074727959481,"logrmse"
2019-09-10,65,273.25714212582,313,62.927166439673,"logrmse"
2019-09-10,168,273.157557562173,1019,141.215639887789,"logrmse"
2019-09-10,256,273.072475604883,948,137.941083110303,"logrmse"
2019-09-10,124,273.200098540819,1172,141.457386182848,"logrmse"
2019-09-10,71,273.251341083278,871,120.578304783049,"logrmse"
2019-09-10,98,273.225236391836,824,97.4210624126468,"logrmse"
2019-09-10,202,273.124684987766,1341,175.910756671619,"logrmse"
2019-09-10,77,273.245540040735,1785,226.283620743968,"logrmse"
2019-09-10,177,273.14885599836,915,122.779842571533,"logrmse"
2019-09-10,205,273.121784466494,1123,146.46349346383,"logrmse"
2019-09-10,250,273.078276647425,3017,342.613769344132,"logrmse"
2019-09-10,135,273.189463296157,602,87.9862810676853,"logrmse"
2019-09-10,147,273.177861211072,1086,135.013389537372,"logrmse"
2019-09-10,256,273.072475604883,1196,157.232009089563,"logrmse"
2019-09-10,97,273.22620323226,868,102.564353053509,"logrmse"
2019-09-10,185,273.14112127497,608,80.5044382765267,"logrmse"
2019-09-10,121,273.20299906209,706,92.15966763485,"logrmse"
2019-09-10,73,273.24940740243,615,78.5063758396916,"logrmse"
2019-09-10,174,273.151756519631,390,55.2893737361607,"logrmse"
2019-09-10,88,273.234904796074,879,114.628638302935,"logrmse"
2019-09-10,108,273.215567987599,1220,147.540333210821,"logrmse"
2019-09-10,591,272.748584062925,594,95.0103831111264,"logrmse"
2019-09-10,74,273.248440562007,1345,156.397984629663,"logrmse"
2019-09-10,450,272.884908562674,2346,298.322180471032,"logrmse"
2019-09-10,418,272.915847456234,3659,443.106345514543,"logrmse"
2019-09-10,991,272.361847893422,3332,390.078805527296,"logrmse"
2019-09-10,602,272.737948818263,2886,343.638022666081,"logrmse"
2019-09-10,402,272.931316903014,4442,504.237323885691,"logrmse"
2019-09-10,849,272.499139233595,3170,364.317296302401,"logrmse"
2019-09-10,83,273.239738998193,946,135.595331862065,"logrmse"
2019-09-10,82,273.240705838616,989,120.205570694024,"logrmse"
2019-09-10,114,273.209766945056,942,129.28543127976,"logrmse"
2019-09-10,141,273.183662253615,790,104.691218189791,"logrmse"
2019-09-10,82,273.240705838616,792,100.402067517199,"logrmse"
2019-09-10,117,273.206866423785,1253,146.417869464153,"logrmse"
2019-09-10,246,273.08214400912,942,123.330902116071,"logrmse"
2019-09-10,256,273.072475604883,709,87.4516864432802,"logrmse"
2019-09-10,68,273.254241604549,710,89.9372494661195,"logrmse"
2019-09-10,556,272.782423477756,1716,221.677693670763,"logrmse"
2019-09-10,339,272.992227849711,1695,224.374083925155,"logrmse"
2019-09-10,82,273.240705838616,2560,323.523307285606,"logrmse"
2019-09-10,46,273.275512093872,532,89.339254815813,"logrmse"
2019-09-10,269,273.059906679374,3971,492.841216546439,"logrmse"
2019-09-10,263,273.065707721917,1875,252.176381816974,"logrmse"
2019-09-10,328,273.002863094372,2671,325.077844162266,"logrmse"
2019-09-10,339,272.992227849711,1096,159.618582464741,"logrmse"
2019-09-10,172,273.153690200478,1098,149.396693059341,"logrmse"
2019-09-10,131,273.193330657852,1169,157.350057321826,"logrmse"
2019-09-10,169,273.15659072175,5947,731.331416230833,"logrmse"
2019-09-10,305,273.025100424119,1772,251.068650538269,"logrmse"
2019-09-10,1083,272.272898574436,4681,579.350004046121,"logrmse"
2019-09-10,154,273.171093328106,3821,500.94172880787,"logrmse"
2019-09-10,248,273.080210328273,2598,335.272265027059,"logrmse"
2019-09-10,288,273.041536711323,2210,307.414700069513,"logrmse"
2019-09-10,990,272.362814733846,8372,1087.54553680526,"logrmse"
2019-09-10,547,272.79112504157,2306,329.761107509676,"logrmse"
2019-09-10,485,272.851069147843,8333,1074.03252772987,"logrmse"
2019-09-10,130,273.194297498276,978,129.980237793085,"logrmse"
2019-09-10,143,273.181728572767,957,119.992904643137,"logrmse"
2019-09-10,218,273.109215540986,1873,249.945039639978,"logrmse"
2019-09-10,757,272.588088552581,4820,578.563715467848,"logrmse"
2019-09-10,392,272.940985307252,4172,463.439299235574,"logrmse"
2019-09-10,355,272.976758402931,1829,225.133683882951,"logrmse"
2019-09-10,141,273.183662253615,1735,233.198170897679,"logrmse"
2019-09-10,148,273.176894370649,1210,147.330943715509,"logrmse"
2019-09-10,94,273.229103753531,641,82.7945866903266,"logrmse"
2019-09-10,80,273.242639519464,1646,197.472586122563,"logrmse"
2019-09-10,198,273.128552349461,1235,160.958601834519,"logrmse"
2019-09-10,111,273.212667466328,984,159.151517688857,"logrmse"
2019-09-10,160,273.165292285564,982,156.991764898553,"logrmse"
2019-09-10,131,273.193330657852,1801,231.671498352696,"logrmse"
2019-09-10,734,272.610325882327,5934,746.345492722088,"logrmse"
2019-09-10,98,273.225236391836,2134,355.31651211739,"logrmse"
2019-09-10,690,272.652866860973,5681,707.83986117489,"logrmse"
2019-09-10,283,273.046370913441,2500,302.824833636247,"logrmse"
2019-09-10,516,272.821097094706,3505,394.802388445939,"logrmse"
2019-09-10,202,273.124684987766,1385,167.462914634371,"logrmse"
2019-09-10,285,273.044437232594,1594,200.053229548371,"logrmse"
2019-09-10,326,273.00479677522,2475,306.294486004408,"logrmse"
2019-09-10,520,272.817229733011,9206,1186.07499164039,"logrmse"
2019-09-10,943,272.408256233762,4890,648.821631005574,"logrmse"
2019-09-10,319,273.011564658186,5593,794.257308367883,"logrmse"
2019-09-10,854,272.494305031477,4439,568.531178113043,"logrmse"
2019-09-10,561,272.777589275637,3069,397.971681182715,"logrmse"
2019-09-10,406,272.927449541319,6521,886.488019155646,"logrmse"
2019-09-10,94,273.229103753531,1833,309.236616361499,"logrmse"
2019-09-10,182,273.144021796241,1122,223.590444332541,"logrmse"
2019-09-10,0,273.319986753365,1450,248.67432504158,"logrmse"
2019-09-10,633,272.707976765127,1631,214.256649559403,"logrmse"
2019-09-10,527,272.810461850045,987,184.601908835968,"logrmse"
2019-09-10,568,272.770821392671,6925,995.835916342883,"logrmse"
2019-09-10,441,272.893610126488,1404,184.017984339791,"logrmse"
2019-09-10,165,273.160458083445,9075,1113.23078740216,"logrmse"
2019-09-10,301,273.028967785814,967,117.62138159685,"logrmse"
2019-09-10,174,273.151756519631,1399,190.878474716631,"logrmse"
2019-09-10,3666,269.775549759874,18537,2246.81230569034,"logrmse"
2019-09-10,440,272.894576966912,2729,384.581336776878,"logrmse"
2019-09-10,187,273.139187594122,1818,217.164922477667,"logrmse"
2019-09-10,228,273.099547136748,2514,287.605693676585,"logrmse"
2019-09-10,184,273.142088115393,1205,148.114727935475,"logrmse"
2019-09-10,281,273.048304594289,5121,625.572961488865,"logrmse"
2019-09-10,292,273.037669349628,2288,312.52627726539,"logrmse"
2019-09-10,748,272.596790116395,579,84.4731568959326,"logrmse"
2019-09-10,71,273.251341083278,1122,163.460949488615,"logrmse"
2019-09-10,607,272.733114616144,4319,666.021475764887,"logrmse"
2019-09-10,466,272.869439115894,1863,311.855365386935,"logrmse"
2019-09-10,218,273.109215540986,2819,396.930116732208,"logrmse"
2019-09-10,870,272.478835584697,8098,1059.94603130178,"logrmse"
2019-09-10,4030,269.423619845627,6519,822.590425866141,"logrmse"
2019-09-10,251,273.077309807002,1443,196.34472498204,"logrmse"
2019-09-10,202,273.124684987766,3515,395.326881697726,"logrmse"
2019-09-10,200,273.126618668613,2060,260.907649317311,"logrmse"
2019-09-10,222,273.105348179291,1041,168.688034571684,"logrmse"
2019-09-10,317,273.013498339034,3297,442.70682366092,"logrmse"
2019-09-10,495,272.841400743605,4180,474.041540500909,"logrmse"
2019-09-10,456,272.879107520132,3281,362.5847651526,"logrmse"
2019-09-10,127,273.197198019547,998,123.737647642314,"logrmse"
2019-09-10,63,273.259075806668,870,119.255418567024,"logrmse"
2019-09-10,219,273.108248700562,1716,249.255693562564,"logrmse"
2019-09-10,409,272.924549020048,2595,388.68717391257,"logrmse"
2019-09-10,456,272.879107520132,1674,221.775817620119,"logrmse"
2019-09-10,381,272.951620551913,713,90.6996408589351,"logrmse"
2019-09-10,119,273.204932742938,1406,164.343272430155,"logrmse"
2019-09-10,1073,272.282566978674,4909,591.369880689727,"logrmse"
2019-09-10,230,273.097613455901,2118,245.241344820417,"logrmse"
2019-09-10,95,273.228136913108,626,86.9065030673081,"logrmse"
2019-09-10,87,273.235871636498,488,67.651515926385,"logrmse"
2019-09-10,603,272.736981977839,4235,534.426117335208,"logrmse"
2019-09-10,484,272.852035988266,3265,404.230734887487,"logrmse"
2019-09-10,397,272.936151105133,10579,1167.18507103647,"logrmse"
2019-09-10,89,273.23393795565,1401,184.608886806106,"logrmse"
2019-09-10,265,273.063774041069,1404,182.089774037779,"logrmse"
2019-09-10,337,272.994161530559,1497,195.390004246462,"logrmse"
2019-09-10,158,273.167225966411,1256,215.068303383066,"logrmse"
2019-09-10,144,273.180761732344,2156,279.781503520726,"logrmse"
2019-09-10,17,273.303550466161,5448,794.01937541517,"logrmse"
2019-09-10,198,273.128552349461,3089,375.658394918667,"logrmse"
2019-09-10,98,273.225236391836,497,117.639474427444,"logrmse"
2019-09-10,970,272.382151542321,3679,410.428221681956,"logrmse"
2019-09-10,313,273.017365700729,1108,162.371270649327,"logrmse"
2019-09-10,62,273.260042647092,1079,125.109002676326,"logrmse"
2019-09-10,354,272.977725243355,2594,326.300736399828,"logrmse"
2019-09-10,1001,272.352179489184,3921,483.152824532345,"logrmse"
2019-09-10,219,273.108248700562,1591,207.703306650451,"logrmse"
2019-09-10,431,272.903278530726,2069,251.120349617819,"logrmse"
2019-09-10,177,273.14885599836,8993,1028.22278564096,"logrmse"
2019-09-10,81,273.24167267904,931,145.632658800784,"logrmse"
2019-09-10,110,273.213634306751,1843,264.544839309004,"logrmse"
2019-09-10,708,272.635463733345,5030,627.577322582608,"logrmse"
2019-09-10,250,273.078276647425,3508,487.531108916855,"logrmse"
2019-09-10,261,273.067641402764,1263,183.147004506792,"logrmse"
2019-09-10,188,273.138220753698,1323,193.215389000685,"logrmse"
2019-09-10,190,273.136287072851,1137,175.429298792948,"logrmse"
2019-09-10,402,272.931316903014,2283,332.400900071769,"logrmse"
2019-09-10,242,273.086011370815,721,86.928385328301,"logrmse"
2019-09-10,86,273.236838476921,937,120.427631949518,"logrmse"
2019-09-10,113,273.21073378548,1190,144.000386847661,"logrmse"
2019-09-10,1755,271.623181809672,4583,587.333572248568,"logrmse"
2019-09-10,398,272.93518426471,3883,512.652637783477,"logrmse"
2019-09-10,85,273.237805317345,1808,234.498999679519,"logrmse"
2019-09-10,340,272.991261009287,2013,289.958374098667,"logrmse"
2019-09-10,298,273.031868307085,1310,191.758175094252,"logrmse"
2019-09-10,159,273.166259125987,878,133.498221347037,"logrmse"
2019-09-10,122,273.202032221666,1280,153.37520451681,"logrmse"
2019-09-10,193,273.13338655158,901,114.722264685269,"logrmse"
2019-09-10,144,273.180761732344,2490,340.399294769151,"logrmse"
2019-09-10,179,273.146922317512,1618,217.455693609419,"logrmse"
2019-09-10,886,272.463366137916,3548,454.01577402222,"logrmse"
2019-09-10,880,272.469167180459,5601,616.408003360963,"logrmse"
2019-09-10,561,272.777589275637,5743,630.662732937684,"logrmse"
2019-09-10,201,273.12565182819,1427,193.642335266295,"logrmse"
2019-09-10,288,273.041536711323,1773,216.293096999915,"logrmse"
2019-09-10,308,273.022199902848,1875,247.308438836303,"logrmse"
2019-09-10,526,272.811428690469,1942,248.284497017402,"logrmse"
2019-09-10,257,273.071508764459,1864,279.338879102004,"logrmse"
2019-09-10,403,272.930350062591,3912,579.603767941897,"logrmse"
2019-09-10,525,272.812395530892,2244,288.241191619761,"logrmse"
2019-09-10,225,273.102447658019,1059,151.444694681386,"logrmse"
2019-09-10,329,273.001896253949,3480,401.404784257396,"logrmse"
2019-09-10,379,272.953554232761,1730,195.538343431951,"logrmse"
2019-09-10,384,272.948720030642,2771,325.489576642894,"logrmse"
2019-09-10,490,272.846234945724,956,116.65499558311,"logrmse"
2019-09-10,130,273.194297498276,2072,228.047585156328,"logrmse"
2019-09-10,129,273.1952643387,2064,225.677811322224,"logrmse"
2019-09-10,377,272.955487913608,1895,228.437968033423,"logrmse"
2019-09-10,284,273.045404073018,1638,220.588010384033,"logrmse"
2019-09-10,397,272.936151105133,2978,308.886339173747,"logrmse"
2019-09-10,826,272.521376563342,2499,263.020996925232,"logrmse"
2019-09-10,677,272.665435786482,2602,283.657764182359,"logrmse"
2019-09-10,312,273.018332541153,2194,320.097401493672,"logrmse"
2019-09-10,719,272.624828488684,2413,259.39931883078,"logrmse"
2019-09-10,0,273.319986753365,3376,478.33067146798,"logrmse"
2019-09-10,422,272.911980094539,1647,235.298874176689,"logrmse"
2019-09-10,221,273.106315019714,1990,268.924593044494,"logrmse"
2019-09-10,368,272.964189477422,2902,364.5034028951,"logrmse"
2019-09-10,790,272.556182818597,2393,296.88574199809,"logrmse"
2019-09-10,256,273.072475604883,1736,222.490736502595,"logrmse"
2019-09-10,129,273.1952643387,1200,152.744326628802,"logrmse"
2019-09-10,238,273.08987873251,2091,259.998874172251,"logrmse"
2019-09-10,371,272.961288956151,1921,267.757563347124,"logrmse"
2019-09-10,257,273.071508764459,4266,528.387862167083,"logrmse"
2019-09-10,270,273.05893983895,3865,432.969591285047,"logrmse"
2019-09-10,624,272.716678328941,3354,464.960988294162,"logrmse"
2019-09-10,480,272.855903349961,2574,366.605052897255,"logrmse"
2019-09-10,392,272.940985307252,7312,909.316162361736,"logrmse"
2019-09-10,258,273.070541924035,2485,381.124423515152,"logrmse"
2019-09-10,232,273.095679775053,2965,339.561292121063,"logrmse"
2019-09-10,224,273.103414498443,1950,252.521070306185,"logrmse"
2019-09-10,307,273.023166743271,502,83.9745018580266,"logrmse"
2019-09-10,280,273.049271434713,891,117.353028708785,"logrmse"
2019-09-10,147,273.177861211072,1596,222.285038852047,"logrmse"
2019-09-10,550,272.788224520299,4599,590.508895745325,"logrmse"
2019-09-10,229,273.098580296324,3142,454.140628367895,"logrmse"
2019-09-10,568,272.770821392671,1897,236.751362366141,"logrmse"
2019-09-10,450,272.884908562674,7493,1017.18015303108,"logrmse"
2019-09-10,185,273.14112127497,3637,520.900027008549,"logrmse"
2019-09-10,401,272.932283743438,1564,259.231260067277,"logrmse"
2019-09-10,340,272.991261009287,3437,501.342082346106,"logrmse"
2019-09-10,346,272.985459966745,2361,317.848462312564,"logrmse"
2019-09-10,76,273.246506881159,662,93.5122639148147,"logrmse"
2019-09-10,399,272.934217424286,4257,575.259733919571,"logrmse"
2019-09-10,764,272.581320669615,2462,310.825090769998,"logrmse"
2019-09-10,1072,272.283533819098,5029,661.083688513797,"logrmse"
2019-09-10,442,272.892643286064,2338,366.509494769113,"logrmse"
2019-09-10,398,272.93518426471,2514,324.339431683696,"logrmse"
2019-09-10,959,272.392786786982,2831,394.711465135039,"logrmse"
2019-09-10,262,273.06667456234,2285,300.299736644624,"logrmse"
2019-09-10,511,272.825931296825,5742,711.968779325782,"logrmse"
2019-09-10,925,272.42565936139,1253,170.767907444113,"logrmse"
2019-09-10,297,273.032835147509,1096,147.498823758525,"logrmse"
2019-09-10,763,272.582287510038,5531,660.322222332052,"logrmse"
2019-09-10,404,272.929383222167,2382,288.454398399682,"logrmse"
2019-09-10,471,272.864604913775,1037,208.883004891699,"logrmse"
2019-09-10,29,273.291948381076,2189,335.607726633555,"logrmse"
2019-09-10,250,273.078276647425,1899,210.353708366365,"logrmse"
2019-09-10,255,273.073442445307,852,147.207555523784,"logrmse"
2019-09-10,190,273.136287072851,839,116.441974406319,"logrmse"
2019-09-10,387,272.945819509371,1037,133.386697397425,"logrmse"
2019-09-10,140,273.184629094039,1388,166.669892985747,"logrmse"
2019-09-10,125,273.199131700395,1086,145.21472823499,"logrmse"
2019-09-10,217,273.110182381409,3781,448.19363228126,"logrmse"
2019-09-10,316,273.014465179457,4322,500.147400268271,"logrmse"
2019-09-10,305,273.025100424119,3790,476.596282265575,"logrmse"
2019-09-10,638,272.703142563008,3484,431.6902180505,"logrmse"
2019-09-10,74,273.248440562007,899,119.151892519169,"logrmse"
2019-09-10,164,273.161424923868,1079,139.894080964312,"logrmse"
2019-09-10,147,273.177861211072,1557,188.419356487167,"logrmse"
2019-09-10,378,272.954521073185,1831,210.914410988571,"logrmse"
2019-09-10,189,273.137253913275,802,101.375676193107,"logrmse"
2019-09-10,80,273.242639519464,665,104.758422025468,"logrmse"
2019-09-10,1416,271.950940713326,11590,1354.23021555431,"logrmse"
2019-09-10,396,272.937117945557,3297,388.418631849662,"logrmse"
2019-09-10,173,273.152723360055,889,117.874491963815,"logrmse"
2019-09-10,203,273.123718147342,1582,195.816231664707,"logrmse"
2019-09-10,298,273.031868307085,2366,265.469812453789,"logrmse"
2019-09-10,177,273.14885599836,1691,235.001382975808,"logrmse"
2019-09-10,166,273.159491243021,1626,193.199665097193,"logrmse"
2019-09-10,178,273.147889157936,1563,211.97549229846,"logrmse"
2019-09-10,230,273.097613455901,1764,214.750817475053,"logrmse"
2019-09-10,136,273.188496455734,3403,481.663387412014,"logrmse"
2019-09-10,432,272.902311690302,7187,839.858001331106,"logrmse"
2019-09-10,454,272.881041200979,4115,512.752325095633,"logrmse"
2019-09-10,1307,272.056326319515,3099,377.706438129371,"logrmse"
2019-09-10,98,273.225236391836,1247,206.452357697658,"logrmse"
2019-09-10,1035,272.319306914777,4551,523.818285771045,"logrmse"
2019-09-10,216,273.111149221833,952,116.193091369077,"logrmse"
2019-09-10,133,273.191396977005,1646,206.375230290314,"logrmse"
2019-09-10,649,272.692507318347,1243,151.103869113936,"logrmse"
2019-09-10,136,273.188496455734,2026,227.852146605245,"logrmse"
2019-09-10,197,273.129519189884,1624,187.625581467309,"logrmse"
2019-09-10,187,273.139187594122,1154,153.545420967158,"logrmse"
2019-09-10,101,273.222335870565,1476,189.661996324872,"logrmse"
2019-09-10,153,273.17206016853,560,93.953470721048,"logrmse"
2019-09-10,309,273.021233062424,1162,151.476121855137,"logrmse"
2019-09-10,448,272.886842243522,7529,903.509808248427,"logrmse"
2019-09-10,340,272.991261009287,3587,576.344704340839,"logrmse"
2019-09-10,406,272.927449541319,3936,510.798979187425,"logrmse"
2019-09-10,4165,269.293096388419,10612,1312.51938612089,"logrmse"
2019-09-10,1390,271.976078564343,5959,810.922849365112,"logrmse"
2019-09-10,476,272.859770711656,1710,220.705873468476,"logrmse"
2019-09-10,246,273.08214400912,804,147.114105689765,"logrmse"
2019-09-10,189,273.137253913275,1184,172.52685189537,"logrmse"
2019-09-10,328,273.002863094372,2390,389.57449599559,"logrmse"
2019-09-10,171,273.154657040902,1673,247.436843532561,"logrmse"
2019-09-10,152,273.173027008954,1238,202.634706388359,"logrmse"
2019-09-10,119,273.204932742938,3300,447.942945281212,"logrmse"
2019-09-10,319,273.011564658186,4256,534.118805666795,"logrmse"
2019-09-10,164,273.161424923868,1298,176.576160942606,"logrmse"
2019-09-10,231,273.096646615477,983,165.402827019479,"logrmse"
2019-09-10,2494,270.908686736516,21705,2408.94674377766,"logrmse"
2019-09-10,458,272.877173839284,5701,805.243974796531,"logrmse"
2019-09-10,141,273.183662253615,1594,207.246558031789,"logrmse"
2019-09-10,695,272.648032658854,4333,493.556551568745,"logrmse"
2019-09-10,159,273.166259125987,2538,321.601478448885,"logrmse"
2019-09-10,667,272.675104190719,3595,419.422251129744,"logrmse"
2019-09-10,441,272.893610126488,3668,484.523829931413,"logrmse"
2019-09-10,187,273.139187594122,2841,375.936938673404,"logrmse"
2019-09-10,971,272.381184701897,3954,451.950935408091,"logrmse"
2019-09-10,2490,270.912554098211,10224,1271.33438413623,"logrmse"
2019-09-10,2107,271.28285398051,10218,1175.08018898193,"logrmse"
2019-09-10,683,272.659634743939,159,40.4176994365883,"logrmse"
2019-09-10,73,273.24940740243,1348,199.070968600113,"logrmse"
2019-09-10,161,273.16432544514,729,131.045180914355,"logrmse"
2019-09-10,124,273.200098540819,1290,161.317716097514,"logrmse"
2019-09-10,209,273.117917104799,1080,157.684054555049,"logrmse"
2019-09-10,1285,272.077596808838,7925,917.614558351105,"logrmse"
2019-09-10,655,272.686706275804,4361,552.752495016531,"logrmse"
2019-09-10,215,273.112116062257,3730,498.75866503536,"logrmse"
2019-09-10,218,273.109215540986,1122,162.755956676696,"logrmse"
2019-09-10,371,272.961288956151,1494,207.596910895592,"logrmse"
2019-09-10,229,273.098580296324,2529,336.991859779897,"logrmse"
2019-09-10,399,272.934217424286,4642,576.665969440453,"logrmse"
2019-09-10,318,273.01253149861,5004,609.335546081398,"logrmse"
2019-09-10,1065,272.290301702064,7768,943.552722351534,"logrmse"
2019-09-10,114,273.209766945056,1695,253.645389019932,"logrmse"
2019-09-10,755,272.590022233428,7784,1050.27931176517,"logrmse"
2019-09-10,172,273.153690200478,2838,359.997802595471,"logrmse"
2019-09-10,134,273.190430136581,1457,201.942927274005,"logrmse"
2019-09-10,205,273.121784466494,1944,327.581887410276,"logrmse"
2019-09-10,205,273.121784466494,3020,449.95055645548,"logrmse"
2019-09-10,402,272.931316903014,2231,263.577303454421,"logrmse"
2019-09-10,215,273.112116062257,2166,256.529036029638,"logrmse"
2019-09-10,374,272.95838843488,6444,799.962033211788,"logrmse"
2019-09-10,296,273.033801987933,671,95.7643515397562,"logrmse"
2019-09-10,271,273.057972998527,1871,235.106024578437,"logrmse"
2019-09-10,117,273.206866423785,1587,198.189247145305,"logrmse"
2019-09-10,112,273.211700625904,1674,200.591579078337,"logrmse"
2019-09-10,515,272.82206393513,2555,304.201879632944,"logrmse"
2019-09-10,96,273.227170072684,1237,173.281714920262,"logrmse"
2019-09-10,223,273.104381338867,1720,217.868081689351,"logrmse"
2019-09-10,170,273.155623881326,1487,183.240108919074,"logrmse"
2019-09-10,2217,271.176501533897,9491,1184.1476218608,"logrmse"
2019-09-10,774,272.571652265377,2078,288.854814115966,"logrmse"
2019-09-10,450,272.884908562674,4698,606.727321970178,"logrmse"
2019-09-10,458,272.877173839284,2813,350.44555378058,"logrmse"
2019-09-10,221,273.106315019714,3964,539.430866427726,"logrmse"
2019-09-10,77,273.245540040735,965,140.688695771172,"logrmse"
2019-09-10,366,272.96612315827,3080,341.164778068281,"logrmse"
2019-09-10,241,273.086978211239,1752,273.336220253151,"logrmse"
2019-09-10,649,272.692507318347,1684,222.482470179052,"logrmse"
2019-09-10,182,273.144021796241,2510,302.450281479091,"logrmse"
2019-09-10,235,273.092779253782,3356,428.823169568059,"logrmse"
2019-09-10,228,273.099547136748,1978,301.635731584551,"logrmse"
2019-09-10,93,273.230070593955,1126,136.738398163716,"logrmse"
2019-09-10,950,272.401488350796,4855,637.864289841823,"logrmse"
2019-09-10,656,272.68573943538,2349,301.863160492259,"logrmse"
2019-09-10,653,272.688639956652,2195,291.980987695487,"logrmse"
2019-09-10,237,273.090845572934,580,105.420911824473,"logrmse"
2019-09-10,178,273.147889157936,2709,320.509094524021,"logrmse"
2019-09-10,188,273.138220753698,1693,216.847399988768,"logrmse"
2019-09-10,187,273.139187594122,736,103.501240522722,"logrmse"
2019-09-10,179,273.146922317512,1141,152.375169132722,"logrmse"
2019-09-10,264,273.064740881493,1791,233.035519138247,"logrmse"
2019-09-10,204,273.122751306918,1339,184.33145293807,"logrmse"
2019-09-10,187,273.139187594122,1796,228.917664247513,"logrmse"
2019-09-10,209,273.117917104799,1186,167.192791175462,"logrmse"
2019-09-10,143,273.181728572767,2277,282.418605348582,"logrmse"
2019-09-10,282,273.047337753865,1115,143.943841512807,"logrmse"
2019-09-10,309,273.021233062424,4944,646.026217680194,"logrmse"
2019-09-10,199,273.127585509037,1390,183.233728436821,"logrmse"
2019-09-10,248,273.080210328273,2620,311.578948161577,"logrmse"
2019-09-10,392,272.940985307252,2242,299.299581783897,"logrmse"
2019-09-10,226,273.101480817596,2315,313.169829268361,"logrmse"
2019-09-10,207,273.119850785647,1015,116.225936432562,"logrmse"
2019-09-10,526,272.811428690469,4327,527.062437646821,"logrmse"
2019-09-10,395,272.938084785981,1157,138.995717946221,"logrmse"
2019-09-10,503,272.833666020215,2342,343.587581359698,"logrmse"
2019-09-10,737,272.607425361056,4343,591.596642180716,"logrmse"
2019-09-10,464,272.871372796742,2273,403.90097710479,"logrmse"
2019-09-10,199,273.127585509037,1385,250.308667392127,"logrmse"
2019-09-10,2312,271.08465169364,4112,509.237490266239,"logrmse"
2019-09-10,53,273.268744210905,3234,399.15065505273,"logrmse"
2019-09-10,148,273.176894370649,1360,171.097107326112,"logrmse"
2019-09-10,392,272.940985307252,1371,167.335898361981,"logrmse"
2019-09-10,79,273.243606359888,896,152.310184226367,"logrmse"
2019-09-10,474,272.861704392504,1797,273.430656579675,"logrmse"
2019-09-10,306,273.024133583695,2988,413.699225205244,"logrmse"
2019-09-10,480,272.855903349961,2623,326.10938922872,"logrmse"
2019-09-10,214,273.113082902681,1824,258.660570224878,"logrmse"
2019-09-10,248,273.080210328273,1809,279.266963369119,"logrmse"
2019-09-10,291,273.038636190051,1868,249.467034926062,"logrmse"
2019-09-10,671,272.671236829024,5366,596.834422672766,"logrmse"
2019-09-10,493,272.843334424453,2619,308.328766903559,"logrmse"
2019-09-10,1007,272.346378446642,7214,811.752328419803,"logrmse"
2019-09-10,483,272.85300282869,3010,339.354792561704,"logrmse"
2019-09-10,850,272.498172393172,2820,341.371184844329,"logrmse"
2019-09-10,108,273.215567987599,1132,144.417880562994,"logrmse"
2019-09-10,252,273.076342966578,1910,379.965588763498,"logrmse"
2019-09-10,257,273.071508764459,1693,224.141913549243,"logrmse"
2019-09-10,121,273.20299906209,1621,185.978019895618,"logrmse"
2019-09-10,84,273.238772157769,384,77.3223864423405,"logrmse"
2019-09-10,1182,272.177181372485,3365,491.763996102801,"logrmse"
2019-09-10,422,272.911980094539,4105,467.152711579278,"logrmse"
2019-09-10,426,272.908112732844,2194,252.96812371474,"logrmse"
2019-09-10,589,272.750517743772,1609,192.611722702091,"logrmse"
2019-09-10,238,273.08987873251,3221,374.640506498605,"logrmse"
2019-09-10,210,273.116950264376,2261,265.768815792972,"logrmse"
2019-09-10,392,272.940985307252,1236,233.695334398869,"logrmse"
2019-09-10,363,272.969023679541,2399,311.161522291921,"logrmse"
2019-09-10,376,272.956454754032,2279,271.943240627426,"logrmse"
2019-09-10,205,273.121784466494,4391,613.733938072833,"logrmse"
2019-09-10,2859,270.555789981845,6993,776.706194358241,"logrmse"
2019-09-10,2215,271.178435214744,9996,1162.16764078178,"logrmse"
2019-09-10,479,272.856870190385,9680,1148.07618720497,"logrmse"
2019-09-10,1726,271.651220181961,21391,2393.00021793349,"logrmse"
2019-09-10,139,273.185595934462,2110,298.516329773803,"logrmse"
2019-09-10,633,272.707976765127,1787,254.016496845141,"logrmse"
2019-09-10,2157,271.234511959322,10158,1238.60271516465,"logrmse"
2019-09-10,86,273.236838476921,2295,308.82237516989,"logrmse"
2019-09-10,801,272.545547573936,3340,573.485468706033,"logrmse"
2019-09-10,355,272.976758402931,3994,503.966377392117,"logrmse"
2019-09-10,208,273.118883945223,2662,321.561153048237,"logrmse"
2019-09-10,375,272.957421594456,1463,187.68162022587,"logrmse"
2019-09-10,284,273.045404073018,3202,357.802866813115,"logrmse"
2019-09-10,0,273.319986753365,8979,1261.95312410332,"logrmse"
2019-09-10,1081,272.274832255284,5814,831.706181822871,"logrmse"
2019-09-10,64,273.258108966244,1452,228.889757621261,"logrmse"
2019-09-10,557,272.781456637332,7488,827.792851334582,"logrmse"
2019-09-10,4322,269.14130244189,7914,886.144522953096,"logrmse"
2019-09-10,356,272.975791562507,1947,256.546598664066,"logrmse"
2019-09-10,339,272.992227849711,2115,286.608581900792,"logrmse"
2019-09-10,450,272.884908562674,3305,434.873475633503,"logrmse"
2019-09-10,1466,271.902598692138,8175,925.486452847098,"logrmse"
2019-09-10,1480,271.889062926205,10539,1156.98205047343,"logrmse"
2019-09-10,163,273.162391764292,6864,851.929267177937,"logrmse"
2019-09-10,2597,270.809102172869,3757,477.326872154845,"logrmse"
2019-09-10,846,272.502039754867,6904,762.948498784781,"logrmse"
2019-09-10,743,272.601624318514,5576,687.036616485188,"logrmse"
2019-09-10,281,273.048304594289,3499,437.469199624082,"logrmse"
2019-09-10,335,272.996095211406,1615,216.525274892675,"logrmse"
2019-09-10,82,273.240705838616,2332,378.393297826917,"logrmse"
2019-09-10,212,273.115016583528,9235,1098.85982607793,"logrmse"
2019-09-10,453,272.882008041403,5725,689.593156662865,"logrmse"
2019-09-10,170,273.155623881326,1180,146.290719760596,"logrmse"
2019-09-10,363,272.969023679541,949,136.607305382305,"logrmse"
2019-09-10,268,273.060873519798,2644,342.562546981448,"logrmse"
2019-09-10,1287,272.07566312799,5793,666.136981988769,"logrmse"
2019-09-10,1024,272.329942159438,5205,607.255185410042,"logrmse"
2019-09-10,481,272.854936509538,1764,262.417229224823,"logrmse"
2019-09-10,725,272.619027446141,4982,740.264466420085,"logrmse"
2019-09-10,162,273.163358604716,703,101.213773434944,"logrmse"
2019-09-10,116,273.207833264209,3048,361.176240590528,"logrmse"
2019-09-10,154,273.171093328106,757,86.4056262256003,"logrmse"
2019-09-10,209,273.117917104799,6078,726.677671977928,"logrmse"
2019-09-10,511,272.825931296825,2729,328.89527263707,"logrmse"
2019-09-10,1155,272.203286063926,5959,673.570451727401,"logrmse"
2019-09-10,605,272.735048296992,2156,282.423798492057,"logrmse"
2019-09-10,338,272.993194690135,6208,754.013553402772,"logrmse"
2019-09-10,1028,272.326074797743,6722,821.687214634479,"logrmse"
2019-09-10,2417,270.983133449145,7825,881.6796787398,"logrmse"
2019-09-10,215,273.112116062257,3099,455.9422919475,"logrmse"
2019-09-10,288,273.041536711323,2238,273.765235680127,"logrmse"
2019-09-10,644,272.697341520465,1887,253.518945221206,"logrmse"
2019-09-10,390,272.9429189881,5382,569.845028872128,"logrmse"
2019-09-10,572,272.766954030976,4259,473.701642343851,"logrmse"
2019-09-10,547,272.79112504157,2479,313.825201656888,"logrmse"
2019-09-10,433,272.901344849878,4706,561.604965593149,"logrmse"
2019-09-10,226,273.101480817596,2162,332.186032381471,"logrmse"
2019-09-10,250,273.078276647425,5375,617.293471264365,"logrmse"
2019-09-10,341,272.990294168864,453,108.321762353899,"logrmse"
2019-09-10,192,273.134353392003,711,78.1574459704002,"logrmse"
2019-09-10,257,273.071508764459,3144,432.473587516214,"logrmse"
2019-09-10,632,272.708943605551,1809,259.576935331523,"logrmse"
2019-09-10,194,273.132419711156,2055,354.656717711761,"logrmse"
2019-09-10,262,273.06667456234,2114,309.967001847053,"logrmse"
2019-09-10,126,273.198164859971,1299,194.337239006375,"logrmse"
2019-09-10,295,273.034768828356,1773,251.49337971493,"logrmse"
2019-09-10,359,272.972891041236,3101,372.145181334705,"logrmse"
2019-09-10,1047,272.307704829692,1807,238.178790116475,"logrmse"
2019-09-10,405,272.928416381743,2466,365.53267443985,"logrmse"
2019-09-10,125,273.199131700395,1630,217.119751792897,"logrmse"
2019-09-10,422,272.911980094539,2496,286.824997465861,"logrmse"
2019-09-10,467,272.86847227547,2858,375.622479925793,"logrmse"
2019-09-10,279,273.050238275137,3479,415.266240461068,"logrmse"
2019-09-10,115,273.208800104633,942,223.022564452201,"logrmse"
2019-09-10,318,273.01253149861,4681,600.739247380339,"logrmse"
2019-09-10,130,273.194297498276,4272,567.788854649778,"logrmse"
2019-09-10,242,273.086011370815,2977,337.234067702056,"logrmse"
2019-09-10,237,273.090845572934,1055,135.43937620212,"logrmse"
2019-09-10,107,273.216534828023,2660,329.519699605868,"logrmse"
2019-09-10,82,273.240705838616,1024,116.37227930111,"logrmse"
2019-09-10,218,273.109215540986,1019,130.962021901934,"logrmse"
2019-09-10,378,272.954521073185,1780,250.076876068732,"logrmse"
2019-09-10,1062,272.293202223335,3010,435.285037288169,"logrmse"
2019-09-10,338,272.993194690135,1518,220.330211784438,"logrmse"
2019-09-10,274,273.055072477255,2402,325.253351349213,"logrmse"
2019-09-10,365,272.967089998693,2350,318.179586019061,"logrmse"
2019-09-10,605,272.735048296992,2439,328.397155035262,"logrmse"
2019-09-10,1175,272.183949255451,5747,640.920153805954,"logrmse"
2019-09-10,488,272.848168626571,3304,468.667891852062,"logrmse"
2019-09-10,711,272.632563212074,4082,510.074694882022,"logrmse"
2019-09-10,132,273.192363817429,972,129.746792799479,"logrmse"
2019-09-10,126,273.198164859971,992,129.74674139185,"logrmse"
2019-09-10,147,273.177861211072,1096,138.315880173883,"logrmse"
2019-09-10,161,273.16432544514,601,81.0999106918552,"logrmse"
2019-09-10,236,273.091812413358,1907,265.041792596568,"logrmse"
2019-09-10,172,273.153690200478,1569,228.680921162252,"logrmse"
2019-09-10,288,273.041536711323,1793,212.496179726312,"logrmse"
2019-09-10,344,272.987393647592,2442,316.643687667278,"logrmse"
2019-09-10,1105,272.251628085114,4468,574.838524526936,"logrmse"
2019-09-10,340,272.991261009287,2127,273.087189074103,"logrmse"
2019-09-10,336,272.995128370982,2434,393.899884575332,"logrmse"
2019-09-10,104,273.219435349294,855,109.890178211569,"logrmse"
2019-09-10,187,273.139187594122,1223,249.979681578464,"logrmse"
2019-09-10,623,272.717645169364,7376,995.799491916254,"logrmse"
2019-09-10,741,272.603557999361,3641,488.667689749327,"logrmse"
2019-09-10,719,272.624828488684,7031,944.739523157396,"logrmse"
2019-09-10,427,272.907145892421,2803,366.137066019407,"logrmse"
2019-09-10,250,273.078276647425,4150,493.783187444384,"logrmse"
2019-09-10,427,272.907145892421,1610,206.790682197506,"logrmse"
2019-09-10,299,273.030901466661,2281,293.89579336552,"logrmse"
2019-09-10,621,272.719578850212,2200,275.06372849984,"logrmse"
2019-09-10,233,273.094712934629,1737,211.315395999439,"logrmse"
2019-09-10,104,273.219435349294,821,123.79911816427,"logrmse"
2019-09-10,167,273.158524402597,920,137.049518246806,"logrmse"
2019-09-10,207,273.119850785647,2387,276.559888504341,"logrmse"
2019-09-10,148,273.176894370649,805,122.485834067219,"logrmse"
2019-09-10,72,273.250374242854,882,133.326541060039,"logrmse"
2019-09-10,338,272.993194690135,3149,463.92713494013,"logrmse"
2019-09-10,562,272.776622435213,1885,245.229127568474,"logrmse"
2019-09-10,86,273.236838476921,2034,262.610492611674,"logrmse"
2019-09-10,162,273.163358604716,693,85.9124669442144,"logrmse"
2019-09-10,203,273.123718147342,1693,228.886002836879,"logrmse"
2019-09-10,185,273.14112127497,2340,264.690845163904,"logrmse"
2019-09-10,152,273.173027008954,676,97.6134055720092,"logrmse"
2019-09-10,106,273.217501668446,954,116.810951660508,"logrmse"
2019-09-10,68,273.254241604549,578,79.3898671397606,"logrmse"
2019-09-10,117,273.206866423785,673,91.9698554313737,"logrmse"
2019-09-10,149,273.175927530225,844,108.26110307095,"logrmse"
2019-09-10,467,272.86847227547,1965,258.438949395191,"logrmse"
2019-09-10,637,272.704109403432,2994,383.499888240215,"logrmse"
2019-09-10,228,273.099547136748,1254,160.367935602314,"logrmse"
2019-09-10,616,272.724413052331,2768,356.531852055171,"logrmse"
2019-09-10,480,272.855903349961,1602,197.065844183382,"logrmse"
2019-09-10,731,272.613226403599,2182,268.863941884428,"logrmse"
2019-09-10,474,272.861704392504,2102,242.909507472986,"logrmse"
2019-09-10,254,273.07440928573,1355,175.330299915502,"logrmse"
2019-09-10,222,273.105348179291,1240,160.646069560264,"logrmse"
2019-09-10,217,273.110182381409,1161,135.719103167307,"logrmse"
2019-09-10,191,273.135320232427,1210,147.521156468969,"logrmse"
2019-09-10,295,273.034768828356,1187,153.823122278329,"logrmse"
2019-09-10,86,273.236838476921,1568,205.023677953565,"logrmse"
2019-09-10,89,273.23393795565,828,104.946748026045,"logrmse"
2019-09-10,211,273.115983423952,1179,148.570585520183,"logrmse"
2019-09-10,50,273.271644732177,807,112.251723694272,"logrmse"
2019-09-10,154,273.171093328106,1343,154.569202461426,"logrmse"
2019-09-10,114,273.209766945056,831,104.963730652925,"logrmse"
2019-09-10,94,273.229103753531,879,110.166889108221,"logrmse"
2019-09-10,91,273.232004274803,590,73.4322125197456,"logrmse"
2019-09-10,237,273.090845572934,1298,154.38667356253,"logrmse"
2019-09-10,170,273.155623881326,1229,148.465212362485,"logrmse"
2019-09-10,214,273.113082902681,1208,163.991187019837,"logrmse"
2019-09-10,232,273.095679775053,1788,236.533651871954,"logrmse"
2019-09-10,491,272.8452681053,2464,366.88278844083,"logrmse"
2019-09-10,289,273.040569870899,4218,498.49074529598,"logrmse"
2019-09-10,251,273.077309807002,2272,277.264307964378,"logrmse"
2019-09-10,311,273.019299381576,3779,463.527373048807,"logrmse"
2019-09-10,420,272.913913775387,2054,308.588584563184,"logrmse"
2019-09-10,191,273.135320232427,3368,391.562344857609,"logrmse"
2019-09-10,174,273.151756519631,1004,112.477075931592,"logrmse"
2019-09-10,876,272.473034542154,6765,757.545026031909,"logrmse"
2019-09-10,244,273.084077689968,1608,196.955187435851,"logrmse"
2019-09-10,203,273.123718147342,596,127.507393453419,"logrmse"
2019-09-10,276,273.053138796408,1725,212.868971796438,"logrmse"
2019-09-10,574,272.765020350128,4560,611.053539212114,"logrmse"
2019-09-10,142,273.182695413191,736,93.5445092698975,"logrmse"
2019-09-10,250,273.078276647425,4167,463.652867911729,"logrmse"
2019-09-10,659,272.682838914109,4155,510.120419980789,"logrmse"
2019-09-10,784,272.56198386114,3923,516.626870051111,"logrmse"
2019-09-10,296,273.033801987933,1332,169.974567404599,"logrmse"
2019-09-10,320,273.010597817762,2226,284.352560438886,"logrmse"
2019-09-10,1196,272.163645606552,5937,700.774518158516,"logrmse"
2019-09-10,205,273.121784466494,3565,429.68246818678,"logrmse"
2019-09-10,351,272.980625764626,2343,289.242818874718,"logrmse"
2019-09-10,351,272.980625764626,1126,141.278634200404,"logrmse"
2019-09-10,292,273.037669349628,2515,277.554005746628,"logrmse"
2019-09-10,251,273.077309807002,1288,160.811095880846,"logrmse"
2019-09-10,237,273.090845572934,2660,332.976625472464,"logrmse"
2019-09-10,266,273.062807200645,1466,193.409088657952,"logrmse"
2019-09-10,367,272.965156317846,1336,172.210192795959,"logrmse"
2019-09-10,590,272.749550903348,1497,198.095174428705,"logrmse"
2019-09-10,392,272.940985307252,1916,268.365130558091,"logrmse"
2019-09-10,573,272.765987190552,987,147.94711356762,"logrmse"
2019-09-10,111,273.212667466328,2136,271.623176412905,"logrmse"
2019-09-10,1086,272.269998053165,3202,446.696009679918,"logrmse"
2019-09-10,200,273.126618668613,4773,551.731661571395,"logrmse"
2019-09-10,352,272.979658924202,2889,426.57175733972,"logrmse"
2019-09-10,198,273.128552349461,2424,317.00791125063,"logrmse"
2019-09-10,261,273.067641402764,2295,279.367697905585,"logrmse"
2019-09-10,255,273.073442445307,2060,281.508718509663,"logrmse"
2019-09-10,165,273.160458083445,1221,153.743305356255,"logrmse"
2019-09-10,1424,271.943205989936,3937,481.242884298114,"logrmse"
2019-09-10,1208,272.152043521467,3802,520.628694471937,"logrmse"
2019-09-10,114,273.209766945056,901,109.013318297974,"logrmse"
2019-09-10,55,273.266810530058,649,84.9502446466687,"logrmse"
2019-09-10,167,273.158524402597,2996,370.97045906934,"logrmse"
2019-09-10,780,272.565851222835,1907,310.577673566871,"logrmse"
2019-09-10,1097,272.259362808504,10321,1120.6249098729,"logrmse"
2019-09-10,73,273.24940740243,384,60.2614384165442,"logrmse"
2019-09-10,228,273.099547136748,3635,432.58090482965,"logrmse"
2019-09-10,145,273.17979489192,1053,136.872722713435,"logrmse"
2019-09-10,94,273.229103753531,1740,212.548571048874,"logrmse"
2019-09-10,245,273.083110849544,1733,297.810366289361,"logrmse"
2019-09-10,159,273.166259125987,831,112.408930272227,"logrmse"
2019-09-10,164,273.161424923868,1854,220.890110796465,"logrmse"
2019-09-10,329,273.001896253949,3434,421.224411831199,"logrmse"
2019-09-10,104,273.219435349294,1838,226.713091597946,"logrmse"
2019-09-10,189,273.137253913275,1683,211.600730721784,"logrmse"
2019-09-10,216,273.111149221833,935,127.267189924802,"logrmse"
2019-09-10,689,272.653833701396,1618,204.511882651715,"logrmse"
2019-09-10,303,273.027034104966,3488,436.098637398852,"logrmse"
2019-09-10,684,272.658667903515,4489,528.010443710869,"logrmse"
2019-09-10,408,272.925515860472,2746,355.174547618163,"logrmse"
2019-09-10,140,273.184629094039,880,135.370919225579,"logrmse"
2019-09-10,904,272.445963010289,3180,391.508222055528,"logrmse"
2019-09-10,723,272.620961126989,2277,308.526474644717,"logrmse"
2019-09-10,165,273.160458083445,1962,267.760629132707,"logrmse"
2019-09-11,240,276.305861050098,1829,242.675433865039,"logrmse"
2019-09-11,0,276.539005959749,3555,546.989216302265,"logrmse"
2019-09-11,368,276.181517098284,1670,218.785777694612,"logrmse"
2019-09-11,333,276.215517397608,2173,287.075071001039,"logrmse"
2019-09-11,294,276.253403445427,1821,218.248521140525,"logrmse"
2019-09-11,189,276.355404343399,1530,174.33605597061,"logrmse"
2019-09-11,125,276.417576319306,1041,138.6904474666,"logrmse"
2019-09-11,230,276.315575421334,2327,302.282528417901,"logrmse"
2019-09-11,136,276.406890510947,969,127.261950341925,"logrmse"
2019-09-11,197,276.347632846411,825,114.220759101213,"logrmse"
2019-09-11,196,276.348604283534,1066,144.10597207558,"logrmse"
2019-09-11,129,276.413690570812,1696,215.91843238796,"logrmse"
2019-09-11,138,276.4049476367,817,107.819435296201,"logrmse"
2019-09-11,83,276.458376678495,1102,152.296072667527,"logrmse"
2019-09-11,216,276.329175541063,1530,216.963394738747,"logrmse"
2019-09-11,240,276.305861050098,1328,195.604341154263,"logrmse"
2019-09-11,450,276.101859254154,5441,666.838998272127,"logrmse"
2019-09-11,107,276.43506218753,4347,603.501267565451,"logrmse"
2019-09-11,1115,275.455853566996,8635,1088.24037087736,"logrmse"
2019-09-11,271,276.275746499268,4033,547.210087160187,"logrmse"
2019-09-11,897,275.667626859929,3250,472.11094697763,"logrmse"
2019-09-11,200,276.34471853504,1243,167.268419803917,"logrmse"
2019-09-11,448,276.103802128401,4219,560.097909465001,"logrmse"
2019-09-11,255,276.291289493245,1562,227.343192791606,"logrmse"
2019-09-11,808,275.754084763924,6652,802.424188712234,"logrmse"
2019-09-11,189,276.355404343399,3223,434.701694297063,"logrmse"
2019-09-11,110,276.432147876159,2216,311.902044234132,"logrmse"
2019-09-11,135,276.40786194807,1439,168.736421514836,"logrmse"
2019-09-11,183,276.36123296614,1054,141.246769189592,"logrmse"
2019-09-11,155,276.3884332056,802,121.976048177894,"logrmse"
2019-09-11,314,276.233974702956,1623,214.595733728042,"logrmse"
2019-09-11,231,276.31460398421,1339,164.194961579079,"logrmse"
2019-09-11,258,276.288375181874,1432,189.072134779556,"logrmse"
2019-09-11,206,276.338889912299,2230,271.217672702246,"logrmse"
2019-09-11,550,276.004715541799,2528,310.094293027926,"logrmse"
2019-09-11,119,276.423404942047,1078,141.523745740089,"logrmse"
2019-09-11,194,276.350547157781,591,123.385013340143,"logrmse"
2019-09-11,765,275.795856560237,4616,599.961260663701,"logrmse"
2019-09-11,128,276.414662007935,2334,350.725536433179,"logrmse"
2019-09-11,919,275.646255243211,4696,601.664442148216,"logrmse"
2019-09-11,224,276.321404044075,768,95.0685838074582,"logrmse"
2019-09-11,1864,274.72824716146,13169,1647.97964013004,"logrmse"
2019-09-11,192,276.352490032028,1225,178.48232030536,"logrmse"
2019-09-11,231,276.31460398421,1791,240.813251554668,"logrmse"
2019-09-11,166,276.377747397241,609,85.8591597211816,"logrmse"
2019-09-11,95,276.446719433012,889,116.772522401619,"logrmse"
2019-09-11,91,276.450605181506,1027,129.257972379431,"logrmse"
2019-09-11,136,276.406890510947,1066,166.56312878253,"logrmse"
2019-09-11,327,276.22134602035,2806,353.639299223195,"logrmse"
2019-09-11,313,276.234946140079,3704,433.474743527891,"logrmse"
2019-09-11,1125,275.44613919576,3499,397.259047141911,"logrmse"
2019-09-11,445,276.106716439771,3736,439.315813832521,"logrmse"
2019-09-11,534,276.020258535776,4023,545.4620136389,"logrmse"
2019-09-11,95,276.446719433012,1538,200.13409945625,"logrmse"
2019-09-11,122,276.420490630677,427,70.6165855219531,"logrmse"
2019-09-11,160,276.383576019982,632,97.0947151625678,"logrmse"
2019-09-11,96,276.445747995889,407,78.3772394711716,"logrmse"
2019-09-11,280,276.267003565156,1838,239.977712309418,"logrmse"
2019-09-11,369,276.180545661161,1825,240.426913333341,"logrmse"
2019-09-11,207,276.337918475175,2364,294.586828477149,"logrmse"
2019-09-11,106,276.436033624653,1816,222.321412422561,"logrmse"
2019-09-11,113,276.429233564788,1250,153.295008700259,"logrmse"
2019-09-11,272,276.274775062145,1117,131.445898979016,"logrmse"
2019-09-11,234,276.311689672839,1341,158.070484990975,"logrmse"
2019-09-11,480,276.072716140447,4068,560.009695925264,"logrmse"
2019-09-11,380,276.169859852802,1684,254.766715376446,"logrmse"
2019-09-11,580,275.975572428093,3635,423.959844212196,"logrmse"
2019-09-11,12,276.527348714267,1494,192.74659394071,"logrmse"
2019-09-11,320,276.228146080215,2741,377.497895422906,"logrmse"
2019-09-11,307,276.240774762821,3699,497.82394608329,"logrmse"
2019-09-11,104,276.4379764989,3561,499.646546299912,"logrmse"
2019-09-11,589,275.966829493981,4088,495.007977045059,"logrmse"
2019-09-11,714,275.845399853538,1666,246.627557114976,"logrmse"
2019-09-11,365,276.184431409655,1904,280.701308958637,"logrmse"
2019-09-11,439,276.112545062513,3270,429.234768895195,"logrmse"
2019-09-11,214,276.33111841531,2866,365.186149185706,"logrmse"
2019-09-11,370,276.179574224037,3103,413.213810249403,"logrmse"
2019-09-11,169,276.37483308587,2142,304.517341386425,"logrmse"
2019-09-11,151,276.392318954094,1684,213.983221721693,"logrmse"
2019-09-11,150,276.393290391217,1577,197.871409360894,"logrmse"
2019-09-11,338,276.210660211991,1494,196.101612172841,"logrmse"
2019-09-11,169,276.37483308587,1223,145.75892664985,"logrmse"
2019-09-11,106,276.436033624653,790,103.081426828344,"logrmse"
2019-09-11,133,276.409804822318,919,116.853664681056,"logrmse"
2019-09-11,588,275.967800931104,2061,244.687398682714,"logrmse"
2019-09-11,182,276.362204403264,1060,126.24741630517,"logrmse"
2019-09-11,116,276.426319253418,1804,232.512138790409,"logrmse"
2019-09-11,231,276.31460398421,1949,239.47750624216,"logrmse"
2019-09-11,77,276.464205301236,347,67.2074584631328,"logrmse"
2019-09-11,159,276.384547457105,1016,141.362834510603,"logrmse"
2019-09-11,282,276.265060690909,959,139.138275957698,"logrmse"
2019-09-11,125,276.417576319306,1170,142.112494372598,"logrmse"
2019-09-11,78,276.463233864113,892,123.055239858747,"logrmse"
2019-09-11,91,276.450605181506,821,97.5981489198985,"logrmse"
2019-09-11,203,276.341804223669,1278,171.151563139383,"logrmse"
2019-09-11,85,276.456433804248,1833,231.666248563676,"logrmse"
2019-09-11,151,276.392318954094,924,123.920415800271,"logrmse"
2019-09-11,208,276.336947038052,1145,148.365343324266,"logrmse"
2019-09-11,231,276.31460398421,3028,344.463112456257,"logrmse"
2019-09-11,162,276.381633145735,632,90.4304501399532,"logrmse"
2019-09-11,129,276.413690570812,1136,140.150446712441,"logrmse"
2019-09-11,245,276.30100386448,1163,156.137232472216,"logrmse"
2019-09-11,112,276.430205001912,890,104.951203541242,"logrmse"
2019-09-11,194,276.350547157781,670,87.1275169332767,"logrmse"
2019-09-11,126,276.416604882182,711,92.8862204651671,"logrmse"
2019-09-11,69,276.471976798224,633,80.8425304943993,"logrmse"
2019-09-11,196,276.348604283534,417,58.0335240403299,"logrmse"
2019-09-11,102,276.439919373148,918,119.500252063959,"logrmse"
2019-09-11,102,276.439919373148,1156,141.763909048332,"logrmse"
2019-09-11,526,276.028030032764,598,96.8894700957757,"logrmse"
2019-09-11,73,276.46809104973,1295,152.939857138078,"logrmse"
2019-09-11,467,276.085344823053,2317,296.806491560512,"logrmse"
2019-09-11,416,276.134888116354,3683,447.696000445957,"logrmse"
2019-09-11,997,275.570483147574,3419,399.686897028174,"logrmse"
2019-09-11,634,275.923114823421,2900,346.366930165908,"logrmse"
2019-09-11,387,276.163059792937,4505,511.843904050399,"logrmse"
2019-09-11,889,275.675398356917,3191,367.498637081378,"logrmse"
2019-09-11,94,276.447690870136,985,139.325135127751,"logrmse"
2019-09-11,94,276.447690870136,962,118.816216647748,"logrmse"
2019-09-11,111,276.431176439036,901,126.053227311014,"logrmse"
2019-09-11,134,276.408833385194,788,105.338063163532,"logrmse"
2019-09-11,98,276.443805121642,775,99.504770851136,"logrmse"
2019-09-11,128,276.414662007935,1293,151.34392663687,"logrmse"
2019-09-11,252,276.294203804616,1025,131.57732413754,"logrmse"
2019-09-11,230,276.315575421334,754,92.909670658699,"logrmse"
2019-09-11,78,276.463233864113,759,95.3234145192082,"logrmse"
2019-09-11,531,276.023172847146,1631,215.225592458706,"logrmse"
2019-09-11,327,276.22134602035,1611,217.782849997116,"logrmse"
2019-09-11,86,276.455462367124,2606,328.449218961177,"logrmse"
2019-09-11,37,276.503062786178,565,93.6524549060563,"logrmse"
2019-09-11,283,276.264089253786,3897,487.818485858559,"logrmse"
2019-09-11,242,276.303918175851,1868,252.612871282785,"logrmse"
2019-09-11,388,276.162088355813,2711,330.571754773261,"logrmse"
2019-09-11,334,276.214545960485,1232,175.008440849834,"logrmse"
2019-09-11,183,276.36123296614,1073,148.835797552368,"logrmse"
2019-09-11,130,276.412719133688,1143,156.5047906139,"logrmse"
2019-09-11,161,276.382604582858,5943,734.566021456939,"logrmse"
2019-09-11,322,276.226203205967,1787,253.855976944046,"logrmse"
2019-09-11,1107,275.463625063984,4707,583.987809532486,"logrmse"
2019-09-11,153,276.390376079847,3825,503.984435871746,"logrmse"
2019-09-11,272,276.274775062145,2606,337.396739553565,"logrmse"
2019-09-11,286,276.261174942415,2267,314.252758016986,"logrmse"
2019-09-11,994,275.573397458945,8419,1097.33738716644,"logrmse"
2019-09-11,568,275.987229673575,2295,330.298773949907,"logrmse"
2019-09-11,499,276.0542588351,8342,1080.09170338798,"logrmse"
2019-09-11,145,276.398147576835,975,130.820740273515,"logrmse"
2019-09-11,164,276.379690271488,947,120.514865637546,"logrmse"
2019-09-11,235,276.310718235716,1868,249.396751970282,"logrmse"
2019-09-11,766,275.794885123113,4858,583.348898881911,"logrmse"
2019-09-11,367,276.182488535408,4194,465.445713810272,"logrmse"
2019-09-11,367,276.182488535408,1796,221.804533400439,"logrmse"
2019-09-11,130,276.412719133688,1801,239.799343839345,"logrmse"
2019-09-11,138,276.4049476367,1244,151.964446668537,"logrmse"
2019-09-11,107,276.43506218753,648,84.4571489123784,"logrmse"
2019-09-11,105,276.437005061777,1607,194.159344619917,"logrmse"
2019-09-11,178,276.366090151758,1313,170.061670664556,"logrmse"
2019-09-11,113,276.429233564788,998,161.21329270968,"logrmse"
2019-09-11,151,276.392318954094,997,160.391912945257,"logrmse"
2019-09-11,131,276.411747696565,1872,238.365250810745,"logrmse"
2019-09-11,759,275.801685182978,5811,735.546015627514,"logrmse"
2019-09-11,112,276.430205001912,2179,360.714762535467,"logrmse"
2019-09-11,689,275.869685781626,5650,707.207195044522,"logrmse"
2019-09-11,270,276.276717936392,2490,302.044226887552,"logrmse"
2019-09-11,520,276.033858655505,3405,385.660038529391,"logrmse"
2019-09-11,207,276.337918475175,1494,178.046516522154,"logrmse"
2019-09-11,309,276.238831888574,1619,203.124863497632,"logrmse"
2019-09-11,362,276.187345721026,2439,304.031381419868,"logrmse"
2019-09-11,534,276.020258535776,9010,1171.82029451352,"logrmse"
2019-09-11,965,275.601569135528,4957,655.264794963166,"logrmse"
2019-09-11,345,276.203860152126,5594,798.839957907043,"logrmse"
2019-09-11,844,275.719113027477,4509,576.82284149264,"logrmse"
2019-09-11,546,276.008601290293,3128,405.617954328503,"logrmse"
2019-09-11,406,276.14460248759,6578,896.550276042393,"logrmse"
2019-09-11,94,276.447690870136,1889,316.492874523936,"logrmse"
2019-09-11,170,276.373861648746,1185,231.420182415828,"logrmse"
2019-09-11,0,276.539005959749,1444,250.18115206974,"logrmse"
2019-09-11,619,275.937686380274,1624,214.123227358949,"logrmse"
2019-09-11,525,276.029001469888,952,183.563270858184,"logrmse"
2019-09-11,572,275.983343925081,7027,1012.86495835692,"logrmse"
2019-09-11,453,276.098944942783,1448,188.913647097877,"logrmse"
2019-09-11,176,276.368033026005,8970,1109.79656230081,"logrmse"
2019-09-11,321,276.227174643091,971,118.935584420817,"logrmse"
2019-09-11,178,276.366090151758,1442,194.964405498428,"logrmse"
2019-09-11,3655,272.98840327319,18757,2274.74316598088,"logrmse"
2019-09-11,414,276.136830990601,2822,393.861585575162,"logrmse"
2019-09-11,162,276.381633145735,1915,226.933350269111,"logrmse"
2019-09-11,240,276.305861050098,2444,281.471213637155,"logrmse"
2019-09-11,178,276.366090151758,1181,147.508325384382,"logrmse"
2019-09-11,300,276.247574822685,5363,651.286081307305,"logrmse"
2019-09-11,358,276.19123146952,2399,326.191600381501,"logrmse"
2019-09-11,627,275.929914883286,605,87.7724625693421,"logrmse"
2019-09-11,62,276.478776858089,1013,152.89853780703,"logrmse"
2019-09-11,627,275.929914883286,4563,693.658859630455,"logrmse"
2019-09-11,463,276.089230571547,1877,312.981602866145,"logrmse"
2019-09-11,214,276.33111841531,2711,388.272904633185,"logrmse"
2019-09-11,910,275.654998177323,8354,1088.5580100702,"logrmse"
2019-09-11,4046,272.608571357883,6660,843.300860371013,"logrmse"
2019-09-11,265,276.28157512201,1518,204.774419006844,"logrmse"
2019-09-11,215,276.330146978187,3574,402.087089179822,"logrmse"
2019-09-11,210,276.335004163805,2121,268.112007372506,"logrmse"
2019-09-11,204,276.340832786546,1041,169.537150165519,"logrmse"
2019-09-11,313,276.234946140079,3225,438.602741828828,"logrmse"
2019-09-11,516,276.037744404,4131,471.371078301351,"logrmse"
2019-09-11,459,276.093116320042,3306,365.636834212976,"logrmse"
2019-09-11,145,276.398147576835,1080,131.609139342158,"logrmse"
2019-09-11,68,276.472948235348,951,127.516239574695,"logrmse"
2019-09-11,219,276.326261229693,1754,252.851613605174,"logrmse"
2019-09-11,385,276.165002667184,2528,382.530086600136,"logrmse"
2019-09-11,463,276.089230571547,1671,221.223039063591,"logrmse"
2019-09-11,363,276.186374283902,706,91.0462620772508,"logrmse"
2019-09-11,108,276.434090750406,1393,164.384201829647,"logrmse"
2019-09-11,1118,275.452939255625,5113,612.817577176632,"logrmse"
2019-09-11,216,276.329175541063,2189,252.763478649904,"logrmse"
2019-09-11,86,276.455462367124,616,87.0753497284525,"logrmse"
2019-09-11,94,276.447690870136,524,71.2877194151138,"logrmse"
2019-09-11,594,275.961972308363,4291,546.000385400089,"logrmse"
2019-09-11,495,276.058144583594,3342,414.775791833355,"logrmse"
2019-09-11,377,276.172774164172,10601,1173.27699480136,"logrmse"
2019-09-11,100,276.441862247395,1425,187.414908513358,"logrmse"
2019-09-11,243,276.302946738728,1503,192.86278466562,"logrmse"
2019-09-11,343,276.205803026373,1542,200.277237149232,"logrmse"
2019-09-11,178,276.366090151758,1263,215.373015151177,"logrmse"
2019-09-11,148,276.395233265464,2105,276.807343448779,"logrmse"
2019-09-11,22,276.517634343031,5499,801.651151787967,"logrmse"
2019-09-11,186,276.35831865477,3172,387.458157055798,"logrmse"
2019-09-11,110,276.432147876159,472,114.666036661534,"logrmse"
2019-09-11,966,275.600597698404,3846,427.056056497627,"logrmse"
2019-09-11,319,276.229117517338,1225,175.363158623572,"logrmse"
2019-09-11,72,276.469062486854,1122,130.378676976926,"logrmse"
2019-09-11,373,276.176659912667,2488,317.884984507893,"logrmse"
2019-09-11,923,275.642369494716,3977,491.759077546395,"logrmse"
2019-09-11,231,276.31460398421,1545,204.802152225724,"logrmse"
2019-09-11,413,276.137802427725,2131,258.517866023967,"logrmse"
2019-09-11,192,276.352490032028,9181,1048.20752252106,"logrmse"
2019-09-11,82,276.459348115618,1007,153.576446846291,"logrmse"
2019-09-11,138,276.4049476367,1785,260.128534757918,"logrmse"
2019-09-11,674,275.884257338479,5015,629.292727064573,"logrmse"
2019-09-11,254,276.292260930369,3435,484.478004857118,"logrmse"
2019-09-11,256,276.290318056121,1337,191.261549205318,"logrmse"
2019-09-11,178,276.366090151758,1387,200.462986848884,"logrmse"
2019-09-11,182,276.362204403264,1202,182.84990291111,"logrmse"
2019-09-11,389,276.16111691869,2423,347.447976420805,"logrmse"
2019-09-11,267,276.279632247762,707,86.4147666836914,"logrmse"
2019-09-11,100,276.441862247395,974,124.071640990697,"logrmse"
2019-09-11,110,276.432147876159,1164,142.903761561658,"logrmse"
2019-09-11,1796,274.794304885861,4625,592.115806811903,"logrmse"
2019-09-11,362,276.187345721026,3944,520.322629355348,"logrmse"
2019-09-11,95,276.446719433012,1856,241.501568856224,"logrmse"
2019-09-11,343,276.205803026373,1982,288.712997748484,"logrmse"
2019-09-11,282,276.265060690909,1333,195.310773964437,"logrmse"
2019-09-11,145,276.398147576835,954,142.632223786415,"logrmse"
2019-09-11,134,276.408833385194,1199,146.89006468229,"logrmse"
2019-09-11,224,276.321404044075,924,117.472223679753,"logrmse"
2019-09-11,142,276.401061888206,2549,347.849315944579,"logrmse"
2019-09-11,177,276.367061588882,1721,228.077179398545,"logrmse"
2019-09-11,839,275.723970213094,3680,470.063971585967,"logrmse"
2019-09-11,888,275.676369794041,5641,621.147969913793,"logrmse"
2019-09-11,572,275.983343925081,5771,635.856083438603,"logrmse"
2019-09-11,175,276.369004463129,1454,197.994267469351,"logrmse"
2019-09-11,326,276.222317457473,1776,216.660564108835,"logrmse"
2019-09-11,363,276.186374283902,1891,250.037478208507,"logrmse"
2019-09-11,505,276.048430212359,2039,257.896550961066,"logrmse"
2019-09-11,290,276.257289193921,1917,285.964893040823,"logrmse"
2019-09-11,419,276.131973804984,3973,587.616414204788,"logrmse"
2019-09-11,533,276.021229972899,2315,296.014181979451,"logrmse"
2019-09-11,211,276.334032726681,1099,155.197533437852,"logrmse"
2019-09-11,334,276.214545960485,3466,400.852587690114,"logrmse"
2019-09-11,374,276.175688475543,1760,199.83892140747,"logrmse"
2019-09-11,424,276.127116619366,2817,331.811745051133,"logrmse"
2019-09-11,460,276.092144882918,948,117.604679081297,"logrmse"
2019-09-11,120,276.422433504924,2051,227.95365635645,"logrmse"
2019-09-11,144,276.399119013959,2145,234.590469016947,"logrmse"
2019-09-11,389,276.16111691869,1913,231.698220218743,"logrmse"
2019-09-11,257,276.289346618998,1688,228.11280904034,"logrmse"
2019-09-11,423,276.128088056489,3055,317.129379524892,"logrmse"
2019-09-11,828,275.734656021453,2601,273.408342321385,"logrmse"
2019-09-11,664,275.893971709715,2769,300.645032965735,"logrmse"
2019-09-11,332,276.216488834732,2172,321.60083036242,"logrmse"
2019-09-11,800,275.761856260913,2483,266.381290829874,"logrmse"
2019-09-11,0,276.539005959749,3474,489.05994085912,"logrmse"
2019-09-11,420,276.13100236786,1671,238.601569937209,"logrmse"
2019-09-11,235,276.310718235716,1929,264.480102770412,"logrmse"
2019-09-11,365,276.184431409655,2912,366.305393892544,"logrmse"
2019-09-11,805,275.756999075295,2327,290.776951421548,"logrmse"
2019-09-11,304,276.243689074191,1823,231.391022445935,"logrmse"
2019-09-11,126,276.416604882182,1222,155.795378026686,"logrmse"
2019-09-11,223,276.322375481198,2131,265.327333372626,"logrmse"
2019-09-11,360,276.189288595273,1927,269.08128371091,"logrmse"
2019-09-11,245,276.30100386448,4217,525.37320430397,"logrmse"
2019-09-11,257,276.289346618998,3849,432.635489907286,"logrmse"
2019-09-11,611,275.945457877263,3421,473.011820721515,"logrmse"
2019-09-11,511,276.042601589617,2509,361.406359401884,"logrmse"
2019-09-11,386,276.164031230061,7420,923.323041678365,"logrmse"
2019-09-11,255,276.291289493245,2468,382.138849083658,"logrmse"
2019-09-11,267,276.279632247762,2882,333.437311142266,"logrmse"
2019-09-11,254,276.292260930369,1976,256.273804238687,"logrmse"
2019-09-11,313,276.234946140079,570,91.0266010350481,"logrmse"
2019-09-11,285,276.262146379539,885,118.049070453458,"logrmse"
2019-09-11,149,276.394261828341,1546,217.34385269141,"logrmse"
2019-09-11,541,276.013458475911,4658,597.177347311485,"logrmse"
2019-09-11,230,276.315575421334,3149,456.146467469382,"logrmse"
2019-09-11,533,276.021229972899,1881,235.461903784738,"logrmse"
2019-09-11,471,276.081459074559,7457,1018.18470422576,"logrmse"
2019-09-11,157,276.386490331352,3636,523.946478034526,"logrmse"
2019-09-11,404,276.146545361837,1533,258.674894467088,"logrmse"
2019-09-11,306,276.241746199944,3478,506.779881369799,"logrmse"
2019-09-11,346,276.202888715002,2346,317.020295114483,"logrmse"
2019-09-11,72,276.469062486854,669,94.9700879762077,"logrmse"
2019-09-11,411,276.139745301972,4367,589.213215591694,"logrmse"
2019-09-11,738,275.822085362572,2408,307.405461502683,"logrmse"
2019-09-11,1053,275.516082668656,5073,668.664721311372,"logrmse"
2019-09-11,475,276.077573326065,2239,360.418566302814,"logrmse"
2019-09-11,414,276.136830990601,2580,331.091047392202,"logrmse"
2019-09-11,1053,275.516082668656,2767,390.657235732583,"logrmse"
2019-09-11,259,276.287403744751,2279,300.895493268819,"logrmse"
2019-09-11,525,276.029001469888,5945,732.727082493672,"logrmse"
2019-09-11,851,275.712312967612,1230,168.750415849463,"logrmse"
2019-09-11,280,276.267003565156,1116,148.935484355454,"logrmse"
2019-09-11,758,275.802656620102,5596,668.794874889422,"logrmse"
2019-09-11,409,276.141688176219,2484,298.556179031558,"logrmse"
2019-09-11,482,276.0707732662,1037,210.555858104864,"logrmse"
2019-09-11,30,276.509862846043,2276,345.573281009467,"logrmse"
2019-09-11,252,276.294203804616,1826,203.819133213394,"logrmse"
2019-09-11,262,276.28448943338,862,148.949481803567,"logrmse"
2019-09-11,174,276.369975900252,802,113.274943146746,"logrmse"
2019-09-11,378,276.171802727049,988,128.409139582447,"logrmse"
2019-09-11,148,276.395233265464,1339,161.589784292868,"logrmse"
2019-09-11,134,276.408833385194,1033,140.745302454945,"logrmse"
2019-09-11,240,276.305861050098,3613,432.900075424933,"logrmse"
2019-09-11,311,276.236889014326,4311,502.016216984745,"logrmse"
2019-09-11,328,276.220374583226,3827,480.568657531658,"logrmse"
2019-09-11,643,275.914371889309,3546,439.463798231613,"logrmse"
2019-09-11,62,276.478776858089,931,122.702010286474,"logrmse"
2019-09-11,155,276.3884332056,1137,146.814108483505,"logrmse"
2019-09-11,137,276.405919073823,1558,189.470953160361,"logrmse"
2019-09-11,333,276.215517397608,1880,217.076950904053,"logrmse"
2019-09-11,181,276.363175840387,743,96.984324223609,"logrmse"
2019-09-11,75,276.466148175483,673,106.543430647093,"logrmse"
2019-09-11,1433,275.146936561708,11649,1363.9322023011,"logrmse"
2019-09-11,395,276.155288295949,3287,386.695422220612,"logrmse"
2019-09-11,164,276.379690271488,907,120.630507091333,"logrmse"
2019-09-11,186,276.35831865477,1739,213.074033434049,"logrmse"
2019-09-11,286,276.261174942415,2380,268.890637559139,"logrmse"
2019-09-11,175,276.369004463129,1791,246.719025649289,"logrmse"
2019-09-11,145,276.398147576835,1590,191.561832627821,"logrmse"
2019-09-11,182,276.362204403264,1632,220.83544152695,"logrmse"
2019-09-11,240,276.305861050098,1706,209.556634524097,"logrmse"
2019-09-11,124,276.41854775643,3506,496.858917869141,"logrmse"
2019-09-11,449,276.102830691277,6923,817.285799464864,"logrmse"
2019-09-11,470,276.082430511683,4095,511.204338590319,"logrmse"
2019-09-11,1203,275.370367100124,3045,373.551475033404,"logrmse"
2019-09-11,86,276.455462367124,1307,213.11860278295,"logrmse"
2019-09-11,1010,275.557854464968,4442,513.322138824319,"logrmse"
2019-09-11,200,276.34471853504,972,117.942151438388,"logrmse"
2019-09-11,141,276.402033325329,1674,208.896390295347,"logrmse"
2019-09-11,606,275.95031506288,1213,149.61577533174,"logrmse"
2019-09-11,139,276.403976199576,1980,224.466602631789,"logrmse"
2019-09-11,168,276.375804522994,1602,186.861130052798,"logrmse"
2019-09-11,202,276.342775660793,1107,150.652948254683,"logrmse"
2019-09-11,105,276.437005061777,1445,188.71634560982,"logrmse"
2019-09-11,147,276.396204702588,617,98.7941120085684,"logrmse"
2019-09-11,299,276.248546259809,1214,156.620900950495,"logrmse"
2019-09-11,453,276.098944942783,7617,916.318789201831,"logrmse"
2019-09-11,350,276.199002966508,3708,592.191165891095,"logrmse"
2019-09-11,429,276.122259433748,4076,524.78048289279,"logrmse"
2019-09-11,4364,272.299654352596,10496,1308.40911469099,"logrmse"
2019-09-11,1388,275.190651232268,6003,818.379975796627,"logrmse"
2019-09-11,494,276.059116020718,1776,228.228988081478,"logrmse"
2019-09-11,253,276.293232367492,820,149.428745807185,"logrmse"
2019-09-11,184,276.360261529017,1213,175.543812518711,"logrmse"
2019-09-11,343,276.205803026373,2364,390.143605561204,"logrmse"
2019-09-11,191,276.353461469152,1786,260.215239242415,"logrmse"
2019-09-11,159,276.384547457105,1153,195.06768138216,"logrmse"
2019-09-11,117,276.425347816294,3281,446.780246749958,"logrmse"
2019-09-11,333,276.215517397608,4251,534.055466466559,"logrmse"
2019-09-11,162,276.381633145735,1359,182.042591565728,"logrmse"
2019-09-11,256,276.290318056121,1016,167.483031225536,"logrmse"
2019-09-11,2484,274.125956144862,22271,2469.20812579586,"logrmse"
2019-09-11,492,276.061058894965,5775,815.930525264971,"logrmse"
2019-09-11,148,276.395233265464,1669,213.948291625362,"logrmse"
2019-09-11,757,275.803628057225,4379,500.583070552948,"logrmse"
2019-09-11,168,276.375804522993,2653,334.445350398036,"logrmse"
2019-09-11,711,275.848314164908,3617,424.946323640487,"logrmse"
2019-09-11,452,276.099916379907,3636,482.197812688064,"logrmse"
2019-09-11,197,276.347632846411,2953,386.957119402645,"logrmse"
2019-09-11,922,275.64334093184,4086,468.412597944611,"logrmse"
2019-09-11,2505,274.105555965267,10119,1267.72078007364,"logrmse"
2019-09-11,2123,274.476644946462,10483,1207.20182931734,"logrmse"
2019-09-11,713,275.846371290661,168,42.3307239812129,"logrmse"
2019-09-11,59,276.48169116946,1434,206.261268734656,"logrmse"
2019-09-11,145,276.398147576835,763,134.600881412975,"logrmse"
2019-09-11,117,276.425347816294,1214,154.852965757387,"logrmse"
2019-09-11,248,276.29808955311,1105,159.902244737453,"logrmse"
2019-09-11,1170,275.402424525201,7896,919.379104548555,"logrmse"
2019-09-11,666,275.892028835468,4174,536.903275180683,"logrmse"
2019-09-11,220,276.325289792569,3641,490.148182606802,"logrmse"
2019-09-11,255,276.291289493245,1135,163.289167041341,"logrmse"
2019-09-11,383,276.166945541431,1490,206.565900598321,"logrmse"
2019-09-11,218,276.327232666816,2433,328.666647027169,"logrmse"
2019-09-11,413,276.137802427725,4816,596.068691934851,"logrmse"
2019-09-11,325,276.223288894597,5204,631.155891989479,"logrmse"
2019-09-11,1105,275.465567938231,7841,957.897139506906,"logrmse"
2019-09-11,112,276.430205001912,1778,261.760999876479,"logrmse"
2019-09-11,762,275.798770871607,7794,1056.59941076309,"logrmse"
2019-09-11,186,276.35831865477,2847,363.084024663397,"logrmse"
2019-09-11,129,276.413690570812,1489,206.103633027055,"logrmse"
2019-09-11,197,276.347632846411,1997,334.810744517358,"logrmse"
2019-09-11,200,276.34471853504,3107,459.900787517571,"logrmse"
2019-09-11,413,276.137802427725,2292,270.243937265969,"logrmse"
2019-09-11,205,276.339861349422,2093,251.344993290293,"logrmse"
2019-09-11,401,276.149459673207,6608,821.372205471998,"logrmse"
2019-09-11,298,276.249517696933,719,101.769008825307,"logrmse"
2019-09-11,328,276.220374583226,1900,238.446481152164,"logrmse"
2019-09-11,124,276.41854775643,1646,203.869984299324,"logrmse"
2019-09-11,107,276.43506218753,1686,200.762381706656,"logrmse"
2019-09-11,469,276.083401948806,2583,308.395448776164,"logrmse"
2019-09-11,89,276.452548055754,1230,173.802140951307,"logrmse"
2019-09-11,259,276.287403744751,1724,219.113175133279,"logrmse"
2019-09-11,177,276.367061588882,1507,186.79032533601,"logrmse"
2019-09-11,2368,274.238642851193,9601,1199.62651328982,"logrmse"
2019-09-11,745,275.815285302708,2062,288.888636706441,"logrmse"
2019-09-11,423,276.128088056489,4641,605.499935591662,"logrmse"
2019-09-11,452,276.099916379907,2820,352.162049123464,"logrmse"
2019-09-11,222,276.323346918322,3935,540.361485766291,"logrmse"
2019-09-11,88,276.453519492877,1032,147.29518705254,"logrmse"
2019-09-11,364,276.185402846779,3106,344.834565393306,"logrmse"
2019-09-11,231,276.31460398421,1820,280.0488023052,"logrmse"
2019-09-11,697,275.861914284638,1679,222.059560043195,"logrmse"
2019-09-11,161,276.382604582858,2557,307.787650007846,"logrmse"
2019-09-11,215,276.330146978187,3404,434.512626139664,"logrmse"
2019-09-11,240,276.305861050098,1963,302.278085573617,"logrmse"
2019-09-11,90,276.45157661863,1140,139.455598924921,"logrmse"
2019-09-11,946,275.620026440875,4880,642.712872005407,"logrmse"
2019-09-11,717,275.842485542167,2523,320.676192228293,"logrmse"
2019-09-11,687,275.871628655873,2116,284.550730357511,"logrmse"
2019-09-11,245,276.30100386448,563,105.380976038506,"logrmse"
2019-09-11,195,276.349575720658,2706,320.913738447668,"logrmse"
2019-09-11,170,276.373861648746,1769,225.71329822289,"logrmse"
2019-09-11,197,276.347632846411,658,97.4718810424265,"logrmse"
2019-09-11,171,276.372890211623,1137,153.591201261029,"logrmse"
2019-09-11,213,276.332089852434,1847,239.93132617902,"logrmse"
2019-09-11,200,276.34471853504,1290,180.863836617642,"logrmse"
2019-09-11,167,276.376775960117,1767,228.184537129468,"logrmse"
2019-09-11,170,276.373861648746,1189,168.609831646902,"logrmse"
2019-09-11,128,276.414662007935,2284,284.060128794011,"logrmse"
2019-09-11,305,276.242717637068,1070,140.806772937665,"logrmse"
2019-09-11,302,276.245631948438,5079,661.129959907344,"logrmse"
2019-09-11,208,276.336947038052,1387,183.190144347801,"logrmse"
2019-09-11,257,276.289346618998,2591,309.998489616103,"logrmse"
2019-09-11,386,276.164031230061,2218,299.694859240305,"logrmse"
2019-09-11,260,276.286432307627,2328,315.625742399694,"logrmse"
2019-09-11,180,276.364147277511,1076,122.932571204024,"logrmse"
2019-09-11,551,276.003744104675,4359,531.940956832628,"logrmse"
2019-09-11,407,276.143631050466,1208,145.021413560939,"logrmse"
2019-09-11,534,276.020258535776,2338,346.113868045232,"logrmse"
2019-09-11,733,275.82694254819,4427,600.197418751158,"logrmse"
2019-09-11,457,276.095059194289,2207,402.416836232953,"logrmse"
2019-09-11,212,276.333061289557,1335,249.200653450153,"logrmse"
2019-09-11,2252,274.351329557524,4068,507.654284500387,"logrmse"
2019-09-11,64,276.476833983842,3161,393.681909592551,"logrmse"
2019-09-11,140,276.403004762453,1376,173.717995834906,"logrmse"
2019-09-11,367,276.182488535408,1376,169.297868203016,"logrmse"
2019-09-11,63,276.477805420966,942,158.351705619923,"logrmse"
2019-09-11,455,276.097002068536,1828,277.86854646721,"logrmse"
2019-09-11,324,276.22426033172,3000,416.83624280898,"logrmse"
2019-09-11,502,276.051344523729,2595,324.933635345388,"logrmse"
2019-09-11,193,276.351518594905,1781,256.670449666043,"logrmse"
2019-09-11,263,276.283517996257,1762,276.01683687396,"logrmse"
2019-09-11,314,276.233974702956,1881,250.977180627811,"logrmse"
2019-09-11,663,275.894943146838,5287,593.627660950957,"logrmse"
2019-09-11,522,276.031915781258,2620,308.864976251359,"logrmse"
2019-09-11,951,275.615169255257,7196,812.303825793401,"logrmse"
2019-09-11,520,276.033858655505,3044,342.870861473481,"logrmse"
2019-09-11,831,275.731741710083,2847,345.285261830537,"logrmse"
2019-09-11,117,276.425347816294,1109,141.586636788612,"logrmse"
2019-09-11,271,276.275746499268,1866,379.699928523982,"logrmse"
2019-09-11,307,276.240774762821,1625,217.588531601153,"logrmse"
2019-09-11,138,276.4049476367,1537,177.683213338383,"logrmse"
2019-09-11,82,276.459348115618,380,76.9259024044417,"logrmse"
2019-09-11,1130,275.441282010143,3371,493.885026694125,"logrmse"
2019-09-11,414,276.136830990601,4150,472.518418716131,"logrmse"
2019-09-11,484,276.068830391953,2228,256.104892998001,"logrmse"
2019-09-11,592,275.96391518261,1706,201.765337603249,"logrmse"
2019-09-11,204,276.340832786546,3148,368.500159196299,"logrmse"
2019-09-11,217,276.32820410394,2179,258.138236869823,"logrmse"
2019-09-11,388,276.162088355813,1187,229.579640772081,"logrmse"
2019-09-11,387,276.163059792937,2483,319.481346232907,"logrmse"
2019-09-11,385,276.165002667184,2335,278.29739526766,"logrmse"
2019-09-11,185,276.359290091893,4418,619.952161825636,"logrmse"
2019-09-11,2727,273.88989692384,7079,789.019165448752,"logrmse"
2019-09-11,2086,274.512588120033,10192,1185.94635822564,"logrmse"
2019-09-11,547,276.00762985317,9917,1175.62763805168,"logrmse"
2019-09-11,1836,274.755447400919,21577,2418.01133739664,"logrmse"
2019-09-11,142,276.401061888206,2186,307.756557552486,"logrmse"
2019-09-11,636,275.921171949174,1901,266.741233671508,"logrmse"
2019-09-11,2070,274.52813111401,10053,1234.88577238753,"logrmse"
2019-09-11,104,276.4379764989,2465,327.193334336253,"logrmse"
2019-09-11,847,275.716198716106,3608,601.771302585292,"logrmse"
2019-09-11,357,276.192202906643,4040,512.24217838916,"logrmse"
2019-09-11,189,276.355404343399,2689,327.791508497381,"logrmse"
2019-09-11,381,276.168888415678,1435,187.072565089903,"logrmse"
2019-09-11,324,276.22426033172,3167,357.20384449375,"logrmse"
2019-09-11,0,276.539005959749,9313,1298.56385344535,"logrmse"
2019-09-11,1089,275.481110932208,5861,841.46712396441,"logrmse"
2019-09-11,76,276.46517673836,1528,239.269472074498,"logrmse"
2019-09-11,500,276.053287397976,7699,850.485208695042,"logrmse"
2019-09-11,4433,272.232625191071,7779,878.575089006593,"logrmse"
2019-09-11,339,276.209688774867,1967,259.150396157458,"logrmse"
2019-09-11,382,276.167916978555,2083,285.90455281375,"logrmse"
2019-09-11,444,276.107687876895,3341,440.762724899673,"logrmse"
2019-09-11,1481,275.100307579778,8239,934.60373003379,"logrmse"
2019-09-11,1411,275.168308178426,10706,1176.22143617147,"logrmse"
2019-09-11,188,276.356375780523,6803,850.380298615705,"logrmse"
2019-09-11,2549,274.062812731831,3780,480.70083715626,"logrmse"
2019-09-11,819,275.743398955565,6878,763.66254089094,"logrmse"
2019-09-11,766,275.794885123113,5564,686.962848682777,"logrmse"
2019-09-11,296,276.25146057118,3468,435.960258134732,"logrmse"
2019-09-11,289,276.258260631044,1643,219.349491974702,"logrmse"
2019-09-11,83,276.458376678495,2306,379.406165797127,"logrmse"
2019-09-11,205,276.339861349422,9160,1097.74845623281,"logrmse"
2019-09-11,519,276.034830092629,5693,687.169135750687,"logrmse"
2019-09-11,149,276.394261828341,1257,154.099152646962,"logrmse"
2019-09-11,414,276.136830990601,903,133.47977383516,"logrmse"
2019-09-11,259,276.287403744751,2635,343.505298981056,"logrmse"
2019-09-11,1296,275.280023447634,5839,671.090449305897,"logrmse"
2019-09-11,982,275.585054704427,5135,602.991388597026,"logrmse"
2019-09-11,487,276.065916080582,1777,264.443620578935,"logrmse"
2019-09-11,700,275.858999973267,4942,742.490525644254,"logrmse"
2019-09-11,174,276.369975900252,701,102.50351817369,"logrmse"
2019-09-11,88,276.453519492877,3195,376.798381769575,"logrmse"
2019-09-11,177,276.367061588882,762,87.3905310397005,"logrmse"
2019-09-11,213,276.332089852434,6194,740.148631845333,"logrmse"
2019-09-11,502,276.051344523729,2765,332.874617928372,"logrmse"
2019-09-11,1169,275.403395962324,5947,673.887214142919,"logrmse"
2019-09-11,605,275.951286500004,2284,295.529470483268,"logrmse"
2019-09-11,373,276.176659912667,6274,761.672410264037,"logrmse"
2019-09-11,1078,275.491796740567,6705,822.525151981861,"logrmse"
2019-09-11,2432,274.176470875286,7815,884.018244058038,"logrmse"
2019-09-11,192,276.352490032028,3120,461.162731510094,"logrmse"
2019-09-11,288,276.259232068168,2283,278.694923025879,"logrmse"
2019-09-11,662,275.895914583962,1884,254.273049299388,"logrmse"
2019-09-11,388,276.162088355813,5355,568.504738332515,"logrmse"
2019-09-11,562,275.993058296316,4210,470.793315393023,"logrmse"
2019-09-11,573,275.982372487957,2448,311.280656470024,"logrmse"
2019-09-11,454,276.097973505659,4732,565.25609620127,"logrmse"
2019-09-11,242,276.303918175851,2218,338.145103333734,"logrmse"
2019-09-11,237,276.308775361469,5424,623.022852008641,"logrmse"
2019-09-11,346,276.202888715002,519,114.689349864501,"logrmse"
2019-09-11,206,276.338889912299,758,83.0125987744166,"logrmse"
2019-09-11,257,276.289346618998,3124,433.610311032896,"logrmse"
2019-09-11,644,275.913400452186,1781,257.965869505399,"logrmse"
2019-09-11,186,276.35831865477,2067,359.584160807675,"logrmse"
2019-09-11,279,276.26797500228,2174,315.804609402892,"logrmse"
2019-09-11,122,276.420490630677,1285,193.015799111101,"logrmse"
2019-09-11,335,276.213574523361,1783,253.602763942751,"logrmse"
2019-09-11,405,276.145573924713,3052,368.414322611607,"logrmse"
2019-09-11,1013,275.554940153597,1811,239.357151404287,"logrmse"
2019-09-11,386,276.164031230061,2503,371.267422107353,"logrmse"
2019-09-11,123,276.419519193553,1597,215.019821715554,"logrmse"
2019-09-11,417,276.133916679231,2450,283.475512659568,"logrmse"
2019-09-11,483,276.069801829077,2984,386.728578353764,"logrmse"
2019-09-11,303,276.244660511315,3411,409.438165079691,"logrmse"
2019-09-11,113,276.429233564788,924,220.793460198255,"logrmse"
2019-09-11,283,276.264089253786,4483,583.573436292562,"logrmse"
2019-09-11,118,276.424376379171,4039,547.437847435971,"logrmse"
2019-09-11,260,276.286432307627,2940,334.11243797849,"logrmse"
2019-09-11,222,276.323346918322,1017,131.658733189173,"logrmse"
2019-09-11,126,276.416604882182,2715,336.699761842414,"logrmse"
2019-09-11,87,276.454490930001,1006,116.20094690834,"logrmse"
2019-09-11,215,276.330146978187,1018,132.491890487389,"logrmse"
2019-09-11,389,276.16111691869,1653,238.141858819693,"logrmse"
2019-09-11,932,275.633626560605,3031,438.259492945315,"logrmse"
2019-09-11,317,276.231060391585,1601,229.198490691636,"logrmse"
2019-09-11,287,276.260203505292,2408,327.340596404625,"logrmse"
2019-09-11,334,276.214545960485,2340,319.638824824592,"logrmse"
2019-09-11,625,275.931857757533,2393,326.022275504574,"logrmse"
2019-09-11,1173,275.39951021383,5801,648.057349358977,"logrmse"
2019-09-11,492,276.061058894965,3396,477.461862882731,"logrmse"
2019-09-11,716,275.84345697929,4100,513.955033261716,"logrmse"
2019-09-11,133,276.409804822318,1089,141.744769003714,"logrmse"
2019-09-11,135,276.40786194807,1017,133.057413188541,"logrmse"
2019-09-11,174,276.369975900252,1159,145.379634842732,"logrmse"
2019-09-11,175,276.369004463129,656,87.1724923841567,"logrmse"
2019-09-11,257,276.289346618998,1934,270.319510753843,"logrmse"
2019-09-11,178,276.366090151758,1623,235.861885107762,"logrmse"
2019-09-11,261,276.285460870504,1829,216.907460808446,"logrmse"
2019-09-11,341,276.20774590062,2466,319.617585870053,"logrmse"
2019-09-11,1156,275.41602464493,4376,568.68516966945,"logrmse"
2019-09-11,346,276.202888715002,2245,285.270931330334,"logrmse"
2019-09-11,325,276.223288894597,2489,403.358605683711,"logrmse"
2019-09-11,93,276.448662307259,904,115.682474491497,"logrmse"
2019-09-11,240,276.305861050098,1252,254.727144754776,"logrmse"
2019-09-11,628,275.928943446162,7456,1006.8581659915,"logrmse"
2019-09-11,794,275.767684883654,3668,493.260570696413,"logrmse"
2019-09-11,789,275.772542069272,7076,952.865919146226,"logrmse"
2019-09-11,409,276.141688176219,2759,362.754200777595,"logrmse"
2019-09-11,292,276.255346319674,4063,486.769227141345,"logrmse"
2019-09-11,422,276.129059493613,1678,212.954386897552,"logrmse"
2019-09-11,292,276.255346319674,2348,300.837498999845,"logrmse"
2019-09-11,680,275.878428715738,2210,275.434984640928,"logrmse"
2019-09-11,227,276.318489732704,1777,217.093179471622,"logrmse"
2019-09-11,109,276.433119313283,863,128.338651644598,"logrmse"
2019-09-11,191,276.353461469152,951,141.036228971652,"logrmse"
2019-09-11,195,276.349575720658,2417,281.718434097626,"logrmse"
2019-09-11,162,276.381633145735,807,124.101598323787,"logrmse"
2019-09-11,76,276.46517673836,906,136.21151672009,"logrmse"
2019-09-11,343,276.205803026373,3209,474.3486578929,"logrmse"
2019-09-11,579,275.976543865216,1890,246.471787297557,"logrmse"
2019-09-11,106,276.436033624653,2007,261.621408675901,"logrmse"
2019-09-11,173,276.370947337376,691,86.5233214876411,"logrmse"
2019-09-11,213,276.332089852434,1719,232.625643217265,"logrmse"
2019-09-11,181,276.363175840387,2363,267.800125816113,"logrmse"
2019-09-11,137,276.405919073823,716,101.494638866186,"logrmse"
2019-09-11,118,276.424376379171,965,118.515430641244,"logrmse"
2019-09-11,62,276.478776858089,588,81.1688230005937,"logrmse"
2019-09-11,112,276.430205001912,733,98.42079287856,"logrmse"
2019-09-11,150,276.393290391217,909,114.447111679468,"logrmse"
2019-09-11,490,276.063001769212,2074,270.394215978424,"logrmse"
2019-09-11,615,275.941572128769,3039,388.792579003964,"logrmse"
2019-09-11,225,276.320432606951,1233,159.52284684864,"logrmse"
2019-09-11,570,275.985286799328,2708,352.751202913256,"logrmse"
2019-09-11,525,276.029001469888,1697,206.29994393019,"logrmse"
2019-09-11,688,275.87065721875,2153,266.992113197924,"logrmse"
2019-09-11,463,276.089230571547,2024,235.860519591147,"logrmse"
2019-09-11,260,276.286432307627,1337,174.704808599308,"logrmse"
2019-09-11,233,276.312661109963,1200,157.908374850281,"logrmse"
2019-09-11,215,276.330146978187,1116,132.608717401045,"logrmse"
2019-09-11,255,276.291289493245,1229,150.215063906546,"logrmse"
2019-09-11,309,276.238831888574,1278,163.879073680451,"logrmse"
2019-09-11,105,276.437005061777,1620,211.481133521668,"logrmse"
2019-09-11,98,276.443805121642,881,110.548547335597,"logrmse"
2019-09-11,204,276.340832786546,1160,148.920619371185,"logrmse"
2019-09-11,65,276.475862546719,906,122.592632523748,"logrmse"
2019-09-11,165,276.378718834364,1385,160.181326473111,"logrmse"
2019-09-11,104,276.4379764989,906,113.355120173829,"logrmse"
2019-09-11,84,276.457405241371,966,119.610629862808,"logrmse"
2019-09-11,89,276.452548055754,611,76.3642126639186,"logrmse"
2019-09-11,222,276.323346918322,1370,162.757528962377,"logrmse"
2019-09-11,180,276.364147277511,1187,145.68796339517,"logrmse"
2019-09-11,228,276.317518295581,1191,162.875841967993,"logrmse"
2019-09-11,208,276.336947038052,1834,242.35518792213,"logrmse"
2019-09-11,468,276.08437338593,2437,366.181275275388,"logrmse"
2019-09-11,279,276.26797500228,4145,493.142478216182,"logrmse"
2019-09-11,229,276.316546858457,2256,275.991763912139,"logrmse"
2019-09-11,285,276.262146379539,3737,461.81966475702,"logrmse"
2019-09-11,404,276.146545361837,1966,301.288462708998,"logrmse"
2019-09-11,177,276.367061588882,3365,392.88103165796,"logrmse"
2019-09-11,194,276.350547157781,978,110.425059406944,"logrmse"
2019-09-11,916,275.649169554581,6855,766.356863955646,"logrmse"
2019-09-11,243,276.302946738728,1622,200.132394325351,"logrmse"
2019-09-11,218,276.327232666816,632,130.966165516032,"logrmse"
2019-09-11,247,276.299060990233,1720,212.948967718324,"logrmse"
2019-09-11,610,275.946429314386,4678,623.400227916648,"logrmse"
2019-09-11,147,276.396204702588,792,99.853400817267,"logrmse"
2019-09-11,231,276.31460398421,4245,472.331035776163,"logrmse"
2019-09-11,663,275.894943146838,4190,514.808066853464,"logrmse"
2019-09-11,832,275.730770272959,4104,536.156897031877,"logrmse"
2019-09-11,298,276.249517696933,1318,168.456428994024,"logrmse"
2019-09-11,319,276.229117517338,2221,284.796958680816,"logrmse"
2019-09-11,1281,275.294595004487,5846,695.062241437316,"logrmse"
2019-09-11,216,276.329175541063,3577,433.831304655467,"logrmse"
2019-09-11,373,276.176659912667,2297,286.04713672343,"logrmse"
2019-09-11,347,276.201917277879,1099,138.744728337041,"logrmse"
2019-09-11,262,276.28448943338,2451,272.897604500715,"logrmse"
2019-09-11,256,276.290318056121,1299,162.060272000133,"logrmse"
2019-09-11,228,276.317518295581,2651,333.458063303236,"logrmse"
2019-09-11,327,276.22134602035,1563,201.5833898019,"logrmse"
2019-09-11,357,276.192202906643,1356,174.727190428927,"logrmse"
2019-09-11,574,275.981401050834,1520,202.198838981129,"logrmse"
2019-09-11,420,276.13100236786,1904,267.959574041184,"logrmse"
2019-09-11,537,276.017344224405,974,147.111712073941,"logrmse"
2019-09-11,114,276.428262127665,2126,272.799107288467,"logrmse"
2019-09-11,1030,275.538425722497,3293,457.904255567772,"logrmse"
2019-09-11,199,276.345689972164,4788,554.798722833627,"logrmse"
2019-09-11,330,276.218431708979,2873,427.377899497055,"logrmse"
2019-09-11,199,276.345689972164,2367,312.924006010914,"logrmse"
2019-09-11,311,276.236889014326,2412,292.47899616469,"logrmse"
2019-09-11,268,276.278660810639,2132,290.771036248465,"logrmse"
2019-09-11,174,276.369975900252,1201,152.410611337257,"logrmse"
2019-09-11,1443,275.137222190473,3983,486.958549564724,"logrmse"
2019-09-11,1223,275.350938357653,3763,518.33201157419,"logrmse"
2019-09-11,107,276.43506218753,895,110.485737813957,"logrmse"
2019-09-11,64,276.476833983842,650,86.1616574591593,"logrmse"
2019-09-11,189,276.355404343399,3192,391.821779638172,"logrmse"
2019-09-11,806,275.756027638171,1959,317.377511297908,"logrmse"
2019-09-11,1025,275.543282908115,10557,1146.60325891794,"logrmse"
2019-09-11,75,276.466148175483,415,63.644035709769,"logrmse"
2019-09-11,280,276.267003565156,3858,456.077743448298,"logrmse"
2019-09-11,153,276.390376079847,1063,138.006482349493,"logrmse"
2019-09-11,101,276.440890810271,1691,208.607363733197,"logrmse"
2019-09-11,233,276.312661109963,1746,300.740743880153,"logrmse"
2019-09-11,156,276.387461768476,806,110.261399452547,"logrmse"
2019-09-11,163,276.380661708611,1864,223.457498173347,"logrmse"
2019-09-11,365,276.184431409655,3565,436.980262089759,"logrmse"
2019-09-11,112,276.430205001912,1922,237.883720165452,"logrmse"
2019-09-11,195,276.349575720658,1776,221.468183705698,"logrmse"
2019-09-11,252,276.294203804616,947,129.454913928936,"logrmse"
2019-09-11,644,275.913400452186,1624,205.91197805235,"logrmse"
2019-09-11,320,276.228146080215,3511,437.622615162612,"logrmse"
2019-09-11,671,275.88717164985,4404,519.619354143003,"logrmse"
2019-09-11,395,276.155288295949,2603,342.273777701796,"logrmse"
2019-09-11,164,276.379690271488,854,132.877073160406,"logrmse"
2019-09-11,928,275.637512309099,3102,383.889068906322,"logrmse"
2019-09-11,723,275.836656919426,2285,312.433910835685,"logrmse"
2019-09-11,153,276.390376079847,1947,266.266530229727,"logrmse"
2019-09-12,228,282.718014843125,1849,245.518842977754,"logrmse"
2019-09-12,0,282.939064774657,3635,558.87030553509,"logrmse"
2019-09-12,369,282.581312911783,1715,224.982500296714,"logrmse"
2019-09-12,360,282.590038566975,2171,289.341023268454,"logrmse"
2019-09-12,283,282.664691394729,1946,231.342239281102,"logrmse"
2019-09-12,169,282.775216360495,1589,181.281236134012,"logrmse"
2019-09-12,132,282.811088498507,1019,138.231992461278,"logrmse"
2019-09-12,212,282.733527119022,2456,316.901855242301,"logrmse"
2019-09-12,148,282.79557622261,1036,134.869415169718,"logrmse"
2019-09-12,210,282.735466153509,849,117.864740123904,"logrmse"
2019-09-12,196,282.749039394919,1115,148.988039631672,"logrmse"
2019-09-12,145,282.798484774341,1757,222.799696658006,"logrmse"
2019-09-12,161,282.782972498444,868,113.499214870036,"logrmse"
2019-09-12,78,282.863442429659,1077,151.728380978567,"logrmse"
2019-09-12,214,282.731588084535,1497,215.303731924575,"logrmse"
2019-09-12,211,282.734496636266,1330,197.157217362542,"logrmse"
2019-09-12,449,282.503751532298,5603,684.345154675491,"logrmse"
2019-09-12,109,282.833387395109,4272,600.706078471616,"logrmse"
2019-09-12,1168,281.806668634178,9082,1134.32546675191,"logrmse"
2019-09-12,279,282.668569463704,4291,574.255799391754,"logrmse"
2019-09-12,962,282.006389186351,3433,491.996785339768,"logrmse"
2019-09-12,211,282.734496636266,1238,166.748998530548,"logrmse"
2019-09-12,511,282.443641463197,4283,569.651593560425,"logrmse"
2019-09-12,256,282.690868360306,1582,231.914531105731,"logrmse"
2019-09-12,854,282.111097048656,6832,824.257185896206,"logrmse"
2019-09-12,197,282.748069877676,3289,445.869018136167,"logrmse"
2019-09-12,108,282.834356912353,2287,322.234638091443,"logrmse"
2019-09-12,129,282.813997050238,1410,166.474191495862,"logrmse"
2019-09-12,202,282.743222291458,1081,144.327126895578,"logrmse"
2019-09-12,165,282.77909442947,855,128.254218758633,"logrmse"
2019-09-12,326,282.623002153256,1655,218.899393533272,"logrmse"
2019-09-12,224,282.7218929121,1327,163.675504526127,"logrmse"
2019-09-12,261,282.686020774088,1432,189.632936190216,"logrmse"
2019-09-12,202,282.743222291458,2167,265.941146331338,"logrmse"
2019-09-12,495,282.459153739094,2568,314.956157691565,"logrmse"
2019-09-12,124,282.818844636456,1000,134.374377506599,"logrmse"
2019-09-12,187,282.757765050111,578,123.575371292843,"logrmse"
2019-09-12,767,282.195445048846,4716,614.226120454286,"logrmse"
2019-09-12,120,282.82272270543,2429,363.374963035608,"logrmse"
2019-09-12,998,281.971486565583,4831,617.07324415485,"logrmse"
2019-09-12,234,282.712197739664,763,94.638078963418,"logrmse"
2019-09-12,1986,281.013603528945,13353,1672.53791192185,"logrmse"
2019-09-12,190,282.754856498381,1266,184.865837182167,"logrmse"
2019-09-12,236,282.710258705177,1866,249.714894628069,"logrmse"
2019-09-12,174,282.770368774278,627,88.2754707417536,"logrmse"
2019-09-12,91,282.850838705493,919,120.430708326059,"logrmse"
2019-09-12,110,282.832417877866,1035,130.739276620983,"logrmse"
2019-09-12,147,282.796545739854,1093,171.104199850475,"logrmse"
2019-09-12,312,282.636575394666,2967,371.277012947631,"logrmse"
2019-09-12,324,282.624941187743,3894,453.959601917822,"logrmse"
2019-09-12,1222,281.754314703025,3587,407.839915572128,"logrmse"
2019-09-12,468,282.485330704671,3899,457.383819470199,"logrmse"
2019-09-12,525,282.430068221788,4116,559.696907265711,"logrmse"
2019-09-12,75,282.86635098139,1600,207.309943387805,"logrmse"
2019-09-12,120,282.82272270543,417,70.1194294258579,"logrmse"
2019-09-12,156,282.787820084662,626,97.207485523304,"logrmse"
2019-09-12,86,282.855686291711,416,79.2915163021572,"logrmse"
2019-09-12,284,282.663721877486,1818,240.41366155748,"logrmse"
2019-09-12,411,282.540593187554,1772,238.339644755331,"logrmse"
2019-09-12,230,282.716075808638,2436,301.947655509752,"logrmse"
2019-09-12,97,282.845021602032,1906,232.162119676741,"logrmse"
2019-09-12,110,282.832417877865,1240,153.921244674757,"logrmse"
2019-09-12,263,282.684081739601,1142,134.41003536022,"logrmse"
2019-09-12,258,282.688929325818,1362,160.09705483806,"logrmse"
2019-09-12,509,282.445580497685,4097,566.789500248498,"logrmse"
2019-09-12,409,282.542532222041,1759,263.416967728768,"logrmse"
2019-09-12,607,282.350567807816,3799,441.950169032856,"logrmse"
2019-09-12,13,282.926461050491,1611,205.459900975754,"logrmse"
2019-09-12,349,282.600703256654,2883,394.929532716846,"logrmse"
2019-09-12,312,282.636575394666,3871,517.610885806474,"logrmse"
2019-09-12,89,282.85277773998,3636,511.057875848548,"logrmse"
2019-09-12,650,282.308878566343,4183,506.79536263755,"logrmse"
2019-09-12,738,282.223561048909,1695,251.518716807954,"logrmse"
2019-09-12,358,282.591977601462,1904,284.098064224733,"logrmse"
2019-09-12,437,282.515385739221,3475,451.800344281531,"logrmse"
2019-09-12,234,282.712197739664,2905,371.632076180422,"logrmse"
2019-09-12,348,282.601672773898,3211,428.442040831839,"logrmse"
2019-09-12,166,282.778124912226,2190,312.857354157735,"logrmse"
2019-09-12,162,282.7820029812,1586,204.75674593011,"logrmse"
2019-09-12,135,282.808179946776,1708,211.311568693933,"logrmse"
2019-09-12,400,282.551257877233,1507,198.872252392391,"logrmse"
2019-09-12,165,282.77909442947,1275,151.955205113801,"logrmse"
2019-09-12,96,282.845991119275,851,109.765529616551,"logrmse"
2019-09-12,151,282.792667670879,879,114.620099522702,"logrmse"
2019-09-12,589,282.3680191182,2082,248.398155958179,"logrmse"
2019-09-12,185,282.759704084598,1101,131.063643968264,"logrmse"
2019-09-12,123,282.819814153699,1872,239.485488157904,"logrmse"
2019-09-12,228,282.718014843125,1920,238.504907024843,"logrmse"
2019-09-12,68,282.873137602095,351,68.042752089975,"logrmse"
2019-09-12,169,282.775216360495,1115,152.211597530817,"logrmse"
2019-09-12,287,282.660813325755,968,141.673551785418,"logrmse"
2019-09-12,120,282.82272270543,1155,141.303428803637,"logrmse"
2019-09-12,78,282.863442429659,896,123.854000005253,"logrmse"
2019-09-12,90,282.851808222737,830,98.341420971359,"logrmse"
2019-09-12,209,282.736435670753,1379,181.481412103732,"logrmse"
2019-09-12,73,282.868290015877,1896,239.667820941835,"logrmse"
2019-09-12,169,282.775216360495,965,129.095253987604,"logrmse"
2019-09-12,221,282.72480146383,1128,147.979903962692,"logrmse"
2019-09-12,267,282.680203670626,3049,348.541181733366,"logrmse"
2019-09-12,180,282.764551670816,617,89.0543310677873,"logrmse"
2019-09-12,119,282.823692222673,1145,141.127116339306,"logrmse"
2019-09-12,284,282.663721877486,1261,166.260980391339,"logrmse"
2019-09-12,101,282.841143533058,915,108.320575276846,"logrmse"
2019-09-12,213,282.732557601779,646,86.2304120839735,"logrmse"
2019-09-12,122,282.820783670943,727,95.6172504134456,"logrmse"
2019-09-12,71,282.870229050364,666,84.4059322809882,"logrmse"
2019-09-12,199,282.746130843189,415,59.5309443958583,"logrmse"
2019-09-12,118,282.824661739917,974,125.447121098933,"logrmse"
2019-09-12,106,282.83629594684,1221,148.996820467491,"logrmse"
2019-09-12,587,282.369958152687,627,100.322338030593,"logrmse"
2019-09-12,80,282.861503395172,1393,163.494931422889,"logrmse"
2019-09-12,469,282.484361187427,2397,307.204836406151,"logrmse"
2019-09-12,461,282.492117325376,3730,455.840213469675,"logrmse"
2019-09-12,991,281.978273186288,3587,418.491022799807,"logrmse"
2019-09-12,679,282.280762566279,2987,357.602780559378,"logrmse"
2019-09-12,425,282.527019946144,4735,536.222754843505,"logrmse"
2019-09-12,910,282.056804083017,3320,382.353125023463,"logrmse"
2019-09-12,100,282.842113050301,970,138.438608252456,"logrmse"
2019-09-12,93,282.848899671006,975,119.850835160513,"logrmse"
2019-09-12,119,282.823692222673,956,132.039916929167,"logrmse"
2019-09-12,142,282.801393326072,819,107.976411093479,"logrmse"
2019-09-12,83,282.858594843442,769,99.2467217070819,"logrmse"
2019-09-12,115,282.827570291648,1258,148.875612114658,"logrmse"
2019-09-12,237,282.709289187933,1009,130.615038736186,"logrmse"
2019-09-12,232,282.714136774151,784,95.7007324238759,"logrmse"
2019-09-12,76,282.865381464147,760,96.1091938016454,"logrmse"
2019-09-12,569,282.387409463071,1761,227.1605479049,"logrmse"
2019-09-12,324,282.624941187743,1768,233.000758099444,"logrmse"
2019-09-12,81,282.860533877929,2657,337.162828224449,"logrmse"
2019-09-12,40,282.900284084915,534,90.3570375834544,"logrmse"
2019-09-12,292,282.655965739537,4069,507.160993889922,"logrmse"
2019-09-12,273,282.674386567165,1956,262.67555013138,"logrmse"
2019-09-12,367,282.58325194627,2814,342.436103080187,"logrmse"
2019-09-12,361,282.589069049732,1273,179.451924991358,"logrmse"
2019-09-12,176,282.76842973979,1167,157.462824800732,"logrmse"
2019-09-12,150,282.793637188123,1205,162.129251344547,"logrmse"
2019-09-12,160,282.783942015687,6117,754.7221810354,"logrmse"
2019-09-12,318,282.630758291205,1869,263.763326227051,"logrmse"
2019-09-12,1157,281.817333323857,4869,602.834759720422,"logrmse"
2019-09-12,168,282.776185877739,4004,524.629967987011,"logrmse"
2019-09-12,265,282.682142705114,2741,352.554485527682,"logrmse"
2019-09-12,306,282.642392498127,2352,325.154760733215,"logrmse"
2019-09-12,1000,281.969547531096,8707,1130.20089831598,"logrmse"
2019-09-12,589,282.3680191182,2337,337.121718644407,"logrmse"
2019-09-12,477,282.476605049479,8528,1105.22301441744,"logrmse"
2019-09-12,132,282.811088498507,981,132.064929349077,"logrmse"
2019-09-12,177,282.767460222547,947,120.866937771926,"logrmse"
2019-09-12,233,282.713167256907,1985,262.210684191072,"logrmse"
2019-09-12,759,282.203201186794,5043,604.849824200103,"logrmse"
2019-09-12,391,282.559983532425,4202,468.901542558994,"logrmse"
2019-09-12,362,282.588099532488,1736,218.128334553315,"logrmse"
2019-09-12,148,282.79557622261,1815,243.639888576189,"logrmse"
2019-09-12,147,282.796545739854,1264,154.528873704461,"logrmse"
2019-09-12,104,282.838234981327,657,86.0130456229636,"logrmse"
2019-09-12,114,282.828539808891,1705,204.704509876123,"logrmse"
2019-09-12,184,282.760673601842,1310,170.818660902711,"logrmse"
2019-09-12,105,282.837265464083,1049,167.257823172404,"logrmse"
2019-09-12,165,282.77909442947,1077,169.217267389034,"logrmse"
2019-09-12,154,282.789759119149,1903,242.886719483563,"logrmse"
2019-09-12,722,282.239073324806,5941,753.474647025438,"logrmse"
2019-09-12,89,282.85277773998,2225,370.380778974069,"logrmse"
2019-09-12,693,282.267189324869,5902,736.324458238193,"logrmse"
2019-09-12,336,282.613306980821,2570,311.072764498577,"logrmse"
2019-09-12,540,282.415525463134,3594,404.940998869084,"logrmse"
2019-09-12,206,282.739344222484,1420,171.329728976721,"logrmse"
2019-09-12,307,282.641422980884,1526,194.520357889556,"logrmse"
2019-09-12,319,282.629788773961,2460,307.15604453872,"logrmse"
2019-09-12,556,282.400013187237,9178,1194.33963359515,"logrmse"
2019-09-12,970,281.998633048403,5102,673.789296119566,"logrmse"
2019-09-12,350,282.599733739411,5744,818.43974626284,"logrmse"
2019-09-12,861,282.104310427951,4667,595.358812149043,"logrmse"
2019-09-12,602,282.355415394033,3167,411.42101486997,"logrmse"
2019-09-12,397,282.554166428963,6742,917.44695178362,"logrmse"
2019-09-12,89,282.85277773998,1911,321.364750089908,"logrmse"
2019-09-12,193,282.75194794665,1154,230.387486078101,"logrmse"
2019-09-12,0,282.939064774657,1510,259.466805688456,"logrmse"
2019-09-12,610,282.347659256085,1684,221.497887572445,"logrmse"
2019-09-12,569,282.387409463071,981,187.49127061294,"logrmse"
2019-09-12,572,282.38450091134,7132,1031.27458581539,"logrmse"
2019-09-12,466,282.487269739158,1476,192.857595431003,"logrmse"
2019-09-12,180,282.764551670816,9270,1144.0357439278,"logrmse"
2019-09-12,336,282.613306980821,1014,123.55122523,"logrmse"
2019-09-12,186,282.758734567355,1522,203.77493210116,"logrmse"
2019-09-12,3754,279.299497042329,19072,2315.18544251281,"logrmse"
2019-09-12,446,282.506660084029,2838,400.324040202342,"logrmse"
2019-09-12,172,282.772307808765,1910,226.862299241463,"logrmse"
2019-09-12,273,282.674386567165,2490,287.336855062281,"logrmse"
2019-09-12,173,282.771338291521,1196,148.936144692449,"logrmse"
2019-09-12,292,282.655965739537,5146,634.0388946532,"logrmse"
2019-09-12,364,282.586160498001,2390,325.646172365688,"logrmse"
2019-09-12,661,282.298213876663,565,84.7847859989406,"logrmse"
2019-09-12,60,282.880893740044,1041,156.732709437983,"logrmse"
2019-09-12,648,282.31081760083,4527,697.108218994096,"logrmse"
2019-09-12,490,282.464001325312,1965,323.891829040029,"logrmse"
2019-09-12,219,282.726740498317,2814,400.565651965575,"logrmse"
2019-09-12,942,282.025779531223,8512,1109.09221519703,"logrmse"
2019-09-12,4145,278.920415800096,6554,836.276492772461,"logrmse"
2019-09-12,255,282.691837877549,1485,202.180801203151,"logrmse"
2019-09-12,214,282.731588084535,3695,415.243282156558,"logrmse"
2019-09-12,183,282.761643119086,2137,270.84536687661,"logrmse"
2019-09-12,213,282.732557601779,1058,173.821420062717,"logrmse"
2019-09-12,297,282.65111815332,3299,448.170173782227,"logrmse"
2019-09-12,517,282.437824359736,4278,487.616279817746,"logrmse"
2019-09-12,477,282.476605049479,3415,377.295232662593,"logrmse"
2019-09-12,125,282.817875119212,1187,143.215375254739,"logrmse"
2019-09-12,64,282.877015671069,1000,133.783136394729,"logrmse"
2019-09-12,205,282.740313739727,1899,269.172674507421,"logrmse"
2019-09-12,439,282.513446704734,2496,382.575459625002,"logrmse"
2019-09-12,461,282.492117325376,1792,234.029683580484,"logrmse"
2019-09-12,364,282.586160498001,690,89.5342340076242,"logrmse"
2019-09-12,104,282.838234981327,1383,163.958121831965,"logrmse"
2019-09-12,1127,281.846418841164,5125,616.82363473929,"logrmse"
2019-09-12,244,282.702502567228,2085,243.688465517457,"logrmse"
2019-09-12,77,282.864411946903,606,86.6388849082337,"logrmse"
2019-09-12,112,282.830478843378,518,72.3823186297815,"logrmse"
2019-09-12,625,282.333116497431,4454,562.524806667771,"logrmse"
2019-09-12,548,282.407769325186,3315,413.426688737557,"logrmse"
2019-09-12,405,282.546410291015,10867,1202.76100398635,"logrmse"
2019-09-12,96,282.845991119275,1439,190.652937961443,"logrmse"
2019-09-12,279,282.668569463704,1532,196.430843164814,"logrmse"
2019-09-12,376,282.574526291078,1570,204.051381148705,"logrmse"
2019-09-12,172,282.772307808765,1264,217.674931670879,"logrmse"
2019-09-12,168,282.776185877739,2207,289.858970705632,"logrmse"
2019-09-12,21,282.918704912542,5630,820.058685500117,"logrmse"
2019-09-12,188,282.756795532868,3229,394.486860619399,"logrmse"
2019-09-12,127,282.815936084725,492,117.983626243633,"logrmse"
2019-09-12,1010,281.95985235866,3913,434.840787617043,"logrmse"
2019-09-12,319,282.629788773961,1177,171.852584772636,"logrmse"
2019-09-12,57,282.883802291774,1112,129.520643235804,"logrmse"
2019-09-12,356,282.593916635949,2611,331.910057186797,"logrmse"
2019-09-12,1022,281.948218151738,4022,498.09266310209,"logrmse"
2019-09-12,221,282.72480146383,1625,214.406905104386,"logrmse"
2019-09-12,408,282.543501739284,2159,262.435382375394,"logrmse"
2019-09-12,220,282.725770981074,9495,1083.53560122383,"logrmse"
2019-09-12,91,282.850838705493,963,150.521382256331,"logrmse"
2019-09-12,114,282.828539808891,1817,264.71296565827,"logrmse"
2019-09-12,669,282.290457738715,5288,657.393704980843,"logrmse"
2019-09-12,246,282.700563532741,3555,498.441124929402,"logrmse"
2019-09-12,254,282.692807394793,1330,192.034723617681,"logrmse"
2019-09-12,192,282.752917463893,1364,199.668699579429,"logrmse"
2019-09-12,192,282.752917463893,1235,187.412700345878,"logrmse"
2019-09-12,435,282.517324773708,2407,349.070749704041,"logrmse"
2019-09-12,263,282.684081739601,698,85.976895982036,"logrmse"
2019-09-12,99,282.843082567545,1019,130.114848872381,"logrmse"
2019-09-12,114,282.828539808891,1272,153.907128225995,"logrmse"
2019-09-12,1845,281.150305460287,4804,613.615178866929,"logrmse"
2019-09-12,405,282.546410291015,4025,532.117765647157,"logrmse"
2019-09-12,119,282.823692222673,1913,247.978623722995,"logrmse"
2019-09-12,335,282.614276498064,2123,304.495373930866,"logrmse"
2019-09-12,319,282.629788773961,1361,199.974724974099,"logrmse"
2019-09-12,135,282.808179946776,1010,148.963821182328,"logrmse"
2019-09-12,119,282.823692222673,1298,157.035013720503,"logrmse"
2019-09-12,202,282.743222291458,928,118.208433561814,"logrmse"
2019-09-12,123,282.819814153699,2699,364.569403000493,"logrmse"
2019-09-12,185,282.759704084598,1745,231.273598986848,"logrmse"
2019-09-12,892,282.074255393401,3823,486.184964216488,"logrmse"
2019-09-12,903,282.063590703722,5858,645.228741499338,"logrmse"
2019-09-12,604,282.353476359546,5978,659.119394449859,"logrmse"
2019-09-12,187,282.757765050111,1489,201.904098372781,"logrmse"
2019-09-12,272,282.675356084409,1868,227.012659093754,"logrmse"
2019-09-12,351,282.598764222167,1932,255.467971921857,"logrmse"
2019-09-12,552,282.403891256211,2094,264.837965688335,"logrmse"
2019-09-12,272,282.675356084409,1983,295.157191899066,"logrmse"
2019-09-12,433,282.519263808195,4066,600.605414264635,"logrmse"
2019-09-12,542,282.413586428647,2375,303.848257309757,"logrmse"
2019-09-12,228,282.718014843125,1117,158.68253084342,"logrmse"
2019-09-12,320,282.628819256718,3599,415.953370501769,"logrmse"
2019-09-12,387,282.563861601399,1820,205.550847527028,"logrmse"
2019-09-12,445,282.507629601273,2749,327.235398032503,"logrmse"
2019-09-12,505,282.449458566659,955,118.740474215565,"logrmse"
2019-09-12,130,282.813027532994,2127,235.10458797668,"logrmse"
2019-09-12,124,282.818844636456,2101,230.996790532174,"logrmse"
2019-09-12,410,282.541562704797,1916,232.924694084991,"logrmse"
2019-09-12,264,282.683112222357,1657,226.763575535936,"logrmse"
2019-09-12,455,282.497934428837,3014,313.626559829464,"logrmse"
2019-09-12,825,282.139213048719,2686,281.72006775984,"logrmse"
2019-09-12,628,282.330207945701,2778,302.554489780366,"logrmse"
2019-09-12,316,282.632697325692,2217,329.376251239044,"logrmse"
2019-09-12,764,282.198353600577,2477,266.879598325099,"logrmse"
2019-09-12,0,282.939064774657,3544,500.732310187419,"logrmse"
2019-09-12,466,282.487269739158,1676,241.041481910806,"logrmse"
2019-09-12,254,282.692807394793,2030,274.713476343614,"logrmse"
2019-09-12,377,282.573556773835,2914,369.033815524234,"logrmse"
2019-09-12,732,282.22937815237,2399,300.357245277904,"logrmse"
2019-09-12,295,282.653057187807,1807,231.83233062168,"logrmse"
2019-09-12,127,282.815936084725,1263,161.10188169951,"logrmse"
2019-09-12,258,282.688929325818,2212,274.898659927691,"logrmse"
2019-09-12,363,282.587130015244,1990,278.202405285881,"logrmse"
2019-09-12,246,282.700563532741,4334,540.865705541624,"logrmse"
2019-09-12,284,282.663721877486,3897,439.626698148706,"logrmse"
2019-09-12,620,282.337964083649,3530,487.240859312414,"logrmse"
2019-09-12,534,282.421342566596,2600,373.550057022026,"logrmse"
2019-09-12,433,282.519263808195,7689,951.666989956224,"logrmse"
2019-09-12,285,282.662752360242,2628,401.152785448846,"logrmse"
2019-09-12,252,282.69474642928,2953,341.70644971549,"logrmse"
2019-09-12,258,282.688929325818,2017,261.980661003319,"logrmse"
2019-09-12,295,282.653057187807,559,91.3735541533309,"logrmse"
2019-09-12,303,282.645301049858,928,122.599410843959,"logrmse"
2019-09-12,156,282.787820084662,1556,220.054078336911,"logrmse"
2019-09-12,560,282.396135118263,4834,618.706346169252,"logrmse"
2019-09-12,232,282.714136774151,3227,468.476561729907,"logrmse"
2019-09-12,554,282.401952221724,1984,246.669665437979,"logrmse"
2019-09-12,499,282.45527567012,7749,1051.28899018066,"logrmse"
2019-09-12,175,282.769399257034,3866,549.287716009825,"logrmse"
2019-09-12,437,282.515385739221,1640,272.066322069398,"logrmse"
2019-09-12,341,282.608459394603,3650,528.056326365786,"logrmse"
2019-09-12,333,282.616215532551,2498,335.169088506984,"logrmse"
2019-09-12,79,282.862472912416,678,96.9102652558237,"logrmse"
2019-09-12,446,282.506660084029,4542,610.771667941106,"logrmse"
2019-09-12,803,282.160542428078,2516,319.376050412886,"logrmse"
2019-09-12,1112,281.860961599817,5217,687.641966074519,"logrmse"
2019-09-12,486,282.467879394287,2329,372.578094316482,"logrmse"
2019-09-12,436,282.516355256465,2590,334.842589644766,"logrmse"
2019-09-12,1042,281.928827806867,2856,402.793378070479,"logrmse"
2019-09-12,256,282.690868360306,2337,308.376133875589,"logrmse"
2019-09-12,515,282.439763394223,6203,762.134628960278,"logrmse"
2019-09-12,882,282.083950565836,1254,172.731245233572,"logrmse"
2019-09-12,292,282.655965739537,1174,155.626291270488,"logrmse"
2019-09-12,769,282.193506014359,5670,681.223202605069,"logrmse"
2019-09-12,434,282.518294290952,2503,301.518061707655,"logrmse"
2019-09-12,491,282.463031808069,1088,218.994998975598,"logrmse"
2019-09-12,37,282.903192636645,2330,354.554874769829,"logrmse"
2019-09-12,271,282.676325601652,1931,214.89438751578,"logrmse"
2019-09-12,263,282.684081739601,863,151.525552676641,"logrmse"
2019-09-12,188,282.756795532868,838,118.429339452959,"logrmse"
2019-09-12,379,282.571617739348,1034,133.644513937935,"logrmse"
2019-09-12,142,282.801393326072,1382,166.625321123601,"logrmse"
2019-09-12,144,282.799454291584,1064,144.763798880056,"logrmse"
2019-09-12,253,282.693776912036,3773,450.715730401144,"logrmse"
2019-09-12,318,282.630758291205,4364,508.09892476125,"logrmse"
2019-09-12,344,282.605550842872,3923,493.796335052408,"logrmse"
2019-09-12,693,282.267189324869,3653,452.024165563201,"logrmse"
2019-09-12,88,282.853747257224,949,126.115447627182,"logrmse"
2019-09-12,148,282.79557622261,1086,142.251382947708,"logrmse"
2019-09-12,156,282.787820084662,1654,199.987404864587,"logrmse"
2019-09-12,323,282.625910704987,1833,213.086892587027,"logrmse"
2019-09-12,179,282.76552118806,709,93.3822666455603,"logrmse"
2019-09-12,91,282.850838705493,651,104.49997440697,"logrmse"
2019-09-12,1475,281.509026840405,11849,1389.07124309176,"logrmse"
2019-09-12,374,282.576465325565,3286,389.701726429375,"logrmse"
2019-09-12,202,282.743222291458,925,122.576260832725,"logrmse"
2019-09-12,186,282.758734567355,1690,209.103252045677,"logrmse"
2019-09-12,333,282.616215532551,2471,277.271415625305,"logrmse"
2019-09-12,191,282.753886981137,1830,252.126009314114,"logrmse"
2019-09-12,166,282.778124912226,1653,198.755222268248,"logrmse"
2019-09-12,181,282.763582153573,1719,230.22189471918,"logrmse"
2019-09-12,218,282.727710015561,1772,217.637322645882,"logrmse"
2019-09-12,144,282.799454291584,3595,508.586932310187,"logrmse"
2019-09-12,450,282.502782015055,7190,846.808256101773,"logrmse"
2019-09-12,460,282.493086842619,4209,527.009708924036,"logrmse"
2019-09-12,1266,281.711655944309,3196,390.09840985179,"logrmse"
2019-09-12,89,282.85277773998,1302,215.585545362155,"logrmse"
2019-09-12,1063,281.908467944752,4602,531.504111130532,"logrmse"
2019-09-12,189,282.755826015624,1061,127.65351188095,"logrmse"
2019-09-12,179,282.76552118806,1615,204.833355979772,"logrmse"
2019-09-12,639,282.319543256022,1253,154.26880248373,"logrmse"
2019-09-12,138,282.805271395046,2028,229.806130133675,"logrmse"
2019-09-12,188,282.756795532868,1697,196.159352529586,"logrmse"
2019-09-12,200,282.745161325945,1131,153.036306870657,"logrmse"
2019-09-12,118,282.824661739917,1522,195.801763773031,"logrmse"
2019-09-12,150,282.793637188123,604,98.4591458906844,"logrmse"
2019-09-12,329,282.620093601526,1283,163.201257039306,"logrmse"
2019-09-12,426,282.5260504289,7923,949.459274449441,"logrmse"
2019-09-12,385,282.565800635886,3742,601.871343555106,"logrmse"
2019-09-12,468,282.485330704671,4125,533.377963401077,"logrmse"
2019-09-12,4481,278.59465800626,10782,1340.23933458854,"logrmse"
2019-09-12,1444,281.539081874955,5958,820.54572767927,"logrmse"
2019-09-12,518,282.436854842493,1820,233.518574252884,"logrmse"
2019-09-12,278,282.669538980947,847,152.870600377189,"logrmse"
2019-09-12,176,282.76842973979,1297,184.577256468254,"logrmse"
2019-09-12,333,282.616215532551,2300,386.921253980141,"logrmse"
2019-09-12,195,282.750008912163,1706,253.513274985911,"logrmse"
2019-09-12,141,282.802362843315,1167,198.549380679225,"logrmse"
2019-09-12,99,282.843082567545,3392,460.495410954106,"logrmse"
2019-09-12,337,282.612337463577,4342,546.066169806248,"logrmse"
2019-09-12,179,282.76552118806,1397,187.059566048348,"logrmse"
2019-09-12,244,282.702502567228,1063,173.830565708913,"logrmse"
2019-09-12,2515,280.500728907101,22521,2500.73208113594,"logrmse"
2019-09-12,429,282.52314187717,5792,824.62108999607,"logrmse"
2019-09-12,155,282.788789601905,1724,220.87835086352,"logrmse"
2019-09-12,801,282.162481462565,4513,514.330799564981,"logrmse"
2019-09-12,171,282.773277326008,2736,343.945129775692,"logrmse"
2019-09-12,692,282.268158842113,3827,445.777152520238,"logrmse"
2019-09-12,496,282.458184221851,3697,491.088681431007,"logrmse"
2019-09-12,194,282.750978429406,2979,392.603038185131,"logrmse"
2019-09-12,989,281.980212220775,4159,476.578159286196,"logrmse"
2019-09-12,2568,280.449344493192,10274,1289.36722543078,"logrmse"
2019-09-12,2030,280.970944770228,10489,1212.59025842092,"logrmse"
2019-09-12,752,282.209987807499,171,43.1780104650925,"logrmse"
2019-09-12,70,282.871198567608,1461,210.621238827732,"logrmse"
2019-09-12,165,282.77909442947,794,138.56625670337,"logrmse"
2019-09-12,112,282.830478843378,1255,159.903627815084,"logrmse"
2019-09-12,258,282.688929325818,1115,162.39799046425,"logrmse"
2019-09-12,1183,281.792125875524,8010,933.41400515972,"logrmse"
2019-09-12,657,282.302091945638,4283,550.212409098773,"logrmse"
2019-09-12,232,282.714136774151,3766,504.624870062521,"logrmse"
2019-09-12,238,282.70831967069,1218,172.614451496572,"logrmse"
2019-09-12,403,282.548349325502,1528,211.741784072423,"logrmse"
2019-09-12,245,282.701533049985,2462,333.023203030738,"logrmse"
2019-09-12,421,282.530898015118,4653,583.33425439333,"logrmse"
2019-09-12,334,282.615246015308,5032,617.615516048783,"logrmse"
2019-09-12,1116,281.857083530843,8002,974.972440380336,"logrmse"
2019-09-12,130,282.813027532994,1840,270.367658839242,"logrmse"
2019-09-12,781,282.181871807436,7984,1081.19857229613,"logrmse"
2019-09-12,196,282.749039394919,2931,372.337543576938,"logrmse"
2019-09-12,130,282.813027532994,1497,208.718401795702,"logrmse"
2019-09-12,212,282.733527119022,2046,342.803679354775,"logrmse"
2019-09-12,219,282.726740498317,3202,474.283727211048,"logrmse"
2019-09-12,413,282.538654153066,2424,283.986490959046,"logrmse"
2019-09-12,216,282.729649050048,2257,268.246259860149,"logrmse"
2019-09-12,400,282.551257877233,6696,831.622985460757,"logrmse"
2019-09-12,310,282.638514429153,693,99.7315373829242,"logrmse"
2019-09-12,319,282.629788773961,1948,244.859507846966,"logrmse"
2019-09-12,123,282.819814153699,1717,211.876613933617,"logrmse"
2019-09-12,109,282.833387395109,1744,207.926929903328,"logrmse"
2019-09-12,498,282.456245187364,2603,311.382482119897,"logrmse"
2019-09-12,93,282.848899671006,1247,175.967032475822,"logrmse"
2019-09-12,266,282.68117318787,1670,214.239854432263,"logrmse"
2019-09-12,157,282.786850567418,1512,187.696050440316,"logrmse"
2019-09-12,2289,280.719839804146,9694,1216.67310459902,"logrmse"
2019-09-12,788,282.175085186731,2144,298.66158188952,"logrmse"
2019-09-12,488,282.465940359799,4854,627.425300150603,"logrmse"
2019-09-12,461,282.492117325376,2855,357.359624354962,"logrmse"
2019-09-12,229,282.717045325882,4076,556.428168301912,"logrmse"
2019-09-12,85,282.856655808954,1058,152.212016511871,"logrmse"
2019-09-12,377,282.573556773835,3276,362.865062528364,"logrmse"
2019-09-12,256,282.690868360306,1886,290.246234734576,"logrmse"
2019-09-12,693,282.267189324869,1713,227.347835485965,"logrmse"
2019-09-12,168,282.776185877739,2592,312.524083535342,"logrmse"
2019-09-12,224,282.7218929121,3474,443.163031608702,"logrmse"
2019-09-12,248,282.698624498254,2056,313.601967541666,"logrmse"
2019-09-12,95,282.846960636519,1129,138.066162797114,"logrmse"
2019-09-12,962,282.006389186351,4951,653.615218165167,"logrmse"
2019-09-12,672,282.287549186984,2487,319.575842066953,"logrmse"
2019-09-12,690,282.2700978766,2191,293.879355409375,"logrmse"
2019-09-12,276,282.671478015434,599,109.936488009619,"logrmse"
2019-09-12,205,282.740313739727,2774,328.284970640091,"logrmse"
2019-09-12,157,282.786850567418,1798,228.939505100897,"logrmse"
2019-09-12,190,282.754856498381,674,99.1020431334033,"logrmse"
2019-09-12,161,282.782972498444,1131,153.112173877729,"logrmse"
2019-09-12,233,282.713167256907,1761,233.120488777925,"logrmse"
2019-09-12,193,282.75194794665,1315,183.658117613354,"logrmse"
2019-09-12,178,282.766490705303,1808,232.668646686207,"logrmse"
2019-09-12,193,282.75194794665,1238,173.867542702645,"logrmse"
2019-09-12,149,282.794606705367,2269,284.377502258693,"logrmse"
2019-09-12,314,282.634636360179,1133,147.238870665136,"logrmse"
2019-09-12,332,282.617185049795,5044,661.764504275094,"logrmse"
2019-09-12,194,282.750978429406,1434,189.099063246307,"logrmse"
2019-09-12,253,282.693776912036,2686,320.689614419184,"logrmse"
2019-09-12,385,282.565800635886,2340,312.662414764053,"logrmse"
2019-09-12,283,282.664691394729,2398,326.040100631362,"logrmse"
2019-09-12,204,282.741283256971,1041,119.649915727843,"logrmse"
2019-09-12,590,282.367049600956,4381,538.79595400656,"logrmse"
2019-09-12,393,282.558044497938,1268,152.184428946052,"logrmse"
2019-09-12,538,282.417464497621,2442,359.230453512531,"logrmse"
2019-09-12,775,282.187688910897,4507,612.454461881244,"logrmse"
2019-09-12,512,282.442671945954,2333,419.014553642726,"logrmse"
2019-09-12,208,282.737405187997,1438,262.594664810193,"logrmse"
2019-09-12,2411,280.601558700431,4112,514.945814974643,"logrmse"
2019-09-12,70,282.871198567608,3357,415.6208393851,"logrmse"
2019-09-12,141,282.802362843315,1456,183.232573866956,"logrmse"
2019-09-12,403,282.548349325502,1421,175.028435328364,"logrmse"
2019-09-12,56,282.884771809018,981,164.21991384257,"logrmse"
2019-09-12,471,282.48242215294,1970,294.615532765033,"logrmse"
2019-09-12,341,282.608459394603,3172,436.30154153427,"logrmse"
2019-09-12,524,282.431037739031,2721,338.659589056544,"logrmse"
2019-09-12,237,282.709289187933,1857,265.386761308467,"logrmse"
2019-09-12,262,282.685051256844,1889,289.392982614754,"logrmse"
2019-09-12,287,282.660813325755,1843,249.688282236775,"logrmse"
2019-09-12,645,282.31372615256,5380,603.26138847654,"logrmse"
2019-09-12,529,282.426190152813,2624,310.209831123891,"logrmse"
2019-09-12,994,281.975364634557,7500,844.244465017088,"logrmse"
2019-09-12,505,282.449458566659,3056,345.332187236917,"logrmse"
2019-09-12,852,282.113036083143,2871,348.470827086771,"logrmse"
2019-09-12,120,282.82272270543,1168,147.949254665532,"logrmse"
2019-09-12,288,282.659843808512,1967,393.659759561651,"logrmse"
2019-09-12,279,282.668569463704,1756,232.984243548891,"logrmse"
2019-09-12,135,282.808179946776,1602,184.544522505326,"logrmse"
2019-09-12,106,282.83629594684,365,76.5302691820884,"logrmse"
2019-09-12,1150,281.824119944562,3424,502.904240830528,"logrmse"
2019-09-12,433,282.519263808195,4131,472.122178197796,"logrmse"
2019-09-12,450,282.502782015055,2262,259.874384023871,"logrmse"
2019-09-12,591,282.366080083713,1688,200.782880436134,"logrmse"
2019-09-12,210,282.735466153509,3172,373.755973737126,"logrmse"
2019-09-12,248,282.698624498254,2231,264.463770770617,"logrmse"
2019-09-12,405,282.546410291015,1271,240.69894616674,"logrmse"
2019-09-12,382,282.568709187617,2614,335.214588363668,"logrmse"
2019-09-12,393,282.558044497938,2440,290.751822584257,"logrmse"
2019-09-12,208,282.737405187997,4590,639.863670628103,"logrmse"
2019-09-12,2877,280.149763664932,7331,814.759864093578,"logrmse"
2019-09-12,2244,280.763468080106,10408,1211.54094595518,"logrmse"
2019-09-12,493,282.461092773582,9837,1175.68561867597,"logrmse"
2019-09-12,1778,281.215263115606,22200,2483.9431771167,"logrmse"
2019-09-12,153,282.790728636392,2210,311.107846786944,"logrmse"
2019-09-12,604,282.353476359546,2019,279.778768472954,"logrmse"
2019-09-12,2115,280.888535804525,10309,1263.22385148678,"logrmse"
2019-09-12,85,282.856655808954,2478,328.788929397036,"logrmse"
2019-09-12,859,282.106249462438,3499,597.889123711118,"logrmse"
2019-09-12,371,282.579373877296,4140,524.364238120707,"logrmse"
2019-09-12,203,282.742252774214,2756,335.133337915908,"logrmse"
2019-09-12,375,282.575495808322,1497,194.220573462105,"logrmse"
2019-09-12,305,282.643362015371,3309,371.859815233028,"logrmse"
2019-09-12,0,282.939064774657,9484,1324.955208202,"logrmse"
2019-09-12,1092,281.880351944688,6074,868.570081022255,"logrmse"
2019-09-12,63,282.877985188313,1571,244.384785333985,"logrmse"
2019-09-12,542,282.413586428647,7901,873.2135849688,"logrmse"
2019-09-12,4567,278.511279523314,8043,907.396431254409,"logrmse"
2019-09-12,355,282.594886153193,2057,268.287174448163,"logrmse"
2019-09-12,367,282.58325194627,2203,300.137462628336,"logrmse"
2019-09-12,490,282.464001325312,3407,450.353027803375,"logrmse"
2019-09-12,1475,281.509026840405,8590,971.896342267723,"logrmse"
2019-09-12,1509,281.476063254123,10955,1204.1955453068,"logrmse"
2019-09-12,180,282.764551670816,7075,882.014581039254,"logrmse"
2019-09-12,2549,280.46776532082,3771,484.764214296298,"logrmse"
2019-09-12,810,282.153755807373,7256,802.959668635321,"logrmse"
2019-09-12,783,282.179932772949,5746,708.026260540864,"logrmse"
2019-09-12,308,282.64045346364,3630,453.065667756626,"logrmse"
2019-09-12,339,282.61039842909,1696,227.11475324262,"logrmse"
2019-09-12,78,282.863442429659,2469,399.288394994342,"logrmse"
2019-09-12,220,282.725770981074,9432,1128.61993773647,"logrmse"
2019-09-12,483,282.470787946017,5793,701.606650986206,"logrmse"
2019-09-12,162,282.7820029812,1320,161.490474144109,"logrmse"
2019-09-12,416,282.535745601336,981,142.733099097569,"logrmse"
2019-09-12,324,282.624941187743,2732,355.641974117669,"logrmse"
2019-09-12,1248,281.729107254693,6076,699.469640699453,"logrmse"
2019-09-12,1051,281.920102151674,5412,631.491168175112,"logrmse"
2019-09-12,510,282.444610980441,1868,276.317678542438,"logrmse"
2019-09-12,687,282.273006428331,5025,758.882466958554,"logrmse"
2019-09-12,184,282.760673601842,712,105.114638521379,"logrmse"
2019-09-12,102,282.840174015814,3313,390.239420273528,"logrmse"
2019-09-12,187,282.757765050111,772,89.3637953837447,"logrmse"
2019-09-12,256,282.690868360306,6368,760.90094599959,"logrmse"
2019-09-12,529,282.426190152813,2905,346.098618583337,"logrmse"
2019-09-12,1220,281.756253737513,5962,678.658500138855,"logrmse"
2019-09-12,633,282.325360359483,2375,305.313903129689,"logrmse"
2019-09-12,390,282.560953049668,6338,775.508979892133,"logrmse"
2019-09-12,1092,281.880351944688,6897,845.981940230346,"logrmse"
2019-09-12,2469,280.545326700305,8082,914.117936791925,"logrmse"
2019-09-12,216,282.729649050048,3187,471.542274463351,"logrmse"
2019-09-12,271,282.676325601652,2246,277.125356677999,"logrmse"
2019-09-12,643,282.315665187047,1831,251.674129247612,"logrmse"
2019-09-12,391,282.559983532425,5466,579.747944870812,"logrmse"
2019-09-12,537,282.418434014865,4258,477.075796258666,"logrmse"
2019-09-12,631,282.32729939397,2452,313.353192852149,"logrmse"
2019-09-12,420,282.531867532362,4827,577.489275133374,"logrmse"
2019-09-12,259,282.687959808575,2257,346.810045268565,"logrmse"
2019-09-12,233,282.713167256907,5447,627.920520872922,"logrmse"
2019-09-12,376,282.574526291078,483,112.285747415347,"logrmse"
2019-09-12,217,282.728679532804,764,83.9986107198759,"logrmse"
2019-09-12,239,282.707350153446,3205,444.527949848073,"logrmse"
2019-09-12,660,282.299183393907,1896,272.236494710401,"logrmse"
2019-09-12,209,282.736435670753,2180,373.21732509721,"logrmse"
2019-09-12,295,282.653057187807,2246,326.290367549951,"logrmse"
2019-09-12,141,282.802362843315,1321,198.491638225825,"logrmse"
2019-09-12,323,282.625910704987,1763,254.800583509664,"logrmse"
2019-09-12,434,282.518294290952,3148,380.220568471447,"logrmse"
2019-09-12,1050,281.921071668918,1844,244.776561994053,"logrmse"
2019-09-12,429,282.52314187717,2557,379.750182011255,"logrmse"
2019-09-12,121,282.821753188186,1659,223.558301750983,"logrmse"
2019-09-12,424,282.527989463387,2559,295.557349458195,"logrmse"
2019-09-12,487,282.466909877043,3026,393.655710719978,"logrmse"
2019-09-12,278,282.669538980947,3475,417.629938368376,"logrmse"
2019-09-12,116,282.826600774404,961,227.059738868342,"logrmse"
2019-09-12,299,282.649179118832,4569,594.581053331834,"logrmse"
2019-09-12,128,282.814966567481,4142,559.712017310304,"logrmse"
2019-09-12,257,282.689898843062,2929,334.745907669111,"logrmse"
2019-09-12,246,282.700563532741,1022,132.81356331852,"logrmse"
2019-09-12,124,282.818844636456,2821,347.994825811798,"logrmse"
2019-09-12,105,282.837265464083,1057,121.219292367132,"logrmse"
2019-09-12,225,282.720923394856,1073,137.989669944775,"logrmse"
2019-09-12,376,282.574526291078,1668,241.316478629712,"logrmse"
2019-09-12,940,282.02771856571,3055,444.148679782976,"logrmse"
2019-09-12,337,282.612337463577,1629,233.546747701151,"logrmse"
2019-09-12,251,282.695715946523,2547,343.477101973449,"logrmse"
2019-09-12,351,282.598764222167,2453,333.644461134614,"logrmse"
2019-09-12,645,282.31372615256,2557,344.71520232717,"logrmse"
2019-09-12,1225,281.751406151295,5993,669.655769622703,"logrmse"
2019-09-12,511,282.443641463197,3422,485.909747820533,"logrmse"
2019-09-12,759,282.203201186794,4306,536.698381600713,"logrmse"
2019-09-12,127,282.815936084725,1066,140.272262438289,"logrmse"
2019-09-12,125,282.817875119212,1041,136.356002937909,"logrmse"
2019-09-12,167,282.777155394983,1137,143.919712070888,"logrmse"
2019-09-12,156,282.787820084662,646,86.7908581666498,"logrmse"
2019-09-12,233,282.713167256907,2066,283.993024739427,"logrmse"
2019-09-12,175,282.769399257034,1633,238.661374441674,"logrmse"
2019-09-12,307,282.641422980884,1849,219.384723698819,"logrmse"
2019-09-12,333,282.616215532551,2504,326.21287118044,"logrmse"
2019-09-12,1217,281.759162289243,4611,592.317310497398,"logrmse"
2019-09-12,338,282.611367946334,2192,282.364873958834,"logrmse"
2019-09-12,322,282.626880222231,2624,418.607830960068,"logrmse"
2019-09-12,104,282.838234981327,977,122.804240613128,"logrmse"
2019-09-12,254,282.692807394793,1325,266.099374376325,"logrmse"
2019-09-12,653,282.305970014612,7628,1029.38827448302,"logrmse"
2019-09-12,782,282.180902290192,3686,498.38235327807,"logrmse"
2019-09-12,733,282.228408635127,7278,977.739789886161,"logrmse"
2019-09-12,453,282.499873463324,2806,371.131098961419,"logrmse"
2019-09-12,286,282.661782842999,4200,502.691324948439,"logrmse"
2019-09-12,464,282.489208773645,1703,216.346687712826,"logrmse"
2019-09-12,300,282.648209601589,2391,306.645877087356,"logrmse"
2019-09-12,671,282.288518704228,2280,284.260564936127,"logrmse"
2019-09-12,254,282.692807394793,1812,220.980227100319,"logrmse"
2019-09-12,91,282.850838705493,916,134.415897262582,"logrmse"
2019-09-12,214,282.731588084535,986,145.722971404819,"logrmse"
2019-09-12,182,282.762612636329,2317,273.597379210917,"logrmse"
2019-09-12,152,282.791698153636,804,123.710167228259,"logrmse"
2019-09-12,66,282.875076636582,882,134.592349266068,"logrmse"
2019-09-12,366,282.584221463514,3234,480.127556940199,"logrmse"
2019-09-12,570,282.386439945827,1987,257.964368435409,"logrmse"
2019-09-12,111,282.831448360622,2018,263.871781118029,"logrmse"
2019-09-12,187,282.757765050111,734,90.8389771677388,"logrmse"
2019-09-12,243,282.703472084472,1682,230.461086452965,"logrmse"
2019-09-12,182,282.762612636329,2392,270.873508627815,"logrmse"
2019-09-12,157,282.786850567418,688,100.186412623159,"logrmse"
2019-09-12,99,282.843082567545,997,122.794901155465,"logrmse"
2019-09-12,80,282.861503395172,555,78.2433336908862,"logrmse"
2019-09-12,110,282.832417877865,707,95.9402916262997,"logrmse"
2019-09-12,136,282.807210429533,923,116.649949576302,"logrmse"
2019-09-12,479,282.474666014991,2030,267.008163528503,"logrmse"
2019-09-12,678,282.281732083523,3074,395.592271568485,"logrmse"
2019-09-12,218,282.727710015561,1307,168.019063047183,"logrmse"
2019-09-12,612,282.345720221598,2916,374.480305142645,"logrmse"
2019-09-12,534,282.421342566596,1680,206.125497031448,"logrmse"
2019-09-12,675,282.284640635253,2247,278.374284910023,"logrmse"
2019-09-12,470,282.483391670183,2095,244.416017989215,"logrmse"
2019-09-12,240,282.706380636203,1415,181.827912584636,"logrmse"
2019-09-12,227,282.718984360369,1184,156.723323546584,"logrmse"
2019-09-12,204,282.741283256971,1090,130.058834735554,"logrmse"
2019-09-12,266,282.68117318787,1260,153.819760314721,"logrmse"
2019-09-12,327,282.622032636013,1318,167.040823146509,"logrmse"
2019-09-12,94,282.847930153762,1554,206.39205070406,"logrmse"
2019-09-12,83,282.858594843442,917,114.623546148363,"logrmse"
2019-09-12,214,282.731588084535,1182,151.249916926013,"logrmse"
2019-09-12,47,282.89349746421,938,125.818553375035,"logrmse"
2019-09-12,159,282.784911532931,1384,160.591807188549,"logrmse"
2019-09-12,121,282.821753188186,1003,122.249509253427,"logrmse"
2019-09-12,99,282.843082567545,1029,125.661198456058,"logrmse"
2019-09-12,105,282.837265464083,625,77.6971693983811,"logrmse"
2019-09-12,226,282.719953877612,1399,166.090489788346,"logrmse"
2019-09-12,185,282.759704084598,1261,153.798330091484,"logrmse"
2019-09-12,215,282.730618567292,1256,171.210841499157,"logrmse"
2019-09-12,206,282.739344222484,1906,251.382853413138,"logrmse"
2019-09-12,466,282.487269739158,2516,377.759666955443,"logrmse"
2019-09-12,301,282.647240084345,4250,505.550182449873,"logrmse"
2019-09-12,239,282.707350153446,2227,274.597696718227,"logrmse"
2019-09-12,344,282.605550842872,3729,463.429985667417,"logrmse"
2019-09-12,415,282.536715118579,2040,310.514877603645,"logrmse"
2019-09-12,190,282.754856498381,3499,407.886651524862,"logrmse"
2019-09-12,189,282.755826015624,977,110.286507695679,"logrmse"
2019-09-12,946,282.021901462248,7031,787.82463185247,"logrmse"
2019-09-12,229,282.717045325882,1647,203.012182342501,"logrmse"
2019-09-12,216,282.729649050048,616,131.019251581854,"logrmse"
2019-09-12,287,282.660813325755,1796,220.712350819196,"logrmse"
2019-09-12,624,282.334086014675,4799,640.76736409632,"logrmse"
2019-09-12,146,282.797515257097,836,104.380595772134,"logrmse"
2019-09-12,220,282.725770981074,4376,487.356722664333,"logrmse"
2019-09-12,680,282.279793049036,4321,530.40071789837,"logrmse"
2019-09-12,856,282.109158014169,4116,540.71649484054,"logrmse"
2019-09-12,304,282.644331532615,1410,178.893949664704,"logrmse"
2019-09-12,312,282.636575394666,2212,285.893460224186,"logrmse"
2019-09-12,1288,281.690326564951,6158,729.904076532223,"logrmse"
2019-09-12,240,282.706380636203,3652,442.357938690377,"logrmse"
2019-09-12,379,282.571617739348,2432,300.598133201395,"logrmse"
2019-09-12,411,282.540593187554,1145,144.186090067569,"logrmse"
2019-09-12,293,282.654996222294,2578,286.165440844055,"logrmse"
2019-09-12,293,282.654996222294,1291,161.856293130652,"logrmse"
2019-09-12,227,282.718984360369,2815,350.651371776947,"logrmse"
2019-09-12,278,282.669538980947,1525,198.73556754532,"logrmse"
2019-09-12,363,282.587130015244,1371,176.309423174301,"logrmse"
2019-09-12,587,282.369958152687,1521,203.302946306526,"logrmse"
2019-09-12,413,282.538654153066,1964,276.430228519642,"logrmse"
2019-09-12,538,282.417464497621,963,147.099655663268,"logrmse"
2019-09-12,113,282.829509326135,2147,275.38211609266,"logrmse"
2019-09-12,1033,281.937553462059,3319,463.590722657163,"logrmse"
2019-09-12,220,282.725770981074,4998,576.223896253039,"logrmse"
2019-09-12,330,282.619124084282,2893,433.039744561652,"logrmse"
2019-09-12,206,282.739344222484,2352,313.250606852476,"logrmse"
2019-09-12,302,282.646270567102,2429,295.723076470723,"logrmse"
2019-09-12,264,282.683112222357,2147,294.458785218401,"logrmse"
2019-09-12,179,282.76552118806,1227,154.94829567643,"logrmse"
2019-09-12,1491,281.493514564508,4096,500.456664618495,"logrmse"
2019-09-12,1259,281.718442565014,3914,537.170843784002,"logrmse"
2019-09-12,142,282.801393326072,944,114.553211618256,"logrmse"
2019-09-12,64,282.877015671069,683,90.2620472606554,"logrmse"
2019-09-12,205,282.740313739727,3240,397.507696270271,"logrmse"
2019-09-12,775,282.187688910897,2033,328.145304648677,"logrmse"
2019-09-12,1057,281.914285048213,10825,1176.45957696131,"logrmse"
2019-09-12,74,282.867320498634,389,61.3732616752919,"logrmse"
2019-09-12,275,282.672447532678,3895,460.724576124039,"logrmse"
2019-09-12,158,282.785881050175,1072,140.413848473187,"logrmse"
2019-09-12,91,282.850838705493,1730,214.619770505014,"logrmse"
2019-09-12,255,282.691837877549,1772,305.727320009101,"logrmse"
2019-09-12,162,282.7820029812,857,116.23385342318,"logrmse"
2019-09-12,176,282.76842973979,1960,233.614437958948,"logrmse"
2019-09-12,327,282.622032636013,3613,442.860913745329,"logrmse"
2019-09-12,108,282.834356912353,1863,232.794355404792,"logrmse"
2019-09-12,188,282.756795532868,1728,217.770043550583,"logrmse"
2019-09-12,230,282.716075808638,1023,137.579814485436,"logrmse"
2019-09-12,659,282.30015291115,1708,215.288302717413,"logrmse"
2019-09-12,341,282.608459394603,3558,445.404834185851,"logrmse"
2019-09-12,661,282.298213876663,4579,540.044092230051,"logrmse"
2019-09-12,436,282.516355256465,2710,355.149262275249,"logrmse"
2019-09-12,162,282.7820029812,858,135.141652201952,"logrmse"
2019-09-12,978,281.990876910454,3178,394.545562824811,"logrmse"
2019-09-12,730,282.231317186858,2366,321.506365633177,"logrmse"
2019-09-12,147,282.796545739854,1989,273.231207791938,"logrmse"
