"msa","lag","rho","error","index"
"Boston",35,0.000257250965823051,459.163788033854,"homo"
"Boston",35,4.99994604576742,6536.13990345547,"power"
"Boston",35,0.420616647370408,569.289254603138,"exp"
