"msa","lag","rho","error","index"
"Houston",28,0.00027637758693084,1408.58595811851,"homo"
"Houston",28,4.99994163423768,11282.6162202344,"power"
"Houston",28,0.424088886628839,1193.97814944471,"exp"
