"msa","lag","rho","error","index"
"Miami",22,0.000245285044536515,724.683108144719,"homo"
"Miami",22,4.9999310314802,9335.84031974474,"power"
"Miami",22,0.403005218693432,827.192794923357,"exp"
