"msa","lag","rho","error","index"
"New York",52,2.63698520528534e-05,626.975792314204,"homo"
"New York",52,4.99993431607465,8309.27342878176,"power"
"New York",52,0.360842971934823,712.865870640801,"exp"
